Player,Span,Start_ Year,End_Year,Career_Length,Mat,Inns,Overs,Mdns,Runs,Wkts,BBI,Ave,Econ,SR,4,5,Wickets_Per_Match,Economy_Score,Bowling_Impact_Score,Five_Wicket_Rate
SL Malinga (SL),2006-2019,2006,2019,13,79,79,284.5,1,2061,106,05-Jun,19.44,7.23,16.1,1,2,1.34,0.14,0.98,0.025
Shahid Afridi (ICC/PAK),2006-2018,2006,2018,12,99,97,361.2,4,2396,98,04-Nov,24.44,6.63,22.1,3,0,0.99,0.15,0.74,0.000
Shakib Al Hasan (BDESH),2006-2019,2006,2019,13,76,75,277.5,2,1894,92,May-20,20.58,6.81,18.1,3,1,1.21,0.15,0.89,0.013
Saeed Ajmal (PAK),2009-2015,2009,2015,6,64,63,238.2,2,1516,85,Apr-19,17.83,6.36,16.8,4,0,1.33,0.16,0.98,0.000
Umar Gul (PAK),2007-2016,2007,2016,9,60,60,200.3,2,1443,85,05-Jun,16.97,7.19,14.1,4,2,1.42,0.14,1.03,0.033
Rashid Khan (AFG/ICC),2015-2019,2015,2019,4,45,45,171,1,1052,84,05-Mar,12.52,6.15,12.2,3,2,1.87,0.16,1.36,0.044
GH Dockrell (IRE),2010-2019,2010,2019,9,73,69,221.2,1,1539,75,Apr-20,20.52,6.95,17.7,1,0,1.03,0.14,0.76,0.000
TG Southee (NZ),2008-2019,2008,2019,11,66,64,233.3,2,1954,75,May-18,26.05,8.36,18.6,0,1,1.14,0.12,0.83,0.015
Mohammad Nabi (AFG),2010-2019,2010,2019,9,75,75,256.4,5,1839,69,04-Oct,26.65,7.16,22.3,3,0,0.92,0.14,0.69,0.000
KMDN Kulasekara (SL),2008-2017,2008,2017,9,58,58,205.1,6,1530,66,Apr-31,23.18,7.45,18.6,2,0,1.14,0.13,0.84,0.000
BAW Mendis (SL),2008-2014,2008,2014,6,39,39,147.3,5,952,66,06-Aug,14.42,6.45,13.4,3,2,1.69,0.16,1.23,0.051
SCJ Broad (ENG),2006-2014,2006,2014,8,56,55,195.3,2,1491,65,Apr-24,22.93,7.62,18,1,0,1.16,0.13,0.85,0.000
Imran Tahir (SA/World),2013-2019,2013,2019,6,38,38,140.5,0,948,63,May-23,15.04,6.73,13.4,2,2,1.66,0.15,1.21,0.053
DW Steyn (SA),2007-2019,2007,2019,12,44,44,157.1,3,1068,61,04-Sep,17.5,6.79,15.4,2,0,1.39,0.15,1.01,0.000
Mohammad Amir (PAK),2009-2019,2009,2019,10,48,48,175.4,5,1224,59,Apr-13,20.74,6.96,17.8,1,0,1.23,0.14,0.90,0.000
NL McCullum (NZ),2007-2016,2007,2016,9,63,59,187.1,0,1278,58,Apr-16,22.03,6.82,19.3,2,0,0.92,0.15,0.69,0.000
KJ O'Brien (IRE),2008-2019,2008,2019,11,90,51,150.3,0,1134,58,Apr-45,19.55,7.53,15.5,1,0,0.64,0.13,0.49,0.000
S Badree (WI/World),2012-2018,2012,2018,6,52,52,191,4,1180,56,Apr-15,21.07,6.17,20.4,1,0,1.08,0.16,0.80,0.000
CJ Jordan (ENG),2014-2019,2014,2019,5,43,43,151.3,0,1300,54,04-Jun,24.07,8.58,16.8,2,0,1.26,0.12,0.91,0.000
Mohammad Hafeez (PAK),2006-2018,2006,2018,12,89,67,186.1,2,1226,54,04-Oct,22.7,6.58,20.6,1,0,0.61,0.15,0.47,0.000
Sohail Tanvir (PAK),2007-2017,2007,2017,10,57,57,202.2,3,1454,54,03-Dec,26.92,7.18,22.4,0,0,0.95,0.14,0.70,0.000
RE van der Merwe (NL/SA),2009-2019,2009,2019,10,43,42,149.1,1,938,54,Apr-35,17.37,6.28,16.5,1,0,1.26,0.16,0.93,0.000
WB Rankin (ENG/IRE),2009-2019,2009,2019,10,48,47,170,2,1138,53,Mar-16,21.47,6.69,19.2,0,0,1.10,0.15,0.82,0.000
PM Seelaar (NL),2008-2019,2008,2019,11,69,58,172.3,3,1190,53,Apr-19,22.45,6.89,19.5,1,0,0.77,0.15,0.58,0.000
R Ashwin (INDIA),2010-2017,2010,2017,7,46,46,171,2,1193,52,04-Aug,22.94,6.97,19.7,2,0,1.13,0.14,0.83,0.000
DJ Bravo (WI),2006-2016,2006,2016,10,66,56,173.4,0,1470,52,Apr-28,28.26,8.46,20,2,0,0.79,0.12,0.59,0.000
YS Chahal (INDIA),2016-2019,2016,2019,3,36,36,140.3,1,1139,52,Jun-25,21.9,8.1,16.2,2,1,1.44,0.12,1.05,0.028
Mustafizur Rahman (BDESH),2015-2019,2015,2019,4,37,37,135.1,3,1065,52,May-22,20.48,7.87,15.5,1,1,1.41,0.13,1.02,0.027
SP Narine (WI),2012-2019,2012,2019,7,51,49,183.4,1,1105,52,04-Dec,21.25,6.01,21.1,1,0,1.02,0.17,0.76,0.000
JJ Bumrah (INDIA),2016-2019,2016,2019,3,42,42,153.1,5,1029,51,03-Nov,20.17,6.71,18,0,0,1.21,0.15,0.89,0.000
NLTC Perera (ICC/SL/World),2010-2019,2010,2019,9,79,64,175.4,1,1628,51,Mar-24,31.92,9.26,20.6,0,0,0.65,0.11,0.48,0.000
GP Swann (ENG),2008-2012,2008,2012,4,39,38,135,4,859,51,Mar-13,16.84,6.36,15.8,0,0,1.31,0.16,0.96,0.000
MJ Santner (NZ),2015-2019,2015,2019,4,39,38,128.5,1,928,49,04-Nov,18.93,7.2,15.7,1,0,1.26,0.14,0.92,0.000
SM Sharif (SCOT),2012-2019,2012,2019,7,42,41,143.5,0,1185,49,Apr-24,24.18,8.23,17.6,1,0,1.17,0.12,0.85,0.000
SR Watson (AUS),2006-2016,2006,2016,10,58,49,155,2,1187,48,Apr-15,24.72,7.65,19.3,1,0,0.83,0.13,0.62,0.000
M Morkel (SA/World),2007-2017,2007,2017,10,44,44,158.4,3,1191,47,Apr-17,25.34,7.5,20.2,2,0,1.07,0.13,0.79,0.000
IS Sodhi (NZ),2014-2019,2014,2019,5,40,39,138.3,0,1131,47,Mar-18,24.06,8.16,17.6,0,0,1.18,0.12,0.86,0.000
PA van Meekeren (NL),2013-2019,2013,2019,6,41,39,136.1,2,945,47,04-Nov,20.1,6.94,17.3,2,0,1.15,0.14,0.85,0.000
Shadab Khan (PAK),2017-2019,2017,2019,2,38,36,135.3,1,948,46,Apr-14,20.6,6.99,17.6,1,0,1.21,0.14,0.89,0.000
Bilal Khan (OMAN),2015-2019,2015,2019,4,32,31,111,2,778,45,Apr-19,17.28,7,14.8,3,0,1.41,0.14,1.03,0.000
MRJ Watt (SCOT),2015-2019,2015,2019,4,35,33,125,2,903,45,May-27,20.06,7.22,16.6,0,1,1.29,0.14,0.94,0.029
Abdur Razzak (BDESH),2006-2014,2006,2014,8,34,33,121.4,4,838,44,Apr-16,19.04,6.88,16.5,1,0,1.29,0.15,0.95,0.000
Ahsan Malik (NL),2012-2017,2012,2017,5,31,29,95.5,1,730,44,May-19,16.59,7.61,13,1,1,1.42,0.13,1.03,0.032
DJG Sammy (WI/World),2007-2017,2007,2017,10,68,59,152.4,0,1116,44,May-26,25.36,7.31,20.8,1,1,0.65,0.14,0.49,0.015
Mudassar Bukhari (NL),2008-2016,2008,2016,8,38,35,117.2,4,780,43,04-Jul,18.13,6.64,16.3,3,0,1.13,0.15,0.84,0.000
KD Mills (NZ),2005-2014,2005,2014,9,42,42,149.3,1,1228,43,Mar-26,28.55,8.21,20.8,0,0,1.02,0.12,0.75,0.000
Imad Wasim (PAK),2015-2019,2015,2019,4,41,40,147,3,877,42,May-14,20.88,5.96,21,1,1,1.02,0.17,0.77,0.024
Mashrafe Mortaza (BDESH),2006-2017,2006,2017,11,54,53,189.5,1,1527,42,Apr-19,36.35,8.04,27.1,1,0,0.78,0.12,0.58,0.000
B Kumar (INDIA),2012-2019,2012,2019,7,43,43,154.2,2,1088,41,May-24,26.53,7.04,22.5,0,1,0.95,0.14,0.71,0.023
WD Parnell (SA),2009-2017,2009,2017,8,40,39,124.5,3,1038,41,Apr-13,25.31,8.31,18.2,1,0,1.03,0.12,0.75,0.000
KOK Williams (WI),2016-2019,2016,2019,3,24,24,86.5,2,724,41,Apr-28,17.65,8.33,12.7,1,0,1.71,0.12,1.23,0.000
Al-Amin Hossain (BDESH),2013-2019,2013,2019,6,28,26,91.2,0,673,40,Mar-20,16.82,7.36,13.7,0,0,1.43,0.14,1.04,0.000
Dawlat Zadran (AFG),2012-2019,2012,2019,7,34,34,123.3,2,980,40,Apr-44,24.5,7.93,18.5,1,0,1.18,0.13,0.86,0.000
T van der Gugten (NL),2012-2019,2012,2019,7,39,38,118.5,0,847,40,03-Sep,21.17,7.12,17.8,0,0,1.03,0.14,0.76,0.000
TA Boult (NZ),2013-2019,2013,2019,6,27,27,98.5,1,854,39,Apr-34,21.89,8.64,15.2,1,0,1.44,0.12,1.05,0.000
JW Dernbach (ENG),2011-2014,2011,2014,3,34,33,117,1,1020,39,Apr-22,26.15,8.71,18,1,0,1.15,0.11,0.84,0.000
AU Rashid (ENG),2009-2019,2009,2019,10,40,38,133,1,1000,39,03-Nov,25.64,7.51,20.4,0,0,0.98,0.13,0.72,0.000
Rohan Mustafa (UAE),2014-2019,2014,2019,5,38,36,113.5,2,774,39,Apr-18,19.84,6.79,17.5,1,0,1.03,0.15,0.76,0.000
MA Starc (AUS),2012-2019,2012,2019,7,28,28,106.3,1,718,39,03-Nov,18.41,6.74,16.3,0,0,1.39,0.15,1.02,0.000
MG Johnson (AUS),2007-2013,2007,2013,6,30,30,109.2,2,797,38,Mar-15,20.97,7.28,17.2,0,0,1.27,0.14,0.93,0.000
HH Pandya (INDIA),2016-2019,2016,2019,3,40,39,116.5,1,976,38,Apr-38,25.68,8.35,18.4,1,0,0.95,0.12,0.70,0.000
DL Vettori (NZ),2007-2014,2007,2014,7,34,34,131.1,1,748,38,Apr-20,19.68,5.7,20.7,1,0,1.12,0.18,0.83,0.000
J Botha (SA),2006-2012,2006,2012,6,40,39,129,1,823,37,Mar-16,22.24,6.37,20.9,0,0,0.93,0.16,0.69,0.000
Kuldeep Yadav (INDIA),2017-2019,2017,2019,2,19,19,71.3,1,499,37,May-24,13.48,6.97,11.5,1,1,1.95,0.14,1.41,0.053
AD Mathews (SL),2009-2018,2009,2018,9,72,57,161.3,4,1101,37,Mar-16,29.75,6.81,26.1,0,0,0.51,0.15,0.40,0.000
Mohammad Naveed (UAE),2015-2019,2015,2019,4,31,31,114.4,5,729,37,Mar-14,19.7,6.35,18.5,0,0,1.19,0.16,0.88,0.000
AJ Tye (AUS),2016-2018,2016,2018,2,26,25,91.5,1,815,37,Apr-23,22.02,8.87,14.8,1,0,1.42,0.11,1.03,0.000
AC Evans (SCOT),2015-2019,2015,2019,4,27,25,93,4,689,36,May-24,19.13,7.4,15.5,0,1,1.33,0.14,0.97,0.037
JP Faulkner (AUS),2012-2017,2012,2017,5,24,24,85.5,0,684,36,May-27,19,7.96,14.3,0,1,1.50,0.13,1.09,0.042
AG Cremer (ZIM),2008-2018,2008,2018,10,29,28,95,1,660,35,03-Nov,18.85,6.94,16.2,0,0,1.21,0.14,0.89,0.000
AR Cusack (IRE),2008-2015,2008,2015,7,37,33,101,3,714,35,04-Nov,20.4,7.06,17.3,3,0,0.95,0.14,0.70,0.000
Hasan Ali (PAK),2016-2019,2016,2019,3,30,30,103.3,3,877,35,Mar-23,25.05,8.47,17.7,0,0,1.17,0.12,0.85,0.000
RA Jadeja (INDIA),2009-2019,2009,2019,10,46,46,152.1,4,1093,35,Mar-48,31.22,7.18,26,0,0,0.76,0.14,0.57,0.000
SO Ngoche (KENYA),2010-2019,2010,2019,9,28,28,94,0,637,35,Apr-14,18.2,6.77,16.1,2,0,1.25,0.15,0.92,0.000
Shapoor Zadran (AFG),2010-2018,2010,2018,8,34,34,107.5,3,843,35,Mar-40,24.08,7.81,18.4,0,0,1.03,0.13,0.76,0.000
N Vanua (PNG),2015-2019,2015,2019,4,25,25,81.4,3,505,35,May-17,14.42,6.18,14,1,1,1.40,0.16,1.03,0.040
Aizaz Khan (HKG),2014-2019,2014,2019,5,30,30,99.2,2,692,34,03-Oct,20.35,6.96,17.5,0,0,1.13,0.14,0.84,0.000
NM Coulter-Nile (AUS),2013-2019,2013,2019,6,28,27,97,1,802,34,Apr-31,23.58,8.26,17.1,1,0,1.21,0.12,0.89,0.000
CH Morris (SA),2012-2019,2012,2019,7,23,23,83,3,697,34,Apr-27,20.5,8.39,14.6,1,0,1.48,0.12,1.07,0.000
A Nehra (INDIA),2009-2017,2009,2017,8,27,27,98,2,758,34,Mar-19,22.29,7.73,17.2,0,0,1.26,0.13,0.92,0.000
DJ Willey (ENG),2015-2019,2015,2019,4,28,28,92.5,0,761,34,04-Jul,22.38,8.19,16.3,1,0,1.21,0.12,0.89,0.000
Amjad Javed (UAE),2014-2017,2014,2017,3,22,22,74.2,1,560,33,03-Dec,16.96,7.53,13.5,0,0,1.50,0.13,1.09,0.000
Karan KC (NEPAL),2015-2019,2015,2019,4,25,25,82.3,0,631,33,Apr-17,19.12,7.64,15,2,0,1.32,0.13,0.96,0.000
JE Taylor (WI),2006-2018,2006,2018,12,30,30,100,2,863,33,03-Jun,26.15,8.63,18.1,0,0,1.10,0.12,0.80,0.000
PJ Cummins (AUS),2011-2019,2011,2019,8,25,25,95,3,644,32,Mar-15,20.12,6.77,17.8,0,0,1.28,0.15,0.94,0.000
Hamid Hassan (AFG),2010-2016,2010,2016,6,22,22,79.4,2,523,32,Apr-22,16.34,6.56,14.9,1,0,1.45,0.15,1.06,0.000
DT Johnston (IRE),2008-2013,2008,2013,5,30,28,99,5,636,32,Apr-22,19.87,6.42,18.5,1,0,1.07,0.16,0.79,0.000
SC Williams (ZIM),2006-2019,2006,2019,13,38,37,123,0,890,32,Mar-15,27.81,7.23,23,0,0,0.84,0.14,0.63,0.000
CR Brathwaite (WI),2011-2019,2011,2019,8,41,39,118.1,1,1013,31,Mar-20,32.67,8.57,22.8,0,0,0.76,0.12,0.56,0.000
Mahmudullah (BDESH),2007-2019,2007,2019,12,83,54,117.5,2,861,31,Mar-18,27.77,7.3,22.8,0,0,0.37,0.14,0.30,0.000
CB Mpofu (ZIM),2008-2019,2008,2019,11,30,30,107.5,0,950,31,Apr-30,30.64,8.8,20.8,1,0,1.03,0.11,0.76,0.000
SS Cottrell (WI),2014-2019,2014,2019,5,22,22,76,2,615,30,Apr-28,20.5,8.09,15.2,1,0,1.36,0.12,0.99,0.000
MJ McClenaghan (ICC/NZ),2012-2018,2012,2018,6,29,29,101.2,2,789,30,Mar-17,26.3,7.78,20.2,0,0,1.03,0.13,0.76,0.000
Wahab Riaz (PAK),2008-2019,2008,2019,11,31,30,101.3,2,813,30,Mar-18,27.1,8,20.3,0,0,0.97,0.13,0.71,0.000
Amir Hamza (AFG),2013-2017,2013,2017,4,31,31,106,2,716,29,Mar-39,24.68,6.75,21.9,0,0,0.94,0.15,0.70,0.000
Khawar Ali (OMAN),2015-2019,2015,2019,4,29,27,82,0,534,29,Apr-16,18.41,6.51,16.9,1,0,1.00,0.15,0.75,0.000
AL Phehlukwayo (SA),2017-2019,2017,2019,2,23,22,69.5,0,550,29,Apr-24,18.96,7.87,14.4,1,0,1.26,0.13,0.92,0.000
R Rampaul (WI),2007-2015,2007,2015,8,23,23,82.5,1,705,29,Mar-16,24.31,8.51,17.1,0,0,1.26,0.12,0.92,0.000
BD Glover (NL),2019-2019,2019,2019,0,19,19,65,0,448,28,04-Dec,16,6.89,13.9,2,0,1.47,0.15,1.08,0.000
RM Haq (SCOT),2007-2013,2007,2013,6,21,20,75,1,472,28,Mar-20,16.85,6.29,16,0,0,1.33,0.16,0.98,0.000
KM Jarvis (ZIM),2011-2019,2011,2019,8,22,22,74.4,0,665,28,Mar-15,23.75,8.9,16,0,0,1.27,0.11,0.92,0.000
S Lamichhane (ICC/NEPAL),2018-2019,2018,2019,1,18,18,64,0,439,28,Apr-20,15.67,6.85,13.7,1,0,1.56,0.15,1.13,0.000
B Lee (AUS),2005-2012,2005,2012,7,25,25,90.5,0,714,28,Mar-23,25.5,7.86,19.4,0,0,1.12,0.13,0.82,0.000
DP Nannes (AUS/NL),2009-2010,2009,2010,1,17,16,61,2,459,28,Apr-18,16.39,7.52,13,1,0,1.65,0.13,1.19,0.000
IK Pathan (INDIA),2006-2012,2006,2012,6,24,23,77,1,618,28,Mar-16,22.07,8.02,16.5,0,0,1.17,0.12,0.85,0.000
KA Pollard (WI),2008-2019,2008,2019,11,68,44,97,0,830,28,Mar-30,29.64,8.55,20.7,0,0,0.41,0.12,0.32,0.000
K Rabada (SA),2014-2019,2014,2019,5,21,21,77.2,0,648,28,Mar-30,23.14,8.37,16.5,0,0,1.33,0.12,0.97,0.000
Rubel Hossain (BDESH),2009-2018,2009,2018,9,27,26,94.3,0,879,28,Mar-31,31.39,9.3,20.2,0,0,1.04,0.11,0.76,0.000
Samiullah Shinwari (AFG),2010-2019,2010,2019,9,62,38,105.4,0,688,28,May-13,24.57,6.51,22.6,1,1,0.45,0.15,0.36,0.016
Shoaib Malik (ICC/PAK),2006-2019,2006,2019,13,111,46,90,0,644,28,02-Jul,23,7.15,19.2,0,0,0.25,0.14,0.22,0.000
SW Tait (AUS),2007-2016,2007,2016,9,21,21,79.4,2,589,28,Mar-13,21.03,7.39,17,0,0,1.33,0.14,0.97,0.000
Yuvraj Singh (INDIA),2007-2017,2007,2017,10,58,31,70.4,0,499,28,Mar-17,17.82,7.06,15.1,0,0,0.48,0.14,0.38,0.000
A Zampa (AUS),2016-2019,2016,2019,3,27,26,93,1,572,28,Mar-14,20.42,6.15,19.9,0,0,1.04,0.16,0.77,0.000
MR Adair (IRE),2019-2019,2019,2019,0,17,17,62.5,2,413,27,Apr-40,15.29,6.57,13.9,1,0,1.59,0.15,1.16,0.000
HS Baidwan (CAN),2008-2013,2008,2013,5,17,17,53.5,1,411,27,Apr-19,15.22,7.63,11.9,1,0,1.59,0.13,1.15,0.000
RD Berrington (SCOT),2008-2019,2008,2019,11,61,37,81.2,0,609,27,Mar-17,22.55,7.48,18,0,0,0.44,0.13,0.35,0.000
ST Finn (ENG),2011-2015,2011,2015,4,21,21,80,0,583,27,Mar-16,21.59,7.28,17.7,0,0,1.29,0.14,0.94,0.000
B Stanlake (AUS),2017-2019,2017,2019,2,19,19,70,2,544,27,04-Aug,20.14,7.77,15.5,1,0,1.42,0.13,1.03,0.000
KJ Abbott (SA),2013-2016,2013,2016,3,21,21,72.4,0,579,26,Mar-20,22.26,7.96,16.7,0,0,1.24,0.13,0.90,0.000
Iqbal Hussain (QAT),2019-2019,2019,2019,0,15,15,52.1,0,426,26,Apr-33,16.38,8.16,12,1,0,1.73,0.12,1.25,0.000
GJ Maxwell (AUS),2012-2019,2012,2019,7,61,40,94,0,704,26,03-Oct,27.07,7.48,21.6,0,0,0.43,0.13,0.34,0.000
JA Morkel (SA),2005-2015,2005,2015,10,50,46,107.5,2,864,26,03-Dec,33.23,8.01,24.8,0,0,0.52,0.12,0.40,0.000
Sompal Kami (NEPAL),2014-2019,2014,2019,5,28,28,90,1,644,26,Mar-23,24.76,7.15,20.7,0,0,0.93,0.14,0.69,0.000
MC Sorensen (IRE),2012-2016,2012,2016,4,26,22,65,2,471,26,Mar-17,18.11,7.24,15,0,0,1.00,0.14,0.74,0.000
P Utseya (ZIM),2006-2015,2006,2015,9,35,35,124.5,2,858,26,Mar-25,33,6.87,28.8,0,0,0.74,0.15,0.56,0.000
SE Bond (NZ),2005-2010,2005,2010,5,20,20,77.3,2,543,25,Mar-18,21.72,7,18.6,0,0,1.25,0.14,0.92,0.000
TL Chatara (ZIM),2010-2019,2010,2019,9,21,21,75,1,591,25,Mar-20,23.64,7.88,18,0,0,1.19,0.13,0.87,0.000
Harbhajan Singh (INDIA),2006-2016,2006,2016,10,28,27,102,5,633,25,04-Dec,25.32,6.2,24.4,1,0,0.89,0.16,0.67,0.000
AF Milne (NZ),2010-2018,2010,2018,8,21,21,72.5,1,541,25,Apr-37,21.64,7.42,17.4,1,0,1.19,0.13,0.87,0.000
Nadeem Ahmed (HKG),2014-2017,2014,2017,3,24,24,82.3,3,546,25,Apr-21,21.84,6.61,19.8,1,0,1.04,0.15,0.77,0.000
LE Plunkett (ENG),2006-2019,2006,2019,13,22,22,79.2,1,627,25,Mar-21,25.08,7.9,19,0,0,1.14,0.13,0.83,0.000
B Regmi (NEPAL),2014-2019,2014,2019,5,18,18,62.1,0,405,25,Apr-16,16.2,6.51,14.9,1,0,1.39,0.15,1.02,0.000
AD Russell (WI),2011-2018,2011,2018,7,47,40,99.1,0,908,25,02-Oct,36.32,9.15,23.8,0,0,0.53,0.11,0.41,0.000
SMSM Senanayake (SL),2012-2016,2012,2016,4,24,23,81,0,549,25,Apr-46,21.96,6.77,19.4,1,0,1.04,0.15,0.77,0.000
DG Blampied (JER),2019-2019,2019,2019,0,17,17,61.4,1,395,24,Apr-20,16.45,6.4,15.4,1,0,1.41,0.16,1.04,0.000
TT Bresnan (ENG),2006-2014,2006,2014,8,34,34,110.3,1,887,24,03-Oct,36.95,8.02,27.6,0,0,0.71,0.12,0.53,0.000
JH Davey (SCOT),2012-2019,2012,2019,7,21,20,74.4,0,610,24,Apr-34,25.41,8.16,18.6,1,0,1.14,0.12,0.84,0.000
Faheem Ashraf (PAK),2017-2019,2017,2019,2,27,26,74.3,1,557,24,03-May,23.2,7.47,18.6,0,0,0.89,0.13,0.66,0.000
Haseeb Amjad (HKG),2014-2016,2014,2016,2,18,18,61.2,3,453,24,Apr-16,18.87,7.38,15.3,1,0,1.33,0.14,0.97,0.000
Karim Janat (AFG),2016-2019,2016,2019,3,21,21,73,0,614,24,05-Nov,25.58,8.41,18.2,0,1,1.14,0.12,0.84,0.048
N Nipiko (VAN),2019-2019,2019,2019,0,14,13,39.2,0,311,24,May-19,12.95,7.9,9.8,2,1,1.71,0.13,1.24,0.071
KMA Paul (WI),2018-2019,2018,2019,1,18,18,65,0,540,24,May-15,22.5,8.3,16.2,0,1,1.33,0.12,0.97,0.056
RJ Peterson (SA),2006-2014,2006,2014,8,21,19,59.5,1,451,24,Mar-28,18.79,7.53,14.9,0,0,1.14,0.13,0.84,0.000
D Ravu (PNG),2019-2019,2019,2019,0,17,16,42.1,0,221,24,May-15,9.2,5.24,10.5,1,1,1.41,0.19,1.05,0.059
D Wiese (SA),2013-2016,2013,2016,3,20,20,65.2,0,497,24,May-23,20.7,7.6,16.3,0,1,1.20,0.13,0.88,0.050
IG Butler (NZ),2009-2013,2009,2013,4,19,18,59.4,1,481,23,Mar-19,20.91,8.06,15.5,0,0,1.21,0.12,0.88,0.000
CO Obuya (KENYA),2007-2019,2007,2019,12,35,18,52.2,0,334,23,Apr-27,14.52,6.38,13.6,1,0,0.66,0.16,0.51,0.000
RJ Sidebottom (ENG),2007-2010,2007,2010,3,18,18,61.1,0,437,23,Mar-16,19,7.14,15.9,0,0,1.28,0.14,0.94,0.000
I Udana (SL),2009-2019,2009,2019,10,27,26,85.1,1,725,23,03-Nov,31.52,8.51,22.2,0,0,0.85,0.12,0.63,0.000
CA Young (IRE),2015-2019,2015,2019,4,26,25,77,1,635,23,Apr-13,27.6,8.24,20,1,0,0.88,0.12,0.66,0.000
Aamir Kaleem (OMAN),2015-2019,2015,2019,4,25,20,54,0,388,22,May-15,17.63,7.18,14.7,2,1,0.88,0.14,0.66,0.040
A Dananjaya (SL),2012-2019,2012,2019,7,22,22,79.4,1,620,22,Mar-36,28.18,7.78,21.7,0,0,1.00,0.13,0.74,0.000
Mohammad Nadeem (OMAN),2015-2019,2015,2019,4,22,22,68,0,445,22,Apr-23,20.22,6.54,18.5,1,0,1.00,0.15,0.75,0.000
MN Samuels (WI),2007-2018,2007,2018,11,67,30,79.5,0,622,22,Mar-23,28.27,7.79,21.7,0,0,0.33,0.13,0.27,0.000
BM Scholtz (NAM),2019-2019,2019,2019,0,14,14,53,0,285,22,04-Dec,12.95,5.37,14.4,1,0,1.57,0.19,1.16,0.000
AC Botha (IRE),2008-2010,2008,2010,2,14,10,34,0,184,21,Mar-14,8.76,5.41,9.7,0,0,1.50,0.18,1.11,0.000
JP Duminy (SA),2007-2019,2007,2019,12,81,41,77.1,0,599,21,Mar-18,28.52,7.76,22,0,0,0.26,0.13,0.22,0.000
JN Frylinck (NAM),2019-2019,2019,2019,0,14,13,42.1,0,240,21,Apr-21,11.42,5.69,12,1,0,1.50,0.18,1.10,0.000
Mohammad Sami (PAK),2010-2016,2010,2016,6,13,13,46,0,387,21,Mar-16,18.42,8.41,13.1,0,0,1.62,0.12,1.17,0.000
Abdul Razzaq (PAK),2006-2013,2006,2013,7,32,22,56.3,2,395,20,Mar-13,19.75,6.99,16.9,0,0,0.63,0.14,0.48,0.000
Ahmed Raza (UAE),2014-2019,2014,2019,5,36,35,120.2,1,779,20,Feb-18,38.95,6.47,36.1,0,0,0.56,0.15,0.44,0.000
DAJ Bracewell (NZ),2011-2019,2011,2019,8,18,16,47.4,0,437,20,Mar-25,21.85,9.16,14.3,0,0,1.11,0.11,0.81,0.000
JEC Franklin (NZ),2006-2013,2006,2013,7,38,26,54.3,0,417,20,Apr-15,20.85,7.65,16.3,1,0,0.53,0.13,0.41,0.000
FJ Klaassen (NL),2018-2019,2018,2019,1,21,20,69.1,0,581,20,Mar-31,29.05,8.4,20.7,0,0,0.95,0.12,0.70,0.000
Mujeeb Ur Rahman (AFG),2018-2019,2018,2019,1,16,16,60,0,324,20,Apr-15,16.2,5.4,18,1,0,1.25,0.19,0.93,0.000
T Panyangara (ZIM),2013-2016,2013,2016,3,14,14,50.3,1,398,20,Apr-37,19.9,7.88,15.1,1,0,1.43,0.13,1.04,0.000
CW Perchard (JER),2019-2019,2019,2019,0,15,13,46.5,0,275,20,May-17,13.75,5.87,14,1,1,1.33,0.17,0.98,0.067
AM Phangiso (SA),2012-2018,2012,2018,6,16,16,57,0,443,20,Mar-25,22.15,7.77,17.1,0,0,1.25,0.13,0.91,0.000
A Vala (PNG),2015-2019,2015,2019,4,26,16,44.5,1,249,20,03-Jul,12.45,5.55,13.4,0,0,0.77,0.18,0.59,0.000
C Viljoen (NAM),2019-2019,2019,2019,0,12,12,37.1,0,236,20,05-Sep,11.8,6.34,11.1,1,1,1.67,0.16,1.21,0.083
Zahoor Khan (UAE),2017-2019,2017,2019,2,18,18,59.3,0,442,20,Feb-17,22.1,7.42,17.8,0,0,1.11,0.13,0.82,0.000
CJA Amini (PNG),2015-2019,2015,2019,4,23,21,63.1,0,367,19,Feb-13,19.31,5.81,19.9,0,0,0.83,0.17,0.63,0.000
Amjad Mahboob (SGP),2019-2019,2019,2019,0,11,11,37.4,1,317,19,Mar-20,16.68,8.41,11.8,0,0,1.73,0.12,1.24,0.000
NW Bracken (AUS),2006-2009,2006,2009,3,19,19,62.5,2,438,19,03-Nov,23.05,6.97,19.8,0,0,1.00,0.14,0.74,0.000
D Heyliger (CAN),2019-2019,2019,2019,0,11,11,42,0,306,19,Apr-16,16.1,7.28,13.2,2,0,1.73,0.14,1.25,0.000
DJ Hussey (AUS),2008-2012,2008,2012,4,39,25,60.1,1,392,19,Mar-25,20.63,6.51,19,0,0,0.49,0.15,0.39,0.000
ST Jayasuriya (SL),2006-2011,2006,2011,5,31,24,61.5,0,456,19,Mar-21,24,7.37,19.5,0,0,0.61,0.14,0.47,0.000
JDP Oram (NZ),2005-2012,2005,2012,7,36,32,91,0,793,19,Mar-33,41.73,8.71,28.7,0,0,0.53,0.11,0.40,0.000
N Pokana (PNG),2016-2019,2016,2019,3,19,18,56.5,2,328,19,Mar-21,17.26,5.77,17.9,0,0,1.00,0.17,0.75,0.000
Shoaib Akhtar (PAK),2006-2010,2006,2010,4,15,15,53,3,432,19,Mar-38,22.73,8.15,16.7,0,0,1.27,0.12,0.92,0.000
Tanwir Afzal (HKG),2014-2016,2014,2016,2,21,21,71,2,509,19,02-Aug,26.78,7.16,22.4,0,0,0.90,0.14,0.68,0.000
JM Anderson (ENG),2007-2009,2007,2009,2,19,19,70.2,1,552,18,Mar-23,30.66,7.84,23.4,0,0,0.95,0.13,0.70,0.000
SJ Benn (WI),2008-2016,2008,2016,8,24,24,84,3,606,18,04-Jun,33.66,7.21,28,1,0,0.75,0.14,0.57,0.000
PW Borren (NL),2008-2017,2008,2017,9,43,30,87.4,0,603,18,Feb-19,33.5,6.87,29.2,0,0,0.42,0.15,0.34,0.000
Fareed Ahmad (AFG),2016-2019,2016,2019,3,14,14,47.5,0,405,18,Mar-35,22.5,8.46,15.9,0,0,1.29,0.12,0.94,0.000
CRD Fernando (SL),2006-2016,2006,2016,10,18,18,63,3,464,18,Mar-19,25.77,7.36,21,0,0,1.00,0.14,0.74,0.000
Hamza Tahir (SCOT),2018-2019,2018,2019,1,11,11,43,1,352,18,Apr-30,19.55,8.18,14.3,1,0,1.64,0.12,1.18,0.000
BE Hendricks (SA),2014-2019,2014,2019,5,11,11,38.1,0,317,18,Apr-14,17.61,8.3,12.7,1,0,1.64,0.12,1.18,0.000
HMRKB Herath (SL),2011-2016,2011,2016,5,17,17,60.5,3,373,18,05-Mar,20.72,6.13,20.2,0,1,1.06,0.16,0.79,0.059
Izatullah Dawlatzai (AFG/GER),2012-2019,2012,2019,7,14,14,50.4,0,345,18,Mar-23,19.16,6.8,16.8,0,0,1.29,0.15,0.94,0.000
MA Leask (SCOT),2013-2019,2013,2019,6,31,22,59.3,0,499,18,Mar-20,27.72,8.38,19.8,0,0,0.58,0.12,0.44,0.000
Nouman Sarwar (QAT),2019-2019,2019,2019,0,14,13,34.5,1,267,18,Apr-14,14.83,7.66,11.6,1,0,1.29,0.13,0.94,0.000
K Santokie (WI),2011-2014,2011,2014,3,12,12,40.5,0,278,18,Apr-21,15.44,6.8,13.6,1,0,1.50,0.15,1.09,0.000
SB Styris (NZ),2005-2010,2005,2010,5,31,21,51.3,0,349,18,03-May,19.38,6.77,17.1,0,0,0.58,0.15,0.45,0.000
SR Thompson (IRE),2014-2019,2014,2019,5,41,30,79,0,670,18,Apr-18,37.22,8.48,26.3,1,0,0.44,0.12,0.34,0.000
LL Tsotsobe (SA),2009-2014,2009,2014,5,23,23,78,2,541,18,Mar-16,30.05,6.93,26,0,0,0.78,0.14,0.59,0.000
HA Varaiya (KENYA),2007-2013,2007,2013,6,25,24,77.2,2,461,18,02-Oct,25.61,5.96,25.7,0,0,0.72,0.17,0.55,0.000
LJ Wright (ENG),2007-2014,2007,2014,7,51,23,55,0,465,18,Feb-24,25.83,8.45,18.3,0,0,0.35,0.12,0.28,0.000
Zeeshan Maqsood (OMAN),2015-2019,2015,2019,4,29,19,62,0,416,18,04-Jul,23.11,6.7,20.6,1,0,0.62,0.15,0.48,0.000
AC Agar (AUS),2016-2019,2016,2019,3,21,21,67,1,464,17,Mar-27,27.29,6.92,23.6,0,0,0.81,0.14,0.61,0.000
DL Chahar (INDIA),2018-2019,2018,2019,1,10,10,35.5,1,251,17,06-Jul,14.76,7,12.6,0,1,1.70,0.14,1.23,0.100
AB Dinda (INDIA),2009-2012,2009,2012,3,9,9,30,1,245,17,Apr-19,14.41,8.16,10.5,1,0,1.89,0.12,1.36,0.000
CH Gayle (WI),2006-2019,2006,2019,13,58,23,53.1,0,377,17,Feb-15,22.17,7.09,18.7,0,0,0.29,0.14,0.25,0.000
Z Khan (INDIA),2006-2012,2006,2012,6,17,17,58.4,0,448,17,Apr-19,26.35,7.63,20.7,1,0,1.00,0.13,0.74,0.000
CK Langeveldt (SA),2005-2010,2005,2010,5,9,9,33,0,241,17,Apr-19,14.17,7.3,11.6,1,0,1.89,0.14,1.36,0.000
R McLaren (SA),2009-2014,2009,2014,5,12,12,43.5,0,332,17,May-19,19.52,7.57,15.4,0,1,1.42,0.13,1.03,0.083
EJB Miles (JER),2019-2019,2019,2019,0,14,14,40,0,266,17,03-Oct,15.64,6.65,14.1,0,0,1.21,0.15,0.90,0.000
KW Richardson (AUS),2014-2019,2014,2019,5,15,15,56,0,447,17,Mar-18,26.29,7.98,19.7,0,0,1.13,0.13,0.83,0.000
Saad Bin Zafar (CAN),2019-2019,2019,2019,0,11,11,43,2,285,17,03-Aug,16.76,6.62,15.1,0,0,1.55,0.15,1.13,0.000
SPD Smith (AUS),2010-2019,2010,2019,9,36,17,48.3,1,377,17,Mar-20,22.17,7.77,17.1,0,0,0.47,0.13,0.37,0.000
A Bohara (NEPAL),2019-2019,2019,2019,0,17,16,54,0,350,16,Apr-35,21.87,6.48,20.2,1,0,0.94,0.15,0.71,0.000
RS Bopara (ENG),2008-2014,2008,2014,6,38,21,53.4,1,387,16,04-Oct,24.18,7.21,20.1,1,0,0.42,0.14,0.34,0.000
PVD Chameera (SL),2015-2018,2015,2018,3,19,19,67.1,0,574,16,Mar-30,35.87,8.54,25.1,0,0,0.84,0.12,0.62,0.000
E Chigumbura (ZIM),2006-2019,2006,2019,13,54,21,46,0,427,16,Apr-31,26.68,9.28,17.2,1,0,0.30,0.11,0.24,0.000
PD Collingwood (ENG/World),2005-2017,2005,2017,12,36,20,39,0,347,16,Apr-22,21.68,8.89,14.6,1,0,0.44,0.11,0.34,0.000
TK Curran (ENG),2017-2019,2017,2019,2,15,15,48,1,418,16,Apr-36,26.12,8.7,18,1,0,1.07,0.11,0.78,0.000
GJ Delany (IRE),2019-2019,2019,2019,0,17,17,53,1,391,16,Feb-23,24.43,7.37,19.8,0,0,0.94,0.14,0.70,0.000
GD Drummond (SCOT),2008-2013,2008,2013,5,17,17,55,1,381,16,Mar-20,23.81,6.92,20.6,0,0,0.94,0.14,0.70,0.000
FH Edwards (WI),2007-2012,2007,2012,5,20,20,60,0,497,16,Mar-23,31.06,8.28,22.5,0,0,0.80,0.12,0.60,0.000
Gulbadin Naib (AFG),2012-2019,2012,2019,7,45,28,68,0,560,16,Feb-24,35,8.23,25.5,0,0,0.36,0.12,0.29,0.000
A Mishra (INDIA),2010-2017,2010,2017,7,10,10,38,1,240,16,Mar-24,15,6.31,14.2,0,0,1.60,0.16,1.17,0.000
Mohammad Irfan (PAK),2012-2019,2012,2019,7,22,22,75.3,0,562,16,Feb-18,35.12,7.44,28.3,0,0,0.73,0.13,0.55,0.000
NN Odhiambo (KENYA),2007-2013,2007,2013,6,24,21,56.1,1,468,16,May-20,29.25,8.33,21,0,1,0.67,0.12,0.50,0.042
JS Patel (NZ),2005-2008,2005,2008,3,11,10,33.1,1,269,16,Mar-20,16.81,8.11,12.4,0,0,1.45,0.12,1.06,0.000
Shafiul Islam (BDESH),2010-2019,2010,2019,9,17,17,56.4,1,459,16,Mar-36,28.68,8.1,21.2,0,0,0.94,0.12,0.70,0.000
JJ Smit (NAM),2019-2019,2019,2019,0,12,10,37.1,0,234,16,Mar-19,14.62,6.29,13.9,0,0,1.33,0.16,0.98,0.000
PR Stirling (IRE),2009-2019,2009,2019,10,72,33,78,1,600,16,Mar-21,37.5,7.69,29.2,0,0,0.22,0.13,0.19,0.000
Yasir Arafat (PAK),2007-2012,2007,2012,5,13,13,39.2,0,316,16,Mar-18,19.75,8.03,14.7,0,0,1.23,0.12,0.90,0.000
RG Aga (KENYA),2008-2013,2008,2013,5,20,19,48,1,306,15,Mar-24,20.4,6.37,19.2,0,0,0.75,0.16,0.57,0.000
MM Ali (ENG),2014-2018,2014,2018,4,25,22,60.2,0,519,15,Feb-21,34.6,8.6,24.1,0,0,0.60,0.12,0.45,0.000
PKD Chase (IRE),2018-2019,2018,2019,1,12,12,41.5,0,416,15,Apr-35,27.73,9.94,16.7,1,0,1.25,0.10,0.91,0.000
N Pradeep (SL),2016-2019,2016,2019,3,14,14,44.1,0,407,15,Apr-25,27.13,9.21,17.6,1,0,1.07,0.11,0.78,0.000
Janak Prakash (SGP),2019-2019,2019,2019,0,12,12,41.4,1,309,15,Mar-15,20.6,7.41,16.6,0,0,1.25,0.13,0.92,0.000
SM Pollock (SA),2005-2008,2005,2008,3,12,11,40.3,1,309,15,Mar-28,20.6,7.62,16.2,0,0,1.25,0.13,0.91,0.000
MJG Rippon (NL),2013-2018,2013,2018,5,18,17,50.4,2,310,15,03-Aug,20.66,6.11,20.2,0,0,0.83,0.16,0.63,0.000
Simi Singh (IRE),2018-2019,2018,2019,1,18,18,43.2,0,344,15,Mar-15,22.93,7.93,17.3,0,0,0.83,0.13,0.62,0.000
RP Singh (INDIA),2007-2009,2007,2009,2,10,9,33,0,225,15,Apr-13,15,6.81,13.2,1,0,1.50,0.15,1.09,0.000
Sultan Ahmed (UAE),2017-2019,2017,2019,2,17,17,55,3,365,15,Mar-33,24.33,6.63,22,0,0,0.88,0.15,0.66,0.000
Washington Sundar (INDIA),2017-2019,2017,2019,2,18,18,63,1,417,15,Mar-22,27.8,6.61,25.2,0,0,0.83,0.15,0.63,0.000
Ahmed Wardak (GER),2019-2019,2019,2019,0,9,8,27.5,0,170,14,Apr-20,12.14,6.1,11.9,1,0,1.56,0.16,1.14,0.000
CJ Anderson (NZ),2012-2018,2012,2018,6,31,21,60,0,495,14,Feb-17,35.35,8.25,25.7,0,0,0.45,0.12,0.35,0.000
CJ Chibhabha (ZIM),2006-2018,2006,2018,12,33,22,53.5,0,455,14,Mar-18,32.5,8.45,23,0,0,0.42,0.12,0.33,0.000
Ehsan Khan (HKG),2016-2019,2016,2019,3,15,15,54.4,0,325,14,Mar-32,23.21,5.94,23.4,0,0,0.93,0.17,0.70,0.000
GD Elliott (NZ/World),2009-2017,2009,2017,8,17,15,32,0,235,14,Apr-22,16.78,7.34,13.7,1,0,0.82,0.14,0.62,0.000
LH Ferguson (NZ),2017-2019,2017,2019,2,8,8,31,0,222,14,Mar-21,15.85,7.16,13.2,0,0,1.75,0.14,1.27,0.000
AW Hawkins-Kay (JER),2019-2019,2019,2019,0,16,15,36,0,266,14,Apr-14,19,7.38,15.4,1,0,0.88,0.14,0.65,0.000
Karim Sadiq (AFG),2010-2018,2010,2018,8,36,28,70,0,482,14,Mar-17,34.42,6.88,30,0,0,0.39,0.15,0.32,0.000
Mirwais Ashraf (AFG),2010-2016,2010,2016,6,25,22,65.2,1,444,14,02-Jun,31.71,6.79,28,0,0,0.56,0.15,0.44,0.000
E Otieno (KENYA),2012-2019,2012,2019,7,18,18,50.5,1,370,14,Mar-16,26.42,7.27,21.7,0,0,0.78,0.14,0.59,0.000
KH Pandya (INDIA),2018-2019,2018,2019,1,18,18,66.2,1,538,14,Apr-36,38.42,8.11,28.4,1,0,0.78,0.12,0.58,0.000
Sami Sohail (MWI),2019-2019,2019,2019,0,7,7,26,3,164,14,Apr-18,11.71,6.3,11.1,1,0,2.00,0.16,1.45,0.000
Shaheen Shah Afridi (PAK),2018-2019,2018,2019,1,10,10,38,0,288,14,Mar-20,20.57,7.57,16.2,0,0,1.40,0.13,1.02,0.000
CA Soper (PNG),2015-2019,2015,2019,4,13,12,33,0,153,14,Mar-13,10.92,4.63,14.1,0,0,1.08,0.22,0.82,0.000
MR Swart (NL),2012-2016,2012,2016,4,26,20,53,1,351,14,02-Aug,25.07,6.62,22.7,0,0,0.54,0.15,0.42,0.000
JD Unadkat (INDIA),2016-2018,2016,2018,2,10,10,34.4,0,301,14,Mar-38,21.5,8.68,14.8,0,0,1.40,0.12,1.01,0.000
KK Ahmed (INDIA),2018-2019,2018,2019,1,14,14,52,1,459,13,Feb-27,35.3,8.82,24,0,0,0.93,0.11,0.68,0.000
SR Clark (AUS),2006-2007,2006,2007,1,9,9,36,0,237,13,Apr-20,18.23,6.58,16.6,1,0,1.44,0.15,1.06,0.000
CJ Dala (SA),2018-2019,2018,2019,1,9,9,30,1,282,13,Mar-35,21.69,9.4,13.8,0,0,1.44,0.11,1.04,0.000
Fitri Sham (MAL),2019-2019,2019,2019,0,15,14,42.3,0,312,13,Mar-26,24,7.34,19.6,0,0,0.87,0.14,0.65,0.000
JO Holder (WI),2014-2019,2014,2019,5,17,17,62.1,0,524,13,Feb-23,40.3,8.42,28.6,0,0,0.76,0.12,0.57,0.000
JK Kamande (KENYA),2007-2010,2007,2010,3,12,10,34.2,1,212,13,Mar-28,16.3,6.17,15.8,0,0,1.08,0.16,0.81,0.000
AR McBrine (IRE),2014-2017,2014,2017,3,19,13,29,0,216,13,02-Jul,16.61,7.44,13.3,0,0,0.68,0.13,0.52,0.000
A Mansale (VAN),2019-2019,2019,2019,0,14,10,26,0,176,13,Mar-13,13.53,6.76,12,0,0,0.93,0.15,0.69,0.000
Mohammad Asif (PAK),2006-2010,2006,2010,4,11,11,42.5,1,343,13,Apr-18,26.38,8,19.7,1,0,1.18,0.13,0.86,0.000
Mohammad Shahzad (UAE),2015-2017,2015,2017,2,20,19,48.1,0,411,13,Mar-34,31.61,8.53,22.2,0,0,0.65,0.12,0.49,0.000
M Muralitharan (SL),2006-2010,2006,2010,4,12,12,47,0,297,13,Mar-29,22.84,6.31,21.6,0,0,1.08,0.16,0.81,0.000
TJ Murtagh (IRE),2012-2016,2012,2016,4,14,14,44.4,0,324,13,Mar-23,24.92,7.25,20.6,0,0,0.93,0.14,0.69,0.000
JDS Neesham (NZ),2012-2019,2012,2019,7,18,16,37.4,0,323,13,Mar-16,24.84,8.57,17.3,0,0,0.72,0.12,0.54,0.000
GH O'Brien (BMUDA),2008-2019,2008,2019,11,11,11,38.3,2,232,13,02-Nov,17.84,6.02,17.7,0,0,1.18,0.17,0.88,0.000
YK Pathan (INDIA),2007-2012,2007,2012,5,22,17,50.5,0,438,13,Feb-22,33.69,8.61,23.4,0,0,0.59,0.12,0.45,0.000
Pavandeep Singh (MAL),2019-2019,2019,2019,0,10,10,35.1,0,249,13,03-Dec,19.15,7.08,16.2,0,0,1.30,0.14,0.95,0.000
RW Price (ZIM),2008-2012,2008,2012,4,16,16,61.3,4,378,13,02-Jun,29.07,6.14,28.3,0,0,0.81,0.16,0.62,0.000
SK Raina (INDIA),2006-2018,2006,2018,12,78,27,58.1,0,442,13,02-Jun,34,7.59,26.8,0,0,0.17,0.13,0.16,0.000
PADLR Sandakan (SL),2017-2019,2017,2019,2,14,14,55,1,400,13,Apr-23,30.76,7.27,25.3,1,0,0.93,0.14,0.69,0.000
S Snater (NL),2018-2019,2018,2019,1,13,12,34.5,0,337,13,Mar-42,25.92,9.67,16,0,0,1.00,0.10,0.73,0.000
Tamoor Sajjad (QAT),2019-2019,2019,2019,0,12,12,43.2,1,309,13,03-Nov,23.76,7.13,20,0,0,1.08,0.14,0.80,0.000
RN ten Doeschate (NL),2008-2019,2008,2019,11,22,10,35,0,245,13,Mar-23,18.84,7,16.1,0,0,0.59,0.14,0.46,0.000
Usman Shinwari (PAK),2013-2019,2013,2019,6,16,16,51,0,424,13,Mar-31,32.61,8.31,23.5,0,0,0.81,0.12,0.60,0.000
Arafat Sunny (BDESH),2014-2016,2014,2016,2,10,10,31,0,230,12,Feb-17,19.16,7.41,15.5,0,0,1.20,0.13,0.88,0.000
Baljit Singh (ITA),2019-2019,2019,2019,0,8,7,23,0,127,12,Apr-20,10.58,5.52,11.5,1,0,1.50,0.18,1.10,0.000
TS Chisoro (ZIM),2015-2018,2015,2018,3,12,12,46,1,316,12,Mar-17,26.33,6.86,23,0,0,1.00,0.15,0.74,0.000
PWH de Silva (SL),2019-2019,2019,2019,0,8,8,25.4,0,204,12,Mar-21,17,7.94,12.8,0,0,1.50,0.13,1.09,0.000
GDR Eranga (CAN),2019-2019,2019,2019,0,9,9,31.5,1,204,12,Mar-19,17,6.4,15.9,0,0,1.33,0.16,0.98,0.000
MG Erasmus (NAM),2019-2019,2019,2019,0,16,10,32.1,0,171,12,03-Dec,14.25,5.31,16,0,0,0.75,0.19,0.58,0.000
Ibrahim Hassan (Mald),2019-2019,2019,2019,0,11,11,35.5,1,291,12,May-24,24.25,8.12,17.9,0,1,1.09,0.12,0.80,0.091
JH Kallis (SA),2005-2012,2005,2012,7,25,19,46,1,333,12,Apr-15,27.75,7.23,23,1,0,0.48,0.14,0.38,0.000
LC Le Tissier (GUE),2019-2019,2019,2019,0,9,9,35,0,207,12,Mar-17,17.25,5.91,17.5,0,0,1.33,0.17,0.98,0.000
N Madziva (ZIM),2015-2019,2015,2019,4,15,15,46.5,0,417,12,Apr-34,34.75,8.9,23.4,1,0,0.80,0.11,0.59,0.000
WP Masakadza (ZIM),2015-2019,2015,2019,4,12,12,40,1,312,12,Apr-28,26,7.8,20,1,0,1.00,0.13,0.74,0.000
AD Mascarenhas (ENG),2007-2009,2007,2009,2,14,14,42,0,309,12,Mar-18,25.75,7.35,21,0,0,0.86,0.14,0.64,0.000
BMAJ Mendis (SL),2011-2018,2011,2018,7,22,14,35,0,249,12,Mar-24,20.75,7.11,17.5,0,0,0.55,0.14,0.42,0.000
Mohammad Nawaz (3) (PAK),2016-2018,2016,2018,2,16,16,50,1,340,12,02-Nov,28.33,6.8,25,0,0,0.75,0.15,0.57,0.000
Mohammad Saifuddin (BDESH),2017-2019,2017,2019,2,13,13,43,0,386,12,Apr-33,32.16,8.97,21.5,1,0,0.92,0.11,0.68,0.000
Muhammad Kashif (KUW),2019-2019,2019,2019,0,10,9,27,1,212,12,Mar-30,17.66,7.85,13.5,0,0,1.20,0.13,0.88,0.000
J Mulder (IRE),2016-2017,2016,2017,1,8,8,29,0,192,12,Apr-16,16,6.62,14.5,1,0,1.50,0.15,1.10,0.000
JD Nel (SCOT),2007-2010,2007,2010,3,10,9,31,3,169,12,03-Oct,14.08,5.45,15.5,0,0,1.20,0.18,0.90,0.000
T Shamsi (SA),2017-2019,2017,2019,2,16,16,57,1,429,12,Feb-16,35.75,7.52,28.5,0,0,0.75,0.13,0.56,0.000
BDH Stevens (JER),2019-2019,2019,2019,0,17,14,40.2,0,249,12,Mar-17,20.75,6.17,20.1,0,0,0.71,0.16,0.54,0.000
Taskin Ahmed (BDESH),2014-2018,2014,2018,4,19,17,55.5,1,438,12,Feb-32,36.5,7.84,27.9,0,0,0.63,0.13,0.48,0.000
J Theron (SA),2010-2012,2010,2012,2,9,9,32.2,0,261,12,Apr-27,21.75,8.07,16.1,1,0,1.33,0.12,0.97,0.000
SO Tikolo (KENYA),2007-2013,2007,2013,6,15,10,28.2,0,168,12,04-Feb,14,5.92,14.1,1,0,0.80,0.17,0.61,0.000
Umar Adam (Mald),2019-2019,2019,2019,0,11,8,27,0,168,12,Mar-17,14,6.22,13.5,0,0,1.09,0.16,0.81,0.000
S Vijayakumar (SGP),2019-2019,2019,2019,0,9,9,28,1,204,12,Apr-25,17,7.28,14,1,0,1.33,0.14,0.97,0.000
Zulfiqar Babar (PAK),2013-2014,2013,2014,1,7,7,26,1,185,12,Mar-23,15.41,7.11,13,0,0,1.71,0.14,1.24,0.000
Abdur Rehman (PAK),2007-2013,2007,2013,6,8,8,26,0,192,11,02-Jul,17.45,7.38,14.1,0,0,1.38,0.14,1.00,0.000
Aftab Alam (AFG),2012-2018,2012,2018,6,12,12,40.5,0,324,11,Feb-23,29.45,7.93,22.2,0,0,0.92,0.13,0.68,0.000
Anwar Rahman (MAL),2019-2019,2019,2019,0,9,8,23.3,1,117,11,Apr-16,10.63,4.97,12.8,1,0,1.22,0.20,0.92,0.000
MA Baig (MWI),2019-2019,2019,2019,0,7,7,26,0,160,11,Apr-20,14.54,6.15,14.1,1,0,1.57,0.16,1.15,0.000
RP Burl (ZIM),2018-2019,2018,2019,1,16,15,33,1,279,11,Mar-24,25.36,8.45,18,0,0,0.69,0.12,0.52,0.000
DT Christian (AUS),2010-2017,2010,2017,7,16,16,35.3,0,317,11,Mar-27,28.81,8.92,19.3,0,0,0.69,0.11,0.51,0.000
N Dutta (CAN),2019-2019,2019,2019,0,11,11,39,0,253,11,02-Dec,23,6.48,21.2,0,0,1.00,0.15,0.75,0.000
Irfan Ahmed (HKG),2014-2015,2014,2015,1,8,8,27,0,190,11,03-Nov,17.27,7.03,14.7,0,0,1.38,0.14,1.01,0.000
D Maisuria (Botsw),2019-2019,2019,2019,0,6,5,17.1,0,121,11,Apr-28,11,7.04,9.3,1,0,1.83,0.14,1.33,0.000
NO Miller (WI),2009-2014,2009,2014,5,9,9,31.4,0,224,11,Feb-20,20.36,7.07,17.2,0,0,1.22,0.14,0.90,0.000
Mohammed Nadeem (QAT),2019-2019,2019,2019,0,15,15,52,0,364,11,Mar-23,33.09,7,28.3,0,0,0.73,0.14,0.56,0.000
Muhamad Syahadat (MAL),2019-2019,2019,2019,0,10,8,21,0,127,11,03-Jul,11.54,6.04,11.4,0,0,1.10,0.17,0.82,0.000
L Ngidi (SA),2017-2018,2017,2018,1,7,7,20,0,128,11,Apr-19,11.63,6.4,10.9,1,0,1.57,0.16,1.15,0.000
SH Obed (VAN),2019-2019,2019,2019,0,12,9,28,0,190,11,Mar-23,17.27,6.78,15.2,0,0,0.92,0.15,0.69,0.000
NM Odhiambo (KENYA),2010-2019,2010,2019,9,16,14,41,0,319,11,Mar-30,29,7.78,22.3,0,0,0.69,0.13,0.52,0.000
TM Odoyo (KENYA),2007-2013,2007,2013,6,11,10,36,0,170,11,Mar-17,15.45,4.72,19.6,0,0,1.00,0.21,0.76,0.000
TK Patel (USA),2019-2019,2019,2019,0,7,6,22,0,146,11,Apr-27,13.27,6.63,12,1,0,1.57,0.15,1.15,0.000
Sikandar Raza (ZIM),2013-2019,2013,2019,6,32,22,46,0,376,11,02-Jul,34.18,8.17,25,0,0,0.34,0.12,0.28,0.000
DT Tiripano (ZIM),2016-2019,2016,2019,3,10,10,34.3,0,278,11,Mar-20,25.27,8.05,18.8,0,0,1.10,0.12,0.81,0.000
MA Wood (ENG),2015-2019,2015,2019,4,5,5,17.3,0,148,11,03-Sep,13.45,8.45,9.5,0,0,2.20,0.12,1.58,0.000
MH Yardy (ENG),2006-2011,2006,2011,5,14,13,46,0,299,11,Feb-19,27.18,6.5,25,0,0,0.79,0.15,0.60,0.000
Anwar Ali (PAK),2008-2016,2008,2016,8,16,15,44.1,0,367,10,Feb-27,36.7,8.3,26.5,0,0,0.63,0.12,0.47,0.000
P Arrighi (Arg),2019-2019,2019,2019,0,5,5,19,2,84,10,05-Apr,8.4,4.42,11.4,0,1,2.00,0.23,1.47,0.200
Awais Malik (QAT),2019-2019,2019,2019,0,11,11,33,0,279,10,Mar-19,27.9,8.45,19.8,0,0,0.91,0.12,0.67,0.000
L Balaji (INDIA),2012-2012,2012,2012,0,5,5,16,0,121,10,Mar-19,12.1,7.56,9.6,0,0,2.00,0.13,1.44,0.000
K Christie (HKG),2019-2019,2019,2019,0,11,11,39,0,292,10,Feb-23,29.2,7.48,23.4,0,0,0.91,0.13,0.68,0.000
PC Connell (IRE),2008-2010,2008,2010,2,9,8,25.3,1,156,10,03-Aug,15.6,6.11,15.3,0,0,1.11,0.16,0.83,0.000
C de Grandhomme (NZ),2012-2019,2012,2019,7,33,18,47.5,0,432,10,Feb-22,43.2,9.03,28.7,0,0,0.30,0.11,0.25,0.000
XJ Doherty (AUS),2012-2013,2012,2013,1,11,11,38,0,300,10,Mar-20,30,7.89,22.8,0,0,0.91,0.13,0.67,0.000
Fayyaz Butt (OMAN),2019-2019,2019,2019,0,14,14,43.3,0,313,10,Mar-16,31.3,7.19,26.1,0,0,0.71,0.14,0.54,0.000
MR Gillespie (NZ),2006-2008,2006,2008,2,11,10,35,3,255,10,04-Jul,25.5,7.28,21,1,0,0.91,0.14,0.68,0.000
RM Hira (NZ),2012-2013,2012,2013,1,15,13,42.2,1,337,10,Feb-42,33.7,7.96,25.4,0,0,0.67,0.13,0.50,0.000
JR Hopes (AUS),2005-2010,2005,2010,5,12,12,37,0,283,10,Feb-26,28.3,7.64,22.2,0,0,0.83,0.13,0.62,0.000
Junaid Siddiqui (CAN),2012-2019,2012,2019,7,13,13,45,1,266,10,03-Oct,26.6,5.91,27,0,0,0.77,0.17,0.59,0.000
BJ McCarthy (IRE),2017-2018,2017,2018,1,6,6,24,0,259,10,Apr-33,25.9,10.79,14.4,1,0,1.67,0.09,1.19,0.000
Mohammed Shami (INDIA),2014-2019,2014,2019,5,8,8,27.4,0,275,10,Mar-38,27.5,9.93,16.6,0,0,1.25,0.10,0.91,0.000
JF Mooney (IRE),2009-2015,2009,2015,6,27,10,26,1,176,10,02-Jul,17.6,6.76,15.6,0,0,0.37,0.15,0.30,0.000
PP Ojha (INDIA),2009-2010,2009,2010,1,6,6,21,0,132,10,Apr-21,13.2,6.28,12.6,1,0,1.67,0.16,1.21,0.000
LN Oluoch (KENYA),2013-2019,2013,2019,6,10,10,29,1,209,10,Mar-22,20.9,7.2,17.4,0,0,1.00,0.14,0.74,0.000
H Osinde (CAN),2008-2013,2008,2013,5,11,11,35,0,250,10,Mar-36,25,7.14,21,0,0,0.91,0.14,0.68,0.000
S Prasanna (SL),2013-2017,2013,2017,4,20,18,50,1,359,10,Feb-45,35.9,7.18,30,0,0,0.50,0.14,0.39,0.000
LN Rajbanshi (NEPAL),2018-2019,2018,2019,1,12,12,38.2,0,231,10,03-Jun,23.1,6.02,23,0,0,0.83,0.17,0.63,0.000
CAK Rajitha (SL),2016-2019,2016,2019,3,10,10,37,0,358,10,Mar-29,35.8,9.67,22.2,0,0,1.00,0.10,0.73,0.000
SHA Rance (NZ),2017-2019,2017,2019,2,8,7,27,0,245,10,Mar-26,24.5,9.07,16.2,0,0,1.25,0.11,0.91,0.000
Raza Hasan (PAK),2012-2014,2012,2014,2,10,10,38,1,219,10,Feb-14,21.9,5.76,22.8,0,0,1.00,0.17,0.75,0.000
KAJ Roach (WI),2008-2012,2008,2012,4,11,11,39,1,284,10,Feb-25,28.4,7.28,23.4,0,0,0.91,0.14,0.68,0.000
MD Shanaka (SL),2015-2019,2015,2019,4,35,14,24.1,0,182,10,Mar-16,18.2,7.53,14.5,0,0,0.29,0.13,0.24,0.000
BA Stokes (ENG),2011-2018,2011,2018,7,23,18,55.4,1,496,10,Mar-26,49.6,8.91,33.4,0,0,0.43,0.11,0.34,0.000
R Vinay Kumar (INDIA),2010-2013,2010,2013,3,9,9,31.3,0,247,10,Mar-24,24.7,7.84,18.9,0,0,1.11,0.13,0.82,0.000
HR Walsh (USA/WI),2019-2019,2019,2019,0,13,11,32.5,0,257,10,Feb-21,25.7,7.82,19.7,0,0,0.77,0.13,0.58,0.000
B Ward (JER),2019-2019,2019,2019,0,13,13,39.2,2,249,10,Mar-19,24.9,6.33,23.6,0,0,0.77,0.16,0.59,0.000
FA Allen (WI),2018-2019,2018,2019,1,11,10,31,1,214,9,Feb-19,23.77,6.9,20.6,0,0,0.82,0.14,0.62,0.000
Atif Mehmood (ESP),2019-2019,2019,2019,0,9,9,27,0,154,9,Feb-14,17.11,5.7,18,0,0,1.00,0.18,0.75,0.000
Bilal Zalmai (Aut),2019-2019,2019,2019,0,5,4,14,1,67,9,04-Dec,7.44,4.78,9.3,1,0,1.80,0.21,1.32,0.000
DE Bollinger (AUS),2011-2014,2011,2014,3,9,9,35,0,249,9,Jan-22,27.66,7.11,23.3,0,0,1.00,0.14,0.74,0.000
TM Dilshan (SL),2006-2016,2006,2016,10,80,25,43,0,313,9,02-Apr,34.77,7.27,28.6,0,0,0.11,0.14,0.12,0.000
Elias Sunny (BDESH),2012-2012,2012,2012,0,7,7,23,1,146,9,May-13,16.22,6.34,15.3,0,1,1.29,0.16,0.95,0.143
OD Hald (DEN),2019-2019,2019,2019,0,9,7,21.3,0,113,9,Mar-18,12.55,5.25,14.3,0,0,1.00,0.19,0.76,0.000
PD Hennessy (ESP),2019-2019,2019,2019,0,8,5,12,1,86,9,Mar-27,9.55,7.16,8,0,0,1.13,0.14,0.83,0.000
BW Hilfenhaus (AUS),2007-2012,2007,2012,5,7,7,26,0,161,9,Feb-15,17.88,6.19,17.3,0,0,1.29,0.16,0.95,0.000
DR Hooper (GUE),2019-2019,2019,2019,0,9,9,31.2,0,211,9,03-May,23.44,6.73,20.8,0,0,1.00,0.15,0.74,0.000
Ilyas Ahmed (KUW),2019-2019,2019,2019,0,6,6,21,0,160,9,Mar-17,17.77,7.61,14,0,0,1.50,0.13,1.09,0.000
TE Kane (IRE),2015-2019,2015,2019,4,7,5,15.2,0,143,9,Mar-19,15.88,9.32,10.2,0,0,1.29,0.11,0.93,0.000
RK Kleinveldt (SA),2008-2013,2008,2013,5,6,6,20.2,1,173,9,Mar-18,19.22,8.5,13.5,0,0,1.50,0.12,1.09,0.000
ND Laegsgaard (DEN),2019-2019,2019,2019,0,9,7,23,0,105,9,02-May,11.66,4.56,15.3,0,0,1.00,0.22,0.77,0.000
KS Leverock (BMUDA),2019-2019,2019,2019,0,12,8,26,0,210,9,Mar-19,23.33,8.07,17.3,0,0,0.75,0.12,0.56,0.000
PK Matautaava (VAN),2019-2019,2019,2019,0,10,8,28,1,199,9,02-Sep,22.11,7.1,18.6,0,0,0.90,0.14,0.67,0.000
Md Nurul Huda (Fin),2019-2019,2019,2019,0,5,5,16.3,0,118,9,03-Nov,13.11,7.15,11,0,0,1.80,0.14,1.30,0.000
Mehran Khan (OMAN),2015-2019,2015,2019,4,19,11,31,0,222,9,Mar-18,24.66,7.16,20.6,0,0,0.47,0.14,0.37,0.000
GRD Munasinghe (ITA),2019-2019,2019,2019,0,8,7,27,1,191,9,04-Nov,21.22,7.07,18,1,0,1.13,0.14,0.83,0.000
S Muniandy (MAL),2019-2019,2019,2019,0,15,12,30,0,260,9,02-May,28.88,8.66,20,0,0,0.60,0.12,0.45,0.000
B Muzarabani (ZIM),2018-2018,2018,2018,0,6,6,24,0,220,9,Mar-21,24.44,9.16,16,0,0,1.50,0.11,1.08,0.000
A Neill (SCOT),2019-2019,2019,2019,0,5,5,20,0,154,9,Mar-21,17.11,7.7,13.3,0,0,1.80,0.13,1.30,0.000
AR Patel (INDIA),2015-2018,2015,2018,3,11,11,39,0,265,9,Mar-17,29.44,6.79,26,0,0,0.82,0.15,0.62,0.000
D Paterson (SA),2017-2018,2017,2018,1,8,8,29.5,0,265,9,Apr-32,29.44,8.88,19.8,1,0,1.13,0.11,0.82,0.000
WA Peatfield (GUE),2019-2019,2019,2019,0,8,8,28,0,198,9,Mar-23,22,7.07,18.6,0,0,1.13,0.14,0.83,0.000
Qadeer Ahmed (UAE),2015-2019,2015,2019,4,10,10,32,1,253,9,Feb-18,28.11,7.9,21.3,0,0,0.90,0.13,0.67,0.000
JA Richardson (AUS),2017-2019,2017,2019,2,9,9,34,0,287,9,Feb-32,31.88,8.44,22.6,0,0,1.00,0.12,0.74,0.000
Rizwan Cheema (CAN),2008-2019,2008,2019,11,24,15,50,1,382,9,Feb-19,42.44,7.64,33.3,0,0,0.38,0.13,0.30,0.000
JRMVB Sanjaya (SL),2017-2017,2017,2017,0,8,8,28.5,1,250,9,Feb-20,27.77,8.67,19.2,0,0,1.13,0.12,0.82,0.000
L Siaka (PNG),2015-2019,2015,2019,4,26,5,12,0,56,9,Mar-16,6.22,4.66,8,0,0,0.35,0.21,0.31,0.000
MP Stoinis (AUS),2015-2019,2015,2019,4,19,15,38.2,0,319,9,Feb-27,35.44,8.32,25.5,0,0,0.47,0.12,0.37,0.000
O Thomas (WI),2018-2019,2018,2019,1,10,10,37,1,326,9,Feb-21,36.22,8.81,24.6,0,0,0.90,0.11,0.66,0.000
I Wardlaw (SCOT),2013-2013,2013,2013,0,4,4,16,1,145,9,Mar-40,16.11,9.06,10.6,0,0,2.25,0.11,1.61,0.000
CG Williams (NAM),2019-2019,2019,2019,0,13,10,23,1,142,9,03-Sep,15.77,6.17,15.3,0,0,0.69,0.16,0.53,0.000
UT Yadav (INDIA),2012-2019,2012,2019,7,7,7,25,0,219,9,Feb-19,24.33,8.76,16.6,0,0,1.29,0.11,0.93,0.000
Aizaz Cheema (PAK),2011-2012,2011,2012,1,5,5,17,0,116,8,Apr-30,14.5,6.82,12.7,1,0,1.60,0.15,1.16,0.000
M Ansari (OMAN),2015-2016,2015,2016,1,11,10,37.5,0,334,8,Mar-37,41.75,8.82,28.3,0,0,0.73,0.11,0.54,0.000
OGL Bascome (BMUDA),2019-2019,2019,2019,0,11,6,15.1,0,117,8,04-Oct,14.62,7.71,11.3,1,0,0.73,0.13,0.55,0.000
U Bhatti (CAN),2008-2010,2008,2010,2,7,7,23,0,148,8,Mar-23,18.5,6.43,17.2,0,0,1.14,0.16,0.85,0.000
CJ Boyce (AUS),2014-2016,2014,2016,2,7,7,23,0,152,8,02-Oct,19,6.6,17.2,0,0,1.14,0.15,0.85,0.000
CD de Lange (SCOT),2015-2017,2015,2017,2,8,7,27,0,171,8,Feb-17,21.37,6.33,20.2,0,0,1.00,0.16,0.75,0.000
DC Delany (IRE),2019-2019,2019,2019,0,8,8,28.3,0,222,8,02-Dec,27.75,7.78,21.3,0,0,1.00,0.13,0.74,0.000
Faran Afzal (ESP),2019-2019,2019,2019,0,9,8,29,0,143,8,03-Nov,17.87,4.93,21.7,0,0,0.89,0.20,0.68,0.000
Fawad Alam (PAK),2007-2010,2007,2010,3,24,6,15,0,95,8,03-Jul,11.87,6.33,11.2,0,0,0.33,0.16,0.28,0.000
H Fennell (Arg),2019-2019,2019,2019,0,5,5,12,1,57,8,04-Dec,7.12,4.75,9,1,0,1.60,0.21,1.18,0.000
SP Gauchan (NEPAL),2014-2015,2014,2015,1,9,8,30,0,169,8,03-Sep,21.12,5.63,22.5,0,0,0.89,0.18,0.68,0.000
SC Getkate (IRE),2019-2019,2019,2019,0,14,14,35,0,323,8,Feb-15,40.37,9.22,26.2,0,0,0.57,0.11,0.43,0.000
JOA Gordon (CAN),2013-2019,2013,2019,6,7,7,25.5,0,184,8,Mar-14,23,7.12,19.3,0,0,1.14,0.14,0.84,0.000
K Gore (USA),2019-2019,2019,2019,0,4,4,16,2,70,8,03-May,8.75,4.37,12,0,0,2.00,0.23,1.47,0.000
H Gori (CZK-R),2019-2019,2019,2019,0,7,7,23,0,133,8,Mar-13,16.62,5.78,17.2,0,0,1.14,0.17,0.85,0.000
Z Groenewald (NAM),2019-2019,2019,2019,0,10,10,28,2,163,8,Mar-20,20.37,5.82,21,0,0,0.80,0.17,0.61,0.000
JR Hazlewood (AUS),2013-2016,2013,2016,3,7,7,28,0,269,8,Apr-30,33.62,9.6,21,1,0,1.14,0.10,0.83,0.000
L Hermida (Mex),2019-2019,2019,2019,0,5,5,18,1,94,8,Mar-20,11.75,5.22,13.5,0,0,1.60,0.19,1.18,0.000
Inam-ul-Haq (QAT),2019-2019,2019,2019,0,11,10,31,2,211,8,Feb-23,26.37,6.8,23.2,0,0,0.73,0.15,0.55,0.000
Junaid Khan (PAK),2011-2014,2011,2014,3,9,9,27,0,236,8,Mar-24,29.5,8.74,20.2,0,0,0.89,0.11,0.66,0.000
P Khadka (NEPAL),2014-2019,2014,2019,5,30,23,51,2,323,8,02-Nov,40.37,6.33,38.2,0,0,0.27,0.16,0.23,0.000
P Kumar (INDIA),2008-2012,2008,2012,4,10,10,26,1,193,8,Feb-14,24.12,7.42,19.5,0,0,0.80,0.13,0.60,0.000
RAS Lakmal (SL),2011-2019,2011,2019,8,11,11,34.4,0,330,8,Feb-26,41.25,9.51,26,0,0,0.73,0.11,0.54,0.000
AV Lalcheta (OMAN),2015-2019,2015,2019,4,17,15,51.3,3,374,8,Jan-13,46.75,7.26,38.6,0,0,0.47,0.14,0.37,0.000
WK McCallan (IRE),2008-2009,2008,2009,1,9,7,21.5,0,152,8,Feb-26,19,6.96,16.3,0,0,0.89,0.14,0.67,0.000
Mohammad Ashraful (BDESH),2007-2013,2007,2013,6,23,8,23,0,210,8,Mar-42,26.25,9.13,17.2,0,0,0.35,0.11,0.28,0.000
Mohamed Mahfooz (Mald),2019-2019,2019,2019,0,11,11,37.5,0,262,8,Feb-20,32.75,6.92,28.3,0,0,0.73,0.14,0.55,0.000
GBW Munaweera (QAT),2019-2019,2019,2019,0,5,5,18,0,132,8,Feb-18,16.5,7.33,13.5,0,0,1.60,0.14,1.16,0.000
AK Muslar (Blz),2019-2019,2019,2019,0,3,3,9,1,41,8,03-Oct,5.12,4.55,6.7,0,0,2.67,0.22,1.93,0.000
Nasrulla Rana (HKG),2019-2019,2019,2019,0,8,8,20.3,0,162,8,Mar-25,20.25,7.9,15.3,0,0,1.00,0.13,0.74,0.000
Nazmul Islam (BDESH),2018-2018,2018,2018,0,13,12,38.3,2,265,8,Mar-28,33.12,6.88,28.8,0,0,0.62,0.15,0.47,0.000
AR Nurse (WI),2011-2019,2011,2019,8,13,13,40,0,318,8,02-Jun,39.75,7.95,30,0,0,0.62,0.13,0.47,0.000
Rakibul Hasan (ITA),2019-2019,2019,2019,0,8,7,23,2,147,8,Feb-20,18.37,6.39,17.2,0,0,1.00,0.16,0.75,0.000
Rumman Raees (PAK),2016-2018,2016,2018,2,8,8,28.5,2,220,8,Feb-24,27.5,7.63,21.6,0,0,1.00,0.13,0.74,0.000
R Satheesan (ROM),2019-2019,2019,2019,0,4,4,13,2,44,8,Mar-14,5.5,3.38,9.7,0,0,2.00,0.30,1.49,0.000
I Sharma (INDIA),2008-2013,2008,2013,5,14,14,46.2,0,400,8,Feb-34,50,8.63,34.7,0,0,0.57,0.12,0.43,0.000
TAM Siriwardana (SL),2015-2017,2015,2017,2,22,13,23,0,206,8,Feb-17,25.75,8.95,17.2,0,0,0.36,0.11,0.29,0.000
A Symonds (AUS),2005-2009,2005,2009,4,14,12,30.5,0,277,8,Feb-14,34.62,8.98,23.1,0,0,0.57,0.11,0.43,0.000
P Taylor (CZK-R),2019-2019,2019,2019,0,7,6,18,0,144,8,Apr-28,18,8,13.5,1,0,1.14,0.13,0.84,0.000
SN Thakur (INDIA),2018-2018,2018,2018,0,7,7,27.3,0,242,8,Apr-27,30.25,8.8,20.6,1,0,1.14,0.11,0.83,0.000
RJ Trott (BMUDA),2008-2019,2008,2019,11,15,13,38.3,0,277,8,Feb-15,34.62,7.19,28.8,0,0,0.53,0.14,0.42,0.000
R van der Merwe (Arg),2019-2019,2019,2019,0,5,5,13,2,62,8,03-Sep,7.75,4.76,9.7,0,0,1.60,0.21,1.18,0.000
JJ van der Wath (SA),2006-2007,2006,2007,1,8,8,31,0,231,8,Feb-31,28.87,7.45,23.2,0,0,1.00,0.13,0.74,0.000
TC Vine (ESP),2019-2019,2019,2019,0,6,6,15,0,105,8,Apr-28,13.12,7,11.2,1,0,1.33,0.14,0.98,0.000
C Waiswa (UGA),2019-2019,2019,2019,0,4,4,14,0,115,8,Apr-38,14.37,8.21,10.5,1,0,2.00,0.12,1.44,0.000
Waqar Khan (Peru),2019-2019,2019,2019,0,4,4,13,0,86,8,Mar-21,10.75,6.61,9.7,0,0,2.00,0.15,1.45,0.000
Abdul-Shakoor Rahimzei (GER),2019-2019,2019,2019,0,7,6,15.3,0,101,7,02-Oct,14.42,6.51,13.2,0,0,1.00,0.15,0.75,0.000
Bashir Shah (DEN),2019-2019,2019,2019,0,4,4,14,0,76,7,Mar-14,10.85,5.42,12,0,0,1.75,0.18,1.28,0.000
JP Behrendorff (AUS),2017-2019,2017,2019,2,7,6,16,0,117,7,Apr-21,16.71,7.31,13.7,1,0,1.00,0.14,0.74,0.000
D Bishoo (WI),2011-2019,2011,2019,8,7,7,20.1,1,137,7,Apr-17,19.57,6.79,17.2,1,0,1.00,0.15,0.74,0.000
M de Lange (SA),2012-2015,2012,2015,3,6,6,23.2,0,228,7,Feb-26,32.57,9.77,20,0,0,1.17,0.10,0.85,0.000
Delawar Khan (DEN),2019-2019,2019,2019,0,9,7,20,1,129,7,Feb-21,18.42,6.45,17.1,0,0,0.78,0.16,0.59,0.000
JL Denly (ENG),2009-2019,2009,2019,10,10,5,11,0,85,7,Apr-19,12.14,7.72,9.4,1,0,0.70,0.13,0.53,0.000
G Goudie (SCOT),2010-2013,2010,2013,3,9,9,24.5,0,224,7,Mar-22,32,9.02,21.2,0,0,0.78,0.11,0.58,0.000
Habib Ahmadzai (Aut),2019-2019,2019,2019,0,5,5,14,1,96,7,04-Dec,13.71,6.85,12,1,0,1.40,0.15,1.02,0.000
AS Hansra (CAN),2012-2013,2012,2013,1,8,6,15,0,94,7,Feb-13,13.42,6.26,12.8,0,0,0.88,0.16,0.66,0.000
JW Hastings (AUS),2010-2016,2010,2016,6,9,9,31,0,247,7,Mar-14,35.28,7.96,26.5,0,0,0.78,0.13,0.58,0.000
MJ Henry (NZ),2014-2017,2014,2017,3,6,6,22,1,191,7,Mar-44,27.28,8.68,18.8,0,0,1.17,0.12,0.85,0.000
Hirenkumar Patel (Chile),2019-2019,2019,2019,0,4,4,15,0,82,7,Apr-21,11.71,5.46,12.8,1,0,1.75,0.18,1.28,0.000
GB Hogg (AUS),2006-2014,2006,2014,8,15,15,49,1,373,7,Feb-31,53.28,7.61,42,0,0,0.47,0.13,0.37,0.000
Ibrarul Haq (Saudi),2019-2019,2019,2019,0,5,5,17,0,116,7,Mar-28,16.57,6.82,14.5,0,0,1.40,0.15,1.02,0.000
Imran Ali (KUW),2019-2019,2019,2019,0,4,4,15,0,136,7,Mar-16,19.42,9.06,12.8,0,0,1.75,0.11,1.26,0.000
Imran Haider (UAE),2016-2019,2016,2019,3,11,11,31,0,250,7,Jan-16,35.71,8.06,26.5,0,0,0.64,0.12,0.48,0.000
Jasdeep Singh (USA),2019-2019,2019,2019,0,4,4,14,1,140,7,Feb-18,20,10,12,0,0,1.75,0.10,1.26,0.000
LM Jongwe (ZIM),2015-2016,2015,2016,1,8,7,21.2,0,211,7,Feb-24,30.14,9.89,18.2,0,0,0.88,0.10,0.64,0.000
Junaid Siddique (UAE),2019-2019,2019,2019,0,8,8,26.2,1,179,7,Feb-34,25.57,6.79,22.5,0,0,0.88,0.15,0.66,0.000
S Randiv (SL),2010-2011,2010,2011,1,7,7,21,0,139,7,Mar-20,19.85,6.61,18,0,0,1.00,0.15,0.75,0.000
NR Kumar (CAN),2012-2019,2012,2019,7,18,10,26,0,160,7,Feb-18,22.85,6.15,22.2,0,0,0.39,0.16,0.32,0.000
JB Little (IRE),2016-2019,2016,2019,3,11,11,40.4,0,367,7,Feb-20,52.42,9.02,34.8,0,0,0.64,0.11,0.48,0.000
MF Maharoof (SL),2006-2016,2006,2016,10,8,8,27,0,199,7,Feb-18,28.42,7.37,23.1,0,0,0.88,0.14,0.65,0.000
NA Maiolo (ITA),2019-2019,2019,2019,0,8,7,28,0,152,7,02-Aug,21.71,5.42,24,0,0,0.88,0.18,0.67,0.000
CS Martin (NZ),2007-2008,2007,2008,1,6,6,23,1,193,7,Feb-14,27.57,8.39,19.7,0,0,1.17,0.12,0.85,0.000
ZE Matsinhe (Moz),2019-2019,2019,2019,0,7,5,16,0,101,7,Mar-27,14.42,6.31,13.7,0,0,1.00,0.16,0.75,0.000
Muslim Yar (GER),2019-2019,2019,2019,0,7,7,19,1,119,7,Feb-17,17,6.26,16.2,0,0,1.00,0.16,0.75,0.000
CT Mutombodzi (ZIM),2013-2019,2013,2019,6,13,9,26,0,188,7,02-Dec,26.85,7.23,22.2,0,0,0.54,0.14,0.42,0.000
A Nanda (LUX),2019-2019,2019,2019,0,3,3,7.2,0,47,7,05-Jun,6.71,6.4,6.2,0,1,2.33,0.16,1.68,0.333
Nasir Hossain (BDESH),2011-2016,2011,2016,5,31,11,29.5,0,262,7,Feb-26,37.42,8.78,25.5,0,0,0.23,0.11,0.19,0.000
Naveen-ul-Haq (AFG),2019-2019,2019,2019,0,4,4,15,0,102,7,Mar-24,14.57,6.8,12.8,0,0,1.75,0.15,1.27,0.000
R Panchal (ESP),2019-2019,2019,2019,0,9,9,28,1,139,7,Mar-22,19.85,4.96,24,0,0,0.78,0.20,0.60,0.000
SR Patel (ENG),2011-2013,2011,2013,2,18,15,42,0,321,7,02-Jun,45.85,7.64,36,0,0,0.39,0.13,0.31,0.000
A Rangaswamy (Botsw),2019-2019,2019,2019,0,4,4,9.4,1,83,7,Apr-21,11.85,8.58,8.2,1,0,1.75,0.12,1.26,0.000
JB Reva (PNG),2015-2019,2015,2019,4,9,8,21.1,0,148,7,02-Nov,21.14,6.99,18.1,0,0,0.78,0.14,0.59,0.000
MJ Ross (ITA),2019-2019,2019,2019,0,8,7,19,0,120,7,Apr-15,17.14,6.31,16.2,1,0,0.88,0.16,0.66,0.000
Sayed Shirzad (AFG),2015-2019,2015,2019,4,4,4,15,1,116,7,Mar-16,16.57,7.73,12.8,0,0,1.75,0.13,1.26,0.000
B Shikongo (NAM),2019-2019,2019,2019,0,11,10,23,0,131,7,02-Apr,18.71,5.69,19.7,0,0,0.64,0.18,0.50,0.000
DR Smith (WI),2006-2015,2006,2015,9,33,11,23.4,0,212,7,Mar-24,30.28,8.95,20.2,0,0,0.21,0.11,0.18,0.000
M Spry (Peru),2019-2019,2019,2019,0,4,4,10,0,62,7,04-Aug,8.85,6.2,8.5,1,0,1.75,0.16,1.27,0.000
S Sreesanth (INDIA),2006-2008,2006,2008,2,10,9,34,2,288,7,02-Dec,41.14,8.47,29.1,0,0,0.70,0.12,0.53,0.000
JTS Sumerauer (JER),2019-2019,2019,2019,0,8,8,20.1,0,155,7,02-Oct,22.14,7.68,17.2,0,0,0.88,0.13,0.65,0.000
T Thushara (SL),2008-2010,2008,2010,2,6,6,22,0,179,7,Feb-37,25.57,8.13,18.8,0,0,1.17,0.12,0.85,0.000
JC Tredwell (ENG),2012-2014,2012,2014,2,17,15,52.5,0,416,7,Jan-16,59.42,7.87,45.2,0,0,0.41,0.13,0.33,0.000
BM Wheeler (NZ),2017-2018,2017,2018,1,6,6,21.2,0,216,7,Feb-16,30.85,10.12,18.2,0,0,1.17,0.10,0.85,0.000
CR Woakes (ENG),2011-2015,2011,2015,4,8,8,27,0,253,7,Feb-40,36.14,9.37,23.1,0,0,0.88,0.11,0.64,0.000
M Abdulla (MWI),2019-2019,2019,2019,0,5,3,12,0,76,6,Mar-25,12.66,6.33,12,0,0,1.20,0.16,0.89,0.000
Abdullah Akbarjan (Aut),2019-2019,2019,2019,0,5,4,13,0,72,6,Mar-20,12,5.53,13,0,0,1.20,0.18,0.89,0.000
IKO Aboagye (Ghana),2019-2019,2019,2019,0,4,4,14,0,83,6,Mar-26,13.83,5.92,14,0,0,1.50,0.17,1.10,0.000
Abu Hider (BDESH),2016-2018,2016,2018,2,13,12,36,0,330,6,Feb-40,55,9.16,36,0,0,0.46,0.11,0.36,0.000
VD Adewoye (NGA),2019-2019,2019,2019,0,7,7,16.2,1,135,6,Apr-18,22.5,8.26,16.3,1,0,0.86,0.12,0.64,0.000
CM Akachukwu (NGA),2019-2019,2019,2019,0,8,8,18.2,0,151,6,Feb-34,25.16,8.23,18.3,0,0,0.75,0.12,0.56,0.000
Aminul Islam (BDESH),2019-2019,2019,2019,0,4,4,14,0,98,6,Feb-18,16.33,7,14,0,0,1.50,0.14,1.09,0.000
Amir Hayat (UAE),2018-2019,2018,2019,1,4,4,14,0,103,6,Feb-16,17.16,7.35,14,0,0,1.50,0.14,1.09,0.000
WD Balaji Rao (CAN),2008-2008,2008,2008,0,4,4,14,0,107,6,Mar-21,17.83,7.64,14,0,0,1.50,0.13,1.09,0.000
TL Best (WI),2013-2014,2013,2014,1,6,6,20,0,154,6,Mar-18,25.66,7.7,20,0,0,1.00,0.13,0.74,0.000
JAR Blain (SCOT),2007-2008,2007,2008,1,6,5,20,0,108,6,Feb-23,18,5.4,20,0,0,1.00,0.19,0.76,0.000
NM Carter (SCOT),2013-2013,2013,2013,0,7,7,26,1,168,6,Feb-27,28,6.46,26,0,0,0.86,0.15,0.65,0.000
JW Chilia (VAN),2019-2019,2019,2019,0,14,13,47.2,0,315,6,Jan-21,52.5,6.65,47.3,0,0,0.43,0.15,0.35,0.000
MJ Clarke (AUS),2005-2010,2005,2010,5,34,15,26,0,225,6,01-Feb,37.5,8.65,26,0,0,0.18,0.12,0.16,0.000
MNR Cooray (Mald),2019-2019,2019,2019,0,4,4,16,0,99,6,Mar-26,16.5,6.18,16,0,0,1.50,0.16,1.10,0.000
SM Curran (ENG),2019-2019,2019,2019,0,5,5,18,0,153,6,Feb-22,25.5,8.5,18,0,0,1.20,0.12,0.88,0.000
F Damiao Couana (Moz),2019-2019,2019,2019,0,7,5,18.5,2,118,6,03-Oct,19.66,6.26,18.8,0,0,0.86,0.16,0.65,0.000
S Davizi (CZK-R),2019-2019,2019,2019,0,2,2,4.2,0,23,6,Apr-15,3.83,5.3,4.3,1,0,3.00,0.19,2.16,0.000
S Dhaniram (CAN),2008-2010,2008,2010,2,11,11,33.4,1,192,6,02-Sep,32,5.7,33.6,0,0,0.55,0.18,0.43,0.000
M Faheem (THAI),2019-2019,2019,2019,0,4,4,14,0,103,6,Feb-20,17.16,7.35,14,0,0,1.50,0.14,1.09,0.000
Farhad Reza (BDESH),2006-2014,2006,2014,8,13,11,26,0,261,6,Feb-34,43.5,10.03,26,0,0,0.46,0.10,0.35,0.000
S Hirugade (Mex),2019-2019,2019,2019,0,6,5,13.3,0,92,6,Apr-16,15.33,6.81,13.5,1,0,1.00,0.15,0.74,0.000
Irfan Bhima (MWI),2019-2019,2019,2019,0,4,4,15,3,51,6,Mar-14,8.5,3.4,15,0,0,1.50,0.29,1.14,0.000
S Kaveri (Mex),2019-2019,2019,2019,0,7,5,13,0,70,6,02-Oct,11.66,5.38,13,0,0,0.86,0.19,0.66,0.000
MR Marsh (AUS),2011-2018,2011,2018,7,11,9,19,0,156,6,02-Jun,26,8.21,19,0,0,0.55,0.12,0.42,0.000
JL Martel (GUE),2019-2019,2019,2019,0,3,3,11,0,59,6,Mar-15,9.83,5.36,11,0,0,2.00,0.19,1.46,0.000
CAJ Meschede (GER),2019-2019,2019,2019,0,5,5,20,0,115,6,02-Nov,19.16,5.75,20,0,0,1.20,0.17,0.89,0.000
M Mooketsi (Botsw),2019-2019,2019,2019,0,7,7,25,0,197,6,Feb-31,32.83,7.88,25,0,0,0.86,0.13,0.64,0.000
A Morris (Caym),2019-2019,2019,2019,0,6,6,22,1,114,6,Feb-17,19,5.18,22,0,0,1.00,0.19,0.76,0.000
JM Muirhead (AUS),2014-2014,2014,2014,0,5,5,15,0,109,6,Feb-13,18.16,7.26,15,0,0,1.20,0.14,0.88,0.000
T Muzarabani (ZIM),2015-2016,2015,2016,1,9,9,30,0,280,6,Feb-31,46.66,9.33,30,0,0,0.67,0.11,0.50,0.000
M Ntini (SA),2005-2011,2005,2011,6,10,10,32,0,298,6,Feb-22,49.66,9.31,32,0,0,0.60,0.11,0.45,0.000
IE O'Brien (NZ),2009-2009,2009,2009,0,4,4,13,0,116,6,Feb-30,19.33,8.92,13,0,0,1.50,0.11,1.08,0.000
SNJ O'Keefe (AUS),2010-2011,2010,2011,1,7,7,19,0,149,6,Mar-29,24.83,7.84,19,0,0,0.86,0.13,0.64,0.000
IO Okpe (NGA),2019-2019,2019,2019,0,8,8,20.5,1,188,6,Feb-17,31.33,9.02,20.8,0,0,0.75,0.11,0.56,0.000
SA Okpe (NGA),2019-2019,2019,2019,0,8,7,12.2,0,94,6,Feb-22,15.66,7.62,12.3,0,0,0.75,0.13,0.56,0.000
BA Pai (GIBR),2019-2019,2019,2019,0,4,4,15,0,82,6,Mar-14,13.66,5.46,15,0,0,1.50,0.18,1.10,0.000
KA Reynolds (Blz),2019-2019,2019,2019,0,3,3,11,0,60,6,Mar-26,10,5.45,11,0,0,2.00,0.18,1.46,0.000
Rokhan Barakzai (AFG),2015-2015,2015,2015,0,3,3,10,0,75,6,Feb-21,12.5,7.5,10,0,0,2.00,0.13,1.44,0.000
JE Root (ENG),2012-2019,2012,2019,7,32,9,14,0,139,6,02-Sep,23.16,9.92,14,0,0,0.19,0.10,0.16,0.000
Sabbir Rahman (BDESH),2014-2019,2014,2019,5,44,8,11.1,0,70,6,03-Nov,11.66,6.26,11.1,0,0,0.14,0.16,0.14,0.000
Sagar Pun (NEPAL),2014-2015,2014,2015,1,9,8,23.3,0,131,6,Mar-26,21.83,5.57,23.5,0,0,0.67,0.18,0.52,0.000
NA Saini (INDIA),2019-2019,2019,2019,0,5,5,17,1,137,6,Mar-17,22.83,8.05,17,0,0,1.20,0.12,0.88,0.000
E Schiferli (NL),2008-2010,2008,2010,2,7,6,23,0,146,6,Mar-23,24.33,6.34,23,0,0,0.86,0.16,0.65,0.000
PH Shamdasani (Peru),2019-2019,2019,2019,0,4,4,12,1,70,6,02-Aug,11.66,5.83,12,0,0,1.50,0.17,1.10,0.000
MM Sharma (INDIA),2014-2015,2014,2015,1,8,8,23,0,185,6,Feb-28,30.83,8.04,23,0,0,0.75,0.12,0.56,0.000
Shoaib Qureshi (Fin),2019-2019,2019,2019,0,5,5,13.4,0,109,6,Feb-22,18.16,7.97,13.6,0,0,1.20,0.13,0.88,0.000
Sidhant Singh (SGP),2019-2019,2019,2019,0,8,8,23,0,216,6,Feb-27,36,9.39,23,0,0,0.75,0.11,0.56,0.000
LMP Simmons (WI),2007-2019,2007,2019,12,49,3,6,0,55,6,Apr-19,9.16,9.16,6,1,0,0.12,0.11,0.12,0.000
TB Sole (SCOT),2019-2019,2019,2019,0,9,6,21,0,137,6,Feb-15,22.83,6.52,21,0,0,0.67,0.15,0.51,0.000
Soumya Sarkar (BDESH),2015-2019,2015,2019,4,46,13,23.3,0,249,6,Feb-29,41.5,10.59,23.5,0,0,0.13,0.09,0.12,0.000
BB Sran (INDIA),2016-2016,2016,2016,0,2,2,8,1,41,6,04-Oct,6.83,5.12,8,1,0,3.00,0.20,2.16,0.000
Tariq Aziz (PORT),2019-2019,2019,2019,0,4,4,16,0,70,6,Mar-20,11.66,4.37,16,0,0,1.50,0.23,1.12,0.000
WPUJC Vaas (SL),2006-2007,2006,2007,1,6,6,22,1,128,6,Feb-14,21.33,5.81,22,0,0,1.00,0.17,0.75,0.000
JDF Vandersay (SL),2015-2019,2015,2019,4,10,10,35,1,262,6,Feb-26,43.66,7.48,35,0,0,0.60,0.13,0.46,0.000
Waheed Ahmed (UAE),2019-2019,2019,2019,0,10,10,27,0,198,6,Mar-21,33,7.33,27,0,0,0.60,0.14,0.46,0.000
KS Williamson (NZ),2011-2019,2011,2019,8,57,12,19.4,0,164,6,Feb-16,27.33,8.33,19.6,0,0,0.11,0.12,0.11,0.000
Zeshan Arif (Aut),2019-2019,2019,2019,0,4,3,7.5,0,49,6,04-Oct,8.16,6.25,7.8,1,0,1.50,0.16,1.10,0.000
Abdul Wahid (Saudi),2019-2019,2019,2019,0,5,5,17,0,117,5,Feb-21,23.4,6.88,20.4,0,0,1.00,0.15,0.74,0.000
CN Ackermann (NL),2019-2019,2019,2019,0,11,10,25,0,147,5,01-Jun,29.4,5.88,30,0,0,0.45,0.17,0.37,0.000
Ameel Mauroof (Mald),2019-2019,2019,2019,0,10,10,23,0,173,5,Feb-13,34.6,7.52,27.6,0,0,0.50,0.13,0.39,0.000
Amjad Sher (Fin),2019-2019,2019,2019,0,5,5,18,2,88,5,Feb-22,17.6,4.88,21.6,0,0,1.00,0.20,0.76,0.000
R Ankad (Mex),2019-2019,2019,2019,0,8,8,23.4,1,178,5,Mar-22,35.6,7.52,28.4,0,0,0.63,0.13,0.48,0.000
Anshuman Rath (HKG),2015-2017,2015,2017,2,20,13,33,0,264,5,03-Jun,52.8,8,39.6,0,0,0.25,0.13,0.21,0.000
Arshad Hayat (CZK-R),2019-2019,2019,2019,0,6,5,10,0,103,5,Feb-15,20.6,10.3,12,0,0,0.83,0.10,0.61,0.000
Babar Ali (BAH),2019-2019,2019,2019,0,3,3,9,0,70,5,Feb-18,14,7.77,10.8,0,0,1.67,0.13,1.21,0.000
V Baskaran (SGP),2019-2019,2019,2019,0,12,12,36,2,245,5,Feb-22,49,6.8,43.2,0,0,0.42,0.15,0.34,0.000
S Bhari (NEPAL),2019-2019,2019,2019,0,6,6,18,0,113,5,Feb-22,22.6,6.27,21.6,0,0,0.83,0.16,0.63,0.000
Bilawal Bhatti (PAK),2013-2015,2013,2015,2,9,9,26,0,255,5,Feb-36,51,9.8,31.2,0,0,0.56,0.10,0.42,0.000
DR Briggs (ENG),2012-2014,2012,2014,2,7,6,18,0,199,5,Feb-25,39.8,11.05,21.6,0,0,0.71,0.09,0.53,0.000
KJ Coetzer (SCOT),2008-2019,2008,2019,11,58,5,11,0,71,5,Mar-25,14.2,6.45,13.2,0,0,0.09,0.16,0.11,0.000
H Dandapani (Fin),2019-2019,2019,2019,0,5,5,15,0,90,5,02-Jun,18,6,18,0,0,1.00,0.17,0.75,0.000
LA Dawson (ENG),2016-2018,2016,2018,2,6,6,20,0,152,5,Mar-27,30.4,7.6,24,0,0,0.83,0.13,0.62,0.000
DM de Silva (SL),2015-2019,2015,2019,4,13,7,15,0,100,5,Feb-22,20,6.66,18,0,0,0.38,0.15,0.31,0.000
AC Douglas (BMUDA),2019-2019,2019,2019,0,10,2,4.2,0,30,5,May-18,6,6.92,5.2,0,1,0.50,0.14,0.39,0.100
A Flintoff (ENG),2005-2007,2005,2007,2,7,7,25,0,161,5,Feb-23,32.2,6.44,30,0,0,0.71,0.16,0.55,0.000
R Frylinck (SA),2017-2018,2017,2018,1,3,3,10,0,62,5,Feb-20,12.4,6.2,12,0,0,1.67,0.16,1.22,0.000
GC Galanis (),2019-2019,2019,2019,0,2,2,4.2,0,32,5,Mar-32,6.4,7.38,5.2,0,0,2.50,0.14,1.79,0.000
WT Gavera (PNG),2015-2017,2015,2017,2,6,6,17,1,113,5,Mar-17,22.6,6.64,20.4,0,0,0.83,0.15,0.63,0.000
DAS Gunaratne (SL),2016-2017,2016,2017,1,12,10,24.5,0,204,5,01-Nov,40.8,8.21,29.8,0,0,0.42,0.12,0.33,0.000
MD Gunathilaka (SL),2016-2019,2016,2019,3,21,9,15.4,0,128,5,02-Mar,25.6,8.17,18.8,0,0,0.24,0.12,0.20,0.000
AM Guruge (UAE),2014-2015,2014,2015,1,5,5,16,0,125,5,Feb-18,25,7.81,19.2,0,0,1.00,0.13,0.74,0.000
J Hurley (Arg),2019-2019,2019,2019,0,3,3,10,0,33,5,Mar-13,6.6,3.3,12,0,0,1.67,0.30,1.26,0.000
Imran Anwar (BAH),2019-2019,2019,2019,0,4,4,16,0,134,5,Feb-24,26.8,8.37,19.2,0,0,1.25,0.12,0.91,0.000
MS Kasprowicz (AUS),2005-2005,2005,2005,0,2,2,7,0,57,5,Apr-29,11.4,8.14,8.4,1,0,2.50,0.12,1.79,0.000
VJ Kingma (NL),2016-2019,2016,2019,3,4,4,14.4,0,142,5,Feb-47,28.4,9.68,17.6,0,0,1.25,0.10,0.91,0.000
SC Kuggeleijn (NZ),2019-2019,2019,2019,0,9,9,26.5,0,260,5,Feb-38,52,9.68,32.2,0,0,0.56,0.10,0.42,0.000
R Kumar (ROM),2019-2019,2019,2019,0,4,3,12,0,98,5,Feb-28,19.6,8.16,14.4,0,0,1.25,0.12,0.91,0.000
GD McGrath (AUS),2005-2005,2005,2005,0,2,2,8,0,79,5,Mar-31,15.8,9.87,9.6,0,0,2.50,0.10,1.78,0.000
MW Machan (SCOT),2013-2016,2013,2016,3,13,7,22.3,0,156,5,Mar-23,31.2,6.93,27,0,0,0.38,0.14,0.31,0.000
P Mishra (),2019-2019,2019,2019,0,3,3,9,0,37,5,03-Dec,7.4,4.11,10.8,0,0,1.67,0.24,1.24,0.000
DJ Mitchell (NZ),2019-2019,2019,2019,0,9,5,9.1,0,89,5,Feb-27,17.8,9.7,11,0,0,0.56,0.10,0.42,0.000
Mosaddek Hossain (BDESH),2016-2019,2016,2019,3,14,12,21.4,0,160,5,Feb-21,32,7.38,26,0,0,0.36,0.14,0.29,0.000
Muhammad Nadeem (Saudi),2019-2019,2019,2019,0,5,2,5,0,49,5,Mar-16,9.8,9.8,6,0,0,1.00,0.10,0.73,0.000
Muhammad Saleem (),2019-2019,2019,2019,0,4,4,11,1,45,5,Mar-19,9,4.09,13.2,0,0,1.25,0.24,0.95,0.000
Muhammad Wafiq (MAL),2019-2019,2019,2019,0,4,4,16,1,114,5,03-Oct,22.8,7.12,19.2,0,0,1.25,0.14,0.92,0.000
DM Nakrani (UGA),2019-2019,2019,2019,0,4,4,12,0,93,5,Feb-29,18.6,7.75,14.4,0,0,1.25,0.13,0.91,0.000
W Nalisa (VAN),2019-2019,2019,2019,0,9,7,20,0,177,5,Feb-25,35.4,8.85,24,0,0,0.56,0.11,0.42,0.000
Naved-ul-Hasan (PAK),2006-2010,2006,2010,4,4,4,14.1,0,101,5,Mar-19,20.2,7.12,17,0,0,1.25,0.14,0.92,0.000
RJ Nicol (NZ),2010-2013,2010,2013,3,21,13,20.3,0,167,5,Feb-20,33.4,8.14,24.6,0,0,0.24,0.12,0.20,0.000
PJ Ongondo (KENYA),2007-2008,2007,2008,1,8,8,26,1,177,5,Feb-18,35.4,6.8,31.2,0,0,0.63,0.15,0.48,0.000
MW Parkinson (ENG),2019-2019,2019,2019,0,2,2,6,0,61,5,Apr-47,12.2,10.16,7.2,1,0,2.50,0.10,1.78,0.000
MIA Patel (MWI),2019-2019,2019,2019,0,3,3,12,0,83,5,Mar-25,16.6,6.91,14.4,0,0,1.67,0.14,1.21,0.000
NK Patel (USA),2019-2019,2019,2019,0,4,4,13,1,61,5,02-Aug,12.2,4.69,15.6,0,0,1.25,0.21,0.94,0.000
SS Pathirana (SL),2016-2017,2016,2017,1,5,5,15.5,0,119,5,Feb-23,23.8,7.51,19,0,0,1.00,0.13,0.74,0.000
K Pierre (WI),2018-2019,2018,2019,1,8,8,23,0,203,5,Feb-44,40.6,8.82,27.6,0,0,0.63,0.11,0.47,0.000
J Rasu (VAN),2019-2019,2019,2019,0,13,2,3.5,0,44,5,May-36,8.8,11.47,4.6,0,1,0.38,0.09,0.30,0.077
DMW Rawlins (BMUDA),2019-2019,2019,2019,0,11,11,37,0,285,5,Feb-22,57,7.7,44.4,0,0,0.45,0.13,0.36,0.000
Raza Iqbal (NOR),2019-2019,2019,2019,0,5,4,13,0,85,5,Feb-20,17,6.53,15.6,0,0,1.00,0.15,0.75,0.000
LH Rodrigues (),2019-2019,2019,2019,0,4,4,13,1,61,5,Mar-15,12.2,4.69,15.6,0,0,1.25,0.21,0.94,0.000
HAM Shah (DEN),2019-2019,2019,2019,0,9,4,10,0,86,5,Apr-23,17.2,8.6,12,1,0,0.56,0.12,0.42,0.000
KD Shah (HKG),2014-2019,2014,2019,5,26,9,24,1,190,5,Feb-31,38,7.91,28.8,0,0,0.19,0.13,0.17,0.000
V Shankar (INDIA),2018-2019,2018,2019,1,9,6,21,0,191,5,Feb-32,38.2,9.09,25.2,0,0,0.56,0.11,0.42,0.000
Sharafuddin Ashraf (AFG),2015-2019,2015,2019,4,8,8,25,1,201,5,Mar-27,40.2,8.04,30,0,0,0.63,0.12,0.47,0.000
Sohail Khan (PAK),2008-2017,2008,2017,9,5,5,15,0,123,5,Feb-13,24.6,8.2,18,0,0,1.00,0.12,0.74,0.000
ACF Stokes (GUE),2019-2019,2019,2019,0,7,7,23.2,0,152,5,Feb-26,30.4,6.51,28,0,0,0.71,0.15,0.55,0.000
Tauqeer Hussain (ESP),2019-2019,2019,2019,0,4,4,9.3,0,48,5,02-Dec,9.6,5.05,11.4,0,0,1.25,0.20,0.93,0.000
RML Taylor (SCOT),2013-2016,2013,2016,3,9,9,25,1,196,5,Mar-17,39.2,7.84,30,0,0,0.56,0.13,0.43,0.000
RJW Topley (ENG),2015-2016,2015,2016,1,6,6,17.1,0,173,5,Mar-24,34.6,10.07,20.6,0,0,0.83,0.10,0.61,0.000
Usama Master (MWI),2019-2019,2019,2019,0,6,5,13.1,0,106,5,Feb-24,21.2,8.05,15.8,0,0,0.83,0.12,0.62,0.000
LV van Beek (NL),2014-2016,2014,2016,2,8,7,17,0,160,5,03-Sep,32,9.41,20.4,0,0,0.63,0.11,0.47,0.000
W Viraliliu (VAN),2019-2019,2019,2019,0,10,9,20.2,0,164,5,Mar-19,32.8,8.06,24.4,0,0,0.50,0.12,0.39,0.000
S Waqas Ahmed (NOR),2019-2019,2019,2019,0,5,4,10,0,83,5,Feb-24,16.6,8.3,12,0,0,1.00,0.12,0.74,0.000
AA Westphal (Mex),2019-2019,2019,2019,0,5,5,19,0,65,5,02-Oct,13,3.42,22.8,0,0,1.00,0.29,0.79,0.000
BTJ Wheal (SCOT),2016-2017,2016,2017,1,5,5,17.2,0,143,5,Mar-20,28.6,8.25,20.8,0,0,1.00,0.12,0.74,0.000
Yamin Ahmadzai (AFG),2015-2015,2015,2015,0,2,2,7.1,0,65,5,Mar-34,13,9.06,8.6,0,0,2.50,0.11,1.78,0.000
Yasar Haroon (),2019-2019,2019,2019,0,4,4,13,1,72,5,Feb-18,14.4,5.53,15.6,0,0,1.25,0.18,0.93,0.000
Yasir Ali (ESP),2019-2019,2019,2019,0,9,5,9.5,0,52,5,02-Nov,10.4,5.28,11.8,0,0,0.56,0.19,0.45,0.000
Abul Hasan (BDESH),2012-2018,2012,2018,6,5,5,14,0,148,4,Feb-33,37,10.57,21,0,0,0.80,0.09,0.59,0.000
Abu Jayed (BDESH),2018-2018,2018,2018,0,3,3,11,0,106,4,Feb-27,26.5,9.63,16.5,0,0,1.33,0.10,0.96,0.000
Afif Hossain (BDESH),2018-2019,2018,2019,1,8,5,10,1,79,4,02-Sep,19.75,7.9,15,0,0,0.50,0.13,0.39,0.000
SA Ahmad (DEN),2019-2019,2019,2019,0,5,3,9,1,40,4,03-Sep,10,4.44,13.5,0,0,0.80,0.23,0.63,0.000
D Ajekun (NGA),2019-2019,2019,2019,0,6,6,11.1,0,76,4,01-May,19,6.8,16.7,0,0,0.67,0.15,0.51,0.000
DI Allan (KENYA),2012-2013,2012,2013,1,10,7,9.2,0,82,4,02-Aug,20.5,8.78,14,0,0,0.40,0.11,0.31,0.000
MA Aponso (SL),2018-2018,2018,2018,0,3,3,10,0,79,4,Feb-29,19.75,7.9,15,0,0,1.33,0.13,0.97,0.000
Arslan Ahmed (),2019-2019,2019,2019,0,3,3,9,1,40,4,Mar-15,10,4.44,13.5,0,0,1.33,0.23,1.00,0.000
Ashiqullah Said (Belg),2019-2019,2019,2019,0,3,3,11,0,82,4,Feb-34,20.5,7.45,16.5,0,0,1.33,0.13,0.97,0.000
A Aspiotis (),2019-2019,2019,2019,0,3,3,11,0,71,4,Feb-24,17.75,6.45,16.5,0,0,1.33,0.16,0.98,0.000
Asrar Ahmed (),2019-2019,2019,2019,0,3,3,10,2,46,4,02-Apr,11.5,4.6,15,0,0,1.33,0.22,1.00,0.000
NJ Astle (NZ),2005-2006,2005,2006,1,4,2,6.5,0,50,4,Mar-20,12.5,7.31,10.2,0,0,1.00,0.14,0.74,0.000
R Avery (),2019-2019,2019,2019,0,4,4,11,0,66,4,Feb-13,16.5,6,16.5,0,0,1.00,0.17,0.75,0.000
JD Baker (Samoa),2019-2019,2019,2019,0,4,4,13,0,107,4,Feb-32,26.75,8.23,19.5,0,0,1.00,0.12,0.74,0.000
HMCM Bandara (SL),2006-2009,2006,2009,3,4,4,14,0,96,4,Mar-32,24,6.85,21,0,0,1.00,0.15,0.74,0.000
HH Banner (Blz),2019-2019,2019,2019,0,3,3,12,1,67,4,Feb-18,16.75,5.58,18,0,0,1.33,0.18,0.99,0.000
MD Bates (NZ),2012-2012,2012,2012,0,3,3,11,0,107,4,Mar-31,26.75,9.72,16.5,0,0,1.33,0.10,0.96,0.000
S Bau (PNG),2016-2019,2016,2019,3,23,10,14,0,79,4,02-Apr,19.75,5.64,21,0,0,0.17,0.18,0.17,0.000
TS Braat (NL),2019-2019,2019,2019,0,3,3,10,0,70,4,Mar-26,17.5,7,15,0,0,1.33,0.14,0.98,0.000
GB Brent (ZIM),2006-2007,2006,2007,1,3,3,11,0,93,4,Feb-19,23.25,8.45,16.5,0,0,1.33,0.12,0.97,0.000
J Bulele (Moz),2019-2019,2019,2019,0,7,5,14.2,0,107,4,Feb-30,26.75,7.46,21.5,0,0,0.57,0.13,0.44,0.000
DE Burgess (Samoa),2019-2019,2019,2019,0,4,3,8.3,0,86,4,Mar-47,21.5,10.11,12.7,0,0,1.00,0.10,0.73,0.000
PP Chawla (INDIA),2010-2012,2010,2012,2,7,7,23,1,151,4,Feb-13,37.75,6.56,34.5,0,0,0.57,0.15,0.45,0.000
MD Dai (PNG),2015-2017,2015,2017,2,9,9,25,0,157,4,Feb-13,39.25,6.28,37.5,0,0,0.44,0.16,0.36,0.000
I Danladi (NGA),2019-2019,2019,2019,0,3,3,9,0,52,4,02-Oct,13,5.77,13.5,0,0,1.33,0.17,0.99,0.000
K Dasan (),2019-2019,2019,2019,0,3,2,8,0,52,4,Mar-23,13,6.5,12,0,0,1.33,0.15,0.98,0.000
JM Davison (CAN),2008-2010,2008,2010,2,5,5,18,0,91,4,Feb-19,22.75,5.05,27,0,0,0.80,0.20,0.62,0.000
RR Emrit (WI),2018-2018,2018,2018,0,4,4,16,0,156,4,Jan-24,39,9.75,24,0,0,1.00,0.10,0.73,0.000
S Goustis (),2019-2019,2019,2019,0,3,3,9,1,42,4,Feb-28,10.5,4.66,13.5,0,0,1.33,0.21,1.00,0.000
Jandu Hamoud (KUW),2019-2019,2019,2019,0,6,6,16,0,112,4,Feb-25,28,7,24,0,0,0.67,0.14,0.51,0.000
RJ Harris (AUS),2010-2010,2010,2010,0,3,3,11.4,1,95,4,Feb-27,23.75,8.14,17.5,0,0,1.33,0.12,0.97,0.000
MC Henriques (AUS),2009-2017,2009,2017,8,11,7,17,0,158,4,Feb-35,39.5,9.29,25.5,0,0,0.36,0.11,0.29,0.000
MG Hunter (GIBR),2019-2019,2019,2019,0,4,4,11.3,0,63,4,Feb-22,15.75,5.47,17.2,0,0,1.00,0.18,0.75,0.000
Hussain Talat (PAK),2018-2019,2018,2019,1,14,6,6,0,54,4,02-Dec,13.5,9,9,0,0,0.29,0.11,0.23,0.000
AF Ifill (Caym),2019-2019,2019,2019,0,6,6,18.3,1,151,4,01-Jul,37.75,8.16,27.7,0,0,0.67,0.12,0.50,0.000
Imran Bulbulia (PNM),2019-2019,2019,2019,0,3,3,10,0,59,4,Feb-20,14.75,5.9,15,0,0,1.33,0.17,0.98,0.000
RK Inampud (Mex),2019-2019,2019,2019,0,3,3,12,0,68,4,Feb-29,17,5.66,18,0,0,1.33,0.18,0.99,0.000
DF Jacobs (THAI),2019-2019,2019,2019,0,4,2,5,0,26,4,Apr-13,6.5,5.2,7.5,1,0,1.00,0.19,0.76,0.000
Joginder Sharma (INDIA),2007-2007,2007,2007,0,4,4,14.3,0,138,4,Feb-20,34.5,9.51,21.7,0,0,1.00,0.11,0.73,0.000
MO Jones (BMUDA),2019-2019,2019,2019,0,8,7,15,0,116,4,Feb-26,29,7.73,22.5,0,0,0.50,0.13,0.39,0.000
MBS Jonkman (NL),2010-2010,2010,2010,0,3,3,8,0,47,4,Feb-21,11.75,5.87,12,0,0,1.33,0.17,0.98,0.000
S Kaul (INDIA),2018-2019,2018,2019,1,3,3,9.4,0,84,4,Feb-35,21,8.68,14.5,0,0,1.33,0.12,0.97,0.000
S Kizilkaya (TKY),2019-2019,2019,2019,0,4,4,9,0,74,4,02-Sep,18.5,8.22,13.5,0,0,1.00,0.12,0.74,0.000
V Kohli (INDIA),2010-2019,2010,2019,9,75,12,24.2,0,198,4,Jan-13,49.5,8.13,36.5,0,0,0.05,0.12,0.07,0.000
A Krishna (SGP),2019-2019,2019,2019,0,4,4,12,0,121,4,Mar-27,30.25,10.08,18,0,0,1.00,0.10,0.73,0.000
GA Lamb (ZIM),2010-2010,2010,2010,0,5,5,12.1,0,80,4,Feb-14,20,6.57,18.2,0,0,0.80,0.15,0.61,0.000
A Lark (Aut),2019-2019,2019,2019,0,5,4,10.5,0,55,4,Mar-20,13.75,5.07,16.2,0,0,0.80,0.20,0.62,0.000
E Leie (SA),2015-2015,2015,2015,0,2,2,6,0,48,4,Mar-16,12,8,9,0,0,2.00,0.13,1.44,0.000
J Lewis (ENG),2005-2007,2005,2007,2,2,2,7,0,55,4,Apr-24,13.75,7.85,10.5,1,0,2.00,0.13,1.44,0.000
ML Lewis (AUS),2006-2006,2006,2006,0,2,2,7.3,0,49,4,Feb-18,12.25,6.53,11.2,0,0,2.00,0.15,1.45,0.000
T Lungameni (NAM),2019-2019,2019,2019,0,6,6,16,1,88,4,Feb-16,22,5.5,24,0,0,0.67,0.18,0.52,0.000
CJ McKay (AUS),2010-2013,2010,2013,3,6,6,22.4,1,183,4,Feb-24,45.75,8.07,34,0,0,0.67,0.12,0.50,0.000
CS MacLeod (SCOT),2009-2019,2009,2019,10,49,11,23,0,174,4,Feb-17,43.5,7.56,34.5,0,0,0.08,0.13,0.10,0.000
SW Masakadza (ZIM),2010-2013,2010,2013,3,7,7,19.3,0,211,4,Feb-39,52.75,10.82,29.2,0,0,0.57,0.09,0.43,0.000
GE Mathurin (WI),2011-2012,2011,2012,1,3,3,10,0,65,4,03-Sep,16.25,6.5,15,0,0,1.33,0.15,0.98,0.000
Mehidy Hasan Miraz (BDESH),2017-2018,2017,2018,1,13,13,36,0,330,4,Feb-31,82.5,9.16,54,0,0,0.31,0.11,0.25,0.000
K Mendon (CZK-R),2019-2019,2019,2019,0,6,5,8.4,0,78,4,Mar-19,19.5,9,13,0,0,0.67,0.11,0.50,0.000
Mohammad Ahsan (KUW),2019-2019,2019,2019,0,6,6,20,0,192,4,Feb-31,48,9.6,30,0,0,0.67,0.10,0.50,0.000
Mohammad Kashif (NL),2010-2010,2010,2010,0,3,3,7,0,55,4,Feb-28,13.75,7.85,10.5,0,0,1.33,0.13,0.97,0.000
PL Mommsen (SCOT),2012-2016,2012,2016,4,24,7,23,0,164,4,Jan-23,41,7.13,34.5,0,0,0.17,0.14,0.16,0.000
JK Mukhiya (NEPAL),2014-2015,2014,2015,1,4,4,10,0,56,4,Mar-18,14,5.6,15,0,0,1.00,0.18,0.75,0.000
C Munro (NZ),2012-2019,2012,2019,7,60,12,19.4,0,186,4,01-Dec,46.5,9.45,29.5,0,0,0.07,0.11,0.08,0.000
N M'shangwe (ZIM),2013-2014,2013,2014,1,5,5,16,0,142,4,Feb-33,35.5,8.87,24,0,0,0.80,0.11,0.59,0.000
Najjam Shahzad (PORT),2019-2019,2019,2019,0,4,4,12.2,0,65,4,Feb-16,16.25,5.27,18.5,0,0,1.00,0.19,0.76,0.000
Nawroz Mangal (AFG),2010-2017,2010,2017,7,32,6,10,0,80,4,Mar-23,20,8,15,0,0,0.13,0.13,0.13,0.000
Nazril Rahman (MAL),2019-2019,2019,2019,0,7,7,17,0,166,4,Feb-28,41.5,9.76,25.5,0,0,0.57,0.10,0.43,0.000
SN Netravalkar (USA),2019-2019,2019,2019,0,8,8,22.4,0,161,4,Feb-28,40.25,7.1,34,0,0,0.50,0.14,0.39,0.000
JO Ngoche (KENYA),2012-2013,2012,2013,1,7,7,24,0,140,4,Feb-31,35,5.83,36,0,0,0.57,0.17,0.45,0.000
Nizakat Khan (HKG),2014-2019,2014,2019,5,34,5,14,0,83,4,Mar-19,20.75,5.92,21,0,0,0.12,0.17,0.13,0.000
AA Noffke (AUS),2007-2008,2007,2008,1,2,2,7.3,1,41,4,Mar-18,10.25,5.46,11.2,0,0,2.00,0.18,1.45,0.000
GM Ntambalika (MWI),2019-2019,2019,2019,0,3,3,9,0,56,4,Feb-13,14,6.22,13.5,0,0,1.33,0.16,0.98,0.000
LN Onyango (KENYA),2007-2010,2007,2010,3,5,5,13,0,128,4,Feb-17,32,9.84,19.5,0,0,0.80,0.10,0.59,0.000
MM Patel (INDIA),2011-2011,2011,2011,0,3,3,10,0,86,4,Feb-25,21.5,8.6,15,0,0,1.33,0.12,0.97,0.000
RR Patel (KENYA),2008-2019,2008,2019,11,30,7,15,0,104,4,Feb-19,26,6.93,22.5,0,0,0.13,0.14,0.14,0.000
VD Philander (SA),2007-2007,2007,2007,0,7,6,13.5,0,114,4,Feb-23,28.5,8.24,20.7,0,0,0.57,0.12,0.44,0.000
S Pillai (CRC),2019-2019,2019,2019,0,3,3,8.4,0,56,4,Mar-14,14,6.46,13,0,0,1.33,0.15,0.98,0.000
EB Ringera (KENYA),2019-2019,2019,2019,0,1,1,4,0,18,4,Apr-18,4.5,4.5,6,1,0,4.00,0.22,2.87,0.000
S Rossi (Arg),2019-2019,2019,2019,0,5,3,6.5,2,21,4,Feb-15,5.25,3.07,10.2,0,0,0.80,0.33,0.66,0.000
Sahir Naqash (GER),2019-2019,2019,2019,0,7,5,9,0,52,4,02-Mar,13,5.77,13.5,0,0,0.57,0.17,0.45,0.000
O Sam Arthur (CRC),2019-2019,2019,2019,0,3,3,9,0,76,4,Feb-21,19,8.44,13.5,0,0,1.33,0.12,0.97,0.000
MM Sarwar (KUW),2019-2019,2019,2019,0,5,4,10.4,0,99,4,Feb-13,24.75,9.28,16,0,0,0.80,0.11,0.59,0.000
A Sathya (Mex),2019-2019,2019,2019,0,3,3,11.3,0,76,4,Feb-32,19,6.6,17.2,0,0,1.33,0.15,0.98,0.000
CP Schofield (ENG),2007-2007,2007,2007,0,4,4,12.5,0,92,4,Feb-15,23,7.16,19.2,0,0,1.00,0.14,0.74,0.000
L Shafeeg (Mald),2019-2019,2019,2019,0,3,3,11,0,76,4,Mar-33,19,6.9,16.5,0,0,1.33,0.14,0.98,0.000
Shahadat Hossain (BDESH),2006-2013,2006,2013,7,6,6,20,0,198,4,Feb-22,49.5,9.9,30,0,0,0.67,0.10,0.50,0.000
NK Shetty (Mex),2019-2019,2019,2019,0,2,2,8,0,42,4,Mar-17,10.5,5.25,12,0,0,2.00,0.19,1.46,0.000
L Sipamla (SA),2019-2019,2019,2019,0,5,5,15.4,0,131,4,Feb-22,32.75,8.36,23.5,0,0,0.80,0.12,0.60,0.000
Sohag Gazi (BDESH),2012-2015,2012,2015,3,10,10,35,1,299,4,Jan-28,74.75,8.54,52.5,0,0,0.40,0.12,0.32,0.000
DC Stovell (BMUDA),2019-2019,2019,2019,0,6,6,17.2,0,126,4,Feb-21,31.5,7.26,26,0,0,0.67,0.14,0.51,0.000
AO Suji (KENYA),2007-2010,2007,2010,3,8,6,16.1,1,116,4,Feb-23,29,7.17,24.2,0,0,0.50,0.14,0.39,0.000
Syed Aziz (MAL),2019-2019,2019,2019,0,14,8,24.5,0,187,4,Feb-33,46.75,7.53,37.2,0,0,0.29,0.13,0.24,0.000
Syed Rasel (BDESH),2007-2008,2007,2008,1,8,8,29,2,202,4,01-Oct,50.5,6.96,43.5,0,0,0.50,0.14,0.39,0.000
A Uniyal (Chile),2019-2019,2019,2019,0,3,3,9,1,59,4,Mar-17,14.75,6.55,13.5,0,0,1.33,0.15,0.98,0.000
Usman Ali (Saudi),2019-2019,2019,2019,0,5,5,19,0,130,4,Jan-21,32.5,6.84,28.5,0,0,0.80,0.15,0.60,0.000
TCW Veillard (GUE),2019-2019,2019,2019,0,4,4,16,0,93,4,Jan-15,23.25,5.81,24,0,0,1.00,0.17,0.75,0.000
BV Vitori (ZIM),2012-2016,2012,2016,4,11,11,39.4,0,323,4,Jan-24,80.75,8.14,59.5,0,0,0.36,0.12,0.29,0.000
Waqas Barkat (HKG),2014-2019,2014,2019,5,22,10,21.2,0,152,4,Feb-13,38,7.12,32,0,0,0.18,0.14,0.17,0.000
SMK Waththage (CZK-R),2019-2019,2019,2019,0,5,5,12,3,66,4,03-Apr,16.5,5.5,18,0,0,0.80,0.18,0.61,0.000
K Weeraratne (SL),2008-2009,2008,2009,1,5,5,15,0,126,4,Apr-19,31.5,8.4,22.5,1,0,0.80,0.12,0.60,0.000
CM Wright (SCOT),2007-2009,2007,2009,2,3,2,5,0,49,4,Mar-29,12.25,9.8,7.5,0,0,1.33,0.10,0.96,0.000
SA Abbott (AUS),2014-2019,2014,2019,5,4,4,10,0,61,3,Feb-14,20.33,6.1,20,0,0,0.75,0.16,0.57,0.000
AS Abioye (NGA),2019-2019,2019,2019,0,5,4,10,0,87,3,Feb-26,29,8.7,20,0,0,0.60,0.11,0.45,0.000
AR Adams (NZ),2005-2006,2005,2006,1,4,4,12.5,0,105,3,Feb-20,35,8.18,25.6,0,0,0.75,0.12,0.56,0.000
AB Agarkar (INDIA),2006-2007,2006,2007,1,4,3,10.3,1,85,3,02-Oct,28.33,8.09,21,0,0,0.75,0.12,0.56,0.000
A Ahmadhel (),2019-2019,2019,2019,0,3,3,10,0,75,3,Feb-16,25,7.5,20,0,0,1.00,0.13,0.74,0.000
S Appu (MALTA),2019-2019,2019,2019,0,4,4,9,0,74,3,Jan-21,24.66,8.22,18,0,0,0.75,0.12,0.56,0.000
MNM Aslam (KUW),2019-2019,2019,2019,0,6,5,14,0,85,3,Jan-13,28.33,6.07,28,0,0,0.50,0.16,0.40,0.000
TD Astle (NZ),2016-2019,2016,2019,3,3,3,8,0,69,3,Mar-28,23,8.62,16,0,0,1.00,0.12,0.73,0.000
V Ateak (Ghana),2019-2019,2019,2019,0,4,3,11,0,94,3,Feb-36,31.33,8.54,22,0,0,0.75,0.12,0.56,0.000
MS Aulakh (CAN),2012-2013,2012,2013,1,3,3,9,0,82,3,Feb-40,27.33,9.11,18,0,0,1.00,0.11,0.73,0.000
G Bakiweyem (Ghana),2019-2019,2019,2019,0,3,3,10,0,62,3,Feb-15,20.66,6.2,20,0,0,1.00,0.16,0.75,0.000
S Bantzas (),2019-2019,2019,2019,0,1,1,3,0,12,3,03-Dec,4,4,6,0,0,3.00,0.25,2.18,0.000
F Behardien (SA),2012-2018,2012,2018,6,38,3,5,0,27,3,Feb-15,9,5.4,10,0,0,0.08,0.19,0.11,0.000
P Bhart (NOR),2019-2019,2019,2019,0,5,4,12,1,68,3,Feb-29,22.66,5.66,24,0,0,0.60,0.18,0.47,0.000
PRP Boissevain (NL),2019-2019,2019,2019,0,4,4,16,0,116,3,Jan-19,38.66,7.25,32,0,0,0.75,0.14,0.57,0.000
SM Boland (AUS),2016-2016,2016,2016,0,3,3,11,0,90,3,Mar-26,30,8.18,22,0,0,1.00,0.12,0.74,0.000
PR Brown (ENG),2019-2019,2019,2019,0,4,4,13,0,128,3,Jan-29,42.66,9.84,26,0,0,0.75,0.10,0.56,0.000
P Buccimazza (PORT),2019-2019,2019,2019,0,4,4,13,0,86,3,Feb-18,28.66,6.61,26,0,0,0.75,0.15,0.57,0.000
N Buckle (GUE),2019-2019,2019,2019,0,3,3,10,0,76,3,Mar-26,25.33,7.6,20,0,0,1.00,0.13,0.74,0.000
CG Burnett (SCOT),2013-2013,2013,2013,0,1,1,4,0,18,3,Mar-18,6,4.5,8,0,0,3.00,0.22,2.17,0.000
HL Carlyon (JER),2019-2019,2019,2019,0,9,3,6,0,42,3,Mar-15,14,7,12,0,0,0.33,0.14,0.28,0.000
MS Chapman (HKG/NZ),2014-2018,2014,2018,4,24,4,10,0,77,3,01-Oct,25.66,7.7,20,0,0,0.13,0.13,0.13,0.000
M Chauhan (Fin),2019-2019,2019,2019,0,2,2,8,1,38,3,Feb-16,12.66,4.75,16,0,0,1.50,0.21,1.11,0.000
TLW Cooper (NL),2012-2016,2012,2016,4,18,9,17,0,132,3,Feb-18,44,7.76,34,0,0,0.17,0.13,0.16,0.000
M Cope (LUX),2019-2019,2019,2019,0,2,2,5,0,61,3,Feb-23,20.33,12.2,10,0,0,1.50,0.08,1.07,0.000
BCJ Cutting (AUS/World),2013-2017,2013,2017,4,7,7,21,0,215,3,Jan-18,71.66,10.23,42,0,0,0.43,0.10,0.33,0.000
TH David (SGP),2019-2019,2019,2019,0,12,9,22.2,0,202,3,Jan-18,67.33,9.04,44.6,0,0,0.25,0.11,0.21,0.000
NS Dhaliwal (CAN),2019-2019,2019,2019,0,12,5,8,0,43,3,01-Nov,14.33,5.37,16,0,0,0.25,0.19,0.23,0.000
SDJJ Dima (Moz),2019-2019,2019,2019,0,4,2,5,0,57,3,Mar-41,19,11.4,10,0,0,0.75,0.09,0.55,0.000
S Dube (INDIA),2019-2019,2019,2019,0,6,6,12.3,0,114,3,Mar-30,38,9.12,25,0,0,0.50,0.11,0.38,0.000
RMS Eranga (SL),2012-2013,2012,2013,1,3,3,11,0,90,3,Feb-30,30,8.18,22,0,0,1.00,0.12,0.74,0.000
L Evile (Samoa),2019-2019,2019,2019,0,4,4,12,1,67,3,1/0,22.33,5.58,24,0,0,0.75,0.18,0.58,0.000
Farhan Ahmed (UAE),2016-2016,2016,2016,0,3,3,9,0,66,3,Feb-28,22,7.33,18,0,0,1.00,0.14,0.74,0.000
Fawad Ahmed (AUS),2013-2013,2013,2013,0,2,2,8,0,68,3,Mar-25,22.66,8.5,16,0,0,1.50,0.12,1.09,0.000
B Fernando (SL),2015-2015,2015,2015,0,2,2,7.2,0,71,3,Feb-33,23.66,9.68,14.6,0,0,1.50,0.10,1.08,0.000
P Florin (ROM),2019-2019,2019,2019,0,4,2,1.4,0,10,3,02-Mar,3.33,6,3.3,0,0,0.75,0.17,0.58,0.000
BC Fortuin (SA),2019-2019,2019,2019,0,2,2,7,0,51,3,Feb-19,17,7.28,14,0,0,1.50,0.14,1.09,0.000
ST Gabriel (WI),2013-2013,2013,2013,0,2,2,7,0,56,3,Mar-44,18.66,8,14,0,0,1.50,0.13,1.09,0.000
CJ Gannon (USA),2019-2019,2019,2019,0,4,3,9,0,67,3,Feb-21,22.33,7.44,18,0,0,0.75,0.13,0.57,0.000
D Gough (ENG),2005-2006,2005,2006,1,2,2,6.5,0,49,3,Mar-16,16.33,7.17,13.6,0,0,1.50,0.14,1.09,0.000
TGJ Gruijters (NL),2012-2013,2012,2013,1,8,5,12,0,74,3,01-May,24.66,6.16,24,0,0,0.38,0.16,0.31,0.000
HF Gurney (ENG),2014-2014,2014,2014,0,2,2,8,0,55,3,Feb-26,18.33,6.87,16,0,0,1.50,0.15,1.09,0.000
AJ Hall (SA),2006-2006,2006,2006,0,2,2,8,0,60,3,Mar-22,20,7.5,16,0,0,1.50,0.13,1.09,0.000
SM Harwood (AUS),2007-2009,2007,2009,2,3,3,12,0,113,3,Feb-21,37.66,9.41,24,0,0,1.00,0.11,0.73,0.000
Hayatullah Niazi (NOR),2019-2019,2019,2019,0,4,4,10,0,81,3,Jan-19,27,8.1,20,0,0,0.75,0.12,0.56,0.000
J Hill (PHI),2019-2019,2019,2019,0,4,2,6,0,50,3,Feb-27,16.66,8.33,12,0,0,0.75,0.12,0.56,0.000
J Hirschi (MALTA),2019-2019,2019,2019,0,4,4,11,0,96,3,Feb-18,32,8.72,22,0,0,0.75,0.11,0.56,0.000
Z Hoque (THAI),2019-2019,2019,2019,0,3,3,12,0,51,3,Jan-13,17,4.25,24,0,0,1.00,0.24,0.77,0.000
JJ Huo (Moz),2019-2019,2019,2019,0,7,3,10,0,56,3,Mar-14,18.66,5.6,20,0,0,0.43,0.18,0.35,0.000
Ijaz Hussain (ROM),2019-2019,2019,2019,0,3,3,9.5,0,89,3,Feb-19,29.66,9.05,19.6,0,0,1.00,0.11,0.73,0.000
D Jakiel (ZIM),2019-2019,2019,2019,0,2,2,7,0,44,3,Feb-27,14.66,6.28,14,0,0,1.50,0.16,1.10,0.000
GSNFG Jayasuriya (SL),2015-2019,2015,2019,4,16,10,21.5,0,202,3,01-Nov,67.33,9.25,43.6,0,0,0.19,0.11,0.16,0.000
Kaleemullah (OMAN),2017-2019,2017,2019,2,6,6,19,1,132,3,Feb-23,44,6.94,38,0,0,0.50,0.14,0.39,0.000
Kaleem Shah (Moz),2019-2019,2019,2019,0,7,6,17,0,130,3,Feb-24,43.33,7.64,34,0,0,0.43,0.13,0.34,0.000
E Katchay (CAN),2008-2008,2008,2008,0,4,4,10,0,71,3,Jan-18,23.66,7.1,20,0,0,0.75,0.14,0.57,0.000
SKW Kelly (BMUDA),2008-2008,2008,2008,0,3,3,7,0,50,3,Feb-18,16.66,7.14,14,0,0,1.00,0.14,0.74,0.000
P Kerai (KENYA),2019-2019,2019,2019,0,6,5,11,0,82,3,Mar-15,27.33,7.45,22,0,0,0.50,0.13,0.39,0.000
J Kila (PNG),2019-2019,2019,2019,0,12,9,17,0,99,3,01-May,33,5.82,34,0,0,0.25,0.17,0.23,0.000
AC Kose (TKY),2019-2019,2019,2019,0,4,2,8,0,116,3,Feb-62,38.66,14.5,16,0,0,0.75,0.07,0.55,0.000
DS Kulkarni (INDIA),2016-2016,2016,2016,0,2,2,8,0,55,3,Feb-23,18.33,6.87,16,0,0,1.50,0.15,1.09,0.000
CBRLS Kumara (SL),2019-2019,2019,2019,0,3,3,12,0,97,3,Feb-24,32.33,8.08,24,0,0,1.00,0.12,0.74,0.000
UKPW Kumaranayaka (KUW),2019-2019,2019,2019,0,3,3,12,0,102,3,Feb-26,34,8.5,24,0,0,1.00,0.12,0.74,0.000
NCK Liyanage (MAL),2019-2019,2019,2019,0,6,5,14,0,100,3,Jan-19,33.33,7.14,28,0,0,0.50,0.14,0.39,0.000
DL Maddy (ENG),2007-2007,2007,2007,0,4,2,3,0,26,3,02-Jun,8.66,8.66,6,0,0,0.75,0.12,0.56,0.000
S Mahmood (ENG),2019-2019,2019,2019,0,3,3,10,0,115,3,Jan-20,38.33,11.5,20,0,0,1.00,0.09,0.73,0.000
SI Mahmood (ENG),2006-2009,2006,2009,3,4,4,14,0,155,3,Jan-31,51.66,11.07,28,0,0,0.75,0.09,0.55,0.000
MSS Mandy (Chile),2019-2019,2019,2019,0,4,3,8,0,43,3,Feb-19,14.33,5.37,16,0,0,0.75,0.19,0.58,0.000
Mansoor Amjad (PAK),2008-2008,2008,2008,0,1,1,1,0,3,3,03-Mar,1,3,2,0,0,3.00,0.33,2.20,0.000
TS Mills (ENG/ICC),2016-2018,2016,2018,2,5,5,19,1,129,3,Jan-27,43,6.78,38,0,0,0.60,0.15,0.46,0.000
T Mishra (KENYA),2007-2013,2007,2013,6,15,2,5,0,33,3,Mar-25,11,6.6,10,0,0,0.20,0.15,0.19,0.000
K Modise (Botsw),2019-2019,2019,2019,0,3,2,5,0,41,3,Mar-18,13.66,8.2,10,0,0,1.00,0.12,0.74,0.000
Mohammad Ghazanfar (HKG),2019-2019,2019,2019,0,5,5,14,0,85,3,02-Nov,28.33,6.07,28,0,0,0.60,0.16,0.47,0.000
Mohammad Hasnain (PAK),2019-2019,2019,2019,0,4,4,16,0,137,3,Mar-37,45.66,8.56,32,0,0,0.75,0.12,0.56,0.000
Mohammed Siraj (INDIA),2017-2018,2017,2018,1,3,3,12,0,148,3,Jan-45,49.33,12.33,24,0,0,1.00,0.08,0.72,0.000
Musa Shaheen (DEN),2019-2019,2019,2019,0,1,1,2.2,0,11,3,03-Nov,3.66,4.71,4.6,0,0,3.00,0.21,2.16,0.000
Naeem Islam (BDESH),2008-2013,2008,2013,5,10,6,15,0,122,3,Feb-32,40.66,8.13,30,0,0,0.30,0.12,0.25,0.000
A Nathwani (Aut),2019-2019,2019,2019,0,5,4,10,0,79,3,01-Sep,26.33,7.9,20,0,0,0.60,0.13,0.46,0.000
MP O'Dowd (NL),2015-2019,2015,2019,4,36,9,12.4,0,119,3,01-Jul,39.66,9.39,25.3,0,0,0.08,0.11,0.09,0.000
HC Overdijk (NL),2018-2019,2018,2019,1,4,3,8,0,72,3,Feb-23,24,9,16,0,0,0.75,0.11,0.56,0.000
SD Parry (ENG),2014-2015,2014,2015,1,5,5,16,0,138,3,Feb-33,46,8.62,32,0,0,0.60,0.12,0.45,0.000
JL Pattinson (AUS),2011-2012,2011,2012,1,4,4,13,0,104,3,Feb-17,34.66,8,26,0,0,0.75,0.13,0.56,0.000
MDK Perera (SL),2011-2011,2011,2011,0,3,3,10,0,72,3,Mar-26,24,7.2,20,0,0,1.00,0.14,0.74,0.000
J Perman (ESP),2019-2019,2019,2019,0,2,2,8,0,41,3,Feb-18,13.66,5.12,16,0,0,1.50,0.20,1.11,0.000
R Pisal (ROM),2019-2019,2019,2019,0,1,1,3,0,4,3,03-Apr,1.33,1.33,6,0,0,3.00,0.75,2.33,0.000
D Pretorius (SA),2017-2019,2017,2019,2,6,6,14,0,116,3,01-Dec,38.66,8.28,28,0,0,0.50,0.12,0.39,0.000
P Raho (PNG),2016-2016,2016,2016,0,2,2,3,0,20,3,03-Nov,6.66,6.66,6,0,0,1.50,0.15,1.10,0.000
Raja Adeel (ESP),2019-2019,2019,2019,0,3,3,11,0,36,3,Feb-15,12,3.27,22,0,0,1.00,0.31,0.79,0.000
RJ Ranpura (OMAN),2015-2016,2015,2016,1,3,2,6,0,32,3,Feb-17,10.66,5.33,12,0,0,1.00,0.19,0.76,0.000
KB Ratilal (PNM),2019-2019,2019,2019,0,3,3,12,0,61,3,Feb-18,20.33,5.08,24,0,0,1.00,0.20,0.76,0.000
WJR Robertson (JER),2019-2019,2019,2019,0,6,6,18.1,1,101,3,01-Jul,33.66,5.55,36.3,0,0,0.50,0.18,0.40,0.000
M Sert (TKY),2019-2019,2019,2019,0,4,4,10,0,93,3,Feb-38,31,9.3,20,0,0,0.75,0.11,0.56,0.000
A Shahzad (ENG),2010-2011,2010,2011,1,3,3,11,0,97,3,Feb-38,32.33,8.81,22,0,0,1.00,0.11,0.73,0.000
R Sharma (INDIA),2012-2012,2012,2012,0,2,2,7.2,0,56,3,Feb-29,18.66,7.63,14.6,0,0,1.50,0.13,1.09,0.000
Shiraz Khan (KUW),2019-2019,2019,2019,0,6,6,20,0,140,3,Feb-35,46.66,7,40,0,0,0.50,0.14,0.39,0.000
Shoaib Ali (Saudi),2019-2019,2019,2019,0,5,5,15.3,0,129,3,Feb-25,43,8.32,31,0,0,0.60,0.12,0.46,0.000
DJM Short (AUS),2018-2019,2018,2019,1,20,9,19,0,151,3,Jan-13,50.33,7.94,38,0,0,0.15,0.13,0.14,0.000
PM Siddle (AUS),2009-2010,2009,2010,1,2,2,8,0,58,3,Feb-24,19.33,7.25,16,0,0,1.50,0.14,1.09,0.000
Sikander Zulfiqar (NL),2016-2019,2016,2019,3,11,7,10,0,79,3,01-Sep,26.33,7.9,20,0,0,0.27,0.13,0.23,0.000
KM Silva (),2019-2019,2019,2019,0,3,2,3,0,18,3,02-Jan,6,6,6,0,0,1.00,0.17,0.75,0.000
M Simpson-Parker (Aut),2019-2019,2019,2019,0,3,3,5,0,40,3,02-Jun,13.33,8,10,0,0,1.00,0.13,0.74,0.000
S Singh (PHI),2019-2019,2019,2019,0,4,4,11,0,110,3,Mar-32,36.66,10,22,0,0,0.75,0.10,0.56,0.000
DC Smith (PHI),2019-2019,2019,2019,0,4,4,11,0,89,3,01-Aug,29.66,8.09,22,0,0,0.75,0.12,0.56,0.000
A Srivastav (Chile),2019-2019,2019,2019,0,4,3,8,0,73,3,Feb-28,24.33,9.12,16,0,0,0.75,0.11,0.56,0.000
H Ssenyondo (UGA),2019-2019,2019,2019,0,4,3,10,0,48,3,Mar-14,16,4.8,20,0,0,0.75,0.21,0.59,0.000
JH Stander (SCOT),2009-2012,2009,2012,3,11,7,13.3,0,156,3,Feb-24,52,11.55,27,0,0,0.27,0.09,0.22,0.000
Suhail Sadiq (LUX),2019-2019,2019,2019,0,2,2,6,0,45,3,Feb-13,15,7.5,12,0,0,1.50,0.13,1.09,0.000
Syazrul Idrus (MAL),2019-2019,2019,2019,0,2,2,7,0,64,3,Feb-31,21.33,9.14,14,0,0,1.50,0.11,1.08,0.000
Tahir Dar (BAH),2019-2019,2019,2019,0,4,4,14,0,128,3,Feb-31,42.66,9.14,28,0,0,0.75,0.11,0.56,0.000
Tanveer Ahmed (HKG),2016-2017,2016,2017,1,5,5,13.3,0,116,3,Feb-29,38.66,8.59,27,0,0,0.60,0.12,0.45,0.000
SR Taylor (USA),2019-2019,2019,2019,0,8,5,13,1,70,3,02-Oct,23.33,5.38,26,0,0,0.38,0.19,0.32,0.000
AC Thomas (SA),2007-2007,2007,2007,0,1,1,4,0,25,3,Mar-25,8.33,6.25,8,0,0,3.00,0.16,2.15,0.000
SF Tiai (Samoa),2019-2019,2019,2019,0,4,4,11,0,82,3,Feb-16,27.33,7.45,22,0,0,0.75,0.13,0.57,0.000
BM Tickner (NZ),2019-2019,2019,2019,0,3,3,12,0,109,3,Feb-25,36.33,9.08,24,0,0,1.00,0.11,0.73,0.000
DR Tuffey (NZ),2005-2010,2005,2010,5,3,3,10,0,93,3,Feb-16,31,9.3,20,0,0,1.00,0.11,0.73,0.000
AJ Turner (AUS),2017-2019,2017,2019,2,11,3,6,0,42,3,02-Dec,14,7,12,0,0,0.27,0.14,0.23,0.000
MB van Schelven (NL),2015-2015,2015,2015,0,2,2,7,0,30,3,Feb-22,10,4.28,14,0,0,1.50,0.23,1.12,0.000
Vichanath Singh (THAI),2019-2019,2019,2019,0,4,4,16,1,90,3,Jan-15,30,5.62,32,0,0,0.75,0.18,0.58,0.000
Virandeep Singh (MAL),2019-2019,2019,2019,0,12,8,17.2,0,135,3,Feb-15,45,7.78,34.6,0,0,0.25,0.13,0.21,0.000
RR Watson (SCOT),2007-2010,2007,2010,3,10,5,10,0,92,3,01-Apr,30.66,9.2,20,0,0,0.30,0.11,0.24,0.000
RM West (IRE),2009-2009,2009,2009,0,5,5,19,0,142,3,Jan-23,47.33,7.47,38,0,0,0.60,0.13,0.46,0.000
SG Whittingham (SCOT),2018-2018,2018,2018,0,3,3,10,0,79,3,Feb-33,26.33,7.9,20,0,0,1.00,0.13,0.74,0.000
S Wickramasekara (CZK-R),2019-2019,2019,2019,0,5,5,15.3,1,93,3,02-Feb,31,6,31,0,0,0.60,0.17,0.47,0.000
Younis Khan (PAK),2006-2010,2006,2010,4,25,1,3.4,0,18,3,Mar-18,6,4.9,7.3,0,0,0.12,0.20,0.15,0.000
Zahid Hussain (CAN),2012-2012,2012,2012,0,3,3,9.3,0,47,3,Mar-16,15.66,4.94,19,0,0,1.00,0.20,0.76,0.000
Zaki Ul Hassan (Belg),2019-2019,2019,2019,0,3,3,9,0,56,3,01-Dec,18.66,6.22,18,0,0,1.00,0.16,0.75,0.000
C Zavoiu (ROM),2019-2019,2019,2019,0,3,1,1,0,4,3,03-Apr,1.33,4,2,0,0,1.00,0.25,0.78,0.000
Ziaur Rahman (BDESH),2012-2014,2012,2014,2,14,7,12.3,0,127,3,Jan-16,42.33,10.16,25,0,0,0.21,0.10,0.18,0.000
Zulqarnain Haider (ESP),2019-2019,2019,2019,0,5,5,13,0,60,3,01-Jul,20,4.61,26,0,0,0.60,0.22,0.49,0.000
Aamer Yamin (PAK),2015-2018,2015,2018,3,2,2,6,0,37,2,01-Dec,18.5,6.16,18,0,0,1.00,0.16,0.75,0.000
Aaron Jones (USA),2019-2019,2019,2019,0,8,3,7,0,28,2,01-Jun,14,4,21,0,0,0.25,0.25,0.25,0.000
YA Abdulla (SA),2009-2009,2009,2009,0,2,2,7,0,44,2,Jan-16,22,6.28,21,0,0,1.00,0.16,0.75,0.000
AG Achar (SGP),2019-2019,2019,2019,0,3,3,6,0,44,2,01-Sep,22,7.33,18,0,0,0.67,0.14,0.51,0.000
Ahmed Hassan (Mald),2019-2019,2019,2019,0,11,5,7.3,0,81,2,01-Aug,40.5,10.8,22.5,0,0,0.18,0.09,0.16,0.000
Ali Naqi (PORT),2019-2019,2019,2019,0,4,4,10,0,65,2,Feb-20,32.5,6.5,30,0,0,0.50,0.15,0.40,0.000
Alok Kapali (BDESH),2007-2011,2007,2011,4,7,2,5,0,35,2,02-Dec,17.5,7,15,0,0,0.29,0.14,0.24,0.000
Anique Uddin (DEN),2019-2019,2019,2019,0,6,2,2.3,0,14,2,02-Dec,7,5.6,7.5,0,0,0.33,0.18,0.29,0.000
DNA Ankrah (Ghana),2019-2019,2019,2019,0,4,4,12,1,85,2,Jan-21,42.5,7.08,36,0,0,0.50,0.14,0.39,0.000
Apon Mustafizur (Serb),2019-2019,2019,2019,0,2,1,3,0,30,2,Feb-30,15,10,9,0,0,1.00,0.10,0.73,0.000
Aqib Ilyas (OMAN),2015-2019,2015,2019,4,22,4,9,0,59,2,01-Sep,29.5,6.55,27,0,0,0.09,0.15,0.11,0.000
S Arachchige (ITA),2019-2019,2019,2019,0,4,4,6,0,42,2,Feb-15,21,7,18,0,0,0.50,0.14,0.39,0.000
JC Archer (ENG),2019-2019,2019,2019,0,1,1,4,0,29,2,Feb-29,14.5,7.25,12,0,0,2.00,0.14,1.44,0.000
Ashfaq Ahmed (UAE),2018-2019,2018,2019,1,12,2,6,0,34,2,Jan-14,17,5.66,18,0,0,0.17,0.18,0.17,0.000
Atif Kamal (LUX),2019-2019,2019,2019,0,4,4,14,0,90,2,02-May,45,6.42,42,0,0,0.50,0.16,0.40,0.000
Aziz Mohammad (Belg),2019-2019,2019,2019,0,3,3,12,0,84,2,Jan-18,42,7,36,0,0,0.67,0.14,0.51,0.000
MO Bacarese (GIBR),2019-2019,2019,2019,0,3,3,12,0,51,2,Jan-15,25.5,4.25,36,0,0,0.67,0.24,0.54,0.000
LS Baker (WI),2008-2009,2008,2009,1,3,3,8,0,58,2,01-Dec,29,7.25,24,0,0,0.67,0.14,0.51,0.000
JT Ball (ENG),2018-2018,2018,2018,0,2,2,7,0,83,2,Jan-39,41.5,11.85,21,0,0,1.00,0.08,0.73,0.000
GG Banner (Blz),2019-2019,2019,2019,0,3,1,3.3,0,10,2,02-Oct,5,2.85,10.5,0,0,0.67,0.35,0.57,0.000
W Barresi (NL),2012-2019,2012,2019,7,42,3,5.4,0,49,2,01-Mar,24.5,8.64,17,0,0,0.05,0.12,0.07,0.000
RJ Campbell (HKG),2016-2016,2016,2016,0,3,3,10,0,68,2,Feb-28,34,6.8,30,0,0,0.67,0.15,0.51,0.000
P Chandran (Mex),2019-2019,2019,2019,0,3,2,4,0,45,2,Jan-22,22.5,11.25,12,0,0,0.67,0.09,0.49,0.000
FA Cossa (Moz),2019-2019,2019,2019,0,6,5,14,0,110,2,Jan-24,55,7.85,42,0,0,0.33,0.13,0.27,0.000
KM Dabengwa (ZIM),2006-2010,2006,2010,4,8,7,11,0,106,2,01-Jan,53,9.63,33,0,0,0.25,0.10,0.21,0.000
DK Dahyabhai Ahir (PNM),2019-2019,2019,2019,0,2,2,3,0,27,2,02-Nov,13.5,9,9,0,0,1.00,0.11,0.73,0.000
JWM Dalrymple (ENG),2006-2007,2006,2007,1,3,3,5,0,39,2,01-Oct,19.5,7.8,15,0,0,0.67,0.13,0.51,0.000
Dawlat Ahmadzai (AFG),2010-2010,2010,2010,0,2,2,4,0,46,2,Jan-21,23,11.5,12,0,0,1.00,0.09,0.73,0.000
AS Dean (CAN),2008-2013,2008,2013,5,2,2,4,0,32,2,Feb-18,16,8,12,0,0,1.00,0.13,0.74,0.000
AP Devcich (NZ),2013-2014,2013,2014,1,4,4,12,0,80,2,Feb-16,40,6.66,36,0,0,0.50,0.15,0.40,0.000
LHD Dilhara (SL),2008-2008,2008,2008,0,2,2,5,0,30,2,02-Jun,15,6,15,0,0,1.00,0.17,0.75,0.000
N Dipakkumar Patel (PNM),2019-2019,2019,2019,0,3,3,10,0,42,2,Feb-17,21,4.2,30,0,0,0.67,0.24,0.54,0.000
K Dorji (BHU),2019-2019,2019,2019,0,2,2,7,0,69,2,Feb-45,34.5,9.85,21,0,0,1.00,0.10,0.73,0.000
Ehsan Nawaz (HKG),2014-2017,2014,2017,3,5,5,7.4,0,79,2,Jan-22,39.5,10.3,23,0,0,0.40,0.10,0.31,0.000
AM Ellis (NZ),2012-2013,2012,2013,1,5,4,10,0,105,2,Feb-40,52.5,10.5,30,0,0,0.40,0.10,0.31,0.000
Fakhrul Mohon (PORT),2019-2019,2019,2019,0,4,4,14,2,85,2,Jan-21,42.5,6.07,42,0,0,0.50,0.16,0.40,0.000
V Ganesan (GER),2019-2019,2019,2019,0,4,4,9,1,44,2,01-Oct,22,4.88,27,0,0,0.50,0.20,0.41,0.000
B Geeves (AUS),2009-2009,2009,2009,0,1,1,3.2,0,35,2,Feb-35,17.5,10.5,10,0,0,2.00,0.10,1.43,0.000
D Gim (NGA),2019-2019,2019,2019,0,6,4,6,0,65,2,Jan-18,32.5,10.83,18,0,0,0.33,0.09,0.26,0.000
Hafez Farooq (Peru),2019-2019,2019,2019,0,4,1,2,0,14,2,Feb-14,7,7,6,0,0,0.50,0.14,0.39,0.000
LHB Harrington-Myers (Caym),2019-2019,2019,2019,0,4,2,4,0,26,2,Feb-13,13,6.5,12,0,0,0.50,0.15,0.40,0.000
NM Hauritz (AUS),2009-2009,2009,2009,0,3,2,7.2,0,47,2,Jan-20,23.5,6.4,22,0,0,0.67,0.16,0.51,0.000
PA Hitchcock (NZ),2008-2008,2008,2008,0,1,1,3,0,43,2,Feb-43,21.5,14.33,9,0,0,2.00,0.07,1.42,0.000
Imran Ashraf (QAT),2019-2019,2019,2019,0,3,3,9,0,78,2,Feb-23,39,8.66,27,0,0,0.67,0.12,0.50,0.000
Imran Khan (1) (PAK),2015-2015,2015,2015,0,3,3,12,0,106,2,Feb-35,53,8.83,36,0,0,0.67,0.11,0.50,0.000
MM Iqbal (SCOT),2012-2013,2012,2013,1,6,3,8,0,59,2,Feb-15,29.5,7.37,24,0,0,0.33,0.14,0.27,0.000
J Jojo (DEN),2019-2019,2019,2019,0,7,5,17,0,98,2,Feb-25,49,5.76,51,0,0,0.29,0.17,0.25,0.000
Jubair Hossain (BDESH),2015-2015,2015,2015,0,1,1,2,0,20,2,Feb-20,10,10,6,0,0,2.00,0.10,1.43,0.000
Junaid Sheikh (NOR),2019-2019,2019,2019,0,5,5,16,1,104,2,Jan-21,52,6.5,48,0,0,0.40,0.15,0.33,0.000
Kamran Shazad (UAE),2014-2014,2014,2014,0,3,3,8.4,0,77,2,Feb-19,38.5,8.88,26,0,0,0.67,0.11,0.50,0.000
D Kegasitswe (Botsw),2019-2019,2019,2019,0,4,3,12,0,156,2,Jan-43,78,13,36,0,0,0.50,0.08,0.37,0.000
A Khan (ENG),2009-2009,2009,2009,0,1,1,4,0,34,2,Feb-34,17,8.5,12,0,0,2.00,0.12,1.44,0.000
AK Kitchen (NZ),2017-2018,2017,2018,1,5,3,6,0,46,2,01-Mar,23,7.66,18,0,0,0.40,0.13,0.32,0.000
Kuldeep Lal (ESP),2019-2019,2019,2019,0,8,4,9,0,100,2,Feb-33,50,11.11,27,0,0,0.25,0.09,0.20,0.000
B Laughlin (AUS),2009-2013,2009,2013,4,3,3,11.5,0,118,2,Jan-32,59,9.97,35.5,0,0,0.67,0.10,0.50,0.000
KS Lokuarachchi (SL),2012-2012,2012,2012,0,2,2,6,0,48,2,Feb-31,24,8,18,0,0,1.00,0.13,0.74,0.000
J Louw (SA),2008-2009,2008,2009,1,2,2,7,0,54,2,Feb-36,27,7.71,21,0,0,1.00,0.13,0.74,0.000
Lucky Ali (DEN),2019-2019,2019,2019,0,2,2,7,1,40,2,Jan-19,20,5.71,21,0,0,1.00,0.18,0.75,0.000
AJ McKay (NZ),2010-2010,2010,2010,0,2,2,5.4,0,31,2,Feb-20,15.5,5.47,17,0,0,1.00,0.18,0.75,0.000
DSK Madushanka (SL),2018-2018,2018,2018,0,2,2,5.1,0,62,2,Feb-23,31,12,15.5,0,0,1.00,0.08,0.73,0.000
R Mahajan (PHI),2019-2019,2019,2019,0,3,3,10,0,93,2,Jan-18,46.5,9.3,30,0,0,0.67,0.11,0.50,0.000
GI Maiden (SCOT),2008-2008,2008,2008,0,3,3,10,0,58,2,Jan-20,29,5.8,30,0,0,0.67,0.17,0.52,0.000
GT Main (SCOT),2015-2016,2015,2016,1,4,2,4,0,34,2,Jan-13,17,8.5,12,0,0,0.50,0.12,0.39,0.000
P Manning (Caym),2019-2019,2019,2019,0,6,4,8,0,53,2,02-Mar,26.5,6.62,24,0,0,0.33,0.15,0.28,0.000
B Masaba (UGA),2019-2019,2019,2019,0,1,1,4,0,14,2,Feb-14,7,3.5,12,0,0,2.00,0.29,1.49,0.000
H Masakadza (ZIM),2006-2019,2006,2019,13,66,9,12,0,113,2,01-Apr,56.5,9.41,36,0,0,0.03,0.11,0.05,0.000
MJ Mason (NZ),2006-2008,2006,2008,2,3,3,9,0,65,2,Jan-18,32.5,7.22,27,0,0,0.67,0.14,0.51,0.000
B Mavuta (ZIM),2018-2018,2018,2018,0,3,3,12,0,81,2,Jan-19,40.5,6.75,36,0,0,0.67,0.15,0.51,0.000
Z McLaughlin (Caym),2019-2019,2019,2019,0,3,3,7.1,0,54,2,Feb-30,27,7.53,21.5,0,0,0.67,0.13,0.51,0.000
SC Meaker (ENG),2012-2012,2012,2012,0,2,2,7.5,0,70,2,Jan-28,35,8.93,23.5,0,0,1.00,0.11,0.73,0.000
Mohameed Taiwo (NGA),2019-2019,2019,2019,0,2,2,8,0,41,2,Jan-16,20.5,5.12,24,0,0,1.00,0.20,0.76,0.000
Mohammad Adnan (Saudi),2019-2019,2019,2019,0,5,5,17,0,120,2,Jan-27,60,7.05,51,0,0,0.40,0.14,0.32,0.000
Mohsin Hub (Peru),2019-2019,2019,2019,0,4,3,9,0,39,2,Jan-14,19.5,4.33,27,0,0,0.50,0.23,0.42,0.000
Muhammad Rafique (BAH),2019-2019,2019,2019,0,2,2,5,0,63,2,Jan-31,31.5,12.6,15,0,0,1.00,0.08,0.72,0.000
S Murari (CRC),2019-2019,2019,2019,0,3,3,10,0,52,2,01-Oct,26,5.2,30,0,0,0.67,0.19,0.52,0.000
LA Musiani (Arg),2019-2019,2019,2019,0,5,4,15,1,69,2,Jan-16,34.5,4.6,45,0,0,0.40,0.22,0.35,0.000
M Nasim Baras (AFG),2015-2015,2015,2015,0,3,3,8,0,56,2,01-Nov,28,7,24,0,0,0.67,0.14,0.51,0.000
A Nel (SA),2005-2007,2005,2007,2,2,2,8,0,42,2,Feb-19,21,5.25,24,0,0,1.00,0.19,0.76,0.000
R Ngarava (ZIM),2019-2019,2019,2019,0,1,1,4,0,48,2,Feb-48,24,12,12,0,0,2.00,0.08,1.43,0.000
F Nsubuga (UGA),2019-2019,2019,2019,0,3,3,8,0,46,2,Feb-19,23,5.75,24,0,0,0.67,0.17,0.52,0.000
L Nussbaumer (GUE),2019-2019,2019,2019,0,1,1,4,0,44,2,Feb-44,22,11,12,0,0,2.00,0.09,1.43,0.000
E Packard (GIBR),2019-2019,2019,2019,0,4,4,11,0,79,2,01-Aug,39.5,7.18,33,0,0,0.50,0.14,0.39,0.000
MS Panesar (ENG),2007-2007,2007,2007,0,1,1,4,0,40,2,Feb-40,20,10,12,0,0,2.00,0.10,1.43,0.000
NMS Param (SGP),2019-2019,2019,2019,0,8,3,8,0,55,2,Feb-24,27.5,6.87,24,0,0,0.25,0.15,0.22,0.000
HH Patel (MWI),2019-2019,2019,2019,0,7,5,13,0,104,2,Feb-13,52,8,39,0,0,0.29,0.13,0.24,0.000
H Patel (CAN),2010-2013,2010,2013,3,11,5,9.5,0,83,2,Feb-23,41.5,8.44,29.5,0,0,0.18,0.12,0.16,0.000
N Pathan (THAI),2019-2019,2019,2019,0,4,4,6,0,60,2,01-Nov,30,10,18,0,0,0.50,0.10,0.38,0.000
DBL Powell (WI),2007-2007,2007,2007,0,5,5,17,0,131,2,01-Jun,65.5,7.7,51,0,0,0.40,0.13,0.32,0.000
R Powell (WI),2017-2019,2017,2019,2,23,4,8,0,74,2,Jan-20,37,9.25,24,0,0,0.09,0.11,0.09,0.000
A Pusthay (Fin),2019-2019,2019,2019,0,5,4,10,0,90,2,Feb-26,45,9,30,0,0,0.40,0.11,0.31,0.000
S Rakshit (CZK-R),2019-2019,2019,2019,0,7,5,12.5,0,99,2,01-Nov,49.5,7.71,38.5,0,0,0.29,0.13,0.24,0.000
S Ravikumar (CRC),2019-2019,2019,2019,0,3,3,6.2,0,56,2,01-Dec,28,8.84,19,0,0,0.67,0.11,0.50,0.000
Raza-ur-Rehman (CAN),2012-2013,2012,2013,1,5,3,9,0,58,2,Feb-16,29,6.44,27,0,0,0.40,0.16,0.33,0.000
AJ Redmond (NZ),2009-2010,2009,2010,1,7,1,2.5,0,24,2,Feb-24,12,8.47,8.5,0,0,0.29,0.12,0.24,0.000
GA Rogers (SCOT),2008-2009,2008,2009,1,2,2,7.5,0,67,2,Feb-15,33.5,8.55,23.5,0,0,1.00,0.12,0.74,0.000
IH Romaine (BMUDA),2008-2008,2008,2008,0,2,2,3.4,0,21,2,02-Feb,10.5,5.72,11,0,0,1.00,0.17,0.75,0.000
SI Runsewe (NGA),2019-2019,2019,2019,0,6,2,2.3,0,23,2,01-Apr,11.5,9.2,7.5,0,0,0.33,0.11,0.27,0.000
JD Ryder (NZ),2008-2014,2008,2014,6,22,5,10,0,68,2,01-Feb,34,6.8,30,0,0,0.09,0.15,0.11,0.000
Sadeeq Khan (ROM),2019-2019,2019,2019,0,3,3,12,0,63,2,Jan-21,31.5,5.25,36,0,0,0.67,0.19,0.52,0.000
TK Saha (Fin),2019-2019,2019,2019,0,4,4,10,0,88,2,Jan-22,44,8.8,30,0,0,0.50,0.11,0.38,0.000
Sajid Liaqat (GER),2019-2019,2019,2019,0,2,2,8,0,72,2,Jan-30,36,9,24,0,0,1.00,0.11,0.73,0.000
Sandeep Goud (OMAN),2019-2019,2019,2019,0,12,2,6,0,48,2,Feb-36,24,8,18,0,0,0.17,0.13,0.15,0.000
Saqib Zulfiqar (NL),2018-2019,2018,2019,1,6,4,9,0,61,2,01-Apr,30.5,6.77,27,0,0,0.33,0.15,0.28,0.000
Saqlain Ali (Belg),2019-2019,2019,2019,0,2,2,7,0,36,2,01-Dec,18,5.14,21,0,0,1.00,0.19,0.76,0.000
Sarfaraz Ali (BAH),2019-2019,2019,2019,0,4,3,8,0,60,2,Feb-20,30,7.5,24,0,0,0.50,0.13,0.39,0.000
P Sarraf (NEPAL),2019-2019,2019,2019,0,9,6,11,1,58,2,01-Mar,29,5.27,33,0,0,0.22,0.19,0.21,0.000
RR Sarwan (WI),2007-2010,2007,2010,3,18,1,2,0,10,2,02-Oct,5,5,6,0,0,0.11,0.20,0.14,0.000
Shaffeq Muhammad (),2019-2019,2019,2019,0,2,2,7,1,21,2,02-Dec,10.5,3,21,0,0,1.00,0.33,0.80,0.000
Sharif Asadullah (UAE),2014-2014,2014,2014,0,1,1,3,0,21,2,Feb-21,10.5,7,9,0,0,2.00,0.14,1.44,0.000
Shuvagata Hom (BDESH),2016-2016,2016,2016,0,5,4,11,0,71,2,Jan-18,35.5,6.45,33,0,0,0.40,0.16,0.33,0.000
EHSN Silva (UAE),2014-2014,2014,2014,0,2,2,7,0,58,2,Jan-20,29,8.28,21,0,0,1.00,0.12,0.74,0.000
LA Simango (Moz),2019-2019,2019,2019,0,3,3,6.1,0,55,2,Feb-20,27.5,8.91,18.5,0,0,0.67,0.11,0.50,0.000
OF Smith (WI),2018-2018,2018,2018,0,2,2,7,0,78,2,Jan-38,39,11.14,21,0,0,1.00,0.09,0.73,0.000
CB Sole (SCOT),2017-2018,2017,2018,1,4,4,16,0,141,2,Feb-38,70.5,8.81,48,0,0,0.50,0.11,0.38,0.000
AL Stephen (VAN),2019-2019,2019,2019,0,2,2,7,0,29,2,Feb-15,14.5,4.14,21,0,0,1.00,0.24,0.77,0.000
MJ Swepson (AUS),2018-2018,2018,2018,0,1,1,4,0,37,2,Feb-37,18.5,9.25,12,0,0,2.00,0.11,1.43,0.000
T Taylor (Caym),2019-2019,2019,2019,0,6,4,9,0,74,2,Jan-17,37,8.22,27,0,0,0.33,0.12,0.27,0.000
R Telemachus (SA),2006-2007,2006,2007,1,3,3,12,0,90,2,Jan-22,45,7.5,36,0,0,0.67,0.13,0.51,0.000
S Thuraisingam (CAN),2008-2008,2008,2008,0,3,3,7.5,0,44,2,Jan-13,22,5.61,23.5,0,0,0.67,0.18,0.52,0.000
CT Tremlett (ENG),2007-2007,2007,2007,0,1,1,4,0,45,2,Feb-45,22.5,11.25,12,0,0,2.00,0.09,1.43,0.000
T Turan (TKY),2019-2019,2019,2019,0,4,3,8.1,0,111,2,Jan-32,55.5,13.59,24.5,0,0,0.50,0.07,0.37,0.000
S Vashisht (ROM),2019-2019,2019,2019,0,3,3,9,1,31,2,01-May,15.5,3.44,27,0,0,0.67,0.29,0.55,0.000
AC Voges (AUS),2007-2013,2007,2013,6,7,1,2,0,5,2,02-May,2.5,2.5,6,0,0,0.29,0.40,0.32,0.000
Waqas Maqsood (PAK),2018-2018,2018,2018,0,1,1,1.5,0,21,2,Feb-21,10.5,11.45,5.5,0,0,2.00,0.09,1.43,0.000
SR Welsh (CAN),2008-2008,2008,2008,0,1,1,3,0,6,2,02-Jun,3,2,9,0,0,2.00,0.50,1.55,0.000
AR White (IRE),2008-2012,2008,2012,4,18,1,4,0,18,2,Feb-18,9,4.5,12,0,0,0.11,0.22,0.14,0.000
G Wijekoon (SL),2007-2007,2007,2007,0,3,3,11,0,101,2,01-Dec,50.5,9.18,33,0,0,0.67,0.11,0.50,0.000
C Wright (Caym),2019-2019,2019,2019,0,6,4,7,0,53,2,Feb-34,26.5,7.57,21,0,0,0.33,0.13,0.27,0.000
HN Ya France (NAM),2019-2019,2019,2019,0,6,6,13,0,82,2,01-Mar,41,6.3,39,0,0,0.33,0.16,0.28,0.000
Zain ul Tashnam (CRC),2019-2019,2019,2019,0,3,2,8,1,35,2,Jan-16,17.5,4.37,24,0,0,0.67,0.23,0.54,0.000
S Zargar (Mex),2019-2019,2019,2019,0,1,1,3,0,22,2,Feb-22,11,7.33,9,0,0,2.00,0.14,1.44,0.000
Ziaur Rahman (AFG),2019-2019,2019,2019,0,1,1,4,0,42,2,Feb-42,21,10.5,12,0,0,2.00,0.10,1.43,0.000
Adnan Idrees (KUW),2019-2019,2019,2019,0,6,3,7,0,67,1,Jan-34,67,9.57,42,0,0,0.17,0.10,0.15,0.000
N Advani (GIBR),2019-2019,2019,2019,0,1,1,3,0,12,1,01-Dec,12,4,18,0,0,1.00,0.25,0.78,0.000
Aftab Ahmed (2) (DEN),2019-2019,2019,2019,0,1,1,1,0,10,1,01-Oct,10,10,6,0,0,1.00,0.10,0.73,0.000
GW Aldridge (NZ),2011-2011,2011,2011,0,1,1,4,0,45,1,Jan-45,45,11.25,24,0,0,1.00,0.09,0.73,0.000
J Allen (),2019-2019,2019,2019,0,2,2,2,0,19,1,01-Jul,19,9.5,12,0,0,0.50,0.11,0.38,0.000
TP Allen (USA),2019-2019,2019,2019,0,5,2,3,0,28,1,01-Nov,28,9.33,18,0,0,0.20,0.11,0.17,0.000
Amir Ali (OMAN),2015-2016,2015,2016,1,10,5,9,0,67,1,01-Jun,67,7.44,54,0,0,0.10,0.13,0.11,0.000
Amir Mangal (GER),2019-2019,2019,2019,0,9,5,6.4,0,57,1,Jan-17,57,8.55,40,0,0,0.11,0.12,0.11,0.000
S Aravind (INDIA),2015-2015,2015,2015,0,1,1,3.4,0,44,1,Jan-44,44,12,22,0,0,1.00,0.08,0.73,0.000
Ariful Haque (BDESH),2018-2018,2018,2018,0,9,1,1,0,13,1,Jan-13,13,13,6,0,0,0.11,0.08,0.10,0.000
B Arora (MALTA),2019-2019,2019,2019,0,4,4,11.1,0,75,1,Jan-26,75,6.71,67,0,0,0.25,0.15,0.22,0.000
Asad Mohammad (GER),2019-2019,2019,2019,0,9,8,24,0,158,1,Jan-18,158,6.58,144,0,0,0.11,0.15,0.12,0.000
Asghar Afghan (AFG),2010-2019,2010,2019,9,66,1,0.4,0,4,1,01-Apr,4,6,4,0,0,0.02,0.17,0.06,0.000
AA Banner (Blz),2019-2019,2019,2019,0,3,2,8,0,39,1,Jan-18,39,4.87,48,0,0,0.33,0.21,0.29,0.000
CD Barnwell (WI),2011-2013,2011,2013,2,6,4,6,0,51,1,Jan-24,51,8.5,36,0,0,0.17,0.12,0.15,0.000
A Bhattarai (NEPAL),2014-2014,2014,2014,0,1,1,3,0,12,1,01-Dec,12,4,18,0,0,1.00,0.25,0.78,0.000
SR Bhudia (KENYA),2019-2019,2019,2019,0,4,4,9,0,63,1,01-Jun,63,7,54,0,0,0.25,0.14,0.22,0.000
STR Binny (INDIA),2015-2016,2015,2016,1,3,3,5,0,54,1,Jan-14,54,10.8,30,0,0,0.33,0.09,0.26,0.000
CC Blake (VAN),2019-2019,2019,2019,0,3,3,8,0,49,1,Jan-15,49,6.12,48,0,0,0.33,0.16,0.28,0.000
N Boje (SA),2005-2005,2005,2005,0,1,1,4,0,27,1,Jan-27,27,6.75,24,0,0,1.00,0.15,0.74,0.000
SG Borthwick (ENG),2011-2011,2011,2011,0,1,1,4,0,15,1,Jan-15,15,3.75,24,0,0,1.00,0.27,0.78,0.000
DL Brangman (BMUDA),2019-2019,2019,2019,0,5,5,7,0,84,1,Jan-19,84,12,42,0,0,0.20,0.08,0.17,0.000
CL Cairns (NZ),2005-2006,2005,2006,1,2,2,8,0,52,1,Jan-28,52,6.5,48,0,0,0.50,0.15,0.40,0.000
A Carthew (Chile),2019-2019,2019,2019,0,4,1,2,0,19,1,Jan-19,19,9.5,12,0,0,0.25,0.11,0.21,0.000
RD Chahar (INDIA),2019-2019,2019,2019,0,1,1,3,0,27,1,Jan-27,27,9,18,0,0,1.00,0.11,0.73,0.000
Charanjeet Singh (ITA),2019-2019,2019,2019,0,3,2,5,0,35,1,Jan-18,35,7,30,0,0,0.33,0.14,0.28,0.000
MS Crane (ENG),2017-2017,2017,2017,0,2,2,8,0,62,1,Jan-38,62,7.75,48,0,0,0.50,0.13,0.39,0.000
H Dajc (Serb),2019-2019,2019,2019,0,2,1,4,0,36,1,Jan-36,36,9,24,0,0,0.50,0.11,0.38,0.000
H Davids (SA),2012-2013,2012,2013,1,9,2,2,0,13,1,01-Jun,13,6.5,12,0,0,0.11,0.15,0.12,0.000
PA Desai (CAN),2012-2012,2012,2012,0,1,1,3,0,30,1,Jan-30,30,10,18,0,0,1.00,0.10,0.73,0.000
R Dhawan (INDIA),2016-2016,2016,2016,0,1,1,4,0,42,1,Jan-42,42,10.5,24,0,0,1.00,0.10,0.73,0.000
M Dixit (LUX),2019-2019,2019,2019,0,3,3,9,0,93,1,Jan-51,93,10.33,54,0,0,0.33,0.10,0.26,0.000
KR Ebanks (Caym),2019-2019,2019,2019,0,5,5,11,0,104,1,Jan-25,104,9.45,66,0,0,0.20,0.11,0.17,0.000
Faisal Khan (Saudi),2019-2019,2019,2019,0,4,1,2,0,21,1,Jan-21,21,10.5,12,0,0,0.25,0.10,0.20,0.000
Fayyaz Ahmed (UAE),2015-2015,2015,2015,0,1,1,3,0,29,1,Jan-29,29,9.66,18,0,0,1.00,0.10,0.73,0.000
Fiaz Ahmad (KUW),2019-2019,2019,2019,0,3,3,5,0,56,1,Jan-13,56,11.2,30,0,0,0.33,0.09,0.26,0.000
KK Flowers (Blz),2019-2019,2019,2019,0,3,1,2,0,16,1,Jan-16,16,8,12,0,0,0.33,0.13,0.27,0.000
C Floyd (NL),2019-2019,2019,2019,0,2,2,5,0,51,1,Jan-14,51,10.2,30,0,0,0.50,0.10,0.38,0.000
C Fry (LUX),2019-2019,2019,2019,0,3,3,7,1,62,1,01-Mar,62,8.85,42,0,0,0.33,0.11,0.27,0.000
MD Garratt (GIBR),2019-2019,2019,2019,0,4,1,2.5,0,12,1,01-Dec,12,4.23,17,0,0,0.25,0.24,0.25,0.000
JN Gillespie (AUS),2005-2005,2005,2005,0,1,1,4,0,49,1,Jan-49,49,12.25,24,0,0,1.00,0.08,0.72,0.000
NA Greenwood (JER),2019-2019,2019,2019,0,8,2,2,0,14,1,01-Apr,14,7,12,0,0,0.13,0.14,0.13,0.000
L Gregory (ENG),2019-2019,2019,2019,0,5,2,4,0,29,1,01-Oct,29,7.25,24,0,0,0.20,0.14,0.18,0.000
Hardev Singh (Chile),2019-2019,2019,2019,0,3,1,1,0,12,1,01-Dec,12,12,6,0,0,0.33,0.08,0.26,0.000
SJ Harmison (ENG),2005-2006,2005,2006,1,2,2,6.3,0,42,1,Jan-13,42,6.46,39,0,0,0.50,0.15,0.40,0.000
Haroon Arshad (HKG),2019-2019,2019,2019,0,10,8,13.5,0,108,1,01-Apr,108,7.8,83,0,0,0.10,0.13,0.11,0.000
Haroon Mughal (MALTA),2019-2019,2019,2019,0,4,2,3,0,31,1,Jan-17,31,10.33,18,0,0,0.25,0.10,0.20,0.000
TM Head (AUS),2016-2018,2016,2018,2,16,3,4,0,39,1,Jan-16,39,9.75,24,0,0,0.06,0.10,0.07,0.000
R Hekure (PNG),2019-2019,2019,2019,0,8,6,4.5,0,37,1,01-Jun,37,7.65,29,0,0,0.13,0.13,0.13,0.000
BJ Hodge (AUS),2007-2014,2007,2014,7,15,3,5,0,43,1,Jan-13,43,8.6,30,0,0,0.07,0.12,0.08,0.000
S Hongsi (THAI),2019-2019,2019,2019,0,3,2,3,0,35,1,Jan-15,35,11.66,18,0,0,0.33,0.09,0.26,0.000
A Husain (Arg),2019-2019,2019,2019,0,5,4,10,0,51,1,01-Jun,51,5.1,60,0,0,0.20,0.20,0.20,0.000
GM Hyde (Blz),2019-2019,2019,2019,0,3,2,5,0,43,1,Jan-14,43,8.6,30,0,0,0.33,0.12,0.27,0.000
Ibrahim Rizan (Mald),2019-2019,2019,2019,0,5,4,8.1,0,63,1,Jan-22,63,7.71,49,0,0,0.20,0.13,0.18,0.000
Iftikhar Anjum (PAK),2007-2009,2007,2009,2,2,2,8,0,67,1,Jan-34,67,8.37,48,0,0,0.50,0.12,0.39,0.000
AJ Ireland (ZIM),2006-2006,2006,2006,0,1,1,3,0,33,1,Jan-33,33,11,18,0,0,1.00,0.09,0.73,0.000
Irfan Mir (Chile),2019-2019,2019,2019,0,4,4,15,0,73,1,Jan-26,73,4.86,90,0,0,0.25,0.21,0.24,0.000
E Isaneez (UGA),2019-2019,2019,2019,0,3,3,9.2,0,53,1,Jan-16,53,5.67,56,0,0,0.33,0.18,0.29,0.000
Ismat Ullah (),2019-2019,2019,2019,0,4,2,4,0,16,1,01-Sep,16,4,24,0,0,0.25,0.25,0.25,0.000
Jaspreet Singh (ITA),2019-2019,2019,2019,0,5,2,5,0,53,1,Jan-26,53,10.6,30,0,0,0.20,0.09,0.17,0.000
D Kansonkho (MWI),2019-2019,2019,2019,0,7,3,7.3,0,60,1,Jan-15,60,8,45,0,0,0.14,0.13,0.14,0.000
A Karn (NEPAL),2015-2015,2015,2015,0,2,2,8,0,49,1,Jan-31,49,6.12,48,0,0,0.50,0.16,0.40,0.000
N Khanna (MALTA),2019-2019,2019,2019,0,2,2,4,0,47,1,Jan-26,47,11.75,24,0,0,0.50,0.09,0.38,0.000
B Khumalo (Botsw),2019-2019,2019,2019,0,3,3,11,0,96,1,Jan-23,96,8.72,66,0,0,0.33,0.11,0.27,0.000
Khurram Chohan (CAN),2010-2010,2010,2010,0,4,4,12.1,0,106,1,Jan-24,106,8.71,73,0,0,0.25,0.11,0.21,0.000
Khurram Khan (UAE),2014-2014,2014,2014,0,3,1,1,0,8,1,01-Aug,8,8,6,0,0,0.33,0.13,0.27,0.000
JH Kiani (PHI),2019-2019,2019,2019,0,4,1,4,0,26,1,Jan-26,26,6.5,24,0,0,0.25,0.15,0.22,0.000
H Lakov (),2019-2019,2019,2019,0,3,3,12,1,72,1,Jan-23,72,6,72,0,0,0.33,0.17,0.28,0.000
CA Liyanage (Mald),2019-2019,2019,2019,0,2,2,5,0,47,1,Jan-33,47,9.4,30,0,0,0.50,0.11,0.38,0.000
J Long (PHI),2019-2019,2019,2019,0,2,1,2,0,26,1,Jan-26,26,13,12,0,0,0.50,0.08,0.37,0.000
NM Lyon (AUS),2016-2018,2016,2018,2,2,2,5,0,48,1,Jan-33,48,9.6,30,0,0,0.50,0.10,0.38,0.000
RT Lyons (SCOT),2010-2010,2010,2010,0,2,2,6,0,40,1,Jan-26,40,6.66,36,0,0,0.50,0.15,0.40,0.000
OC McCoy (WI),2019-2019,2019,2019,0,2,1,3,0,44,1,Jan-44,44,14.66,18,0,0,0.50,0.07,0.37,0.000
Mahmad Data (PNM),2019-2019,2019,2019,0,2,2,5,0,31,1,Jan-15,31,6.2,30,0,0,0.50,0.16,0.40,0.000
A Makesh (KUW),2019-2019,2019,2019,0,4,4,9,1,79,1,Jan-19,79,8.77,54,0,0,0.25,0.11,0.21,0.000
DJ Malan (ENG),2017-2019,2017,2019,2,9,1,2,0,27,1,Jan-27,27,13.5,12,0,0,0.11,0.07,0.10,0.000
WJ Malinda (Mald),2019-2019,2019,2019,0,3,1,4,0,27,1,Jan-27,27,6.75,24,0,0,0.33,0.15,0.28,0.000
OM Marshall (Peru),2019-2019,2019,2019,0,3,2,3,0,22,1,01-Oct,22,7.33,18,0,0,0.33,0.14,0.27,0.000
A Martin (WI),2011-2011,2011,2011,0,1,1,3,0,20,1,Jan-20,20,6.66,18,0,0,1.00,0.15,0.75,0.000
T Maruma (ZIM),2008-2019,2008,2019,11,13,2,3,0,20,1,01-Aug,20,6.66,18,0,0,0.08,0.15,0.10,0.000
WT Mashinge (ZIM),2019-2019,2019,2019,0,2,2,5,0,57,1,Jan-37,57,11.4,30,0,0,0.50,0.09,0.38,0.000
N Master (Botsw),2019-2019,2019,2019,0,2,1,4,0,30,1,Jan-30,30,7.5,24,0,0,0.50,0.13,0.39,0.000
Md Shafiqul Haque (THAI),2019-2019,2019,2019,0,4,1,3,0,25,1,Jan-25,25,8.33,18,0,0,0.25,0.12,0.21,0.000
DP Michael (Samoa),2019-2019,2019,2019,0,4,1,3,0,32,1,Jan-32,32,10.66,18,0,0,0.25,0.09,0.20,0.000
SF Mire (ZIM),2018-2019,2018,2019,1,9,5,12,0,115,1,Jan-15,115,9.58,72,0,0,0.11,0.10,0.11,0.000
Mohammad Boota (UAE),2019-2019,2019,2019,0,16,1,1,0,13,1,Jan-13,13,13,6,0,0,0.06,0.08,0.07,0.000
Mohammad Rafique (BDESH),2006-2006,2006,2006,0,1,1,4,0,22,1,Jan-22,22,5.5,24,0,0,1.00,0.18,0.75,0.000
Mohammad Shahid (BDESH),2016-2016,2016,2016,0,1,1,3,0,32,1,Jan-32,32,10.66,18,0,0,1.00,0.09,0.73,0.000
MR Montfort (CAN),2019-2019,2019,2019,0,1,1,3,0,25,1,Jan-25,25,8.33,18,0,0,1.00,0.12,0.74,0.000
J Mubarak (SL),2007-2009,2007,2009,2,16,2,1.2,0,17,1,01-Sep,17,12.75,8,0,0,0.06,0.08,0.07,0.000
Muhammad Tanveer (QAT),2019-2019,2019,2019,0,15,3,8,0,63,1,Jan-29,63,7.87,48,0,0,0.07,0.13,0.08,0.000
D Muhumuza (UGA),2019-2019,2019,2019,0,4,3,5,0,35,1,Jan-15,35,7,30,0,0,0.25,0.14,0.22,0.000
EMDY Munaweera (SL),2012-2017,2012,2017,5,13,5,10,0,92,1,Jan-26,92,9.2,60,0,0,0.08,0.11,0.09,0.000
T Mupariwa (ZIM),2007-2008,2007,2008,1,4,4,13,0,94,1,Jan-22,94,7.23,78,0,0,0.25,0.14,0.22,0.000
Murid Ekrami (Belg),2019-2019,2019,2019,0,3,3,5,0,37,1,01-Oct,37,7.4,30,0,0,0.33,0.14,0.27,0.000
Najeeb Amar (HKG),2014-2014,2014,2014,0,1,1,3,0,29,1,Jan-29,29,9.66,18,0,0,1.00,0.10,0.73,0.000
NH Naureen (ESP),2019-2019,2019,2019,0,1,1,3,1,32,1,Jan-32,32,10.66,18,0,0,1.00,0.09,0.73,0.000
Naveed Ahmed (CZK-R),2019-2019,2019,2019,0,7,5,9,0,56,1,Jan-15,56,6.22,54,0,0,0.14,0.16,0.15,0.000
Nazakat Ali (NOR),2019-2019,2019,2019,0,2,2,3,0,16,1,01-Jun,16,5.33,18,0,0,0.50,0.19,0.41,0.000
Nazmul Hossain (BDESH),2009-2012,2009,2012,3,4,4,7,0,67,1,Jan-15,67,9.57,42,0,0,0.25,0.10,0.21,0.000
A Ndlovu (ZIM),2019-2019,2019,2019,0,3,3,11,0,90,1,Jan-35,90,8.18,66,0,0,0.33,0.12,0.27,0.000
R Neale (LUX),2019-2019,2019,2019,0,3,1,3,0,30,1,Jan-30,30,10,18,0,0,0.33,0.10,0.26,0.000
P Negi (INDIA),2016-2016,2016,2016,0,1,1,3,0,16,1,Jan-16,16,5.33,18,0,0,1.00,0.19,0.76,0.000
D Nikolov (),2019-2019,2019,2019,0,3,2,4,0,36,1,Jan-22,36,9,24,0,0,0.33,0.11,0.27,0.000
K Nima (BHU),2019-2019,2019,2019,0,1,1,3,0,22,1,Jan-22,22,7.33,18,0,0,1.00,0.14,0.74,0.000
Noman Kamawi (Belg),2019-2019,2019,2019,0,1,1,3,0,28,1,Jan-28,28,9.33,18,0,0,1.00,0.11,0.73,0.000
L Nou (PNG),2015-2015,2015,2015,0,3,3,10,0,65,1,Jan-24,65,6.5,60,0,0,0.33,0.15,0.28,0.000
E Ochieng (KENYA),2019-2019,2019,2019,0,2,2,4,0,30,1,Jan-18,30,7.5,24,0,0,0.50,0.13,0.39,0.000
JL Ontong (SA),2008-2015,2008,2015,7,14,4,6,0,83,1,Jan-25,83,13.83,36,0,0,0.07,0.07,0.07,0.000
AM Oyede (NGA),2019-2019,2019,2019,0,8,3,8,0,44,1,Jan-14,44,5.5,48,0,0,0.13,0.18,0.14,0.000
RJG Palmer (JER),2019-2019,2019,2019,0,2,2,4,0,27,1,01-Oct,27,6.75,24,0,0,0.50,0.15,0.39,0.000
MA Parker (SCOT),2012-2012,2012,2012,0,2,2,6,0,61,1,Jan-36,61,10.16,36,0,0,0.50,0.10,0.38,0.000
Parvez Rasool (INDIA),2017-2017,2017,2017,0,1,1,4,0,32,1,Jan-32,32,8,24,0,0,1.00,0.13,0.74,0.000
AY Patel (NZ),2018-2018,2018,2018,0,2,2,6,0,45,1,Jan-27,45,7.5,36,0,0,0.50,0.13,0.39,0.000
KP Pietersen (ENG),2005-2013,2005,2013,8,37,3,5,0,53,1,Jan-27,53,10.6,30,0,0,0.03,0.09,0.05,0.000
JE Pitcher (BMUDA),2019-2019,2019,2019,0,3,3,7,0,50,1,Jan-26,50,7.14,42,0,0,0.33,0.14,0.28,0.000
S Pokhriyal (CZK-R),2019-2019,2019,2019,0,5,1,2,0,22,1,Jan-22,22,11,12,0,0,0.20,0.09,0.17,0.000
M Pushpakumara (SL),2009-2009,2009,2009,0,1,1,3,0,27,1,Jan-27,27,9,18,0,0,1.00,0.11,0.73,0.000
Qasim Zia (BAH),2019-2019,2019,2019,0,3,3,9,0,68,1,Jan-17,68,7.55,54,0,0,0.33,0.13,0.27,0.000
Raag Kapur (HKG),2019-2019,2019,2019,0,4,3,7,0,49,1,Jan-26,49,7,42,0,0,0.25,0.14,0.22,0.000
RLB Rambukwella (SL),2013-2016,2013,2016,3,2,2,6.3,0,46,1,Jan-19,46,7.07,39,0,0,0.50,0.14,0.39,0.000
Ravinder Singh (MALTA),2019-2019,2019,2019,0,2,2,6,0,72,1,Jan-36,72,12,36,0,0,0.50,0.08,0.38,0.000
J Reb (Serb),2019-2019,2019,2019,0,2,1,3,0,40,1,Jan-40,40,13.33,18,0,0,0.50,0.08,0.37,0.000
GA Reynold (Blz),2019-2019,2019,2019,0,3,3,8,1,49,1,Jan-17,49,6.12,48,0,0,0.33,0.16,0.28,0.000
Riazat Ali Shah (UGA),2019-2019,2019,2019,0,4,3,7.4,0,58,1,Jan-20,58,7.56,46,0,0,0.25,0.13,0.21,0.000
R Rivas (Chile),2019-2019,2019,2019,0,3,1,4,0,45,1,Jan-45,45,11.25,24,0,0,0.33,0.09,0.26,0.000
Saber Zakhil (Belg),2019-2019,2019,2019,0,3,3,9,0,69,1,Jan-23,69,7.66,54,0,0,0.33,0.13,0.27,0.000
S Saeed (Mald),2019-2019,2019,2019,0,5,5,11,0,95,1,Jan-24,95,8.63,66,0,0,0.20,0.12,0.17,0.000
AM Samad (CAN),2008-2010,2008,2010,2,7,1,2,0,36,1,Jan-36,36,18,12,0,0,0.14,0.06,0.12,0.000
Sandeep Sharma (INDIA),2015-2015,2015,2015,0,2,2,7,0,73,1,Jan-39,73,10.42,42,0,0,0.50,0.10,0.38,0.000
I Sawmy (DEN),2019-2019,2019,2019,0,2,1,3,0,12,1,01-Dec,12,4,18,0,0,0.50,0.25,0.43,0.000
Shahzad Muhammad (Mex),2019-2019,2019,2019,0,2,1,3,0,29,1,Jan-29,29,9.66,18,0,0,0.50,0.10,0.38,0.000
Shaikh Ashraf (Peru),2019-2019,2019,2019,0,4,2,4,0,34,1,Jan-18,34,8.5,24,0,0,0.25,0.12,0.21,0.000
KV Sharma (INDIA),2014-2014,2014,2014,0,1,1,4,0,28,1,Jan-28,28,7,24,0,0,1.00,0.14,0.74,0.000
RG Sharma (INDIA),2007-2019,2007,2019,12,104,9,11.2,0,113,1,Jan-22,113,9.97,68,0,0,0.01,0.10,0.04,0.000
ZK Shem (VAN),2019-2019,2019,2019,0,5,3,6,0,72,1,Jan-36,72,12,36,0,0,0.20,0.08,0.17,0.000
LPC Silva (SL),2006-2011,2006,2011,5,16,2,3,0,15,1,01-Apr,15,5,18,0,0,0.06,0.20,0.10,0.000
BA Simango (Moz),2019-2019,2019,2019,0,2,1,3,0,21,1,Jan-21,21,7,18,0,0,0.50,0.14,0.39,0.000
T Singye (BHU),2019-2019,2019,2019,0,2,2,6,0,65,1,Jan-53,65,10.83,36,0,0,0.50,0.09,0.38,0.000
J Singye (BHU),2019-2019,2019,2019,0,2,2,8,0,69,1,Jan-28,69,8.62,48,0,0,0.50,0.12,0.38,0.000
JT Smuts (SA),2017-2018,2017,2018,1,8,6,12.4,0,101,1,Jan-19,101,7.97,76,0,0,0.13,0.13,0.13,0.000
Sufyan Mehmood (OMAN),2015-2019,2015,2019,4,3,3,5.3,0,39,1,Jan-22,39,7.09,33,0,0,0.33,0.14,0.28,0.000
Suhrid Roy (MALTA),2019-2019,2019,2019,0,1,1,4,0,44,1,Jan-44,44,11,24,0,0,1.00,0.09,0.73,0.000
CR Suryawanshi (SGP),2019-2019,2019,2019,0,3,1,2,0,13,1,Jan-13,13,6.5,12,0,0,0.33,0.15,0.28,0.000
Tafseer Ali (NOR),2019-2019,2019,2019,0,5,3,4,0,37,1,Jan-17,37,9.25,24,0,0,0.20,0.11,0.17,0.000
Taijul Islam (BDESH),2019-2019,2019,2019,0,2,2,7,0,58,1,Jan-26,58,8.28,42,0,0,0.50,0.12,0.39,0.000
Tanvir Ahmed (PAK),2010-2010,2010,2010,0,1,1,3,0,13,1,Jan-13,13,4.33,18,0,0,1.00,0.23,0.77,0.000
BRM Taylor (ZIM),2006-2019,2006,2019,13,38,2,5,0,17,1,Jan-16,17,3.4,30,0,0,0.03,0.29,0.11,0.000
SR Tendulkar (INDIA),2006-2006,2006,2006,0,1,1,2.3,0,12,1,01-Dec,12,4.8,15,0,0,1.00,0.21,0.76,0.000
EP Thompson (NZ),2008-2008,2008,2008,0,1,1,3,1,18,1,Jan-18,18,6,18,0,0,1.00,0.17,0.75,0.000
GC Tonge (WI),2009-2009,2009,2009,0,1,1,4,0,25,1,Jan-25,25,6.25,24,0,0,1.00,0.16,0.75,0.000
JJ Tucker (BMUDA),2019-2019,2019,2019,0,5,4,7,0,62,1,Jan-16,62,8.85,42,0,0,0.20,0.11,0.17,0.000
Umair Ali (UAE),2015-2015,2015,2015,0,3,2,4,0,28,1,Jan-13,28,7,24,0,0,0.33,0.14,0.28,0.000
DLS van Bunge (NL),2008-2013,2008,2013,5,14,2,2.2,0,15,1,Jan-14,15,6.42,14,0,0,0.07,0.16,0.10,0.000
C Vorster (GUE),2019-2019,2019,2019,0,1,1,3,0,32,1,Jan-32,32,10.66,18,0,0,1.00,0.09,0.73,0.000
Walid Ghauri (NOR),2019-2019,2019,2019,0,4,2,3.5,0,31,1,Jan-16,31,8.08,23,0,0,0.25,0.12,0.21,0.000
Washeem Abbas (MALTA),2019-2019,2019,2019,0,2,2,8,0,70,1,Jan-31,70,8.75,48,0,0,0.50,0.11,0.38,0.000
UWMBCA Welegedara (SL),2010-2010,2010,2010,0,2,2,6,0,61,1,Jan-21,61,10.16,36,0,0,0.50,0.10,0.38,0.000
CL White (AUS),2007-2014,2007,2014,7,47,5,7,0,51,1,01-Nov,51,7.28,42,0,0,0.02,0.14,0.06,0.000
T Whiteman (LUX),2019-2019,2019,2019,0,4,2,3.4,0,38,1,Jan-24,38,10.36,22,0,0,0.25,0.10,0.20,0.000
JD Wildermuth (AUS),2018-2018,2018,2018,0,2,2,3,0,32,1,Jan-16,32,10.66,18,0,0,0.50,0.09,0.38,0.000
LJ Woodcock (NZ),2010-2011,2010,2011,1,3,3,10,0,70,1,Jan-30,70,7,60,0,0,0.33,0.14,0.28,0.000
GH Worker (NZ),2015-2015,2015,2015,0,2,1,2,0,19,1,Jan-19,19,9.5,12,0,0,0.50,0.11,0.38,0.000
Yusuf Ebrahim (PNM),2019-2019,2019,2019,0,3,3,7,1,44,1,Jan-13,44,6.28,42,0,0,0.33,0.16,0.28,0.000
Zaheer Maqsood (UAE),2015-2016,2015,2016,1,3,3,9,0,80,1,Jan-29,80,8.88,54,0,0,0.33,0.11,0.27,0.000
Zamir Khan (AFG),2012-2012,2012,2012,0,1,1,4,0,26,1,Jan-26,26,6.5,24,0,0,1.00,0.15,0.75,0.000
Zawar Farid (UAE),2019-2019,2019,2019,0,4,2,4.1,0,35,1,Jan-34,35,8.4,25,0,0,0.25,0.12,0.21,0.000
C Zhuwao (ZIM),2008-2018,2008,2018,10,7,1,0.2,0,1,1,01-Jan,1,3,2,0,0,0.14,0.33,0.20,0.000
Zohaib Sarwar (PORT),2019-2019,2019,2019,0,4,4,7,0,51,1,01-Aug,51,7.28,42,0,0,0.25,0.14,0.22,0.000
M Zondeki (SA),2006-2006,2006,2006,0,1,1,3,0,41,1,Jan-41,41,13.66,18,0,0,1.00,0.07,0.72,0.000
Abdullah Mahmood (DEN),2019-2019,2019,2019,0,1,1,1,0,9,0,-,-,9,-,0,0,0.00,0.11,0.03,0.000
Abdullah Sheikh (NOR),2019-2019,2019,2019,0,2,1,1,0,13,0,-,-,13,-,0,0,0.00,0.08,0.02,0.000
Abdur Rauf (PAK),2008-2008,2008,2008,0,1,1,3,0,21,0,-,-,7,-,0,0,0.00,0.14,0.04,0.000
M Aboagye (Ghana),2019-2019,2019,2019,0,3,1,1,0,17,0,-,-,17,-,0,0,0.00,0.06,0.02,0.000
RA Abolarin (NGA),2019-2019,2019,2019,0,1,1,0.4,0,7,0,-,-,10.5,-,0,0,0.00,0.10,0.03,0.000
S Adedeji (NGA),2019-2019,2019,2019,0,6,1,2,0,21,0,-,-,10.5,-,0,0,0.00,0.10,0.03,0.000
Aftab Ahmed (BDESH),2006-2010,2006,2010,4,11,1,0.2,0,8,0,-,-,24,-,0,0,0.00,0.04,0.01,0.000
GJ Agius (MALTA),2019-2019,2019,2019,0,2,2,5,0,53,0,-,-,10.6,-,0,0,0.00,0.09,0.03,0.000
Ahmed Shehzad (PAK),2009-2019,2009,2019,10,59,1,1,0,10,0,-,-,10,-,0,0,0.00,0.10,0.03,0.000
DS Airee (NEPAL),2018-2019,2018,2019,1,18,1,2,0,23,0,-,-,11.5,-,0,0,0.00,0.09,0.03,0.000
Ameer Saiyed (Botsw),2019-2019,2019,2019,0,4,3,4,0,44,0,-,-,11,-,0,0,0.00,0.09,0.03,0.000
Ammad Uddin (BAH),2019-2019,2019,2019,0,4,1,0.1,0,1,0,-,-,6,-,0,0,0.00,0.17,0.05,0.000
Anasim Khan (BAH),2019-2019,2019,2019,0,4,4,14,0,119,0,-,-,8.5,-,0,0,0.00,0.12,0.04,0.000
J Anderson (IRE),2015-2015,2015,2015,0,4,1,1,0,13,0,-,-,13,-,0,0,0.00,0.08,0.02,0.000
DK Anefie (Ghana),2019-2019,2019,2019,0,4,4,12,0,72,0,-,-,6,-,0,0,0.00,0.17,0.05,0.000
Anowarul Islam (THAI),2019-2019,2019,2019,0,4,2,3,0,25,0,-,-,8.33,-,0,0,0.00,0.12,0.04,0.000
Ansar Iqbal (NOR),2019-2019,2019,2019,0,4,1,2,0,13,0,-,-,6.5,-,0,0,0.00,0.15,0.05,0.000
Aqib Iqbal (Aut),2019-2019,2019,2019,0,5,4,13,0,84,0,-,-,6.46,-,0,0,0.00,0.15,0.05,0.000
Arsalan Qadir (CAN),2010-2010,2010,2010,0,1,1,1,0,12,0,-,-,12,-,0,0,0.00,0.08,0.03,0.000
U Aryaman Sunil (SGP),2019-2019,2019,2019,0,2,2,3,0,28,0,-,-,9.33,-,0,0,0.00,0.11,0.03,0.000
Asad Ali (PAK),2013-2013,2013,2013,0,2,2,4,0,33,0,-,-,8.25,-,0,0,0.00,0.12,0.04,0.000
A Ashokan (CZK-R),2019-2019,2019,2019,0,2,1,2,0,16,0,-,-,8,-,0,0,0.00,0.13,0.04,0.000
Atif Ali Khan (UAE),2016-2016,2016,2016,0,1,1,4,0,43,0,-,-,10.75,-,0,0,0.00,0.09,0.03,0.000
Avi Dixit (SGP),2019-2019,2019,2019,0,1,1,1,0,15,0,-,-,15,-,0,0,0.00,0.07,0.02,0.000
P Awana (INDIA),2012-2012,2012,2012,0,2,2,6,0,71,0,-,-,11.83,-,0,0,0.00,0.08,0.03,0.000
KS Bagabena (Ghana),2019-2019,2019,2019,0,4,4,4.5,0,56,0,-,-,11.58,-,0,0,0.00,0.09,0.03,0.000
KMC Bandara (SL),2016-2016,2016,2016,0,1,1,1,0,11,0,-,-,11,-,0,0,0.00,0.09,0.03,0.000
GEF Barnett (CAN),2008-2010,2008,2010,2,5,1,1,0,11,0,-,-,11,-,0,0,0.00,0.09,0.03,0.000
GJ Batty (ENG),2009-2009,2009,2009,0,1,1,3,0,17,0,-,-,5.66,-,0,0,0.00,0.18,0.05,0.000
DE Bernard (WI),2009-2009,2009,2009,0,1,1,4,0,17,0,-,-,4.25,-,0,0,0.00,0.24,0.07,0.000
P Bharat Patel (PNM),2019-2019,2019,2019,0,2,2,5,0,40,0,-,-,8,-,0,0,0.00,0.13,0.04,0.000
Meet Bhavsar (KUW),2019-2019,2019,2019,0,9,1,1,0,11,0,-,-,11,-,0,0,0.00,0.09,0.03,0.000
RL Bhudia (KENYA),2007-2007,2007,2007,0,3,3,7.2,0,78,0,-,-,10.63,-,0,0,0.00,0.09,0.03,0.000
KK Bishnoi (),2019-2019,2019,2019,0,3,2,3,0,27,0,-,-,9,-,0,0,0.00,0.11,0.03,0.000
NE Bonner (WI),2011-2012,2011,2012,1,2,1,2,0,18,0,-,-,9,-,0,0,0.00,0.11,0.03,0.000
IDR Bradshaw (WI),2006-2006,2006,2006,0,1,1,4,0,22,0,-,-,5.5,-,0,0,0.00,0.18,0.05,0.000
DR Brown (SCOT),2007-2007,2007,2007,0,2,1,4,0,44,0,-,-,11,-,0,0,0.00,0.09,0.03,0.000
DK Butler (WI),2006-2006,2006,2006,0,1,1,3,0,22,0,-,-,7.33,-,0,0,0.00,0.14,0.04,0.000
J Butler (GUE),2019-2019,2019,2019,0,9,1,1,0,15,0,-,-,15,-,0,0,0.00,0.07,0.02,0.000
JD Campbell (WI),2019-2019,2019,2019,0,2,1,1,0,1,0,-,-,1,-,0,0,0.00,1.00,0.30,0.000
J Cutinho (CRC),2019-2019,2019,2019,0,3,1,0.5,0,7,0,-,-,8.4,-,0,0,0.00,0.12,0.04,0.000
DAP Darrell (BMUDA),2019-2019,2019,2019,0,11,1,2,0,14,0,-,-,7,-,0,0,0.00,0.14,0.04,0.000
BFW de Leede (NL),2018-2019,2018,2019,1,8,2,2,0,27,0,-,-,13.5,-,0,0,0.00,0.07,0.02,0.000
N Deonarine (WI),2010-2013,2010,2013,3,8,4,9,0,87,0,-,-,9.66,-,0,0,0.00,0.10,0.03,0.000
PC de Silva (SL),2017-2017,2017,2017,0,2,2,2,0,30,0,-,-,15,-,0,0,0.00,0.07,0.02,0.000
ST de Silva (SL),2017-2017,2017,2017,0,3,1,1,0,10,0,-,-,10,-,0,0,0.00,0.10,0.03,0.000
BJ Diamanti (NZ),2009-2009,2009,2009,0,1,1,2,0,19,0,-,-,9.5,-,0,0,0.00,0.11,0.03,0.000
A Djorovic (Serb),2019-2019,2019,2019,0,2,2,6,1,32,0,-,-,5.33,-,0,0,0.00,0.19,0.06,0.000
B Dugic (Serb),2019-2019,2019,2019,0,2,2,2.3,0,22,0,-,-,8.8,-,0,0,0.00,0.11,0.03,0.000
F du Plessis (SA/World),2012-2019,2012,2019,7,44,2,1.2,0,3,0,-,-,2.25,-,0,0,0.00,0.44,0.13,0.000
AB Dursak (TKY),2019-2019,2019,2019,0,4,3,8.4,0,134,0,-,-,15.46,-,0,0,0.00,0.06,0.02,0.000
PS Eaglestone (IRE),2010-2010,2010,2010,0,1,1,2,0,16,0,-,-,8,-,0,0,0.00,0.13,0.04,0.000
Fahad Tariq (UAE),2016-2016,2016,2016,0,6,2,3,0,26,0,-,-,8.66,-,0,0,0.00,0.12,0.03,0.000
Fakhar Zaman (PAK),2017-2019,2017,2019,2,34,1,1,0,12,0,-,-,12,-,0,0,0.00,0.08,0.03,0.000
Fazal Niazai (AFG),2019-2019,2019,2019,0,1,1,1,0,13,0,-,-,13,-,0,0,0.00,0.08,0.02,0.000
MVT Fernando (SL),2017-2017,2017,2017,0,1,1,2,0,16,0,-,-,8,-,0,0,0.00,0.13,0.04,0.000
AJ Finch (AUS),2011-2019,2011,2019,8,58,2,2,0,27,0,-,-,13.5,-,0,0,0.00,0.07,0.02,0.000
JA Fitzgerald (GIBR),2019-2019,2019,2019,0,4,1,2,0,22,0,-,-,11,-,0,0,0.00,0.09,0.03,0.000
DR Flynn (NZ),2008-2012,2008,2012,4,5,1,1,0,7,0,-,-,7,-,0,0,0.00,0.14,0.04,0.000
GF Gomes (Moz),2019-2019,2019,2019,0,7,1,2,0,16,0,-,-,8,-,0,0,0.00,0.13,0.04,0.000
MJ Guptill (NZ),2009-2019,2009,2019,10,83,1,1,0,11,0,-,-,11,-,0,0,0.00,0.09,0.03,0.000
Hamza Dar (ESP),2019-2019,2019,2019,0,1,1,2,0,22,0,-,-,11,-,0,0,0.00,0.09,0.03,0.000
Hasheem Shahzad (MALTA),2019-2019,2019,2019,0,2,1,4,0,32,0,-,-,8,-,0,0,0.00,0.13,0.04,0.000
RJ Hatchman (GIBR),2019-2019,2019,2019,0,1,1,4,0,33,0,-,-,8.25,-,0,0,0.00,0.12,0.04,0.000
T Henderson (SA),2006-2006,2006,2006,0,1,1,4,0,31,0,-,-,7.75,-,0,0,0.00,0.13,0.04,0.000
H Hiri (PNG),2016-2019,2016,2019,3,5,1,1,0,5,0,-,-,5,-,0,0,0.00,0.20,0.06,0.000
KC Hodsoll (BMUDA),2008-2008,2008,2008,0,1,1,1,0,8,0,-,-,8,-,0,0,0.00,0.13,0.04,0.000
MEK Hussey (AUS),2005-2012,2005,2012,7,38,1,1,0,5,0,-,-,5,-,0,0,0.00,0.20,0.06,0.000
EH Hutchinson (USA),2019-2019,2019,2019,0,2,1,3,0,20,0,-,-,6.66,-,0,0,0.00,0.15,0.05,0.000
Ibrahim Khan (Saudi),2019-2019,2019,2019,0,1,1,2,0,17,0,-,-,8.5,-,0,0,0.00,0.12,0.04,0.000
Ibrahim Nashath (Mald),2019-2019,2019,2019,0,3,2,4,0,48,0,-,-,12,-,0,0,0.00,0.08,0.03,0.000
Iftikhar Ahmed (PAK),2016-2019,2016,2019,3,6,1,1,0,7,0,-,-,7,-,0,0,0.00,0.14,0.04,0.000
Imran Khan (PORT),2019-2019,2019,2019,0,4,1,2,0,13,0,-,-,6.5,-,0,0,0.00,0.15,0.05,0.000
B Ivanov (),2019-2019,2019,2019,0,3,1,2,0,36,0,-,-,18,-,0,0,0.00,0.06,0.02,0.000
Jagjit Singh (Peru),2019-2019,2019,2019,0,4,1,1,0,10,0,-,-,10,-,0,0,0.00,0.10,0.03,0.000
NA Janes (THAI),2019-2019,2019,2019,0,2,1,1,0,12,0,-,-,12,-,0,0,0.00,0.08,0.03,0.000
T Jamtsho (BHU),2019-2019,2019,2019,0,2,2,4.1,0,48,0,-,-,11.52,-,0,0,0.00,0.09,0.03,0.000
Jatinder Singh (OMAN),2015-2019,2015,2019,4,25,1,2,0,17,0,-,-,8.5,-,0,0,0.00,0.12,0.04,0.000
Javed Maroofkhail (NOR),2019-2019,2019,2019,0,2,1,2,0,22,0,-,-,11,-,0,0,0.00,0.09,0.03,0.000
DPMD Jayawardene (SL),2006-2014,2006,2014,8,55,1,1,0,8,0,-,-,8,-,0,0,0.00,0.13,0.04,0.000
P Jayeshbhai Patel (PNM),2019-2019,2019,2019,0,2,1,2,0,21,0,-,-,10.5,-,0,0,0.00,0.10,0.03,0.000
Jay Odedra (OMAN),2019-2019,2019,2019,0,3,3,7,0,74,0,-,-,10.57,-,0,0,0.00,0.09,0.03,0.000
NG Jones (IRE),2010-2012,2010,2012,2,5,2,2,0,14,0,-,-,7,-,0,0,0.00,0.14,0.04,0.000
Kamran Khan (QAT),2019-2019,2019,2019,0,14,2,4.1,0,48,0,-,-,11.52,-,0,0,0.00,0.09,0.03,0.000
TP Kamungozi (ZIM),2014-2014,2014,2014,0,1,1,2,0,17,0,-,-,8.5,-,0,0,0.00,0.12,0.04,0.000
G Kansonkho (MWI),2019-2019,2019,2019,0,6,1,1,0,15,0,-,-,15,-,0,0,0.00,0.07,0.02,0.000
S Kansoy (TKY),2019-2019,2019,2019,0,4,1,1,0,14,0,-,-,14,-,0,0,0.00,0.07,0.02,0.000
M Kartik (INDIA),2007-2007,2007,2007,0,1,1,4,0,27,0,-,-,6.75,-,0,0,0.00,0.15,0.04,0.000
Karweng NG (PHI),2019-2019,2019,2019,0,4,3,9,0,81,0,-,-,9,-,0,0,0.00,0.11,0.03,0.000
JM Kemp (SA),2005-2007,2005,2007,2,8,1,1,0,5,0,-,-,5,-,0,0,0.00,0.20,0.06,0.000
GE Kidd (IRE),2010-2010,2010,2010,0,1,1,3,0,32,0,-,-,10.66,-,0,0,0.00,0.09,0.03,0.000
RJ Kirtley (ENG),2007-2007,2007,2007,0,1,1,1,0,17,0,-,-,17,-,0,0,0.00,0.06,0.02,0.000
GJP Kruger (SA),2006-2006,2006,2006,0,1,1,4,0,29,0,-,-,7.25,-,0,0,0.00,0.14,0.04,0.000
JS Kundi (KENYA),2019-2019,2019,2019,0,6,2,2,0,15,0,-,-,7.5,-,0,0,0.00,0.13,0.04,0.000
Kushal Malla (NEPAL),2019-2019,2019,2019,0,3,2,4,0,38,0,-,-,9.5,-,0,0,0.00,0.11,0.03,0.000
A Lagos (),2019-2019,2019,2019,0,1,1,2,0,13,0,-,-,6.5,-,0,0,0.00,0.15,0.05,0.000
RDM Leverock (BMUDA),2008-2008,2008,2008,0,2,2,5,0,27,0,-,-,5.4,-,0,0,0.00,0.19,0.06,0.000
RN Lewis (WI),2008-2008,2008,2008,0,1,1,1,0,9,0,-,-,9,-,0,0,0.00,0.11,0.03,0.000
I Lisboa (Chile),2019-2019,2019,2019,0,1,1,2,0,17,0,-,-,8.5,-,0,0,0.00,0.12,0.04,0.000
AM McCarthy (WI),2018-2018,2018,2018,0,1,1,2,0,12,0,-,-,6,-,0,0,0.00,0.17,0.05,0.000
LD Madushanka (SL),2019-2019,2019,2019,0,2,1,4,0,36,0,-,-,9,-,0,0,0.00,0.11,0.03,0.000
Mahedi Hasan (BDESH),2018-2018,2018,2018,0,1,1,2,0,25,0,-,-,12.5,-,0,0,0.00,0.08,0.02,0.000
C Mahoney (Peru),2019-2019,2019,2019,0,3,1,1,0,10,0,-,-,10,-,0,0,0.00,0.10,0.03,0.000
BF Mailata (Samoa),2019-2019,2019,2019,0,4,2,2,0,24,0,-,-,12,-,0,0,0.00,0.08,0.03,0.000
D Manani (ROM),2019-2019,2019,2019,0,2,2,4,0,27,0,-,-,6.75,-,0,0,0.00,0.15,0.04,0.000
M Markande (INDIA),2019-2019,2019,2019,0,1,1,4,0,31,0,-,-,7.75,-,0,0,0.00,0.13,0.04,0.000
D Marks (MALTA),2019-2019,2019,2019,0,2,2,7,0,54,0,-,-,7.71,-,0,0,0.00,0.13,0.04,0.000
S Matsikenyeri (ZIM),2006-2012,2006,2012,6,10,3,2.4,0,23,0,-,-,8.62,-,0,0,0.00,0.12,0.03,0.000
GJ McCarter (IRE),2015-2015,2015,2015,0,3,2,5,0,50,0,-,-,10,-,0,0,0.00,0.10,0.03,0.000
A Mehmood (HKG),2016-2016,2016,2016,0,2,1,1,0,12,0,-,-,12,-,0,0,0.00,0.08,0.03,0.000
Mehrab Hossain jnr (BDESH),2008-2009,2008,2009,1,2,1,2.5,0,20,0,-,-,7.05,-,0,0,0.00,0.14,0.04,0.000
D Mejia (CRC),2019-2019,2019,2019,0,3,2,4,0,23,0,-,-,5.75,-,0,0,0.00,0.17,0.05,0.000
PHKD Mendis (SL),2018-2019,2018,2019,1,4,3,5,0,48,0,-,-,9.6,-,0,0,0.00,0.10,0.03,0.000
KO Meth (ZIM),2012-2012,2012,2012,0,2,2,7,0,64,0,-,-,9.14,-,0,0,0.00,0.11,0.03,0.000
AJ Michael (Samoa),2019-2019,2019,2019,0,4,1,2,0,18,0,-,-,9,-,0,0,0.00,0.11,0.03,0.000
Mihusan Hamid (Mald),2019-2019,2019,2019,0,1,1,3,0,29,0,-,-,9.66,-,0,0,0.00,0.10,0.03,0.000
Mohamed Arief (MAL),2019-2019,2019,2019,0,5,2,2,0,19,0,-,-,9.5,-,0,0,0.00,0.11,0.03,0.000
Mohammad Tauqir (UAE),2015-2015,2015,2015,0,3,3,7,1,55,0,-,-,7.85,-,0,0,0.00,0.13,0.04,0.000
JN Mohammed (WI),2017-2018,2017,2018,1,9,2,2,0,13,0,-,-,6.5,-,0,0,0.00,0.15,0.05,0.000
Mohammed Asghar (KUW),2019-2019,2019,2019,0,4,2,4,0,28,0,-,-,7,-,0,0,0.00,0.14,0.04,0.000
Mohammed Qasim (UAE),2016-2017,2016,2017,1,3,1,1,0,8,0,-,-,8,-,0,0,0.00,0.13,0.04,0.000
HJC Mol (NL),2008-2008,2008,2008,0,4,1,1.3,0,12,0,-,-,8,-,0,0,0.00,0.13,0.04,0.000
Mominul Haque (BDESH),2012-2014,2012,2014,2,6,2,3,0,32,0,-,-,10.66,-,0,0,0.00,0.09,0.03,0.000
JWN Moses (Botsw),2019-2019,2019,2019,0,3,2,8,0,46,0,-,-,5.75,-,0,0,0.00,0.17,0.05,0.000
Muhammad Asjed (ESP),2019-2019,2019,2019,0,2,1,1,0,9,0,-,-,9,-,0,0,0.00,0.11,0.03,0.000
Muhammad Musa (PAK),2019-2019,2019,2019,0,1,1,3.5,0,39,0,-,-,10.17,-,0,0,0.00,0.10,0.03,0.000
Muhammad Naeem (Saudi),2019-2019,2019,2019,0,5,1,1,0,13,0,-,-,13,-,0,0,0.00,0.08,0.02,0.000
Muhammed Shanil (UAE),2016-2016,2016,2016,0,1,1,4,0,49,0,-,-,12.25,-,0,0,0.00,0.08,0.02,0.000
RG Mukasa (UGA),2019-2019,2019,2019,0,4,2,7,0,40,0,-,-,5.71,-,0,0,0.00,0.18,0.05,0.000
Muktar Ali (BDESH),2016-2016,2016,2016,0,1,1,2,0,17,0,-,-,8.5,-,0,0,0.00,0.12,0.04,0.000
FF Mulivai (Samoa),2019-2019,2019,2019,0,4,1,0.1,0,6,0,-,-,36,-,0,0,0.00,0.03,0.01,0.000
T Munyonga (ZIM),2019-2019,2019,2019,0,5,1,1,0,3,0,-,-,3,-,0,0,0.00,0.33,0.10,0.000
Musawar Shah (QAT),2019-2019,2019,2019,0,2,2,3,0,32,0,-,-,10.66,-,0,0,0.00,0.09,0.03,0.000
S Nadigotla (ROM),2019-2019,2019,2019,0,2,1,2,0,10,0,-,-,5,-,0,0,0.00,0.20,0.06,0.000
Nanda Kumar (CRC),2019-2019,2019,2019,0,3,1,1,0,10,0,-,-,10,-,0,0,0.00,0.10,0.03,0.000
M Nandela (Mex),2019-2019,2019,2019,0,2,1,1,0,13,0,-,-,13,-,0,0,0.00,0.08,0.02,0.000
N Nankov (),2019-2019,2019,2019,0,3,1,1,0,15,0,-,-,15,-,0,0,0.00,0.07,0.02,0.000
A Nao (PNG),2017-2017,2017,2017,0,2,2,5,0,49,0,-,-,9.8,-,0,0,0.00,0.10,0.03,0.000
Nasir Aziz (UAE),2015-2015,2015,2015,0,1,1,4,0,21,0,-,-,5.25,-,0,0,0.00,0.19,0.06,0.000
A Natubhai Ahir (PNM),2019-2019,2019,2019,0,3,3,6,0,49,0,-,-,8.16,-,0,0,0.00,0.12,0.04,0.000
Nawaf Ahmed (KUW),2019-2019,2019,2019,0,1,1,2,0,16,0,-,-,8,-,0,0,0.00,0.13,0.04,0.000
R Nehonde (Botsw),2019-2019,2019,2019,0,7,5,13,0,113,0,-,-,8.69,-,0,0,0.00,0.12,0.03,0.000
S Nerandzic (Serb),2019-2019,2019,2019,0,2,1,2,0,26,0,-,-,13,-,0,0,0.00,0.08,0.02,0.000
K Nestor (GIBR),2019-2019,2019,2019,0,4,2,6.2,0,54,0,-,-,8.52,-,0,0,0.00,0.12,0.04,0.000
A Nortje (SA),2019-2019,2019,2019,0,1,1,3,0,27,0,-,-,9,-,0,0,0.00,0.11,0.03,0.000
J Nyumbu (ZIM),2018-2018,2018,2018,0,2,2,6,0,76,0,-,-,12.66,-,0,0,0.00,0.08,0.02,0.000
R Olipa (UGA),2019-2019,2019,2019,0,2,1,1,0,8,0,-,-,8,-,0,0,0.00,0.13,0.04,0.000
Omar Hayat (DEN),2019-2019,2019,2019,0,2,1,1,0,11,0,-,-,11,-,0,0,0.00,0.09,0.03,0.000
A Orfila (GIBR),2019-2019,2019,2019,0,1,1,1,0,7,0,-,-,7,-,0,0,0.00,0.14,0.04,0.000
A Patel (MWI),2019-2019,2019,2019,0,2,1,1,0,19,0,-,-,19,-,0,0,0.00,0.05,0.02,0.000
C Pengkumta (THAI),2019-2019,2019,2019,0,4,4,7,0,58,0,-,-,8.28,-,0,0,0.00,0.12,0.04,0.000
AK Perera (SL),2013-2019,2013,2019,6,6,1,1,0,17,0,-,-,17,-,0,0,0.00,0.06,0.02,0.000
PDRL Perera (SL),2006-2006,2006,2006,0,2,2,7,0,77,0,-,-,11,-,0,0,0.00,0.09,0.03,0.000
T Perera (Botsw),2019-2019,2019,2019,0,6,2,3,0,37,0,-,-,12.33,-,0,0,0.00,0.08,0.02,0.000
S Periyalwar (ROM),2019-2019,2019,2019,0,4,1,0.1,0,4,0,-,-,24,-,0,0,0.00,0.04,0.01,0.000
V Permaul (WI),2018-2018,2018,2018,0,1,1,0.3,0,8,0,-,-,16,-,0,0,0.00,0.06,0.02,0.000
OL Pitcher (BMUDA),2008-2008,2008,2008,0,3,1,1,0,7,0,-,-,7,-,0,0,0.00,0.14,0.04,0.000
C Prasad (CRC),2019-2019,2019,2019,0,3,1,2,0,12,0,-,-,6,-,0,0,0.00,0.17,0.05,0.000
KTGD Prasad (SL),2011-2011,2011,2011,0,1,1,3,0,37,0,-,-,12.33,-,0,0,0.00,0.08,0.02,0.000
EC Rainsford (ZIM),2010-2010,2010,2010,0,2,2,6,0,67,0,-,-,11.16,-,0,0,0.00,0.09,0.03,0.000
Rashid Khan (NEPAL),2019-2019,2019,2019,0,1,1,4,0,19,0,-,-,4.75,-,0,0,0.00,0.21,0.06,0.000
Robiul Islam (BDESH),2013-2013,2013,2013,0,1,1,1,0,13,0,-,-,13,-,0,0,0.00,0.08,0.02,0.000
R Rohan (SGP),2019-2019,2019,2019,0,10,1,1,0,7,0,-,-,7,-,0,0,0.00,0.14,0.04,0.000
GR Russ (PHI),2019-2019,2019,2019,0,3,2,3,0,52,0,-,-,17.33,-,0,0,0.00,0.06,0.02,0.000
SE Rutherford (WI),2018-2019,2018,2019,1,3,1,3,0,28,0,-,-,9.33,-,0,0,0.00,0.11,0.03,0.000
Saad Nasim (PAK),2014-2014,2014,2014,0,3,1,1,0,12,0,-,-,12,-,0,0,0.00,0.08,0.03,0.000
Sajedul Islam (BDESH),2013-2013,2013,2013,0,1,1,1,0,15,0,-,-,15,-,0,0,0.00,0.07,0.02,0.000
Sakib Hasan (Serb),2019-2019,2019,2019,0,2,1,1,0,13,0,-,-,13,-,0,0,0.00,0.08,0.02,0.000
Saqlain Arshad (QAT),2019-2019,2019,2019,0,2,1,1,0,12,0,-,-,12,-,0,0,0.00,0.08,0.03,0.000
Saqlain Sajib (BDESH),2016-2016,2016,2016,0,1,1,3.3,0,40,0,-,-,11.42,-,0,0,0.00,0.09,0.03,0.000
M Sarenac (Serb),2019-2019,2019,2019,0,2,1,1,0,12,0,-,-,12,-,0,0,0.00,0.08,0.03,0.000
V Sehwag (INDIA),2006-2012,2006,2012,6,19,1,1,0,20,0,-,-,20,-,0,0,0.00,0.05,0.02,0.000
K Senamontree (THAI),2019-2019,2019,2019,0,2,2,2,0,29,0,-,-,14.5,-,0,0,0.00,0.07,0.02,0.000
YSD Seneveratne (Caym),2019-2019,2019,2019,0,6,2,2,0,22,0,-,-,11,-,0,0,0.00,0.09,0.03,0.000
Shabbir Ahmed (PAK),2007-2007,2007,2007,0,1,1,2,0,19,0,-,-,9.5,-,0,0,0.00,0.11,0.03,0.000
JNK Shannon (IRE),2013-2018,2013,2018,5,8,1,1,0,11,0,-,-,11,-,0,0,0.00,0.09,0.03,0.000
Shoaib Gazi Hossain (Chile),2019-2019,2019,2019,0,4,1,2,0,23,0,-,-,11.5,-,0,0,0.00,0.09,0.03,0.000
P Silas (Botsw),2019-2019,2019,2019,0,4,1,1,0,21,0,-,-,21,-,0,0,0.00,0.05,0.01,0.000
KRP Silva (USA),2019-2019,2019,2019,0,2,1,2,0,19,0,-,-,9.5,-,0,0,0.00,0.11,0.03,0.000
M Simmons (BMUDA),2019-2019,2019,2019,0,2,1,2.1,0,21,0,-,-,9.69,-,0,0,0.00,0.10,0.03,0.000
GC Smith (SA),2005-2011,2005,2011,6,33,3,4,0,57,0,-,-,14.25,-,0,0,0.00,0.07,0.02,0.000
RAJ Smith (SCOT),2019-2019,2019,2019,0,2,2,6.5,0,66,0,-,-,9.65,-,0,0,0.00,0.10,0.03,0.000
JN Snape (ENG),2007-2007,2007,2007,0,1,1,1,0,12,0,-,-,12,-,0,0,0.00,0.08,0.03,0.000
Sohaib Maqsood (PAK),2013-2016,2013,2016,3,20,1,1,0,12,0,-,-,12,-,0,0,0.00,0.08,0.03,0.000
Soheel Hussain (Belg),2019-2019,2019,2019,0,1,1,1,0,7,0,-,-,7,-,0,0,0.00,0.14,0.04,0.000
Sohrawordi Shuvo (BDESH),2010-2010,2010,2010,0,1,1,1,0,12,0,-,-,12,-,0,0,0.00,0.08,0.03,0.000
S Sola (Samoa),2019-2019,2019,2019,0,4,1,1,0,9,0,-,-,9,-,0,0,0.00,0.11,0.03,0.000
S Soosiyakumar (),2019-2019,2019,2019,0,1,1,2,0,16,0,-,-,8,-,0,0,0.00,0.13,0.04,0.000
TJ Stephenson (Blz),2019-2019,2019,2019,0,1,1,1,0,11,0,-,-,11,-,0,0,0.00,0.09,0.03,0.000
Suresh Kumar (Peru),2019-2019,2019,2019,0,2,2,4,0,35,0,-,-,8.75,-,0,0,0.00,0.11,0.03,0.000
T Taibu (ZIM),2007-2012,2007,2012,5,17,2,4,0,41,0,-,-,10.25,-,0,0,0.00,0.10,0.03,0.000
Tarun Sharma (Mex),2019-2019,2019,2019,0,8,1,1,0,14,0,-,-,14,-,0,0,0.00,0.07,0.02,0.000
J Thinley (BHU),2019-2019,2019,2019,0,2,2,3,0,25,0,-,-,8.33,-,0,0,0.00,0.12,0.04,0.000
S Tobgay (BHU),2019-2019,2019,2019,0,2,1,4,0,50,0,-,-,12.5,-,0,0,0.00,0.08,0.02,0.000
T Tshose (Botsw),2019-2019,2019,2019,0,2,1,2,0,12,0,-,-,6,-,0,0,0.00,0.17,0.05,0.000
TE Tucker (BMUDA),2008-2008,2008,2008,0,1,1,2,0,5,0,-,-,2.5,-,0,0,0.00,0.40,0.12,0.000
S Tyagi (INDIA),2009-2009,2009,2009,0,1,1,2,0,21,0,-,-,10.5,-,0,0,0.00,0.10,0.03,0.000
HER Tyler (PHI),2019-2019,2019,2019,0,2,2,6,0,48,0,-,-,8,-,0,0,0.00,0.13,0.04,0.000
E Ul Haq (NOR),2019-2019,2019,2019,0,5,1,0.1,0,4,0,-,-,24,-,0,0,0.00,0.04,0.01,0.000
R Ulutuna (TKY),2019-2019,2019,2019,0,4,1,1,0,11,0,-,-,11,-,0,0,0.00,0.09,0.03,0.000
S Vesawkar (NEPAL),2014-2019,2014,2019,5,17,1,3,0,25,0,-,-,8.33,-,0,0,0.00,0.12,0.04,0.000
JK Vifah (Ghana),2019-2019,2019,2019,0,3,1,1.1,0,8,0,-,-,6.85,-,0,0,0.00,0.15,0.04,0.000
M Vijay (INDIA),2010-2015,2010,2015,5,9,1,2,0,9,0,-,-,4.5,-,0,0,0.00,0.22,0.07,0.000
V Vijh (LUX),2019-2019,2019,2019,0,4,3,7.5,0,72,0,-,-,9.19,-,0,0,0.00,0.11,0.03,0.000
Vimal Kumar (PHI),2019-2019,2019,2019,0,2,1,3,0,32,0,-,-,10.66,-,0,0,0.00,0.09,0.03,0.000
MN Waller (ZIM),2011-2018,2011,2018,7,32,3,5,0,42,0,-,-,8.4,-,0,0,0.00,0.12,0.04,0.000
Waqas Ali (Belg),2019-2019,2019,2019,0,2,1,1,0,9,0,-,-,9,-,0,0,0.00,0.11,0.03,0.000
Waqas Khan (HKG),2014-2017,2014,2017,3,8,1,1,0,12,0,-,-,12,-,0,0,0.00,0.08,0.03,0.000
Waqas Raja (Fin),2019-2019,2019,2019,0,1,1,1,0,9,0,-,-,9,-,0,0,0.00,0.11,0.03,0.000
Wasim Ali (OMAN),2019-2019,2019,2019,0,1,1,2,0,16,0,-,-,8,-,0,0,0.00,0.13,0.04,0.000
JW Wilson (NZ),2005-2005,2005,2005,0,1,1,4,0,43,0,-,-,10.75,-,0,0,0.00,0.09,0.03,0.000
Yasir Shah (PAK),2011-2011,2011,2011,0,2,2,4,0,39,0,-,-,9.75,-,0,0,0.00,0.10,0.03,0.000
N Yordanov (),2019-2019,2019,2019,0,2,1,3,0,20,0,-,-,6.66,-,0,0,0.00,0.15,0.05,0.000
Zeeshan Abbas (BAH),2019-2019,2019,2019,0,1,1,4,0,20,0,-,-,5,-,0,0,0.00,0.20,0.06,0.000
Aamer Ikram (PORT),2019-2019,2019,2019,0,4,-,-,-,-,-,-,-,-,-,-,-,#VALUE!,#VALUE!,#VALUE!,#VALUE!
Aarif Sheikh (NEPAL),2018-2019,2018,2019,1,11,-,-,-,-,-,-,-,-,-,-,-,#VALUE!,#VALUE!,#VALUE!,#VALUE!
Z Abbasi (Botsw),2019-2019,2019,2019,0,1,-,-,-,-,-,-,-,-,-,-,-,#VALUE!,#VALUE!,#VALUE!,#VALUE!
Abbas Saad (Saudi),2019-2019,2019,2019,0,2,-,-,-,-,-,-,-,-,-,-,-,#VALUE!,#VALUE!,#VALUE!,#VALUE!
Abdul Rashid (Belg),2019-2019,2019,2019,0,1,-,-,-,-,-,-,-,-,-,-,-,#VALUE!,#VALUE!,#VALUE!,#VALUE!
Abdul Shakoor (UAE),2015-2019,2015,2019,4,6,-,-,-,-,-,-,-,-,-,-,-,#VALUE!,#VALUE!,#VALUE!,#VALUE!
Abdul Shakoor (ROM),2019-2019,2019,2019,0,2,-,-,-,-,-,-,-,-,-,-,-,#VALUE!,#VALUE!,#VALUE!,#VALUE!
Abraash Khan (CAN),2019-2019,2019,2019,0,7,-,-,-,-,-,-,-,-,-,-,-,#VALUE!,#VALUE!,#VALUE!,#VALUE!
Abrar Bilal (Aut),2019-2019,2019,2019,0,3,-,-,-,-,-,-,-,-,-,-,-,#VALUE!,#VALUE!,#VALUE!,#VALUE!
F Achelam (UGA),2019-2019,2019,2019,0,1,-,-,-,-,-,-,-,-,-,-,-,#VALUE!,#VALUE!,#VALUE!,#VALUE!
Abdul Hashmi (DEN),2019-2019,2019,2019,0,8,-,-,-,-,-,-,-,-,-,-,-,#VALUE!,#VALUE!,#VALUE!,#VALUE!
Adil Hanif (BAH),2019-2019,2019,2019,0,4,-,-,-,-,-,-,-,-,-,-,-,#VALUE!,#VALUE!,#VALUE!,#VALUE!
Adnan Ilyas (OMAN),2015-2016,2015,2016,1,12,-,-,-,-,-,-,-,-,-,-,-,#VALUE!,#VALUE!,#VALUE!,#VALUE!
Adnan Mufti (UAE),2017-2017,2017,2017,0,1,-,-,-,-,-,-,-,-,-,-,-,#VALUE!,#VALUE!,#VALUE!,#VALUE!
Afsar Zazai (AFG),2013-2013,2013,2013,0,1,-,-,-,-,-,-,-,-,-,-,-,#VALUE!,#VALUE!,#VALUE!,#VALUE!
P Agnihotri (NOR),2019-2019,2019,2019,0,2,-,-,-,-,-,-,-,-,-,-,-,#VALUE!,#VALUE!,#VALUE!,#VALUE!
RI Ahmed (NL),2015-2015,2015,2015,0,2,-,-,-,-,-,-,-,-,-,-,-,#VALUE!,#VALUE!,#VALUE!,#VALUE!
Ahmed Faiz (MAL),2019-2019,2019,2019,0,10,-,-,-,-,-,-,-,-,-,-,-,#VALUE!,#VALUE!,#VALUE!,#VALUE!
Ahsan Abbasi (HKG),2019-2019,2019,2019,0,6,-,-,-,-,-,-,-,-,-,-,-,#VALUE!,#VALUE!,#VALUE!,#VALUE!
KK Ahuja (Mex),2019-2019,2019,2019,0,8,-,-,-,-,-,-,-,-,-,-,-,#VALUE!,#VALUE!,#VALUE!,#VALUE!
Ainool Hafizs (MAL),2019-2019,2019,2019,0,3,-,-,-,-,-,-,-,-,-,-,-,#VALUE!,#VALUE!,#VALUE!,#VALUE!
Ainool Haqqiem (MAL),2019-2019,2019,2019,0,4,-,-,-,-,-,-,-,-,-,-,-,#VALUE!,#VALUE!,#VALUE!,#VALUE!
PS Airee (NEPAL),2015-2019,2015,2019,4,11,-,-,-,-,-,-,-,-,-,-,-,#VALUE!,#VALUE!,#VALUE!,#VALUE!
C Akyuz (TKY),2019-2019,2019,2019,0,2,-,-,-,-,-,-,-,-,-,-,-,#VALUE!,#VALUE!,#VALUE!,#VALUE!
Ali Ivan (Mald),2019-2019,2019,2019,0,1,-,-,-,-,-,-,-,-,-,-,-,#VALUE!,#VALUE!,#VALUE!,#VALUE!
HS Alta (TKY),2019-2019,2019,2019,0,4,-,-,-,-,-,-,-,-,-,-,-,#VALUE!,#VALUE!,#VALUE!,#VALUE!
TR Ambrose (ENG),2008-2008,2008,2008,0,1,-,-,-,-,-,-,-,-,-,-,-,#VALUE!,#VALUE!,#VALUE!,#VALUE!
Amjad Ali (UAE),2014-2015,2014,2015,1,5,-,-,-,-,-,-,-,-,-,-,-,#VALUE!,#VALUE!,#VALUE!,#VALUE!
Amjad Khan (UAE),2015-2016,2015,2016,1,4,-,-,-,-,-,-,-,-,-,-,-,#VALUE!,#VALUE!,#VALUE!,#VALUE!
HM Amla (SA/World),2009-2018,2009,2018,9,44,-,-,-,-,-,-,-,-,-,-,-,#VALUE!,#VALUE!,#VALUE!,#VALUE!
Anamul Haque (BDESH),2012-2015,2012,2015,3,13,-,-,-,-,-,-,-,-,-,-,-,#VALUE!,#VALUE!,#VALUE!,#VALUE!
Anam Mollik (ITA),2019-2019,2019,2019,0,2,-,-,-,-,-,-,-,-,-,-,-,#VALUE!,#VALUE!,#VALUE!,#VALUE!
Anas Khan (HKG),2014-2014,2014,2014,0,1,-,-,-,-,-,-,-,-,-,-,-,#VALUE!,#VALUE!,#VALUE!,#VALUE!
A Anemogiannis (),2019-2019,2019,2019,0,1,-,-,-,-,-,-,-,-,-,-,-,#VALUE!,#VALUE!,#VALUE!,#VALUE!
B Angeltti (Arg),2019-2019,2019,2019,0,3,-,-,-,-,-,-,-,-,-,-,-,#VALUE!,#VALUE!,#VALUE!,#VALUE!
Anwar Arudin (MAL),2019-2019,2019,2019,0,12,-,-,-,-,-,-,-,-,-,-,-,#VALUE!,#VALUE!,#VALUE!,#VALUE!
SE Aquilina (MALTA),2019-2019,2019,2019,0,4,-,-,-,-,-,-,-,-,-,-,-,#VALUE!,#VALUE!,#VALUE!,#VALUE!
Areeb Quadir (Fin),2019-2019,2019,2019,0,2,-,-,-,-,-,-,-,-,-,-,-,#VALUE!,#VALUE!,#VALUE!,#VALUE!
Z Arinaitwe (UGA),2019-2019,2019,2019,0,3,-,-,-,-,-,-,-,-,-,-,-,#VALUE!,#VALUE!,#VALUE!,#VALUE!
Aritra Dutta (SGP),2019-2019,2019,2019,0,8,-,-,-,-,-,-,-,-,-,-,-,#VALUE!,#VALUE!,#VALUE!,#VALUE!
RP Arnold (SL),2006-2006,2006,2006,0,1,-,-,-,-,-,-,-,-,-,-,-,#VALUE!,#VALUE!,#VALUE!,#VALUE!
P Arora (Mex),2019-2019,2019,2019,0,2,-,-,-,-,-,-,-,-,-,-,-,#VALUE!,#VALUE!,#VALUE!,#VALUE!
Arsalan Arif (Aut),2019-2019,2019,2019,0,2,-,-,-,-,-,-,-,-,-,-,-,#VALUE!,#VALUE!,#VALUE!,#VALUE!
Arslan Ahmed (PORT),2019-2019,2019,2019,0,3,-,-,-,-,-,-,-,-,-,-,-,#VALUE!,#VALUE!,#VALUE!,#VALUE!
Asad Shafiq (PAK),2010-2012,2010,2012,2,10,-,-,-,-,-,-,-,-,-,-,-,#VALUE!,#VALUE!,#VALUE!,#VALUE!
Asif Ali (PAK),2018-2019,2018,2019,1,25,-,-,-,-,-,-,-,-,-,-,-,#VALUE!,#VALUE!,#VALUE!,#VALUE!
Aslam Mohammad (),2019-2019,2019,2019,0,3,-,-,-,-,-,-,-,-,-,-,-,#VALUE!,#VALUE!,#VALUE!,#VALUE!
SK Atai (PNG),2019-2019,2019,2019,0,2,-,-,-,-,-,-,-,-,-,-,-,#VALUE!,#VALUE!,#VALUE!,#VALUE!
MS Atapattu (SL),2006-2006,2006,2006,0,2,-,-,-,-,-,-,-,-,-,-,-,#VALUE!,#VALUE!,#VALUE!,#VALUE!
S Ateak (Ghana),2019-2019,2019,2019,0,3,-,-,-,-,-,-,-,-,-,-,-,#VALUE!,#VALUE!,#VALUE!,#VALUE!
JJ Atkinson (HKG),2014-2016,2014,2016,2,13,-,-,-,-,-,-,-,-,-,-,-,#VALUE!,#VALUE!,#VALUE!,#VALUE!
Awais Ahmed (ESP),2019-2019,2019,2019,0,9,-,-,-,-,-,-,-,-,-,-,-,#VALUE!,#VALUE!,#VALUE!,#VALUE!
Awais Zia (PAK),2012-2014,2012,2014,2,5,-,-,-,-,-,-,-,-,-,-,-,#VALUE!,#VALUE!,#VALUE!,#VALUE!
AJ Ayannaike (NGA),2019-2019,2019,2019,0,3,-,-,-,-,-,-,-,-,-,-,-,#VALUE!,#VALUE!,#VALUE!,#VALUE!
Azyan Farhath (Mald),2019-2019,2019,2019,0,2,-,-,-,-,-,-,-,-,-,-,-,#VALUE!,#VALUE!,#VALUE!,#VALUE!
F Baaleri (Ghana),2019-2019,2019,2019,0,4,-,-,-,-,-,-,-,-,-,-,-,#VALUE!,#VALUE!,#VALUE!,#VALUE!
SJ Baard (NAM),2019-2019,2019,2019,0,13,-,-,-,-,-,-,-,-,-,-,-,#VALUE!,#VALUE!,#VALUE!,#VALUE!
Babar Azam (PAK),2016-2019,2016,2019,3,36,-,-,-,-,-,-,-,-,-,-,-,#VALUE!,#VALUE!,#VALUE!,#VALUE!
Babar Hayat (HKG),2014-2017,2014,2017,3,24,-,-,-,-,-,-,-,-,-,-,-,#VALUE!,#VALUE!,#VALUE!,#VALUE!
S Badrinath (INDIA),2011-2011,2011,2011,0,1,-,-,-,-,-,-,-,-,-,-,-,#VALUE!,#VALUE!,#VALUE!,#VALUE!
A Bagai (CAN),2008-2013,2008,2013,5,9,-,-,-,-,-,-,-,-,-,-,-,#VALUE!,#VALUE!,#VALUE!,#VALUE!
GJ Bailey (AUS/World),2012-2017,2012,2017,5,30,-,-,-,-,-,-,-,-,-,-,-,#VALUE!,#VALUE!,#VALUE!,#VALUE!
JM Bairstow (ENG),2011-2019,2011,2019,8,34,-,-,-,-,-,-,-,-,-,-,-,#VALUE!,#VALUE!,#VALUE!,#VALUE!
R Bakum (Ghana),2019-2019,2019,2019,0,4,-,-,-,-,-,-,-,-,-,-,-,#VALUE!,#VALUE!,#VALUE!,#VALUE!
V Balakrishnan (Botsw),2019-2019,2019,2019,0,3,-,-,-,-,-,-,-,-,-,-,-,#VALUE!,#VALUE!,#VALUE!,#VALUE!
A Balbirnie (IRE),2015-2019,2015,2019,4,37,-,-,-,-,-,-,-,-,-,-,-,#VALUE!,#VALUE!,#VALUE!,#VALUE!
CT Bancroft (AUS),2016-2016,2016,2016,0,1,-,-,-,-,-,-,-,-,-,-,-,#VALUE!,#VALUE!,#VALUE!,#VALUE!
B Banerjee (Mex),2019-2019,2019,2019,0,6,-,-,-,-,-,-,-,-,-,-,-,#VALUE!,#VALUE!,#VALUE!,#VALUE!
T Banton (ENG),2019-2019,2019,2019,0,3,-,-,-,-,-,-,-,-,-,-,-,#VALUE!,#VALUE!,#VALUE!,#VALUE!
AB Barath (WI),2010-2011,2010,2011,1,2,-,-,-,-,-,-,-,-,-,-,-,#VALUE!,#VALUE!,#VALUE!,#VALUE!
J Barker (LUX),2019-2019,2019,2019,0,4,-,-,-,-,-,-,-,-,-,-,-,#VALUE!,#VALUE!,#VALUE!,#VALUE!
LJ Barker (GUE),2019-2019,2019,2019,0,9,-,-,-,-,-,-,-,-,-,-,-,#VALUE!,#VALUE!,#VALUE!,#VALUE!
TC Barker (LUX),2019-2019,2019,2019,0,4,-,-,-,-,-,-,-,-,-,-,-,#VALUE!,#VALUE!,#VALUE!,#VALUE!
P Baron (Arg),2019-2019,2019,2019,0,5,-,-,-,-,-,-,-,-,-,-,-,#VALUE!,#VALUE!,#VALUE!,#VALUE!
MC Bascombe (WI),2011-2011,2011,2011,0,1,-,-,-,-,-,-,-,-,-,-,-,#VALUE!,#VALUE!,#VALUE!,#VALUE!
O Bascome (BMUDA),2019-2019,2019,2019,0,11,-,-,-,-,-,-,-,-,-,-,-,#VALUE!,#VALUE!,#VALUE!,#VALUE!
OO Bascome (BMUDA),2008-2019,2008,2019,11,3,-,-,-,-,-,-,-,-,-,-,-,#VALUE!,#VALUE!,#VALUE!,#VALUE!
TC Bastiampillai (CAN),2010-2010,2010,2010,0,2,-,-,-,-,-,-,-,-,-,-,-,#VALUE!,#VALUE!,#VALUE!,#VALUE!
D Bau (PNG),2017-2017,2017,2017,0,1,-,-,-,-,-,-,-,-,-,-,-,#VALUE!,#VALUE!,#VALUE!,#VALUE!
CS Baugh (WI),2008-2012,2008,2012,4,3,-,-,-,-,-,-,-,-,-,-,-,#VALUE!,#VALUE!,#VALUE!,#VALUE!
T Bavuma (SA),2019-2019,2019,2019,0,2,-,-,-,-,-,-,-,-,-,-,-,#VALUE!,#VALUE!,#VALUE!,#VALUE!
IR Bell (ENG),2006-2014,2006,2014,8,8,-,-,-,-,-,-,-,-,-,-,-,#VALUE!,#VALUE!,#VALUE!,#VALUE!
A Bhagwat (HKG),2019-2019,2019,2019,0,4,-,-,-,-,-,-,-,-,-,-,-,#VALUE!,#VALUE!,#VALUE!,#VALUE!
B Bhandari (NEPAL),2014-2019,2014,2019,5,27,-,-,-,-,-,-,-,-,-,-,-,#VALUE!,#VALUE!,#VALUE!,#VALUE!
M Bhanuka (SL),2019-2019,2019,2019,0,2,-,-,-,-,-,-,-,-,-,-,-,#VALUE!,#VALUE!,#VALUE!,#VALUE!
TS Bharaj (DEN),2019-2019,2019,2019,0,9,-,-,-,-,-,-,-,-,-,-,-,#VALUE!,#VALUE!,#VALUE!,#VALUE!
RA Bhatti (CAN),2012-2012,2012,2012,0,4,-,-,-,-,-,-,-,-,-,-,-,#VALUE!,#VALUE!,#VALUE!,#VALUE!
MP Biddappa (PHI),2019-2019,2019,2019,0,4,-,-,-,-,-,-,-,-,-,-,-,#VALUE!,#VALUE!,#VALUE!,#VALUE!
Bilal Ahmed (Serb),2019-2019,2019,2019,0,1,-,-,-,-,-,-,-,-,-,-,-,#VALUE!,#VALUE!,#VALUE!,#VALUE!
Bilal Tahir (KUW),2019-2019,2019,2019,0,4,-,-,-,-,-,-,-,-,-,-,-,#VALUE!,#VALUE!,#VALUE!,#VALUE!
IS Billcliff (CAN),2010-2010,2010,2010,0,2,-,-,-,-,-,-,-,-,-,-,-,#VALUE!,#VALUE!,#VALUE!,#VALUE!
SW Billings (ENG/ICC),2015-2019,2015,2019,4,26,-,-,-,-,-,-,-,-,-,-,-,#VALUE!,#VALUE!,#VALUE!,#VALUE!
K Birkenstock (NAM),2019-2019,2019,2019,0,4,-,-,-,-,-,-,-,-,-,-,-,#VALUE!,#VALUE!,#VALUE!,#VALUE!
TR Birt (AUS),2010-2012,2010,2012,2,4,-,-,-,-,-,-,-,-,-,-,-,#VALUE!,#VALUE!,#VALUE!,#VALUE!
C Bisson (JER),2019-2019,2019,2019,0,14,-,-,-,-,-,-,-,-,-,-,-,#VALUE!,#VALUE!,#VALUE!,#VALUE!
AM Blignaut (ZIM),2010-2010,2010,2010,0,1,-,-,-,-,-,-,-,-,-,-,-,#VALUE!,#VALUE!,#VALUE!,#VALUE!
TA Blundell (NZ),2017-2018,2017,2018,1,3,-,-,-,-,-,-,-,-,-,-,-,#VALUE!,#VALUE!,#VALUE!,#VALUE!
GH Bodi (SA),2007-2007,2007,2007,0,1,-,-,-,-,-,-,-,-,-,-,-,#VALUE!,#VALUE!,#VALUE!,#VALUE!
LE Bosman (SA),2006-2010,2006,2010,4,14,-,-,-,-,-,-,-,-,-,-,-,#VALUE!,#VALUE!,#VALUE!,#VALUE!
MV Boucher (SA),2005-2010,2005,2010,5,25,-,-,-,-,-,-,-,-,-,-,-,#VALUE!,#VALUE!,#VALUE!,#VALUE!
DM Bravo (WI),2010-2019,2010,2019,9,20,-,-,-,-,-,-,-,-,-,-,-,#VALUE!,#VALUE!,#VALUE!,#VALUE!
JP Bray (IRE),2009-2009,2009,2009,0,2,-,-,-,-,-,-,-,-,-,-,-,#VALUE!,#VALUE!,#VALUE!,#VALUE!
NT Broom (NZ),2009-2017,2009,2017,8,11,-,-,-,-,-,-,-,-,-,-,-,#VALUE!,#VALUE!,#VALUE!,#VALUE!
DG Brownlie (NZ),2010-2014,2010,2014,4,5,-,-,-,-,-,-,-,-,-,-,-,#VALUE!,#VALUE!,#VALUE!,#VALUE!
TC Bruce (NZ),2017-2019,2017,2019,2,15,-,-,-,-,-,-,-,-,-,-,-,#VALUE!,#VALUE!,#VALUE!,#VALUE!
NB Budayair (NEPAL),2014-2014,2014,2014,0,4,-,-,-,-,-,-,-,-,-,-,-,#VALUE!,#VALUE!,#VALUE!,#VALUE!
DE Budge (SCOT),2018-2018,2018,2018,0,6,-,-,-,-,-,-,-,-,-,-,-,#VALUE!,#VALUE!,#VALUE!,#VALUE!
A Bulow (DEN),2019-2019,2019,2019,0,2,-,-,-,-,-,-,-,-,-,-,-,#VALUE!,#VALUE!,#VALUE!,#VALUE!
JC Buttler (ENG),2011-2018,2011,2018,7,66,-,-,-,-,-,-,-,-,-,-,-,#VALUE!,#VALUE!,#VALUE!,#VALUE!
AF Buurman (NL),2010-2010,2010,2010,0,4,-,-,-,-,-,-,-,-,-,-,-,#VALUE!,#VALUE!,#VALUE!,#VALUE!
S Byrne (MALTA),2019-2019,2019,2019,0,2,-,-,-,-,-,-,-,-,-,-,-,#VALUE!,#VALUE!,#VALUE!,#VALUE!
G Caisley (),2019-2019,2019,2019,0,4,-,-,-,-,-,-,-,-,-,-,-,#VALUE!,#VALUE!,#VALUE!,#VALUE!
MA Carberry (ENG),2014-2014,2014,2014,0,1,-,-,-,-,-,-,-,-,-,-,-,#VALUE!,#VALUE!,#VALUE!,#VALUE!
AT Carey (AUS),2018-2019,2018,2019,1,25,-,-,-,-,-,-,-,-,-,-,-,#VALUE!,#VALUE!,#VALUE!,#VALUE!
C Carter (HKG),2015-2017,2015,2017,2,10,-,-,-,-,-,-,-,-,-,-,-,#VALUE!,#VALUE!,#VALUE!,#VALUE!
T Caruana (GIBR),2019-2019,2019,2019,0,2,-,-,-,-,-,-,-,-,-,-,-,#VALUE!,#VALUE!,#VALUE!,#VALUE!
D Cato (Caym),2019-2019,2019,2019,0,3,-,-,-,-,-,-,-,-,-,-,-,#VALUE!,#VALUE!,#VALUE!,#VALUE!
JJ Celestine (BMUDA),2008-2008,2008,2008,0,3,-,-,-,-,-,-,-,-,-,-,-,#VALUE!,#VALUE!,#VALUE!,#VALUE!
RW Chakabva (ZIM),2008-2019,2008,2019,11,12,-,-,-,-,-,-,-,-,-,-,-,#VALUE!,#VALUE!,#VALUE!,#VALUE!
S Chanderpaul (WI),2006-2010,2006,2010,4,22,-,-,-,-,-,-,-,-,-,-,-,#VALUE!,#VALUE!,#VALUE!,#VALUE!
LD Chandimal (SL),2010-2018,2010,2018,8,54,-,-,-,-,-,-,-,-,-,-,-,#VALUE!,#VALUE!,#VALUE!,#VALUE!
VD Chandra (PNM),2019-2019,2019,2019,0,3,-,-,-,-,-,-,-,-,-,-,-,#VALUE!,#VALUE!,#VALUE!,#VALUE!
S Chandramohan (SGP),2019-2019,2019,2019,0,12,-,-,-,-,-,-,-,-,-,-,-,#VALUE!,#VALUE!,#VALUE!,#VALUE!
BB Chari (ZIM),2019-2019,2019,2019,0,3,-,-,-,-,-,-,-,-,-,-,-,#VALUE!,#VALUE!,#VALUE!,#VALUE!
J Charles (WI),2011-2016,2011,2016,5,34,-,-,-,-,-,-,-,-,-,-,-,#VALUE!,#VALUE!,#VALUE!,#VALUE!
G Chaturvedi (MALTA),2019-2019,2019,2019,0,2,-,-,-,-,-,-,-,-,-,-,-,#VALUE!,#VALUE!,#VALUE!,#VALUE!
N Chejay (BHU),2019-2019,2019,2019,0,1,-,-,-,-,-,-,-,-,-,-,-,#VALUE!,#VALUE!,#VALUE!,#VALUE!
C Chete (MWI),2019-2019,2019,2019,0,2,-,-,-,-,-,-,-,-,-,-,-,#VALUE!,#VALUE!,#VALUE!,#VALUE!
VB Chikkannaiah (GER),2019-2019,2019,2019,0,7,-,-,-,-,-,-,-,-,-,-,-,#VALUE!,#VALUE!,#VALUE!,#VALUE!
Chirag Suri (UAE),2018-2019,2018,2019,1,7,-,-,-,-,-,-,-,-,-,-,-,#VALUE!,#VALUE!,#VALUE!,#VALUE!
S Chophel (BHU),2019-2019,2019,2019,0,1,-,-,-,-,-,-,-,-,-,-,-,#VALUE!,#VALUE!,#VALUE!,#VALUE!
DO Christian (WI),2011-2011,2011,2011,0,2,-,-,-,-,-,-,-,-,-,-,-,#VALUE!,#VALUE!,#VALUE!,#VALUE!
I Civric (Serb),2019-2019,2019,2019,0,1,-,-,-,-,-,-,-,-,-,-,-,#VALUE!,#VALUE!,#VALUE!,#VALUE!
GL Cloete (SA),2018-2019,2018,2019,1,2,-,-,-,-,-,-,-,-,-,-,-,#VALUE!,#VALUE!,#VALUE!,#VALUE!
FRJ Coleman (SCOT),2013-2013,2013,2013,0,1,-,-,-,-,-,-,-,-,-,-,-,#VALUE!,#VALUE!,#VALUE!,#VALUE!
LA Collado (GIBR),2019-2019,2019,2019,0,4,-,-,-,-,-,-,-,-,-,-,-,#VALUE!,#VALUE!,#VALUE!,#VALUE!
NG Collins (Fin),2019-2019,2019,2019,0,5,-,-,-,-,-,-,-,-,-,-,-,#VALUE!,#VALUE!,#VALUE!,#VALUE!
AN Cook (ENG),2007-2009,2007,2009,2,4,-,-,-,-,-,-,-,-,-,-,-,#VALUE!,#VALUE!,#VALUE!,#VALUE!
BN Cooper (NL),2013-2019,2013,2019,6,51,-,-,-,-,-,-,-,-,-,-,-,#VALUE!,#VALUE!,#VALUE!,#VALUE!
SJ Cotter (Samoa),2019-2019,2019,2019,0,4,-,-,-,-,-,-,-,-,-,-,-,#VALUE!,#VALUE!,#VALUE!,#VALUE!
CK Coventry (ZIM),2010-2015,2010,2015,5,13,-,-,-,-,-,-,-,-,-,-,-,#VALUE!,#VALUE!,#VALUE!,#VALUE!
MH Cross (SCOT),2013-2019,2013,2019,6,43,-,-,-,-,-,-,-,-,-,-,-,#VALUE!,#VALUE!,#VALUE!,#VALUE!
DDP D'Silva (UAE),2019-2019,2019,2019,0,10,-,-,-,-,-,-,-,-,-,-,-,#VALUE!,#VALUE!,#VALUE!,#VALUE!
D Daesrath (CAN),2013-2013,2013,2013,0,1,-,-,-,-,-,-,-,-,-,-,-,#VALUE!,#VALUE!,#VALUE!,#VALUE!
S Dalton (CZK-R),2019-2019,2019,2019,0,3,-,-,-,-,-,-,-,-,-,-,-,#VALUE!,#VALUE!,#VALUE!,#VALUE!
P Danci (ROM),2019-2019,2019,2019,0,2,-,-,-,-,-,-,-,-,-,-,-,#VALUE!,#VALUE!,#VALUE!,#VALUE!
RR David (CAN),2008-2008,2008,2008,0,4,-,-,-,-,-,-,-,-,-,-,-,#VALUE!,#VALUE!,#VALUE!,#VALUE!
SM Davies (ENG),2009-2011,2009,2011,2,5,-,-,-,-,-,-,-,-,-,-,-,#VALUE!,#VALUE!,#VALUE!,#VALUE!
N Davin (NAM),2019-2019,2019,2019,0,16,-,-,-,-,-,-,-,-,-,-,-,#VALUE!,#VALUE!,#VALUE!,#VALUE!
TB de Bruyn (SA),2017-2017,2017,2017,0,2,-,-,-,-,-,-,-,-,-,-,-,#VALUE!,#VALUE!,#VALUE!,#VALUE!
TN de Grooth (NL),2008-2013,2008,2013,5,15,-,-,-,-,-,-,-,-,-,-,-,#VALUE!,#VALUE!,#VALUE!,#VALUE!
Q de Kock (SA),2012-2019,2012,2019,7,38,-,-,-,-,-,-,-,-,-,-,-,#VALUE!,#VALUE!,#VALUE!,#VALUE!
CJ Delany (GIBR),2019-2019,2019,2019,0,4,-,-,-,-,-,-,-,-,-,-,-,#VALUE!,#VALUE!,#VALUE!,#VALUE!
D de la Puente (Peru),2019-2019,2019,2019,0,2,-,-,-,-,-,-,-,-,-,-,-,#VALUE!,#VALUE!,#VALUE!,#VALUE!
SI de Saram (SL),2009-2009,2009,2009,0,1,-,-,-,-,-,-,-,-,-,-,-,#VALUE!,#VALUE!,#VALUE!,#VALUE!
AB de Villiers (SA),2006-2017,2006,2017,11,78,-,-,-,-,-,-,-,-,-,-,-,#VALUE!,#VALUE!,#VALUE!,#VALUE!
S Dhawan (INDIA),2011-2019,2011,2019,8,58,-,-,-,-,-,-,-,-,-,-,-,#VALUE!,#VALUE!,#VALUE!,#VALUE!
Dhiman Ghosh (BDESH),2008-2008,2008,2008,0,1,-,-,-,-,-,-,-,-,-,-,-,#VALUE!,#VALUE!,#VALUE!,#VALUE!
MS Dhoni (INDIA),2006-2019,2006,2019,13,98,-,-,-,-,-,-,-,-,-,-,-,#VALUE!,#VALUE!,#VALUE!,#VALUE!
N Dickwella (SL),2016-2019,2016,2019,3,23,-,-,-,-,-,-,-,-,-,-,-,#VALUE!,#VALUE!,#VALUE!,#VALUE!
V Dikov (),2019-2019,2019,2019,0,3,-,-,-,-,-,-,-,-,-,-,-,#VALUE!,#VALUE!,#VALUE!,#VALUE!
HH Dippenaar (SA),2006-2006,2006,2006,0,1,-,-,-,-,-,-,-,-,-,-,-,#VALUE!,#VALUE!,#VALUE!,#VALUE!
K Doriga (PNG),2019-2019,2019,2019,0,17,-,-,-,-,-,-,-,-,-,-,-,#VALUE!,#VALUE!,#VALUE!,#VALUE!
JN Dorji (BHU),2019-2019,2019,2019,0,1,-,-,-,-,-,-,-,-,-,-,-,#VALUE!,#VALUE!,#VALUE!,#VALUE!
RM Dorji (BHU),2019-2019,2019,2019,0,1,-,-,-,-,-,-,-,-,-,-,-,#VALUE!,#VALUE!,#VALUE!,#VALUE!
U Dorji (BHU),2019-2019,2019,2019,0,2,-,-,-,-,-,-,-,-,-,-,-,#VALUE!,#VALUE!,#VALUE!,#VALUE!
TM Dowlin (WI),2009-2010,2009,2010,1,2,-,-,-,-,-,-,-,-,-,-,-,#VALUE!,#VALUE!,#VALUE!,#VALUE!
R Dravid (INDIA),2011-2011,2011,2011,0,1,-,-,-,-,-,-,-,-,-,-,-,#VALUE!,#VALUE!,#VALUE!,#VALUE!
BM Duckett (ENG),2019-2019,2019,2019,0,1,-,-,-,-,-,-,-,-,-,-,-,#VALUE!,#VALUE!,#VALUE!,#VALUE!
LA Dunbar (Serb),2019-2019,2019,2019,0,2,-,-,-,-,-,-,-,-,-,-,-,#VALUE!,#VALUE!,#VALUE!,#VALUE!
JSE Dunford (JER),2019-2019,2019,2019,0,17,-,-,-,-,-,-,-,-,-,-,-,#VALUE!,#VALUE!,#VALUE!,#VALUE!
BR Dunk (AUS),2014-2017,2014,2017,3,5,-,-,-,-,-,-,-,-,-,-,-,#VALUE!,#VALUE!,#VALUE!,#VALUE!
J Dunn (VAN),2019-2019,2019,2019,0,4,-,-,-,-,-,-,-,-,-,-,-,#VALUE!,#VALUE!,#VALUE!,#VALUE!
G Dutta (Mex),2019-2019,2019,2019,0,7,-,-,-,-,-,-,-,-,-,-,-,#VALUE!,#VALUE!,#VALUE!,#VALUE!
J Edness (BMUDA),2008-2008,2008,2008,0,3,-,-,-,-,-,-,-,-,-,-,-,#VALUE!,#VALUE!,#VALUE!,#VALUE!
SA Edwards (NL),2018-2019,2018,2019,1,29,-,-,-,-,-,-,-,-,-,-,-,#VALUE!,#VALUE!,#VALUE!,#VALUE!
L Emilio (Moz),2019-2019,2019,2019,0,5,-,-,-,-,-,-,-,-,-,-,-,#VALUE!,#VALUE!,#VALUE!,#VALUE!
C Emmott (Chile),2019-2019,2019,2019,0,2,-,-,-,-,-,-,-,-,-,-,-,#VALUE!,#VALUE!,#VALUE!,#VALUE!
CR Ervine (ZIM),2010-2019,2010,2019,9,22,-,-,-,-,-,-,-,-,-,-,-,#VALUE!,#VALUE!,#VALUE!,#VALUE!
R Escobar (Arg),2019-2019,2019,2019,0,5,-,-,-,-,-,-,-,-,-,-,-,#VALUE!,#VALUE!,#VALUE!,#VALUE!
Fahad Ali (),2019-2019,2019,2019,0,3,-,-,-,-,-,-,-,-,-,-,-,#VALUE!,#VALUE!,#VALUE!,#VALUE!
Faisal Javed (QAT),2019-2019,2019,2019,0,15,-,-,-,-,-,-,-,-,-,-,-,#VALUE!,#VALUE!,#VALUE!,#VALUE!
Faizan Asif (UAE),2014-2015,2014,2015,1,6,-,-,-,-,-,-,-,-,-,-,-,#VALUE!,#VALUE!,#VALUE!,#VALUE!
LB Ferbrache (GUE),2019-2019,2019,2019,0,9,-,-,-,-,-,-,-,-,-,-,-,#VALUE!,#VALUE!,#VALUE!,#VALUE!
A Ferguson (Arg),2019-2019,2019,2019,0,5,-,-,-,-,-,-,-,-,-,-,-,#VALUE!,#VALUE!,#VALUE!,#VALUE!
CJ Ferguson (AUS),2009-2009,2009,2009,0,3,-,-,-,-,-,-,-,-,-,-,-,#VALUE!,#VALUE!,#VALUE!,#VALUE!
BOP Fernando (SL),2019-2019,2019,2019,0,3,-,-,-,-,-,-,-,-,-,-,-,#VALUE!,#VALUE!,#VALUE!,#VALUE!
WIA Fernando (SL),2019-2019,2019,2019,0,10,-,-,-,-,-,-,-,-,-,-,-,#VALUE!,#VALUE!,#VALUE!,#VALUE!
NJ Ferraby (JER),2019-2019,2019,2019,0,14,-,-,-,-,-,-,-,-,-,-,-,#VALUE!,#VALUE!,#VALUE!,#VALUE!
Fiaz Ahmed (BAH),2019-2019,2019,2019,0,4,-,-,-,-,-,-,-,-,-,-,-,#VALUE!,#VALUE!,#VALUE!,#VALUE!
Fida Hussain (ITA),2019-2019,2019,2019,0,2,-,-,-,-,-,-,-,-,-,-,-,#VALUE!,#VALUE!,#VALUE!,#VALUE!
SE Findlay (WI),2008-2008,2008,2008,0,2,-,-,-,-,-,-,-,-,-,-,-,#VALUE!,#VALUE!,#VALUE!,#VALUE!
R Flannigan (SCOT),2012-2012,2012,2012,0,4,-,-,-,-,-,-,-,-,-,-,-,#VALUE!,#VALUE!,#VALUE!,#VALUE!
SP Fleming (NZ),2005-2006,2005,2006,1,5,-,-,-,-,-,-,-,-,-,-,-,#VALUE!,#VALUE!,#VALUE!,#VALUE!
ADS Fletcher (WI),2008-2018,2008,2018,10,42,-,-,-,-,-,-,-,-,-,-,-,#VALUE!,#VALUE!,#VALUE!,#VALUE!
BT Foakes (ENG),2019-2019,2019,2019,0,1,-,-,-,-,-,-,-,-,-,-,-,#VALUE!,#VALUE!,#VALUE!,#VALUE!
CR Foggo (BMUDA),2008-2008,2008,2008,0,3,-,-,-,-,-,-,-,-,-,-,-,#VALUE!,#VALUE!,#VALUE!,#VALUE!
JS Foster (ENG),2009-2009,2009,2009,0,5,-,-,-,-,-,-,-,-,-,-,-,#VALUE!,#VALUE!,#VALUE!,#VALUE!
O Fournier (CRC),2019-2019,2019,2019,0,2,-,-,-,-,-,-,-,-,-,-,-,#VALUE!,#VALUE!,#VALUE!,#VALUE!
TS Fray (BMUDA),2019-2019,2019,2019,0,10,-,-,-,-,-,-,-,-,-,-,-,#VALUE!,#VALUE!,#VALUE!,#VALUE!
JD Freyone (GIBR),2019-2019,2019,2019,0,4,-,-,-,-,-,-,-,-,-,-,-,#VALUE!,#VALUE!,#VALUE!,#VALUE!
PG Fulton (NZ),2006-2012,2006,2012,6,12,-,-,-,-,-,-,-,-,-,-,-,#VALUE!,#VALUE!,#VALUE!,#VALUE!
PF Gallagher (Fin),2019-2019,2019,2019,0,3,-,-,-,-,-,-,-,-,-,-,-,#VALUE!,#VALUE!,#VALUE!,#VALUE!
G Gambhir (INDIA),2007-2012,2007,2012,5,37,-,-,-,-,-,-,-,-,-,-,-,#VALUE!,#VALUE!,#VALUE!,#VALUE!
AR Gandhi (KENYA),2019-2019,2019,2019,0,3,-,-,-,-,-,-,-,-,-,-,-,#VALUE!,#VALUE!,#VALUE!,#VALUE!
D Ganga (WI),2006-2006,2006,2006,0,1,-,-,-,-,-,-,-,-,-,-,-,#VALUE!,#VALUE!,#VALUE!,#VALUE!
Garret Banner (Blz),2019-2019,2019,2019,0,1,-,-,-,-,-,-,-,-,-,-,-,#VALUE!,#VALUE!,#VALUE!,#VALUE!
A Gavde (Caym),2019-2019,2019,2019,0,1,-,-,-,-,-,-,-,-,-,-,-,#VALUE!,#VALUE!,#VALUE!,#VALUE!
R Gaznavi (SGP),2019-2019,2019,2019,0,2,-,-,-,-,-,-,-,-,-,-,-,#VALUE!,#VALUE!,#VALUE!,#VALUE!
Gershon Yusuf (NGA),2019-2019,2019,2019,0,1,-,-,-,-,-,-,-,-,-,-,-,#VALUE!,#VALUE!,#VALUE!,#VALUE!
L Gharasim (ROM),2019-2019,2019,2019,0,2,-,-,-,-,-,-,-,-,-,-,-,#VALUE!,#VALUE!,#VALUE!,#VALUE!
Ghulam Shabber (UAE),2016-2019,2016,2019,3,17,-,-,-,-,-,-,-,-,-,-,-,#VALUE!,#VALUE!,#VALUE!,#VALUE!
HH Gibbs (SA),2005-2010,2005,2010,5,23,-,-,-,-,-,-,-,-,-,-,-,#VALUE!,#VALUE!,#VALUE!,#VALUE!
AC Gilchrist (AUS),2005-2008,2005,2008,3,13,-,-,-,-,-,-,-,-,-,-,-,#VALUE!,#VALUE!,#VALUE!,#VALUE!
O Goker (TKY),2019-2019,2019,2019,0,1,-,-,-,-,-,-,-,-,-,-,-,#VALUE!,#VALUE!,#VALUE!,#VALUE!
LF Goncalves (),2019-2019,2019,2019,0,3,-,-,-,-,-,-,-,-,-,-,-,#VALUE!,#VALUE!,#VALUE!,#VALUE!
DM Gondaria (KENYA),2013-2019,2013,2019,6,11,-,-,-,-,-,-,-,-,-,-,-,#VALUE!,#VALUE!,#VALUE!,#VALUE!
R Goodwin (PHI),2019-2019,2019,2019,0,4,-,-,-,-,-,-,-,-,-,-,-,#VALUE!,#VALUE!,#VALUE!,#VALUE!
M Goonetilleke (MALTA),2019-2019,2019,2019,0,1,-,-,-,-,-,-,-,-,-,-,-,#VALUE!,#VALUE!,#VALUE!,#VALUE!
TG Gordon (CAN),2012-2012,2012,2012,0,3,-,-,-,-,-,-,-,-,-,-,-,#VALUE!,#VALUE!,#VALUE!,#VALUE!
S Goud (CZK-R),2019-2019,2019,2019,0,1,-,-,-,-,-,-,-,-,-,-,-,#VALUE!,#VALUE!,#VALUE!,#VALUE!
ZE Green (NAM),2019-2019,2019,2019,0,16,-,-,-,-,-,-,-,-,-,-,-,#VALUE!,#VALUE!,#VALUE!,#VALUE!
R Gunasekera (CAN),2012-2013,2012,2013,1,8,-,-,-,-,-,-,-,-,-,-,-,#VALUE!,#VALUE!,#VALUE!,#VALUE!
K Gupta (Chile),2019-2019,2019,2019,0,4,-,-,-,-,-,-,-,-,-,-,-,#VALUE!,#VALUE!,#VALUE!,#VALUE!
BJ Haddin (AUS),2006-2014,2006,2014,8,34,-,-,-,-,-,-,-,-,-,-,-,#VALUE!,#VALUE!,#VALUE!,#VALUE!
OJ Hairs (SCOT),2019-2019,2019,2019,0,8,-,-,-,-,-,-,-,-,-,-,-,#VALUE!,#VALUE!,#VALUE!,#VALUE!
AD Hales (ENG),2011-2019,2011,2019,8,60,-,-,-,-,-,-,-,-,-,-,-,#VALUE!,#VALUE!,#VALUE!,#VALUE!
S Hallett (Peru),2019-2019,2019,2019,0,4,-,-,-,-,-,-,-,-,-,-,-,#VALUE!,#VALUE!,#VALUE!,#VALUE!
GM Hamilton (SCOT),2007-2010,2007,2010,3,12,-,-,-,-,-,-,-,-,-,-,-,#VALUE!,#VALUE!,#VALUE!,#VALUE!
Hammad Azam (PAK),2012-2013,2012,2013,1,5,-,-,-,-,-,-,-,-,-,-,-,#VALUE!,#VALUE!,#VALUE!,#VALUE!
Hamza Tariq (CAN),2013-2019,2013,2019,6,15,-,-,-,-,-,-,-,-,-,-,-,#VALUE!,#VALUE!,#VALUE!,#VALUE!
PSP Handscomb (AUS),2019-2019,2019,2019,0,2,-,-,-,-,-,-,-,-,-,-,-,#VALUE!,#VALUE!,#VALUE!,#VALUE!
Haris Sohail (PAK),2013-2019,2013,2019,6,14,-,-,-,-,-,-,-,-,-,-,-,#VALUE!,#VALUE!,#VALUE!,#VALUE!
Hashmatullah Shahidi (AFG),2013-2013,2013,2013,0,1,-,-,-,-,-,-,-,-,-,-,-,#VALUE!,#VALUE!,#VALUE!,#VALUE!
Hassan Rasheed (Mald),2019-2019,2019,2019,0,8,-,-,-,-,-,-,-,-,-,-,-,#VALUE!,#VALUE!,#VALUE!,#VALUE!
C Hauptfleisch (Caym),2019-2019,2019,2019,0,5,-,-,-,-,-,-,-,-,-,-,-,#VALUE!,#VALUE!,#VALUE!,#VALUE!
ML Hayden (AUS),2005-2007,2005,2007,2,9,-,-,-,-,-,-,-,-,-,-,-,#VALUE!,#VALUE!,#VALUE!,#VALUE!
Hazratullah Zazai (AFG),2016-2019,2016,2019,3,13,-,-,-,-,-,-,-,-,-,-,-,#VALUE!,#VALUE!,#VALUE!,#VALUE!
H Helva (TKY),2019-2019,2019,2019,0,4,-,-,-,-,-,-,-,-,-,-,-,#VALUE!,#VALUE!,#VALUE!,#VALUE!
DL Hemp (BMUDA),2008-2008,2008,2008,0,2,-,-,-,-,-,-,-,-,-,-,-,#VALUE!,#VALUE!,#VALUE!,#VALUE!
RR Hendricks (SA),2014-2019,2014,2019,5,22,-,-,-,-,-,-,-,-,-,-,-,#VALUE!,#VALUE!,#VALUE!,#VALUE!
SO Hetmyer (WI),2018-2019,2018,2019,1,20,-,-,-,-,-,-,-,-,-,-,-,#VALUE!,#VALUE!,#VALUE!,#VALUE!
Hilal Ahmad (CZK-R),2019-2019,2019,2019,0,7,-,-,-,-,-,-,-,-,-,-,-,#VALUE!,#VALUE!,#VALUE!,#VALUE!
WW Hinds (WI),2006-2010,2006,2010,4,5,-,-,-,-,-,-,-,-,-,-,-,#VALUE!,#VALUE!,#VALUE!,#VALUE!
SD Hope (WI),2017-2019,2017,2019,2,13,-,-,-,-,-,-,-,-,-,-,-,#VALUE!,#VALUE!,#VALUE!,#VALUE!
GJ Hopkins (NZ),2007-2010,2007,2010,3,10,-,-,-,-,-,-,-,-,-,-,-,#VALUE!,#VALUE!,#VALUE!,#VALUE!
JM How (NZ),2007-2008,2007,2008,1,5,-,-,-,-,-,-,-,-,-,-,-,#VALUE!,#VALUE!,#VALUE!,#VALUE!
PJ Hughes (AUS),2014-2014,2014,2014,0,1,-,-,-,-,-,-,-,-,-,-,-,#VALUE!,#VALUE!,#VALUE!,#VALUE!
DP Hyatt (WI),2011-2012,2011,2012,1,5,-,-,-,-,-,-,-,-,-,-,-,#VALUE!,#VALUE!,#VALUE!,#VALUE!
Ibrahim Zadran (AFG),2019-2019,2019,2019,0,3,-,-,-,-,-,-,-,-,-,-,-,#VALUE!,#VALUE!,#VALUE!,#VALUE!
Imam-ul-Haq (PAK),2019-2019,2019,2019,0,2,-,-,-,-,-,-,-,-,-,-,-,#VALUE!,#VALUE!,#VALUE!,#VALUE!
Imran Ali Butt (BAH),2019-2019,2019,2019,0,4,-,-,-,-,-,-,-,-,-,-,-,#VALUE!,#VALUE!,#VALUE!,#VALUE!
Imran Farhat (PAK),2010-2011,2010,2011,1,7,-,-,-,-,-,-,-,-,-,-,-,#VALUE!,#VALUE!,#VALUE!,#VALUE!
Imran Haider (ROM),2019-2019,2019,2019,0,2,-,-,-,-,-,-,-,-,-,-,-,#VALUE!,#VALUE!,#VALUE!,#VALUE!
Imran Ismail (Moz),2019-2019,2019,2019,0,7,-,-,-,-,-,-,-,-,-,-,-,#VALUE!,#VALUE!,#VALUE!,#VALUE!
Imran Nazir (PAK),2007-2012,2007,2012,5,25,-,-,-,-,-,-,-,-,-,-,-,#VALUE!,#VALUE!,#VALUE!,#VALUE!
Imrul Kayes (BDESH),2010-2017,2010,2017,7,14,-,-,-,-,-,-,-,-,-,-,-,#VALUE!,#VALUE!,#VALUE!,#VALUE!
CA Ingram (SA),2010-2012,2010,2012,2,9,-,-,-,-,-,-,-,-,-,-,-,#VALUE!,#VALUE!,#VALUE!,#VALUE!
PJ Ingram (NZ),2010-2010,2010,2010,0,3,-,-,-,-,-,-,-,-,-,-,-,#VALUE!,#VALUE!,#VALUE!,#VALUE!
Inzamam-ul-Haq (PAK),2006-2006,2006,2006,0,1,-,-,-,-,-,-,-,-,-,-,-,#VALUE!,#VALUE!,#VALUE!,#VALUE!
H Ivanov (),2019-2019,2019,2019,0,3,-,-,-,-,-,-,-,-,-,-,-,#VALUE!,#VALUE!,#VALUE!,#VALUE!
SS Iyer (INDIA),2017-2019,2017,2019,2,14,-,-,-,-,-,-,-,-,-,-,-,#VALUE!,#VALUE!,#VALUE!,#VALUE!
KM Jadhav (INDIA),2015-2017,2015,2017,2,9,-,-,-,-,-,-,-,-,-,-,-,#VALUE!,#VALUE!,#VALUE!,#VALUE!
Jahurul Islam (BDESH),2010-2013,2010,2013,3,3,-,-,-,-,-,-,-,-,-,-,-,#VALUE!,#VALUE!,#VALUE!,#VALUE!
S Jamil (Belg),2019-2019,2019,2019,0,3,-,-,-,-,-,-,-,-,-,-,-,#VALUE!,#VALUE!,#VALUE!,#VALUE!
Javed Ahmadi (AFG),2012-2017,2012,2017,5,3,-,-,-,-,-,-,-,-,-,-,-,#VALUE!,#VALUE!,#VALUE!,#VALUE!
CU Jayasinghe (SL),2009-2010,2009,2010,1,5,-,-,-,-,-,-,-,-,-,-,-,#VALUE!,#VALUE!,#VALUE!,#VALUE!
JW Jenner (JER),2019-2019,2019,2019,0,17,-,-,-,-,-,-,-,-,-,-,-,#VALUE!,#VALUE!,#VALUE!,#VALUE!
JS Jesani (KENYA),2007-2007,2007,2007,0,1,-,-,-,-,-,-,-,-,-,-,-,#VALUE!,#VALUE!,#VALUE!,#VALUE!
K Jethi (CAN),2008-2008,2008,2008,0,5,-,-,-,-,-,-,-,-,-,-,-,#VALUE!,#VALUE!,#VALUE!,#VALUE!
GO Jones (ENG),2005-2006,2005,2006,1,2,-,-,-,-,-,-,-,-,-,-,-,#VALUE!,#VALUE!,#VALUE!,#VALUE!
C Jonker (SA),2018-2018,2018,2018,0,2,-,-,-,-,-,-,-,-,-,-,-,#VALUE!,#VALUE!,#VALUE!,#VALUE!
S Jora (NEPAL),2019-2019,2019,2019,0,6,-,-,-,-,-,-,-,-,-,-,-,#VALUE!,#VALUE!,#VALUE!,#VALUE!
HJ Jordaan (THAI),2019-2019,2019,2019,0,4,-,-,-,-,-,-,-,-,-,-,-,#VALUE!,#VALUE!,#VALUE!,#VALUE!
GJ Joseph (Blz),2019-2019,2019,2019,0,1,-,-,-,-,-,-,-,-,-,-,-,#VALUE!,#VALUE!,#VALUE!,#VALUE!
K Joshi (Aut),2019-2019,2019,2019,0,4,-,-,-,-,-,-,-,-,-,-,-,#VALUE!,#VALUE!,#VALUE!,#VALUE!
EC Joyce (ENG/IRE),2006-2014,2006,2014,8,18,-,-,-,-,-,-,-,-,-,-,-,#VALUE!,#VALUE!,#VALUE!,#VALUE!
Junaid Siddique (BDESH),2007-2012,2007,2012,5,7,-,-,-,-,-,-,-,-,-,-,-,#VALUE!,#VALUE!,#VALUE!,#VALUE!
S Jyoti (CAN),2008-2008,2008,2008,0,2,-,-,-,-,-,-,-,-,-,-,-,#VALUE!,#VALUE!,#VALUE!,#VALUE!
G Kaltongga (VAN),2019-2019,2019,2019,0,3,-,-,-,-,-,-,-,-,-,-,-,#VALUE!,#VALUE!,#VALUE!,#VALUE!
Kamran Akmal (PAK),2006-2017,2006,2017,11,58,-,-,-,-,-,-,-,-,-,-,-,#VALUE!,#VALUE!,#VALUE!,#VALUE!
SHT Kandamby (SL),2008-2011,2008,2011,3,5,-,-,-,-,-,-,-,-,-,-,-,#VALUE!,#VALUE!,#VALUE!,#VALUE!
CK Kapugedera (SL),2006-2017,2006,2017,11,43,-,-,-,-,-,-,-,-,-,-,-,#VALUE!,#VALUE!,#VALUE!,#VALUE!
IA Karim (KENYA),2013-2019,2013,2019,6,16,-,-,-,-,-,-,-,-,-,-,-,#VALUE!,#VALUE!,#VALUE!,#VALUE!
KD Karthik (ICC/INDIA),2006-2019,2006,2019,13,32,-,-,-,-,-,-,-,-,-,-,-,#VALUE!,#VALUE!,#VALUE!,#VALUE!
SM Katich (AUS),2005-2006,2005,2006,1,3,-,-,-,-,-,-,-,-,-,-,-,#VALUE!,#VALUE!,#VALUE!,#VALUE!
I Katzarski (),2019-2019,2019,2019,0,3,-,-,-,-,-,-,-,-,-,-,-,#VALUE!,#VALUE!,#VALUE!,#VALUE!
HB Kayondo (UGA),2019-2019,2019,2019,0,3,-,-,-,-,-,-,-,-,-,-,-,#VALUE!,#VALUE!,#VALUE!,#VALUE!
AN Kervezee (NL),2009-2012,2009,2012,3,10,-,-,-,-,-,-,-,-,-,-,-,#VALUE!,#VALUE!,#VALUE!,#VALUE!
S Keshvani (CAN),2010-2010,2010,2010,0,2,-,-,-,-,-,-,-,-,-,-,-,#VALUE!,#VALUE!,#VALUE!,#VALUE!
RWT Key (ENG),2009-2009,2009,2009,0,1,-,-,-,-,-,-,-,-,-,-,-,#VALUE!,#VALUE!,#VALUE!,#VALUE!
SP Khakurel (NEPAL),2014-2015,2014,2015,1,8,-,-,-,-,-,-,-,-,-,-,-,#VALUE!,#VALUE!,#VALUE!,#VALUE!
Khalid Latif (PAK),2008-2016,2008,2016,8,13,-,-,-,-,-,-,-,-,-,-,-,#VALUE!,#VALUE!,#VALUE!,#VALUE!
UT Khawaja (AUS),2016-2016,2016,2016,0,9,-,-,-,-,-,-,-,-,-,-,-,#VALUE!,#VALUE!,#VALUE!,#VALUE!
Khizer Ahmed (NOR),2019-2019,2019,2019,0,5,-,-,-,-,-,-,-,-,-,-,-,#VALUE!,#VALUE!,#VALUE!,#VALUE!
N Khosla (MALTA),2019-2019,2019,2019,0,4,-,-,-,-,-,-,-,-,-,-,-,#VALUE!,#VALUE!,#VALUE!,#VALUE!
Khurram Manzoor (PAK),2016-2016,2016,2016,0,3,-,-,-,-,-,-,-,-,-,-,-,#VALUE!,#VALUE!,#VALUE!,#VALUE!
Khurram Nawaz (OMAN),2017-2019,2017,2019,2,18,-,-,-,-,-,-,-,-,-,-,-,#VALUE!,#VALUE!,#VALUE!,#VALUE!
Khushdil Shah (PAK),2019-2019,2019,2019,0,1,-,-,-,-,-,-,-,-,-,-,-,#VALUE!,#VALUE!,#VALUE!,#VALUE!
C Kieswetter (ENG),2010-2012,2010,2012,2,25,-,-,-,-,-,-,-,-,-,-,-,#VALUE!,#VALUE!,#VALUE!,#VALUE!
TCR Kimber (GUE),2019-2019,2019,2019,0,3,-,-,-,-,-,-,-,-,-,-,-,#VALUE!,#VALUE!,#VALUE!,#VALUE!
BA King (WI),2019-2019,2019,2019,0,6,-,-,-,-,-,-,-,-,-,-,-,#VALUE!,#VALUE!,#VALUE!,#VALUE!
NR Kirton (CAN),2019-2019,2019,2019,0,5,-,-,-,-,-,-,-,-,-,-,-,#VALUE!,#VALUE!,#VALUE!,#VALUE!
H Klaasen (SA),2018-2019,2018,2019,1,9,-,-,-,-,-,-,-,-,-,-,-,#VALUE!,#VALUE!,#VALUE!,#VALUE!
M Klinger (AUS),2017-2017,2017,2017,0,3,-,-,-,-,-,-,-,-,-,-,-,#VALUE!,#VALUE!,#VALUE!,#VALUE!
EB Knowles (CZK-R),2019-2019,2019,2019,0,7,-,-,-,-,-,-,-,-,-,-,-,#VALUE!,#VALUE!,#VALUE!,#VALUE!
MF Koc (TKY),2019-2019,2019,2019,0,2,-,-,-,-,-,-,-,-,-,-,-,#VALUE!,#VALUE!,#VALUE!,#VALUE!
JP Kotze (NAM),2019-2019,2019,2019,0,12,-,-,-,-,-,-,-,-,-,-,-,#VALUE!,#VALUE!,#VALUE!,#VALUE!
HG Kuhn (SA),2009-2017,2009,2017,8,7,-,-,-,-,-,-,-,-,-,-,-,#VALUE!,#VALUE!,#VALUE!,#VALUE!
HGJM Kulatunga (SL),2008-2008,2008,2008,0,2,-,-,-,-,-,-,-,-,-,-,-,#VALUE!,#VALUE!,#VALUE!,#VALUE!
Kuldeep Singh (PHI),2019-2019,2019,2019,0,4,-,-,-,-,-,-,-,-,-,-,-,#VALUE!,#VALUE!,#VALUE!,#VALUE!
T Langa (VAN),2019-2019,2019,2019,0,1,-,-,-,-,-,-,-,-,-,-,-,#VALUE!,#VALUE!,#VALUE!,#VALUE!
TWM Latham (NZ),2012-2017,2012,2017,5,13,-,-,-,-,-,-,-,-,-,-,-,#VALUE!,#VALUE!,#VALUE!,#VALUE!
RE Levi (SA),2012-2012,2012,2012,0,13,-,-,-,-,-,-,-,-,-,-,-,#VALUE!,#VALUE!,#VALUE!,#VALUE!
E Lewis (WI),2016-2019,2016,2019,3,29,-,-,-,-,-,-,-,-,-,-,-,#VALUE!,#VALUE!,#VALUE!,#VALUE!
Liton Das (BDESH),2015-2019,2015,2019,4,25,-,-,-,-,-,-,-,-,-,-,-,#VALUE!,#VALUE!,#VALUE!,#VALUE!
LS Livingstone (ENG),2017-2017,2017,2017,0,2,-,-,-,-,-,-,-,-,-,-,-,#VALUE!,#VALUE!,#VALUE!,#VALUE!
K Loday (BHU),2019-2019,2019,2019,0,1,-,-,-,-,-,-,-,-,-,-,-,#VALUE!,#VALUE!,#VALUE!,#VALUE!
L Louwrens (NAM),2019-2019,2019,2019,0,1,-,-,-,-,-,-,-,-,-,-,-,#VALUE!,#VALUE!,#VALUE!,#VALUE!
MJ Lumb (ENG),2010-2014,2010,2014,4,27,-,-,-,-,-,-,-,-,-,-,-,#VALUE!,#VALUE!,#VALUE!,#VALUE!
CA Lynn (AUS),2014-2018,2014,2018,4,18,-,-,-,-,-,-,-,-,-,-,-,#VALUE!,#VALUE!,#VALUE!,#VALUE!
NFI McCallum (SCOT),2007-2010,2007,2010,3,11,-,-,-,-,-,-,-,-,-,-,-,#VALUE!,#VALUE!,#VALUE!,#VALUE!
BB McCullum (NZ),2005-2015,2005,2015,10,71,-,-,-,-,-,-,-,-,-,-,-,#VALUE!,#VALUE!,#VALUE!,#VALUE!
BR McDermott (AUS),2018-2019,2018,2019,1,12,-,-,-,-,-,-,-,-,-,-,-,#VALUE!,#VALUE!,#VALUE!,#VALUE!
PD McGlashan (NZ),2006-2010,2006,2010,4,11,-,-,-,-,-,-,-,-,-,-,-,#VALUE!,#VALUE!,#VALUE!,#VALUE!
ND McKenzie (SA),2006-2009,2006,2009,3,2,-,-,-,-,-,-,-,-,-,-,-,#VALUE!,#VALUE!,#VALUE!,#VALUE!
CD McMillan (NZ),2005-2007,2005,2007,2,8,-,-,-,-,-,-,-,-,-,-,-,#VALUE!,#VALUE!,#VALUE!,#VALUE!
NJ Maddinson (AUS),2013-2018,2013,2018,5,6,-,-,-,-,-,-,-,-,-,-,-,#VALUE!,#VALUE!,#VALUE!,#VALUE!
RP Magar (NEPAL),2014-2015,2014,2015,1,6,-,-,-,-,-,-,-,-,-,-,-,#VALUE!,#VALUE!,#VALUE!,#VALUE!
JN Malan (SA),2019-2019,2019,2019,0,2,-,-,-,-,-,-,-,-,-,-,-,#VALUE!,#VALUE!,#VALUE!,#VALUE!
JS Malhotra (USA),2019-2019,2019,2019,0,6,-,-,-,-,-,-,-,-,-,-,-,#VALUE!,#VALUE!,#VALUE!,#VALUE!
G Malla (NEPAL),2014-2019,2014,2019,5,24,-,-,-,-,-,-,-,-,-,-,-,#VALUE!,#VALUE!,#VALUE!,#VALUE!
Mamoon Latif (Belg),2019-2019,2019,2019,0,3,-,-,-,-,-,-,-,-,-,-,-,#VALUE!,#VALUE!,#VALUE!,#VALUE!
G Manan (ROM),2019-2019,2019,2019,0,3,-,-,-,-,-,-,-,-,-,-,-,#VALUE!,#VALUE!,#VALUE!,#VALUE!
AK Mandal (NEPAL),2015-2015,2015,2015,0,2,-,-,-,-,-,-,-,-,-,-,-,#VALUE!,#VALUE!,#VALUE!,#VALUE!
Mandeep Singh (INDIA),2016-2016,2016,2016,0,3,-,-,-,-,-,-,-,-,-,-,-,#VALUE!,#VALUE!,#VALUE!,#VALUE!
A Manousis (),2019-2019,2019,2019,0,3,-,-,-,-,-,-,-,-,-,-,-,#VALUE!,#VALUE!,#VALUE!,#VALUE!
Manpreet Singh (ITA),2019-2019,2019,2019,0,8,-,-,-,-,-,-,-,-,-,-,-,#VALUE!,#VALUE!,#VALUE!,#VALUE!
Manpreet Singh (SGP),2019-2019,2019,2019,0,12,-,-,-,-,-,-,-,-,-,-,-,#VALUE!,#VALUE!,#VALUE!,#VALUE!
AK Markram (SA),2019-2019,2019,2019,0,2,-,-,-,-,-,-,-,-,-,-,-,#VALUE!,#VALUE!,#VALUE!,#VALUE!
SE Marsh (AUS),2008-2016,2008,2016,8,15,-,-,-,-,-,-,-,-,-,-,-,#VALUE!,#VALUE!,#VALUE!,#VALUE!
HJH Marshall (NZ),2005-2006,2005,2006,1,3,-,-,-,-,-,-,-,-,-,-,-,#VALUE!,#VALUE!,#VALUE!,#VALUE!
JAH Marshall (NZ),2005-2008,2005,2008,3,3,-,-,-,-,-,-,-,-,-,-,-,#VALUE!,#VALUE!,#VALUE!,#VALUE!
XM Marshall (USA/WI),2008-2019,2008,2019,11,13,-,-,-,-,-,-,-,-,-,-,-,#VALUE!,#VALUE!,#VALUE!,#VALUE!
DR Martyn (AUS),2005-2006,2005,2006,1,4,-,-,-,-,-,-,-,-,-,-,-,#VALUE!,#VALUE!,#VALUE!,#VALUE!
I Master (Botsw),2019-2019,2019,2019,0,2,-,-,-,-,-,-,-,-,-,-,-,#VALUE!,#VALUE!,#VALUE!,#VALUE!
V Mbazo (Botsw),2019-2019,2019,2019,0,4,-,-,-,-,-,-,-,-,-,-,-,#VALUE!,#VALUE!,#VALUE!,#VALUE!
RD McCann (IRE),2012-2012,2012,2012,0,3,-,-,-,-,-,-,-,-,-,-,-,#VALUE!,#VALUE!,#VALUE!,#VALUE!
SS McKechnie (HKG),2019-2019,2019,2019,0,10,-,-,-,-,-,-,-,-,-,-,-,#VALUE!,#VALUE!,#VALUE!,#VALUE!
GP Meade (ITA),2019-2019,2019,2019,0,8,-,-,-,-,-,-,-,-,-,-,-,#VALUE!,#VALUE!,#VALUE!,#VALUE!
M Meade (Chile),2019-2019,2019,2019,0,1,-,-,-,-,-,-,-,-,-,-,-,#VALUE!,#VALUE!,#VALUE!,#VALUE!
J Mees (LUX),2019-2019,2019,2019,0,3,-,-,-,-,-,-,-,-,-,-,-,#VALUE!,#VALUE!,#VALUE!,#VALUE!
AS Mehmi (),2019-2019,2019,2019,0,3,-,-,-,-,-,-,-,-,-,-,-,#VALUE!,#VALUE!,#VALUE!,#VALUE!
BKG Mendis (SL),2016-2019,2016,2019,3,24,-,-,-,-,-,-,-,-,-,-,-,#VALUE!,#VALUE!,#VALUE!,#VALUE!
JH Mensah (Ghana),2019-2019,2019,2019,0,2,-,-,-,-,-,-,-,-,-,-,-,#VALUE!,#VALUE!,#VALUE!,#VALUE!
Mian Mehmood (PORT),2019-2019,2019,2019,0,4,-,-,-,-,-,-,-,-,-,-,-,#VALUE!,#VALUE!,#VALUE!,#VALUE!
Michael Nazir (MALTA),2019-2019,2019,2019,0,1,-,-,-,-,-,-,-,-,-,-,-,#VALUE!,#VALUE!,#VALUE!,#VALUE!
DA Miller (SA/World),2010-2019,2010,2019,9,72,-,-,-,-,-,-,-,-,-,-,-,#VALUE!,#VALUE!,#VALUE!,#VALUE!
Mirza Ahsan (Aut),2019-2019,2019,2019,0,5,-,-,-,-,-,-,-,-,-,-,-,#VALUE!,#VALUE!,#VALUE!,#VALUE!
Misbah-ul-Haq (PAK),2007-2012,2007,2012,5,39,-,-,-,-,-,-,-,-,-,-,-,#VALUE!,#VALUE!,#VALUE!,#VALUE!
Mohamed Azzam (Mald),2019-2019,2019,2019,0,7,-,-,-,-,-,-,-,-,-,-,-,#VALUE!,#VALUE!,#VALUE!,#VALUE!
Mohamed Rishwan (Mald),2019-2019,2019,2019,0,11,-,-,-,-,-,-,-,-,-,-,-,#VALUE!,#VALUE!,#VALUE!,#VALUE!
Mohammad Amin (KUW),2019-2019,2019,2019,0,4,-,-,-,-,-,-,-,-,-,-,-,#VALUE!,#VALUE!,#VALUE!,#VALUE!
Mohammad Iqbal (CAN),2008-2008,2008,2008,0,3,-,-,-,-,-,-,-,-,-,-,-,#VALUE!,#VALUE!,#VALUE!,#VALUE!
Mohammad Mithun (BDESH),2014-2019,2014,2019,5,14,-,-,-,-,-,-,-,-,-,-,-,#VALUE!,#VALUE!,#VALUE!,#VALUE!
Mohammad Naim (BDESH),2019-2019,2019,2019,0,3,-,-,-,-,-,-,-,-,-,-,-,#VALUE!,#VALUE!,#VALUE!,#VALUE!
Mohammad Qazi (CAN),2008-2008,2008,2008,0,1,-,-,-,-,-,-,-,-,-,-,-,#VALUE!,#VALUE!,#VALUE!,#VALUE!
Mohammed Rizlan (QAT),2019-2019,2019,2019,0,15,-,-,-,-,-,-,-,-,-,-,-,#VALUE!,#VALUE!,#VALUE!,#VALUE!
Mohammad Rizwan (PAK),2015-2019,2015,2019,4,16,-,-,-,-,-,-,-,-,-,-,-,#VALUE!,#VALUE!,#VALUE!,#VALUE!
Mohammad Salman (PAK),2011-2011,2011,2011,0,1,-,-,-,-,-,-,-,-,-,-,-,#VALUE!,#VALUE!,#VALUE!,#VALUE!
Mohammad Shahzad (AFG),2010-2018,2010,2018,8,65,-,-,-,-,-,-,-,-,-,-,-,#VALUE!,#VALUE!,#VALUE!,#VALUE!
Mohammad Yousuf (PAK),2006-2010,2006,2010,4,3,-,-,-,-,-,-,-,-,-,-,-,#VALUE!,#VALUE!,#VALUE!,#VALUE!
Mohammed Nurji (MWI),2019-2019,2019,2019,0,6,-,-,-,-,-,-,-,-,-,-,-,#VALUE!,#VALUE!,#VALUE!,#VALUE!
AK Mohan (Fin),2019-2019,2019,2019,0,5,-,-,-,-,-,-,-,-,-,-,-,#VALUE!,#VALUE!,#VALUE!,#VALUE!
GMC Mol (NL),2008-2008,2008,2008,0,1,-,-,-,-,-,-,-,-,-,-,-,#VALUE!,#VALUE!,#VALUE!,#VALUE!
D Mongia (INDIA),2006-2006,2006,2006,0,1,-,-,-,-,-,-,-,-,-,-,-,#VALUE!,#VALUE!,#VALUE!,#VALUE!
PJ Moor (ZIM),2016-2019,2016,2019,3,21,-,-,-,-,-,-,-,-,-,-,-,#VALUE!,#VALUE!,#VALUE!,#VALUE!
VV Morea (PNG),2015-2017,2015,2017,2,5,-,-,-,-,-,-,-,-,-,-,-,#VALUE!,#VALUE!,#VALUE!,#VALUE!
EJG Morgan (ENG),2009-2019,2009,2019,10,86,-,-,-,-,-,-,-,-,-,-,-,#VALUE!,#VALUE!,#VALUE!,#VALUE!
RS Morton (WI),2006-2010,2006,2010,4,7,-,-,-,-,-,-,-,-,-,-,-,#VALUE!,#VALUE!,#VALUE!,#VALUE!
M Mosehle (SA),2017-2017,2017,2017,0,7,-,-,-,-,-,-,-,-,-,-,-,#VALUE!,#VALUE!,#VALUE!,#VALUE!
K Motlhanka (Botsw),2019-2019,2019,2019,0,7,-,-,-,-,-,-,-,-,-,-,-,#VALUE!,#VALUE!,#VALUE!,#VALUE!
Muaviath Ganee (Mald),2019-2019,2019,2019,0,5,-,-,-,-,-,-,-,-,-,-,-,#VALUE!,#VALUE!,#VALUE!,#VALUE!
Mudassar Muhammad (GER),2019-2019,2019,2019,0,7,-,-,-,-,-,-,-,-,-,-,-,#VALUE!,#VALUE!,#VALUE!,#VALUE!
Muhammad Amir (MAL),2019-2019,2019,2019,0,1,-,-,-,-,-,-,-,-,-,-,-,#VALUE!,#VALUE!,#VALUE!,#VALUE!
Muhammad Awais (),2019-2019,2019,2019,0,3,-,-,-,-,-,-,-,-,-,-,-,#VALUE!,#VALUE!,#VALUE!,#VALUE!
Muhammad Hamayun (Saudi),2019-2019,2019,2019,0,4,-,-,-,-,-,-,-,-,-,-,-,#VALUE!,#VALUE!,#VALUE!,#VALUE!
Muhammad Kaleem (UAE),2016-2016,2016,2016,0,9,-,-,-,-,-,-,-,-,-,-,-,#VALUE!,#VALUE!,#VALUE!,#VALUE!
Muhammad Khurram (MWI),2019-2019,2019,2019,0,5,-,-,-,-,-,-,-,-,-,-,-,#VALUE!,#VALUE!,#VALUE!,#VALUE!
Muhammad Usman (UAE),2016-2019,2016,2019,3,34,-,-,-,-,-,-,-,-,-,-,-,#VALUE!,#VALUE!,#VALUE!,#VALUE!
Mukhtar Ahmed (PAK),2015-2015,2015,2015,0,6,-,-,-,-,-,-,-,-,-,-,-,#VALUE!,#VALUE!,#VALUE!,#VALUE!
Mukhtiar Singh (ESP),2019-2019,2019,2019,0,2,-,-,-,-,-,-,-,-,-,-,-,#VALUE!,#VALUE!,#VALUE!,#VALUE!
AA Mulla (CAN),2008-2008,2008,2008,0,4,-,-,-,-,-,-,-,-,-,-,-,#VALUE!,#VALUE!,#VALUE!,#VALUE!
Munir Dar (HKG),2014-2014,2014,2014,0,2,-,-,-,-,-,-,-,-,-,-,-,#VALUE!,#VALUE!,#VALUE!,#VALUE!
C Munoz-Mills (ESP),2019-2019,2019,2019,0,9,-,-,-,-,-,-,-,-,-,-,-,#VALUE!,#VALUE!,#VALUE!,#VALUE!
HG Munsey (SCOT),2015-2019,2015,2019,4,38,-,-,-,-,-,-,-,-,-,-,-,#VALUE!,#VALUE!,#VALUE!,#VALUE!
G Murali (CRC),2019-2019,2019,2019,0,3,-,-,-,-,-,-,-,-,-,-,-,#VALUE!,#VALUE!,#VALUE!,#VALUE!
D Murphy (SCOT),2013-2013,2013,2013,0,4,-,-,-,-,-,-,-,-,-,-,-,#VALUE!,#VALUE!,#VALUE!,#VALUE!
TK Musakanda (ZIM),2018-2018,2018,2018,0,6,-,-,-,-,-,-,-,-,-,-,-,#VALUE!,#VALUE!,#VALUE!,#VALUE!
Mushfiqur Rahim (BDESH),2006-2019,2006,2019,13,84,-,-,-,-,-,-,-,-,-,-,-,#VALUE!,#VALUE!,#VALUE!,#VALUE!
P Mustard (ENG),2008-2008,2008,2008,0,2,-,-,-,-,-,-,-,-,-,-,-,#VALUE!,#VALUE!,#VALUE!,#VALUE!
F Mutizwa (ZIM),2011-2012,2011,2012,1,3,-,-,-,-,-,-,-,-,-,-,-,#VALUE!,#VALUE!,#VALUE!,#VALUE!
R Mutumbami (ZIM),2015-2019,2015,2019,4,22,-,-,-,-,-,-,-,-,-,-,-,#VALUE!,#VALUE!,#VALUE!,#VALUE!
M Mwamadi (MWI),2019-2019,2019,2019,0,3,-,-,-,-,-,-,-,-,-,-,-,#VALUE!,#VALUE!,#VALUE!,#VALUE!
SJ Myburgh (NL),2012-2019,2012,2019,7,33,-,-,-,-,-,-,-,-,-,-,-,#VALUE!,#VALUE!,#VALUE!,#VALUE!
Nadif Chowdhury (BDESH),2006-2007,2006,2007,1,3,-,-,-,-,-,-,-,-,-,-,-,#VALUE!,#VALUE!,#VALUE!,#VALUE!
Najeeb Tarakai (AFG),2014-2019,2014,2019,5,12,-,-,-,-,-,-,-,-,-,-,-,#VALUE!,#VALUE!,#VALUE!,#VALUE!
Najibullah Zadran (AFG),2012-2019,2012,2019,7,57,-,-,-,-,-,-,-,-,-,-,-,#VALUE!,#VALUE!,#VALUE!,#VALUE!
Naseem Khushi (OMAN),2017-2019,2017,2019,2,10,-,-,-,-,-,-,-,-,-,-,-,#VALUE!,#VALUE!,#VALUE!,#VALUE!
Nasir Jamshed (PAK),2012-2013,2012,2013,1,18,-,-,-,-,-,-,-,-,-,-,-,#VALUE!,#VALUE!,#VALUE!,#VALUE!
Nauman Anwar (PAK),2015-2015,2015,2015,0,1,-,-,-,-,-,-,-,-,-,-,-,#VALUE!,#VALUE!,#VALUE!,#VALUE!
Nawazish Jezuli (Saudi),2019-2019,2019,2019,0,1,-,-,-,-,-,-,-,-,-,-,-,#VALUE!,#VALUE!,#VALUE!,#VALUE!
Nazimuddin (BDESH),2007-2008,2007,2008,1,7,-,-,-,-,-,-,-,-,-,-,-,#VALUE!,#VALUE!,#VALUE!,#VALUE!
Najmul Hossain Shanto (BDESH),2019-2019,2019,2019,0,2,-,-,-,-,-,-,-,-,-,-,-,#VALUE!,#VALUE!,#VALUE!,#VALUE!
Nazmus Sadat (BDESH),2006-2006,2006,2006,0,1,-,-,-,-,-,-,-,-,-,-,-,#VALUE!,#VALUE!,#VALUE!,#VALUE!
Nazwan Ismail (Mald),2019-2019,2019,2019,0,3,-,-,-,-,-,-,-,-,-,-,-,#VALUE!,#VALUE!,#VALUE!,#VALUE!
PM Nevill (AUS),2016-2016,2016,2016,0,9,-,-,-,-,-,-,-,-,-,-,-,#VALUE!,#VALUE!,#VALUE!,#VALUE!
OE Newey (GUE),2019-2019,2019,2019,0,7,-,-,-,-,-,-,-,-,-,-,-,#VALUE!,#VALUE!,#VALUE!,#VALUE!
HM Nicholls (NZ),2016-2019,2016,2019,3,5,-,-,-,-,-,-,-,-,-,-,-,#VALUE!,#VALUE!,#VALUE!,#VALUE!
G Nikitas (),2019-2019,2019,2019,0,2,-,-,-,-,-,-,-,-,-,-,-,#VALUE!,#VALUE!,#VALUE!,#VALUE!
PA Nixon (ENG),2007-2007,2007,2007,0,1,-,-,-,-,-,-,-,-,-,-,-,#VALUE!,#VALUE!,#VALUE!,#VALUE!
ML Nkala (ZIM),2006-2006,2006,2006,0,1,-,-,-,-,-,-,-,-,-,-,-,#VALUE!,#VALUE!,#VALUE!,#VALUE!
F Nkhoma (MWI),2019-2019,2019,2019,0,4,-,-,-,-,-,-,-,-,-,-,-,#VALUE!,#VALUE!,#VALUE!,#VALUE!
Noor Ali Zadran (AFG),2010-2017,2010,2017,7,20,-,-,-,-,-,-,-,-,-,-,-,#VALUE!,#VALUE!,#VALUE!,#VALUE!
Noor Momand (Belg),2019-2019,2019,2019,0,2,-,-,-,-,-,-,-,-,-,-,-,#VALUE!,#VALUE!,#VALUE!,#VALUE!
MJ North (AUS),2009-2009,2009,2009,0,1,-,-,-,-,-,-,-,-,-,-,-,#VALUE!,#VALUE!,#VALUE!,#VALUE!
Nurul Hasan (BDESH),2016-2017,2016,2017,1,9,-,-,-,-,-,-,-,-,-,-,-,#VALUE!,#VALUE!,#VALUE!,#VALUE!
AA Obanda (KENYA),2007-2019,2007,2019,12,30,-,-,-,-,-,-,-,-,-,-,-,#VALUE!,#VALUE!,#VALUE!,#VALUE!
NJ O'Brien (IRE),2008-2016,2008,2016,8,30,-,-,-,-,-,-,-,-,-,-,-,#VALUE!,#VALUE!,#VALUE!,#VALUE!
DO Obuya (KENYA),2007-2012,2007,2012,5,10,-,-,-,-,-,-,-,-,-,-,-,#VALUE!,#VALUE!,#VALUE!,#VALUE!
NV Ojha (INDIA),2010-2010,2010,2010,0,2,-,-,-,-,-,-,-,-,-,-,-,#VALUE!,#VALUE!,#VALUE!,#VALUE!
AA Onikoyi (NGA),2019-2019,2019,2019,0,9,-,-,-,-,-,-,-,-,-,-,-,#VALUE!,#VALUE!,#VALUE!,#VALUE!
CN Onwuzulike (NGA),2019-2019,2019,2019,0,9,-,-,-,-,-,-,-,-,-,-,-,#VALUE!,#VALUE!,#VALUE!,#VALUE!
KO Otieno (KENYA),2008-2008,2008,2008,0,4,-,-,-,-,-,-,-,-,-,-,-,#VALUE!,#VALUE!,#VALUE!,#VALUE!
A Otwani (UGA),2019-2019,2019,2019,0,4,-,-,-,-,-,-,-,-,-,-,-,#VALUE!,#VALUE!,#VALUE!,#VALUE!
MA Ouma (KENYA),2007-2013,2007,2013,6,22,-,-,-,-,-,-,-,-,-,-,-,#VALUE!,#VALUE!,#VALUE!,#VALUE!
SD Outerbridge (BMUDA),2008-2008,2008,2008,0,3,-,-,-,-,-,-,-,-,-,-,-,#VALUE!,#VALUE!,#VALUE!,#VALUE!
Ovais Yousof (NGA),2019-2019,2019,2019,0,3,-,-,-,-,-,-,-,-,-,-,-,#VALUE!,#VALUE!,#VALUE!,#VALUE!
VS Padhaal (Fin),2019-2019,2019,2019,0,5,-,-,-,-,-,-,-,-,-,-,-,#VALUE!,#VALUE!,#VALUE!,#VALUE!
TD Paine (AUS/World),2009-2017,2009,2017,8,12,-,-,-,-,-,-,-,-,-,-,-,#VALUE!,#VALUE!,#VALUE!,#VALUE!
K Pala (PNG),2015-2015,2015,2015,0,2,-,-,-,-,-,-,-,-,-,-,-,#VALUE!,#VALUE!,#VALUE!,#VALUE!
I Pandey (NEPAL),2019-2019,2019,2019,0,4,-,-,-,-,-,-,-,-,-,-,-,#VALUE!,#VALUE!,#VALUE!,#VALUE!
MK Pandey (INDIA),2015-2019,2015,2019,4,32,-,-,-,-,-,-,-,-,-,-,-,#VALUE!,#VALUE!,#VALUE!,#VALUE!
RR Pant (INDIA),2017-2019,2017,2019,2,26,-,-,-,-,-,-,-,-,-,-,-,#VALUE!,#VALUE!,#VALUE!,#VALUE!
AE Paraam (SGP),2019-2019,2019,2019,0,3,-,-,-,-,-,-,-,-,-,-,-,#VALUE!,#VALUE!,#VALUE!,#VALUE!
BA Parchment (WI),2007-2007,2007,2007,0,1,-,-,-,-,-,-,-,-,-,-,-,#VALUE!,#VALUE!,#VALUE!,#VALUE!
M Patel (PNM),2019-2019,2019,2019,0,2,-,-,-,-,-,-,-,-,-,-,-,#VALUE!,#VALUE!,#VALUE!,#VALUE!
M Patel (Chile),2019-2019,2019,2019,0,3,-,-,-,-,-,-,-,-,-,-,-,#VALUE!,#VALUE!,#VALUE!,#VALUE!
MD Patel (USA),2019-2019,2019,2019,0,8,-,-,-,-,-,-,-,-,-,-,-,#VALUE!,#VALUE!,#VALUE!,#VALUE!
PA Patel (INDIA),2011-2011,2011,2011,0,2,-,-,-,-,-,-,-,-,-,-,-,#VALUE!,#VALUE!,#VALUE!,#VALUE!
RN Patel (KENYA),2019-2019,2019,2019,0,2,-,-,-,-,-,-,-,-,-,-,-,#VALUE!,#VALUE!,#VALUE!,#VALUE!
SP Patil (UAE),2014-2016,2014,2016,2,18,-,-,-,-,-,-,-,-,-,-,-,#VALUE!,#VALUE!,#VALUE!,#VALUE!
RK Paudel (NEPAL),2019-2019,2019,2019,0,11,-,-,-,-,-,-,-,-,-,-,-,#VALUE!,#VALUE!,#VALUE!,#VALUE!
BBJL Perera (ITA),2019-2019,2019,2019,0,8,-,-,-,-,-,-,-,-,-,-,-,#VALUE!,#VALUE!,#VALUE!,#VALUE!
MDKJ Perera (SL),2013-2019,2013,2019,6,42,-,-,-,-,-,-,-,-,-,-,-,#VALUE!,#VALUE!,#VALUE!,#VALUE!
SL Perera (Ghana),2019-2019,2019,2019,0,2,-,-,-,-,-,-,-,-,-,-,-,#VALUE!,#VALUE!,#VALUE!,#VALUE!
WKD Perkins (WI),2008-2008,2008,2008,0,1,-,-,-,-,-,-,-,-,-,-,-,#VALUE!,#VALUE!,#VALUE!,#VALUE!
AN Petersen (SA),2010-2010,2010,2010,0,2,-,-,-,-,-,-,-,-,-,-,-,#VALUE!,#VALUE!,#VALUE!,#VALUE!
T Phaswana (Botsw),2019-2019,2019,2019,0,1,-,-,-,-,-,-,-,-,-,-,-,#VALUE!,#VALUE!,#VALUE!,#VALUE!
GD Phillips (NZ),2017-2018,2017,2018,1,11,-,-,-,-,-,-,-,-,-,-,-,#VALUE!,#VALUE!,#VALUE!,#VALUE!
R Pillai (GER),2019-2019,2019,2019,0,6,-,-,-,-,-,-,-,-,-,-,-,#VALUE!,#VALUE!,#VALUE!,#VALUE!
LA Pomersbach (AUS),2007-2007,2007,2007,0,1,-,-,-,-,-,-,-,-,-,-,-,#VALUE!,#VALUE!,#VALUE!,#VALUE!
RT Ponting (AUS),2005-2009,2005,2009,4,17,-,-,-,-,-,-,-,-,-,-,-,#VALUE!,#VALUE!,#VALUE!,#VALUE!
NS Poonia (SCOT),2007-2010,2007,2010,3,8,-,-,-,-,-,-,-,-,-,-,-,#VALUE!,#VALUE!,#VALUE!,#VALUE!
N Pooran (WI),2016-2019,2016,2019,3,16,-,-,-,-,-,-,-,-,-,-,-,#VALUE!,#VALUE!,#VALUE!,#VALUE!
WTS Porterfield (IRE),2008-2018,2008,2018,10,61,-,-,-,-,-,-,-,-,-,-,-,#VALUE!,#VALUE!,#VALUE!,#VALUE!
VRCF Poubel (),2019-2019,2019,2019,0,3,-,-,-,-,-,-,-,-,-,-,-,#VALUE!,#VALUE!,#VALUE!,#VALUE!
A Poulose (OMAN),2017-2017,2017,2017,0,3,-,-,-,-,-,-,-,-,-,-,-,#VALUE!,#VALUE!,#VALUE!,#VALUE!
KOA Powell (WI),2014-2014,2014,2014,0,1,-,-,-,-,-,-,-,-,-,-,-,#VALUE!,#VALUE!,#VALUE!,#VALUE!
AD Poynter (IRE),2012-2016,2012,2016,4,19,-,-,-,-,-,-,-,-,-,-,-,#VALUE!,#VALUE!,#VALUE!,#VALUE!
SW Poynter (IRE),2015-2019,2015,2019,4,25,-,-,-,-,-,-,-,-,-,-,-,#VALUE!,#VALUE!,#VALUE!,#VALUE!
H Pragji (Botsw),2019-2019,2019,2019,0,4,-,-,-,-,-,-,-,-,-,-,-,#VALUE!,#VALUE!,#VALUE!,#VALUE!
AG Prince (SA),2005-2005,2005,2005,0,1,-,-,-,-,-,-,-,-,-,-,-,#VALUE!,#VALUE!,#VALUE!,#VALUE!
MJ Prior (ENG),2007-2010,2007,2010,3,10,-,-,-,-,-,-,-,-,-,-,-,#VALUE!,#VALUE!,#VALUE!,#VALUE!
SMA Priyanjan (SL),2017-2017,2017,2017,0,3,-,-,-,-,-,-,-,-,-,-,-,#VALUE!,#VALUE!,#VALUE!,#VALUE!
Qalandar Khan (QAT),2019-2019,2019,2019,0,4,-,-,-,-,-,-,-,-,-,-,-,#VALUE!,#VALUE!,#VALUE!,#VALUE!
S Qeshile (SA),2019-2019,2019,2019,0,2,-,-,-,-,-,-,-,-,-,-,-,#VALUE!,#VALUE!,#VALUE!,#VALUE!
Raees Ahmadzai (AFG),2010-2010,2010,2010,0,8,-,-,-,-,-,-,-,-,-,-,-,#VALUE!,#VALUE!,#VALUE!,#VALUE!
Rafatullah Mohmand (PAK),2015-2015,2015,2015,0,3,-,-,-,-,-,-,-,-,-,-,-,#VALUE!,#VALUE!,#VALUE!,#VALUE!
AM Rahane (INDIA),2011-2016,2011,2016,5,20,-,-,-,-,-,-,-,-,-,-,-,#VALUE!,#VALUE!,#VALUE!,#VALUE!
Rahmanullah Gurbaz (AFG),2019-2019,2019,2019,0,7,-,-,-,-,-,-,-,-,-,-,-,#VALUE!,#VALUE!,#VALUE!,#VALUE!
Rahman Ademi (Serb),2019-2019,2019,2019,0,2,-,-,-,-,-,-,-,-,-,-,-,#VALUE!,#VALUE!,#VALUE!,#VALUE!
KL Rahul (INDIA),2016-2019,2016,2019,3,34,-,-,-,-,-,-,-,-,-,-,-,#VALUE!,#VALUE!,#VALUE!,#VALUE!
PBB Rajapaksa (SL),2019-2019,2019,2019,0,5,-,-,-,-,-,-,-,-,-,-,-,#VALUE!,#VALUE!,#VALUE!,#VALUE!
D Ramdin (WI),2006-2019,2006,2019,13,71,-,-,-,-,-,-,-,-,-,-,-,#VALUE!,#VALUE!,#VALUE!,#VALUE!
Rameez Raja (2) (PAK),2011-2011,2011,2011,0,2,-,-,-,-,-,-,-,-,-,-,-,#VALUE!,#VALUE!,#VALUE!,#VALUE!
Rameez Shahzad (UAE),2016-2019,2016,2019,3,22,-,-,-,-,-,-,-,-,-,-,-,#VALUE!,#VALUE!,#VALUE!,#VALUE!
Aminuddin Ramly (MAL),2019-2019,2019,2019,0,10,-,-,-,-,-,-,-,-,-,-,-,#VALUE!,#VALUE!,#VALUE!,#VALUE!
DA Rankin (IRE),2015-2016,2015,2016,1,2,-,-,-,-,-,-,-,-,-,-,-,#VALUE!,#VALUE!,#VALUE!,#VALUE!
Raqibul Hasan (BDESH),2008-2010,2008,2010,2,5,-,-,-,-,-,-,-,-,-,-,-,#VALUE!,#VALUE!,#VALUE!,#VALUE!
Ravinderpal Singh (CAN),2019-2019,2019,2019,0,12,-,-,-,-,-,-,-,-,-,-,-,#VALUE!,#VALUE!,#VALUE!,#VALUE!
AT Rayudu (INDIA),2014-2016,2014,2016,2,6,-,-,-,-,-,-,-,-,-,-,-,#VALUE!,#VALUE!,#VALUE!,#VALUE!
Razmal Shigiwal (Aut),2019-2019,2019,2019,0,4,-,-,-,-,-,-,-,-,-,-,-,#VALUE!,#VALUE!,#VALUE!,#VALUE!
CMW Read (ENG),2006-2006,2006,2006,0,1,-,-,-,-,-,-,-,-,-,-,-,#VALUE!,#VALUE!,#VALUE!,#VALUE!
NJ Reardon (AUS),2014-2014,2014,2014,0,2,-,-,-,-,-,-,-,-,-,-,-,#VALUE!,#VALUE!,#VALUE!,#VALUE!
DJ Reekers (NL),2008-2009,2008,2009,1,6,-,-,-,-,-,-,-,-,-,-,-,#VALUE!,#VALUE!,#VALUE!,#VALUE!
Rehman Abdul (ITA),2019-2019,2019,2019,0,7,-,-,-,-,-,-,-,-,-,-,-,#VALUE!,#VALUE!,#VALUE!,#VALUE!
FL Reifer (WI),2009-2009,2009,2009,0,1,-,-,-,-,-,-,-,-,-,-,-,#VALUE!,#VALUE!,#VALUE!,#VALUE!
ACL Richards (WI),2007-2007,2007,2007,0,1,-,-,-,-,-,-,-,-,-,-,-,#VALUE!,#VALUE!,#VALUE!,#VALUE!
DM Richards (WI),2009-2009,2009,2009,0,1,-,-,-,-,-,-,-,-,-,-,-,#VALUE!,#VALUE!,#VALUE!,#VALUE!
MJ Richardson (GER),2019-2019,2019,2019,0,3,-,-,-,-,-,-,-,-,-,-,-,#VALUE!,#VALUE!,#VALUE!,#VALUE!
CP Rizwan (UAE),2019-2019,2019,2019,0,5,-,-,-,-,-,-,-,-,-,-,-,#VALUE!,#VALUE!,#VALUE!,#VALUE!
Rizwan Mahmood (DEN),2019-2019,2019,2019,0,5,-,-,-,-,-,-,-,-,-,-,-,#VALUE!,#VALUE!,#VALUE!,#VALUE!
BJ Rohrer (AUS),2013-2013,2013,2013,0,1,-,-,-,-,-,-,-,-,-,-,-,#VALUE!,#VALUE!,#VALUE!,#VALUE!
L Ronchi (AUS/ICC/NZ),2008-2018,2008,2018,10,33,-,-,-,-,-,-,-,-,-,-,-,#VALUE!,#VALUE!,#VALUE!,#VALUE!
Rony Talukdar (BDESH),2015-2015,2015,2015,0,1,-,-,-,-,-,-,-,-,-,-,-,#VALUE!,#VALUE!,#VALUE!,#VALUE!
RR Rossouw (SA),2014-2016,2014,2016,2,15,-,-,-,-,-,-,-,-,-,-,-,#VALUE!,#VALUE!,#VALUE!,#VALUE!
JJ Roy (ENG),2014-2018,2014,2018,4,32,-,-,-,-,-,-,-,-,-,-,-,#VALUE!,#VALUE!,#VALUE!,#VALUE!
JA Rudolph (SA),2006-2006,2006,2006,0,1,-,-,-,-,-,-,-,-,-,-,-,#VALUE!,#VALUE!,#VALUE!,#VALUE!
RJMGM Rupasinghe (SL),2009-2009,2009,2009,0,2,-,-,-,-,-,-,-,-,-,-,-,#VALUE!,#VALUE!,#VALUE!,#VALUE!
HD Rutherford (NZ),2013-2019,2013,2019,6,8,-,-,-,-,-,-,-,-,-,-,-,#VALUE!,#VALUE!,#VALUE!,#VALUE!
VM Sachdev (PNM),2019-2019,2019,2019,0,2,-,-,-,-,-,-,-,-,-,-,-,#VALUE!,#VALUE!,#VALUE!,#VALUE!
AK Sah (NEPAL),2018-2018,2018,2018,0,1,-,-,-,-,-,-,-,-,-,-,-,#VALUE!,#VALUE!,#VALUE!,#VALUE!
Sahibzada Farhan (PAK),2018-2018,2018,2018,0,3,-,-,-,-,-,-,-,-,-,-,-,#VALUE!,#VALUE!,#VALUE!,#VALUE!
Sajid Cheema (Saudi),2019-2019,2019,2019,0,5,-,-,-,-,-,-,-,-,-,-,-,#VALUE!,#VALUE!,#VALUE!,#VALUE!
J Salazar (Peru),2019-2019,2019,2019,0,2,-,-,-,-,-,-,-,-,-,-,-,#VALUE!,#VALUE!,#VALUE!,#VALUE!
Salman Butt (PAK),2007-2010,2007,2010,3,24,-,-,-,-,-,-,-,-,-,-,-,#VALUE!,#VALUE!,#VALUE!,#VALUE!
S Samarawickrama (SL),2017-2019,2017,2019,2,7,-,-,-,-,-,-,-,-,-,-,-,#VALUE!,#VALUE!,#VALUE!,#VALUE!
BA Sambo (Moz),2019-2019,2019,2019,0,2,-,-,-,-,-,-,-,-,-,-,-,#VALUE!,#VALUE!,#VALUE!,#VALUE!
SV Samson (INDIA),2015-2015,2015,2015,0,1,-,-,-,-,-,-,-,-,-,-,-,#VALUE!,#VALUE!,#VALUE!,#VALUE!
R Sandaruwan (KUW),2019-2019,2019,2019,0,10,-,-,-,-,-,-,-,-,-,-,-,#VALUE!,#VALUE!,#VALUE!,#VALUE!
KC Sangakkara (SL),2006-2014,2006,2014,8,56,-,-,-,-,-,-,-,-,-,-,-,#VALUE!,#VALUE!,#VALUE!,#VALUE!
Saqlain Haider (UAE),2016-2016,2016,2016,0,6,-,-,-,-,-,-,-,-,-,-,-,#VALUE!,#VALUE!,#VALUE!,#VALUE!
Sarfaraz Ahmed (PAK),2010-2019,2010,2019,9,58,-,-,-,-,-,-,-,-,-,-,-,#VALUE!,#VALUE!,#VALUE!,#VALUE!
A Sarma (GER),2019-2019,2019,2019,0,3,-,-,-,-,-,-,-,-,-,-,-,#VALUE!,#VALUE!,#VALUE!,#VALUE!
JOP Scamans (Fin),2019-2019,2019,2019,0,2,-,-,-,-,-,-,-,-,-,-,-,#VALUE!,#VALUE!,#VALUE!,#VALUE!
JD Schoonheim (NL),2008-2008,2008,2008,0,1,-,-,-,-,-,-,-,-,-,-,-,#VALUE!,#VALUE!,#VALUE!,#VALUE!
TL Seifert (NZ),2018-2019,2018,2019,1,19,-,-,-,-,-,-,-,-,-,-,-,#VALUE!,#VALUE!,#VALUE!,#VALUE!
Shabir Noori (AFG),2012-2012,2012,2012,0,1,-,-,-,-,-,-,-,-,-,-,-,#VALUE!,#VALUE!,#VALUE!,#VALUE!
Shafiqullah (AFG),2010-2019,2010,2019,9,46,-,-,-,-,-,-,-,-,-,-,-,#VALUE!,#VALUE!,#VALUE!,#VALUE!
Shafiq Sharif (MAL),2019-2019,2019,2019,0,10,-,-,-,-,-,-,-,-,-,-,-,#VALUE!,#VALUE!,#VALUE!,#VALUE!
Shafraz Jaleel (Mald),2019-2019,2019,2019,0,4,-,-,-,-,-,-,-,-,-,-,-,#VALUE!,#VALUE!,#VALUE!,#VALUE!
OA Shah (ENG),2007-2009,2007,2009,2,17,-,-,-,-,-,-,-,-,-,-,-,#VALUE!,#VALUE!,#VALUE!,#VALUE!
Shahbaz Badar (BAH),2019-2019,2019,2019,0,3,-,-,-,-,-,-,-,-,-,-,-,#VALUE!,#VALUE!,#VALUE!,#VALUE!
Shaheryar Butt (Belg),2019-2019,2019,2019,0,3,-,-,-,-,-,-,-,-,-,-,-,#VALUE!,#VALUE!,#VALUE!,#VALUE!
Shahid Wasif (HKG),2016-2019,2016,2019,3,9,-,-,-,-,-,-,-,-,-,-,-,#VALUE!,#VALUE!,#VALUE!,#VALUE!
Shahriar Nafees (BDESH),2006-2006,2006,2006,0,1,-,-,-,-,-,-,-,-,-,-,-,#VALUE!,#VALUE!,#VALUE!,#VALUE!
Shahzaib Hasan (PAK),2009-2010,2009,2010,1,10,-,-,-,-,-,-,-,-,-,-,-,#VALUE!,#VALUE!,#VALUE!,#VALUE!
Shaiman Anwar (UAE),2014-2019,2014,2019,5,32,-,-,-,-,-,-,-,-,-,-,-,#VALUE!,#VALUE!,#VALUE!,#VALUE!
Shakeel Ansar (PAK),2012-2012,2012,2012,0,2,-,-,-,-,-,-,-,-,-,-,-,#VALUE!,#VALUE!,#VALUE!,#VALUE!
Shamsudheen Purat (Saudi),2019-2019,2019,2019,0,3,-,-,-,-,-,-,-,-,-,-,-,#VALUE!,#VALUE!,#VALUE!,#VALUE!
Shamsur Rahman (BDESH),2013-2014,2013,2014,1,9,-,-,-,-,-,-,-,-,-,-,-,#VALUE!,#VALUE!,#VALUE!,#VALUE!
Sharjeel Khan (PAK),2013-2016,2013,2016,3,15,-,-,-,-,-,-,-,-,-,-,-,#VALUE!,#VALUE!,#VALUE!,#VALUE!
D Sheeli (KUW),2019-2019,2019,2019,0,3,-,-,-,-,-,-,-,-,-,-,-,#VALUE!,#VALUE!,#VALUE!,#VALUE!
V Shetty (UAE),2014-2014,2014,2014,0,2,-,-,-,-,-,-,-,-,-,-,-,#VALUE!,#VALUE!,#VALUE!,#VALUE!
Shoaib Khan jnr (PAK),2008-2008,2008,2008,0,4,-,-,-,-,-,-,-,-,-,-,-,#VALUE!,#VALUE!,#VALUE!,#VALUE!
V Sibanda (ZIM),2007-2016,2007,2016,9,26,-,-,-,-,-,-,-,-,-,-,-,#VALUE!,#VALUE!,#VALUE!,#VALUE!
Simandeep Singh (HKG),2019-2019,2019,2019,0,7,-,-,-,-,-,-,-,-,-,-,-,#VALUE!,#VALUE!,#VALUE!,#VALUE!
Simranjit Singh (ITA),2019-2019,2019,2019,0,1,-,-,-,-,-,-,-,-,-,-,-,#VALUE!,#VALUE!,#VALUE!,#VALUE!
MS Sinclair (NZ),2005-2007,2005,2007,2,2,-,-,-,-,-,-,-,-,-,-,-,#VALUE!,#VALUE!,#VALUE!,#VALUE!
H Singh (GER),2019-2019,2019,2019,0,7,-,-,-,-,-,-,-,-,-,-,-,#VALUE!,#VALUE!,#VALUE!,#VALUE!
S Singh (PORT),2019-2019,2019,2019,0,1,-,-,-,-,-,-,-,-,-,-,-,#VALUE!,#VALUE!,#VALUE!,#VALUE!
JR Singleton (),2019-2019,2019,2019,0,3,-,-,-,-,-,-,-,-,-,-,-,#VALUE!,#VALUE!,#VALUE!,#VALUE!
RM Siri (Arg),2019-2019,2019,2019,0,4,-,-,-,-,-,-,-,-,-,-,-,#VALUE!,#VALUE!,#VALUE!,#VALUE!
CJO Smith (SCOT),2007-2009,2007,2009,2,8,-,-,-,-,-,-,-,-,-,-,-,#VALUE!,#VALUE!,#VALUE!,#VALUE!
DS Smith (WI),2007-2009,2007,2009,2,6,-,-,-,-,-,-,-,-,-,-,-,#VALUE!,#VALUE!,#VALUE!,#VALUE!
S Smith (BMUDA),2019-2019,2019,2019,0,5,-,-,-,-,-,-,-,-,-,-,-,#VALUE!,#VALUE!,#VALUE!,#VALUE!
SJS Smith (SCOT),2010-2012,2010,2012,2,5,-,-,-,-,-,-,-,-,-,-,-,#VALUE!,#VALUE!,#VALUE!,#VALUE!
J Smits (NL),2008-2009,2008,2009,1,6,-,-,-,-,-,-,-,-,-,-,-,#VALUE!,#VALUE!,#VALUE!,#VALUE!
S Sohal (USA),2019-2019,2019,2019,0,3,-,-,-,-,-,-,-,-,-,-,-,#VALUE!,#VALUE!,#VALUE!,#VALUE!
M Sohel Patel (PNM),2019-2019,2019,2019,0,2,-,-,-,-,-,-,-,-,-,-,-,#VALUE!,#VALUE!,#VALUE!,#VALUE!
VS Solanki (ENG),2005-2007,2005,2007,2,3,-,-,-,-,-,-,-,-,-,-,-,#VALUE!,#VALUE!,#VALUE!,#VALUE!
ES Soto (CRC),2019-2019,2019,2019,0,1,-,-,-,-,-,-,-,-,-,-,-,#VALUE!,#VALUE!,#VALUE!,#VALUE!
L Sreekumar (UAE),2017-2017,2017,2017,0,1,-,-,-,-,-,-,-,-,-,-,-,#VALUE!,#VALUE!,#VALUE!,#VALUE!
H Srinivasan (GER),2019-2019,2019,2019,0,1,-,-,-,-,-,-,-,-,-,-,-,#VALUE!,#VALUE!,#VALUE!,#VALUE!
AJ Staal (NL),2019-2019,2019,2019,0,9,-,-,-,-,-,-,-,-,-,-,-,#VALUE!,#VALUE!,#VALUE!,#VALUE!
BS Stephenson (Blz),2019-2019,2019,2019,0,3,-,-,-,-,-,-,-,-,-,-,-,#VALUE!,#VALUE!,#VALUE!,#VALUE!
MWR Stokes (GUE),2019-2019,2019,2019,0,9,-,-,-,-,-,-,-,-,-,-,-,#VALUE!,#VALUE!,#VALUE!,#VALUE!
F Stoman (PORT),2019-2019,2019,2019,0,4,-,-,-,-,-,-,-,-,-,-,-,#VALUE!,#VALUE!,#VALUE!,#VALUE!
AJ Strauss (ENG),2005-2009,2005,2009,4,4,-,-,-,-,-,-,-,-,-,-,-,#VALUE!,#VALUE!,#VALUE!,#VALUE!
GM Strydom (Caym),2019-2019,2019,2019,0,6,-,-,-,-,-,-,-,-,-,-,-,#VALUE!,#VALUE!,#VALUE!,#VALUE!
R Strydom (IRE),2008-2008,2008,2008,0,4,-,-,-,-,-,-,-,-,-,-,-,#VALUE!,#VALUE!,#VALUE!,#VALUE!
Sultan Ahmed (OMAN),2015-2017,2015,2017,2,17,-,-,-,-,-,-,-,-,-,-,-,#VALUE!,#VALUE!,#VALUE!,#VALUE!
Sumair Khan (MALTA),2019-2019,2019,2019,0,1,-,-,-,-,-,-,-,-,-,-,-,#VALUE!,#VALUE!,#VALUE!,#VALUE!
Suraj Kumar (OMAN),2019-2019,2019,2019,0,13,-,-,-,-,-,-,-,-,-,-,-,#VALUE!,#VALUE!,#VALUE!,#VALUE!
ZE Surkari (CAN),2008-2008,2008,2008,0,4,-,-,-,-,-,-,-,-,-,-,-,#VALUE!,#VALUE!,#VALUE!,#VALUE!
K Suttisan (THAI),2019-2019,2019,2019,0,2,-,-,-,-,-,-,-,-,-,-,-,#VALUE!,#VALUE!,#VALUE!,#VALUE!
P Syafiq Ali (MAL),2019-2019,2019,2019,0,2,-,-,-,-,-,-,-,-,-,-,-,#VALUE!,#VALUE!,#VALUE!,#VALUE!
ES Szwarczynski (NL),2008-2013,2008,2013,5,14,-,-,-,-,-,-,-,-,-,-,-,#VALUE!,#VALUE!,#VALUE!,#VALUE!
Talha Khan (GER),2019-2019,2019,2019,0,1,-,-,-,-,-,-,-,-,-,-,-,#VALUE!,#VALUE!,#VALUE!,#VALUE!
Tamim Iqbal (BDESH/ICC/World),2007-2018,2007,2018,11,75,-,-,-,-,-,-,-,-,-,-,-,#VALUE!,#VALUE!,#VALUE!,#VALUE!
R Tari (VAN),2019-2019,2019,2019,0,14,-,-,-,-,-,-,-,-,-,-,-,#VALUE!,#VALUE!,#VALUE!,#VALUE!
LRPL Taylor (NZ),2006-2019,2006,2019,13,95,-,-,-,-,-,-,-,-,-,-,-,#VALUE!,#VALUE!,#VALUE!,#VALUE!
HT Tector (IRE),2019-2019,2019,2019,0,14,-,-,-,-,-,-,-,-,-,-,-,#VALUE!,#VALUE!,#VALUE!,#VALUE!
VE Tembo (Moz),2019-2019,2019,2019,0,6,-,-,-,-,-,-,-,-,-,-,-,#VALUE!,#VALUE!,#VALUE!,#VALUE!
SP Terry (IRE),2016-2016,2016,2016,0,1,-,-,-,-,-,-,-,-,-,-,-,#VALUE!,#VALUE!,#VALUE!,#VALUE!
H Thaker (CAN),2019-2019,2019,2019,0,1,-,-,-,-,-,-,-,-,-,-,-,#VALUE!,#VALUE!,#VALUE!,#VALUE!
WU Tharanga (SL),2006-2018,2006,2018,12,26,-,-,-,-,-,-,-,-,-,-,-,#VALUE!,#VALUE!,#VALUE!,#VALUE!
HDRL Thirimanne (SL),2012-2016,2012,2016,4,26,-,-,-,-,-,-,-,-,-,-,-,#VALUE!,#VALUE!,#VALUE!,#VALUE!
DC Thomas (WI),2009-2013,2009,2013,4,3,-,-,-,-,-,-,-,-,-,-,-,#VALUE!,#VALUE!,#VALUE!,#VALUE!
RA Thomas (CAN),2019-2019,2019,2019,0,8,-,-,-,-,-,-,-,-,-,-,-,#VALUE!,#VALUE!,#VALUE!,#VALUE!
GJ Thompson (IRE),2016-2019,2016,2019,3,10,-,-,-,-,-,-,-,-,-,-,-,#VALUE!,#VALUE!,#VALUE!,#VALUE!
MK Tiwary (INDIA),2011-2012,2011,2012,1,3,-,-,-,-,-,-,-,-,-,-,-,#VALUE!,#VALUE!,#VALUE!,#VALUE!
C Tommy (VAN),2019-2019,2019,2019,0,12,-,-,-,-,-,-,-,-,-,-,-,#VALUE!,#VALUE!,#VALUE!,#VALUE!
OFJ Tonuu (Samoa),2019-2019,2019,2019,0,4,-,-,-,-,-,-,-,-,-,-,-,#VALUE!,#VALUE!,#VALUE!,#VALUE!
ME Trescothick (ENG),2005-2006,2005,2006,1,3,-,-,-,-,-,-,-,-,-,-,-,#VALUE!,#VALUE!,#VALUE!,#VALUE!
A Tripathi (Mex),2019-2019,2019,2019,0,3,-,-,-,-,-,-,-,-,-,-,-,#VALUE!,#VALUE!,#VALUE!,#VALUE!
IJL Trott (ENG),2007-2010,2007,2010,3,7,-,-,-,-,-,-,-,-,-,-,-,#VALUE!,#VALUE!,#VALUE!,#VALUE!
LJ Tucker (IRE),2016-2019,2016,2019,3,14,-,-,-,-,-,-,-,-,-,-,-,#VALUE!,#VALUE!,#VALUE!,#VALUE!
ML Udawatte (SL),2008-2017,2008,2017,9,8,-,-,-,-,-,-,-,-,-,-,-,#VALUE!,#VALUE!,#VALUE!,#VALUE!
T Ulutuna (TKY),2019-2019,2019,2019,0,3,-,-,-,-,-,-,-,-,-,-,-,#VALUE!,#VALUE!,#VALUE!,#VALUE!
J Umanath (Mex),2019-2019,2019,2019,0,7,-,-,-,-,-,-,-,-,-,-,-,#VALUE!,#VALUE!,#VALUE!,#VALUE!
Umar Akmal (PAK),2009-2019,2009,2019,10,84,-,-,-,-,-,-,-,-,-,-,-,#VALUE!,#VALUE!,#VALUE!,#VALUE!
Umar Amin (PAK),2013-2018,2013,2018,5,14,-,-,-,-,-,-,-,-,-,-,-,#VALUE!,#VALUE!,#VALUE!,#VALUE!
TP Ura (PNG),2015-2019,2015,2019,4,23,-,-,-,-,-,-,-,-,-,-,-,#VALUE!,#VALUE!,#VALUE!,#VALUE!
Usman Ghani (AFG),2015-2019,2015,2019,4,19,-,-,-,-,-,-,-,-,-,-,-,#VALUE!,#VALUE!,#VALUE!,#VALUE!
Usman Limbada (CAN),2010-2013,2010,2013,3,7,-,-,-,-,-,-,-,-,-,-,-,#VALUE!,#VALUE!,#VALUE!,#VALUE!
Usman Mushtaq (UAE),2016-2016,2016,2016,0,3,-,-,-,-,-,-,-,-,-,-,-,#VALUE!,#VALUE!,#VALUE!,#VALUE!
Usman Waheed (KUW),2019-2019,2019,2019,0,6,-,-,-,-,-,-,-,-,-,-,-,#VALUE!,#VALUE!,#VALUE!,#VALUE!
RV Uthappa (INDIA),2007-2015,2007,2015,8,13,-,-,-,-,-,-,-,-,-,-,-,#VALUE!,#VALUE!,#VALUE!,#VALUE!
HE van der Dussen (SA),2018-2019,2018,2019,1,9,-,-,-,-,-,-,-,-,-,-,-,#VALUE!,#VALUE!,#VALUE!,#VALUE!
VB van Jaarsveld (SA),2009-2009,2009,2009,0,3,-,-,-,-,-,-,-,-,-,-,-,#VALUE!,#VALUE!,#VALUE!,#VALUE!
MN van Wyk (SA),2007-2015,2007,2015,8,8,-,-,-,-,-,-,-,-,-,-,-,#VALUE!,#VALUE!,#VALUE!,#VALUE!
S Varathappan (KUW),2019-2019,2019,2019,0,3,-,-,-,-,-,-,-,-,-,-,-,#VALUE!,#VALUE!,#VALUE!,#VALUE!
JNT Vare (PNG),2015-2017,2015,2017,2,8,-,-,-,-,-,-,-,-,-,-,-,#VALUE!,#VALUE!,#VALUE!,#VALUE!
MP Vaughan (ENG),2005-2007,2005,2007,2,2,-,-,-,-,-,-,-,-,-,-,-,#VALUE!,#VALUE!,#VALUE!,#VALUE!
G Venkateswaran (LUX),2019-2019,2019,2019,0,3,-,-,-,-,-,-,-,-,-,-,-,#VALUE!,#VALUE!,#VALUE!,#VALUE!
Vikramjit Singh (NL),2019-2019,2019,2019,0,1,-,-,-,-,-,-,-,-,-,-,-,#VALUE!,#VALUE!,#VALUE!,#VALUE!
DJ Vilas (SA),2012-2012,2012,2012,0,1,-,-,-,-,-,-,-,-,-,-,-,#VALUE!,#VALUE!,#VALUE!,#VALUE!
JM Vince (ENG),2015-2019,2015,2019,4,12,-,-,-,-,-,-,-,-,-,-,-,#VALUE!,#VALUE!,#VALUE!,#VALUE!
L Vincent (NZ),2006-2007,2006,2007,1,9,-,-,-,-,-,-,-,-,-,-,-,#VALUE!,#VALUE!,#VALUE!,#VALUE!
Vinod Kumar (ESP),2019-2019,2019,2019,0,3,-,-,-,-,-,-,-,-,-,-,-,#VALUE!,#VALUE!,#VALUE!,#VALUE!
J Vira (VAN),2019-2019,2019,2019,0,14,-,-,-,-,-,-,-,-,-,-,-,#VALUE!,#VALUE!,#VALUE!,#VALUE!
TP Visee (NL),2015-2019,2015,2019,4,27,-,-,-,-,-,-,-,-,-,-,-,#VALUE!,#VALUE!,#VALUE!,#VALUE!
Vishal Ahir (PNM),2019-2019,2019,2019,0,1,-,-,-,-,-,-,-,-,-,-,-,#VALUE!,#VALUE!,#VALUE!,#VALUE!
R Vishwanath (LUX),2019-2019,2019,2019,0,2,-,-,-,-,-,-,-,-,-,-,-,#VALUE!,#VALUE!,#VALUE!,#VALUE!
KDK Vithanage (SL),2014-2016,2014,2016,2,3,-,-,-,-,-,-,-,-,-,-,-,#VALUE!,#VALUE!,#VALUE!,#VALUE!
MS Wade (AUS),2011-2016,2011,2016,5,26,-,-,-,-,-,-,-,-,-,-,-,#VALUE!,#VALUE!,#VALUE!,#VALUE!
CD Wallace (SCOT),2012-2019,2012,2019,7,19,-,-,-,-,-,-,-,-,-,-,-,#VALUE!,#VALUE!,#VALUE!,#VALUE!
CAK Walton (WI),2014-2018,2014,2018,4,19,-,-,-,-,-,-,-,-,-,-,-,#VALUE!,#VALUE!,#VALUE!,#VALUE!
T Wangchuk jnr (BHU),2019-2019,2019,2019,0,2,-,-,-,-,-,-,-,-,-,-,-,#VALUE!,#VALUE!,#VALUE!,#VALUE!
DA Warner (AUS),2009-2019,2009,2019,10,76,-,-,-,-,-,-,-,-,-,-,-,#VALUE!,#VALUE!,#VALUE!,#VALUE!
VS Wategaonkar (OMAN),2016-2016,2016,2016,0,2,-,-,-,-,-,-,-,-,-,-,-,#VALUE!,#VALUE!,#VALUE!,#VALUE!
BJ Watling (NZ),2009-2014,2009,2014,5,5,-,-,-,-,-,-,-,-,-,-,-,#VALUE!,#VALUE!,#VALUE!,#VALUE!
DF Watts (SCOT),2007-2012,2007,2012,5,11,-,-,-,-,-,-,-,-,-,-,-,#VALUE!,#VALUE!,#VALUE!,#VALUE!
D Weston (GER),2019-2019,2019,2019,0,6,-,-,-,-,-,-,-,-,-,-,-,#VALUE!,#VALUE!,#VALUE!,#VALUE!
SA Wijeyeratne (CAN),2019-2019,2019,2019,0,2,-,-,-,-,-,-,-,-,-,-,-,#VALUE!,#VALUE!,#VALUE!,#VALUE!
OR Willis (Caym),2019-2019,2019,2019,0,3,-,-,-,-,-,-,-,-,-,-,-,#VALUE!,#VALUE!,#VALUE!,#VALUE!
GC Wilson (IRE),2008-2019,2008,2019,11,78,-,-,-,-,-,-,-,-,-,-,-,#VALUE!,#VALUE!,#VALUE!,#VALUE!
AS Wright (GUE),2019-2019,2019,2019,0,8,-,-,-,-,-,-,-,-,-,-,-,#VALUE!,#VALUE!,#VALUE!,#VALUE!
Yasar Idrees (KUW),2019-2019,2019,2019,0,1,-,-,-,-,-,-,-,-,-,-,-,#VALUE!,#VALUE!,#VALUE!,#VALUE!
KJ Young (Blz),2019-2019,2019,2019,0,3,-,-,-,-,-,-,-,-,-,-,-,#VALUE!,#VALUE!,#VALUE!,#VALUE!
Zaheer Ibrahim (QAT),2019-2019,2019,2019,0,13,-,-,-,-,-,-,-,-,-,-,-,#VALUE!,#VALUE!,#VALUE!,#VALUE!
Zakir Hasan (BDESH),2018-2018,2018,2018,0,1,-,-,-,-,-,-,-,-,-,-,-,#VALUE!,#VALUE!,#VALUE!,#VALUE!
Zameer Khan (DEN),2019-2019,2019,2019,0,2,-,-,-,-,-,-,-,-,-,-,-,#VALUE!,#VALUE!,#VALUE!,#VALUE!
Zeeshan Siddiqui (OMAN),2015-2015,2015,2015,0,5,-,-,-,-,-,-,-,-,-,-,-,#VALUE!,#VALUE!,#VALUE!,#VALUE!
Ziaur Rehman (Fin),2019-2019,2019,2019,0,1,-,-,-,-,-,-,-,-,-,-,-,#VALUE!,#VALUE!,#VALUE!,#VALUE!
Zishan Shah (DEN),2019-2019,2019,2019,0,6,-,-,-,-,-,-,-,-,-,-,-,#VALUE!,#VALUE!,#VALUE!,#VALUE!
Zubaidi Zulkifle (MAL),2019-2019,2019,2019,0,4,-,-,-,-,-,-,-,-,-,-,-,#VALUE!,#VALUE!,#VALUE!,#VALUE!
B Zuiderent (NL),2009-2010,2009,2010,1,6,-,-,-,-,-,-,-,-,-,-,-,#VALUE!,#VALUE!,#VALUE!,#VALUE!
Zulqarnain Haider (PAK),2007-2010,2007,2010,3,3,-,-,-,-,-,-,-,-,-,-,-,#VALUE!,#VALUE!,#VALUE!,#VALUE!
