Player,Span,Start_Year,End_Year,Career_Length,Mat,Inns,Balls,Runs,Wkts,BBI,Ave,Econ,SR,4,5,Wickets_Per_Match,Economy_Score,Bowling_Impact_Score,Five_Wicket_Rate
M Muralitharan (Asia/ICC/SL),1993-2011,1993,2011,18,350,341,18811,12326,534,Jul-30,23.08,3.93,35.2,15,10,1.53,0.25,1.14,0.029
Wasim Akram (PAK),1984-2003,1984,2003,19,356,351,18186,11812,502,May-15,23.52,3.89,36.2,17,6,1.41,0.26,1.06,0.017
Waqar Younis (PAK),1989-2003,1989,2003,14,262,258,12698,9919,416,Jul-36,23.84,4.68,30.5,14,13,1.59,0.21,1.18,0.050
WPUJC Vaas (Asia/SL),1994-2008,1994,2008,14,322,320,15775,11014,400,Aug-19,27.53,4.18,39.4,9,4,1.24,0.24,0.94,0.012
Shahid Afridi (Asia/ICC/PAK),1996-2015,1996,2015,19,398,372,17670,13632,395,07-Dec,34.51,4.62,44.7,4,9,0.99,0.22,0.76,0.023
SM Pollock (Afr/ICC/SA),1996-2008,1996,2008,12,303,297,15712,9631,393,Jun-35,24.5,3.67,39.9,12,5,1.30,0.27,0.99,0.017
GD McGrath (AUS/ICC),1993-2007,1993,2007,14,250,248,12970,8391,381,Jul-15,22.02,3.88,34,9,7,1.52,0.26,1.14,0.028
B Lee (AUS),2000-2012,2000,2012,12,221,217,11185,8877,380,May-22,23.36,4.76,29.4,14,9,1.72,0.21,1.27,0.041
SL Malinga (SL),2004-2019,2004,2019,15,226,220,10936,9760,338,Jun-38,28.87,5.35,32.3,11,8,1.50,0.19,1.10,0.035
A Kumble (Asia/INDIA),1990-2007,1990,2007,17,271,265,14496,10412,337,06-Dec,30.89,4.3,43,8,2,1.24,0.23,0.94,0.007
ST Jayasuriya (Asia/SL),1989-2011,1989,2011,22,445,368,14874,11871,323,Jun-29,36.75,4.78,46,8,4,0.73,0.21,0.57,0.009
J Srinath (INDIA),1991-2003,1991,2003,12,229,227,11935,8847,315,May-23,28.08,4.44,37.8,7,3,1.38,0.23,1.03,0.013
DL Vettori (ICC/NZ),1997-2015,1997,2015,18,295,277,14060,9674,305,05-Jul,31.71,4.12,46,8,2,1.03,0.24,0.80,0.007
SK Warne (AUS/ICC),1993-2005,1993,2005,12,194,191,10642,7541,293,May-33,25.73,4.25,36.3,12,1,1.51,0.24,1.13,0.005
AB Agarkar (INDIA),1998-2007,1998,2007,9,191,188,9484,8021,288,Jun-42,27.85,5.07,32.9,10,2,1.51,0.20,1.11,0.010
Saqlain Mushtaq (PAK),1995-2003,1995,2003,8,169,165,8770,6275,288,May-20,21.78,4.29,30.4,11,6,1.70,0.23,1.26,0.036
Z Khan (Asia/INDIA),2000-2012,2000,2012,12,200,197,10097,8301,282,May-42,29.43,4.93,35.8,7,1,1.41,0.20,1.05,0.005
JH Kallis (Afr/ICC/SA),1996-2014,1996,2014,18,328,283,10750,8680,273,May-30,31.79,4.84,39.3,2,2,0.83,0.21,0.64,0.006
AA Donald (SA),1991-2003,1991,2003,12,164,162,8561,5926,272,Jun-23,21.78,4.15,31.4,11,2,1.66,0.24,1.23,0.012
Abdul Razzaq (Asia/PAK),1996-2011,1996,2011,15,265,254,10941,8564,269,Jun-35,31.83,4.69,40.6,8,3,1.02,0.21,0.77,0.011
JM Anderson (ENG),2002-2015,2002,2015,13,194,191,9584,7861,269,May-23,29.22,4.92,35.6,11,2,1.39,0.20,1.03,0.010
Harbhajan Singh (Asia/INDIA),1998-2015,1998,2015,17,236,227,12479,8973,269,May-31,33.35,4.31,46.3,2,3,1.14,0.23,0.87,0.013
Mashrafe Mortaza (Asia/BDESH),2001-2019,2001,2019,18,217,217,10789,8759,266,Jun-26,32.92,4.87,40.5,7,1,1.23,0.21,0.92,0.005
M Ntini (ICC/SA),1998-2009,1998,2009,11,173,171,8687,6559,266,Jun-22,24.65,4.53,32.6,8,4,1.54,0.22,1.14,0.023
Shakib Al Hasan (BDESH),2006-2019,2006,2019,13,206,203,10517,7857,260,May-29,30.21,4.48,40.4,8,2,1.26,0.22,0.95,0.010
N Kapil Dev (INDIA),1978-1994,1978,1994,16,225,221,11202,6945,253,May-43,27.45,3.71,44.2,3,1,1.12,0.27,0.87,0.004
Shoaib Akhtar (Asia/ICC/PAK),1998-2011,1998,2011,13,163,162,7764,6169,247,Jun-16,24.97,4.76,31.4,6,4,1.52,0.21,1.12,0.025
KD Mills (NZ),2001-2015,2001,2015,14,170,169,8230,6485,240,May-25,27.02,4.72,34.2,8,1,1.41,0.21,1.05,0.006
MG Johnson (AUS),2005-2015,2005,2015,10,153,150,7489,6038,239,Jun-31,25.26,4.83,31.3,9,3,1.56,0.21,1.16,0.020
HH Streak (Afr/ZIM),1993-2005,1993,2005,12,189,185,9468,7129,239,May-32,29.82,4.51,39.6,7,1,1.26,0.22,0.95,0.005
D Gough (ENG/ICC),1994-2006,1994,2006,12,159,156,8470,6209,235,May-44,26.42,4.39,36,10,2,1.48,0.23,1.10,0.013
CA Walsh (WI),1985-2000,1985,2000,15,205,204,10822,6918,227,05-Jan,30.47,3.83,47.6,6,1,1.11,0.26,0.85,0.005
CEL Ambrose (WI),1988-2000,1988,2000,12,176,175,9353,5429,225,May-17,24.12,3.48,41.5,6,4,1.28,0.29,0.98,0.023
Abdur Razzak (BDESH),2004-2014,2004,2014,10,153,152,7965,6065,207,May-29,29.29,4.56,38.4,5,4,1.35,0.22,1.01,0.026
CZ Harris (NZ),1990-2004,1990,2004,14,250,232,10667,7613,203,May-42,37.5,4.28,52.5,2,1,0.81,0.23,0.64,0.004
CJ McDermott (AUS),1985-1996,1985,1996,11,138,138,7461,5018,203,May-44,24.71,4.03,36.7,4,1,1.47,0.25,1.10,0.007
CL Cairns (ICC/NZ),1991-2006,1991,2006,15,215,186,8168,6594,201,May-42,32.8,4.84,40.6,3,1,0.93,0.21,0.72,0.005
DJ Bravo (WI),2004-2014,2004,2014,10,164,150,6511,5874,199,Jun-43,29.51,5.41,32.7,6,1,1.21,0.18,0.90,0.006
KMDN Kulasekara (SL),2003-2017,2003,2017,14,184,181,8263,6751,199,May-22,33.92,4.9,41.5,4,1,1.08,0.20,0.82,0.005
BKV Prasad (INDIA),1994-2001,1994,2001,7,161,160,8129,6332,196,May-27,32.3,4.67,41.4,3,1,1.22,0.21,0.92,0.006
DW Steyn (Afr/SA),2005-2019,2005,2019,14,125,124,6256,5087,196,Jun-39,25.95,4.87,31.9,4,3,1.57,0.21,1.16,0.024
SR Waugh (AUS),1986-2002,1986,2002,16,325,207,8883,6761,195,Apr-33,34.67,4.56,45.5,3,0,0.60,0.22,0.49,0.000
CL Hooper (WI),1987-2003,1987,2003,16,227,203,9573,6958,193,Apr-34,36.05,4.36,49.6,3,0,0.85,0.23,0.66,0.000
L Klusener (SA),1996-2004,1996,2004,8,171,164,7336,5751,192,Jun-49,29.95,4.7,38.2,1,6,1.12,0.21,0.85,0.035
M Morkel (Afr/SA),2007-2018,2007,2018,11,117,114,5760,4761,188,May-21,25.32,4.95,30.6,7,2,1.61,0.20,1.19,0.017
CRD Fernando (Asia/SL),2001-2012,2001,2012,11,147,141,6507,5648,187,Jun-27,30.2,5.2,34.7,3,1,1.27,0.19,0.95,0.007
TG Southee (NZ),2008-2019,2008,2019,11,140,138,7021,6373,186,Jul-33,34.26,5.44,37.7,4,3,1.33,0.18,0.99,0.021
Saeed Ajmal (PAK),2008-2015,2008,2015,7,113,112,6000,4182,184,May-24,22.72,4.18,32.6,6,2,1.63,0.24,1.21,0.018
Aaqib Javed (PAK),1988-1998,1988,1998,10,163,159,8012,5721,182,Jul-37,31.43,4.28,44,2,4,1.12,0.23,0.85,0.025
Imran Khan (PAK),1974-1992,1974,1992,18,175,153,7461,4844,182,Jun-14,26.61,3.89,40.9,3,1,1.04,0.26,0.81,0.006
RA Jadeja (INDIA),2009-2019,2009,2019,10,159,155,8029,6552,181,May-36,36.19,4.89,44.3,7,1,1.14,0.20,0.86,0.006
Umar Gul (PAK),2003-2016,2003,2016,13,130,128,6064,5253,179,Jun-42,29.34,5.19,33.8,4,2,1.38,0.19,1.02,0.015
SCJ Broad (ENG),2006-2016,2006,2016,10,121,121,6109,5364,178,May-23,30.13,5.26,34.3,9,1,1.47,0.19,1.09,0.008
NW Bracken (AUS),2001-2009,2001,2009,8,116,116,5759,4240,174,May-47,24.36,4.41,33,5,2,1.50,0.23,1.12,0.017
Imran Tahir (SA),2011-2019,2011,2019,8,107,104,5541,4297,173,Jul-45,24.83,4.65,32,7,3,1.62,0.22,1.20,0.028
JDP Oram (NZ),2001-2012,2001,2012,11,160,154,6911,5047,173,May-26,29.17,4.38,39.9,3,2,1.08,0.23,0.83,0.013
IK Pathan (INDIA),2004-2012,2004,2012,8,120,118,5855,5142,173,May-27,29.72,5.26,33.8,5,2,1.44,0.19,1.07,0.017
MA Starc (AUS),2010-2019,2010,2019,9,85,85,4315,3611,172,Jun-28,20.99,5.02,25,11,7,2.02,0.20,1.48,0.082
NLTC Perera (SL),2009-2019,2009,2019,10,161,152,5711,5556,171,Jun-44,32.49,5.83,33.3,5,4,1.06,0.17,0.79,0.025
A Flintoff (ENG/ICC),1999-2009,1999,2009,10,141,119,5624,4121,169,May-19,24.38,4.39,33.2,6,2,1.20,0.23,0.91,0.014
SR Watson (AUS),2002-2015,2002,2015,13,190,163,6466,5342,168,Apr-36,31.79,4.95,38.4,3,0,0.88,0.20,0.68,0.000
CH Gayle (ICC/WI),1999-2019,1999,2019,20,301,199,7424,5926,167,May-46,35.48,4.78,44.4,3,1,0.55,0.21,0.45,0.003
TA Boult (NZ),2012-2019,2012,2019,7,89,89,4884,4111,164,Jul-34,25.06,5.05,29.7,7,5,1.84,0.20,1.35,0.056
Mushtaq Ahmed (PAK),1989-2003,1989,2003,14,144,142,7543,5361,161,May-36,33.29,4.26,46.8,3,1,1.12,0.23,0.85,0.007
Sir RJ Hadlee (NZ),1973-1990,1973,1990,17,115,112,6182,3407,158,May-25,21.56,3.3,39.1,1,5,1.37,0.30,1.05,0.043
Shoaib Malik (PAK),1999-2019,1999,2019,20,287,217,7958,6192,158,Apr-19,39.18,4.66,50.3,1,0,0.55,0.21,0.45,0.000
MD Marshall (WI),1980-1992,1980,1992,12,136,134,7175,4233,157,Apr-18,26.96,3.53,45.7,6,0,1.15,0.28,0.89,0.000
A Nehra (Asia/INDIA),2001-2011,2001,2011,10,120,120,5751,4981,157,Jun-23,31.72,5.19,36.6,5,2,1.31,0.19,0.97,0.017
M Prabhakar (INDIA),1984-1996,1984,1996,12,130,127,6360,4534,157,May-33,28.87,4.27,40.5,4,2,1.21,0.23,0.92,0.015
GB Hogg (AUS),1996-2008,1996,2008,12,123,113,5564,4188,156,May-32,26.84,4.51,35.6,3,2,1.27,0.22,0.95,0.016
SR Tendulkar (INDIA),1989-2012,1989,2012,23,463,270,8054,6850,154,May-32,44.48,5.1,52.2,4,2,0.33,0.20,0.29,0.004
BAW Mendis (SL),2008-2015,2008,2015,7,87,84,4154,3324,152,Jun-13,21.86,4.8,27.3,7,3,1.75,0.21,1.29,0.034
UDU Chandana (SL),1994-2007,1994,2007,13,147,136,6142,4818,151,May-61,31.9,4.7,40.6,4,1,1.03,0.21,0.78,0.007
R Ashwin (INDIA),2010-2017,2010,2017,7,111,109,6021,4937,150,Apr-25,32.91,4.91,40.1,1,0,1.35,0.20,1.01,0.000
SE Bond (NZ),2002-2010,2002,2010,8,82,80,4295,3070,147,Jun-19,20.88,4.28,29.2,7,4,1.79,0.23,1.32,0.049
J Garner (WI),1977-1987,1977,1987,10,98,98,5330,2752,146,May-31,18.84,3.09,36.5,2,3,1.49,0.32,1.14,0.031
IT Botham (ENG),1976-1992,1976,1992,16,116,115,6271,4139,145,Apr-31,28.54,3.96,43.2,3,0,1.25,0.25,0.95,0.000
TM Odoyo (Afr/KENYA),1996-2014,1996,2014,18,136,129,5649,4335,145,Apr-25,29.89,4.6,38.9,5,0,1.07,0.22,0.81,0.000
AU Rashid (ENG),2009-2019,2009,2019,10,99,93,4851,4547,143,May-27,31.79,5.62,33.9,7,2,1.44,0.18,1.06,0.020
JN Gillespie (AUS),1996-2005,1996,2005,9,97,96,5144,3611,142,May-22,25.42,4.21,36.2,3,3,1.46,0.24,1.10,0.031
MA Holding (WI),1976-1987,1976,1987,11,102,102,5473,3034,142,May-26,21.36,3.32,38.5,5,1,1.39,0.30,1.06,0.010
CR Woakes (ENG),2011-2019,2011,2019,8,99,95,4638,4327,142,Jun-45,30.47,5.59,32.6,9,3,1.43,0.18,1.06,0.030
EJ Chatfield (NZ),1979-1989,1979,1989,10,114,112,6065,3618,140,May-34,25.84,3.57,43.3,3,1,1.23,0.28,0.94,0.009
Mohammad Hafeez (PAK),2003-2019,2003,2019,16,218,177,7733,5400,139,Apr-41,38.84,4.18,55.6,1,0,0.64,0.24,0.52,0.000
HDPK Dharmasena (SL),1994-2004,1994,2004,10,141,134,7009,4998,138,Apr-37,36.21,4.27,50.7,1,0,0.98,0.23,0.76,0.000
SB Styris (NZ),1999-2011,1999,2011,12,188,161,6114,4839,137,Jun-25,35.32,4.74,44.6,4,1,0.73,0.21,0.57,0.005
Mohammed Shami (INDIA),2013-2019,2013,2019,6,73,72,3709,3400,136,May-69,25,5.5,27.2,8,1,1.86,0.18,1.36,0.014
MF Maharoof (SL),2004-2016,2004,2016,12,109,105,4640,3789,135,Jun-14,28.06,4.89,34.3,4,2,1.24,0.20,0.93,0.018
LE Plunkett (ENG),2005-2019,2005,2019,14,89,87,4137,4010,135,May-52,29.7,5.81,30.6,6,1,1.52,0.17,1.11,0.011
DW Fleming (AUS),1994-2001,1994,2001,7,88,88,4619,3402,134,May-36,25.38,4.41,34.4,4,1,1.52,0.23,1.13,0.011
JO Holder (WI),2013-2019,2013,2019,6,112,108,5179,4777,133,May-27,35.91,5.53,38.9,4,2,1.19,0.18,0.89,0.018
Rashid Khan (AFG),2015-2019,2015,2019,4,71,67,3558,2467,133,Jul-18,18.54,4.16,26.7,4,4,1.87,0.24,1.38,0.056
A Symonds (AUS),1998-2009,1998,2009,11,198,158,5935,4955,133,May-18,37.25,5,44.6,2,1,0.67,0.20,0.53,0.005
P Utseya (ZIM),2004-2015,2004,2015,11,164,160,8571,6239,133,May-36,46.9,4.36,64.4,2,1,0.81,0.23,0.64,0.006
Abdul Qadir (PAK),1983-1993,1983,1993,10,104,100,5100,3454,132,May-44,26.16,4.06,38.6,4,2,1.27,0.25,0.96,0.019
B Kumar (INDIA),2012-2019,2012,2019,7,114,113,5451,4568,132,May-42,34.6,5.02,41.2,4,1,1.16,0.20,0.87,0.009
M Dillon (WI),1997-2005,1997,2005,8,108,107,5480,4218,130,May-29,32.44,4.61,42.1,3,3,1.20,0.22,0.91,0.028
Mohammad Nabi (AFG),2009-2019,2009,2019,10,124,120,5919,4231,130,Apr-30,32.54,4.28,45.5,3,0,1.05,0.23,0.80,0.000
RJ Shastri (INDIA),1981-1992,1981,1992,11,150,136,6613,4650,129,May-15,36.04,4.21,51.2,2,1,0.86,0.24,0.67,0.007
JE Taylor (WI),2003-2017,2003,2017,14,90,88,4341,3780,128,May-48,29.53,5.22,33.9,3,1,1.42,0.19,1.05,0.011
DK Morrison (NZ),1987-1996,1987,1996,9,96,95,4586,3470,126,May-34,27.53,4.53,36.3,1,2,1.31,0.22,0.98,0.021
Rubel Hossain (BDESH),2009-2019,2009,2019,10,101,99,4540,4300,126,Jun-26,34.12,5.68,36,7,1,1.25,0.18,0.93,0.010
Mohammad Rafique (Asia/BDESH),1995-2007,1995,2007,12,125,124,6414,4739,125,May-47,37.91,4.43,51.3,3,1,1.00,0.23,0.77,0.008
KAJ Roach (WI),2008-2019,2008,2019,11,92,90,4459,3763,124,Jun-27,30.34,5.06,35.9,3,3,1.35,0.20,1.00,0.033
Azhar Mahmood (PAK),1996-2007,1996,2007,11,143,139,6242,4813,123,Jun-18,39.13,4.62,50.7,2,3,0.86,0.22,0.67,0.021
Mohammad Sami (PAK),2001-2015,2001,2015,14,87,85,4284,3567,121,05-Oct,29.47,4.99,35.4,3,1,1.39,0.20,1.03,0.011
AG Cremer (ZIM),2009-2018,2009,2018,9,96,95,4680,3597,119,Jun-46,30.22,4.61,39.3,4,3,1.24,0.22,0.93,0.031
IR Bishop (WI),1988-1997,1988,1997,9,84,83,4332,3127,118,May-25,26.5,4.33,36.7,7,2,1.40,0.23,1.05,0.024
IVA Richards (WI),1975-1991,1975,1991,16,187,131,5644,4228,118,Jun-41,35.83,4.49,47.8,1,2,0.63,0.22,0.51,0.011
K Rabada (SA),2015-2019,2015,2019,4,75,73,3842,3199,117,Jun-16,27.34,4.99,32.8,6,1,1.56,0.20,1.15,0.013
R Rampaul (WI),2003-2015,2003,2015,12,92,88,4033,3434,117,May-49,29.35,5.1,34.4,8,2,1.27,0.20,0.95,0.022
Dawlat Zadran (AFG),2011-2019,2011,2019,8,82,80,3769,3423,115,Apr-22,29.76,5.44,32.7,3,0,1.40,0.18,1.04,0.000
PAJ DeFreitas (ENG),1987-1997,1987,1997,10,103,103,5712,3775,115,Apr-35,32.82,3.96,49.6,1,0,1.12,0.25,0.86,0.000
AD Mathews (SL),2008-2019,2008,2019,11,214,155,5083,3907,115,Jun-20,33.97,4.61,44.2,1,1,0.54,0.22,0.44,0.005
I Sharma (INDIA),2007-2016,2007,2016,9,80,78,3733,3563,115,Apr-34,30.98,5.72,32.4,6,0,1.44,0.17,1.06,0.000
Wahab Riaz (PAK),2008-2019,2008,2019,11,89,88,4209,4011,115,May-46,34.87,5.71,36.6,4,1,1.29,0.18,0.96,0.011
WJ Cronje (SA),1992-2000,1992,2000,8,188,153,5357,3966,114,May-32,34.78,4.44,46.9,1,1,0.61,0.23,0.49,0.005
MC Snedden (NZ),1980-1990,1980,1990,10,93,90,4525,3237,114,Apr-34,28.39,4.29,39.6,1,0,1.23,0.23,0.93,0.000
GR Larsen (NZ),1990-1999,1990,1999,9,121,119,6368,4000,113,Apr-24,35.39,3.76,56.3,1,0,0.93,0.27,0.73,0.000
KJ O'Brien (IRE),2006-2019,2006,2019,13,142,113,4224,3672,113,Apr-13,32.49,5.21,37.3,5,0,0.80,0.19,0.61,0.000
PD Collingwood (ENG),2001-2011,2001,2011,10,197,151,5186,4294,111,Jun-31,38.68,4.96,46.7,3,1,0.56,0.20,0.45,0.005
Mudassar Nazar (PAK),1977-1989,1977,1989,12,122,104,4855,3432,111,May-28,30.91,4.24,43.7,1,1,0.91,0.24,0.71,0.008
Yuvraj Singh (Asia/INDIA),2000-2017,2000,2017,17,304,161,5048,4294,111,May-31,38.68,5.1,45.4,2,1,0.37,0.20,0.31,0.003
Junaid Khan (PAK),2011-2019,2011,2019,8,76,76,3601,3216,110,04-Dec,29.23,5.35,32.7,4,0,1.45,0.19,1.07,0.000
Naved-ul-Hasan (PAK),2003-2010,2003,2010,7,74,72,3466,3221,110,Jun-27,29.28,5.57,31.5,6,1,1.49,0.18,1.09,0.014
DR Tuffey (NZ),2000-2010,2000,2010,10,94,92,4333,3534,110,Apr-24,32.12,4.89,39.3,2,0,1.17,0.20,0.88,0.000
TT Bresnan (ENG),2006-2015,2006,2015,9,85,84,4221,3813,109,May-48,34.98,5.42,38.7,3,1,1.28,0.18,0.95,0.012
GP Wickramasinghe (SL),1990-2002,1990,2002,12,134,132,5720,4321,109,Apr-48,39.64,4.53,52.4,1,0,0.81,0.22,0.64,0.000
SP O'Donnell (AUS),1985-1991,1985,1991,6,87,87,4350,3102,108,May-13,28.72,4.27,40.2,5,1,1.24,0.23,0.94,0.011
DNT Zoysa (SL),1997-2007,1997,2007,10,95,93,4259,3213,108,May-26,29.75,4.52,39.4,2,1,1.14,0.22,0.86,0.011
RAS Lakmal (SL),2009-2019,2009,2019,10,85,83,3824,3478,107,Apr-13,32.5,5.45,35.7,3,0,1.26,0.18,0.94,0.000
Mustafizur Rahman (BDESH),2015-2019,2015,2019,4,56,55,2813,2458,107,Jun-43,22.97,5.24,26.2,3,5,1.91,0.19,1.39,0.089
PA de Silva (SL),1984-2003,1984,2003,19,308,156,5148,4177,106,Apr-30,39.4,4.86,48.5,2,0,0.34,0.21,0.30,0.000
TM Dilshan (SL),1999-2016,1999,2016,17,330,204,5880,4778,106,04-Apr,45.07,4.87,55.4,3,0,0.32,0.21,0.29,0.000
A Nel (SA),2001-2008,2001,2008,7,79,76,3801,2935,106,May-45,27.68,4.63,35.8,3,1,1.34,0.22,1.00,0.013
PR Reiffel (AUS),1992-1999,1992,1999,7,92,92,4732,3096,106,Apr-13,29.2,3.92,44.6,5,0,1.15,0.26,0.88,0.000
UT Yadav (INDIA),2010-2018,2010,2018,8,75,73,3558,3565,106,Apr-31,33.63,6.01,33.5,4,0,1.41,0.17,1.04,0.000
GW Flower (ZIM),1992-2010,1992,2010,18,221,156,5462,4225,104,Apr-32,40.62,4.64,52.5,2,0,0.47,0.22,0.39,0.000
WB Rankin (ENG/IRE),2007-2019,2007,2019,12,73,71,3600,2893,104,Apr-15,27.81,4.82,34.6,4,0,1.42,0.21,1.06,0.000
GP Swann (ENG),2000-2013,2000,2013,13,79,76,3809,2888,104,May-28,27.76,4.54,36.6,3,1,1.32,0.22,0.99,0.013
JJ Bumrah (INDIA),2016-2019,2016,2019,3,58,58,3009,2254,103,May-27,21.88,4.49,29.2,5,1,1.78,0.22,1.31,0.017
DK Lillee (AUS),1972-1983,1972,1983,11,63,63,3593,2145,103,May-34,20.82,3.58,34.8,5,1,1.63,0.28,1.23,0.016
C Pringle (NZ),1990-1995,1990,1995,5,64,64,3314,2459,103,May-45,23.87,4.45,32.1,2,1,1.61,0.22,1.19,0.016
ST Finn (ENG),2011-2017,2011,2017,6,69,67,3550,2996,102,May-33,29.37,5.06,34.8,4,2,1.48,0.20,1.09,0.029
E Chigumbura (Afr/ZIM),2004-2018,2004,2018,14,213,132,4339,4274,101,Apr-28,42.31,5.91,42.9,1,0,0.47,0.17,0.38,0.000
WKM Benjamin (WI),1986-1995,1986,1995,9,85,85,4442,3079,100,May-22,30.79,4.15,44.4,0,1,1.18,0.24,0.90,0.012
SC Ganguly (Asia/INDIA),1992-2007,1992,2007,15,311,171,4561,3849,100,May-16,38.49,5.06,45.6,1,2,0.32,0.20,0.28,0.006
RA Harper (WI),1983-1996,1983,1996,13,105,99,5175,3431,100,Apr-40,34.31,3.97,51.7,3,0,0.95,0.25,0.74,0.000
CK Langeveldt (SA),2001-2010,2001,2010,9,72,71,3489,2962,100,May-39,29.62,5.09,34.8,1,2,1.39,0.20,1.03,0.028
RW Price (ZIM),2002-2012,2002,2012,10,102,99,5374,3575,100,Apr-22,35.75,3.99,53.7,1,0,0.98,0.25,0.76,0.000
NJ Astle (NZ),1995-2007,1995,2007,12,223,159,4850,3809,99,Apr-43,38.47,4.71,48.9,1,0,0.44,0.21,0.37,0.000
Kuldeep Yadav (INDIA),2017-2019,2017,2019,2,56,54,2952,2455,99,Jun-25,24.79,4.98,29.8,4,1,1.77,0.20,1.30,0.018
CJ McKay (AUS),2009-2014,2009,2014,5,59,59,2965,2364,97,May-28,24.37,4.78,30.5,4,2,1.64,0.21,1.21,0.034
PL Taylor (AUS),1987-1992,1987,1992,5,83,80,3937,2740,97,Apr-38,28.24,4.17,40.5,1,0,1.17,0.24,0.89,0.000
N Boje (Afr/SA),1995-2005,1995,2005,10,115,108,4541,3415,96,May-21,35.57,4.51,47.3,2,1,0.83,0.22,0.65,0.009
PJ Cummins (AUS),2011-2019,2011,2019,8,58,58,3033,2603,96,May-70,27.11,5.14,31.5,5,1,1.66,0.19,1.22,0.017
JP Faulkner (AUS),2013-2017,2013,2017,4,69,67,3211,2962,96,Apr-32,30.85,5.53,33.4,4,0,1.39,0.18,1.03,0.000
V Sehwag (Asia/ICC/INDIA),1999-2013,1999,2013,14,251,146,4392,3853,96,04-Jun,40.13,5.26,45.7,1,0,0.38,0.19,0.32,0.000
PA Strang (ZIM),1994-2001,1994,2001,7,95,89,4351,3173,96,May-21,33.05,4.37,45.3,2,2,1.01,0.23,0.78,0.021
TL Chatara (ZIM),2013-2019,2013,2019,6,70,70,3431,2905,95,Apr-33,30.57,5.08,36.1,1,0,1.36,0.20,1.01,0.000
PS de Villiers (SA),1992-1997,1992,1997,5,83,82,4422,2636,95,Apr-27,27.74,3.57,46.5,2,0,1.14,0.28,0.89,0.000
AJ Hall (SA),1999-2007,1999,2007,8,88,78,3341,2515,95,May-18,26.47,4.51,35.1,3,1,1.08,0.22,0.82,0.011
WD Parnell (SA),2009-2017,2009,2017,8,65,61,2911,2738,94,May-48,29.12,5.64,30.9,3,2,1.45,0.18,1.07,0.031
SO Tikolo (Afr/KENYA),1996-2014,1996,2014,18,135,99,4016,3215,94,Apr-41,34.2,4.8,42.7,2,0,0.70,0.21,0.55,0.000
LL Tsotsobe (SA),2009-2013,2009,2013,4,61,60,2964,2347,94,Apr-22,24.96,4.75,31.5,7,0,1.54,0.21,1.14,0.000
MJ Henry (NZ),2014-2019,2014,2019,5,52,50,2703,2437,92,May-30,26.48,5.4,29.3,7,2,1.77,0.19,1.29,0.038
SP Narine (WI),2011-2016,2011,2016,5,65,65,3540,2435,92,Jun-27,26.46,4.12,38.4,4,2,1.42,0.24,1.06,0.031
AC Cummins (CAN/WI),1991-2007,1991,2007,16,76,74,3767,2877,91,May-31,31.61,4.58,41.3,2,1,1.20,0.22,0.90,0.013
CB Mpofu (ZIM),2004-2019,2004,2019,15,83,82,3900,3513,91,Jun-52,38.6,5.4,42.8,2,1,1.10,0.19,0.82,0.012
BP Patterson (WI),1986-1993,1986,1993,7,59,58,3050,2206,90,Jun-29,24.51,4.33,33.8,1,1,1.53,0.23,1.14,0.017
BL Cairns (NZ),1974-1985,1974,1985,11,78,75,4015,2717,89,May-28,30.52,4.06,45.1,2,1,1.14,0.25,0.87,0.013
GH Dockrell (IRE),2010-2019,2010,2019,9,87,85,4232,3327,89,Apr-24,37.38,4.71,47.5,4,0,1.02,0.21,0.78,0.000
Saleem Malik (PAK),1982-1999,1982,1999,17,283,120,3505,2959,89,May-35,33.24,5.06,39.3,1,1,0.31,0.20,0.28,0.004
MN Samuels (WI),2000-2018,2000,2018,18,207,134,5091,4127,89,03-Dec,46.37,4.86,57.2,0,0,0.43,0.21,0.36,0.000
TM Alderman (AUS),1981-1991,1981,1991,10,65,65,3371,2056,88,May-17,23.36,3.65,38.3,1,2,1.35,0.27,1.03,0.031
GF Lawson (AUS),1980-1989,1980,1989,9,79,79,4259,2592,88,Apr-26,29.45,3.65,48.3,1,0,1.11,0.27,0.86,0.000
GJ Whittall (ZIM),1993-2003,1993,2003,10,147,112,4060,3481,88,Apr-35,39.55,5.14,46.1,1,0,0.60,0.19,0.48,0.000
AME Roberts (WI),1975-1983,1975,1983,8,56,56,3123,1771,87,May-22,20.35,3.4,35.8,2,1,1.55,0.29,1.18,0.018
MM Patel (INDIA),2006-2011,2006,2011,5,70,67,3154,2603,86,Apr-29,30.26,4.95,36.6,3,0,1.23,0.20,0.92,0.000
Aamer Sohail (PAK),1990-2000,1990,2000,10,156,125,4836,3703,85,Apr-22,43.56,4.59,56.8,1,0,0.54,0.22,0.45,0.000
YS Chahal (INDIA),2016-2019,2016,2019,3,50,49,2659,2246,85,Jun-42,26.42,5.06,31.2,2,2,1.70,0.20,1.25,0.040
IJ Harvey (AUS),1997-2004,1997,2004,7,73,70,3279,2577,85,Apr-16,30.31,4.71,38.5,4,0,1.16,0.21,0.88,0.000
RM Hogg (AUS),1979-1985,1979,1985,6,71,67,3677,2418,85,Apr-29,28.44,3.94,43.2,5,0,1.20,0.25,0.91,0.000
JR Ratnayeke (SL),1982-1990,1982,1990,8,78,76,3573,2866,85,Apr-23,33.71,4.81,42,1,0,1.09,0.21,0.83,0.000
ME Waugh (AUS),1988-2002,1988,2002,14,244,120,3687,2938,85,May-24,34.56,4.78,43.3,1,1,0.35,0.21,0.31,0.004
MM Ali (ENG),2014-2019,2014,2019,5,101,95,4654,4089,84,Apr-46,48.67,5.27,55.4,1,0,0.83,0.19,0.64,0.000
CD Collymore (WI),1999-2007,1999,2007,8,84,80,4074,2924,83,May-51,35.22,4.3,49,1,1,0.99,0.23,0.76,0.012
Mohammad Irfan (PAK),2010-2016,2010,2016,6,60,60,3109,2549,83,Apr-30,30.71,4.91,37.4,2,0,1.38,0.20,1.03,0.000
PV Simmons (WI),1987-1999,1987,1999,12,143,103,3880,2876,83,04-Mar,34.65,4.44,46.7,2,0,0.58,0.23,0.47,0.000
Hasan Ali (PAK),2016-2019,2016,2019,3,53,51,2548,2381,82,May-34,29.03,5.6,31,1,3,1.55,0.18,1.14,0.057
MJ McClenaghan (NZ),2013-2016,2013,2016,3,48,45,2336,2313,82,May-58,28.2,5.94,28.4,6,1,1.71,0.17,1.25,0.021
CG Rackemann (AUS),1983-1991,1983,1991,8,52,52,2791,1833,82,May-16,22.35,3.94,34,3,1,1.58,0.25,1.18,0.019
JEC Franklin (NZ),2001-2013,2001,2013,12,110,97,3848,3354,81,May-42,41.4,5.22,47.5,0,1,0.74,0.19,0.57,0.009
Mohammad Amir (PAK),2009-2019,2009,2019,10,61,60,3013,2400,81,May-30,29.62,4.77,37.1,1,1,1.33,0.21,0.99,0.016
DJG Sammy (WI),2004-2015,2004,2015,11,126,119,4956,3851,81,Apr-26,47.54,4.66,61.1,1,0,0.64,0.21,0.51,0.000
RGD Willis (ENG),1973-1984,1973,1984,11,64,64,3595,1968,80,04-Nov,24.6,3.28,44.9,4,0,1.25,0.30,0.97,0.000
CR Matthews (SA),1991-1997,1991,1997,6,56,55,3003,1975,79,04-Oct,25,3.94,38,3,0,1.41,0.25,1.06,0.000
A Ranatunga (SL),1982-1999,1982,1999,17,269,135,4710,3757,79,Apr-14,47.55,4.78,59.6,1,0,0.29,0.21,0.27,0.000
AJ Bichel (AUS),1997-2004,1997,2004,7,67,66,3257,2463,78,Jul-20,31.57,4.53,41.7,1,2,1.16,0.22,0.88,0.030
IDR Bradshaw (WI),2004-2007,2004,2007,3,62,62,3172,2299,78,Mar-15,29.47,4.34,40.6,0,0,1.26,0.23,0.95,0.000
PJ Ongondo (Afr/KENYA),1999-2011,1999,2011,12,79,79,3102,2350,78,May-51,30.12,4.54,39.7,1,1,0.99,0.22,0.76,0.013
RMH Binny (INDIA),1980-1987,1980,1987,7,72,67,2957,2260,77,Apr-29,29.35,4.58,38.4,3,0,1.07,0.22,0.81,0.000
Iftikhar Anjum (PAK),2004-2010,2004,2010,6,62,60,2960,2430,77,May-30,31.55,4.92,38.4,2,1,1.24,0.20,0.93,0.016
P Kumar (INDIA),2007-2012,2007,2012,5,68,67,3242,2774,77,Apr-31,36.02,5.13,42.1,3,0,1.13,0.19,0.85,0.000
R McLaren (SA),2009-2014,2009,2014,5,54,51,2403,2102,77,Apr-19,27.29,5.24,31.2,5,0,1.43,0.19,1.06,0.000
JE Emburey (ENG),1980-1993,1980,1993,13,61,61,3425,2346,76,Apr-37,30.86,4.1,45,2,0,1.25,0.24,0.95,0.000
SJ Harmison (ENG),2002-2009,2002,2009,7,58,57,2899,2481,76,May-33,32.64,5.13,38.1,2,1,1.31,0.19,0.98,0.017
RD King (WI),1998-2005,1998,2005,7,50,50,2603,1807,76,Apr-25,23.77,4.16,34.2,2,0,1.52,0.24,1.14,0.000
Mahmudullah (BDESH),2007-2019,2007,2019,12,185,134,4090,3527,76,03-Apr,46.4,5.17,53.8,0,0,0.41,0.19,0.35,0.000
RJ Ratnayake (SL),1982-1993,1982,1993,11,70,70,3575,2712,76,May-32,35.68,4.55,47,1,1,1.09,0.22,0.83,0.014
GB Brent (ZIM),1996-2008,1996,2008,12,70,69,3390,2776,75,Apr-22,37.01,4.91,45.2,3,0,1.07,0.20,0.81,0.000
RJ Peterson (SA),2002-2014,2002,2014,12,79,74,3278,2680,75,04-Dec,35.73,4.9,43.7,3,0,0.95,0.20,0.73,0.000
S Sreesanth (INDIA),2005-2011,2005,2011,6,53,52,2476,2508,75,Jun-55,33.44,6.07,33,2,1,1.42,0.16,1.04,0.019
HMRKB Herath (SL),2004-2015,2004,2015,11,71,67,3242,2362,74,Apr-20,31.91,4.37,43.8,1,0,1.04,0.23,0.80,0.000
TJ Murtagh (IRE),2012-2019,2012,2019,7,58,57,3020,2290,74,May-21,30.94,4.54,40.8,4,1,1.28,0.22,0.96,0.017
W Watson (NZ),1986-1994,1986,1994,8,61,61,3251,2247,74,Apr-27,30.36,4.14,43.9,1,0,1.21,0.24,0.92,0.000
AR Border (AUS),1979-1994,1979,1994,15,273,87,2661,2071,73,Mar-20,28.36,4.66,36.4,0,0,0.27,0.21,0.25,0.000
RS Kalpage (SL),1992-1999,1992,1999,7,86,81,3960,2975,73,Apr-36,40.75,4.5,54.2,2,0,0.85,0.22,0.66,0.000
S Madan Lal (INDIA),1974-1987,1974,1987,13,67,64,3164,2137,73,Apr-20,29.27,4.05,43.3,2,0,1.09,0.25,0.84,0.000
J Botha (Afr/SA),2005-2012,2005,2012,7,78,75,3823,2916,72,Apr-19,40.5,4.57,53,1,0,0.92,0.22,0.71,0.000
GS Chappell (AUS),1971-1983,1971,1983,12,74,67,3108,2097,72,May-15,29.12,4.04,43.1,0,2,0.97,0.25,0.76,0.027
JR Hazlewood (AUS),2010-2018,2010,2018,8,44,43,2294,1811,72,Jun-52,25.15,4.73,31.8,1,3,1.64,0.21,1.21,0.068
PL Symcox (SA),1993-1999,1993,1999,6,80,80,3991,2762,72,Apr-28,38.36,4.15,55.4,1,0,0.90,0.24,0.70,0.000
DBL Powell (WI),2002-2009,2002,2009,7,55,55,2850,2239,71,Apr-27,31.53,4.71,40.1,2,0,1.29,0.21,0.97,0.000
Sohail Tanvir (PAK),2007-2014,2007,2014,7,62,60,2949,2566,71,May-48,36.14,5.22,41.5,3,1,1.15,0.19,0.86,0.016
SC Williams (ZIM),2005-2019,2005,2019,14,131,107,4080,3300,71,Apr-43,46.47,4.85,57.4,1,0,0.54,0.21,0.44,0.000
EA Brandes (ZIM),1987-1999,1987,1999,12,59,59,2828,2266,70,May-28,32.37,4.8,40.4,1,2,1.19,0.21,0.89,0.034
BM McMillan (SA),1991-1998,1991,1998,7,78,75,3623,2589,70,Apr-32,36.98,4.28,51.7,1,0,0.90,0.23,0.70,0.000
NN Odhiambo (KENYA),2006-2014,2006,2014,8,69,67,2808,2585,70,Apr-61,36.92,5.52,40.1,1,0,1.01,0.18,0.76,0.000
AD Russell (WI),2011-2019,2011,2019,8,56,55,2290,2229,70,Apr-35,31.84,5.84,32.7,5,0,1.25,0.17,0.93,0.000
BA Stokes (ENG),2011-2019,2011,2019,8,95,80,2912,2920,70,May-61,41.71,6.01,41.6,1,1,0.74,0.17,0.57,0.011
AR Caddick (ENG),1993-2003,1993,2003,10,54,53,2937,1965,69,Apr-19,28.47,4.01,42.5,3,0,1.28,0.25,0.97,0.000
JP Duminy (SA),2004-2019,2004,2019,15,199,135,3513,3143,69,Apr-16,45.55,5.36,50.9,1,0,0.35,0.19,0.30,0.000
SB Joshi (INDIA),1996-2001,1996,2001,5,69,67,3386,2509,69,05-Jun,36.36,4.44,49,1,1,1.00,0.23,0.77,0.014
MJ Santner (NZ),2015-2019,2015,2019,4,69,64,3079,2510,69,May-50,36.37,4.89,44.6,0,1,1.00,0.20,0.76,0.014
Shafiul Islam (BDESH),2010-2019,2010,2019,9,59,59,2486,2453,69,Apr-21,35.55,5.92,36,4,0,1.17,0.17,0.87,0.000
RP Singh (INDIA),2005-2011,2005,2011,6,58,57,2565,2343,69,Apr-35,33.95,5.48,37.1,2,0,1.19,0.18,0.89,0.000
RR Singh (INDIA),1989-2001,1989,2001,12,136,117,3734,2985,69,May-22,43.26,4.79,54.1,0,2,0.51,0.21,0.42,0.015
CPH Ramanayake (SL),1986-1995,1986,1995,9,62,62,2864,2049,68,Apr-17,30.13,4.29,42.1,1,0,1.10,0.23,0.84,0.000
HA Varaiya (KENYA),2006-2014,2006,2014,8,63,60,2951,2048,68,Apr-25,30.11,4.16,43.3,2,0,1.08,0.24,0.83,0.000
MA Ealham (ENG),1996-2001,1996,2001,5,64,62,3227,2197,67,May-15,32.79,4.08,48.1,1,2,1.05,0.25,0.81,0.031
LH Ferguson (NZ),2016-2019,2016,2019,3,36,36,1902,1719,67,May-45,25.65,5.42,28.3,2,1,1.86,0.18,1.36,0.028
JR Hopes (AUS),2005-2010,2005,2010,5,84,75,3157,2384,67,May-14,35.58,4.53,47.1,0,1,0.80,0.22,0.62,0.012
MS Kasprowicz (AUS),1995-2005,1995,2005,10,43,42,2225,1674,67,May-45,24.98,4.51,33.2,1,2,1.56,0.22,1.16,0.047
Khaled Mahmud (BDESH),1998-2006,1998,2006,8,77,75,3385,2865,67,Apr-19,42.76,5.07,50.5,1,0,0.87,0.20,0.67,0.000
C Sharma (INDIA),1983-1994,1983,1994,11,65,63,2835,2336,67,Mar-22,34.86,4.94,42.3,0,0,1.03,0.20,0.78,0.000
DT Johnston (IRE),2006-2013,2006,2013,7,67,63,2930,2115,66,May-14,32.04,4.33,44.3,1,1,0.99,0.23,0.76,0.015
CC Lewis (ENG),1990-1998,1990,1998,8,53,49,2625,1942,66,Apr-30,29.42,4.43,39.7,4,0,1.25,0.23,0.94,0.000
Maninder Singh (INDIA),1983-1993,1983,1993,10,59,57,3133,2066,66,Apr-22,31.3,3.95,47.4,1,0,1.12,0.25,0.86,0.000
T Panyangara (ZIM),2004-2016,2004,2016,12,65,65,3242,3024,65,Mar-28,46.52,5.59,49.8,0,0,1.00,0.18,0.75,0.000
AL Phehlukwayo (SA),2016-2019,2016,2019,3,52,50,2077,1936,65,Apr-22,29.78,5.59,31.9,3,0,1.25,0.18,0.93,0.000
C White (ENG),1994-2003,1994,2003,9,51,50,2364,1726,65,May-21,26.55,4.38,36.3,1,1,1.27,0.23,0.96,0.020
A Zampa (AUS),2016-2019,2016,2019,3,48,48,2480,2363,65,Apr-43,36.35,5.71,38.1,1,0,1.35,0.18,1.00,0.000
A Mishra (INDIA),2003-2016,2003,2016,13,36,34,1917,1511,64,Jun-48,23.6,4.72,29.9,2,2,1.78,0.21,1.31,0.056
DJ Nash (NZ),1992-2002,1992,2002,10,81,78,3416,2622,64,Apr-38,40.96,4.6,53.3,1,0,0.79,0.22,0.62,0.000
SM Sharif (SCOT),2011-2019,2011,2019,8,44,44,2129,1776,64,May-33,27.75,5,33.2,2,1,1.45,0.20,1.08,0.023
AR Cusack (IRE),2007-2015,2007,2015,8,59,52,1953,1510,63,May-20,23.96,4.63,31,1,1,1.07,0.22,0.81,0.017
NM Hauritz (AUS),2002-2011,2002,2011,9,58,56,2724,2152,63,Apr-29,34.15,4.74,43.2,2,0,1.09,0.21,0.82,0.000
NL McCullum (NZ),2009-2015,2009,2015,6,84,81,3536,2956,63,Mar-24,46.92,5.01,56.1,0,0,0.75,0.20,0.58,0.000
Mujeeb Ur Rahman (AFG),2017-2019,2017,2019,2,40,39,2153,1414,63,May-50,22.44,3.94,34.1,2,1,1.58,0.25,1.18,0.025
AD Mullally (ENG),1996-2001,1996,2001,5,50,49,2699,1728,63,Apr-18,27.42,3.84,42.8,2,0,1.26,0.26,0.96,0.000
SLV Raju (INDIA),1990-1996,1990,1996,6,53,52,2770,2014,63,Apr-46,31.96,4.36,43.9,2,0,1.19,0.23,0.90,0.000
BA Reid (AUS),1986-1992,1986,1992,6,61,61,3250,2203,63,May-53,34.96,4.06,51.5,0,1,1.03,0.25,0.80,0.016
Sarfraz Nawaz (PAK),1973-1984,1973,1984,11,45,45,2412,1463,63,Apr-27,23.22,3.63,38.2,4,0,1.40,0.28,1.06,0.000
DE Bollinger (AUS),2009-2011,2009,2011,2,39,39,1942,1482,62,May-35,23.9,4.57,31.3,3,2,1.59,0.22,1.18,0.051
SW Tait (AUS),2007-2011,2007,2011,4,35,34,1688,1461,62,Apr-39,23.56,5.19,27.2,2,0,1.77,0.19,1.30,0.000
DT Hondo (ZIM),2001-2005,2001,2005,4,56,56,2381,2171,61,Apr-37,35.59,5.47,39,3,0,1.09,0.18,0.82,0.000
DR Smith (WI),2004-2015,2004,2015,11,105,73,2726,2285,61,May-45,37.45,5.02,44.6,3,1,0.58,0.20,0.47,0.010
Syed Rasel (BDESH),2005-2010,2005,2010,5,52,52,2657,2051,61,Apr-22,33.62,4.63,43.5,1,0,1.17,0.22,0.89,0.000
MA Wood (ENG),2015-2019,2015,2019,4,51,50,2585,2385,61,Apr-33,39.09,5.53,42.3,2,0,1.20,0.18,0.89,0.000
CJ Anderson (NZ),2013-2017,2013,2017,4,49,43,1485,1502,60,May-63,25.03,6.06,24.7,2,1,1.22,0.17,0.91,0.020
FH Edwards (WI),2003-2009,2003,2009,6,50,49,2138,1812,60,Jun-22,30.2,5.08,35.6,0,2,1.20,0.20,0.90,0.040
RM Haq (SCOT),2006-2015,2006,2015,9,54,51,2633,1975,60,May-54,32.91,4.5,43.8,2,1,1.11,0.22,0.84,0.019
JC Tredwell (ENG),2010-2015,2010,2015,5,45,44,2104,1666,60,Apr-41,27.76,4.75,35,3,0,1.33,0.21,1.00,0.000
ALF de Mel (SL),1982-1987,1982,1987,5,57,57,2735,2237,59,May-32,37.91,4.9,46.3,1,2,1.04,0.20,0.79,0.035
NA Foster (ENG),1984-1989,1984,1989,5,48,48,2627,1836,59,Mar-20,31.11,4.19,44.5,0,0,1.23,0.24,0.93,0.000
Gulbadin Naib (AFG),2011-2019,2011,2019,8,65,60,2194,1968,59,Jun-43,33.35,5.38,37.1,2,1,0.91,0.19,0.69,0.015
Hamid Hassan (AFG),2009-2019,2009,2019,10,38,37,1734,1330,59,May-45,22.54,4.6,29.3,2,1,1.55,0.22,1.15,0.026
JDS Neesham (NZ),2013-2019,2013,2019,6,59,55,1772,1814,59,May-31,30.74,6.14,30,2,1,1.00,0.16,0.75,0.017
Shadab Khan (PAK),2017-2019,2017,2019,2,43,41,2088,1750,59,Apr-28,29.66,5.02,35.3,3,0,1.37,0.20,1.02,0.000
Sikandar Raza (ZIM),2013-2019,2013,2019,6,97,71,2846,2269,59,Mar-21,38.45,4.78,48.2,0,0,0.61,0.21,0.49,0.000
Tapash Baisya (BDESH),2002-2007,2002,2007,5,56,56,2608,2452,59,Apr-16,41.55,5.64,44.2,2,0,1.05,0.18,0.79,0.000
KM Jarvis (ZIM),2009-2019,2009,2019,10,49,49,2362,2088,58,Apr-17,36,5.3,40.7,2,0,1.18,0.19,0.89,0.000
HK Olonga (ZIM),1995-2003,1995,2003,8,50,49,2059,1977,58,Jun-19,34.08,5.76,35.5,2,2,1.16,0.17,0.86,0.040
GC Small (ENG),1987-1992,1987,1992,5,53,53,2793,1942,58,Apr-31,33.48,4.17,48.1,1,0,1.09,0.24,0.84,0.000
Mudassar Bukhari (NL),2007-2014,2007,2014,7,46,46,2036,1601,57,Mar-17,28.08,4.71,35.7,0,0,1.24,0.21,0.93,0.000
MJ Clarke (AUS),2003-2015,2003,2015,12,245,106,2585,2146,57,May-35,37.64,4.98,45.3,1,1,0.23,0.20,0.22,0.004
GRJ Matthews (AUS),1984-1993,1984,1993,9,59,54,2808,2004,57,Mar-27,35.15,4.28,49.2,0,0,0.97,0.23,0.75,0.000
DS Mohanty (INDIA),1997-2001,1997,2001,4,45,44,1996,1662,57,Apr-56,29.15,4.99,35,1,0,1.27,0.20,0.95,0.000
T Mupariwa (ZIM),2004-2016,2004,2016,12,40,40,2019,1690,57,Apr-39,29.64,5.02,35.4,3,0,1.43,0.20,1.06,0.000
Arshad Khan (PAK),1993-2006,1993,2006,13,58,56,2823,1948,56,Apr-33,34.78,4.14,50.4,1,0,0.97,0.24,0.75,0.000
R Telemachus (SA),1998-2006,1998,2006,8,37,37,1918,1565,56,Apr-43,27.94,4.89,34.2,1,0,1.51,0.20,1.12,0.000
XJ Doherty (AUS),2010-2015,2010,2015,5,60,56,2792,2224,55,Apr-28,40.43,4.77,50.7,3,0,0.92,0.21,0.70,0.000
AF Giles (ENG),1997-2005,1997,2005,8,62,57,2856,2069,55,May-57,37.61,4.34,51.9,0,1,0.89,0.23,0.69,0.016
Tauseef Ahmed (PAK),1982-1990,1982,1990,8,70,67,3250,2247,55,Apr-38,40.85,4.14,59,1,0,0.79,0.24,0.62,0.000
RN ten Doeschate (NL),2006-2011,2006,2011,5,33,33,1580,1327,55,Apr-31,24.12,5.03,28.7,3,0,1.67,0.20,1.23,0.000
JR Thomson (AUS),1975-1985,1975,1985,10,50,50,2696,1942,55,Apr-67,35.3,4.32,49,1,0,1.10,0.23,0.84,0.000
JV Coney (NZ),1979-1987,1979,1987,8,88,70,2931,2039,54,Apr-46,37.75,4.17,54.2,1,0,0.61,0.24,0.50,0.000
N Pradeep (SL),2012-2019,2012,2019,7,42,40,1996,1998,54,Apr-31,37,6,36.9,2,0,1.29,0.17,0.95,0.000
HH Pandya (INDIA),2016-2019,2016,2019,3,54,53,2368,2195,54,Mar-31,40.64,5.56,43.8,0,0,1.00,0.18,0.75,0.000
AR Adams (NZ),2001-2007,2001,2007,6,42,40,1885,1643,53,May-22,31,5.22,35.5,2,1,1.26,0.19,0.94,0.024
SR Clark (AUS),2005-2009,2005,2009,4,39,38,1829,1477,53,Apr-54,27.86,4.84,34.5,2,0,1.36,0.21,1.01,0.000
Mohammad Naveed (UAE),2014-2019,2014,2019,5,39,39,1938,1757,53,May-28,33.15,5.43,36.5,0,1,1.36,0.18,1.01,0.026
LS Pascoe (AUS),1977-1982,1977,1982,5,29,28,1568,1066,53,May-30,20.11,4.07,29.5,4,1,1.83,0.25,1.35,0.034
SMSM Senanayake (SL),2012-2015,2012,2015,3,49,47,2358,1874,53,Apr-13,35.35,4.76,44.4,1,0,1.08,0.21,0.82,0.000
GI Allott (NZ),1997-2000,1997,2000,3,31,31,1528,1207,52,Apr-35,23.21,4.73,29.3,4,0,1.68,0.21,1.24,0.000
NM Coulter-Nile (AUS),2013-2019,2013,2019,6,32,32,1678,1555,52,Apr-48,29.9,5.56,32.2,1,0,1.63,0.18,1.19,0.000
KSC de Silva (SL),1996-2000,1996,2000,4,38,37,1619,1323,52,Mar-18,25.44,4.9,31.1,0,0,1.37,0.20,1.02,0.000
DS Lehmann (AUS),1996-2005,1996,2005,9,117,62,1793,1445,52,04-Jul,27.78,4.83,34.4,1,0,0.44,0.21,0.37,0.000
TM Moody (AUS),1987-1999,1987,1999,12,76,66,2797,2014,52,Mar-25,38.73,4.32,53.7,0,0,0.68,0.23,0.55,0.000
KA Pollard (WI),2007-2019,2007,2019,12,107,74,2116,2025,52,Mar-27,38.94,5.74,40.6,0,0,0.49,0.17,0.39,0.000
DJ Willey (ENG),2015-2019,2015,2019,4,46,45,1971,1889,52,Apr-34,36.32,5.75,37.9,2,0,1.13,0.17,0.84,0.000
A Dananjaya (SL),2012-2019,2012,2019,7,36,34,1773,1506,51,Jun-29,29.52,5.09,34.7,2,2,1.42,0.20,1.05,0.056
VC Drakes (WI),1995-2004,1995,2004,9,34,34,1640,1293,51,May-33,25.35,4.73,32.1,3,2,1.50,0.21,1.11,0.059
BJ McCarthy (IRE),2016-2019,2016,2019,3,27,27,1389,1360,51,May-46,26.66,5.87,27.2,2,1,1.89,0.17,1.37,0.037
AM Blignaut (ZIM),1999-2010,1999,2010,11,54,53,2348,2063,50,Apr-43,41.26,5.27,46.9,2,0,0.93,0.19,0.71,0.000
GJ Maxwell (AUS),2012-2019,2012,2019,7,110,86,2698,2525,50,Apr-46,50.5,5.61,53.9,2,0,0.45,0.18,0.37,0.000
JA Morkel (Afr/SA),2004-2012,2004,2012,8,58,52,2073,1899,50,Apr-29,37.98,5.49,41.4,2,0,0.86,0.18,0.66,0.000
PM Seelaar (NL),2006-2019,2006,2019,13,41,41,1901,1476,50,Apr-15,29.52,4.65,38,1,0,1.22,0.22,0.92,0.000
T Thushara (SL),2008-2010,2008,2010,2,38,38,1676,1393,50,May-47,27.86,4.98,33.5,0,1,1.32,0.20,0.98,0.026
JH Davey (SCOT),2010-2019,2010,2019,9,31,29,1301,1082,49,Jun-28,22.08,4.99,26.5,1,2,1.58,0.20,1.17,0.065
CD McMillan (NZ),1997-2007,1997,2007,10,197,74,1879,1717,49,Mar-20,35.04,5.48,38.3,0,0,0.25,0.18,0.23,0.000
AR Nurse (WI),2016-2019,2016,2019,3,54,49,2384,2125,49,Apr-51,43.36,5.34,48.6,2,0,0.91,0.19,0.69,0.000
JS Patel (NZ),2005-2017,2005,2017,12,43,42,2014,1691,49,03-Nov,34.51,5.03,41.1,0,0,1.14,0.20,0.86,0.000
GR Dilley (ENG),1979-1988,1979,1988,9,36,36,2043,1291,48,Apr-23,26.89,3.79,42.5,3,0,1.33,0.26,1.01,0.000
JK Kamande (KENYA),1999-2011,1999,2011,12,86,71,2619,2169,48,Apr-36,45.18,4.96,54.5,1,0,0.56,0.20,0.45,0.000
S Lee (AUS),1995-2001,1995,2001,6,45,43,1706,1245,48,May-33,25.93,4.37,35.5,1,1,1.07,0.23,0.82,0.022
JF Mooney (IRE),2006-2015,2006,2015,9,64,50,1797,1635,48,Apr-27,34.06,5.45,37.4,2,0,0.75,0.18,0.58,0.000
CH Morris (SA),2013-2019,2013,2019,6,42,40,1894,1756,48,Apr-31,36.58,5.56,39.4,2,0,1.14,0.18,0.85,0.000
ARC Fraser (ENG),1989-1999,1989,1999,10,42,42,2392,1412,47,Apr-22,30.04,3.54,50.8,1,0,1.12,0.28,0.87,0.000
Shahadat Hossain (BDESH),2006-2013,2006,2013,7,51,50,2198,2143,47,Mar-34,45.59,5.84,46.7,0,0,0.92,0.17,0.70,0.000
M Amarnath (INDIA),1975-1989,1975,1989,14,85,64,2730,1971,46,03-Dec,42.84,4.33,59.3,0,0,0.54,0.23,0.45,0.000
PW Borren (NL),2006-2014,2006,2014,8,58,51,1979,1620,46,Apr-32,35.21,4.91,43,1,0,0.79,0.20,0.62,0.000
N Chopra (INDIA),1998-2000,1998,2000,2,39,37,1835,1286,46,May-21,27.95,4.2,39.8,1,1,1.18,0.24,0.90,0.026
AC Evans (SCOT),2009-2019,2009,2019,10,36,35,1678,1499,46,Apr-41,32.58,5.35,36.4,2,0,1.28,0.19,0.95,0.000
NAM McLean (WI),1996-2003,1996,2003,7,45,45,2120,1729,46,Mar-21,37.58,4.89,46,0,0,1.02,0.20,0.78,0.000
Mirwais Ashraf (AFG),2009-2016,2009,2016,7,46,45,2009,1360,46,Apr-35,29.56,4.06,43.6,1,0,1.00,0.25,0.77,0.000
Mohammad Asif (Asia/PAK),2005-2010,2005,2010,5,38,36,1941,1524,46,Mar-28,33.13,4.71,42.1,0,0,1.21,0.21,0.91,0.000
SB O'Connor (NZ),1997-2000,1997,2000,3,38,38,1487,1396,46,May-39,30.34,5.63,32.3,1,2,1.21,0.18,0.90,0.053
Samiullah Shinwari (AFG),2009-2019,2009,2019,10,84,65,2111,1729,46,Apr-31,37.58,4.91,45.8,1,0,0.55,0.20,0.44,0.000
BC Strang (ZIM),1995-2001,1995,2001,6,49,48,2494,1718,46,Jun-20,37.34,4.13,54.2,1,1,0.94,0.24,0.73,0.020
MR Whitney (AUS),1983-1993,1983,1993,10,38,38,2106,1249,46,Apr-34,27.15,3.55,45.7,2,0,1.21,0.28,0.93,0.000
RDB Croft (ENG),1996-2001,1996,2001,5,50,49,2466,1743,45,Mar-51,38.73,4.24,54.8,0,0,0.90,0.24,0.70,0.000
GF Labrooy (SL),1986-1992,1986,1992,6,44,44,2308,1876,45,May-57,41.68,4.87,51.2,1,1,1.02,0.21,0.78,0.023
NO Miller (WI),2008-2018,2008,2018,10,50,46,2125,1660,45,Apr-43,36.88,4.68,47.2,2,0,0.90,0.21,0.69,0.000
CM Old (ENG),1973-1981,1973,1981,8,32,31,1755,999,45,04-Aug,22.2,3.41,39,2,0,1.41,0.29,1.07,0.000
H Osinde (CAN),2006-2013,2006,2013,7,42,41,1692,1389,45,Apr-26,30.86,4.92,37.6,2,0,1.07,0.20,0.81,0.000
AR Patel (INDIA),2014-2017,2014,2017,3,38,35,1908,1409,45,Mar-34,31.31,4.43,42.4,0,0,1.18,0.23,0.90,0.000
DN Patel (NZ),1987-1997,1987,1997,10,75,69,3251,2261,45,Mar-22,50.24,4.17,72.2,0,0,0.60,0.24,0.49,0.000
EC Rainsford (ZIM),2004-2010,2004,2010,6,39,39,1907,1401,45,May-36,31.13,4.4,42.3,1,1,1.15,0.23,0.88,0.026
Taskin Ahmed (BDESH),2014-2017,2014,2017,3,32,31,1413,1401,45,May-28,31.13,5.94,31.4,2,1,1.41,0.17,1.03,0.031
AR Whittall (ZIM),1996-2000,1996,2000,4,63,62,3085,2251,45,Mar-23,50.02,4.37,68.5,0,0,0.71,0.23,0.57,0.000
HS Baidwan (CAN),2008-2014,2008,2014,6,32,32,1551,1348,44,Mar-19,30.63,5.21,35.2,0,0,1.38,0.19,1.02,0.000
SP Davis (AUS),1986-1988,1986,1988,2,39,39,2016,1133,44,03-Oct,25.75,3.37,45.8,0,0,1.13,0.30,0.88,0.000
S Elworthy (SA),1998-2002,1998,2002,4,39,37,1702,1235,44,Mar-17,28.06,4.35,38.6,0,0,1.13,0.23,0.86,0.000
AH Gray (WI),1985-1991,1985,1991,6,25,24,1270,835,44,Jun-50,18.97,3.94,28.8,2,1,1.76,0.25,1.31,0.040
RJ Harris (AUS),2009-2012,2009,2012,3,21,20,1031,832,44,May-19,18.9,4.84,23.4,0,3,2.10,0.21,1.53,0.143
VJ Marks (ENG),1980-1988,1980,1988,8,34,32,1838,1135,44,May-20,25.79,3.7,41.7,0,2,1.29,0.27,0.99,0.059
MR Marsh (AUS),2011-2018,2011,2018,7,53,50,1700,1564,44,May-33,35.54,5.52,38.6,1,1,0.83,0.18,0.64,0.019
Nazmul Hossain (BDESH),2004-2012,2004,2012,8,38,37,1649,1386,44,Apr-40,31.5,5.04,37.4,1,0,1.16,0.20,0.87,0.000
DR Pringle (ENG),1982-1993,1982,1993,11,44,44,2379,1677,44,Apr-42,38.11,4.22,54,1,0,1.00,0.24,0.77,0.000
RP Snell (SA),1991-1996,1991,1996,5,42,42,2095,1574,44,May-40,35.77,4.5,47.6,2,1,1.05,0.22,0.80,0.024
DP Viljoen (ZIM),1997-2001,1997,2001,4,53,46,2075,1639,44,Mar-20,37.25,4.73,47.1,0,0,0.83,0.21,0.64,0.000
JC Adams (WI),1992-2001,1992,2001,9,127,56,1856,1499,43,May-37,34.86,4.84,43.1,0,1,0.34,0.21,0.30,0.008
CR Brathwaite (WI),2011-2019,2011,2019,8,44,40,1825,1766,43,May-27,41.06,5.8,42.4,2,1,0.98,0.17,0.74,0.023
CJ Jordan (ENG),2013-2016,2013,2016,3,31,31,1532,1521,43,May-29,35.37,5.95,35.6,0,1,1.39,0.17,1.02,0.032
Shapoor Zadran (AFG),2009-2019,2009,2019,10,44,44,1983,1589,43,Apr-24,36.95,4.8,46.1,2,0,0.98,0.21,0.75,0.000
PR Stirling (IRE),2008-2019,2008,2019,11,114,73,2392,1902,43,Jun-55,44.23,4.77,55.6,1,1,0.38,0.21,0.33,0.009
MA Suji (KENYA),1996-2006,1996,2006,10,64,64,2952,2190,43,Apr-24,50.93,4.45,68.6,1,0,0.67,0.22,0.54,0.000
KLT Arthurton (WI),1988-1999,1988,1999,11,105,44,1384,1159,42,Apr-31,27.59,5.02,32.9,3,0,0.40,0.20,0.34,0.000
AC Botha (IRE),2006-2011,2006,2011,5,42,33,1560,1134,42,Apr-19,27,4.36,37.1,2,0,1.00,0.23,0.77,0.000
JW Hastings (AUS),2010-2017,2010,2017,7,29,29,1486,1256,42,Jun-45,29.9,5.07,35.3,1,1,1.45,0.20,1.07,0.034
Imad Wasim (PAK),2015-2019,2015,2019,4,53,51,2313,1865,42,May-14,44.4,4.83,55,0,1,0.79,0.21,0.62,0.019
AR McBrine (IRE),2014-2019,2014,2019,5,42,40,2045,1489,42,Mar-38,35.45,4.36,48.6,0,0,1.00,0.23,0.77,0.000
SA Thomson (NZ),1990-1996,1990,1996,6,56,51,2121,1602,42,Mar-14,38.14,4.53,50.5,0,0,0.75,0.22,0.59,0.000
Aftab Alam (AFG),2010-2019,2010,2019,9,27,27,1257,1033,41,Apr-25,25.19,4.93,30.6,1,0,1.52,0.20,1.12,0.000
JAR Blain (SCOT),1999-2009,1999,2009,10,33,32,1329,1173,41,May-22,28.6,5.29,32.4,1,1,1.24,0.19,0.93,0.030
DG Cork (ENG),1992-2002,1992,2002,10,32,32,1772,1368,41,Mar-27,33.36,4.63,43.2,0,0,1.28,0.22,0.96,0.000
CE Cuffy (WI),1994-2002,1994,2002,8,41,41,2153,1436,41,Apr-24,35.02,4,52.5,1,0,1.00,0.25,0.78,0.000
S Dhaniram (CAN),2006-2010,2006,2010,4,44,41,1769,1240,41,May-32,30.24,4.2,43.1,1,1,0.93,0.24,0.72,0.023
SM Ervine (ZIM),2001-2004,2001,2004,3,42,40,1649,1561,41,Mar-29,38.07,5.67,40.2,0,0,0.98,0.18,0.74,0.000
HA Gomes (WI),1978-1987,1978,1987,9,83,36,1345,1045,41,Apr-31,25.48,4.66,32.8,2,0,0.49,0.21,0.41,0.000
AF Milne (NZ),2012-2017,2012,2017,5,40,39,1801,1581,41,Mar-49,38.56,5.26,43.9,0,0,1.03,0.19,0.77,0.000
L Ngidi (SA),2018-2019,2018,2019,1,22,22,1026,947,41,Apr-51,23.09,5.53,25,2,0,1.86,0.18,1.36,0.000
VD Philander (SA),2007-2015,2007,2015,8,30,28,1279,986,41,04-Dec,24.04,4.62,31.1,2,0,1.37,0.22,1.02,0.000
Amir Hamza (AFG),2012-2017,2012,2017,5,31,31,1552,1016,40,Apr-17,25.4,3.92,38.8,1,0,1.29,0.26,0.98,0.000
RP Arnold (SL),1997-2007,1997,2007,10,180,84,2157,1739,40,Mar-47,43.47,4.83,53.9,0,0,0.22,0.21,0.22,0.000
RS Bopara (ENG),2007-2015,2007,2015,8,120,74,1860,1523,40,Apr-38,38.07,4.91,46.5,1,0,0.33,0.20,0.29,0.000
Saleem Jaffar (PAK),1986-1990,1986,1990,4,39,39,1900,1382,40,Mar-25,34.55,4.36,47.5,0,0,1.03,0.23,0.79,0.000
Shaheen Shah Afridi (PAK),2018-2019,2018,2019,1,19,18,924,847,40,Jun-35,21.17,5.5,23.1,4,1,2.11,0.18,1.53,0.053
SJ Benn (WI),2008-2016,2008,2016,8,47,46,2387,1913,39,Apr-18,49.05,4.8,61.2,3,0,0.83,0.21,0.64,0.000
PT Collins (WI),1999-2005,1999,2005,6,30,30,1577,1212,39,May-43,31.07,4.61,40.4,0,1,1.30,0.22,0.98,0.033
SS Cottrell (WI),2015-2019,2015,2019,4,30,28,1314,1293,39,May-46,33.15,5.9,33.6,1,1,1.30,0.17,0.96,0.033
WW Davis (WI),1983-1988,1983,1988,5,35,35,1923,1302,39,Jul-51,33.38,4.06,49.3,0,1,1.11,0.25,0.85,0.029
GD Elliott (NZ),2008-2016,2008,2016,8,83,56,1302,1179,39,Apr-31,30.23,5.43,33.3,1,0,0.47,0.18,0.38,0.000
WK McCallan (IRE),2006-2009,2006,2009,3,39,35,1804,1208,39,Apr-30,30.97,4.01,46.2,2,0,1.00,0.25,0.77,0.000
H Masakadza (ZIM),2001-2019,2001,2019,18,209,85,1844,1636,39,Mar-39,41.94,5.32,47.2,0,0,0.19,0.19,0.19,0.000
TBA May (AUS),1987-1995,1987,1995,8,47,46,2504,1772,39,Mar-19,45.43,4.24,64.2,0,0,0.83,0.24,0.65,0.000
MO Odumbe (KENYA),1996-2003,1996,2003,7,61,52,2237,1807,39,Apr-38,46.33,4.84,57.3,1,0,0.64,0.21,0.51,0.000
IS Sodhi (NZ),2015-2019,2015,2019,4,31,30,1548,1430,39,Apr-58,36.66,5.54,39.6,1,0,1.26,0.18,0.93,0.000
Akram Raza (PAK),1989-1995,1989,1995,6,49,48,2601,1611,38,Mar-18,42.39,3.71,68.4,0,0,0.78,0.27,0.62,0.000
D Bishoo (WI),2011-2019,2011,2019,8,42,40,2022,1668,38,Mar-30,43.89,4.94,53.2,0,0,0.90,0.20,0.69,0.000
MG Hughes (AUS),1988-1993,1988,1993,5,33,33,1639,1115,38,Apr-44,29.34,4.08,43.1,1,0,1.15,0.25,0.88,0.000
AJ Ireland (ZIM),2005-2007,2005,2007,2,26,26,1326,1115,38,Mar-41,29.34,5.04,34.8,0,0,1.46,0.20,1.08,0.000
Nadeem Ahmed (HKG),2004-2018,2004,2018,14,25,25,1327,932,38,Apr-26,24.52,4.21,34.9,4,0,1.52,0.24,1.14,0.000
Rohan Mustafa (UAE),2014-2019,2014,2019,5,34,33,1583,1245,38,May-25,32.76,4.71,41.6,1,1,1.12,0.21,0.85,0.029
R Vinay Kumar (INDIA),2010-2013,2010,2013,3,31,31,1436,1423,38,Apr-30,37.44,5.94,37.7,1,0,1.23,0.17,0.91,0.000
TJ Friend (ZIM),2000-2004,2000,2004,4,51,45,1930,1779,37,Apr-55,48.08,5.53,52.1,1,0,0.73,0.18,0.56,0.000
MR Gillespie (NZ),2006-2009,2006,2009,3,32,31,1521,1369,37,Apr-58,37,5.4,41.1,1,0,1.16,0.19,0.86,0.000
EE Hemmings (ENG),1982-1991,1982,1991,9,33,32,1752,1294,37,Apr-52,34.97,4.43,47.3,1,0,1.12,0.23,0.85,0.000
M Kartik (INDIA),2002-2007,2002,2007,5,37,36,1907,1612,37,Jun-27,43.56,5.07,51.5,0,1,1.00,0.20,0.76,0.027
Mehidy Hasan Miraz (BDESH),2017-2019,2017,2019,2,38,37,1957,1520,37,Apr-29,41.08,4.66,52.8,1,0,0.97,0.21,0.75,0.000
KS Williamson (NZ),2010-2019,2010,2019,9,149,65,1467,1310,37,Apr-22,35.4,5.35,39.6,1,0,0.25,0.19,0.23,0.000
HMCM Bandara (SL),2006-2010,2006,2010,4,31,28,1470,1232,36,Apr-31,34.22,5.02,40.8,2,0,1.16,0.20,0.87,0.000
EAE Baptiste (WI),1983-1990,1983,1990,7,43,43,2214,1511,36,02-Oct,41.97,4.09,61.5,0,0,0.84,0.24,0.66,0.000
MG Bevan (AUS),1994-2004,1994,2004,10,232,67,1966,1655,36,Mar-36,45.97,5.05,54.6,0,0,0.16,0.20,0.17,0.000
JM Davison (CAN),2003-2011,2003,2011,8,32,31,1435,1067,36,Mar-15,29.63,4.46,39.8,0,0,1.13,0.22,0.85,0.000
AIC Dodemaide (AUS),1988-1993,1988,1993,5,24,24,1327,753,36,May-21,20.91,3.4,36.8,1,1,1.50,0.29,1.14,0.042
SB Doull (NZ),1992-2000,1992,2000,8,42,42,1745,1459,36,Apr-25,40.52,5.01,48.4,1,0,0.86,0.20,0.66,0.000
GA Gooch (ENG),1976-1995,1976,1995,19,125,60,2066,1516,36,Mar-19,42.11,4.4,57.3,0,0,0.29,0.23,0.27,0.000
S Randiv (SL),2009-2016,2009,2016,7,31,29,1437,1214,36,May-42,33.72,5.06,39.9,0,1,1.16,0.20,0.87,0.032
Khurram Chohan (CAN),2009-2014,2009,2014,5,25,24,1186,1029,36,May-68,28.58,5.2,32.9,3,1,1.44,0.19,1.07,0.040
SK Raina (INDIA),2005-2018,2005,2018,13,226,101,2126,1811,36,Mar-34,50.3,5.11,59,0,0,0.16,0.20,0.17,0.000
I Wardlaw (SCOT),2013-2015,2013,2015,2,22,21,1108,1036,36,Apr-22,28.77,5.61,30.7,2,0,1.64,0.18,1.20,0.000
CJ Chibhabha (ZIM),2005-2018,2005,2018,13,103,58,1667,1615,35,Apr-25,46.14,5.81,47.6,1,0,0.34,0.17,0.29,0.000
M Hendrick (ENG),1973-1981,1973,1981,8,22,22,1248,681,35,May-31,19.45,3.27,35.6,2,1,1.59,0.31,1.21,0.045
NC Johnson (ZIM),1998-2000,1998,2000,2,48,39,1503,1220,35,Apr-42,34.85,4.87,42.9,1,0,0.73,0.21,0.57,0.000
Naeem Islam (BDESH),2008-2014,2008,2014,6,59,48,1743,1407,35,Mar-32,40.2,4.84,49.8,0,0,0.59,0.21,0.48,0.000
CO Obuya (KENYA),2001-2014,2001,2014,13,104,49,1818,1637,35,May-24,46.77,5.4,51.9,0,1,0.34,0.19,0.29,0.010
MRJ Watt (SCOT),2016-2019,2016,2019,3,27,27,1443,1033,35,Apr-42,29.51,4.29,41.2,1,0,1.30,0.23,0.98,0.000
BA Williams (AUS),2002-2004,2002,2004,2,25,24,1203,814,35,May-22,23.25,4.05,34.3,1,2,1.40,0.25,1.05,0.080
KJ Abbott (SA),2013-2016,2013,2016,3,28,27,1303,1051,34,Apr-21,30.91,4.83,38.3,2,0,1.21,0.21,0.91,0.000
L Balaji (INDIA),2002-2009,2002,2009,7,30,30,1447,1344,34,Apr-48,39.52,5.57,42.5,1,0,1.13,0.18,0.85,0.000
TL Best (WI),2004-2014,2004,2014,10,26,26,1300,1157,34,Apr-35,34.02,5.34,38.2,2,0,1.31,0.19,0.97,0.000
PKD Chase (IRE),2015-2018,2015,2018,3,25,24,1238,1356,34,Mar-33,39.88,6.57,36.4,0,0,1.36,0.15,1.00,0.000
OD Gibson (WI),1995-1997,1995,1997,2,15,15,739,621,34,May-40,18.26,5.04,21.7,2,2,2.27,0.20,1.65,0.133
VB John (SL),1982-1987,1982,1987,5,45,45,2311,1655,34,Mar-28,48.67,4.29,67.9,0,0,0.76,0.23,0.60,0.000
RDM Leverock (BMUDA),2006-2009,2006,2009,3,32,32,1684,1123,34,May-53,33.02,4,49.5,0,1,1.06,0.25,0.82,0.031
RR Powar (INDIA),2004-2007,2004,2007,3,31,29,1536,1191,34,Mar-24,35.02,4.65,45.1,0,0,1.10,0.22,0.83,0.000
JA Rennie (ZIM),1993-2000,1993,2000,7,44,43,1965,1564,34,Mar-27,46,4.77,57.7,0,0,0.77,0.21,0.60,0.000
KW Richardson (AUS),2013-2019,2013,2019,6,22,22,1143,1061,34,May-68,31.2,5.56,33.6,0,1,1.55,0.18,1.14,0.045
Tahir Naqqash (PAK),1980-1985,1980,1985,5,40,37,1596,1240,34,Mar-23,36.47,4.66,46.9,0,0,0.85,0.21,0.66,0.000
Usman Shinwari (PAK),2017-2019,2017,2019,2,17,17,768,633,34,May-34,18.61,4.94,22.5,3,2,2.00,0.20,1.46,0.118
N Vanua (PNG),2014-2019,2014,2019,5,23,23,1060,900,34,Apr-24,26.47,5.09,31.1,4,0,1.48,0.20,1.09,0.000
KCG Benjamin (WI),1992-1996,1992,1996,4,26,26,1319,923,33,Mar-34,27.96,4.19,39.9,0,0,1.27,0.24,0.96,0.000
U Bhatti (CAN),2006-2010,2006,2010,4,36,35,1630,1149,33,Apr-45,34.81,4.22,49.3,1,0,0.92,0.24,0.71,0.000
JG Bracewell (NZ),1983-1990,1983,1990,7,53,50,2447,1884,33,02-Mar,57.09,4.61,74.1,0,0,0.62,0.22,0.50,0.000
ST Gabriel (WI),2016-2019,2016,2019,3,25,25,1148,1134,33,Mar-17,34.36,5.92,34.7,0,0,1.32,0.17,0.97,0.000
YK Pathan (INDIA),2008-2012,2008,2012,4,57,50,1490,1365,33,Mar-49,41.36,5.49,45.1,0,0,0.58,0.18,0.46,0.000
E Schiferli (NL),2002-2013,2002,2013,11,30,30,1294,1008,33,Apr-23,30.54,4.67,39.2,3,0,1.10,0.21,0.83,0.000
Shabbir Ahmed (PAK),1999-2005,1999,2005,6,32,32,1642,1192,33,Mar-32,36.12,4.35,49.7,0,0,1.03,0.23,0.79,0.000
Sikander Bakht (PAK),1977-1989,1977,1989,12,27,27,1277,860,33,Apr-34,26.06,4.04,38.6,1,0,1.22,0.25,0.93,0.000
EO Simons (SA),1994-1995,1994,1995,1,23,23,1212,810,33,Apr-42,24.54,4,36.7,1,0,1.43,0.25,1.08,0.000
MP Stoinis (AUS),2015-2019,2015,2019,4,41,39,1414,1446,33,Mar-16,43.81,6.13,42.8,0,0,0.80,0.16,0.61,0.000
SD Anurasiri (SL),1986-1994,1986,1994,8,45,43,2100,1464,32,Mar-40,45.75,4.18,65.6,0,0,0.71,0.24,0.57,0.000
RD Berrington (SCOT),2008-2019,2008,2019,11,78,51,1394,1228,32,Apr-40,38.37,5.28,43.5,1,0,0.41,0.19,0.34,0.000
PP Chawla (INDIA),2007-2011,2007,2011,4,25,25,1312,1117,32,Apr-23,34.9,5.1,41,2,0,1.28,0.20,0.95,0.000
AC Dale (AUS),1997-2000,1997,2000,3,30,30,1596,979,32,Mar-18,30.59,3.68,49.8,0,0,1.07,0.27,0.83,0.000
DS de Silva (SL),1975-1985,1975,1985,10,41,40,2076,1557,32,Mar-29,48.65,4.5,64.8,0,0,0.78,0.22,0.61,0.000
MJ Hoggard (ENG),2001-2006,2001,2006,5,26,26,1306,1152,32,May-49,36,5.29,40.8,0,1,1.23,0.19,0.92,0.038
AJ Hollioake (ENG),1996-1999,1996,1999,3,35,32,1208,1019,32,Apr-23,31.84,5.06,37.7,2,0,0.91,0.20,0.70,0.000
Imran Haider (UAE),2017-2019,2017,2019,2,20,20,943,841,32,Apr-25,26.28,5.35,29.4,2,0,1.60,0.19,1.18,0.000
JM Kemp (Afr/SA),2001-2007,2001,2007,6,85,48,1303,1015,32,Mar-20,31.71,4.67,40.7,0,0,0.38,0.21,0.33,0.000
KTGD Prasad (SL),2006-2015,2006,2015,9,24,24,1015,976,32,Mar-17,30.5,5.76,31.7,0,0,1.33,0.17,0.99,0.000
S Prasanna (SL),2011-2019,2011,2019,8,40,39,1945,1767,32,Mar-32,55.21,5.45,60.7,0,0,0.80,0.18,0.62,0.000
Rizwan Cheema (CAN),2008-2013,2008,2013,5,33,32,1330,1095,32,Mar-25,34.21,4.93,41.5,0,0,0.97,0.20,0.74,0.000
GB Troup (NZ),1976-1985,1976,1985,9,22,22,1180,791,32,Apr-19,24.71,4.02,36.8,3,0,1.45,0.25,1.09,0.000
DL Underwood (ENG),1973-1982,1973,1982,9,26,24,1278,734,32,Apr-44,22.93,3.44,39.9,1,0,1.23,0.29,0.95,0.000
BV Vitori (ZIM),2011-2018,2011,2018,7,24,24,1193,1149,32,May-20,35.9,5.77,37.2,0,2,1.33,0.17,0.99,0.083
Arshad Ayub (INDIA),1987-1990,1987,1990,3,32,32,1769,1216,31,May-21,39.22,4.12,57,0,1,0.97,0.24,0.75,0.031
JW Dernbach (ENG),2011-2013,2011,2013,2,24,24,1234,1308,31,Apr-45,42.19,6.35,39.8,1,0,1.29,0.16,0.95,0.000
KS Lokuarachchi (SL),2003-2007,2003,2007,4,21,21,1011,725,31,Apr-44,23.38,4.3,32.6,1,0,1.48,0.23,1.10,0.000
MJ Mason (NZ),2003-2010,2003,2010,7,26,25,1179,1024,31,Apr-24,33.03,5.21,38,1,0,1.19,0.19,0.89,0.000
MM Sharma (INDIA),2013-2015,2013,2015,2,26,25,1121,1020,31,Apr-22,32.9,5.45,36.1,1,0,1.19,0.18,0.89,0.000
Zahoor Khan (UAE),2017-2019,2017,2019,2,17,17,750,703,31,Jun-34,22.67,5.62,24.1,0,1,1.82,0.18,1.33,0.059
Abdur Rehman (PAK),2006-2014,2006,2014,8,31,31,1624,1142,30,Apr-48,38.06,4.21,54.1,1,0,0.97,0.24,0.75,0.000
CEH Croft (WI),1977-1981,1977,1981,4,19,19,1070,620,30,Jun-15,20.66,3.47,35.6,0,1,1.58,0.29,1.19,0.053
GA Hick (ENG),1991-2001,1991,2001,10,120,47,1236,1026,30,May-33,34.2,4.98,41.2,0,1,0.25,0.20,0.24,0.008
RK Illingworth (ENG),1991-1996,1991,1996,5,25,25,1501,1059,30,Mar-33,35.3,4.23,50,0,0,1.20,0.24,0.91,0.000
AS Joseph (WI),2016-2019,2016,2019,3,22,21,1033,1107,30,May-56,36.9,6.42,34.4,1,1,1.36,0.16,1.00,0.045
SI Mahmood (ENG),2004-2009,2004,2009,5,26,25,1197,1169,30,Apr-50,38.96,5.85,39.9,1,0,1.15,0.17,0.86,0.000
DA Marillier (ZIM),2000-2003,2000,2003,3,48,35,1574,1235,30,Apr-38,41.16,4.7,52.4,1,0,0.63,0.21,0.50,0.000
PR Adams (SA),1996-2003,1996,2003,7,24,23,1109,815,29,Mar-26,28.1,4.4,38.2,0,0,1.21,0.23,0.91,0.000
RK Chauhan (INDIA),1993-1997,1993,1997,4,35,34,1634,1216,29,Mar-29,41.93,4.46,56.3,0,0,0.83,0.22,0.65,0.000
MD Crowe (NZ),1982-1995,1982,1995,13,143,46,1296,954,29,02-Sep,32.89,4.41,44.6,0,0,0.20,0.23,0.21,0.000
TBM de Leede (NL),1996-2007,1996,2007,11,29,29,1139,999,29,Apr-35,34.44,5.26,39.2,1,0,1.00,0.19,0.76,0.000
Ehsan Khan (HKG),2016-2018,2016,2018,2,15,15,807,594,29,Apr-33,20.48,4.41,27.8,1,0,1.93,0.23,1.42,0.000
Hasibul Hossain (BDESH),1995-2004,1995,2004,9,32,32,1375,1338,29,Apr-56,46.13,5.83,47.4,1,0,0.91,0.17,0.69,0.000
BW Hilfenhaus (AUS),2007-2012,2007,2012,5,25,25,1216,1075,29,May-33,37.06,5.3,41.9,0,1,1.16,0.19,0.87,0.040
NM Lyon (AUS),2012-2019,2012,2019,7,29,29,1626,1334,29,Apr-44,46,4.92,56,1,0,1.00,0.20,0.76,0.000
Manzoor Elahi (PAK),1984-1995,1984,1995,11,54,49,1743,1262,29,Mar-22,43.51,4.34,60.1,0,0,0.54,0.23,0.45,0.000
BA Murphy (ZIM),2000-2003,2000,2003,3,31,29,1422,1130,29,Mar-43,38.96,4.76,49,0,0,0.94,0.21,0.72,0.000
D Pretorius (SA),2016-2019,2016,2019,3,22,22,1022,813,29,03-May,28.03,4.77,35.2,0,0,1.32,0.21,0.99,0.000
FA Rose (WI),1997-2000,1997,2000,3,27,27,1326,1046,29,May-23,36.06,4.73,45.7,0,1,1.07,0.21,0.82,0.037
RJ Sidebottom (ENG),2001-2010,2001,2010,9,25,25,1277,1039,29,Mar-19,35.82,4.88,44,0,0,1.16,0.20,0.87,0.000
CM Wright (SCOT),2006-2009,2006,2009,3,20,19,861,663,29,Apr-29,22.86,4.62,29.6,1,0,1.45,0.22,1.08,0.000
Ahmed Raza (UAE),2014-2019,2014,2019,5,28,28,1505,1011,28,Apr-37,36.1,4.03,53.7,1,0,1.00,0.25,0.77,0.000
IG Butler (NZ),2002-2010,2002,2010,8,26,25,1109,1038,28,Apr-44,37.07,5.61,39.6,1,0,1.08,0.18,0.81,0.000
WW Hinds (WI),1999-2010,1999,2010,11,119,34,945,837,28,Mar-24,29.89,5.31,33.7,0,0,0.24,0.19,0.22,0.000
BMAJ Mendis (SL),2010-2019,2010,2019,9,58,49,1404,1204,28,Mar-15,43,5.14,50.1,0,0,0.48,0.19,0.40,0.000
SPD Smith (AUS),2010-2019,2010,2019,9,118,39,1070,963,28,Mar-16,34.39,5.4,38.2,0,0,0.24,0.19,0.22,0.000
DT Tiripano (ZIM),2014-2019,2014,2019,5,31,29,1220,1122,28,May-63,40.07,5.51,43.5,0,1,0.90,0.18,0.69,0.032
Ata-ur-Rehman (PAK),1992-1996,1992,1996,4,30,30,1492,1186,27,Mar-27,43.92,4.76,55.2,0,0,0.90,0.21,0.69,0.000
HK Bennett (NZ),2010-2017,2010,2017,7,16,15,718,621,27,Apr-16,23,5.18,26.5,2,0,1.69,0.19,1.24,0.000
TK Curran (ENG),2017-2019,2017,2019,2,17,17,762,805,27,May-35,29.81,6.33,28.2,1,1,1.59,0.16,1.16,0.059
PW Gunaratne (SL),2002-2003,2002,2003,1,23,23,959,908,27,Apr-44,33.62,5.68,35.5,1,0,1.17,0.18,0.87,0.000
KM Jadhav (INDIA),2014-2019,2014,2019,5,71,42,1187,1020,27,Mar-23,37.77,5.15,43.9,0,0,0.38,0.19,0.32,0.000
AY Karim (KENYA),1996-2003,1996,2003,7,34,33,1568,1114,27,May-33,41.25,4.26,58,0,1,0.79,0.23,0.63,0.029
AJ McKay (NZ),2010-2012,2010,2012,2,19,19,926,800,27,Apr-53,29.62,5.18,34.2,2,0,1.42,0.19,1.05,0.000
PJ Martin (ENG),1995-1998,1995,1998,3,20,20,1048,806,27,Apr-44,29.85,4.61,38.8,1,0,1.35,0.22,1.01,0.000
RAP Nissanka (SL),2001-2003,2001,2003,2,23,23,997,857,27,04-Dec,31.74,5.15,36.9,1,0,1.17,0.19,0.88,0.000
A Vala (PNG),2014-2019,2014,2019,5,27,26,1038,648,27,Mar-20,24,3.74,38.4,0,0,1.00,0.27,0.78,0.000
CA Young (IRE),2014-2017,2014,2017,3,13,12,657,563,27,May-46,20.85,5.14,24.3,0,1,2.08,0.19,1.51,0.077
PH Edmonds (ENG),1977-1987,1977,1987,10,29,27,1534,965,26,Mar-39,37.11,3.77,59,0,0,0.90,0.27,0.71,0.000
AP Gurusinha (SL),1985-1996,1985,1996,11,147,55,1585,1354,26,Feb-25,52.07,5.12,60.9,0,0,0.18,0.20,0.18,0.000
LN Onyango (KENYA),1996-2014,1996,2014,18,29,28,995,981,26,Mar-29,37.73,5.91,38.2,0,0,0.90,0.17,0.68,0.000
AM Phangiso (SA),2013-2016,2013,2016,3,21,21,1085,829,26,Mar-40,31.88,4.58,41.7,0,0,1.24,0.22,0.93,0.000
DN Crookes (SA),1994-2000,1994,2000,6,32,30,1221,1011,25,Mar-30,40.44,4.96,48.8,0,0,0.78,0.20,0.61,0.000
GD Drummond (SCOT),2007-2013,2007,2013,6,30,29,1263,932,25,Apr-41,37.28,4.42,50.5,1,0,0.83,0.23,0.65,0.000
LM Jongwe (ZIM),2014-2016,2014,2016,2,22,22,863,759,25,05-Jun,30.36,5.27,34.5,0,1,1.14,0.19,0.85,0.045
A Kuruvilla (INDIA),1997-1997,1997,1997,0,25,25,1131,890,25,Apr-43,35.6,4.72,45.2,1,0,1.00,0.21,0.76,0.000
D Langford-Smith (IRE),2006-2008,2006,2008,2,22,21,942,797,25,Mar-32,31.88,5.07,37.6,0,0,1.14,0.20,0.85,0.000
SW Masakadza (ZIM),2010-2014,2010,2014,4,16,16,791,891,25,Apr-46,35.64,6.75,31.6,3,0,1.56,0.15,1.14,0.000
G Miller (ENG),1977-1984,1977,1984,7,25,24,1268,813,25,Mar-27,32.52,3.84,50.7,0,0,1.00,0.26,0.78,0.000
CA Soper (PNG),2016-2019,2016,2019,3,20,20,900,733,25,Jun-41,29.32,4.88,36,0,1,1.25,0.20,0.94,0.050
K Srikkanth (INDIA),1981-1992,1981,1992,11,146,33,712,641,25,May-27,25.64,5.4,28.4,0,2,0.17,0.19,0.18,0.014
AR White (IRE),2006-2014,2006,2014,8,61,35,869,688,25,Apr-44,27.52,4.75,34.7,1,0,0.41,0.21,0.35,0.000
KIW Wijegunawardene (SL),1988-1992,1988,1992,4,26,25,1186,986,25,Apr-49,39.44,4.98,47.4,1,0,0.96,0.20,0.73,0.000
Alok Kapali (BDESH),2002-2011,2002,2011,9,69,49,1452,1255,24,Mar-49,52.29,5.18,60.5,0,0,0.35,0.19,0.30,0.000
Arafat Sunny (BDESH),2014-2015,2014,2015,1,16,16,830,600,24,Apr-27,25,4.33,34.5,2,0,1.50,0.23,1.12,0.000
ID Blackwell (ENG),2002-2006,2002,2006,4,34,26,1230,877,24,Mar-26,36.54,4.27,51.2,0,0,0.71,0.23,0.56,0.000
C de Grandhomme (NZ),2012-2019,2012,2019,7,38,38,1296,1046,24,Mar-26,43.58,4.84,54,0,0,0.63,0.21,0.50,0.000
Harvinder Singh (INDIA),1997-2001,1997,2001,4,16,16,686,609,24,Mar-44,25.37,5.32,28.5,0,0,1.50,0.19,1.11,0.000
RC Irani (ENG),1996-2003,1996,2003,7,31,30,1283,989,24,May-26,41.2,4.62,53.4,1,1,0.77,0.22,0.61,0.032
PW Jarvis (ENG),1988-1993,1988,1993,5,16,16,879,672,24,May-35,28,4.58,36.6,1,1,1.50,0.22,1.12,0.063
MBS Jonkman (NL),2006-2010,2006,2010,4,16,16,719,565,24,Mar-24,23.54,4.71,29.9,0,0,1.50,0.21,1.11,0.000
JK Lever (ENG),1976-1982,1976,1982,6,22,22,1152,713,24,Apr-29,29.7,3.71,48,1,0,1.09,0.27,0.84,0.000
Manjural Islam (BDESH),1999-2003,1999,2003,4,34,34,1591,1284,24,Mar-37,53.5,4.84,66.2,0,0,0.71,0.21,0.56,0.000
Mohammad Saifuddin (BDESH),2017-2019,2017,2019,2,20,20,912,909,24,Mar-45,37.87,5.98,38,0,0,1.20,0.17,0.89,0.000
Nasir Hossain (BDESH),2011-2018,2011,2018,7,65,43,1256,988,24,Mar-26,41.16,4.71,52.3,0,0,0.37,0.21,0.32,0.000
MS Panesar (ENG),2007-2007,2007,2007,0,26,26,1308,980,24,Mar-25,40.83,4.49,54.5,0,0,0.92,0.22,0.71,0.000
SR Patel (ENG),2008-2013,2008,2013,5,36,32,1187,1091,24,May-41,45.45,5.51,49.4,0,1,0.67,0.18,0.52,0.028
KR Pushpakumara (SL),1994-1999,1994,1999,5,31,31,1430,1181,24,Mar-25,49.2,4.95,59.5,0,0,0.77,0.20,0.60,0.000
JA Richardson (AUS),2018-2019,2018,2019,1,12,12,648,632,24,Apr-26,26.33,5.85,27,1,0,2.00,0.17,1.45,0.000
O Thomas (WI),2018-2019,2018,2019,1,19,18,716,825,24,May-21,34.37,6.91,29.8,1,1,1.26,0.14,0.93,0.053
Yasir Shah (PAK),2011-2019,2011,2019,8,25,24,1293,1150,24,Jun-26,47.91,5.33,53.8,1,1,0.96,0.19,0.73,0.040
Aizaz Cheema (PAK),2011-2012,2011,2012,1,14,14,658,593,23,Apr-43,25.78,5.4,28.6,2,0,1.64,0.19,1.21,0.000
JC Archer (ENG),2019-2019,2019,2019,0,14,14,737,569,23,Mar-27,24.73,4.63,32,0,0,1.64,0.22,1.21,0.000
DAJ Bracewell (NZ),2011-2019,2011,2019,8,19,19,932,798,23,Apr-55,34.69,5.13,40.5,1,0,1.21,0.19,0.91,0.000
NG Cowans (ENG),1983-1985,1983,1985,2,23,23,1282,913,23,Mar-44,39.69,4.27,55.7,0,0,1.00,0.23,0.77,0.000
KM Dabengwa (ZIM),2005-2010,2005,2010,5,37,35,1109,936,23,Mar-15,40.69,5.06,48.2,0,0,0.62,0.20,0.49,0.000
WW Daniel (WI),1978-1984,1978,1984,6,18,18,912,595,23,Mar-27,25.86,3.91,39.6,0,0,1.28,0.26,0.97,0.000
SR Gillespie (NZ),1986-1988,1986,1988,2,19,19,963,736,23,Apr-30,32,4.58,41.8,1,0,1.21,0.22,0.91,0.000
G Goudie (SCOT),2008-2013,2008,2013,5,16,16,729,623,23,May-73,27.08,5.12,31.6,0,1,1.44,0.20,1.06,0.063
ND Hirwani (INDIA),1988-1992,1988,1992,4,18,18,960,719,23,Apr-43,31.26,4.49,41.7,3,0,1.28,0.22,0.96,0.000
TG Hogan (AUS),1983-1984,1983,1984,1,16,15,917,574,23,Apr-33,24.95,3.75,39.8,1,0,1.44,0.27,1.09,0.000
KAD Hurdle (BMUDA),2006-2007,2006,2007,1,19,19,905,831,23,Mar-24,36.13,5.5,39.3,0,0,1.21,0.18,0.90,0.000
Manjural Islam Rana (BDESH),2003-2006,2003,2006,3,25,23,996,689,23,Apr-34,29.95,4.15,43.3,2,0,0.92,0.24,0.72,0.000
S Mukuddem (BMUDA),2006-2007,2006,2007,1,20,20,960,752,23,Apr-40,32.69,4.7,41.7,1,0,1.15,0.21,0.87,0.000
BTJ Wheal (SCOT),2016-2019,2016,2019,3,13,13,687,508,23,Mar-34,22.08,4.43,29.8,0,0,1.77,0.23,1.31,0.000
DR Brown (ENG/SCOT),1997-2007,1997,2007,10,25,25,953,919,22,Mar-37,41.77,5.78,43.3,0,0,0.88,0.17,0.67,0.000
DM de Silva (SL),2016-2019,2016,2019,3,42,35,1028,899,22,Mar-32,40.86,5.24,46.7,0,0,0.52,0.19,0.42,0.000
DR Doshi (INDIA),1980-1982,1980,1982,2,15,15,792,524,22,Apr-30,23.81,3.96,36,2,0,1.47,0.25,1.10,0.000
Farhad Reza (BDESH),2006-2011,2006,2011,5,34,32,1139,1017,22,May-42,46.22,5.35,51.7,0,1,0.65,0.19,0.51,0.029
DAS Gunaratne (SL),2016-2019,2016,2019,3,31,25,834,723,22,03-Oct,32.86,5.2,37.9,0,0,0.71,0.19,0.55,0.000
BP Julian (AUS),1993-1999,1993,1999,6,25,25,1146,997,22,Mar-40,45.31,5.21,52,0,0,0.88,0.19,0.67,0.000
RN Lewis (WI),1997-2009,1997,2009,12,28,25,1150,983,22,Mar-43,44.68,5.12,52.2,0,0,0.79,0.20,0.61,0.000
ML Nkala (ZIM),1998-2006,1998,2006,8,50,46,1582,1570,22,03-Dec,71.36,5.95,71.9,0,0,0.44,0.17,0.36,0.000
E Otieno (KENYA),2007-2014,2007,2014,7,26,25,954,927,22,Apr-33,42.13,5.83,43.3,1,0,0.85,0.17,0.64,0.000
MW Pringle (SA),1992-1994,1992,1994,2,17,17,870,604,22,04-Nov,27.45,4.16,39.5,1,0,1.29,0.24,0.98,0.000
JE Root (ENG),2013-2019,2013,2019,6,143,64,1414,1364,22,Mar-52,62,5.78,64.2,0,0,0.15,0.17,0.16,0.000
SK Sharma (INDIA),1988-1990,1988,1990,2,23,22,979,813,22,May-26,36.95,4.98,44.5,0,1,0.96,0.20,0.73,0.043
Sohag Gazi (BDESH),2012-2014,2012,2014,2,20,19,919,722,22,Apr-29,32.81,4.71,41.7,1,0,1.10,0.21,0.83,0.000
WF Stelling (NL),2006-2007,2006,2007,1,15,15,699,567,22,03-Dec,25.77,4.86,31.7,0,0,1.47,0.21,1.09,0.000
Al-Amin Hossain (BDESH),2014-2015,2014,2015,1,14,14,603,523,21,Apr-51,24.9,5.2,28.7,2,0,1.50,0.19,1.11,0.000
JT Ball (ENG),2016-2018,2016,2018,2,18,18,947,980,21,May-51,46.66,6.2,45,0,1,1.17,0.16,0.87,0.056
DH Brain (ZIM),1992-1995,1992,1995,3,23,23,1091,849,21,Mar-51,40.42,4.66,51.9,0,0,0.91,0.21,0.70,0.000
AC Dawson (SA),1998-2004,1998,2004,6,19,19,901,715,21,Apr-49,34.04,4.76,42.9,1,0,1.11,0.21,0.84,0.000
RMS Eranga (SL),2011-2016,2011,2016,5,19,17,716,686,21,Mar-46,32.66,5.74,34,0,0,1.11,0.17,0.83,0.000
CN Evans (ZIM),1992-2002,1992,2002,10,53,34,964,848,21,03-Nov,40.38,5.27,45.9,0,0,0.40,0.19,0.33,0.000
M Hayward (SA),1998-2002,1998,2002,4,21,21,993,858,21,Apr-31,40.85,5.18,47.2,1,0,1.00,0.19,0.76,0.000
NB Mahwire (ZIM),2004-2006,2004,2006,2,23,21,885,775,21,Mar-29,36.9,5.25,42.1,0,0,0.91,0.19,0.70,0.000
WP Masakadza (ZIM),2015-2018,2015,2018,3,17,16,859,734,21,Apr-21,34.95,5.12,40.9,1,0,1.24,0.20,0.92,0.000
Mohsin Kamal (PAK),1984-1989,1984,1989,5,19,19,881,760,21,Apr-47,36.19,5.17,41.9,1,0,1.11,0.19,0.83,0.000
PP Ojha (INDIA),2008-2012,2008,2012,4,18,17,876,652,21,Apr-38,31.04,4.46,41.7,1,0,1.17,0.22,0.88,0.000
AO Suji (KENYA),1996-2008,1996,2008,12,60,46,1295,1175,21,Feb-14,55.95,5.44,61.6,0,0,0.35,0.18,0.30,0.000
Wasim Raja (PAK),1973-1985,1973,1985,12,54,29,1036,687,21,Apr-25,32.71,3.97,49.3,1,0,0.39,0.25,0.35,0.000
MH Yardy (ENG),2006-2011,2006,2011,5,28,28,1332,1075,21,Mar-24,51.19,4.84,63.4,0,0,0.75,0.21,0.59,0.000
Kabir Ali (ENG),2003-2006,2003,2006,3,14,13,673,682,20,Apr-45,34.1,6.08,33.6,1,0,1.43,0.16,1.05,0.000
STR Binny (INDIA),2014-2015,2014,2015,1,14,12,490,439,20,06-Apr,21.95,5.37,24.5,0,1,1.43,0.19,1.06,0.071
TS Chisoro (ZIM),2015-2018,2015,2018,3,18,16,768,556,20,Mar-16,27.8,4.34,38.4,0,0,1.11,0.23,0.85,0.000
DT Christian (AUS),2012-2014,2012,2014,2,19,19,727,595,20,May-31,29.75,4.91,36.3,0,1,1.05,0.20,0.80,0.053
Faheem Ashraf (PAK),2017-2019,2017,2019,2,23,22,902,744,20,May-22,37.2,4.94,45.1,0,1,0.87,0.20,0.67,0.043
DR Hadlee (NZ),1973-1976,1973,1976,3,11,11,628,364,20,Apr-34,18.2,3.47,31.4,1,0,1.82,0.29,1.36,0.000
A Jadeja (INDIA),1992-2000,1992,2000,8,196,52,1248,1094,20,03-Mar,54.7,5.25,62.4,0,0,0.10,0.19,0.13,0.000
RT Lyons (SCOT),2006-2010,2006,2010,4,25,23,1093,901,20,Mar-21,45.05,4.94,54.6,0,0,0.80,0.20,0.62,0.000
N Madziva (ZIM),2014-2016,2014,2016,2,12,12,520,519,20,Apr-49,25.95,5.98,26,1,0,1.67,0.17,1.22,0.000
JO Ngoche (KENYA),2010-2013,2010,2013,3,17,17,878,569,20,Mar-18,28.45,3.88,43.9,0,0,1.18,0.26,0.90,0.000
KMA Paul (WI),2018-2019,2018,2019,1,16,16,740,737,20,Mar-44,36.85,5.97,37,0,0,1.25,0.17,0.93,0.000
NO Perry (WI),1999-2000,1999,2000,1,21,21,946,783,20,Mar-45,39.15,4.96,47.3,0,0,0.95,0.20,0.73,0.000
N Pokana (PNG),2017-2019,2017,2019,2,14,14,641,503,20,Mar-25,25.15,4.7,32,0,0,1.43,0.21,1.06,0.000
Rashid Khan (PAK),1980-1985,1980,1985,5,29,28,1414,923,20,Mar-47,46.15,3.91,70.7,0,0,0.69,0.26,0.56,0.000
DA Reeve (ENG),1991-1996,1991,1996,5,29,28,1147,820,20,Mar-20,41,4.28,57.3,0,0,0.69,0.23,0.55,0.000
Shoaib Mohammad (PAK),1984-1993,1984,1993,9,63,35,919,725,20,Mar-20,36.25,4.73,45.9,0,0,0.32,0.21,0.29,0.000
RML Taylor (SCOT),2013-2016,2013,2016,3,15,15,713,617,20,Mar-39,30.85,5.19,35.6,0,0,1.33,0.19,0.99,0.000
MHN Walker (AUS),1974-1981,1974,1981,7,17,17,1006,546,20,Apr-19,27.3,3.25,50.3,1,0,1.18,0.31,0.92,0.000
GG Arnold (ENG),1972-1975,1972,1975,3,14,13,714,339,19,Apr-27,17.84,2.84,37.5,1,0,1.36,0.35,1.06,0.000
PVD Chameera (SL),2015-2019,2015,2019,4,23,23,895,796,19,Mar-20,41.89,5.33,47.1,0,0,0.83,0.19,0.63,0.000
TM Chappell (AUS),1980-1983,1980,1983,3,20,14,736,538,19,Mar-31,28.31,4.38,38.7,0,0,0.95,0.23,0.73,0.000
Enamul Haque (BDESH),1990-2002,1990,2002,12,29,28,1238,1083,19,Feb-40,57,5.24,65.1,0,0,0.66,0.19,0.52,0.000
AW Greig (ENG),1972-1977,1972,1977,5,22,19,916,619,19,Apr-45,32.57,4.05,48.2,1,0,0.86,0.25,0.68,0.000
VA Holder (WI),1973-1978,1973,1978,5,12,12,681,454,19,May-50,23.89,4,35.8,0,1,1.58,0.25,1.18,0.083
RD Jackman (ENG),1974-1983,1974,1983,9,15,15,873,598,19,Mar-41,31.47,4.1,45.9,0,0,1.27,0.24,0.96,0.000
DS Kulkarni (INDIA),2014-2016,2014,2016,2,12,12,598,508,19,Apr-34,26.73,5.09,31.4,1,0,1.58,0.20,1.17,0.000
MA Leask (SCOT),2014-2019,2014,2019,5,34,31,1142,1019,19,Apr-37,53.63,5.35,60.1,1,0,0.56,0.19,0.45,0.000
BJ McKechnie (NZ),1975-1981,1975,1981,6,14,14,818,495,19,Mar-23,26.05,3.63,43,0,0,1.36,0.28,1.03,0.000
JN Maguire (AUS),1983-1984,1983,1984,1,23,20,1009,769,19,Mar-61,40.47,4.57,53.1,0,0,0.83,0.22,0.64,0.000
Mohammad Akram (PAK),1995-2000,1995,2000,5,23,21,989,790,19,Feb-28,41.57,4.79,52,0,0,0.83,0.21,0.64,0.000
Mushfiqur Rahman (BDESH),2000-2004,2000,2004,4,28,28,1332,983,19,Feb-21,51.73,4.42,70.1,0,0,0.68,0.23,0.54,0.000
PDRL Perera (SL),1999-2007,1999,2007,8,19,19,888,820,19,Mar-23,43.15,5.54,46.7,0,0,1.00,0.18,0.75,0.000
Shahid Nazir (PAK),1996-2000,1996,2000,4,17,17,810,649,19,Mar-14,34.15,4.8,42.6,0,0,1.12,0.21,0.84,0.000
T Shamsi (SA),2016-2019,2016,2019,3,17,17,879,798,19,Apr-33,42,5.44,46.2,1,0,1.12,0.18,0.84,0.000
M Sheikh (KENYA),1997-2000,1997,2000,3,21,21,778,625,19,Apr-36,32.89,4.82,40.9,1,0,0.90,0.21,0.70,0.000
Sohail Khan (PAK),2008-2016,2008,2016,8,13,13,666,597,19,May-55,31.42,5.37,35,0,1,1.46,0.19,1.08,0.077
Tanwir Afzal (HKG),2014-2018,2014,2018,4,20,19,852,601,19,Mar-20,31.63,4.23,44.8,0,0,0.95,0.24,0.74,0.000
AJ Traicos (ZIM),1983-1993,1983,1993,10,27,26,1524,987,19,Mar-35,51.94,3.88,80.2,0,0,0.70,0.26,0.57,0.000
PCR Tufnell (ENG),1990-1997,1990,1997,7,20,20,1020,699,19,Apr-22,36.78,4.11,53.6,1,0,0.95,0.24,0.74,0.000
Anwar Ali (PAK),2013-2016,2013,2016,3,22,22,927,944,18,Mar-66,52.44,6.11,51.5,0,0,0.82,0.16,0.62,0.000
GD Campbell (AUS),1989-1990,1989,1990,1,12,12,613,404,18,Mar-17,22.44,3.95,34,0,0,1.50,0.25,1.13,0.000
RO Collinge (NZ),1973-1978,1973,1978,5,15,15,859,479,18,May-23,26.61,3.34,47.7,0,1,1.20,0.30,0.93,0.067
MD Dai (PNG),2014-2018,2014,2018,4,18,18,954,675,18,Mar-58,37.5,4.24,53,0,0,1.00,0.24,0.77,0.000
DR Gilbert (AUS),1986-1986,1986,1986,0,14,14,684,552,18,May-46,30.66,4.84,38,0,1,1.29,0.21,0.96,0.071
DJ Hussey (AUS),2008-2013,2008,2013,5,69,39,802,698,18,Apr-21,38.77,5.22,44.5,2,0,0.26,0.19,0.24,0.000
BD Julien (WI),1973-1977,1973,1977,4,12,12,778,463,18,Apr-20,25.72,3.57,43.2,2,0,1.50,0.28,1.13,0.000
AP Kuiper (SA),1991-1996,1991,1996,5,25,19,588,518,18,Mar-33,28.77,5.28,32.6,0,0,0.72,0.19,0.56,0.000
J Lewis (ENG),2005-2007,2005,2007,2,13,13,716,500,18,Apr-36,27.77,4.18,39.7,1,0,1.38,0.24,1.04,0.000
CS Martin (NZ),2001-2008,2001,2008,7,20,19,948,804,18,Mar-62,44.66,5.08,52.6,0,0,0.90,0.20,0.69,0.000
Mohammad Ashraful (Asia/BDESH),2001-2013,2001,2013,12,177,40,697,661,18,Mar-26,36.72,5.69,38.7,0,0,0.10,0.18,0.12,0.000
B Muzarabani (ZIM),2018-2018,2018,2018,0,18,18,786,733,18,Apr-47,40.72,5.59,43.6,1,0,1.00,0.18,0.75,0.000
MV Nagamootoo (WI),2000-2002,2000,2002,2,24,24,1189,998,18,Apr-32,55.44,5.03,66,1,0,0.75,0.20,0.58,0.000
AH Omarshah (ZIM),1983-1996,1983,1996,13,28,25,1077,812,18,Mar-33,45.11,4.52,59.8,0,0,0.64,0.22,0.52,0.000
Rahat Ali (PAK),2012-2016,2012,2016,4,14,14,679,658,18,Mar-40,36.55,5.81,37.7,0,0,1.29,0.17,0.95,0.000
KT Sandher (CAN),2006-2007,2006,2007,1,15,15,696,569,18,Mar-24,31.61,4.9,38.6,0,0,1.20,0.20,0.90,0.000
GC Smith (Afr/SA),2002-2013,2002,2013,11,197,43,1026,951,18,Mar-30,52.83,5.56,57,0,0,0.09,0.18,0.12,0.000
CB Sole (SCOT),2016-2018,2016,2018,2,11,11,522,468,18,Apr-28,26,5.37,29,2,0,1.64,0.19,1.20,0.000
RE van der Merwe (NL/SA),2009-2019,2009,2019,10,15,15,789,658,18,Mar-27,36.55,5,43.8,0,0,1.20,0.20,0.90,0.000
KC Wessels (AUS/SA),1983-1994,1983,1994,11,109,23,749,666,18,Feb-16,37,5.33,41.6,0,0,0.17,0.19,0.17,0.000
AG Wharf (ENG),2004-2005,2004,2005,1,13,13,584,428,18,Apr-24,23.77,4.39,32.4,1,0,1.38,0.23,1.04,0.000
LR Williams (WI),1996-2001,1996,2001,5,15,15,659,556,18,Mar-16,30.88,5.06,36.6,0,0,1.20,0.20,0.90,0.000
Adeel Raja (NL),2002-2011,2002,2011,9,21,21,846,690,17,Apr-42,40.58,4.89,49.7,1,0,0.81,0.20,0.63,0.000
DJ Capel (ENG),1987-1990,1987,1990,3,23,22,1038,805,17,Mar-38,47.35,4.65,61,0,0,0.74,0.22,0.58,0.000
EAR de Silva (SL),1986-1992,1986,1992,6,28,28,1374,967,17,Mar-38,56.88,4.22,80.8,0,0,0.61,0.24,0.50,0.000
MV Fleming (ENG),1997-1998,1997,1998,1,11,11,523,434,17,Apr-45,25.52,4.97,30.7,1,0,1.55,0.20,1.14,0.000
HH Kanitkar (INDIA),1997-2000,1997,2000,3,34,28,1006,803,17,Feb-22,47.23,4.78,59.1,0,0,0.50,0.21,0.41,0.000
JJC Lawson (WI),2001-2005,2001,2005,4,13,12,558,498,17,Apr-57,29.29,5.35,32.8,1,0,1.31,0.19,0.97,0.000
Mohammad Nawaz (3) (PAK),2016-2019,2016,2019,3,15,15,699,607,17,Apr-42,35.7,5.21,41.1,1,0,1.13,0.19,0.85,0.000
J Nyumbu (ZIM),2014-2015,2014,2015,1,19,18,844,738,17,Mar-42,43.41,5.24,49.6,0,0,0.89,0.19,0.68,0.000
PADLR Sandakan (SL),2016-2019,2016,2019,3,21,20,961,1031,17,Apr-52,60.64,6.43,56.5,1,0,0.81,0.16,0.61,0.000
A Shahzad (ENG),2010-2011,2010,2011,1,11,11,588,490,17,Mar-41,28.82,5,34.5,0,0,1.55,0.20,1.14,0.000
PM Siddle (AUS),2009-2019,2009,2019,10,20,19,901,743,17,Mar-55,43.7,4.94,53,0,0,0.85,0.20,0.66,0.000
J Theron (SA/USA),2010-2019,2010,2019,9,9,9,412,379,17,May-44,22.29,5.51,24.2,0,1,1.89,0.18,1.38,0.111
Aizaz Khan (HKG),2014-2018,2014,2018,4,19,19,728,680,16,Feb-26,42.5,5.6,45.5,0,0,0.84,0.18,0.64,0.000
Asif Iqbal (PAK),1973-1979,1973,1979,6,10,10,592,378,16,Apr-56,23.62,3.83,37,1,0,1.60,0.26,1.20,0.000
JP Behrendorff (AUS),2019-2019,2019,2019,0,11,11,591,517,16,May-44,32.31,5.24,36.9,0,1,1.45,0.19,1.08,0.091
SM Boland (AUS),2016-2016,2016,2016,0,14,13,716,725,16,Mar-67,45.31,6.07,44.7,0,0,1.14,0.16,0.85,0.000
GR Codrington (CAN),2006-2007,2006,2007,1,17,17,731,577,16,Apr-33,36.06,4.73,45.6,1,0,0.94,0.21,0.72,0.000
CD de Lange (SCOT),2016-2017,2016,2017,1,13,12,546,371,16,May-60,23.18,4.07,34.1,0,1,1.23,0.25,0.94,0.077
Ehsan Nawaz (HKG),2014-2018,2014,2018,4,12,12,513,458,16,Apr-47,28.62,5.35,32,2,0,1.33,0.19,0.99,0.000
GJ Gilmour (AUS),1974-1975,1974,1975,1,5,5,320,165,16,Jun-14,10.31,3.09,20,0,2,3.20,0.32,2.34,0.400
PJC Hoffmann (SCOT),2006-2007,2006,2007,1,18,17,743,555,16,Mar-22,34.68,4.48,46.4,0,0,0.89,0.22,0.69,0.000
SHU Karnain (SL),1984-1990,1984,1990,6,19,14,635,505,16,May-26,31.56,4.77,39.6,0,1,0.84,0.21,0.65,0.053
DE Malcolm (ENG),1990-1994,1990,1994,4,10,10,526,404,16,Mar-40,25.25,4.6,32.8,0,0,1.60,0.22,1.19,0.000
S Matsikenyeri (ZIM),2002-2015,2002,2015,13,113,38,920,778,16,Feb-25,48.62,5.07,57.5,0,0,0.14,0.20,0.16,0.000
JL Pattinson (AUS),2011-2015,2011,2015,4,15,15,727,681,16,Apr-51,42.56,5.62,45.4,1,0,1.07,0.18,0.80,0.000
BS Sandhu (INDIA),1982-1984,1982,1984,2,22,21,1110,763,16,Mar-27,47.68,4.12,69.3,0,0,0.73,0.24,0.58,0.000
RR Sarwan (WI),2000-2013,2000,2013,13,181,25,581,586,16,Mar-31,36.62,6.05,36.3,0,0,0.09,0.17,0.11,0.000
MC Sorensen (IRE),2013-2016,2013,2016,3,13,12,543,520,16,Apr-40,32.5,5.74,33.9,1,0,1.23,0.17,0.91,0.000
RJW Topley (ENG),2015-2016,2015,2016,1,10,10,463,410,16,Apr-50,25.62,5.31,28.9,1,0,1.60,0.19,1.18,0.000
RJ Trott (BMUDA),2007-2009,2007,2009,2,11,11,537,412,16,Apr-46,25.75,4.6,33.5,1,0,1.45,0.22,1.08,0.000
MP Vaughan (ENG),2001-2007,2001,2007,6,86,28,796,649,16,Apr-22,40.56,4.89,49.7,1,0,0.19,0.20,0.19,0.000
R Vijay Bharadwaj (INDIA),1999-2002,1999,2002,3,10,9,372,307,16,Mar-34,19.18,4.95,23.2,0,0,1.60,0.20,1.18,0.000
Zakir Khan (PAK),1984-1990,1984,1990,6,17,16,646,494,16,Apr-19,30.87,4.58,40.3,1,0,0.94,0.22,0.72,0.000
MR Adair (IRE),2019-2019,2019,2019,0,9,9,484,509,15,Apr-19,33.93,6.3,32.2,2,0,1.67,0.16,1.21,0.000
KK Ahmed (INDIA),2018-2019,2018,2019,1,11,11,480,465,15,Mar-13,31,5.81,32,0,0,1.36,0.17,1.01,0.000
PJW Allott (ENG),1982-1985,1982,1985,3,13,13,819,552,15,Mar-41,36.8,4.04,54.6,0,0,1.15,0.25,0.88,0.000
CJA Amini (PNG),2014-2019,2014,2019,5,15,15,732,560,15,Apr-27,37.33,4.59,48.8,1,0,1.00,0.22,0.77,0.000
Azeem Hafeez (PAK),1983-1985,1983,1985,2,15,14,719,586,15,Apr-22,39.06,4.89,47.9,1,0,1.00,0.20,0.76,0.000
SL Boock (NZ),1978-1987,1978,1987,9,14,13,700,513,15,Mar-28,34.2,4.39,46.6,0,0,1.07,0.23,0.82,0.000
DCC Borden (BMUDA),2006-2008,2006,2008,2,12,12,411,392,15,Apr-30,26.13,5.72,27.4,1,0,1.25,0.17,0.93,0.000
Danish Kaneria (PAK),2001-2007,2001,2007,6,18,18,854,683,15,Mar-31,45.53,4.79,56.9,0,0,0.83,0.21,0.65,0.000
G Dymock (AUS),1974-1980,1974,1980,6,15,14,806,412,15,Feb-21,27.46,3.06,53.7,0,0,1.00,0.33,0.80,0.000
TCB Fernando (SL),2001-2003,2001,2003,2,17,17,700,586,15,May-67,39.06,5.02,46.6,0,1,0.88,0.20,0.68,0.059
KD Ghavri (INDIA),1975-1981,1975,1981,6,19,19,1033,708,15,Mar-40,47.2,4.11,68.8,0,0,0.79,0.24,0.63,0.000
S Lamichhane (NEPAL),2018-2019,2018,2019,1,6,6,319,222,15,Apr-24,14.8,4.17,21.2,2,0,2.50,0.24,1.82,0.000
NC McGarrell (WI),1998-2001,1998,2001,3,17,17,859,681,15,Mar-32,45.4,4.75,57.2,0,0,0.88,0.21,0.68,0.000
KH MacLeay (AUS),1983-1987,1983,1987,4,16,16,857,626,15,Jun-39,41.73,4.38,57.1,0,1,0.94,0.23,0.72,0.063
GH O'Brien (BMUDA),2006-2008,2006,2008,2,9,9,456,405,15,Mar-31,27,5.32,30.4,0,0,1.67,0.19,1.22,0.000
SS Pathirana (SL),2015-2017,2015,2017,2,18,18,765,720,15,Mar-37,48,5.64,51,0,0,0.83,0.18,0.64,0.000
SM Patil (INDIA),1980-1986,1980,1986,6,45,20,864,589,15,Feb-28,39.26,4.09,57.6,0,0,0.33,0.24,0.31,0.000
Rajin Saleh (BDESH),2003-2006,2003,2006,3,43,19,539,459,15,Apr-16,30.6,5.1,35.9,1,0,0.35,0.20,0.30,0.000
AK Sharma (INDIA),1988-1993,1988,1993,5,31,29,1140,875,15,Mar-41,58.33,4.6,76,0,0,0.48,0.22,0.40,0.000
L Sivaramakrishnan (INDIA),1985-1987,1985,1987,2,16,16,756,538,15,Mar-35,35.86,4.26,50.4,0,0,0.94,0.23,0.73,0.000
CT Tremlett (ENG),2005-2011,2005,2011,6,15,15,784,705,15,Apr-32,47,5.39,52.2,1,0,1.00,0.19,0.76,0.000
JTC Vaughan (NZ),1992-1996,1992,1996,4,18,17,696,524,15,Apr-33,34.93,4.51,46.4,1,0,0.83,0.22,0.65,0.000
UWMBCA Welegedara (SL),2009-2010,2009,2010,1,10,9,457,433,15,May-66,28.86,5.68,30.4,0,1,1.50,0.18,1.10,0.100
LJ Wright (ENG),2007-2014,2007,2014,7,50,37,1038,884,15,Feb-34,58.93,5.1,69.2,0,0,0.30,0.20,0.27,0.000
JO Angara (KENYA),1997-2003,1997,2003,6,17,15,588,569,14,Mar-30,40.64,5.8,42,0,0,0.82,0.17,0.63,0.000
Anshuman Rath (HKG),2014-2018,2014,2018,4,18,7,337,167,14,Mar-22,11.92,2.97,24,0,0,0.78,0.34,0.65,0.000
F Behardien (SA),2013-2018,2013,2018,5,59,35,748,719,14,Mar-19,51.35,5.76,53.4,0,0,0.24,0.17,0.22,0.000
DE Bernard (WI),2003-2010,2003,2010,7,20,17,624,526,14,Mar-32,37.57,5.05,44.5,0,0,0.70,0.20,0.55,0.000
GS Blewett (AUS),1995-1999,1995,1999,4,32,24,749,646,14,02-Jun,46.14,5.17,53.5,0,0,0.44,0.19,0.36,0.000
S Chanderpaul (WI),1994-2011,1994,2011,17,268,28,740,636,14,Mar-18,45.42,5.15,52.8,0,0,0.05,0.19,0.09,0.000
GJ Cosier (AUS),1975-1979,1975,1979,4,9,8,409,248,14,May-18,17.71,3.63,29.2,0,1,1.56,0.28,1.17,0.111
JWM Dalrymple (ENG),2006-2007,2006,2007,1,27,23,840,666,14,02-May,47.57,4.75,60,0,0,0.52,0.21,0.43,0.000
Enamul Haque jnr (BDESH),2005-2009,2005,2009,4,10,10,576,422,14,Mar-16,30.14,4.39,41.1,0,0,1.40,0.23,1.05,0.000
UC Hathurusingha (SL),1992-1999,1992,1999,7,35,25,954,709,14,Apr-57,50.64,4.45,68.1,1,0,0.40,0.22,0.35,0.000
Jalal-ud-Din (PAK),1982-1983,1982,1983,1,8,7,306,211,14,Apr-32,15.07,4.13,21.8,1,0,1.75,0.24,1.30,0.000
SKW Kelly (BMUDA),2006-2009,2006,2009,3,10,10,389,371,14,Mar-36,26.5,5.72,27.7,0,0,1.40,0.17,1.03,0.000
D Mongia (INDIA),2001-2007,2001,2007,6,57,21,640,571,14,Mar-31,40.78,5.35,45.7,0,0,0.25,0.19,0.23,0.000
Mosaddek Hossain (BDESH),2016-2019,2016,2019,3,35,33,902,787,14,Mar-13,56.21,5.23,64.4,0,0,0.40,0.19,0.34,0.000
A Nao (PNG),2017-2019,2017,2019,2,13,13,613,495,14,Mar-40,35.35,4.84,43.7,0,0,1.08,0.21,0.82,0.000
JD Nel (SCOT),2006-2010,2006,2010,4,19,19,730,649,14,Apr-25,46.35,5.33,52.1,1,0,0.74,0.19,0.57,0.000
IE O'Brien (NZ),2008-2009,2008,2009,1,10,10,453,488,14,Mar-68,34.85,6.46,32.3,0,0,1.40,0.15,1.03,0.000
Rahmat Shah (AFG),2013-2019,2013,2019,6,73,26,524,504,14,May-32,36,5.77,37.4,0,1,0.19,0.17,0.19,0.014
Rumman Raees (PAK),2017-2018,2017,2018,1,9,9,463,464,14,Mar-49,33.14,6.01,33,0,0,1.56,0.17,1.14,0.000
JA Snow (ENG),1971-1975,1971,1975,4,9,8,538,232,14,04-Nov,16.57,2.58,38.4,2,0,1.56,0.39,1.21,0.000
Sohrawordi Shuvo (BDESH),2010-2011,2010,2011,1,17,17,762,572,14,Mar-14,40.85,4.5,54.4,0,0,0.82,0.22,0.64,0.000
SA Ankola (INDIA),1989-1997,1989,1997,8,20,20,807,615,13,Mar-33,47.3,4.57,62,0,0,0.65,0.22,0.52,0.000
MP Bicknell (ENG),1990-1991,1990,1991,1,7,7,413,347,13,Mar-55,26.69,5.04,31.7,0,0,1.86,0.20,1.36,0.000
KD Boyce (WI),1973-1975,1973,1975,2,8,8,470,313,13,Apr-50,24.07,3.99,36.1,1,0,1.63,0.25,1.21,0.000
ST Clarke (WI),1978-1982,1978,1982,4,10,10,524,245,13,Mar-22,18.84,2.8,40.3,0,0,1.30,0.36,1.02,0.000
PC Connell (IRE),2008-2010,2008,2010,2,13,12,564,518,13,Mar-68,39.84,5.51,43.3,0,0,1.00,0.18,0.75,0.000
TLW Cooper (NL),2010-2013,2010,2013,3,23,19,553,438,13,03-Nov,33.69,4.75,42.5,0,0,0.57,0.21,0.46,0.000
PWH de Silva (SL),2017-2019,2017,2019,2,12,12,403,429,13,Mar-15,33,6.38,31,0,0,1.08,0.16,0.81,0.000
Hamza Tahir (SCOT),2019-2019,2019,2019,0,6,6,338,228,13,May-38,17.53,4.04,26,1,1,2.17,0.25,1.59,0.167
MN Hart (NZ),1994-2002,1994,2002,8,13,12,572,373,13,May-22,28.69,3.91,44,0,1,1.00,0.26,0.78,0.077
RS Higgins (ZIM),2006-2006,2006,2006,0,11,11,544,380,13,Apr-21,29.23,4.19,41.8,1,0,1.18,0.24,0.90,0.000
Ijaz Faqih (PAK),1980-1988,1980,1988,8,27,25,1116,819,13,Apr-43,63,4.4,85.8,1,0,0.48,0.23,0.41,0.000
CBRLS Kumara (SL),2017-2019,2017,2019,2,13,13,544,623,13,Feb-26,47.92,6.87,41.8,0,0,1.00,0.15,0.74,0.000
Majid Khan (PAK),1973-1982,1973,1982,9,23,15,658,374,13,Mar-27,28.76,3.41,50.6,0,0,0.57,0.29,0.48,0.000
AD Mascarenhas (ENG),2007-2009,2007,2009,2,20,20,822,634,13,Mar-23,48.76,4.62,63.2,0,0,0.65,0.22,0.52,0.000
Minhajul Abedin (BDESH),1986-1999,1986,1999,13,27,18,546,511,13,Feb-39,39.3,5.61,42,0,0,0.48,0.18,0.39,0.000
Mohammad Hussain (PAK),1997-1998,1997,1998,1,14,13,672,547,13,Apr-33,42.07,4.88,51.6,1,0,0.93,0.20,0.71,0.000
SN Netravalkar (USA),2019-2019,2019,2019,0,9,9,403,210,13,May-32,16.15,3.12,31,0,1,1.44,0.32,1.11,0.111
ASA Perera (SL),1998-2001,1998,2001,3,20,18,579,522,13,Feb-25,40.15,5.4,44.5,0,0,0.65,0.19,0.51,0.000
MDK Perera (SL),2007-2018,2007,2018,11,13,10,456,409,13,Mar-48,31.46,5.38,35,0,0,1.00,0.19,0.76,0.000
DJ Reekers (NL),2006-2009,2006,2009,3,19,13,510,436,13,Mar-54,33.53,5.12,39.2,0,0,0.68,0.20,0.54,0.000
JB Reva (PNG),2016-2018,2016,2018,2,9,9,405,357,13,Mar-40,27.46,5.28,31.1,0,0,1.44,0.19,1.07,0.000
Sharafuddin Ashraf (AFG),2014-2019,2014,2019,5,17,17,764,559,13,Mar-29,43,4.39,58.7,0,0,0.76,0.23,0.60,0.000
JN Snape (ENG),2001-2002,2001,2002,1,10,10,529,403,13,Mar-43,31,4.57,40.6,0,0,1.30,0.22,0.98,0.000
Sompal Kami (NEPAL),2018-2019,2018,2019,1,6,6,301,247,13,May-33,19,4.92,23.1,0,1,2.17,0.20,1.58,0.167
Tareq Aziz (BDESH),2002-2004,2002,2004,2,10,10,465,424,13,Mar-19,32.61,5.47,35.7,0,0,1.30,0.18,0.96,0.000
S Thuraisingam (CAN),2003-2008,2003,2008,5,10,10,421,305,13,Apr-35,23.46,4.34,32.3,1,0,1.30,0.23,0.98,0.000
JJ Tucker (BMUDA),2006-2009,2006,2009,3,26,21,819,701,13,Feb-23,53.92,5.13,63,0,0,0.50,0.19,0.41,0.000
JJ van der Wath (SA),2006-2007,2006,2007,1,10,10,526,551,13,Feb-21,42.38,6.28,40.4,0,0,1.30,0.16,0.96,0.000
P Willey (ENG),1977-1986,1977,1986,9,26,22,1031,659,13,Mar-33,50.69,3.83,79.3,0,0,0.50,0.26,0.43,0.000
P Wilson (AUS),1997-1998,1997,1998,1,11,11,562,450,13,Mar-39,34.61,4.8,43.2,0,0,1.18,0.21,0.89,0.000
Aftab Ahmed (BDESH),2004-2010,2004,2010,6,85,30,739,656,12,May-31,54.66,5.32,61.5,0,1,0.14,0.19,0.16,0.012
Ahsan Malik (NL),2011-2014,2011,2014,3,12,11,471,408,12,Mar-38,34,5.19,39.2,0,0,1.00,0.19,0.76,0.000
M Azharuddin (INDIA),1985-2000,1985,2000,15,334,24,552,479,12,Mar-19,39.91,5.2,46,0,0,0.04,0.19,0.08,0.000
WD Balaji Rao (CAN),2008-2011,2008,2011,3,10,10,474,448,12,Apr-57,37.33,5.67,39.5,1,0,1.20,0.18,0.89,0.000
HR Bryan (WI),1999-1999,1999,1999,0,15,15,722,518,12,Apr-24,43.16,4.3,60.1,1,0,0.80,0.23,0.63,0.000
IP Butchart (ZIM),1983-1995,1983,1995,12,20,16,702,640,12,Mar-57,53.33,5.47,58.5,0,0,0.60,0.18,0.47,0.000
ADR Campbell (ZIM),1992-2003,1992,2003,11,188,30,509,434,12,Feb-20,36.16,5.11,42.4,0,0,0.06,0.20,0.10,0.000
PA Desai (CAN),2010-2014,2010,2014,4,13,13,612,485,12,Mar-35,40.41,4.75,51,0,0,0.92,0.21,0.71,0.000
AB Dinda (INDIA),2010-2013,2010,2013,3,13,13,594,612,12,Feb-44,51,6.18,49.5,0,0,0.92,0.16,0.69,0.000
H Durham (BMUDA),2006-2006,2006,2006,0,9,8,400,343,12,Apr-45,28.58,5.14,33.3,1,0,1.33,0.19,0.99,0.000
AM Ellis (NZ),2012-2013,2012,2013,1,15,13,480,425,12,Feb-22,35.41,5.31,40,0,0,0.80,0.19,0.62,0.000
RM Ellison (ENG),1984-1986,1984,1986,2,14,14,696,510,12,Mar-42,42.5,4.39,58,0,0,0.86,0.23,0.67,0.000
AM Guruge (UAE),2014-2015,2014,2015,1,7,7,351,337,12,Apr-56,28.08,5.76,29.2,1,0,1.71,0.17,1.25,0.000
TM Head (AUS),2016-2018,2016,2018,2,42,26,765,737,12,Feb-22,61.41,5.78,63.7,0,0,0.29,0.17,0.25,0.000
PA Hitchcock (NZ),2002-2008,2002,2008,6,14,12,558,468,12,Mar-30,39,5.03,46.5,0,0,0.86,0.20,0.66,0.000
AG Hurst (AUS),1975-1979,1975,1979,4,8,7,402,203,12,May-21,16.91,3.02,33.5,0,1,1.50,0.33,1.15,0.125
Iqbal Qasim (PAK),1977-1988,1977,1988,11,15,14,664,500,12,Mar-13,41.66,4.51,55.3,0,0,0.80,0.22,0.63,0.000
Kabir Khan (PAK),1994-2000,1994,2000,6,10,9,371,303,12,Feb-23,25.25,4.9,30.9,0,0,1.20,0.20,0.90,0.000
TP Kamungozi (ZIM),2006-2015,2006,2015,9,14,13,636,548,12,Feb-36,45.66,5.16,53,0,0,0.86,0.19,0.66,0.000
Khurram Khan (UAE),2004-2015,2004,2015,11,16,11,498,432,12,Apr-32,36,5.2,41.5,1,0,0.75,0.19,0.58,0.000
RK Kleinveldt (SA),2013-2013,2013,2013,0,10,10,513,448,12,Apr-22,37.33,5.23,42.7,1,0,1.20,0.19,0.90,0.000
CM Kuggeleijn (NZ),1988-1989,1988,1989,1,16,16,817,604,12,Feb-31,50.33,4.43,68,0,0,0.75,0.23,0.59,0.000
GA Lamb (ZIM),2010-2011,2010,2011,1,15,15,642,467,12,Mar-45,38.91,4.36,53.5,0,0,0.80,0.23,0.63,0.000
SG Law (AUS),1994-1999,1994,1999,5,54,25,807,635,12,Feb-22,52.91,4.72,67.2,0,0,0.22,0.21,0.22,0.000
RJ McCurdy (AUS),1985-1985,1985,1985,0,11,11,515,375,12,Mar-19,31.25,4.36,42.9,0,0,1.09,0.23,0.83,0.000
DR Martyn (AUS),1992-2006,1992,2006,14,208,31,794,704,12,Feb-21,58.66,5.31,66.1,0,0,0.06,0.19,0.10,0.000
SF Mire (ZIM),2014-2019,2014,2019,5,47,19,507,515,12,Apr-43,42.91,6.09,42.2,1,0,0.26,0.16,0.23,0.000
SO Ngoche (KENYA),2010-2014,2010,2014,4,14,13,569,431,12,Feb-28,35.91,4.54,47.4,0,0,0.86,0.22,0.67,0.000
MA Parker (SCOT),2010-2010,2010,2010,0,10,10,414,327,12,Apr-33,27.25,4.73,34.5,1,0,1.20,0.21,0.90,0.000
RG Petrie (NZ),1990-1991,1990,1991,1,12,12,660,449,12,Feb-25,37.41,4.08,55,0,0,1.00,0.25,0.77,0.000
PWE Rawson (ZIM),1983-1987,1983,1987,4,10,10,571,427,12,Mar-47,35.58,4.48,47.5,0,0,1.20,0.22,0.91,0.000
JD Ryder (NZ),2008-2014,2008,2014,6,48,19,407,412,12,Mar-29,34.33,6.07,33.9,0,0,0.25,0.16,0.22,0.000
Simi Singh (IRE),2017-2019,2017,2019,2,15,12,570,378,12,Mar-15,31.5,3.97,47.5,0,0,0.80,0.25,0.64,0.000
SR Thompson (IRE),2013-2017,2013,2017,4,20,16,559,490,12,Feb-17,40.83,5.25,46.5,0,0,0.60,0.19,0.48,0.000
AJ Tye (AUS),2018-2018,2018,2018,0,7,7,387,392,12,May-46,32.66,6.07,32.2,0,1,1.71,0.16,1.25,0.143
I Udana (SL),2012-2019,2012,2019,7,15,15,639,631,12,Feb-41,52.58,5.92,53.2,0,0,0.80,0.17,0.61,0.000
KEA Upashantha (SL),1995-2001,1995,2001,6,12,12,564,481,12,Apr-37,40.08,5.11,47,1,0,1.00,0.20,0.76,0.000
RR Watson (SCOT),2006-2010,2006,2010,4,35,17,570,528,12,Mar-18,44,5.55,47.5,0,0,0.34,0.18,0.29,0.000
CL White (AUS),2005-2018,2005,2018,13,91,19,331,351,12,03-May,29.25,6.36,27.5,0,0,0.13,0.16,0.14,0.000
PJ Wiseman (NZ),1998-2003,1998,2003,5,15,13,450,368,12,Apr-45,30.66,4.9,37.5,1,0,0.80,0.20,0.62,0.000
Aamer Nazir (PAK),1993-1995,1993,1995,2,9,9,417,346,11,Mar-43,31.45,4.97,37.9,0,0,1.22,0.20,0.92,0.000
VR Aaron (INDIA),2011-2014,2011,2014,3,9,9,380,419,11,Mar-24,38.09,6.61,34.5,0,0,1.22,0.15,0.90,0.000
RW Ali (KENYA),1996-1997,1996,1997,1,9,9,338,255,11,Mar-17,23.18,4.52,30.7,0,0,1.22,0.22,0.92,0.000
Amir Hayat (UAE),2018-2019,2018,2019,1,9,9,449,382,11,Mar-19,34.72,5.1,40.8,0,0,1.22,0.20,0.91,0.000
LS Baker (WI),2008-2009,2008,2009,1,10,9,426,355,11,Mar-47,32.27,5,38.7,0,0,1.10,0.20,0.83,0.000
RL Chase (WI),2017-2019,2017,2019,2,25,18,641,511,11,Mar-30,46.45,4.78,58.2,0,0,0.44,0.21,0.37,0.000
R Clarke (ENG),2003-2006,2003,2006,3,20,14,469,415,11,Feb-28,37.72,5.3,42.6,0,0,0.55,0.19,0.44,0.000
HT Davis (NZ),1994-1997,1994,1997,3,11,11,432,436,11,Apr-35,39.63,6.05,39.2,1,0,1.00,0.17,0.75,0.000
Z Groenewald (NAM),2019-2019,2019,2019,0,4,4,198,130,11,May-20,11.81,3.93,18,0,1,2.75,0.25,2.00,0.250
HF Gurney (ENG),2014-2014,2014,2014,0,10,10,455,432,11,Apr-55,39.27,5.69,41.3,1,0,1.10,0.18,0.82,0.000
Haris Sohail (PAK),2013-2019,2013,2019,6,41,21,642,613,11,Mar-45,55.72,5.72,58.3,0,0,0.27,0.17,0.24,0.000
Haseeb Amjad (HKG),2014-2016,2014,2016,2,7,7,342,288,11,Mar-49,26.18,5.05,31,0,0,1.57,0.20,1.16,0.000
DW Headley (ENG),1996-1999,1996,1999,3,13,13,594,520,11,Feb-38,47.27,5.25,54,0,0,0.85,0.19,0.65,0.000
HJ Howarth (NZ),1973-1975,1973,1975,2,9,8,492,280,11,Mar-29,25.45,3.41,44.7,0,0,1.22,0.29,0.94,0.000
RL Johnson (ENG),2003-2003,2003,2003,0,10,9,402,239,11,Mar-22,21.72,3.56,36.5,0,0,1.10,0.28,0.85,0.000
CL King (WI),1976-1980,1976,1980,4,18,15,744,529,11,Apr-23,48.09,4.26,67.6,1,0,0.61,0.23,0.50,0.000
NM Kulkarni (INDIA),1997-1998,1997,1998,1,10,8,402,357,11,Mar-27,32.45,5.32,36.5,0,0,1.10,0.19,0.83,0.000
RT Latham (NZ),1990-1994,1990,1994,4,33,21,450,386,11,May-32,35.09,5.14,40.9,0,1,0.33,0.19,0.29,0.030
P Lever (ENG),1971-1975,1971,1975,4,10,9,440,261,11,Apr-35,23.72,3.55,40,1,0,1.10,0.28,0.85,0.000
AA Mallett (AUS),1971-1975,1971,1975,4,9,9,502,341,11,Mar-34,31,4.07,45.6,0,0,1.22,0.25,0.93,0.000
MF Malone (AUS),1977-1982,1977,1982,5,10,10,612,315,11,02-Sep,28.63,3.08,55.6,0,0,1.10,0.32,0.87,0.000
A Martin (WI),2011-2011,2011,2011,0,9,9,444,296,11,Apr-36,26.9,4,40.3,1,0,1.22,0.25,0.93,0.000
EZ Matambanadzo (ZIM),1996-1997,1996,1997,1,7,7,297,217,11,Apr-32,19.72,4.38,27,1,0,1.57,0.23,1.17,0.000
M Mbangwa (ZIM),1996-2002,1996,2002,6,29,29,1369,1140,11,Feb-24,103.63,4.99,124.4,0,0,0.38,0.20,0.33,0.000
DR Parry (WI),1978-1980,1978,1980,2,6,6,330,259,11,Mar-47,23.54,4.7,30,0,0,1.83,0.21,1.35,0.000
RL Powell (WI),1999-2005,1999,2005,6,109,25,473,491,11,02-May,44.63,6.22,43,0,0,0.10,0.16,0.12,0.000
TT Samaraweera (SL),1998-2011,1998,2011,13,53,17,702,542,11,Mar-34,49.27,4.63,63.8,0,0,0.21,0.22,0.21,0.000
Shafiuddin Ahmed (BDESH),1997-2000,1997,2000,3,11,11,495,426,11,Mar-42,38.72,5.16,45,0,0,1.00,0.19,0.76,0.000
DLS van Bunge (NL),2002-2013,2002,2013,11,37,13,331,329,11,Mar-16,29.9,5.96,30,0,0,0.30,0.17,0.26,0.000
A van der Merwe (IRE),2010-2011,2010,2011,1,9,9,432,323,11,May-49,29.36,4.48,39.2,0,1,1.22,0.22,0.92,0.111
JDF Vandersay (SL),2015-2019,2015,2019,4,12,11,491,480,11,Mar-50,43.63,5.86,44.6,0,0,0.92,0.17,0.69,0.000
AS Wassan (INDIA),1990-1991,1990,1991,1,9,9,426,283,11,Mar-28,25.72,3.98,38.7,0,0,1.22,0.25,0.93,0.000
M Zondeki (Afr/SA),2002-2008,2002,2008,6,13,12,558,504,11,Feb-40,45.81,5.41,50.7,0,0,0.85,0.18,0.65,0.000
MW Alleyne (ENG),1999-2000,1999,2000,1,10,9,366,280,10,Mar-27,28,4.59,36.6,0,0,1.00,0.22,0.77,0.000
MA Aponso (SL),2016-2018,2016,2018,2,9,9,423,377,10,Apr-18,37.7,5.34,42.3,1,0,1.11,0.19,0.83,0.000
TD Astle (NZ),2017-2019,2017,2019,2,9,8,270,246,10,Mar-33,24.6,5.46,27,0,0,1.11,0.18,0.83,0.000
DJ Callaghan (SA),1992-2000,1992,2000,8,29,19,444,365,10,Mar-32,36.5,4.93,44.4,0,0,0.34,0.20,0.30,0.000
A Codrington (CAN),2003-2007,2003,2007,4,9,8,300,265,10,May-27,26.5,5.3,30,0,1,1.11,0.19,0.83,0.111
M de Lange (SA),2012-2016,2012,2016,4,4,4,209,198,10,Apr-46,19.8,5.68,20.9,1,0,2.50,0.18,1.80,0.000
R Dhanraj (WI),1994-1995,1994,1995,1,6,5,264,170,10,Apr-26,17,3.86,26.4,1,0,1.67,0.26,1.24,0.000
JN Frylinck (NAM),2019-2019,2019,2019,0,5,5,195,116,10,May-13,11.6,3.56,19.5,0,1,2.00,0.28,1.48,0.200
MW Gatting (ENG),1977-1993,1977,1993,16,92,14,392,336,10,Mar-32,33.6,5.14,39.2,0,0,0.11,0.19,0.13,0.000
NG Jones (IRE),2010-2011,2010,2011,1,14,13,389,234,10,Feb-19,23.4,3.6,38.9,0,0,0.71,0.28,0.58,0.000
Khawar Ali (OMAN),2019-2019,2019,2019,0,5,5,258,188,10,Apr-23,18.8,4.37,25.8,1,0,2.00,0.23,1.47,0.000
FJ Klaassen (NL),2018-2019,2018,2019,1,4,4,240,150,10,Mar-30,15,3.75,24,0,0,2.50,0.27,1.83,0.000
RR Kulkarni (INDIA),1983-1987,1983,1987,4,10,10,444,345,10,Mar-42,34.5,4.66,44.4,0,0,1.00,0.21,0.76,0.000
DK Liyanage (SL),1992-2001,1992,2001,9,16,16,642,510,10,Mar-49,51,4.76,64.2,0,0,0.63,0.21,0.50,0.000
Mohammad Sharif (BDESH),2001-2007,2001,2007,6,9,9,499,424,10,Mar-40,42.4,5.09,49.9,0,0,1.11,0.20,0.84,0.000
Mohammad Zahid (PAK),1996-2002,1996,2002,6,11,11,512,391,10,Feb-20,39.1,4.58,51.2,0,0,0.91,0.22,0.70,0.000
D Mohammed (WI),2006-2008,2006,2008,2,7,6,353,235,10,Mar-37,23.5,3.99,35.3,0,0,1.43,0.25,1.08,0.000
Naimur Rahman (BDESH),1995-2002,1995,2002,7,29,24,1094,904,10,Feb-51,90.4,4.95,109.4,0,0,0.34,0.20,0.30,0.000
RJ Nicol (NZ),2011-2013,2011,2013,2,22,17,339,329,10,Apr-19,32.9,5.82,33.9,1,0,0.45,0.17,0.37,0.000
H Patel (CAN),2009-2013,2009,2013,4,23,16,409,353,10,Apr-28,35.3,5.17,40.9,1,0,0.43,0.19,0.36,0.000
MJG Rippon (NL),2013-2018,2013,2018,5,6,6,252,167,10,Apr-37,16.7,3.97,25.2,1,0,1.67,0.25,1.24,0.000
IH Romaine (BMUDA),2006-2009,2006,2009,3,35,13,326,355,10,Feb-22,35.5,6.53,32.6,0,0,0.29,0.15,0.25,0.000
KR Rutherford (NZ),1985-1995,1985,1995,10,121,17,389,323,10,Feb-39,32.3,4.98,38.9,0,0,0.08,0.20,0.12,0.000
RL Sanghvi (INDIA),1998-1998,1998,1998,0,10,10,498,399,10,Mar-29,39.9,4.8,49.8,0,0,1.00,0.21,0.76,0.000
Sanwar Hossain (BDESH),1998-2003,1998,2003,5,27,13,383,327,10,Mar-49,32.7,5.12,38.3,0,0,0.37,0.20,0.32,0.000
MD Shanaka (SL),2016-2019,2016,2019,3,22,12,282,274,10,May-43,27.4,5.82,28.2,0,1,0.45,0.17,0.37,0.045
G Sharma (INDIA),1985-1987,1985,1987,2,11,10,486,361,10,Mar-29,36.1,4.45,48.6,0,0,0.91,0.22,0.70,0.000
TB Sole (SCOT),2018-2019,2018,2019,1,10,10,504,387,10,Apr-15,38.7,4.6,50.4,1,0,1.00,0.22,0.77,0.000
MN Waller (ZIM),2009-2018,2009,2018,9,79,30,666,566,10,Feb-44,56.6,5.09,66.6,0,0,0.13,0.20,0.15,0.000
Ziaur Rahman (BDESH),2013-2014,2013,2014,1,13,11,390,301,10,May-30,30.1,4.63,39,0,1,0.77,0.22,0.60,0.077
KN Amalean (SL),1986-1988,1986,1988,2,8,8,318,207,9,Apr-46,23,3.9,35.3,1,0,1.13,0.26,0.86,0.000
MKDI Amerasinghe (SL),2007-2008,2007,2008,1,8,8,426,363,9,Mar-44,40.33,5.11,47.3,0,0,1.13,0.20,0.85,0.000
Amjad Javed (UAE),2008-2017,2008,2017,9,15,15,618,608,9,Mar-60,67.55,5.9,68.6,0,0,0.60,0.17,0.47,0.000
ML Cummins (WI),2014-2017,2014,2017,3,11,9,450,474,9,Mar-82,52.66,6.32,50,0,0,0.82,0.16,0.62,0.000
KM Curran (ZIM),1983-1987,1983,1987,4,11,10,506,398,9,Mar-65,44.22,4.71,56.2,0,0,0.82,0.21,0.64,0.000
MH Dekker (ZIM),1992-1996,1992,1996,4,23,12,347,290,9,Feb-16,32.22,5.01,38.5,0,0,0.39,0.20,0.33,0.000
GRA de Silva (SL),1975-1982,1975,1982,7,6,6,305,262,9,Mar-41,29.11,5.15,33.8,0,0,1.50,0.19,1.11,0.000
PLS Gamage (SL),2014-2017,2014,2017,3,9,9,402,392,9,Apr-57,43.55,5.85,44.6,1,0,1.00,0.17,0.75,0.000
K Gore (USA),2019-2019,2019,2019,0,7,7,300,208,9,Apr-20,23.11,4.16,33.3,1,0,1.29,0.24,0.97,0.000
MP Jarvis (ZIM),1987-1995,1987,1995,8,12,12,601,451,9,Feb-37,50.11,4.5,66.7,0,0,0.75,0.22,0.59,0.000
Javed Ahmadi (AFG),2010-2019,2010,2019,9,44,17,398,319,9,Apr-37,35.44,4.8,44.2,1,0,0.20,0.21,0.21,0.000
P Khadka (NEPAL),2018-2019,2018,2019,1,6,6,258,164,9,Apr-26,18.22,3.81,28.6,1,0,1.50,0.26,1.13,0.000
Khaliq Dad (AFG),2009-2010,2009,2010,1,6,6,252,150,9,Mar-30,16.66,3.57,28,0,0,1.50,0.28,1.13,0.000
RJ Kirtley (ENG),2001-2004,2001,2004,3,11,11,549,481,9,Feb-33,53.44,5.25,61,0,0,0.82,0.19,0.63,0.000
T Kumaran (INDIA),1999-2000,1999,2000,1,8,8,378,348,9,Mar-24,38.66,5.52,42,0,0,1.13,0.18,0.84,0.000
RP Lefebvre (NL),1996-2003,1996,2003,7,11,11,534,346,9,Feb-38,38.44,3.88,59.3,0,0,0.82,0.26,0.65,0.000
AS Luseno (KENYA),2003-2010,2003,2010,7,10,10,330,316,9,Apr-32,35.11,5.74,36.6,1,0,0.90,0.17,0.68,0.000
MW Machan (SCOT),2013-2016,2013,2016,3,23,16,402,384,9,Mar-31,42.66,5.73,44.6,0,0,0.39,0.17,0.33,0.000
CS MacLeod (SCOT),2008-2019,2008,2019,11,66,31,770,694,9,Feb-26,77.11,5.4,85.5,0,0,0.14,0.19,0.15,0.000
Mohammad Kashif (NL),2006-2010,2006,2010,4,11,11,450,410,9,Mar-42,45.55,5.46,50,0,0,0.82,0.18,0.63,0.000
Mohammad Shahzad (UAE),2014-2016,2014,2016,2,6,6,240,233,9,Apr-26,25.88,5.82,26.6,1,0,1.50,0.17,1.10,0.000
Mohammad Tauqir (UAE),2004-2015,2004,2015,11,11,11,491,383,9,Feb-38,42.55,4.68,54.5,0,0,0.82,0.21,0.64,0.000
DT Mutendera (ZIM),1999-2001,1999,2001,2,9,9,390,334,9,Mar-23,37.11,5.13,43.3,0,0,1.00,0.19,0.76,0.000
JL Ontong (Afr/SA),2001-2012,2001,2012,11,28,16,538,396,9,Mar-30,44,4.41,59.7,0,0,0.32,0.23,0.29,0.000
CAK Rajitha (SL),2018-2019,2018,2019,1,9,9,353,379,9,Feb-17,42.11,6.44,39.2,0,0,1.00,0.16,0.75,0.000
TG Shaw (SA),1991-1994,1991,1994,3,9,9,504,298,9,Feb-19,33.11,3.54,56,0,0,1.00,0.28,0.78,0.000
TAM Siriwardana (SL),2015-2019,2015,2019,4,27,21,601,547,9,Feb-27,60.77,5.46,66.7,0,0,0.33,0.18,0.29,0.000
Soumya Sarkar (BDESH),2014-2019,2014,2019,5,55,14,324,318,9,Mar-56,35.33,5.88,36,0,0,0.16,0.17,0.17,0.000
S Sriram (INDIA),2000-2004,2000,2004,4,8,8,324,274,9,Mar-43,30.44,5.07,36,0,0,1.13,0.20,0.85,0.000
CAH Stevenson (USA),2019-2019,2019,2019,0,4,4,186,149,9,Mar-22,16.55,4.8,20.6,0,0,2.25,0.21,1.64,0.000
ML Su'a (NZ),1992-1995,1992,1995,3,12,12,463,367,9,Apr-59,40.77,4.75,51.4,1,0,0.75,0.21,0.59,0.000
BRM Taylor (ZIM),2004-2019,2004,2019,15,193,21,396,406,9,Mar-54,45.11,6.15,44,0,0,0.05,0.16,0.08,0.000
SD Udal (ENG),1994-2005,1994,2005,11,11,11,612,400,9,Feb-37,44.44,3.92,68,0,0,0.82,0.26,0.65,0.000
RM West (IRE),2008-2009,2008,2009,1,10,9,447,279,9,Apr-26,31,3.74,49.6,1,0,0.90,0.27,0.71,0.000
D Wiese (SA),2015-2016,2015,2016,1,6,6,294,316,9,Mar-50,35.11,6.44,32.6,0,0,1.50,0.16,1.10,0.000
HS Williams (SA),1999-2000,1999,2000,1,7,7,329,228,9,Mar-38,25.33,4.15,36.5,0,0,1.29,0.24,0.97,0.000
KOK Williams (WI),2017-2018,2017,2018,1,8,7,330,293,9,Apr-43,32.55,5.32,36.6,1,0,1.13,0.19,0.84,0.000
B Wood (ENG),1972-1982,1972,1982,10,13,10,420,224,9,Feb-14,24.88,3.2,46.6,0,0,0.69,0.31,0.58,0.000
RA Woolmer (ENG),1972-1976,1972,1976,4,6,6,321,260,9,Mar-33,28.88,4.85,35.6,0,0,1.50,0.21,1.11,0.000
Abdur Rauf (PAK),2008-2008,2008,2008,0,4,4,214,212,8,Mar-24,26.5,5.94,26.7,0,0,2.00,0.17,1.45,0.000
RG Aga (KENYA),2004-2014,2004,2014,10,12,11,402,320,8,Feb-17,40,4.77,50.2,0,0,0.67,0.21,0.53,0.000
AC Agar (AUS),2015-2018,2015,2018,3,9,9,432,414,8,Feb-48,51.75,5.75,54,0,0,0.89,0.17,0.67,0.000
SL Campbell (WI),1994-2001,1994,2001,7,90,8,196,170,8,Apr-30,21.25,5.2,24.5,1,0,0.09,0.19,0.12,0.000
RP de Groen (NZ),1993-1994,1993,1994,1,12,12,549,478,8,Feb-34,59.75,5.22,68.6,0,0,0.67,0.19,0.52,0.000
Dolar Mahmud (BDESH),2008-2009,2008,2009,1,7,7,210,258,8,Apr-28,32.25,7.37,26.2,1,0,1.14,0.14,0.84,0.000
SF Graf (AUS),1980-1981,1980,1981,1,11,10,522,345,8,Feb-23,43.12,3.96,65.2,0,0,0.73,0.25,0.58,0.000
EJ Gray (NZ),1984-1988,1984,1988,4,10,9,386,286,8,Feb-26,35.75,4.44,48.2,0,0,0.80,0.23,0.63,0.000
Hasan Jamil (PAK),1977-1978,1977,1978,1,6,5,232,154,8,Mar-18,19.25,3.98,29,0,0,1.33,0.25,1.01,0.000
BC Hollioake (ENG),1997-2002,1997,2002,5,20,17,642,532,8,Feb-37,66.5,4.97,80.2,0,0,0.40,0.20,0.34,0.000
Irfan Ahmed (HKG),2008-2014,2008,2014,6,6,6,290,299,8,Mar-51,37.37,6.18,36.2,0,0,1.33,0.16,0.98,0.000
Izatullah Dawlatzai (AFG),2010-2015,2010,2015,5,5,5,210,146,8,Apr-38,18.25,4.17,26.2,1,0,1.60,0.24,1.19,0.000
DPMD Jayawardene (Asia/SL),1998-2015,1998,2015,17,448,28,593,563,8,Feb-56,70.37,5.69,74.1,0,0,0.02,0.18,0.07,0.000
MO Jones (BMUDA),2006-2007,2006,2007,1,12,12,458,482,8,Feb-25,60.25,6.31,57.2,0,0,0.67,0.16,0.51,0.000
Junaid Siddique (UAE),2019-2019,2019,2019,0,3,3,171,147,8,Mar-37,18.37,5.15,21.3,0,0,2.67,0.19,1.92,0.000
AR Kapoor (INDIA),1995-2000,1995,2000,5,17,17,900,612,8,Feb-33,76.5,4.08,112.5,0,0,0.47,0.25,0.40,0.000
JF Kloppenburg (NL),2002-2003,2002,2003,1,6,6,242,191,8,Apr-42,23.87,4.73,30.2,1,0,1.33,0.21,1.00,0.000
MKGCP Lakshitha (SL),2002-2003,2002,2003,1,7,7,300,254,8,Feb-34,31.75,5.08,37.5,0,0,1.14,0.20,0.86,0.000
TJ Laughlin (AUS),1978-1979,1978,1979,1,6,6,308,224,8,Mar-54,28,4.36,38.5,0,0,1.33,0.23,1.00,0.000
CH Lloyd (WI),1973-1985,1973,1985,12,87,10,358,210,8,02-Apr,26.25,3.51,44.7,0,0,0.09,0.28,0.15,0.000
ACI Lock (ZIM),1996-1996,1996,1996,0,8,7,289,219,8,May-44,27.37,4.54,36.1,0,1,1.00,0.22,0.77,0.125
JFM Morrison (NZ),1975-1983,1975,1983,8,18,7,283,199,8,Mar-24,24.87,4.21,35.3,0,0,0.44,0.24,0.38,0.000
PWA Mulder (SA),2017-2019,2017,2019,2,10,10,318,308,8,Feb-59,38.5,5.81,39.7,0,0,0.80,0.17,0.61,0.000
Naved Anjum (PAK),1984-1992,1984,1992,8,13,12,472,344,8,Feb-27,43,4.37,59,0,0,0.62,0.23,0.50,0.000
Nawroz Mangal (AFG),2009-2016,2009,2016,7,49,16,293,235,8,Mar-35,29.37,4.81,36.6,0,0,0.16,0.21,0.18,0.000
R Ngarava (ZIM),2017-2018,2017,2018,1,9,9,377,409,8,Feb-37,51.12,6.5,47.1,0,0,0.89,0.15,0.67,0.000
A Nortje (SA),2019-2019,2019,2019,0,4,4,189,150,8,Mar-57,18.75,4.76,23.6,0,0,2.00,0.21,1.46,0.000
NM Odhiambo (KENYA),2010-2013,2010,2013,3,8,7,318,256,8,Mar-48,32,4.83,39.7,0,0,1.00,0.21,0.76,0.000
SG Peall (ZIM),1992-1996,1992,1996,4,21,19,900,678,8,Mar-54,84.75,4.52,112.5,0,0,0.38,0.22,0.33,0.000
V Permaul (WI),2012-2017,2012,2017,5,7,7,331,271,8,Mar-40,33.87,4.91,41.3,0,0,1.14,0.20,0.86,0.000
MW Priest (NZ),1990-1998,1990,1998,8,18,17,752,590,8,Feb-27,73.75,4.7,94,0,0,0.44,0.21,0.37,0.000
Qadeer Ahmed (UAE),2015-2019,2015,2019,4,11,11,516,467,8,Feb-38,58.37,5.43,64.5,0,0,0.73,0.18,0.56,0.000
HP Rinke (ZIM),2006-2006,2006,2006,0,18,12,277,273,8,02-Nov,34.12,5.91,34.6,0,0,0.44,0.17,0.36,0.000
GR Robertson (AUS),1994-1998,1994,1998,4,13,13,597,430,8,Mar-29,53.75,4.32,74.6,0,0,0.62,0.23,0.50,0.000
GA Rogers (SCOT),2006-2008,2006,2008,2,13,11,512,409,8,Feb-22,51.12,4.79,64,0,0,0.62,0.21,0.49,0.000
BM Scholtz (NAM),2019-2019,2019,2019,0,5,5,224,131,8,Apr-27,16.37,3.5,28,1,0,1.60,0.29,1.21,0.000
RG Sharma (INDIA),2007-2019,2007,2019,12,221,38,593,515,8,Feb-27,64.37,5.21,74.1,0,0,0.04,0.19,0.08,0.000
AM Stuart (AUS),1997-1997,1997,1997,0,3,3,180,109,8,May-26,13.62,3.63,22.5,0,1,2.67,0.28,1.95,0.333
CEL Stuart (WI),2001-2001,2001,2001,0,5,5,258,205,8,May-44,25.62,4.76,32.2,0,1,1.60,0.21,1.18,0.200
SR Taylor (USA),2019-2019,2019,2019,0,9,7,229,170,8,Apr-23,21.25,4.45,28.6,1,0,0.89,0.22,0.69,0.000
SN Thakur (INDIA),2017-2019,2017,2019,2,7,7,323,339,8,Apr-52,42.37,6.29,40.3,1,0,1.14,0.16,0.85,0.000
JD Unadkat (INDIA),2013-2013,2013,2013,0,7,7,312,209,8,Apr-41,26.12,4.01,39,1,0,1.14,0.25,0.87,0.000
T van der Gugten (NL),2012-2013,2012,2013,1,4,4,126,85,8,May-24,10.62,4.04,15.7,0,1,2.00,0.25,1.47,0.250
RJ van Vuuren (NAM),2003-2003,2003,2003,0,5,5,300,298,8,May-43,37.25,5.96,37.5,0,1,1.60,0.17,1.17,0.200
BGK Walker (NZ),2000-2002,2000,2002,2,11,11,438,417,8,Feb-43,52.12,5.71,54.7,0,0,0.73,0.18,0.56,0.000
B Warnapura (SL),1975-1982,1975,1982,7,12,9,414,316,8,Mar-42,39.5,4.57,51.7,0,0,0.67,0.22,0.53,0.000
VJ Wells (ENG),1999-1999,1999,1999,0,9,8,220,189,8,Mar-30,23.62,5.15,27.5,0,0,0.89,0.19,0.68,0.000
BM Wheeler (NZ),2015-2015,2015,2015,0,6,6,309,315,8,Mar-63,39.37,6.11,38.6,0,0,1.33,0.16,0.98,0.000
SG Whittingham (SCOT),2017-2019,2017,2019,2,5,5,251,224,8,Mar-58,28,5.35,31.3,0,0,1.60,0.19,1.18,0.000
RGCE Wijesuriya (SL),1982-1985,1982,1985,3,8,8,312,287,8,Feb-25,35.87,5.51,39,0,0,1.00,0.18,0.75,0.000
NS Yadav (INDIA),1986-1987,1986,1987,1,7,7,330,228,8,Feb-18,28.5,4.14,41.2,0,0,1.14,0.24,0.87,0.000
S Abid Ali (INDIA),1974-1975,1974,1975,1,5,5,336,187,7,Feb-22,26.71,3.33,48,0,0,1.40,0.30,1.07,0.000
Aminul Islam (BDESH),1988-2002,1988,2002,14,39,19,412,411,7,Mar-57,58.71,5.98,58.8,0,0,0.18,0.17,0.18,0.000
Asif Mujtaba (PAK),1986-1996,1986,1996,10,66,28,756,658,7,Feb-38,94,5.22,108,0,0,0.11,0.19,0.13,0.000
KBJ Azad (INDIA),1980-1986,1980,1986,6,25,11,390,273,7,Feb-48,39,4.2,55.7,0,0,0.28,0.24,0.27,0.000
SB Bangar (INDIA),2002-2004,2002,2004,2,15,14,442,384,7,Feb-39,54.85,5.21,63.1,0,0,0.47,0.19,0.38,0.000
OAC Banks (WI),2003-2005,2003,2005,2,5,5,270,189,7,Feb-24,27,4.2,38.5,0,0,1.40,0.24,1.05,0.000
BS Bedi (INDIA),1974-1979,1974,1979,5,10,10,590,340,7,Feb-44,48.57,3.45,84.2,0,0,0.70,0.29,0.58,0.000
RE Bryson (SA),1997-1997,1997,1997,0,7,7,378,323,7,Feb-34,46.14,5.12,54,0,0,1.00,0.20,0.76,0.000
RP Burl (ZIM),2017-2019,2017,2019,2,18,10,210,207,7,Apr-32,29.57,5.91,30,1,0,0.39,0.17,0.32,0.000
BE Congdon (NZ),1973-1978,1973,1978,5,11,10,437,287,7,Feb-17,41,3.94,62.4,0,0,0.64,0.25,0.52,0.000
GJ Crocker (ZIM),1992-1993,1992,1993,1,6,6,238,208,7,Apr-26,29.71,5.24,34,1,0,1.17,0.19,0.87,0.000
AB de Villiers (Afr/SA),2005-2018,2005,2018,13,228,9,192,202,7,Feb-15,28.85,6.31,27.4,0,0,0.03,0.16,0.07,0.000
DAG Fletcher (ZIM),1983-1983,1983,1983,0,6,6,301,221,7,Apr-42,31.57,4.4,43,1,0,1.17,0.23,0.88,0.000
AS Hansra (CAN),2010-2014,2010,2014,4,24,18,445,413,7,Mar-27,59,5.56,63.5,0,0,0.29,0.18,0.26,0.000
CW Henderson (SA),2001-2001,2001,2001,0,4,4,217,132,7,Apr-17,18.85,3.64,31,1,0,1.75,0.27,1.31,0.000
MC Henriques (AUS),2009-2017,2009,2017,8,11,10,354,306,7,Mar-32,43.71,5.18,50.5,0,0,0.64,0.19,0.50,0.000
AG Huckle (ZIM),1997-1999,1997,1999,2,19,18,858,661,7,Feb-27,94.42,4.62,122.5,0,0,0.37,0.22,0.32,0.000
Javed Miandad (PAK),1975-1996,1975,1996,21,233,12,436,297,7,Feb-22,42.42,4.08,62.2,0,0,0.03,0.25,0.09,0.000
SP Jones (ENG),2004-2005,2004,2005,1,8,7,348,275,7,Feb-43,39.28,4.74,49.7,0,0,0.88,0.21,0.68,0.000
Kamran Shazad (UAE),2014-2015,2014,2015,1,4,4,222,209,7,Mar-41,29.85,5.64,31.7,0,0,1.75,0.18,1.28,0.000
JJ Krejza (AUS),2011-2011,2011,2011,0,8,8,425,331,7,Feb-28,47.28,4.67,60.7,0,0,0.88,0.21,0.68,0.000
Krishna Chandran (UAE),2014-2016,2014,2016,2,12,11,418,431,7,Mar-45,61.57,6.18,59.7,0,0,0.58,0.16,0.46,0.000
ML Lewis (AUS),2005-2006,2005,2006,1,7,7,341,391,7,Mar-56,55.85,6.87,48.7,0,0,1.00,0.15,0.74,0.000
Mahbubul Alam (BDESH),2009-2009,2009,2009,0,5,5,222,280,7,Feb-42,40,7.56,31.7,0,0,1.40,0.13,1.02,0.000
B Mavuta (ZIM),2018-2019,2018,2019,1,7,7,276,266,7,Feb-30,38,5.78,39.4,0,0,1.00,0.17,0.75,0.000
Mominul Haque (BDESH),2012-2018,2012,2018,6,28,12,234,190,7,Feb-13,27.14,4.87,33.4,0,0,0.25,0.21,0.24,0.000
EA Moseley (WI),1990-1991,1990,1991,1,9,8,330,278,7,Feb-52,39.71,5.05,47.1,0,0,0.78,0.20,0.60,0.000
C Munro (NZ),2013-2019,2013,2019,6,57,25,552,481,7,02-Oct,68.71,5.22,78.8,0,0,0.12,0.19,0.14,0.000
T Muzarabani (ZIM),2015-2016,2015,2016,1,8,8,323,262,7,Feb-32,37.42,4.86,46.1,0,0,0.88,0.21,0.67,0.000
AK Patel (INDIA),1984-1985,1984,1985,1,8,6,360,263,7,Mar-43,37.57,4.38,51.4,0,0,0.88,0.23,0.68,0.000
NK Patel (USA),2019-2019,2019,2019,0,6,5,132,101,7,02-Nov,14.42,4.59,18.8,0,0,1.17,0.22,0.88,0.000
KP Pietersen (ENG/ICC),2004-2013,2004,2013,9,136,23,400,370,7,Feb-22,52.85,5.55,57.1,0,0,0.05,0.18,0.09,0.000
AM Samad (CAN),2003-2009,2003,2009,6,27,14,235,281,7,01-Aug,40.14,7.17,33.5,0,0,0.26,0.14,0.22,0.000
KD Shah (HKG),2014-2018,2014,2018,4,10,3,110,79,7,04-Oct,11.28,4.3,15.7,1,0,0.70,0.23,0.56,0.000
OA Shah (ENG),2001-2009,2001,2009,8,71,10,193,184,7,Mar-15,26.28,5.72,27.5,0,0,0.10,0.17,0.12,0.000
Shahid Mahboob (PAK),1982-1984,1982,1984,2,10,10,540,382,7,Jan-23,54.57,4.24,77.1,0,0,0.70,0.24,0.56,0.000
BB Sran (INDIA),2016-2016,2016,2016,0,6,6,302,269,7,Mar-56,38.42,5.34,43.1,0,0,1.17,0.19,0.87,0.000
B Stanlake (AUS),2017-2019,2017,2019,2,7,7,354,324,7,Mar-35,46.28,5.49,50.5,0,0,1.00,0.18,0.75,0.000
GB Stevenson (ENG),1980-1981,1980,1981,1,4,4,192,125,7,Apr-33,17.85,3.9,27.4,1,0,1.75,0.26,1.30,0.000
CP Tremain (AUS),2016-2016,2016,2016,0,4,4,240,255,7,Mar-64,36.42,6.37,34.2,0,0,1.75,0.16,1.27,0.000
TE Tucker (BMUDA),2008-2009,2008,2009,1,5,5,174,157,7,Apr-56,22.42,5.41,24.8,1,0,1.40,0.18,1.04,0.000
SL Watkin (ENG),1994-1994,1994,1994,0,4,4,221,193,7,Apr-49,27.57,5.23,31.5,1,0,1.75,0.19,1.28,0.000
B Yardley (AUS),1978-1983,1978,1983,5,7,5,198,130,7,Mar-28,18.57,3.93,28.2,0,0,1.00,0.25,0.78,0.000
Zaheer Abbas (PAK),1974-1985,1974,1985,11,62,12,280,223,7,Feb-26,31.85,4.77,40,0,0,0.11,0.21,0.14,0.000
Zeeshan Maqsood (OMAN),2019-2019,2019,2019,0,5,5,264,147,7,Mar-35,21,3.34,37.7,0,0,1.40,0.30,1.07,0.000
Aqib Ilyas (OMAN),2019-2019,2019,2019,0,5,5,138,80,6,Feb-32,13.33,3.47,23,0,0,1.20,0.29,0.93,0.000
Athar Ali Khan (BDESH),1988-1998,1988,1998,10,19,15,420,365,6,Feb-33,60.83,5.21,70,0,0,0.32,0.19,0.28,0.000
ID Austin (ENG),1998-1999,1998,1999,1,9,9,475,360,6,Feb-25,60,4.54,79.1,0,0,0.67,0.22,0.53,0.000
Azhar Saeed (UAE),1994-1996,1994,1996,2,7,7,271,213,6,Mar-45,35.5,4.71,45.1,0,0,0.86,0.21,0.66,0.000
IR Bell (ENG),2004-2015,2004,2015,11,161,6,88,88,6,03-Sep,14.66,6,14.6,0,0,0.04,0.17,0.08,0.000
Bilawal Bhatti (PAK),2013-2015,2013,2015,2,10,10,409,439,6,Mar-37,73.16,6.44,68.1,0,0,0.60,0.16,0.47,0.000
GE Bradburn (NZ),1990-2001,1990,2001,11,11,10,385,318,6,Feb-18,53,4.95,64.1,0,0,0.55,0.20,0.44,0.000
LJ Burger (NAM),2003-2003,2003,2003,0,6,6,330,297,6,Mar-39,49.5,5.4,55,0,0,1.00,0.19,0.76,0.000
N Deonarine (WI),2005-2015,2005,2015,10,31,20,501,475,6,Feb-18,79.16,5.68,83.5,0,0,0.19,0.18,0.19,0.000
LHD Dilhara (SL),2005-2013,2005,2013,8,9,8,330,261,6,Feb-30,43.5,4.74,55,0,0,0.67,0.21,0.53,0.000
SF Dukanwala (UAE),1996-1996,1996,1996,0,5,4,198,153,6,May-29,25.5,4.63,33,0,1,1.20,0.22,0.90,0.200
Fahad Alhashmi (UAE),2008-2015,2008,2015,7,5,5,224,202,6,Feb-39,33.66,5.41,37.3,0,0,1.20,0.18,0.90,0.000
KHRK Fernando (SL),2002-2006,2002,2006,4,7,7,234,159,6,03-Dec,26.5,4.07,39,0,0,0.86,0.25,0.67,0.000
SC Getkate (IRE),2019-2019,2019,2019,0,3,3,162,120,6,Feb-30,20,4.44,27,0,0,2.00,0.23,1.47,0.000
JOA Gordon (CAN),2012-2014,2012,2014,2,5,5,204,191,6,Mar-26,31.83,5.61,34,0,0,1.20,0.18,0.89,0.000
MD Gunathilaka (SL),2015-2019,2015,2019,4,38,18,306,296,6,Mar-48,49.33,5.8,51,0,0,0.16,0.17,0.16,0.000
RO Hinds (WI),2001-2004,2001,2004,3,14,12,407,350,6,Feb-19,58.33,5.15,67.8,0,0,0.43,0.19,0.36,0.000
Imran Farhat (PAK),2001-2013,2001,2013,12,58,8,116,110,6,03-Oct,18.33,5.68,19.3,0,0,0.10,0.18,0.13,0.000
MMA Jonkman (NL),2007-2010,2007,2010,3,4,4,136,113,6,Mar-22,18.83,4.98,22.6,0,0,1.50,0.20,1.11,0.000
Karim Sadiq (AFG),2009-2016,2009,2016,7,24,12,320,201,6,02-Oct,33.5,3.76,53.3,0,0,0.25,0.27,0.25,0.000
J Kila (PNG),2018-2019,2018,2019,1,6,6,199,135,6,Mar-27,22.5,4.07,33.1,0,0,1.00,0.25,0.77,0.000
PN Kirsten (SA),1991-1994,1991,1994,3,40,8,183,152,6,Mar-31,25.33,4.98,30.5,0,0,0.15,0.20,0.17,0.000
BP Loots (NL),2010-2011,2010,2011,1,7,7,280,287,6,Mar-16,47.83,6.15,46.6,0,0,0.86,0.16,0.65,0.000
PE McEwan (NZ),1980-1985,1980,1985,5,17,10,420,353,6,Feb-29,58.83,5.04,70,0,0,0.35,0.20,0.31,0.000
SCG MacGill (AUS),2000-2000,2000,2000,0,3,3,180,105,6,Apr-19,17.5,3.5,30,1,0,2.00,0.29,1.49,0.000
KA Maharaj (SA),2017-2018,2017,2018,1,4,4,187,166,6,Mar-25,27.66,5.32,31.1,0,0,1.50,0.19,1.11,0.000
KO Meth (ZIM),2006-2012,2006,2012,6,11,9,406,419,6,Feb-52,69.83,6.19,67.6,0,0,0.55,0.16,0.43,0.000
PL Mommsen (SCOT),2010-2017,2010,2017,7,44,6,132,130,6,Mar-26,21.66,5.9,22,0,0,0.14,0.17,0.15,0.000
CT Mutombodzi (ZIM),2013-2015,2013,2015,2,11,9,311,278,6,Feb-33,46.33,5.36,51.8,0,0,0.55,0.19,0.44,0.000
Naveen-ul-Haq (AFG),2016-2019,2016,2019,3,4,4,212,201,6,Mar-60,33.5,5.68,35.3,0,0,1.50,0.18,1.10,0.000
EO Odumbe (KENYA),1996-1996,1996,1996,0,8,7,137,137,6,02-Aug,22.83,6,22.8,0,0,0.75,0.17,0.58,0.000
TK Patel (USA),2019-2019,2019,2019,0,5,4,192,114,6,Feb-25,19,3.56,32,0,0,1.20,0.28,0.92,0.000
MJR Rindel (SA),1994-1999,1994,1999,5,22,12,270,242,6,Feb-15,40.33,5.37,45,0,0,0.27,0.19,0.25,0.000
GK Robertson (NZ),1981-1989,1981,1989,8,10,10,498,321,6,Feb-29,53.5,3.86,83,0,0,0.60,0.26,0.50,0.000
BG Rogers (ZIM),2002-2005,2002,2005,3,15,9,324,321,6,Feb-55,53.5,5.94,54,0,0,0.40,0.17,0.33,0.000
Saeed Anwar (PAK),1989-2003,1989,2003,14,247,13,242,191,6,02-Sep,31.83,4.73,40.3,0,0,0.02,0.21,0.08,0.000
Saiful Islam (BDESH),1990-1997,1990,1997,7,7,7,303,256,6,Apr-36,42.66,5.06,50.5,1,0,0.86,0.20,0.66,0.000
R Sharma (INDIA),2011-2012,2011,2012,1,4,4,206,177,6,Mar-43,29.5,5.15,34.3,0,0,1.50,0.19,1.11,0.000
CEW Silverwood (ENG),1996-2001,1996,2001,5,7,7,306,244,6,Mar-43,40.66,4.78,51,0,0,0.86,0.21,0.66,0.000
NMK Smith (ENG),1996-1996,1996,1996,0,7,6,261,190,6,Mar-29,31.66,4.36,43.5,0,0,0.86,0.23,0.67,0.000
G Snyman (NAM),2003-2003,2003,2003,0,5,5,288,281,6,Mar-69,46.83,5.85,48,0,0,1.20,0.17,0.89,0.000
JH Stander (SCOT),2009-2012,2009,2012,3,5,4,150,166,6,Feb-25,27.66,6.64,25,0,0,1.20,0.15,0.89,0.000
DA Stirling (NZ),1984-1984,1984,1984,0,6,6,246,207,6,Feb-29,34.5,5.04,41,0,0,1.00,0.20,0.76,0.000
Taijul Islam (BDESH),2014-2019,2014,2019,5,6,6,342,220,6,04-Nov,36.66,3.85,57,1,0,1.00,0.26,0.78,0.000
Talha Jubair (BDESH),2002-2003,2002,2003,1,6,6,204,255,6,Apr-65,42.5,7.5,34,1,0,1.00,0.13,0.74,0.000
HP Tillakaratne (SL),1986-2003,1986,2003,17,200,15,180,141,6,01-Mar,23.5,4.7,30,0,0,0.03,0.21,0.08,0.000
AC Voges (AUS),2007-2013,2007,2013,6,31,15,301,276,6,01-Mar,46,5.5,50.1,0,0,0.19,0.18,0.19,0.000
KPJ Warnaweera (SL),1990-1993,1990,1993,3,6,6,294,200,6,Feb-24,33.33,4.08,49,0,0,1.00,0.25,0.77,0.000
K Weeraratne (SL),2000-2008,2000,2008,8,15,14,480,385,6,Mar-46,64.16,4.81,80,0,0,0.40,0.21,0.34,0.000
Jai P Yadav (INDIA),2002-2005,2002,2005,3,12,10,396,326,6,Feb-32,54.33,4.93,66,0,0,0.50,0.20,0.41,0.000
Zahid Shah (UAE),2008-2008,2008,2008,0,2,2,120,98,6,Mar-49,16.33,4.9,20,0,0,3.00,0.20,2.16,0.000
Abu Jayed (BDESH),2019-2019,2019,2019,0,2,2,108,114,5,May-58,22.8,6.33,21.6,0,1,2.50,0.16,1.80,0.500
Asif Masood (PAK),1973-1976,1973,1976,3,7,7,402,234,5,02-Sep,46.8,3.49,80.4,0,0,0.71,0.29,0.59,0.000
ST Banerjee (INDIA),1991-1992,1991,1992,1,6,6,240,202,5,Mar-30,40.4,5.05,48,0,0,0.83,0.20,0.64,0.000
GJ Batty (ENG),2002-2009,2002,2009,7,10,9,440,366,5,Feb-40,73.2,4.99,88,0,0,0.50,0.20,0.41,0.000
A Bhandari (INDIA),2000-2004,2000,2004,4,2,2,106,106,5,Mar-31,21.2,6,21.2,0,0,2.50,0.17,1.80,0.000
Bilal Asif (PAK),2015-2015,2015,2015,0,3,3,132,96,5,May-25,19.2,4.36,26.4,0,1,1.67,0.23,1.24,0.333
G Boycott (ENG),1971-1981,1971,1981,10,36,6,168,105,5,Feb-14,21,3.75,33.6,0,0,0.14,0.27,0.18,0.000
D Brown (WI),2001-2002,2001,2002,1,3,3,150,124,5,Mar-21,24.8,4.96,30,0,0,1.67,0.20,1.23,0.000
MG Burmester (ZIM),1992-1995,1992,1995,3,8,7,209,213,5,Mar-36,42.6,6.11,41.8,0,0,0.63,0.16,0.49,0.000
IW Callen (AUS),1978-1982,1978,1982,4,5,4,180,148,5,Mar-24,29.6,4.93,36,0,0,1.00,0.20,0.76,0.000
J Cameron-Dow (IRE),2019-2019,2019,2019,0,4,4,186,151,5,Mar-32,30.2,4.87,37.2,0,0,1.25,0.21,0.94,0.000
TK Canning (NZ),2003-2005,2003,2005,2,4,4,204,203,5,Feb-30,40.6,5.97,40.8,0,0,1.25,0.17,0.93,0.000
NM Carter (SCOT),2013-2013,2013,2013,0,3,3,175,132,5,Mar-27,26.4,4.52,35,0,0,1.67,0.22,1.23,0.000
NGB Cook (ENG),1984-1989,1984,1989,5,3,3,144,95,5,Feb-18,19,3.95,28.8,0,0,1.67,0.25,1.24,0.000
DJ Cullinan (SA),1993-2000,1993,2000,7,138,9,174,124,5,Feb-30,24.8,4.27,34.8,0,0,0.04,0.23,0.10,0.000
BCJ Cutting (AUS),2013-2014,2013,2014,1,4,4,216,158,5,Mar-45,31.6,4.38,43.2,0,0,1.25,0.23,0.94,0.000
PC de Silva (SL),2014-2017,2014,2017,3,7,7,316,256,5,Feb-29,51.2,4.86,63.2,0,0,0.71,0.21,0.56,0.000
NR Dyer (SCOT),1999-1999,1999,1999,0,5,3,156,117,5,Feb-26,23.4,4.5,31.2,0,0,1.00,0.22,0.77,0.000
Elias Sunny (BDESH),2011-2012,2011,2012,1,4,4,204,161,5,Feb-21,32.2,4.73,40.8,0,0,1.25,0.21,0.94,0.000
GM Ewing (ZIM),2004-2005,2004,2005,1,7,7,312,236,5,Mar-31,47.2,4.53,62.4,0,0,0.71,0.22,0.57,0.000
Fareed Ahmad (AFG),2014-2017,2014,2017,3,5,4,150,143,5,Mar-65,28.6,5.72,30,0,0,1.00,0.17,0.75,0.000
Fawad Alam (PAK),2007-2015,2007,2015,8,38,13,398,377,5,01-Aug,75.4,5.68,79.6,0,0,0.13,0.18,0.14,0.000
MVT Fernando (SL),2017-2019,2017,2019,2,8,8,297,337,5,Jan-35,67.4,6.8,59.4,0,0,0.63,0.15,0.48,0.000
WT Gavera (PNG),2014-2017,2014,2017,3,4,4,192,160,5,Mar-49,32,5,38.4,0,0,1.25,0.20,0.94,0.000
Gholam Nousher (BDESH),1986-1990,1986,1990,4,9,9,408,314,5,Jan-27,62.8,4.61,81.6,0,0,0.56,0.22,0.45,0.000
RC Haynes (WI),1989-1991,1989,1991,2,8,7,270,224,5,Feb-36,44.8,4.97,54,0,0,0.63,0.20,0.50,0.000
TJ Heggelman (NL),2010-2011,2010,2011,1,5,3,102,86,5,Mar-29,17.2,5.05,20.4,0,0,1.00,0.20,0.76,0.000
IG Holland (USA),2019-2019,2019,2019,0,4,4,138,100,5,03-Nov,20,4.34,27.6,0,0,1.25,0.23,0.94,0.000
RO Hurley (WI),2003-2004,2003,2004,1,9,7,378,313,5,Jan-25,62.6,4.96,75.6,0,0,0.56,0.20,0.45,0.000
Ijaz Ahmed (PAK),1986-2000,1986,2000,14,250,28,637,476,5,Feb-31,95.2,4.48,127.4,0,0,0.02,0.22,0.08,0.000
Jasdeep Singh (USA),2019-2019,2019,2019,0,4,4,114,104,5,Apr-51,20.8,5.47,22.8,1,0,1.25,0.18,0.93,0.000
Jay Odedra (OMAN),2019-2019,2019,2019,0,2,2,120,82,5,Apr-34,16.4,4.1,24,1,0,2.50,0.24,1.82,0.000
S Jeganathan (SL),1983-1988,1983,1988,5,5,5,276,208,5,Feb-45,41.6,4.52,55.2,0,0,1.00,0.22,0.77,0.000
D Joseph (CAN),2003-2003,2003,2003,0,4,4,186,170,5,Feb-42,34,5.48,37.2,0,0,1.25,0.18,0.93,0.000
Karan KC (NEPAL),2018-2019,2018,2019,1,5,5,234,199,5,Feb-31,39.8,5.1,46.8,0,0,1.00,0.20,0.76,0.000
RJ Kennedy (NZ),1996-1996,1996,1996,0,7,7,312,283,5,Feb-36,56.6,5.44,62.4,0,0,0.71,0.18,0.56,0.000
SC Kuggeleijn (NZ),2017-2017,2017,2017,0,2,2,84,58,5,Mar-41,11.6,4.14,16.8,0,0,2.50,0.24,1.82,0.000
JB Little (IRE),2019-2019,2019,2019,0,4,4,216,262,5,Apr-45,52.4,7.27,43.2,1,0,1.25,0.14,0.92,0.000
SW Lubbers (NL),1996-1996,1996,1996,0,4,4,216,187,5,Mar-48,37.4,5.19,43.2,0,0,1.25,0.19,0.93,0.000
MAWR Madurasinghe (SL),1988-1992,1988,1992,4,12,11,480,358,5,01-Nov,71.6,4.47,96,0,0,0.42,0.22,0.36,0.000
Manzoor Akhtar (PAK),1997-1998,1997,1998,1,7,6,199,184,5,Apr-50,36.8,5.54,39.8,1,0,0.71,0.18,0.55,0.000
Mohammad Hasnain (PAK),2019-2019,2019,2019,0,5,5,246,303,5,Feb-52,60.6,7.39,49.2,0,0,1.00,0.14,0.74,0.000
Mohammad Khalil (PAK),2005-2005,2005,2005,0,3,3,144,144,5,Feb-55,28.8,6,28.8,0,0,1.67,0.17,1.22,0.000
HJC Mol (NL),2002-2008,2002,2008,6,11,7,182,149,5,Feb-17,29.8,4.91,36.4,0,0,0.45,0.20,0.38,0.000
J Mulder (IRE),2017-2017,2017,2017,0,4,4,186,155,5,Mar-57,31,5,37.2,0,0,1.25,0.20,0.94,0.000
Nadeem Ghauri (PAK),1990-1990,1990,1990,0,6,6,342,230,5,Feb-51,46,4.03,68.4,0,0,0.83,0.25,0.66,0.000
Naseer Malik (PAK),1975-1975,1975,1975,0,3,3,180,98,5,Feb-37,19.6,3.26,36,0,0,1.67,0.31,1.26,0.000
BP Nash (WI),2008-2009,2008,2009,1,9,6,294,224,5,Mar-56,44.8,4.57,58.8,0,0,0.56,0.22,0.45,0.000
Nazmul Islam (BDESH),2018-2018,2018,2018,0,5,5,264,224,5,Feb-38,44.8,5.09,52.8,0,0,1.00,0.20,0.76,0.000
TS Nethula (NZ),2012-2012,2012,2012,0,5,5,264,249,5,Feb-41,49.8,5.65,52.8,0,0,1.00,0.18,0.75,0.000
LN Oluoch (KENYA),2011-2011,2011,2011,0,2,2,96,79,5,Mar-41,15.8,4.93,19.2,0,0,2.50,0.20,1.81,0.000
ARM Opatha (SL),1975-1979,1975,1979,4,5,5,253,180,5,Mar-31,36,4.26,50.6,0,0,1.00,0.23,0.77,0.000
SMA Priyanjan (SL),2013-2015,2013,2015,2,23,14,265,233,5,02-Nov,46.6,5.27,53,0,0,0.22,0.19,0.21,0.000
Qaiser Ali (CAN),2006-2008,2006,2008,2,17,6,182,132,5,Mar-28,26.4,4.35,36.4,0,0,0.29,0.23,0.27,0.000
DB Rundle (SA),1994-1994,1994,1994,0,2,2,96,95,5,Apr-42,19,5.93,19.2,1,0,2.50,0.17,1.80,0.000
Saleem Altaf (PAK),1973-1978,1973,1978,5,6,6,285,151,5,02-Jul,30.2,3.17,57,0,0,0.83,0.32,0.68,0.000
IDK Salisbury (ENG),1993-1994,1993,1994,1,4,4,186,177,5,Mar-41,35.4,5.7,37.2,0,0,1.25,0.18,0.93,0.000
TAP Sekhar (INDIA),1983-1985,1983,1985,2,4,4,156,128,5,Mar-23,25.6,4.92,31.2,0,0,1.25,0.20,0.94,0.000
JJ Smit (NAM),2019-2019,2019,2019,0,5,5,156,120,5,Mar-21,24,4.61,31.2,0,0,1.00,0.22,0.77,0.000
RS Sodhi (INDIA),2000-2002,2000,2002,2,18,14,462,365,5,Feb-31,73,4.74,92.4,0,0,0.28,0.21,0.26,0.000
RD Steede (BMUDA),2006-2008,2006,2008,2,8,8,312,257,5,Jan-21,51.4,4.94,62.4,0,0,0.63,0.20,0.50,0.000
Sunzamul Islam (BDESH),2017-2018,2017,2018,1,3,3,150,79,5,Feb-22,15.8,3.16,30,0,0,1.67,0.32,1.26,0.000
Tanveer Ahmed (HKG),2016-2018,2016,2018,2,6,6,229,208,5,Feb-49,41.6,5.44,45.8,0,0,0.83,0.18,0.64,0.000
MK Tiwary (INDIA),2008-2015,2008,2015,7,12,6,132,150,5,Apr-61,30,6.81,26.4,1,0,0.42,0.15,0.34,0.000
GC Tonge (WI),2009-2009,2009,2009,0,5,5,300,224,5,Apr-25,44.8,4.48,60,1,0,1.00,0.22,0.77,0.000
S Venkataraghavan (INDIA),1974-1983,1974,1983,9,15,14,868,542,5,Feb-34,108.4,3.74,173.6,0,0,0.33,0.27,0.31,0.000
T Yohannan (INDIA),2002-2002,2002,2002,0,3,3,120,122,5,Mar-33,24.4,6.1,24,0,0,1.67,0.16,1.22,0.000
Sultan Zarawani (UAE),1994-1996,1994,1996,2,7,7,264,257,5,Feb-49,51.4,5.84,52.8,0,0,0.71,0.17,0.55,0.000
Aamer Hanif (PAK),1993-1995,1993,1995,2,5,4,130,122,4,Mar-36,30.5,5.63,32.5,0,0,0.80,0.18,0.61,0.000
Afzaal Haider (HKG),2004-2008,2004,2008,4,4,4,180,227,4,Jan-31,56.75,7.56,45,0,0,1.00,0.13,0.74,0.000
FA Allen (WI),2018-2019,2018,2019,1,12,11,360,360,4,Feb-40,90,6,90,0,0,0.33,0.17,0.28,0.000
J Angel (AUS),1994-1995,1994,1995,1,3,3,162,113,4,Feb-47,28.25,4.18,40.5,0,0,1.33,0.24,1.01,0.000
Ashfaq Ahmed (UAE),2018-2019,2018,2019,1,16,7,223,185,4,Feb-55,46.25,4.97,55.7,0,0,0.25,0.20,0.24,0.000
Asim Butt (SCOT),1999-1999,1999,1999,0,5,5,222,148,4,Feb-24,37,4,55.5,0,0,0.80,0.25,0.64,0.000
Azhar Ali (PAK),2011-2018,2011,2018,7,53,14,258,260,4,Feb-26,65,6.04,64.5,0,0,0.08,0.17,0.10,0.000
Azhar Hossain (BDESH),1988-1990,1988,1990,2,7,7,263,209,4,Jan-20,52.25,4.76,65.7,0,0,0.57,0.21,0.46,0.000
GR Beard (AUS),1981-1981,1981,1981,0,2,2,112,70,4,Feb-20,17.5,3.75,28,0,0,2.00,0.27,1.48,0.000
DM Benkenstein (SA),1998-2002,1998,2002,4,23,4,65,44,4,03-May,11,4.06,16.2,0,0,0.17,0.25,0.20,0.000
MJ Bennett (AUS),1984-1985,1984,1985,1,8,8,408,275,4,Feb-27,68.75,4.04,102,0,0,0.50,0.25,0.42,0.000
Bilal Khan (OMAN),2019-2019,2019,2019,0,4,4,222,151,4,Feb-32,37.75,4.08,55.5,0,0,1.00,0.25,0.77,0.000
JL Carter (WI),2015-2019,2015,2019,4,33,12,136,160,4,Feb-14,40,7.05,34,0,0,0.12,0.14,0.13,0.000
NA David (INDIA),1997-1997,1997,1997,0,4,4,192,133,4,Mar-21,33.25,4.15,48,0,0,1.00,0.24,0.77,0.000
AP Devcich (NZ),2013-2016,2013,2016,3,12,11,324,291,4,Feb-33,72.75,5.38,81,0,0,0.33,0.19,0.29,0.000
R Dravid (Asia/ICC/INDIA),1996-2011,1996,2011,15,344,8,186,170,4,Feb-43,42.5,5.48,46.5,0,0,0.01,0.18,0.06,0.000
CJ Drum (NZ),1999-1999,1999,1999,0,5,5,216,261,4,Feb-31,65.25,7.25,54,0,0,0.80,0.14,0.60,0.000
Ehsan Adil (PAK),2013-2015,2013,2015,2,6,6,225,223,4,Jan-31,55.75,5.94,56.2,0,0,0.67,0.17,0.52,0.000
AJ Finch (AUS),2013-2019,2013,2019,6,119,19,266,239,4,01-Feb,59.75,5.39,66.5,0,0,0.03,0.19,0.08,0.000
N Gifford (ENG),1985-1985,1985,1985,0,2,2,120,50,4,Apr-23,12.5,2.5,30,1,0,2.00,0.40,1.52,0.000
MW Goodwin (ZIM),1998-2000,1998,2000,2,71,15,248,210,4,01-Dec,52.5,5.08,62,0,0,0.06,0.20,0.10,0.000
MJ Guptill (NZ),2009-2019,2009,2019,10,179,11,109,98,4,02-Jun,24.5,5.39,27.2,0,0,0.02,0.19,0.07,0.000
R Illingworth (ENG),1971-1973,1971,1973,2,3,2,130,84,4,Mar-50,21,3.87,32.5,0,0,1.33,0.26,1.01,0.000
Ilyas Gull (HKG),2004-2004,2004,2004,0,2,2,114,113,4,Mar-46,28.25,5.94,28.5,0,0,2.00,0.17,1.45,0.000
Intikhab Alam (PAK),1973-1976,1973,1976,3,4,4,158,118,4,Feb-36,29.5,4.48,39.5,0,0,1.00,0.22,0.77,0.000
MM Iqbal (SCOT),2009-2014,2009,2014,5,13,8,270,270,4,Feb-35,67.5,6,67.5,0,0,0.31,0.17,0.27,0.000
KCB Jeremy (WI),2000-2001,2000,2001,1,6,5,192,163,4,Feb-42,40.75,5.09,48,0,0,0.67,0.20,0.53,0.000
AH Jones (NZ),1987-1995,1987,1995,8,87,11,306,216,4,Feb-42,54,4.23,76.5,0,0,0.05,0.24,0.10,0.000
Jubair Hossain (BDESH),2014-2015,2014,2015,1,3,3,114,114,4,Feb-41,28.5,6,28.5,0,0,1.33,0.17,0.98,0.000
Junaid Siddiqui (CAN),2011-2014,2011,2014,3,9,9,400,302,4,Jan-20,75.5,4.53,100,0,0,0.44,0.22,0.38,0.000
K Kamyuka (CAN),2013-2013,2013,2013,0,2,2,47,47,4,Apr-38,11.75,6,11.7,1,0,2.00,0.17,1.45,0.000
E Katchay (CAN),2008-2009,2008,2009,1,5,5,174,143,4,Mar-39,35.75,4.93,43.5,0,0,0.80,0.20,0.62,0.000
V Kohli (INDIA),2008-2019,2008,2019,11,242,48,641,665,4,Jan-15,166.25,6.22,160.2,0,0,0.02,0.16,0.06,0.000
BC Lara (ICC/WI),1990-2007,1990,2007,17,299,5,49,61,4,02-May,15.25,7.46,12.2,0,0,0.01,0.13,0.05,0.000
B Laughlin (AUS),2009-2009,2009,2009,0,5,5,224,219,4,Jan-28,54.75,5.86,56,0,0,0.80,0.17,0.61,0.000
DV Lawrence (ENG),1991-1991,1991,1991,0,1,1,66,67,4,Apr-67,16.75,6.09,16.5,1,0,4.00,0.16,2.85,0.000
OC McCoy (WI),2018-2018,2018,2018,0,2,2,84,109,4,Feb-38,27.25,7.78,21,0,0,2.00,0.13,1.44,0.000
A McGrath (ENG),2003-2004,2003,2004,1,14,7,228,175,4,Jan-13,43.75,4.6,57,0,0,0.29,0.22,0.27,0.000
LD Madushanka (SL),2017-2017,2017,2017,0,4,4,144,172,4,Feb-70,43,7.16,36,0,0,1.00,0.14,0.74,0.000
T Maruma (ZIM),2007-2019,2007,2019,12,21,9,225,230,4,Feb-50,57.5,6.13,56.2,0,0,0.19,0.16,0.18,0.000
Mehrab Hossain jnr (BDESH),2006-2009,2006,2009,3,18,10,253,214,4,Feb-30,53.5,5.07,63.2,0,0,0.22,0.20,0.21,0.000
JP Millmow (NZ),1990-1990,1990,1990,0,5,5,270,232,4,Feb-22,58,5.15,67.5,0,0,0.80,0.19,0.62,0.000
Mohammad Talha (PAK),2014-2014,2014,2014,0,3,3,122,146,4,Feb-22,36.5,7.18,30.5,0,0,1.33,0.14,0.98,0.000
Mosharraf Hossain (BDESH),2008-2016,2008,2016,8,5,5,198,147,4,Mar-24,36.75,4.45,49.5,0,0,0.80,0.22,0.63,0.000
AMN Munasinghe (SL),1994-1996,1994,1996,2,5,5,217,146,4,Mar-30,36.5,4.03,54.2,0,0,0.80,0.25,0.63,0.000
Nizakat Khan (HKG),2014-2018,2014,2018,4,20,6,145,119,4,01-Nov,29.75,4.92,36.2,0,0,0.20,0.20,0.20,0.000
G Onions (ENG),2009-2009,2009,2009,0,4,4,204,185,4,Feb-58,46.25,5.44,51,0,0,1.00,0.18,0.76,0.000
SD Parry (ENG),2014-2014,2014,2014,0,2,2,114,92,4,Mar-32,23,4.84,28.5,0,0,2.00,0.21,1.46,0.000
BJ Patel (KENYA),2001-2006,2001,2006,5,31,8,165,163,4,Feb-20,40.75,5.92,41.2,0,0,0.13,0.17,0.14,0.000
D Paterson (SA),2017-2019,2017,2019,2,4,4,209,217,4,Mar-44,54.25,6.22,52.2,0,0,1.00,0.16,0.75,0.000
MR Ramprakash (ENG),1991-2001,1991,2001,10,18,5,132,108,4,Mar-28,27,4.9,33,0,0,0.22,0.20,0.22,0.000
B Regmi (NEPAL),2018-2019,2018,2019,1,4,4,174,117,4,Feb-49,29.25,4.03,43.5,0,0,1.00,0.25,0.77,0.000
AM Salvi (INDIA),2003-2003,2003,2003,0,4,4,172,120,4,Feb-15,30,4.18,43,0,0,1.00,0.24,0.77,0.000
JA Samarasekera (UAE),1994-1996,1994,1996,2,7,7,294,236,4,Jan-17,59,4.81,73.5,0,0,0.57,0.21,0.46,0.000
Shaiman Anwar (UAE),2014-2019,2014,2019,5,40,7,117,134,4,Mar-61,33.5,6.87,29.2,0,0,0.10,0.15,0.11,0.000
V Shankar (INDIA),2019-2019,2019,2019,0,12,9,233,210,4,Feb-15,52.5,5.4,58.2,0,0,0.33,0.19,0.29,0.000
Sheikh Salahuddin (BDESH),1997-1997,1997,1997,0,6,6,246,249,4,Feb-48,62.25,6.07,61.5,0,0,0.67,0.16,0.52,0.000
ED Solkar (INDIA),1974-1976,1974,1976,2,7,6,252,169,4,Feb-31,42.25,4.02,63,0,0,0.57,0.25,0.47,0.000
BR Taylor (NZ),1973-1973,1973,1973,0,2,2,114,62,4,Mar-25,15.5,3.26,28.5,0,0,2.00,0.31,1.49,0.000
DJ Terbrugge (SA),2000-2000,2000,2000,0,4,4,126,105,4,Apr-20,26.25,5,31.5,1,0,1.00,0.20,0.76,0.000
ME Trescothick (ENG),2000-2006,2000,2006,6,123,13,232,219,4,02-Jul,54.75,5.66,58,0,0,0.03,0.18,0.08,0.000
AJ Tudor (ENG),2002-2002,2002,2002,0,3,3,127,136,4,Feb-30,34,6.42,31.7,0,0,1.33,0.16,0.98,0.000
RG Twose (NZ),1995-2001,1995,2001,6,87,11,272,235,4,Feb-31,58.75,5.18,68,0,0,0.05,0.19,0.09,0.000
PS Vaidya (INDIA),1995-1996,1995,1996,1,4,4,184,174,4,Feb-41,43.5,5.67,46,0,0,1.00,0.18,0.75,0.000
PA van Meekeren (NL),2013-2019,2013,2019,6,5,5,210,161,4,Feb-30,40.25,4.6,52.5,0,0,0.80,0.22,0.63,0.000
LP van Troost (NL),2002-2007,2002,2007,5,23,11,246,280,4,Feb-29,70,6.82,61.5,0,0,0.17,0.15,0.17,0.000
MDJ Walker (NZ),2003-2003,2003,2003,0,3,3,132,119,4,Apr-49,29.75,5.4,33,1,0,1.33,0.19,0.99,0.000
HR Walsh (USA/WI),2019-2019,2019,2019,0,5,5,160,160,4,Mar-36,40,6,40,0,0,0.80,0.17,0.61,0.000
KD Walters (AUS),1971-1981,1971,1981,10,28,10,314,273,4,Feb-24,68.25,5.21,78.5,0,0,0.14,0.19,0.16,0.000
RJ Webb (NZ),1983-1983,1983,1983,0,3,3,161,105,4,Feb-28,26.25,3.91,40.2,0,0,1.33,0.26,1.01,0.000
JW Wilson (NZ),1993-2005,1993,2005,12,6,6,242,260,4,Feb-21,65,6.44,60.5,0,0,0.67,0.16,0.51,0.000
Yasir Arafat (PAK),2000-2009,2000,2009,9,11,10,414,373,4,Jan-28,93.25,5.4,103.5,0,0,0.36,0.19,0.31,0.000
B Yograj Singh (INDIA),1980-1981,1980,1981,1,6,5,244,186,4,Feb-44,46.5,4.57,61,0,0,0.67,0.22,0.53,0.000
Zaheer Maqsood (UAE),2015-2015,2015,2015,0,2,2,120,116,4,Feb-56,29,5.8,30,0,0,2.00,0.17,1.45,0.000
Zulfiqar Ali (EAf),1975-1975,1975,1975,0,3,3,210,166,4,Mar-63,41.5,4.74,52.5,0,0,1.33,0.21,1.00,0.000
Zulfiqar Babar (PAK),2014-2015,2014,2015,1,5,5,294,246,4,Feb-52,61.5,5.02,73.5,0,0,0.80,0.20,0.62,0.000
NP Kenjige (USA),2019-2019,2019,2019,0,4,4,156,129,3,Jan-26,43,4.96,52,0,0,0.75,0.20,0.59,0.000
Aamer Malik (PAK),1988-1994,1988,1994,6,24,5,120,86,3,Feb-35,28.66,4.3,40,0,0,0.13,0.23,0.16,0.000
JS Ababu (KENYA),1999-2006,1999,2006,7,9,8,288,255,3,Jan-26,85,5.31,96,0,0,0.33,0.19,0.29,0.000
Abu Hider (BDESH),2018-2018,2018,2018,0,2,2,108,89,3,Feb-50,29.66,4.94,36,0,0,1.50,0.20,1.11,0.000
JP Agnew (ENG),1985-1985,1985,1985,0,3,3,126,120,3,Mar-38,40,5.71,42,0,0,1.00,0.18,0.75,0.000
CR Amini (PNG),2014-2014,2014,2014,0,2,2,108,79,3,Feb-33,26.33,4.38,36,0,0,1.50,0.23,1.12,0.000
HAG Anthony (WI),1995-1995,1995,1995,0,3,3,156,143,3,Feb-47,47.66,5.5,52,0,0,1.00,0.18,0.75,0.000
Asghar Afghan (AFG),2009-2019,2009,2019,10,111,7,139,91,3,01-Jan,30.33,3.92,46.3,0,0,0.03,0.26,0.10,0.000
AM Bacher (SA),1997-2005,1997,2005,8,13,3,108,64,3,Feb-36,21.33,3.55,36,0,0,0.23,0.28,0.25,0.000
HK Badani (INDIA),2000-2004,2000,2004,4,40,9,183,149,3,01-Jul,49.66,4.88,61,0,0,0.08,0.20,0.11,0.000
PJ Bakker (NL),1996-1996,1996,1996,0,5,5,258,215,3,Feb-51,71.66,5,86,0,0,0.60,0.20,0.48,0.000
RL Bhudia (KENYA),2008-2009,2008,2009,1,5,5,180,151,3,Feb-42,50.33,5.03,60,0,0,0.60,0.20,0.48,0.000
Bhupinder Singh snr (INDIA),1994-1994,1994,1994,0,2,2,102,78,3,Mar-34,26,4.58,34,0,0,1.50,0.22,1.12,0.000
RJ Bright (AUS),1974-1986,1974,1986,12,11,10,462,350,3,Jan-28,116.66,4.54,154,0,0,0.27,0.22,0.26,0.000
AJ Burger (NAM),2003-2003,2003,2003,0,6,5,96,104,3,Jan-18,34.66,6.5,32,0,0,0.50,0.15,0.40,0.000
DK Butler (WI),2005-2006,2005,2006,1,5,5,246,188,3,Jan-25,62.66,4.58,82,0,0,0.60,0.22,0.49,0.000
SJ Cameron (SCOT),2018-2018,2018,2018,0,2,2,109,123,3,Feb-64,41,6.77,36.3,0,0,1.50,0.15,1.09,0.000
PE Cantrell (NL),1996-1996,1996,1996,0,5,5,186,170,3,Jan-18,56.66,5.48,62,0,0,0.60,0.18,0.47,0.000
BS Chandrasekhar (INDIA),1976-1976,1976,1976,0,1,1,56,36,3,Mar-36,12,3.85,18.6,0,0,3.00,0.26,2.18,0.000
U Chatterjee (INDIA),1995-1995,1995,1995,0,3,3,161,117,3,Feb-35,39,4.36,53.6,0,0,1.00,0.23,0.77,0.000
WM Clark (AUS),1978-1978,1978,1978,0,2,2,100,61,3,Feb-39,20.33,3.66,33.3,0,0,1.50,0.27,1.13,0.000
LA Dawson (ENG),2016-2018,2016,2018,2,3,2,84,96,3,Feb-70,32,6.85,28,0,0,1.00,0.15,0.74,0.000
NA de Groot (CAN),2003-2003,2003,2003,0,6,3,81,88,3,Feb-45,29.33,6.51,27,0,0,0.50,0.15,0.40,0.000
RL Dias (SL),1979-1987,1979,1987,8,58,6,56,70,3,Mar-25,23.33,7.5,18.6,0,0,0.05,0.13,0.08,0.000
BL D'Oliveira (ENG),1971-1972,1971,1972,1,4,4,204,140,3,Jan-19,46.66,4.11,68,0,0,0.75,0.24,0.60,0.000
KG Duers (ZIM),1992-1992,1992,1992,0,6,6,300,256,3,Jan-17,85.33,5.12,100,0,0,0.50,0.20,0.41,0.000
Ehsanul Haque (BDESH),2002-2003,2002,2003,1,6,3,141,113,3,Feb-34,37.66,4.8,47,0,0,0.50,0.21,0.41,0.000
Fawad Ahmed (AUS),2013-2013,2013,2013,0,3,3,144,145,3,Jan-39,48.33,6.04,48,0,0,1.00,0.17,0.75,0.000
Fayyaz Butt (OMAN),2019-2019,2019,2019,0,5,5,198,165,3,Feb-28,55,5,66,0,0,0.60,0.20,0.48,0.000
IS Gallage (SL),1999-2001,1999,2001,2,3,3,144,115,3,Feb-42,38.33,4.79,48,0,0,1.00,0.21,0.76,0.000
JC Gamage (SL),1995-1995,1995,1995,0,4,4,132,104,3,Feb-17,34.66,4.72,44,0,0,0.75,0.21,0.59,0.000
B Geeves (AUS),2008-2009,2008,2009,1,2,2,90,78,3,02-Nov,26,5.2,30,0,0,1.50,0.19,1.11,0.000
RS Ghai (INDIA),1984-1986,1984,1986,2,6,6,275,260,3,Jan-38,86.66,5.67,91.6,0,0,0.50,0.18,0.40,0.000
AP Grayson (ENG),2000-2001,2000,2001,1,2,2,90,60,3,Mar-40,20,4,30,0,0,1.50,0.25,1.13,0.000
Haafiz Shahid (PAK),1988-1988,1988,1988,0,3,3,127,112,3,Feb-56,37.33,5.29,42.3,0,0,1.00,0.19,0.76,0.000
GM Hamilton (SCOT),1999-2010,1999,2010,11,38,6,220,160,3,Feb-36,53.33,4.36,73.3,0,0,0.08,0.23,0.12,0.000
PL Harris (SA),2008-2008,2008,2008,0,3,3,180,83,3,Feb-30,27.66,2.76,60,0,0,1.00,0.36,0.81,0.000
Hasti Gul (AFG),2009-2009,2009,2009,0,2,2,114,73,3,Feb-48,24.33,3.84,38,0,0,1.50,0.26,1.13,0.000
KC Hodsoll (BMUDA),2007-2008,2007,2008,1,3,3,102,100,3,Feb-48,33.33,5.88,34,0,0,1.00,0.17,0.75,0.000
CK Hooper (CAN),2007-2010,2007,2010,3,5,5,169,181,3,Jan-17,60.33,6.42,56.3,0,0,0.60,0.16,0.47,0.000
GP Howarth (NZ),1975-1985,1975,1985,10,70,7,90,68,3,01-Apr,22.66,4.53,30,0,0,0.04,0.22,0.10,0.000
Inzamam-ul-Haq (Asia/PAK),1991-2007,1991,2007,16,378,6,58,64,3,1/0,21.33,6.62,19.3,0,0,0.01,0.15,0.05,0.000
Iqbal Sikander (PAK),1992-1992,1992,1992,0,4,4,210,147,3,Jan-30,49,4.2,70,0,0,0.75,0.24,0.60,0.000
SD Jack (SA),1994-1995,1994,1995,1,2,2,108,86,3,Feb-41,28.66,4.77,36,0,0,1.50,0.21,1.11,0.000
GSNFG Jayasuriya (SL),2015-2019,2015,2019,4,12,11,312,277,3,Jan-15,92.33,5.32,104,0,0,0.25,0.19,0.23,0.000
DM Jones (AUS),1984-1994,1984,1994,10,164,8,106,81,3,Feb-34,27,4.58,35.3,0,0,0.02,0.22,0.08,0.000
Junaid Zia (PAK),2003-2003,2003,2003,0,4,4,145,127,3,Mar-21,42.33,5.25,48.3,0,0,0.75,0.19,0.58,0.000
AI Kallicharran (WI),1973-1981,1973,1981,8,31,4,105,64,3,02-Oct,21.33,3.65,35,0,0,0.10,0.27,0.15,0.000
Kamran Hussain (PAK),2008-2008,2008,2008,0,2,2,102,67,3,Feb-32,22.33,3.94,34,0,0,1.50,0.25,1.13,0.000
Khalid Khan (HKG),2004-2004,2004,2004,0,2,2,108,93,3,Feb-62,31,5.16,36,0,0,1.50,0.19,1.11,0.000
BL Kotze (NAM),2003-2003,2003,2003,0,5,5,258,276,3,Feb-51,92,6.41,86,0,0,0.60,0.16,0.47,0.000
BP Kruger (NL),2010-2011,2010,2011,1,5,5,184,131,3,Mar-21,43.66,4.27,61.3,0,0,0.60,0.23,0.49,0.000
DSK Madushanka (SL),2018-2018,2018,2018,0,1,1,37,26,3,Mar-26,8.66,4.21,12.3,0,0,3.00,0.24,2.17,0.000
AK Markram (SA),2017-2019,2017,2019,2,26,6,120,132,3,Feb-18,44,6.6,40,0,0,0.12,0.15,0.13,0.000
RAL Massie (AUS),1972-1972,1972,1972,0,3,3,183,129,3,Feb-35,43,4.22,61,0,0,1.00,0.24,0.77,0.000
Mehmood Quaraishy (EAf),1975-1975,1975,1975,0,3,2,108,94,3,Feb-55,31.33,5.22,36,0,0,1.00,0.19,0.76,0.000
JM Mennie (AUS),2016-2016,2016,2016,0,2,2,120,131,3,Mar-49,43.66,6.55,40,0,0,1.50,0.15,1.10,0.000
PL Mhambrey (INDIA),1996-1998,1996,1998,2,3,3,126,120,3,Feb-69,40,5.71,42,0,0,1.00,0.18,0.75,0.000
A Mithun (INDIA),2010-2011,2010,2011,1,5,5,180,203,3,Feb-32,67.66,6.76,60,0,0,0.60,0.15,0.46,0.000
Mohammad Nazir (PAK),1980-1984,1980,1984,4,4,4,222,156,3,Feb-37,52,4.21,74,0,0,0.75,0.24,0.60,0.000
GMC Mol (NL),2007-2008,2007,2008,1,6,6,162,111,3,Feb-23,37,4.11,54,0,0,0.50,0.24,0.42,0.000
N M'shangwe (ZIM),2011-2014,2011,2014,3,6,6,336,260,3,Feb-50,86.66,4.64,112,0,0,0.50,0.22,0.41,0.000
Najeeb Amar (HKG),2004-2008,2004,2008,4,4,4,240,172,3,Feb-40,57.33,4.3,80,0,0,0.75,0.23,0.59,0.000
Nasir Aziz (UAE),2014-2015,2014,2015,1,5,5,264,257,3,Jan-50,85.66,5.84,88,0,0,0.60,0.17,0.47,0.000
N Ncube (ZIM),2011-2011,2011,2011,0,1,1,53,69,3,Mar-69,23,7.81,17.6,0,0,3.00,0.13,2.14,0.000
RG Nijman (NL),2009-2009,2009,2009,0,1,1,49,31,3,Mar-31,10.33,3.79,16.3,0,0,3.00,0.26,2.18,0.000
D Olivier (SA),2019-2019,2019,2019,0,2,2,114,124,3,Feb-73,41.33,6.52,38,0,0,1.50,0.15,1.10,0.000
A Patel (CAN),2003-2003,2003,2003,0,2,2,60,73,3,Mar-41,24.33,7.3,20,0,0,1.50,0.14,1.09,0.000
Pervez Mir (PAK),1975-1977,1975,1977,2,3,3,122,77,3,Jan-17,25.66,3.78,40.6,0,0,1.00,0.26,0.78,0.000
RT Ponting (AUS/ICC),1995-2012,1995,2012,17,375,5,150,104,3,01-Dec,34.66,4.16,50,0,0,0.01,0.24,0.08,0.000
GD Porter (AUS),1979-1979,1979,1979,0,2,2,108,33,3,Feb-13,11,1.83,36,0,0,1.50,0.55,1.21,0.000
R Powell (WI),2016-2018,2016,2018,2,34,13,245,243,3,01-Jul,81,5.95,81.6,0,0,0.09,0.17,0.11,0.000
D Ramnarine (WI),1997-2001,1997,2001,4,4,4,200,164,3,Feb-52,54.66,4.92,66.6,0,0,0.75,0.20,0.59,0.000
SK Ranasinghe (SL),1986-1986,1986,1986,0,4,4,126,96,3,Jan-28,32,4.57,42,0,0,0.75,0.22,0.59,0.000
AT Rayudu (INDIA),2013-2019,2013,2019,6,55,9,121,124,3,01-May,41.33,6.14,40.3,0,0,0.05,0.16,0.09,0.000
Sabbir Rahman (BDESH),2014-2019,2014,2019,5,66,21,306,345,3,01-Dec,115,6.76,102,0,0,0.05,0.15,0.08,0.000
Saleem Raza (UAE),1994-1996,1994,1996,2,6,6,192,179,3,Jan-17,59.66,5.59,64,0,0,0.50,0.18,0.40,0.000
GS Sandhu (AUS),2015-2015,2015,2015,0,2,2,120,107,3,Feb-49,35.66,5.35,40,0,0,1.50,0.19,1.11,0.000
Sarandeep Singh (INDIA),2002-2003,2002,2003,1,5,5,258,180,3,Feb-34,60,4.18,86,0,0,0.60,0.24,0.49,0.000
KF Semple (WI),1999-1999,1999,1999,0,7,4,132,121,3,Feb-35,40.33,5.5,44,0,0,0.43,0.18,0.35,0.000
Shahid Saeed (PAK),1989-1993,1989,1993,4,10,7,222,159,3,Feb-20,53,4.29,74,0,0,0.30,0.23,0.28,0.000
R Shepherd (WI),2019-2019,2019,2019,0,3,3,110,101,3,Feb-32,33.66,5.5,36.6,0,0,1.00,0.18,0.75,0.000
L Siaka (PNG),2014-2019,2014,2019,5,25,11,204,146,3,Feb-33,48.66,4.29,68,0,0,0.12,0.23,0.15,0.000
V Sibanda (Afr/ZIM),2003-2016,2003,2016,13,127,11,267,265,3,01-Dec,88.33,5.95,89,0,0,0.02,0.17,0.07,0.000
D Soraine (CAN),2006-2012,2006,2012,6,4,3,113,94,3,Feb-57,31.33,4.99,37.6,0,0,0.75,0.20,0.59,0.000
KR Stackpole (AUS),1971-1974,1971,1974,3,6,2,77,54,3,Mar-40,18,4.2,25.6,0,0,0.50,0.24,0.42,0.000
LW Stott (NZ),1979-1979,1979,1979,0,1,1,72,48,3,Mar-48,16,4,24,0,0,3.00,0.25,2.18,0.000
GP Sulzberger (NZ),2000-2000,2000,2000,0,3,3,132,102,3,Jan-28,34,4.63,44,0,0,1.00,0.22,0.76,0.000
MR Swart (NL),2011-2014,2011,2014,3,12,11,366,306,3,Jan-21,102,5.01,122,0,0,0.25,0.20,0.23,0.000
AR Tait (NZ),1998-1999,1998,1999,1,5,5,120,88,3,Feb-37,29.33,4.4,40,0,0,0.60,0.23,0.49,0.000
HDRL Thirimanne (SL),2010-2019,2010,2019,9,127,4,104,94,3,Feb-36,31.33,5.42,34.6,0,0,0.02,0.18,0.07,0.000
JG Thomas (ENG),1986-1987,1986,1987,1,3,3,156,144,3,Feb-59,48,5.53,52,0,0,1.00,0.18,0.75,0.000
FJ Titmus (ENG),1975-1975,1975,1975,0,2,1,56,53,3,Mar-53,17.66,5.67,18.6,0,0,1.50,0.18,1.10,0.000
MS Tshabalala (SA),2007-2007,2007,2007,0,4,4,150,151,3,Jan-30,50.33,6.04,50,0,0,0.75,0.17,0.57,0.000
S Tyagi (INDIA),2009-2010,2009,2010,1,4,4,165,144,3,Jan-15,48,5.23,55,0,0,0.75,0.19,0.58,0.000
JN Valentine (CAN),1979-1979,1979,1979,0,3,3,114,66,3,Jan-18,22,3.47,38,0,0,1.00,0.29,0.79,0.000
Wajahatullah Wasti (PAK),1999-2000,1999,2000,1,15,3,55,69,3,Mar-36,23,7.52,18.3,0,0,0.20,0.13,0.18,0.000
LJ Woodcock (NZ),2011-2011,2011,2011,0,4,4,164,155,3,Feb-58,51.66,5.67,54.6,0,0,0.75,0.18,0.58,0.000
HN Ya France (NAM),2019-2019,2019,2019,0,4,4,138,96,3,Feb-31,32,4.17,46,0,0,0.75,0.24,0.60,0.000
GN Yallop (AUS),1978-1984,1978,1984,6,30,4,138,119,3,Feb-28,39.66,5.17,46,0,0,0.10,0.19,0.13,0.000
Younis Khan (PAK),2000-2015,2000,2015,15,265,20,284,288,3,01-Mar,96,6.08,94.6,0,0,0.01,0.16,0.06,0.000
Zafar Iqbal (PAK),1995-1995,1995,1995,0,8,7,198,137,3,Feb-37,45.66,4.15,66,0,0,0.38,0.24,0.33,0.000
Zahid Ahmed (PAK),1987-1987,1987,1987,0,2,2,96,61,3,Feb-24,20.33,3.81,32,0,0,1.50,0.26,1.13,0.000
Aamer Yamin (PAK),2015-2018,2015,2018,3,4,4,156,154,2,Jan-38,77,5.92,78,0,0,0.50,0.17,0.40,0.000
Aamir Kaleem (OMAN),2019-2019,2019,2019,0,2,2,77,54,2,Feb-30,27,4.2,38.5,0,0,1.00,0.24,0.77,0.000
Abdullah Mazari (AFG),2010-2010,2010,2010,0,2,2,96,49,2,Jan-18,24.5,3.06,48,0,0,1.00,0.33,0.80,0.000
Ahmed Shehzad (PAK),2009-2017,2009,2017,8,81,9,115,140,2,Jan-22,70,7.3,57.5,0,0,0.02,0.14,0.06,0.000
Ali Asad (UAE),2004-2004,2004,2004,0,2,2,120,73,2,Feb-35,36.5,3.65,60,0,0,1.00,0.27,0.78,0.000
DI Allan (KENYA),2011-2013,2011,2013,2,5,4,112,80,2,Jan-22,40,4.28,56,0,0,0.40,0.23,0.35,0.000
GJAF Aponso (NL),1996-1996,1996,1996,0,5,5,242,257,2,Jan-57,128.5,6.37,121,0,0,0.40,0.16,0.33,0.000
Asad Ali (PAK),2013-2013,2013,2013,0,4,4,180,115,2,Jan-22,57.5,3.83,90,0,0,0.50,0.26,0.43,0.000
SV Bahutule (INDIA),1997-2003,1997,2003,6,8,7,294,283,2,Jan-31,141.5,5.77,147,0,0,0.25,0.17,0.23,0.000
A Balbirnie (IRE),2010-2019,2010,2019,9,64,3,60,68,2,Jan-26,34,6.8,30,0,0,0.03,0.15,0.07,0.000
MRCN Bandaratilleke (SL),1998-1998,1998,1998,0,3,3,144,111,2,Feb-34,55.5,4.62,72,0,0,0.67,0.22,0.53,0.000
MD Bates (NZ),2012-2012,2012,2012,0,2,2,84,52,2,Jan-24,26,3.71,42,0,0,1.00,0.27,0.78,0.000
S Bau (PNG),2016-2019,2016,2019,3,21,6,180,124,2,Feb-35,62,4.13,90,0,0,0.10,0.24,0.14,0.000
LS Bhandari (NEPAL),2018-2018,2018,2018,0,1,1,54,43,2,Feb-43,21.5,4.77,27,0,0,2.00,0.21,1.46,0.000
DR Briggs (ENG),2012-2012,2012,2012,0,1,1,60,39,2,Feb-39,19.5,3.9,30,0,0,2.00,0.26,1.48,0.000
JE Brinkley (SCOT),1999-1999,1999,1999,0,5,3,168,117,2,Jan-29,58.5,4.17,84,0,0,0.40,0.24,0.35,0.000
BS Browne (WI),1994-1994,1994,1994,0,4,4,180,156,2,Feb-50,78,5.2,90,0,0,0.50,0.19,0.41,0.000
PH Carlson (AUS),1979-1979,1979,1979,0,4,3,168,70,2,Jan-21,35,2.5,84,0,0,0.50,0.40,0.47,0.000
DL Chahar (INDIA),2018-2019,2018,2019,1,3,3,126,129,2,Jan-37,64.5,6.14,63,0,0,0.67,0.16,0.52,0.000
IM Chappell (AUS),1971-1980,1971,1980,9,16,2,42,23,2,Feb-14,11.5,3.28,21,0,0,0.13,0.30,0.18,0.000
GA Cope (ENG),1977-1978,1977,1978,1,2,2,112,35,2,Jan-16,17.5,1.87,56,0,0,1.00,0.53,0.86,0.000
CS Cowdrey (ENG),1985-1985,1985,1985,0,3,2,52,55,2,01-Mar,27.5,6.34,26,0,0,0.67,0.16,0.51,0.000
DJ Cullen (AUS),2006-2006,2006,2006,0,5,5,213,147,2,Feb-25,73.5,4.14,106.5,0,0,0.40,0.24,0.35,0.000
SM Curran (ENG),2018-2018,2018,2018,0,2,2,72,90,2,Feb-44,45,7.5,36,0,0,1.00,0.13,0.74,0.000
DDP D'Silva (UAE),2019-2019,2019,2019,0,3,2,102,71,2,Feb-20,35.5,4.17,51,0,0,0.67,0.24,0.54,0.000
D Daesrath (CAN),2012-2013,2012,2013,1,4,2,72,48,2,Jan-13,24,4,36,0,0,0.50,0.25,0.43,0.000
RR David (CAN),2008-2010,2008,2010,2,4,4,96,74,2,Feb-30,37,4.62,48,0,0,0.50,0.22,0.41,0.000
DLS de Silva (SL),1979-1979,1979,1979,0,2,2,120,54,2,Feb-36,27,2.7,60,0,0,1.00,0.37,0.81,0.000
BR Dorey (AUS),2006-2006,2006,2006,0,4,4,162,146,2,01-Dec,73,5.4,81,0,0,0.50,0.19,0.41,0.000
F du Plessis (SA),2011-2019,2011,2019,8,143,11,192,189,2,01-Aug,94.5,5.9,96,0,0,0.01,0.17,0.06,0.000
CE Eksteen (SA),1991-1994,1991,1994,3,6,6,222,181,2,Jan-26,90.5,4.89,111,0,0,0.33,0.20,0.29,0.000
D Elgar (SA),2012-2018,2012,2018,6,8,4,96,67,2,01-Nov,33.5,4.18,48,0,0,0.25,0.24,0.25,0.000
KADM Fernando (SL),2003-2003,2003,2003,0,1,1,42,13,2,Feb-13,6.5,1.85,21,0,0,2.00,0.54,1.56,0.000
MLC Foster (WI),1973-1973,1973,1973,0,2,1,30,22,2,Feb-22,11,4.4,15,0,0,1.00,0.23,0.77,0.000
RC Fredericks (WI),1973-1977,1973,1977,4,12,1,10,10,2,02-Oct,5,6,5,0,0,0.17,0.17,0.17,0.000
D Gamage (SL),2003-2003,2003,2003,0,3,3,95,83,2,Jan-26,41.5,5.24,47.5,0,0,0.67,0.19,0.52,0.000
WCA Ganegama (SL),2001-2006,2001,2006,5,4,3,66,88,2,Feb-27,44,8,33,0,0,0.50,0.13,0.39,0.000
Gazi Ashraf (BDESH),1986-1990,1986,1990,4,7,3,51,33,2,01-Jul,16.5,3.88,25.5,0,0,0.29,0.26,0.28,0.000
LR Gibbs (WI),1973-1975,1973,1975,2,3,3,156,59,2,01-Dec,29.5,2.26,78,0,0,0.67,0.44,0.60,0.000
Golam Faruq (BDESH),1986-1990,1986,1990,4,5,5,186,116,2,Jan-22,58,3.74,93,0,0,0.40,0.27,0.36,0.000
MS Gony (INDIA),2008-2008,2008,2008,0,2,2,78,76,2,Feb-65,38,5.84,39,0,0,1.00,0.17,0.75,0.000
TR Gripper (ZIM),2001-2003,2001,2003,2,8,6,120,76,2,Feb-28,38,3.8,60,0,0,0.25,0.26,0.25,0.000
TGJ Gruijters (NL),2010-2013,2010,2013,3,5,4,120,79,2,Feb-37,39.5,3.95,60,0,0,0.40,0.25,0.36,0.000
Hammad Azam (PAK),2011-2015,2011,2015,4,11,8,198,169,2,Jan-21,84.5,5.12,99,0,0,0.18,0.20,0.19,0.000
SM Harwood (AUS),2009-2009,2009,2009,0,1,1,60,57,2,Feb-57,28.5,5.7,30,0,0,2.00,0.18,1.45,0.000
R Hekure (PNG),2019-2019,2019,2019,0,1,1,60,32,2,Feb-32,16,3.2,30,0,0,2.00,0.31,1.49,0.000
CC Henry (CAN),1979-1979,1979,1979,0,2,2,90,53,2,Feb-27,26.5,3.53,45,0,0,1.00,0.28,0.78,0.000
O Henry (SA),1992-1992,1992,1992,0,3,3,149,125,2,Jan-31,62.5,5.03,74.5,0,0,0.67,0.20,0.53,0.000
H Hiri (PNG),2016-2019,2016,2019,3,7,4,60,56,2,01-Jun,28,5.6,30,0,0,0.29,0.18,0.25,0.000
RG Holland (AUS),1985-1985,1985,1985,0,2,2,126,99,2,Feb-49,49.5,4.71,63,0,0,1.00,0.21,0.76,0.000
MEK Hussey (AUS),2004-2012,2004,2012,8,185,13,240,235,2,Jan-22,117.5,5.87,120,0,0,0.01,0.17,0.06,0.000
AP Igglesden (ENG),1994-1994,1994,1994,0,4,4,168,122,2,02-Dec,61,4.35,84,0,0,0.50,0.23,0.42,0.000
Irfan Bhatti (PAK),1993-1993,1993,1993,0,1,1,48,22,2,Feb-22,11,2.75,24,0,0,2.00,0.36,1.51,0.000
Jahangir Shah (BDESH),1986-1990,1986,1990,4,5,5,234,172,2,Feb-23,86,4.41,117,0,0,0.40,0.23,0.35,0.000
K Jethi (CAN),2008-2008,2008,2008,0,3,3,102,85,2,Feb-39,42.5,5,51,0,0,0.67,0.20,0.53,0.000
LWS Kaluperuma (SL),1975-1982,1975,1982,7,4,4,208,137,2,Jan-35,68.5,3.95,104,0,0,0.50,0.25,0.43,0.000
SHT Kandamby (SL),2004-2014,2004,2014,10,39,9,174,173,2,Feb-37,86.5,5.96,87,0,0,0.05,0.17,0.09,0.000
CK Kapugedera (SL),2006-2017,2006,2017,11,102,10,264,225,2,Jan-24,112.5,5.11,132,0,0,0.02,0.20,0.07,0.000
VJ Kingma (NL),2014-2019,2014,2019,5,3,3,126,107,2,Jan-47,53.5,5.09,63,0,0,0.67,0.20,0.53,0.000
DB Kotze (NAM),2003-2003,2003,2003,0,6,6,282,256,2,Jan-32,128,5.44,141,0,0,0.33,0.18,0.29,0.000
GJP Kruger (SA),2006-2006,2006,2006,0,3,3,138,139,2,Jan-43,69.5,6.04,69,0,0,0.67,0.17,0.52,0.000
NR Kumar (CAN),2010-2014,2010,2014,4,16,2,66,63,2,Feb-40,31.5,5.72,33,0,0,0.13,0.17,0.14,0.000
AV Lalcheta (OMAN),2019-2019,2019,2019,0,2,2,84,62,2,Feb-35,31,4.42,42,0,0,1.00,0.23,0.77,0.000
Liaqat Ali (PAK),1977-1978,1977,1978,1,3,3,188,111,2,Jan-41,55.5,3.54,94,0,0,0.67,0.28,0.55,0.000
J Louw (SA),2008-2008,2008,2008,0,3,3,156,148,2,Jan-45,74,5.69,78,0,0,0.67,0.18,0.52,0.000
GD McKenzie (AUS),1971-1971,1971,1971,0,1,1,60,22,2,Feb-22,11,2.2,30,0,0,2.00,0.45,1.54,0.000
Mansoor Akhtar (PAK),1980-1990,1980,1990,10,41,9,138,110,2,01-Jul,55,4.78,69,0,0,0.05,0.21,0.10,0.000
GC Martin (ZIM),1994-1995,1994,1995,1,5,4,132,95,2,Jan-15,47.5,4.31,66,0,0,0.40,0.23,0.35,0.000
SC Meaker (ENG),2011-2011,2011,2011,0,2,2,114,110,2,Jan-45,55,5.78,57,0,0,1.00,0.17,0.75,0.000
KP Meiyappan (UAE),2019-2019,2019,2019,0,2,2,108,78,2,Feb-39,39,4.33,54,0,0,1.00,0.23,0.77,0.000
Mohammed Qasim (UAE),2017-2017,2017,2017,0,5,3,120,71,2,Jan-13,35.5,3.55,60,0,0,0.40,0.28,0.36,0.000
Morshed Ali Khan (BDESH),1998-1998,1998,1998,0,3,3,138,85,2,Jan-26,42.5,3.69,69,0,0,0.67,0.27,0.55,0.000
PV Mpitsang (SA),1999-1999,1999,1999,0,2,2,60,63,2,Feb-49,31.5,6.3,30,0,0,1.00,0.16,0.75,0.000
J Mubarak (SL),2002-2013,2002,2013,11,40,8,129,95,2,01-Oct,47.5,4.41,64.5,0,0,0.05,0.23,0.10,0.000
SP Mukherjee (INDIA),1990-1991,1990,1991,1,3,3,174,98,2,Jan-30,49,3.37,87,0,0,0.67,0.30,0.56,0.000
MG Neser (AUS),2018-2018,2018,2018,0,2,2,100,120,2,Feb-46,60,7.2,50,0,0,1.00,0.14,0.74,0.000
IA Nicolson (ZIM),2010-2010,2010,2010,0,2,2,72,118,2,Jan-44,59,9.83,36,0,0,1.00,0.10,0.73,0.000
KJ O'Keeffe (AUS),1977-1977,1977,1977,0,2,2,132,79,2,Jan-36,39.5,3.59,66,0,0,1.00,0.28,0.78,0.000
DR O'Sullivan (NZ),1974-1976,1974,1976,2,3,3,168,123,2,Jan-38,61.5,4.39,84,0,0,0.67,0.23,0.54,0.000
Parvez Rasool (INDIA),2014-2014,2014,2014,0,1,1,60,60,2,Feb-60,30,6,30,0,0,2.00,0.17,1.45,0.000
RR Patel (KENYA),2008-2014,2008,2014,6,39,7,168,135,2,Jan-14,67.5,4.82,84,0,0,0.05,0.21,0.10,0.000
R Pathan (CAN),2013-2013,2013,2013,0,1,1,36,50,2,Feb-50,25,8.33,18,0,0,2.00,0.12,1.44,0.000
J Patraj (CAN),2007-2007,2007,2007,0,2,2,90,76,2,Jan-27,38,5.06,45,0,0,1.00,0.20,0.76,0.000
HSM Pieris (SL),1975-1975,1975,1975,0,3,3,132,135,2,Feb-68,67.5,6.13,66,0,0,0.67,0.16,0.52,0.000
NV Radford (ENG),1988-1988,1988,1988,0,6,6,348,230,2,Jan-32,115,3.96,174,0,0,0.33,0.25,0.31,0.000
P Raho (PNG),2014-2014,2014,2014,0,1,1,45,32,2,Feb-32,16,4.26,22.5,0,0,2.00,0.23,1.47,0.000
WV Raman (INDIA),1988-1996,1988,1996,8,27,7,162,170,2,Jan-23,85,6.29,81,0,0,0.07,0.16,0.10,0.000
AN Ranasinghe (SL),1975-1982,1975,1982,7,9,8,324,281,2,Jan-21,140.5,5.2,162,0,0,0.22,0.19,0.21,0.000
NLK Ratnayake (SL),1989-1990,1989,1990,1,2,2,101,98,2,Jan-39,49,5.82,50.5,0,0,1.00,0.17,0.75,0.000
RA Reifer (WI),2019-2019,2019,2019,0,2,2,53,54,2,Feb-23,27,6.11,26.5,0,0,1.00,0.16,0.75,0.000
GJ Rennie (ZIM),1996-2003,1996,2003,7,40,4,90,75,2,Jan-17,37.5,5,45,0,0,0.05,0.20,0.10,0.000
CEB Rice (SA),1991-1991,1991,1991,0,3,3,138,114,2,Jan-46,57,4.95,69,0,0,0.67,0.20,0.53,0.000
EJ Richardson (IRE),2013-2013,2013,2013,0,2,2,66,54,2,Feb-39,27,4.9,33,0,0,1.00,0.20,0.76,0.000
Rizwan Latif (UAE),2004-2004,2004,2004,0,1,1,54,69,2,Feb-69,34.5,7.66,27,0,0,2.00,0.13,1.44,0.000
Robiul Islam (BDESH),2013-2013,2013,2013,0,3,3,133,117,2,Jan-21,58.5,5.27,66.5,0,0,0.67,0.19,0.52,0.000
LN Roche (ZIM),2018-2018,2018,2018,0,3,3,138,157,2,Jan-54,78.5,6.82,69,0,0,0.67,0.15,0.51,0.000
Rokhan Barakzai (AFG),2015-2015,2015,2015,0,1,1,60,45,2,Feb-45,22.5,4.5,30,0,0,2.00,0.22,1.47,0.000
Saadat Ali (PAK),1984-1984,1984,1984,0,8,2,27,29,2,Feb-24,14.5,6.44,13.5,0,0,0.25,0.16,0.22,0.000
Sadiq Mohammad (PAK),1973-1980,1973,1980,7,19,2,38,26,2,Feb-20,13,4.1,19,0,0,0.11,0.24,0.15,0.000
NA Saini (INDIA),2019-2019,2019,2019,0,1,1,60,58,2,Feb-58,29,5.8,30,0,0,2.00,0.17,1.45,0.000
Sajjad Akbar (PAK),1990-1990,1990,1990,0,2,1,60,45,2,Feb-45,22.5,4.5,30,0,0,1.00,0.22,0.77,0.000
RB Simpson (AUS),1978-1978,1978,1978,0,2,2,102,95,2,Feb-30,47.5,5.58,51,0,0,1.00,0.18,0.75,0.000
CL Smith (ENG),1984-1984,1984,1984,0,4,2,36,28,2,02-Aug,14,4.66,18,0,0,0.50,0.21,0.41,0.000
Sohail Butt (UAE),1994-1994,1994,1994,0,2,2,78,79,2,Feb-52,39.5,6.07,39,0,0,1.00,0.16,0.75,0.000
RW Staple (USA),2004-2004,2004,2004,0,2,1,60,76,2,Feb-76,38,7.6,30,0,0,1.00,0.13,0.74,0.000
PC Strydom (SA),2000-2000,2000,2000,0,10,7,252,206,2,Jan-18,103,4.9,126,0,0,0.20,0.20,0.20,0.000
T Taibu (Afr/ZIM),2001-2012,2001,2012,11,150,2,84,61,2,Feb-42,30.5,4.35,42,0,0,0.01,0.23,0.08,0.000
Tanvir Ahmed (PAK),2011-2011,2011,2011,0,2,2,60,83,2,Jan-38,41.5,8.3,30,0,0,1.00,0.12,0.74,0.000
DC Thomas (WI),2009-2013,2009,2013,4,21,1,7,11,2,02-Nov,5.5,9.42,3.5,0,0,0.10,0.11,0.10,0.000
PIC Thompson (WI),1997-1997,1997,1997,0,2,2,114,110,2,Jan-46,55,5.78,57,0,0,1.00,0.17,0.75,0.000
GP Thorpe (ENG),1993-2002,1993,2002,9,82,5,120,97,2,Feb-15,48.5,4.85,60,0,0,0.02,0.21,0.08,0.000
IJL Trott (ENG),2009-2013,2009,2013,4,68,10,183,166,2,Feb-31,83,5.44,91.5,0,0,0.03,0.18,0.08,0.000
CM Tuckett (WI),1998-1998,1998,1998,0,1,1,48,41,2,Feb-41,20.5,5.12,24,0,0,2.00,0.20,1.46,0.000
M van Jaarsveld (SA),2002-2004,2002,2004,2,11,2,31,18,2,1/0,9,3.48,15.5,0,0,0.18,0.29,0.21,0.000
M Venkataramana (INDIA),1988-1988,1988,1988,0,1,1,60,36,2,Feb-36,18,3.6,30,0,0,2.00,0.28,1.48,0.000
C Viljoen (NAM),2019-2019,2019,2019,0,2,2,30,14,2,02-Jun,7,2.8,15,0,0,1.00,0.36,0.81,0.000
KP Walmsley (NZ),2003-2003,2003,2003,0,2,2,120,117,2,Jan-53,58.5,5.85,60,0,0,1.00,0.17,0.75,0.000
GD Watson (AUS),1972-1972,1972,1972,0,2,1,48,28,2,Feb-28,14,3.5,24,0,0,1.00,0.29,0.79,0.000
DS Wesonga (KENYA),2010-2011,2010,2011,1,4,1,42,28,2,Feb-28,14,4,21,0,0,0.50,0.25,0.43,0.000
RK Whelan (IRE),2007-2007,2007,2007,0,2,2,90,99,2,Jan-43,49.5,6.6,45,0,0,1.00,0.15,0.75,0.000
CM Willoughby (SA),2000-2003,2000,2003,3,3,3,168,148,2,Feb-39,74,5.28,84,0,0,0.67,0.19,0.52,0.000
Yamin Ahmadzai (AFG),2015-2019,2015,2019,4,4,4,160,139,2,Jan-23,69.5,5.21,80,0,0,0.50,0.19,0.41,0.000
Zafar Gohar (PAK),2015-2015,2015,2015,0,1,1,60,54,2,Feb-54,27,5.4,30,0,0,2.00,0.19,1.46,0.000
Zahid Hussain (CAN),2011-2011,2011,2011,0,2,2,120,94,2,Jan-37,47,4.7,60,0,0,1.00,0.21,0.76,0.000
MZ Zahir (CAN),2009-2009,2009,2009,0,1,1,30,35,2,Feb-35,17.5,7,15,0,0,2.00,0.14,1.44,0.000
Zahir Khan (AFG),2019-2019,2019,2019,0,1,1,60,55,2,Feb-55,27.5,5.5,30,0,0,2.00,0.18,1.45,0.000
Aamer Hameed (PAK),1977-1978,1977,1978,1,2,2,88,38,1,Jan-32,38,2.59,88,0,0,0.50,0.39,0.47,0.000
SA Abbott (AUS),2014-2014,2014,2014,0,1,1,30,25,1,Jan-25,25,5,30,0,0,1.00,0.20,0.76,0.000
Ahmed Kamal (BDESH),1999-1999,1999,1999,0,1,1,30,39,1,Jan-39,39,7.8,30,0,0,1.00,0.13,0.74,0.000
DS Airee (NEPAL),2018-2019,2018,2019,1,6,3,78,51,1,Jan-19,51,3.92,78,0,0,0.17,0.26,0.19,0.000
GW Aldridge (NZ),2011-2011,2011,2011,0,2,2,114,98,1,Jan-45,98,5.15,114,0,0,0.50,0.19,0.41,0.000
Ali Khan (USA),2019-2019,2019,2019,0,1,1,30,23,1,Jan-23,23,4.6,30,0,0,1.00,0.22,0.77,0.000
Aminul Islam jnr (BDESH),1999-1999,1999,1999,0,1,1,30,33,1,Jan-33,33,6.6,30,0,0,1.00,0.15,0.75,0.000
Arshad Ali (UAE),2004-2008,2004,2008,4,4,3,102,105,1,01-May,105,6.17,102,0,0,0.25,0.16,0.22,0.000
Arshad Laeeq (UAE),1994-1996,1994,1996,2,6,6,198,198,1,Jan-25,198,6,198,0,0,0.17,0.17,0.17,0.000
B Arun (INDIA),1986-1987,1986,1987,1,4,4,102,103,1,Jan-43,103,6.05,102,0,0,0.25,0.17,0.22,0.000
Asim Saeed (UAE),2004-2004,2004,2004,0,2,2,54,40,1,Jan-25,40,4.44,54,0,0,0.50,0.23,0.42,0.000
KMC Bandara (SL),2016-2016,2016,2016,0,1,1,60,83,1,Jan-83,83,8.3,60,0,0,1.00,0.12,0.74,0.000
Basil Hameed (UAE),2019-2019,2019,2019,0,3,1,12,10,1,01-Oct,10,5,12,0,0,0.33,0.20,0.29,0.000
Basit Ali (PAK),1993-1996,1993,1996,3,50,2,30,21,1,Jan-17,21,4.2,30,0,0,0.02,0.24,0.09,0.000
RR Beaton (WI),2017-2017,2017,2017,0,2,2,102,102,1,Jan-60,102,6,102,0,0,0.50,0.17,0.40,0.000
JE Benjamin (ENG),1994-1995,1994,1995,1,2,2,72,47,1,Jan-22,47,3.91,72,0,0,0.50,0.26,0.43,0.000
K Birkenstock (NAM),2019-2019,2019,2019,0,5,1,6,5,1,01-May,5,5,6,0,0,0.20,0.20,0.20,0.000
BR Blair (NZ),1982-1986,1982,1986,4,14,2,30,34,1,01-Jul,34,6.8,30,0,0,0.07,0.15,0.09,0.000
GK Bose (INDIA),1974-1974,1974,1974,0,1,1,66,39,1,Jan-39,39,3.54,66,0,0,1.00,0.28,0.78,0.000
BP Bracewell (NZ),1978-1978,1978,1978,0,1,1,66,41,1,Jan-41,41,3.72,66,0,0,1.00,0.27,0.78,0.000
KC Brathwaite (WI),2016-2017,2016,2017,1,10,5,152,140,1,Jan-56,140,5.52,152,0,0,0.10,0.18,0.12,0.000
VR Brown (NZ),1988-1988,1988,1988,0,3,2,66,75,1,Jan-24,75,6.81,66,0,0,0.33,0.15,0.28,0.000
DE Budge (SCOT),2018-2019,2018,2019,1,3,2,36,26,1,Jan-21,26,4.33,36,0,0,0.33,0.23,0.30,0.000
MG Burgess (NZ),1973-1981,1973,1981,8,26,3,74,69,1,01-Oct,69,5.59,74,0,0,0.04,0.18,0.08,0.000
RG Callender (CAN),1979-1979,1979,1979,0,2,2,54,26,1,Jan-14,26,2.88,54,0,0,0.50,0.35,0.45,0.000
LOB Cann (BMUDA),2006-2009,2006,2009,3,26,4,100,129,1,Jan-34,129,7.74,100,0,0,0.04,0.13,0.07,0.000
SJ Chalmers (SCOT),2009-2009,2009,2009,0,2,2,60,49,1,Jan-34,49,4.9,60,0,0,0.50,0.20,0.41,0.000
S Chattergoon (WI),2006-2009,2006,2009,3,18,4,80,48,1,01-Jan,48,3.6,80,0,0,0.06,0.28,0.12,0.000
MT Chinouya (ZIM),2013-2013,2013,2013,0,2,2,66,50,1,Jan-36,50,4.54,66,0,0,0.50,0.22,0.42,0.000
KJ Coetzer (SCOT),2008-2019,2008,2019,11,59,7,179,203,1,Jan-35,203,6.8,179,0,0,0.02,0.15,0.06,0.000
MJ Cosgrove (AUS),2006-2006,2006,2006,0,3,2,30,13,1,01-Jan,13,2.6,30,0,0,0.33,0.38,0.35,0.000
CJ Dala (SA),2018-2018,2018,2018,0,2,2,102,121,1,Jan-57,121,7.11,102,0,0,0.50,0.14,0.39,0.000
Dawlat Ahmadzai (AFG),2009-2010,2009,2010,1,3,3,112,121,1,Jan-40,121,6.48,112,0,0,0.33,0.15,0.28,0.000
TN de Grooth (NL),2006-2013,2006,2013,7,34,1,6,2,1,01-Feb,2,2,6,0,0,0.03,0.50,0.17,0.000
BFW de Leede (NL),2018-2019,2018,2019,1,3,2,23,15,1,01-Mar,15,3.91,23,0,0,0.33,0.26,0.31,0.000
JL Denly (ENG),2009-2019,2009,2019,10,13,3,66,60,1,Jan-24,60,5.45,66,0,0,0.08,0.18,0.11,0.000
R Dhawan (INDIA),2016-2016,2016,2016,0,3,3,150,160,1,Jan-74,160,6.4,150,0,0,0.33,0.16,0.28,0.000
MS Dhoni (Asia/INDIA),2004-2019,2004,2019,15,350,2,36,31,1,Jan-14,31,5.16,36,0,0,0.00,0.19,0.06,0.000
PS Eaglestone (IRE),2008-2008,2008,2008,0,1,1,42,60,1,Jan-60,60,8.57,42,0,0,1.00,0.12,0.74,0.000
GN Edwards (NZ),1976-1981,1976,1981,5,6,1,6,5,1,01-May,5,5,6,0,0,0.17,0.20,0.18,0.000
Faisal Hossain (BDESH),2004-2010,2004,2010,6,6,2,73,53,1,Jan-27,53,4.35,73,0,0,0.17,0.23,0.19,0.000
Fakhar Zaman (PAK),2017-2019,2017,2019,2,46,7,135,111,1,Jan-19,111,4.93,135,0,0,0.02,0.20,0.08,0.000
TL Fernando (SL),1989-1989,1989,1989,0,1,1,18,16,1,Jan-16,16,5.33,18,0,0,1.00,0.19,0.76,0.000
SP Fleming (ICC/NZ),1994-2007,1994,2007,13,280,3,29,28,1,01-Aug,28,5.79,29,0,0,0.00,0.17,0.05,0.000
MJ Fourie (IRE),2007-2008,2007,2008,1,7,5,179,128,1,Jan-33,128,4.29,179,0,0,0.14,0.23,0.17,0.000
AN French (HKG),2004-2004,2004,2004,0,2,2,72,67,1,Jan-51,67,5.58,72,0,0,0.50,0.18,0.40,0.000
AD Gaekwad (INDIA),1975-1987,1975,1987,12,15,1,48,39,1,Jan-39,39,4.87,48,0,0,0.07,0.21,0.11,0.000
D Ganesh (INDIA),1997-1997,1997,1997,0,1,1,30,20,1,Jan-20,20,4,30,0,0,1.00,0.25,0.78,0.000
TN Garwe (ZIM),2009-2009,2009,2009,0,1,1,36,50,1,Jan-50,50,8.33,36,0,0,1.00,0.12,0.74,0.000
RS Gavaskar (INDIA),2004-2004,2004,2004,0,11,2,72,74,1,Jan-56,74,6.16,72,0,0,0.09,0.16,0.11,0.000
SM Gavaskar (INDIA),1974-1987,1974,1987,13,108,4,20,25,1,01-Oct,25,7.5,20,0,0,0.01,0.13,0.05,0.000
BD Glover (NL),2019-2019,2019,2019,0,1,1,60,37,1,Jan-37,37,3.7,60,0,0,1.00,0.27,0.78,0.000
Y Goonasekera (SL),1983-1983,1983,1983,0,3,2,36,35,1,Jan-24,35,5.83,36,0,0,0.33,0.17,0.28,0.000
EL Gouka (NL),1996-1996,1996,1996,0,3,2,22,51,1,Jan-32,51,13.9,22,0,0,0.33,0.07,0.25,0.000
VD Grandia (NL),2002-2002,2002,2002,0,1,1,30,40,1,Jan-40,40,8,30,0,0,1.00,0.13,0.74,0.000
CG Greenidge (WI),1975-1991,1975,1991,16,128,2,60,45,1,Jan-21,45,4.5,60,0,0,0.01,0.22,0.07,0.000
RD Gudhka (KENYA),2011-2011,2011,2011,0,2,2,78,60,1,Jan-41,60,4.61,78,0,0,0.50,0.22,0.42,0.000
Habibul Bashar (BDESH),1995-2007,1995,2007,12,111,6,175,142,1,Jan-31,142,4.86,175,0,0,0.01,0.21,0.07,0.000
LJ Hamilton (NZ),2005-2005,2005,2005,0,2,2,108,143,1,Jan-76,143,7.94,108,0,0,0.50,0.13,0.39,0.000
JR Hammond (AUS),1972-1972,1972,1972,0,1,1,54,41,1,Jan-41,41,4.55,54,0,0,1.00,0.22,0.77,0.000
MJ Haslam (NZ),1992-1992,1992,1992,0,1,1,30,28,1,Jan-28,28,5.6,30,0,0,1.00,0.18,0.75,0.000
DL Hemp (BMUDA),2006-2009,2006,2009,3,22,4,114,119,1,Jan-25,119,6.26,114,0,0,0.05,0.16,0.08,0.000
BE Hendricks (SA),2019-2019,2019,2019,0,4,3,126,106,1,Jan-50,106,5.04,126,0,0,0.25,0.20,0.23,0.000
RR Hendricks (SA),2018-2019,2018,2019,1,18,3,42,47,1,Jan-13,47,6.71,42,0,0,0.06,0.15,0.08,0.000
BJ Hodge (AUS),2005-2007,2005,2007,2,25,3,66,51,1,Jan-17,51,4.63,66,0,0,0.04,0.22,0.09,0.000
DW Hookes (AUS),1977-1986,1977,1986,9,39,3,29,28,1,01-Feb,28,5.79,29,0,0,0.03,0.17,0.07,0.000
DL Houghton (ZIM),1983-1997,1983,1997,14,63,1,12,19,1,Jan-19,19,9.5,12,0,0,0.02,0.11,0.04,0.000
Iftikhar Ahmed (PAK),2015-2019,2015,2019,4,4,4,138,101,1,Jan-31,101,4.39,138,0,0,0.25,0.23,0.24,0.000
Ijaz Ahmed jnr (PAK),1997-1997,1997,1997,0,2,2,30,25,1,01-Sep,25,5,30,0,0,0.50,0.20,0.41,0.000
Imran Nazir (PAK),1999-2009,1999,2009,10,79,4,49,48,1,01-Mar,48,5.87,49,0,0,0.01,0.17,0.06,0.000
F Jansen (NL),1996-1996,1996,1996,0,2,2,54,62,1,Jan-40,62,6.88,54,0,0,0.50,0.15,0.39,0.000
PS Jayaprakashdaran (SL),2005-2005,2005,2005,0,1,1,36,21,1,Jan-21,21,3.5,36,0,0,1.00,0.29,0.79,0.000
TE Jesty (ENG),1983-1983,1983,1983,0,10,4,108,93,1,Jan-23,93,5.16,108,0,0,0.10,0.19,0.13,0.000
Joginder Sharma (INDIA),2004-2007,2004,2007,3,4,4,150,115,1,Jan-28,115,4.6,150,0,0,0.25,0.22,0.24,0.000
HR Johnson (USA),2004-2004,2004,2004,0,2,2,60,69,1,Jan-26,69,6.9,60,0,0,0.50,0.14,0.39,0.000
S Jyoti (CAN),2006-2010,2006,2010,4,14,4,120,90,1,Jan-26,90,4.5,120,0,0,0.07,0.22,0.12,0.000
VG Kambli (INDIA),1991-2000,1991,2000,9,104,1,4,7,1,01-Jul,7,10.5,4,0,0,0.01,0.10,0.04,0.000
Kashif Raza (PAK),2001-2001,2001,2001,0,1,1,30,36,1,Jan-36,36,7.2,30,0,0,1.00,0.14,0.74,0.000
GE Kidd (IRE),2007-2008,2007,2008,1,6,5,216,172,1,Jan-27,172,4.77,216,0,0,0.17,0.21,0.18,0.000
R Lamba (INDIA),1986-1989,1986,1989,3,32,3,19,20,1,01-Sep,20,6.31,19,0,0,0.03,0.16,0.07,0.000
D Lloyd (ENG),1973-1980,1973,1980,7,8,1,12,3,1,01-Mar,3,1.5,12,0,0,0.13,0.67,0.29,0.000
JL Louw (NAM),2003-2003,2003,2003,0,1,1,60,60,1,Jan-60,60,6,60,0,0,1.00,0.17,0.75,0.000
SV Manjrekar (INDIA),1988-1996,1988,1996,8,74,3,8,10,1,01-Feb,10,7.5,8,0,0,0.01,0.13,0.05,0.000
AV Mankad (INDIA),1974-1974,1974,1974,0,1,1,35,47,1,Jan-47,47,8.05,35,0,0,1.00,0.12,0.74,0.000
Mansoor Amjad (PAK),2008-2008,2008,2008,0,1,1,48,44,1,Jan-44,44,5.5,48,0,0,1.00,0.18,0.75,0.000
AW Mathieson (NZ),2015-2015,2015,2015,0,1,1,24,40,1,Jan-40,40,10,24,0,0,1.00,0.10,0.73,0.000
DES Maxwell (CAN),2006-2007,2006,2007,1,10,3,72,70,1,Jan-23,70,5.83,72,0,0,0.10,0.17,0.12,0.000
PHKD Mendis (SL),2019-2019,2019,2019,0,2,2,84,79,1,Jan-45,79,5.64,84,0,0,0.50,0.18,0.40,0.000
T Mishra (KENYA),2006-2013,2006,2013,7,42,2,9,12,1,01-Jun,12,8,9,0,0,0.02,0.13,0.05,0.000
Mohammad Abbas (PAK),2019-2019,2019,2019,0,3,3,162,153,1,Jan-44,153,5.66,162,0,0,0.33,0.18,0.29,0.000
Mohammad Yousuf (Asia/PAK),1998-2010,1998,2010,12,288,2,2,1,1,1/0,1,3,2,0,0,0.00,0.33,0.10,0.000
Mohsin Khan (PAK),1977-1986,1977,1986,9,75,2,12,5,1,01-Feb,5,2.5,12,0,0,0.01,0.40,0.13,0.000
Mujahid Jamshed (PAK),1997-1997,1997,1997,0,4,1,24,6,1,01-Jun,6,1.5,24,0,0,0.25,0.67,0.38,0.000
W Mwayenga (ZIM),2002-2004,2002,2004,2,3,3,126,157,1,Jan-61,157,7.47,126,0,0,0.33,0.13,0.27,0.000
J Nagenda (EAf),1975-1975,1975,1975,0,1,1,54,50,1,Jan-50,50,5.55,54,0,0,1.00,0.18,0.75,0.000
PG Nana (EAf),1975-1975,1975,1975,0,3,3,173,116,1,Jan-34,116,4.02,173,0,0,0.33,0.25,0.31,0.000
DP Nannes (AUS),2009-2009,2009,2009,0,1,1,42,20,1,Jan-20,20,2.85,42,0,0,1.00,0.35,0.81,0.000
SV Nayak (INDIA),1981-1982,1981,1982,1,4,4,222,161,1,Jan-51,161,4.35,222,0,0,0.25,0.23,0.24,0.000
A Ndlovu (ZIM),2019-2019,2019,2019,0,2,2,102,80,1,Jan-29,80,4.7,102,0,0,0.50,0.21,0.41,0.000
Neeyamur Rashid (BDESH),1999-1999,1999,1999,0,2,2,78,66,1,Jan-46,66,5.07,78,0,0,0.50,0.20,0.41,0.000
A Neill (SCOT),2019-2019,2019,2019,0,1,1,55,24,1,Jan-24,24,2.61,55,0,0,1.00,0.38,0.81,0.000
AA Noffke (AUS),2008-2008,2008,2008,0,1,1,54,46,1,Jan-46,46,5.11,54,0,0,1.00,0.20,0.76,0.000
SD Outerbridge (BMUDA),2006-2009,2006,2009,3,23,7,120,94,1,01-Nov,94,4.7,120,0,0,0.04,0.21,0.09,0.000
JS Paris (AUS),2016-2016,2016,2016,0,2,2,96,93,1,Jan-40,93,5.81,96,0,0,0.50,0.17,0.40,0.000
JM Parker (NZ),1974-1981,1974,1981,7,24,1,16,10,1,01-Oct,10,3.75,16,0,0,0.04,0.27,0.11,0.000
AJ Penn (NZ),1997-2001,1997,2001,4,5,5,159,201,1,Jan-50,201,7.58,159,0,0,0.20,0.13,0.18,0.000
N Phillip (WI),1978-1978,1978,1978,0,1,1,42,22,1,Jan-22,22,3.14,42,0,0,1.00,0.32,0.80,0.000
PM Pushpakumara (SL),2017-2017,2017,2017,0,2,2,114,105,1,Jan-40,105,5.52,114,0,0,0.50,0.18,0.40,0.000
S Ramesh (INDIA),1999-1999,1999,1999,0,24,3,36,38,1,Jan-23,38,6.33,36,0,0,0.04,0.16,0.08,0.000
N Ranatunga (SL),1993-1993,1993,1993,0,2,2,102,82,1,Jan-33,82,4.82,102,0,0,0.50,0.21,0.41,0.000
SHA Rance (NZ),2017-2017,2017,2017,0,2,2,105,110,1,Jan-44,110,6.28,105,0,0,0.50,0.16,0.40,0.000
U Ranchod (ZIM),1992-1993,1992,1993,1,3,3,174,130,1,Jan-44,130,4.48,174,0,0,0.33,0.22,0.30,0.000
DW Randall (ENG),1976-1985,1976,1985,9,49,1,2,2,1,01-Feb,2,6,2,0,0,0.02,0.17,0.06,0.000
Randhir Singh (INDIA),1981-1983,1981,1983,2,2,2,72,48,1,Jan-30,48,4,72,0,0,0.50,0.25,0.43,0.000
SS Raul (INDIA),1998-1998,1998,1998,0,2,2,36,27,1,Jan-13,27,4.5,36,0,0,0.50,0.22,0.42,0.000
Raza-ur-Rehman (CAN),2013-2014,2013,2014,1,6,5,122,128,1,Jan-59,128,6.29,122,0,0,0.17,0.16,0.16,0.000
Raza Hasan (PAK),2014-2014,2014,2014,0,1,1,60,68,1,Jan-68,68,6.8,60,0,0,1.00,0.15,0.74,0.000
V Razdan (INDIA),1989-1990,1989,1990,1,3,3,84,77,1,Jan-37,77,5.5,84,0,0,0.33,0.18,0.29,0.000
CA Reid (USA),2004-2004,2004,2004,0,2,2,78,63,1,Jan-37,63,4.84,78,0,0,0.50,0.21,0.41,0.000
RB Reid (NZ),1988-1991,1988,1991,3,9,1,7,13,1,Jan-13,13,11.14,7,0,0,0.11,0.09,0.10,0.000
RB Richardson (WI),1983-1996,1983,1996,13,224,6,58,46,1,01-Apr,46,4.75,58,0,0,0.00,0.21,0.07,0.000
ADG Roberts (NZ),1976-1976,1976,1976,0,1,1,56,30,1,Jan-30,30,3.21,56,0,0,1.00,0.31,0.79,0.000
RJ Robinson (BMUDA),2007-2009,2007,2009,2,3,3,138,170,1,Jan-57,170,7.39,138,0,0,0.33,0.14,0.27,0.000
TS Roland-Jones (ENG),2017-2017,2017,2017,0,1,1,42,34,1,Jan-34,34,4.85,42,0,0,1.00,0.21,0.76,0.000
LC Romero (USA),2004-2004,2004,2004,0,2,1,24,52,1,Jan-52,52,13,24,0,0,0.50,0.08,0.37,0.000
RR Rossouw (SA),2014-2016,2014,2016,2,36,3,45,44,1,Jan-17,44,5.86,45,0,0,0.03,0.17,0.07,0.000
Sameer Zia (UAE),2004-2004,2004,2004,0,1,1,60,44,1,Jan-44,44,4.4,60,0,0,1.00,0.23,0.77,0.000
Saqib Ali (UAE),2008-2014,2008,2014,6,5,2,60,57,1,Jan-44,57,5.7,60,0,0,0.20,0.18,0.19,0.000
Saqib Zulfiqar (NL),2019-2019,2019,2019,0,1,1,42,49,1,Jan-49,49,7,42,0,0,1.00,0.14,0.74,0.000
Sayed Shirzad (AFG),2019-2019,2019,2019,0,2,1,48,56,1,Jan-56,56,7,48,0,0,0.50,0.14,0.39,0.000
BN Schultz (SA),1992-1992,1992,1992,0,1,1,54,35,1,Jan-35,35,3.88,54,0,0,1.00,0.26,0.78,0.000
BB Seebaran (CAN),2003-2003,2003,2003,0,4,3,108,130,1,Jan-61,130,7.22,108,0,0,0.25,0.14,0.22,0.000
RK Sethi (EAf),1975-1975,1975,1975,0,3,3,120,100,1,Jan-51,100,5,120,0,0,0.33,0.20,0.29,0.000
Shehzad Altaf (UAE),1996-1996,1996,1996,0,2,2,78,37,1,Jan-15,37,2.84,78,0,0,0.50,0.35,0.46,0.000
Shakeel Khan (PAK),1987-1987,1987,1987,0,1,1,54,50,1,Jan-50,50,5.55,54,0,0,1.00,0.18,0.75,0.000
M Shezi (SA),2014-2014,2014,2014,0,1,1,36,8,1,01-Aug,8,1.33,36,0,0,1.00,0.75,0.93,0.000
LR Shukla (INDIA),1999-1999,1999,1999,0,3,3,114,94,1,Jan-25,94,4.94,114,0,0,0.33,0.20,0.29,0.000
K Shuttleworth (ENG),1971-1971,1971,1971,0,1,1,56,29,1,Jan-29,29,3.1,56,0,0,1.00,0.32,0.80,0.000
LPC Silva (SL),1999-2011,1999,2011,12,75,2,42,33,1,Jan-21,33,4.71,42,0,0,0.01,0.21,0.07,0.000
LMP Simmons (WI),2006-2015,2006,2015,9,68,12,156,172,1,01-Mar,172,6.61,156,0,0,0.01,0.15,0.06,0.000
RP Singh (INDIA),1986-1986,1986,1986,0,2,2,82,77,1,Jan-58,77,5.63,82,0,0,0.50,0.18,0.40,0.000
MA Small (WI),1984-1984,1984,1984,0,2,2,84,54,1,Jan-40,54,3.85,84,0,0,0.50,0.26,0.43,0.000
RAJ Smith (SCOT),2016-2016,2016,2016,0,2,2,90,97,1,Jan-34,97,6.46,90,0,0,0.50,0.15,0.40,0.000
S Snater (NL),2018-2018,2018,2018,0,2,2,71,63,1,Jan-41,63,5.32,71,0,0,0.50,0.19,0.41,0.000
GS Sobers (WI),1973-1973,1973,1973,0,1,1,63,31,1,Jan-31,31,2.95,63,0,0,1.00,0.34,0.80,0.000
Sohaib Maqsood (PAK),2013-2016,2013,2016,3,26,4,54,42,1,Jan-16,42,4.66,54,0,0,0.04,0.21,0.09,0.000
VS Solanki (ENG),2000-2006,2000,2006,6,51,7,111,105,1,Jan-17,105,5.67,111,0,0,0.02,0.18,0.07,0.000
OP Stone (ENG),2018-2018,2018,2018,0,4,3,96,97,1,Jan-23,97,6.06,96,0,0,0.25,0.17,0.22,0.000
GM Strydom (ZIM),2006-2006,2006,2006,0,12,4,66,61,1,Jan-28,61,5.54,66,0,0,0.08,0.18,0.11,0.000
R Strydom (IRE),2008-2008,2008,2008,0,9,1,48,63,1,Jan-63,63,7.87,48,0,0,0.11,0.13,0.12,0.000
Subashis Roy (BDESH),2016-2016,2016,2016,0,1,1,60,45,1,Jan-45,45,4.5,60,0,0,1.00,0.22,0.77,0.000
Syed Maqsood (UAE),2004-2004,2004,2004,0,2,2,66,84,1,Jan-60,84,7.63,66,0,0,0.50,0.13,0.39,0.000
Tanvir Mehdi (PAK),1992-1992,1992,1992,0,1,1,66,72,1,Jan-72,72,6.54,66,0,0,1.00,0.15,0.75,0.000
Taufeeq Umar (PAK),2001-2011,2001,2011,10,22,3,72,85,1,Jan-49,85,7.08,72,0,0,0.05,0.14,0.07,0.000
GJ Thompson (IRE),2008-2008,2008,2008,0,3,3,72,73,1,Jan-35,73,6.08,72,0,0,0.33,0.16,0.28,0.000
AL Thomson (AUS),1971-1971,1971,1971,0,1,1,64,22,1,Jan-22,22,2.06,64,0,0,1.00,0.49,0.85,0.000
Tushar Imran (BDESH),2001-2007,2001,2007,6,41,5,126,103,1,Jan-24,103,4.9,126,0,0,0.02,0.20,0.08,0.000
Umair Ali (UAE),2015-2015,2015,2015,0,2,2,108,125,1,Jan-65,125,6.94,108,0,0,0.50,0.14,0.39,0.000
Usman Ghani (AFG),2014-2017,2014,2017,3,15,2,38,34,1,Jan-21,34,5.36,38,0,0,0.07,0.19,0.10,0.000
BO van Rooi (NAM),2003-2003,2003,2003,0,3,3,120,119,1,Jan-24,119,5.95,120,0,0,0.33,0.17,0.28,0.000
MA Vermeulen (ZIM),2000-2009,2000,2009,9,43,1,5,5,1,01-May,5,6,5,0,0,0.02,0.17,0.07,0.000
M Vijay (INDIA),2010-2015,2010,2015,5,17,2,36,37,1,Jan-19,37,6.16,36,0,0,0.06,0.16,0.09,0.000
L Vincent (NZ),2001-2007,2001,2007,6,102,3,20,25,1,1/0,25,7.5,20,0,0,0.01,0.13,0.05,0.000
Waheed Ahmed (UAE),2019-2019,2019,2019,0,2,2,30,29,1,Jan-20,29,5.8,30,0,0,0.50,0.17,0.40,0.000
Washington Sundar (INDIA),2017-2017,2017,2017,0,1,1,60,65,1,Jan-65,65,6.5,60,0,0,1.00,0.15,0.75,0.000
Wasim Haider (PAK),1992-1992,1992,1992,0,3,3,114,79,1,Jan-36,79,4.15,114,0,0,0.33,0.24,0.31,0.000
S Weerakoon (SL),2012-2012,2012,2012,0,2,1,60,49,1,Jan-49,49,4.9,60,0,0,0.50,0.20,0.41,0.000
BA Westdijk (NL),2011-2011,2011,2011,0,4,4,156,195,1,Jan-56,195,7.5,156,0,0,0.25,0.13,0.22,0.000
S Wettimuny (SL),1982-1987,1982,1987,5,35,6,57,70,1,Jan-13,70,7.36,57,0,0,0.03,0.14,0.06,0.000
CG Williams (NAM),2019-2019,2019,2019,0,5,4,126,91,1,Jan-37,91,4.33,126,0,0,0.20,0.23,0.21,0.000
SC Williams (WI),1994-1999,1994,1999,5,57,1,24,30,1,Jan-30,30,7.5,24,0,0,0.02,0.13,0.05,0.000
DJ Worrall (AUS),2016-2016,2016,2016,0,3,3,158,171,1,Jan-43,171,6.49,158,0,0,0.33,0.15,0.28,0.000
J Yadav (INDIA),2016-2016,2016,2016,0,1,1,24,8,1,01-Aug,8,2,24,0,0,1.00,0.50,0.85,0.000
Yashpal Sharma (INDIA),1978-1985,1978,1985,7,42,8,201,199,1,Jan-27,199,5.94,201,0,0,0.02,0.17,0.07,0.000
BE Young (AUS),1998-1999,1998,1999,1,6,5,234,251,1,Jan-26,251,6.43,234,0,0,0.17,0.16,0.16,0.000
Zain Abbas (HKG),2008-2008,2008,2008,0,1,1,36,56,1,Jan-56,56,9.33,36,0,0,1.00,0.11,0.73,0.000
AK Zesers (AUS),1987-1987,1987,1987,0,2,2,90,74,1,Jan-37,74,4.93,90,0,0,0.50,0.20,0.41,0.000
Aarif Sheikh (NEPAL),2018-2019,2018,2019,1,6,1,12,10,0,-,-,5,-,0,0,0.00,0.20,0.06,0.000
S Abrahams (SA),2000-2000,2000,2000,0,1,1,60,40,0,-,-,4,-,0,0,0.00,0.25,0.08,0.000
Abul Hasan (BDESH),2012-2018,2012,2018,6,7,7,216,244,0,-,-,6.77,-,0,0,0.00,0.15,0.04,0.000
FS Ahangama (SL),1985-1985,1985,1985,0,1,1,18,23,0,-,-,7.66,-,0,0,0.00,0.13,0.04,0.000
Ahmed Shah (AFG),2009-2009,2009,2009,0,1,1,6,12,0,-,-,12,-,0,0,0.00,0.08,0.03,0.000
Akram Khan (BDESH),1988-2003,1988,2003,15,44,6,117,138,0,-,-,7.07,-,0,0,0.00,0.14,0.04,0.000
Aman Ali (UAE),2008-2008,2008,2008,0,1,1,12,22,0,-,-,11,-,0,0,0.00,0.09,0.03,0.000
PK Amre (INDIA),1991-1994,1991,1994,3,37,1,2,4,0,-,-,12,-,0,0,0.00,0.08,0.03,0.000
J Anderson (IRE),2014-2016,2014,2016,2,8,2,30,20,0,-,-,4,-,0,0,0.00,0.25,0.08,0.000
Anisur Rahman (BDESH),1995-1998,1995,1998,3,2,2,48,68,0,-,-,8.5,-,0,0,0.00,0.12,0.04,0.000
Anwar Hossain Monir (BDESH),2002-2002,2002,2002,0,1,1,48,45,0,-,-,5.62,-,0,0,0.00,0.18,0.05,0.000
Ariful Haque (BDESH),2018-2018,2018,2018,0,1,1,18,17,0,-,-,5.66,-,0,0,0.00,0.18,0.05,0.000
Asad Shafiq (PAK),2010-2017,2010,2017,7,60,2,12,18,0,-,-,9,-,0,0,0.00,0.11,0.03,0.000
Ashfaq Ahmed (PAK),1994-1994,1994,1994,0,3,3,102,84,0,-,-,4.94,-,0,0,0.00,0.20,0.06,0.000
Asif Ali (PAK),2018-2019,2018,2019,1,18,1,5,9,0,-,-,10.8,-,0,0,0.00,0.09,0.03,0.000
Asif Iqbal (1) (UAE),2015-2015,2015,2015,0,1,1,24,32,0,-,-,8,-,0,0,0.00,0.13,0.04,0.000
MS Atapattu (SL),1990-2007,1990,2007,17,268,2,51,41,0,-,-,4.82,-,0,0,0.00,0.21,0.06,0.000
CWJ Athey (ENG),1980-1988,1980,1988,8,31,1,6,10,0,-,-,10,-,0,0,0.00,0.10,0.03,0.000
RA Austin (WI),1978-1978,1978,1978,0,1,1,6,13,0,-,-,13,-,0,0,0.00,0.08,0.02,0.000
Babar Hayat (HKG),2014-2018,2014,2018,4,22,1,6,9,0,-,-,9,-,0,0,0.00,0.11,0.03,0.000
RJ Bailey (ENG),1985-1990,1985,1990,5,4,1,36,25,0,-,-,4.16,-,0,0,0.00,0.24,0.07,0.000
W Barresi (NL),2010-2019,2010,2019,9,32,3,30,37,0,-,-,7.4,-,0,0,0.00,0.14,0.04,0.000
OO Bascome (BMUDA),2008-2008,2008,2008,0,6,2,18,22,0,-,-,7.33,-,0,0,0.00,0.14,0.04,0.000
TC Bastiampillai (CAN),2007-2014,2007,2014,7,13,3,24,31,0,-,-,7.75,-,0,0,0.00,0.13,0.04,0.000
Bazid Khan (PAK),2004-2008,2004,2008,4,5,1,12,11,0,-,-,5.5,-,0,0,0.00,0.18,0.05,0.000
CA Best (WI),1986-1992,1986,1992,6,24,2,19,12,0,-,-,3.78,-,0,0,0.00,0.26,0.08,0.000
MI Black (WI),2001-2001,2001,2001,0,5,5,228,196,0,-,-,5.15,-,0,0,0.00,0.19,0.06,0.000
J Blackwood (WI),2015-2015,2015,2015,0,2,1,18,16,0,-,-,5.33,-,0,0,0.00,0.19,0.06,0.000
DL Blake (USA),2004-2004,2004,2004,0,1,1,6,7,0,-,-,7,-,0,0,0.00,0.14,0.04,0.000
GH Bodi (SA),2007-2007,2007,2007,0,2,1,6,8,0,-,-,8,-,0,0,0.00,0.13,0.04,0.000
DC Boon (AUS),1984-1995,1984,1995,11,181,7,82,86,0,-,-,6.29,-,0,0,0.00,0.16,0.05,0.000
SG Borthwick (ENG),2011-2011,2011,2011,0,2,2,54,72,0,-,-,8,-,0,0,0.00,0.13,0.04,0.000
T Bosch (SA),1992-1992,1992,1992,0,2,2,51,66,0,-,-,7.76,-,0,0,0.00,0.13,0.04,0.000
JWHD Boteju (SL),1999-1999,1999,1999,0,2,2,102,113,0,-,-,6.64,-,0,0,0.00,0.15,0.05,0.000
SA Britton (IRE),2009-2009,2009,2009,0,1,1,36,37,0,-,-,6.16,-,0,0,0.00,0.16,0.05,0.000
BC Broad (ENG),1987-1988,1987,1988,1,34,1,6,6,0,-,-,6,-,0,0,0.00,0.17,0.05,0.000
AD Brown (ENG),1996-2001,1996,2001,5,16,1,6,5,0,-,-,5,-,0,0,0.00,0.20,0.06,0.000
CE Bulfin (NZ),1999-1999,1999,1999,0,4,3,102,109,0,-,-,6.41,-,0,0,0.00,0.16,0.05,0.000
SF Burger (NAM),2003-2003,2003,2003,0,2,2,66,67,0,-,-,6.09,-,0,0,0.00,0.16,0.05,0.000
JD Campbell (WI),2019-2019,2019,2019,0,6,1,6,13,0,-,-,13,-,0,0,0.00,0.08,0.02,0.000
MA Carberry (ENG),2013-2014,2013,2014,1,6,1,6,12,0,-,-,12,-,0,0,0.00,0.08,0.03,0.000
KED Carroll (IRE),2007-2007,2007,2007,0,6,1,6,8,0,-,-,8,-,0,0,0.00,0.13,0.04,0.000
G Chapple (ENG),2006-2006,2006,2006,0,1,1,24,14,0,-,-,3.5,-,0,0,0.00,0.29,0.09,0.000
J Charles (WI),2012-2016,2012,2016,4,48,1,5,12,0,-,-,14.4,-,0,0,0.00,0.07,0.02,0.000
K Christie (HKG),2016-2016,2016,2016,0,1,1,6,18,0,-,-,18,-,0,0,0.00,0.06,0.02,0.000
DB Close (ENG),1972-1972,1972,1972,0,3,1,18,21,0,-,-,7,-,0,0,0.00,0.14,0.04,0.000
DJ Colley (AUS),1972-1972,1972,1972,0,1,1,66,72,0,-,-,6.54,-,0,0,0.00,0.15,0.05,0.000
AN Connolly (AUS),1971-1971,1971,1971,0,1,1,64,62,0,-,-,5.81,-,0,0,0.00,0.17,0.05,0.000
JJ Crowe (NZ),1983-1990,1983,1990,7,75,1,6,1,0,-,-,1,-,0,0,0.00,1.00,0.30,0.000
CD Cumming (NZ),2003-2009,2003,2009,6,13,1,18,17,0,-,-,5.66,-,0,0,0.00,0.18,0.05,0.000
GN de Silva (SL),1983-1985,1983,1985,2,4,4,194,169,0,-,-,5.22,-,0,0,0.00,0.19,0.06,0.000
BJ Diamanti (NZ),2009-2009,2009,2009,0,1,1,12,25,0,-,-,12.5,-,0,0,0.00,0.08,0.02,0.000
S Dube (INDIA),2019-2019,2019,2019,0,1,1,47,68,0,-,-,8.68,-,0,0,0.00,0.12,0.03,0.000
N Dutta (CAN),2013-2013,2013,2013,0,1,1,36,31,0,-,-,5.16,-,0,0,0.00,0.19,0.06,0.000
DD Ebrahim (ZIM),2001-2005,2001,2005,4,82,2,5,11,0,-,-,13.2,-,0,0,0.00,0.08,0.02,0.000
BA Edgar (NZ),1978-1986,1978,1986,8,64,1,12,5,0,-,-,2.5,-,0,0,0.00,0.40,0.12,0.000
WJ Edwards (AUS),1975-1975,1975,1975,0,1,1,1,0,0,-,-,0,-,0,0,0.00,#DIV/0!,#DIV/0!,0.000
RR Emrit (WI),2007-2007,2007,2007,0,2,2,84,99,0,-,-,7.07,-,0,0,0.00,0.14,0.04,0.000
MG Erasmus (NAM),2019-2019,2019,2019,0,5,3,96,65,0,-,-,4.06,-,0,0,0.00,0.25,0.07,0.000
JJ Esmeijer (NL),2002-2003,2002,2003,1,6,6,228,208,0,-,-,5.47,-,0,0,0.00,0.18,0.05,0.000
Fahim Muntasir (BDESH),2001-2002,2001,2002,1,3,3,169,111,0,-,-,3.94,-,0,0,0.00,0.25,0.08,0.000
NH Fairbrother (ENG),1987-1999,1987,1999,12,75,1,6,9,0,-,-,9,-,0,0,0.00,0.11,0.03,0.000
Faisal Iqbal (PAK),2000-2006,2000,2006,6,18,2,18,33,0,-,-,11,-,0,0,0.00,0.09,0.03,0.000
Fayyaz Ahmed (UAE),2014-2016,2014,2016,2,3,3,162,121,0,-,-,4.48,-,0,0,0.00,0.22,0.07,0.000
Fazl-e-Akbar (PAK),1998-2001,1998,2001,3,2,2,72,48,0,-,-,4,-,0,0,0.00,0.25,0.08,0.000
Fazle Mahmud (BDESH),2018-2018,2018,2018,0,2,1,18,16,0,-,-,5.33,-,0,0,0.00,0.19,0.06,0.000
AM Fernando (SL),2017-2017,2017,2017,0,1,1,12,22,0,-,-,11,-,0,0,0.00,0.09,0.03,0.000
BOP Fernando (SL),2019-2019,2019,2019,0,6,1,12,16,0,-,-,8,-,0,0,0.00,0.13,0.04,0.000
ADS Fletcher (WI),2008-2016,2008,2016,8,25,3,28,26,0,-,-,5.57,-,0,0,0.00,0.18,0.05,0.000
A Flower (ZIM),1992-2003,1992,2003,11,213,2,30,23,0,-,-,4.6,-,0,0,0.00,0.22,0.07,0.000
DR Flynn (NZ),2008-2012,2008,2012,4,20,3,24,25,0,-,-,6.25,-,0,0,0.00,0.16,0.05,0.000
CR Foggo (BMUDA),2008-2008,2008,2008,0,4,1,1,2,0,-,-,12,-,0,0,0.00,0.08,0.03,0.000
PJ Franks (ENG),2000-2000,2000,2000,0,1,1,54,48,0,-,-,5.33,-,0,0,0.00,0.19,0.06,0.000
Frasat Ali (EAf),1975-1975,1975,1975,0,3,3,144,107,0,-,-,4.45,-,0,0,0.00,0.22,0.07,0.000
G Gambhir (INDIA),2003-2013,2003,2013,10,147,1,6,13,0,-,-,13,-,0,0,0.00,0.08,0.02,0.000
D Ganga (WI),1999-2006,1999,2006,7,35,1,1,4,0,-,-,24,-,0,0,0.00,0.04,0.01,0.000
SP Gauchan (NEPAL),2018-2018,2018,2018,0,1,1,24,15,0,-,-,3.75,-,0,0,0.00,0.27,0.08,0.000
TG Gordon (CAN),2011-2011,2011,2011,0,5,2,15,25,0,-,-,10,-,0,0,0.00,0.10,0.03,0.000
DI Gower (ENG),1978-1991,1978,1991,13,114,2,5,14,0,-,-,16.8,-,0,0,0.00,0.06,0.02,0.000
MJ Greatbatch (NZ),1988-1996,1988,1996,8,84,1,6,5,0,-,-,5,-,0,0,0.00,0.20,0.06,0.000
FRMD Gunatilleke (SL),1979-1979,1979,1979,0,1,1,54,34,0,-,-,3.77,-,0,0,0.00,0.27,0.08,0.000
Gurkeerat Singh (INDIA),2016-2016,2016,2016,0,3,3,60,68,0,-,-,6.8,-,0,0,0.00,0.15,0.04,0.000
Hannan Sarkar (BDESH),2002-2004,2002,2004,2,20,1,3,13,0,-,-,26,-,0,0,0.00,0.04,0.01,0.000
Hashmatullah Shahidi (AFG),2013-2019,2013,2019,6,39,2,18,25,0,-,-,8.33,-,0,0,0.00,0.12,0.04,0.000
ML Hayden (AUS/ICC),1993-2008,1993,2008,15,161,1,6,18,0,-,-,18,-,0,0,0.00,0.06,0.02,0.000
RL Hayes (NZ),1995-1995,1995,1995,0,1,1,42,31,0,-,-,4.42,-,0,0,0.00,0.23,0.07,0.000
DL Haynes (WI),1978-1994,1978,1994,16,238,1,30,24,0,-,-,4.8,-,0,0,0.00,0.21,0.06,0.000
C Hemraj (WI),2018-2018,2018,2018,0,6,1,7,9,0,-,-,7.71,-,0,0,0.00,0.13,0.04,0.000
VR Hogg (ZIM),1983-1983,1983,1983,0,2,2,90,49,0,-,-,3.26,-,0,0,0.00,0.31,0.09,0.000
DAW Hollis (BMUDA),2008-2008,2008,2008,0,1,1,42,43,0,-,-,6.14,-,0,0,0.00,0.16,0.05,0.000
AC Hudson (SA),1991-1997,1991,1997,6,89,1,6,3,0,-,-,3,-,0,0,0.00,0.33,0.10,0.000
KJ Hughes (AUS),1977-1985,1977,1985,8,97,1,1,4,0,-,-,24,-,0,0,0.00,0.04,0.01,0.000
Hussain Talat (PAK),2019-2019,2019,2019,0,1,1,12,16,0,-,-,8,-,0,0,0.00,0.13,0.04,0.000
EH Hutchinson (USA),2019-2019,2019,2019,0,4,3,78,82,0,-,-,6.3,-,0,0,0.00,0.16,0.05,0.000
N Ifill (CAN),2003-2006,2003,2006,3,4,3,72,88,0,-,-,7.33,-,0,0,0.00,0.14,0.04,0.000
CA Ingram (SA),2010-2013,2010,2013,3,31,1,6,17,0,-,-,17,-,0,0,0.00,0.06,0.02,0.000
Irfan Fazil (PAK),2000-2000,2000,2000,0,1,1,36,46,0,-,-,7.66,-,0,0,0.00,0.13,0.04,0.000
Irfan Sajid (UAE),2014-2014,2014,2014,0,1,1,30,23,0,-,-,4.6,-,0,0,0.00,0.22,0.07,0.000
Ishtiaq Muhammad (HKG),2016-2016,2016,2016,0,1,1,18,24,0,-,-,8,-,0,0,0.00,0.13,0.04,0.000
SS Iyer (INDIA),2017-2019,2017,2019,2,12,2,12,15,0,-,-,7.5,-,0,0,0.00,0.13,0.04,0.000
Jahangir Alam Talukdar (BDESH),1990-1990,1990,1990,0,2,2,42,36,0,-,-,5.14,-,0,0,0.00,0.19,0.06,0.000
Jamaluddin Ahmed (BDESH),2003-2003,2003,2003,0,1,1,24,28,0,-,-,7,-,0,0,0.00,0.14,0.04,0.000
JA Jameson (ENG),1973-1975,1973,1975,2,3,1,12,3,0,-,-,1.5,-,0,0,0.00,0.67,0.20,0.000
WS Jayantha (SL),2004-2004,2004,2004,0,17,6,55,46,0,-,-,5.01,-,0,0,0.00,0.20,0.06,0.000
NGRP Jayasuriya (SL),2018-2018,2018,2018,0,2,2,96,95,0,-,-,5.93,-,0,0,0.00,0.17,0.05,0.000
TJ Jenner (AUS),1975-1975,1975,1975,0,1,1,64,28,0,-,-,2.62,-,0,0,0.00,0.38,0.11,0.000
Junaid Siddique (BDESH),2007-2011,2007,2011,4,54,2,12,13,0,-,-,6.5,-,0,0,0.00,0.15,0.05,0.000
Kaleemullah (OMAN),2019-2019,2019,2019,0,3,3,90,84,0,-,-,5.6,-,0,0,0.00,0.18,0.05,0.000
SMS Kaluperuma (SL),1988-1988,1988,1988,0,2,1,6,3,0,-,-,3,-,0,0,0.00,0.33,0.10,0.000
AL Kandappah (CAN),2007-2007,2007,2007,0,2,1,1,4,0,-,-,24,-,0,0,0.00,0.04,0.01,0.000
Karim Janat (AFG),2017-2017,2017,2017,0,1,1,24,31,0,-,-,7.75,-,0,0,0.00,0.13,0.04,0.000
FDM Karunaratne (SL),2011-2019,2011,2019,8,28,2,16,18,0,-,-,6.75,-,0,0,0.00,0.15,0.04,0.000
S Kaul (INDIA),2018-2018,2018,2018,0,3,3,162,179,0,-,-,6.62,-,0,0,0.00,0.15,0.05,0.000
PHT Kaushal (SL),2015-2015,2015,2015,0,1,1,36,25,0,-,-,4.16,-,0,0,0.00,0.24,0.07,0.000
JC Kent (SA),2002-2002,2002,2002,0,2,2,48,57,0,-,-,7.12,-,0,0,0.00,0.14,0.04,0.000
AN Kervezee (NL),2006-2012,2006,2012,6,39,2,24,34,0,-,-,8.5,-,0,0,0.00,0.12,0.04,0.000
S Keshvani (CAN),2009-2009,2009,2009,0,5,2,48,48,0,-,-,6,-,0,0,0.00,0.17,0.05,0.000
G Kirsten (SA),1993-2003,1993,2003,10,185,3,30,23,0,-,-,4.6,-,0,0,0.00,0.22,0.07,0.000
CKB Kulasekara (SL),2011-2012,2011,2012,1,4,4,78,80,0,-,-,6.15,-,0,0,0.00,0.16,0.05,0.000
AJ Lamb (ENG),1982-1992,1982,1992,10,122,1,6,3,0,-,-,3,-,0,0,0.00,0.33,0.10,0.000
CB Lambert (USA/WI),1990-2004,1990,2004,14,12,2,72,74,0,-,-,6.16,-,0,0,0.00,0.16,0.05,0.000
JPR Lamsam (HKG),2004-2008,2004,2008,4,2,2,36,47,0,-,-,7.83,-,0,0,0.00,0.13,0.04,0.000
W Larkins (ENG),1979-1991,1979,1991,12,25,2,15,22,0,-,-,8.8,-,0,0,0.00,0.11,0.03,0.000
VVS Laxman (INDIA),1998-2006,1998,2006,8,86,4,42,40,0,-,-,5.71,-,0,0,0.00,0.18,0.05,0.000
AL Logie (WI),1981-1993,1981,1993,12,158,4,24,18,0,-,-,4.5,-,0,0,0.00,0.22,0.07,0.000
CH Lonsdale (BMUDA),2007-2007,2007,2007,0,1,1,12,19,0,-,-,9.5,-,0,0,0.00,0.11,0.03,0.000
AGR Loudon (ENG),2006-2006,2006,2006,0,1,1,36,36,0,-,-,6,-,0,0,0.00,0.17,0.05,0.000
AJ Mackay (ZIM),2001-2001,2001,2001,0,3,3,132,137,0,-,-,6.22,-,0,0,0.00,0.16,0.05,0.000
ND McKenzie (SA),2000-2009,2000,2009,9,64,5,46,27,0,-,-,3.52,-,0,0,0.00,0.28,0.09,0.000
RS Madugalle (SL),1979-1988,1979,1988,9,63,1,4,1,0,-,-,1.5,-,0,0,0.00,0.67,0.20,0.000
Mafizur Rahman (BDESH),1997-1997,1997,1997,0,4,4,66,73,0,-,-,6.63,-,0,0,0.00,0.15,0.05,0.000
RS Mahanama (SL),1986-1999,1986,1999,13,213,2,2,7,0,-,-,21,-,0,0,0.00,0.05,0.01,0.000
GI Maiden (SCOT),2010-2011,2010,2011,1,7,1,48,38,0,-,-,4.75,-,0,0,0.00,0.21,0.06,0.000
GT Main (SCOT),2019-2019,2019,2019,0,1,1,30,30,0,-,-,6,-,0,0,0.00,0.17,0.05,0.000
AO Malhotra (INDIA),1982-1986,1982,1986,4,20,1,6,0,0,-,-,0,-,0,0,0.00,#DIV/0!,#DIV/0!,0.000
Mansoor Rana (PAK),1990-1990,1990,1990,0,2,1,6,7,0,-,-,7,-,0,0,0.00,0.14,0.04,0.000
Maqsood Rana (PAK),1990-1990,1990,1990,0,1,1,12,11,0,-,-,5.5,-,0,0,0.00,0.18,0.05,0.000
I Maraj (CAN),2003-2003,2003,2003,0,6,1,27,22,0,-,-,4.88,-,0,0,0.00,0.20,0.06,0.000
GR Marsh (AUS),1986-1992,1986,1992,6,117,1,6,4,0,-,-,4,-,0,0,0.00,0.25,0.08,0.000
XM Marshall (USA/WI),2005-2019,2005,2019,14,33,2,9,6,0,-,-,4,-,0,0,0.00,0.25,0.08,0.000
PS Masvaure (ZIM),2018-2018,2018,2018,0,2,1,18,19,0,-,-,6.33,-,0,0,0.00,0.16,0.05,0.000
Mazharul Haque (BDESH),2002-2002,2002,2002,0,1,1,4,4,0,-,-,6,-,0,0,0.00,0.17,0.05,0.000
Mazhar Hussain (UAE),1994-1996,1994,1996,2,7,2,48,60,0,-,-,7.5,-,0,0,0.00,0.13,0.04,0.000
GJ McCarter (IRE),2014-2014,2014,2014,0,1,1,48,38,0,-,-,4.75,-,0,0,0.00,0.21,0.06,0.000
Mehrab Hossain (BDESH),1998-2003,1998,2003,5,18,3,30,42,0,-,-,8.4,-,0,0,0.00,0.12,0.04,0.000
MA Meman (ZIM),1987-1987,1987,1987,0,1,1,41,34,0,-,-,4.97,-,0,0,0.00,0.20,0.06,0.000
BKG Mendis (SL),2016-2019,2016,2019,3,73,2,20,28,0,-,-,8.4,-,0,0,0.00,0.12,0.04,0.000
Misbah-ul-Haq (PAK),2002-2015,2002,2015,13,162,1,24,30,0,-,-,7.5,-,0,0,0.00,0.13,0.04,0.000
HS Modi (KENYA),1996-2006,1996,2006,10,63,4,19,27,0,-,-,8.52,-,0,0,0.00,0.12,0.04,0.000
Mohammad Boota (UAE),2018-2019,2018,2019,1,9,1,12,10,0,-,-,5,-,0,0,0.00,0.20,0.06,0.000
Mohammad Nadeem (OMAN),2019-2019,2019,2019,0,4,1,18,23,0,-,-,7.66,-,0,0,0.00,0.13,0.04,0.000
JN Mohammed (WI),2011-2018,2011,2018,7,28,8,146,131,0,-,-,5.38,-,0,0,0.00,0.19,0.06,0.000
Mohammed Siraj (INDIA),2019-2019,2019,2019,0,1,1,60,76,0,-,-,7.6,-,0,0,0.00,0.13,0.04,0.000
PJK Mooney (IRE),2006-2007,2006,2007,1,4,4,87,100,0,-,-,6.89,-,0,0,0.00,0.15,0.04,0.000
RS Morton (WI),2002-2010,2002,2010,8,56,1,6,2,0,-,-,2,-,0,0,0.00,0.50,0.15,0.000
M Mulla (CAN),2007-2007,2007,2007,0,1,1,60,64,0,-,-,6.4,-,0,0,0.00,0.16,0.05,0.000
CT Mumba (ZIM),2016-2017,2016,2017,1,2,2,62,67,0,-,-,6.48,-,0,0,0.00,0.15,0.05,0.000
Munir Dar (HKG),2008-2008,2008,2008,0,2,2,108,89,0,-,-,4.94,-,0,0,0.00,0.20,0.06,0.000
TK Musakanda (ZIM),2016-2018,2016,2018,2,15,1,12,11,0,-,-,5.5,-,0,0,0.00,0.18,0.05,0.000
Mushtaq Mohammad (PAK),1973-1978,1973,1978,5,10,2,42,23,0,-,-,3.28,-,0,0,0.00,0.30,0.09,0.000
Nadeem Khan (PAK),1993-1995,1993,1995,2,2,2,96,81,0,-,-,5.06,-,0,0,0.00,0.20,0.06,0.000
Naeem Ahmed (PAK),1978-1978,1978,1978,0,1,1,60,43,0,-,-,4.3,-,0,0,0.00,0.23,0.07,0.000
Naeem Ashraf (PAK),1995-1995,1995,1995,0,2,2,42,52,0,-,-,7.42,-,0,0,0.00,0.13,0.04,0.000
Najaf Shah (PAK),2007-2007,2007,2007,0,1,1,60,59,0,-,-,5.9,-,0,0,0.00,0.17,0.05,0.000
Najibullah Zadran (AFG),2012-2019,2012,2019,7,67,2,30,30,0,-,-,6,-,0,0,0.00,0.17,0.05,0.000
Nasir Jamal (AFG),2014-2018,2014,2018,4,16,1,6,7,0,-,-,7,-,0,0,0.00,0.14,0.04,0.000
Naved Latif (PAK),2001-2003,2001,2003,2,11,3,48,51,0,-,-,6.37,-,0,0,0.00,0.16,0.05,0.000
AM Nayar (INDIA),2009-2009,2009,2009,0,3,1,18,17,0,-,-,5.66,-,0,0,0.00,0.18,0.05,0.000
MJ North (AUS),2009-2009,2009,2009,0,2,1,18,16,0,-,-,5.33,-,0,0,0.00,0.19,0.06,0.000
FN Otieno (KENYA),2010-2010,2010,2010,0,4,1,6,2,0,-,-,2,-,0,0,0.00,0.50,0.15,0.000
KO Otieno (KENYA),1996-2009,1996,2009,13,90,1,6,5,0,-,-,5,-,0,0,0.00,0.20,0.06,0.000
C Overton (ENG),2018-2018,2018,2018,0,1,1,42,55,0,-,-,7.85,-,0,0,0.00,0.13,0.04,0.000
MB Owens (NZ),1992-1992,1992,1992,0,1,1,48,37,0,-,-,4.62,-,0,0,0.00,0.22,0.06,0.000
M Panchal (NL),2007-2007,2007,2007,0,1,1,30,10,0,-,-,2,-,0,0,0.00,0.50,0.15,0.000
GK Pandey (INDIA),1999-1999,1999,1999,0,2,2,78,60,0,-,-,4.61,-,0,0,0.00,0.22,0.07,0.000
Pankaj Singh (INDIA),2010-2010,2010,2010,0,1,1,42,45,0,-,-,6.42,-,0,0,0.00,0.16,0.05,0.000
NT Pascal (WI),2009-2009,2009,2009,0,1,1,24,29,0,-,-,7.25,-,0,0,0.00,0.14,0.04,0.000
SP Pasqual (SL),1979-1979,1979,1979,0,2,1,28,20,0,-,-,4.28,-,0,0,0.00,0.23,0.07,0.000
JM Patel (CAN),1979-1979,1979,1979,0,3,2,91,47,0,-,-,3.09,-,0,0,0.00,0.32,0.10,0.000
KA Patel (KENYA),2006-2006,2006,2006,0,2,2,30,34,0,-,-,6.8,-,0,0,0.00,0.15,0.04,0.000
RGM Patel (INDIA),1988-1988,1988,1988,0,1,1,60,58,0,-,-,5.8,-,0,0,0.00,0.17,0.05,0.000
AK Perera (SL),2013-2019,2013,2019,6,6,3,36,33,0,-,-,5.5,-,0,0,0.00,0.18,0.05,0.000
KG Perera (SL),1986-1986,1986,1986,0,1,1,12,15,0,-,-,7.5,-,0,0,0.00,0.13,0.04,0.000
AN Petersen (SA),2006-2013,2006,2013,7,21,1,6,7,0,-,-,7,-,0,0,0.00,0.14,0.04,0.000
K Pierre (WI),2019-2019,2019,2019,0,2,2,96,108,0,-,-,6.75,-,0,0,0.00,0.15,0.04,0.000
ADJ Pitcher (BMUDA),2007-2007,2007,2007,0,3,3,79,80,0,-,-,6.07,-,0,0,0.00,0.16,0.05,0.000
OL Pitcher (BMUDA),2007-2007,2007,2007,0,5,1,15,25,0,-,-,10,-,0,0,0.00,0.10,0.03,0.000
PI Pocock (ENG),1985-1985,1985,1985,0,1,1,60,20,0,-,-,2,-,0,0,0.00,0.50,0.15,0.000
AG Prince (Afr/SA),2002-2007,2002,2007,5,52,1,12,3,0,-,-,1.5,-,0,0,0.00,0.67,0.20,0.000
DJ Pringle (EAf),1975-1975,1975,1975,0,2,2,90,55,0,-,-,3.66,-,0,0,0.00,0.27,0.08,0.000
Y Punja (UAE),2015-2015,2015,2015,0,1,1,36,49,0,-,-,8.16,-,0,0,0.00,0.12,0.04,0.000
M Pushpakumara (SL),2009-2010,2009,2010,1,3,1,30,21,0,-,-,4.2,-,0,0,0.00,0.24,0.07,0.000
Raees Ahmadzai (AFG),2009-2010,2009,2010,1,5,1,24,16,0,-,-,4,-,0,0,0.00,0.25,0.08,0.000
LN Rajbanshi (NEPAL),2019-2019,2019,2019,0,3,1,42,33,0,-,-,4.71,-,0,0,0.00,0.21,0.06,0.000
LS Rajput (INDIA),1985-1987,1985,1987,2,4,2,42,42,0,-,-,6,-,0,0,0.00,0.17,0.05,0.000
Rameez Shahzad (UAE),2016-2018,2016,2018,2,15,1,12,16,0,-,-,8,-,0,0,0.00,0.13,0.04,0.000
Rameez Raja (PAK),1985-1997,1985,1997,12,198,1,6,10,0,-,-,10,-,0,0,0.00,0.10,0.03,0.000
Raqibul Hasan (BDESH),1986-1986,1986,1986,0,2,1,1,4,0,-,-,24,-,0,0,0.00,0.04,0.01,0.000
Rashid Zia (USA),2004-2004,2004,2004,0,2,2,59,69,0,-,-,7.01,-,0,0,0.00,0.14,0.04,0.000
D Ravu (PNG),2017-2019,2017,2019,2,8,7,246,230,0,-,-,5.6,-,0,0,0.00,0.18,0.05,0.000
JN Rhodes (SA),1992-2003,1992,2003,11,245,2,14,4,0,-,-,1.71,-,0,0,0.00,0.58,0.18,0.000
EB Ringera (KENYA),2011-2011,2011,2011,0,1,1,60,28,0,-,-,2.8,-,0,0,0.00,0.36,0.11,0.000
CP Rizwan (UAE),2019-2019,2019,2019,0,7,1,4,10,0,-,-,15,-,0,0,0.00,0.07,0.02,0.000
Rizwan Ahmed (PAK),2008-2008,2008,2008,0,1,1,24,26,0,-,-,6.5,-,0,0,0.00,0.15,0.05,0.000
SJ Roberts (NZ),1990-1990,1990,1990,0,2,2,42,47,0,-,-,6.71,-,0,0,0.00,0.15,0.04,0.000
JA Rudolph (Afr/SA),2003-2006,2003,2006,3,45,1,24,26,0,-,-,6.5,-,0,0,0.00,0.15,0.05,0.000
Saad Nasim (PAK),2015-2015,2015,2015,0,3,2,36,46,0,-,-,7.66,-,0,0,0.00,0.13,0.04,0.000
Saeed-al-Saffar (UAE),1996-1996,1996,1996,0,1,1,18,25,0,-,-,8.33,-,0,0,0.00,0.12,0.04,0.000
Saleem Elahi (PAK),1995-2004,1995,2004,9,48,1,6,10,0,-,-,10,-,0,0,0.00,0.10,0.03,0.000
Salman Butt (PAK),2004-2010,2004,2010,6,78,6,69,90,0,-,-,7.82,-,0,0,0.00,0.13,0.04,0.000
Salman Farooq (UAE),2014-2014,2014,2014,0,1,1,36,23,0,-,-,3.83,-,0,0,0.00,0.26,0.08,0.000
MAR Samarasekera (SL),1983-1994,1983,1994,11,39,11,338,291,0,-,-,5.16,-,0,0,0.00,0.19,0.06,0.000
Samiullah Khan (PAK),2008-2008,2008,2008,0,2,2,120,115,0,-,-,5.75,-,0,0,0.00,0.17,0.05,0.000
Samiur Rahman (BDESH),1986-1986,1986,1986,0,2,2,60,30,0,-,-,3,-,0,0,0.00,0.33,0.10,0.000
Sami Faridi (CAN),2008-2008,2008,2008,0,3,3,60,63,0,-,-,6.3,-,0,0,0.00,0.16,0.05,0.000
Sarfaraz Ahmed (PAK),2007-2019,2007,2019,12,116,1,12,15,0,-,-,7.5,-,0,0,0.00,0.13,0.04,0.000
GR Sealy (CAN),1979-1979,1979,1979,0,3,1,36,21,0,-,-,3.5,-,0,0,0.00,0.29,0.09,0.000
RD Shah (KENYA),1998-2007,1998,2007,9,56,4,60,72,0,-,-,7.2,-,0,0,0.00,0.14,0.04,0.000
A Shamshudeen (CAN),2007-2007,2007,2007,0,1,1,18,24,0,-,-,8,-,0,0,0.00,0.13,0.04,0.000
Shamsur Rahman (BDESH),2013-2014,2013,2014,1,10,1,6,13,0,-,-,13,-,0,0,0.00,0.08,0.02,0.000
Shariful Haque (BDESH),1998-1998,1998,1998,0,1,1,18,21,0,-,-,7,-,0,0,0.00,0.14,0.04,0.000
KV Sharma (INDIA),2014-2014,2014,2014,0,2,2,114,125,0,-,-,6.57,-,0,0,0.00,0.15,0.05,0.000
S Shivnarine (WI),1978-1978,1978,1978,0,1,1,18,16,0,-,-,5.33,-,0,0,0.00,0.19,0.06,0.000
DJM Short (AUS),2018-2018,2018,2018,0,4,3,42,59,0,-,-,8.42,-,0,0,0.00,0.12,0.04,0.000
Shuvagata Hom (BDESH),2011-2011,2011,2011,0,4,1,12,9,0,-,-,4.5,-,0,0,0.00,0.22,0.07,0.000
NS Sidhu (INDIA),1987-1998,1987,1998,11,136,2,4,3,0,-,-,4.5,-,0,0,0.00,0.22,0.07,0.000
EHSN Silva (UAE),2008-2008,2008,2008,0,1,1,42,33,0,-,-,4.71,-,0,0,0.00,0.21,0.06,0.000
KJ Silva (SL),1995-1995,1995,1995,0,1,1,48,55,0,-,-,6.87,-,0,0,0.00,0.15,0.04,0.000
RW Sims (ZIM),2002-2003,2002,2003,1,3,3,132,127,0,-,-,5.77,-,0,0,0.00,0.17,0.05,0.000
VRV Singh (INDIA),2006-2006,2006,2006,0,2,2,72,105,0,-,-,8.75,-,0,0,0.00,0.11,0.03,0.000
Skhawat Ali (HKG),2008-2014,2008,2014,6,4,1,48,68,0,-,-,8.5,-,0,0,0.00,0.12,0.04,0.000
MJ Slater (AUS),1993-1997,1993,1997,4,42,2,12,11,0,-,-,5.5,-,0,0,0.00,0.18,0.05,0.000
DS Smith (WI),2003-2013,2003,2013,10,47,2,17,17,0,-,-,6,-,0,0,0.00,0.17,0.05,0.000
M Smith (BMUDA),2008-2008,2008,2008,0,1,1,12,14,0,-,-,7,-,0,0,0.00,0.14,0.04,0.000
SB Smith (AUS),1983-1985,1983,1985,2,28,2,7,5,0,-,-,4.28,-,0,0,0.00,0.23,0.07,0.000
Sohail Fazal (PAK),1989-1989,1989,1989,0,2,1,6,4,0,-,-,4,-,0,0,0.00,0.25,0.08,0.000
CM Spearman (NZ),1995-2001,1995,2001,6,51,1,3,6,0,-,-,12,-,0,0,0.00,0.08,0.03,0.000
IM Stanger (SCOT),1999-2006,1999,2006,7,5,2,54,56,0,-,-,6.22,-,0,0,0.00,0.16,0.05,0.000
MP Stead (CAN),1979-1979,1979,1979,0,2,2,29,24,0,-,-,4.96,-,0,0,0.00,0.20,0.06,0.000
DS Steele (ENG),1976-1976,1976,1976,0,1,1,6,9,0,-,-,9,-,0,0,0.00,0.11,0.03,0.000
AJ Strauss (ENG),2003-2011,2003,2011,8,127,1,6,3,0,-,-,3,-,0,0,0.00,0.33,0.10,0.000
Sultan Ahmed (UAE),2019-2019,2019,2019,0,2,2,72,58,0,-,-,4.83,-,0,0,0.00,0.21,0.06,0.000
Tamim Iqbal (BDESH),2007-2019,2007,2019,12,204,2,6,13,0,-,-,13,-,0,0,0.00,0.08,0.02,0.000
Tanbir Hayder (BDESH),2016-2016,2016,2016,0,2,2,60,67,0,-,-,6.7,-,0,0,0.00,0.15,0.04,0.000
CJ Tavare (ENG),1980-1984,1980,1984,4,29,1,12,3,0,-,-,1.5,-,0,0,0.00,0.67,0.20,0.000
JP Taylor (ENG),1993-1993,1993,1993,0,1,1,18,20,0,-,-,6.66,-,0,0,0.00,0.15,0.05,0.000
LB Taylor (ENG),1986-1986,1986,1986,0,2,2,84,47,0,-,-,3.35,-,0,0,0.00,0.30,0.09,0.000
LRPL Taylor (NZ),2006-2019,2006,2019,13,228,4,42,35,0,-,-,5,-,0,0,0.00,0.20,0.06,0.000
EP Thompson (NZ),2009-2009,2009,2009,0,1,1,24,42,0,-,-,10.5,-,0,0,0.00,0.10,0.03,0.000
LO Tikolo (KENYA),1996-1996,1996,1996,0,3,3,48,55,0,-,-,6.87,-,0,0,0.00,0.15,0.04,0.000
GS Trimble (AUS),1986-1986,1986,1986,0,2,1,24,32,0,-,-,8,-,0,0,0.00,0.13,0.04,0.000
GM Turner (NZ),1973-1983,1973,1983,10,41,1,6,0,0,-,-,0,-,0,0,0.00,#DIV/0!,#DIV/0!,0.000
Umar Amin (PAK),2010-2018,2010,2018,8,16,3,42,24,0,-,-,3.42,-,0,0,0.00,0.29,0.09,0.000
TP Ura (PNG),2014-2019,2014,2019,5,26,1,6,12,0,-,-,12,-,0,0,0.00,0.08,0.03,0.000
Usman Mushtaq (UAE),2015-2015,2015,2015,0,1,1,12,9,0,-,-,4.5,-,0,0,0.00,0.22,0.07,0.000
RV Uthappa (INDIA),2006-2015,2006,2015,9,46,1,2,0,0,-,-,0,-,0,0,0.00,#DIV/0!,#DIV/0!,0.000
CJPG van Zyl (SA),1992-1992,1992,1992,0,2,2,108,93,0,-,-,5.16,-,0,0,0.00,0.19,0.06,0.000
JCB Vaughan (CAN),1979-1979,1979,1979,0,3,2,66,36,0,-,-,3.27,-,0,0,0.00,0.31,0.09,0.000
DB Vengsarkar (INDIA),1976-1991,1976,1991,15,129,1,6,4,0,-,-,4,-,0,0,0.00,0.25,0.08,0.000
KDK Vithanage (SL),2013-2014,2013,2014,1,6,2,12,17,0,-,-,8.5,-,0,0,0.00,0.12,0.04,0.000
Wahidul Gani (BDESH),1988-1988,1988,1988,0,1,1,36,32,0,-,-,5.33,-,0,0,0.00,0.19,0.06,0.000
Waqas Barkat (HKG),2014-2018,2014,2018,4,10,4,90,75,0,-,-,5,-,0,0,0.00,0.20,0.06,0.000
DA Warner (AUS),2009-2019,2009,2019,10,116,1,6,8,0,-,-,8,-,0,0,0.00,0.13,0.04,0.000
SR Waters (KENYA),2008-2011,2008,2011,3,20,1,18,14,0,-,-,4.66,-,0,0,0.00,0.21,0.06,0.000
M Watkinson (ENG),1996-1996,1996,1996,0,1,1,54,43,0,-,-,4.77,-,0,0,0.00,0.21,0.06,0.000
AP Weerakkody (SL),1994-1994,1994,1994,0,1,1,36,41,0,-,-,6.83,-,0,0,0.00,0.15,0.04,0.000
SR Welsh (CAN),2006-2008,2006,2008,2,3,3,120,147,0,-,-,7.35,-,0,0,0.00,0.14,0.04,0.000
JM Wiener (AUS),1979-1980,1979,1980,1,7,2,24,34,0,-,-,8.5,-,0,0,0.00,0.12,0.04,0.000
CB Wishart (ZIM),1996-2005,1996,2005,9,90,1,12,12,0,-,-,6,-,0,0,0.00,0.17,0.05,0.000
WA Wisneski (NZ),2000-2000,2000,2000,0,3,3,114,123,0,-,-,6.47,-,0,0,0.00,0.15,0.05,0.000
GH Worker (NZ),2015-2018,2015,2018,3,10,1,6,5,0,-,-,5,-,0,0,0.00,0.20,0.06,0.000
JG Wright (NZ),1978-1992,1978,1992,14,149,3,24,8,0,-,-,2,-,0,0,0.00,0.50,0.15,0.000
Yasir Hameed (PAK),2003-2007,2003,2007,4,56,3,18,26,0,-,-,8.66,-,0,0,0.00,0.12,0.03,0.000
Zakir Hasan (BDESH),1997-1997,1997,1997,0,1,1,12,17,0,-,-,8.5,-,0,0,0.00,0.12,0.04,0.000
Zakir Hossain (BDESH),1998-1998,1998,1998,0,1,1,24,18,0,-,-,4.5,-,0,0,0.00,0.22,0.07,0.000
Zakiullah Zaki (AFG),2012-2012,2012,2012,0,1,1,24,27,0,-,-,6.75,-,0,0,0.00,0.15,0.04,0.000
C Zhuwao (ZIM),2008-2018,2008,2018,10,9,2,19,21,0,-,-,6.63,-,0,0,0.00,0.15,0.05,0.000
Aaron Jones (USA),2019-2019,2019,2019,0,9,-,-,-,-,-,-,-,-,-,-,#VALUE!,#VALUE!,#VALUE!,#VALUE!
Abdul Jabbar (CAN),2007-2007,2007,2007,0,2,-,-,-,-,-,-,-,-,-,-,#VALUE!,#VALUE!,#VALUE!,#VALUE!
Abdul Rehman (UAE),2004-2004,2004,2004,0,1,-,-,-,-,-,-,-,-,-,-,#VALUE!,#VALUE!,#VALUE!,#VALUE!
Abdul Shakoor (UAE),2015-2018,2015,2018,3,3,-,-,-,-,-,-,-,-,-,-,#VALUE!,#VALUE!,#VALUE!,#VALUE!
Abid Ali (PAK),2019-2019,2019,2019,0,4,-,-,-,-,-,-,-,-,-,-,#VALUE!,#VALUE!,#VALUE!,#VALUE!
CJ Adams (ENG),1998-2000,1998,2000,2,5,-,-,-,-,-,-,-,-,-,-,#VALUE!,#VALUE!,#VALUE!,#VALUE!
Adnan Akmal (PAK),2011-2012,2011,2012,1,5,-,-,-,-,-,-,-,-,-,-,#VALUE!,#VALUE!,#VALUE!,#VALUE!
Adnan Mufti (UAE),2017-2018,2017,2018,1,18,-,-,-,-,-,-,-,-,-,-,#VALUE!,#VALUE!,#VALUE!,#VALUE!
Afsar Zazai (AFG),2014-2017,2014,2017,3,17,-,-,-,-,-,-,-,-,-,-,#VALUE!,#VALUE!,#VALUE!,#VALUE!
Aijaz Ali (USA),2004-2004,2004,2004,0,2,-,-,-,-,-,-,-,-,-,-,#VALUE!,#VALUE!,#VALUE!,#VALUE!
Akhtar Sarfraz (PAK),1997-1998,1997,1998,1,4,-,-,-,-,-,-,-,-,-,-,#VALUE!,#VALUE!,#VALUE!,#VALUE!
Akshay Homraj (USA),2019-2019,2019,2019,0,4,-,-,-,-,-,-,-,-,-,-,#VALUE!,#VALUE!,#VALUE!,#VALUE!
Alawi Shukri (UAE),2008-2008,2008,2008,0,1,-,-,-,-,-,-,-,-,-,-,#VALUE!,#VALUE!,#VALUE!,#VALUE!
RP Alexander (USA),2004-2004,2004,2004,0,2,-,-,-,-,-,-,-,-,-,-,#VALUE!,#VALUE!,#VALUE!,#VALUE!
MJD Allingham (SCOT),1999-1999,1999,1999,0,3,-,-,-,-,-,-,-,-,-,-,#VALUE!,#VALUE!,#VALUE!,#VALUE!
Al Sahariar (BDESH),1999-2003,1999,2003,4,29,-,-,-,-,-,-,-,-,-,-,#VALUE!,#VALUE!,#VALUE!,#VALUE!
S Amarnath (INDIA),1978-1978,1978,1978,0,3,-,-,-,-,-,-,-,-,-,-,#VALUE!,#VALUE!,#VALUE!,#VALUE!
SW Ambris (WI),2017-2019,2017,2019,2,9,-,-,-,-,-,-,-,-,-,-,#VALUE!,#VALUE!,#VALUE!,#VALUE!
TR Ambrose (ENG),2008-2008,2008,2008,0,5,-,-,-,-,-,-,-,-,-,-,#VALUE!,#VALUE!,#VALUE!,#VALUE!
DL Amiss (ENG),1972-1977,1972,1977,5,18,-,-,-,-,-,-,-,-,-,-,#VALUE!,#VALUE!,#VALUE!,#VALUE!
Amjad Ali (UAE),2008-2015,2008,2015,7,17,-,-,-,-,-,-,-,-,-,-,#VALUE!,#VALUE!,#VALUE!,#VALUE!
HM Amla (SA),2008-2019,2008,2019,11,181,-,-,-,-,-,-,-,-,-,-,#VALUE!,#VALUE!,#VALUE!,#VALUE!
Anamul Haque (BDESH),2012-2019,2012,2019,7,38,-,-,-,-,-,-,-,-,-,-,#VALUE!,#VALUE!,#VALUE!,#VALUE!
RW Anderson (NZ),1976-1978,1976,1978,2,2,-,-,-,-,-,-,-,-,-,-,#VALUE!,#VALUE!,#VALUE!,#VALUE!
Anil Dalpat (PAK),1984-1986,1984,1986,2,15,-,-,-,-,-,-,-,-,-,-,#VALUE!,#VALUE!,#VALUE!,#VALUE!
Ankur Vasishta (HKG),2014-2014,2014,2014,0,4,-,-,-,-,-,-,-,-,-,-,#VALUE!,#VALUE!,#VALUE!,#VALUE!
ZS Ansari (ENG),2015-2015,2015,2015,0,1,-,-,-,-,-,-,-,-,-,-,#VALUE!,#VALUE!,#VALUE!,#VALUE!
Anwar Hossain (BDESH),2002-2002,2002,2002,0,1,-,-,-,-,-,-,-,-,-,-,#VALUE!,#VALUE!,#VALUE!,#VALUE!
V Aravind (UAE),2019-2019,2019,2019,0,3,-,-,-,-,-,-,-,-,-,-,#VALUE!,#VALUE!,#VALUE!,#VALUE!
KJ Arnott (ZIM),1987-1993,1987,1993,6,13,-,-,-,-,-,-,-,-,-,-,#VALUE!,#VALUE!,#VALUE!,#VALUE!
Arshad Pervez (PAK),1978-1978,1978,1978,0,2,-,-,-,-,-,-,-,-,-,-,#VALUE!,#VALUE!,#VALUE!,#VALUE!
J Arun Lal (INDIA),1982-1989,1982,1989,7,13,-,-,-,-,-,-,-,-,-,-,#VALUE!,#VALUE!,#VALUE!,#VALUE!
Asghar Ali (UAE),2004-2004,2004,2004,0,2,-,-,-,-,-,-,-,-,-,-,#VALUE!,#VALUE!,#VALUE!,#VALUE!
Ashraf Ali (PAK),1980-1985,1980,1985,5,16,-,-,-,-,-,-,-,-,-,-,#VALUE!,#VALUE!,#VALUE!,#VALUE!
Asif Mahmood (PAK),1998-1998,1998,1998,0,2,-,-,-,-,-,-,-,-,-,-,#VALUE!,#VALUE!,#VALUE!,#VALUE!
SK Atai (PNG),2019-2019,2019,2019,0,2,-,-,-,-,-,-,-,-,-,-,#VALUE!,#VALUE!,#VALUE!,#VALUE!
MA Atherton (ENG),1990-1998,1990,1998,8,54,-,-,-,-,-,-,-,-,-,-,#VALUE!,#VALUE!,#VALUE!,#VALUE!
Atiq-uz-Zaman (PAK),2000-2000,2000,2000,0,3,-,-,-,-,-,-,-,-,-,-,#VALUE!,#VALUE!,#VALUE!,#VALUE!
JJ Atkinson (HKG),2008-2017,2008,2017,9,9,-,-,-,-,-,-,-,-,-,-,#VALUE!,#VALUE!,#VALUE!,#VALUE!
Azam Khan (PAK),1996-1998,1996,1998,2,6,-,-,-,-,-,-,-,-,-,-,#VALUE!,#VALUE!,#VALUE!,#VALUE!
Azmat Rana (PAK),1978-1978,1978,1978,0,2,-,-,-,-,-,-,-,-,-,-,#VALUE!,#VALUE!,#VALUE!,#VALUE!
SJ Baard (NAM),2019-2019,2019,2019,0,5,-,-,-,-,-,-,-,-,-,-,#VALUE!,#VALUE!,#VALUE!,#VALUE!
Babar Azam (PAK),2015-2019,2015,2019,4,74,-,-,-,-,-,-,-,-,-,-,#VALUE!,#VALUE!,#VALUE!,#VALUE!
SFAF Bacchus (WI),1978-1983,1978,1983,5,29,-,-,-,-,-,-,-,-,-,-,#VALUE!,#VALUE!,#VALUE!,#VALUE!
S Badrinath (INDIA),2008-2011,2008,2011,3,7,-,-,-,-,-,-,-,-,-,-,#VALUE!,#VALUE!,#VALUE!,#VALUE!
A Bagai (CAN),2003-2013,2003,2013,10,62,-,-,-,-,-,-,-,-,-,-,#VALUE!,#VALUE!,#VALUE!,#VALUE!
GJ Bailey (AUS),2012-2016,2012,2016,4,90,-,-,-,-,-,-,-,-,-,-,#VALUE!,#VALUE!,#VALUE!,#VALUE!
MD Bailey (NZ),1998-1998,1998,1998,0,1,-,-,-,-,-,-,-,-,-,-,#VALUE!,#VALUE!,#VALUE!,#VALUE!
DL Bairstow (ENG),1979-1984,1979,1984,5,21,-,-,-,-,-,-,-,-,-,-,#VALUE!,#VALUE!,#VALUE!,#VALUE!
JM Bairstow (ENG),2011-2019,2011,2019,8,74,-,-,-,-,-,-,-,-,-,-,#VALUE!,#VALUE!,#VALUE!,#VALUE!
S Baksh (CAN),1979-1979,1979,1979,0,1,-,-,-,-,-,-,-,-,-,-,#VALUE!,#VALUE!,#VALUE!,#VALUE!
GS Ballance (ENG),2013-2015,2013,2015,2,16,-,-,-,-,-,-,-,-,-,-,#VALUE!,#VALUE!,#VALUE!,#VALUE!
AB Barath (WI),2010-2012,2010,2012,2,14,-,-,-,-,-,-,-,-,-,-,#VALUE!,#VALUE!,#VALUE!,#VALUE!
GD Barlow (ENG),1976-1977,1976,1977,1,6,-,-,-,-,-,-,-,-,-,-,#VALUE!,#VALUE!,#VALUE!,#VALUE!
GEF Barnett (CAN),2006-2010,2006,2010,4,22,-,-,-,-,-,-,-,-,-,-,#VALUE!,#VALUE!,#VALUE!,#VALUE!
KJ Barnett (ENG),1988-1988,1988,1988,0,1,-,-,-,-,-,-,-,-,-,-,#VALUE!,#VALUE!,#VALUE!,#VALUE!
DM Basden (BMUDA),2007-2007,2007,2007,0,2,-,-,-,-,-,-,-,-,-,-,#VALUE!,#VALUE!,#VALUE!,#VALUE!
IPP Batuwitarachchi (UAE),2008-2008,2008,2008,0,2,-,-,-,-,-,-,-,-,-,-,#VALUE!,#VALUE!,#VALUE!,#VALUE!
D Bau (PNG),2016-2017,2016,2017,1,10,-,-,-,-,-,-,-,-,-,-,#VALUE!,#VALUE!,#VALUE!,#VALUE!
CS Baugh (WI),2003-2012,2003,2012,9,47,-,-,-,-,-,-,-,-,-,-,#VALUE!,#VALUE!,#VALUE!,#VALUE!
T Bavuma (SA),2016-2017,2016,2017,1,2,-,-,-,-,-,-,-,-,-,-,#VALUE!,#VALUE!,#VALUE!,#VALUE!
AC Bedade (INDIA),1994-1994,1994,1994,0,13,-,-,-,-,-,-,-,-,-,-,#VALUE!,#VALUE!,#VALUE!,#VALUE!
MD Bell (NZ),1998-2001,1998,2001,3,7,-,-,-,-,-,-,-,-,-,-,#VALUE!,#VALUE!,#VALUE!,#VALUE!
MR Benson (ENG),1986-1986,1986,1986,0,1,-,-,-,-,-,-,-,-,-,-,#VALUE!,#VALUE!,#VALUE!,#VALUE!
AR Berenger (UAE),2014-2015,2014,2015,1,10,-,-,-,-,-,-,-,-,-,-,#VALUE!,#VALUE!,#VALUE!,#VALUE!
B Bhandari (NEPAL),2019-2019,2019,2019,0,3,-,-,-,-,-,-,-,-,-,-,#VALUE!,#VALUE!,#VALUE!,#VALUE!
M Bhanuka (SL),2019-2019,2019,2019,0,1,-,-,-,-,-,-,-,-,-,-,#VALUE!,#VALUE!,#VALUE!,#VALUE!
RA Bhatti (CAN),2011-2011,2011,2011,0,1,-,-,-,-,-,-,-,-,-,-,#VALUE!,#VALUE!,#VALUE!,#VALUE!
IS Billcliff (CAN),2003-2009,2003,2009,6,19,-,-,-,-,-,-,-,-,-,-,#VALUE!,#VALUE!,#VALUE!,#VALUE!
SW Billings (ENG),2015-2018,2015,2018,3,15,-,-,-,-,-,-,-,-,-,-,#VALUE!,#VALUE!,#VALUE!,#VALUE!
GA Bishop (AUS),1987-1987,1987,1987,0,2,-,-,-,-,-,-,-,-,-,-,#VALUE!,#VALUE!,#VALUE!,#VALUE!
TE Blain (NZ),1986-1994,1986,1994,8,38,-,-,-,-,-,-,-,-,-,-,#VALUE!,#VALUE!,#VALUE!,#VALUE!
G Blakeney (BMUDA),2009-2009,2009,2009,0,2,-,-,-,-,-,-,-,-,-,-,#VALUE!,#VALUE!,#VALUE!,#VALUE!
RJ Blakey (ENG),1992-1993,1992,1993,1,3,-,-,-,-,-,-,-,-,-,-,#VALUE!,#VALUE!,#VALUE!,#VALUE!
LE Bosman (Afr/SA),2006-2010,2006,2010,4,14,-,-,-,-,-,-,-,-,-,-,#VALUE!,#VALUE!,#VALUE!,#VALUE!
MV Boucher (Afr/SA),1998-2011,1998,2011,13,295,-,-,-,-,-,-,-,-,-,-,#VALUE!,#VALUE!,#VALUE!,#VALUE!
DM Bravo (WI),2009-2019,2009,2019,10,110,-,-,-,-,-,-,-,-,-,-,#VALUE!,#VALUE!,#VALUE!,#VALUE!
JP Bray (IRE),2006-2007,2006,2007,1,15,-,-,-,-,-,-,-,-,-,-,#VALUE!,#VALUE!,#VALUE!,#VALUE!
JM Brearley (ENG),1977-1980,1977,1980,3,25,-,-,-,-,-,-,-,-,-,-,#VALUE!,#VALUE!,#VALUE!,#VALUE!
GA Briant (ZIM),1993-1993,1993,1993,0,5,-,-,-,-,-,-,-,-,-,-,#VALUE!,#VALUE!,#VALUE!,#VALUE!
NT Broom (NZ),2009-2017,2009,2017,8,39,-,-,-,-,-,-,-,-,-,-,#VALUE!,#VALUE!,#VALUE!,#VALUE!
RD Brown (ZIM),1983-1987,1983,1987,4,7,-,-,-,-,-,-,-,-,-,-,#VALUE!,#VALUE!,#VALUE!,#VALUE!
CO Browne (WI),1995-2005,1995,2005,10,46,-,-,-,-,-,-,-,-,-,-,#VALUE!,#VALUE!,#VALUE!,#VALUE!
PA Browne (WI),2008-2008,2008,2008,0,5,-,-,-,-,-,-,-,-,-,-,#VALUE!,#VALUE!,#VALUE!,#VALUE!
DG Brownlie (NZ),2012-2017,2012,2017,5,16,-,-,-,-,-,-,-,-,-,-,#VALUE!,#VALUE!,#VALUE!,#VALUE!
GK Bruk-Jackson (ZIM),1993-1993,1993,1993,0,1,-,-,-,-,-,-,-,-,-,-,#VALUE!,#VALUE!,#VALUE!,#VALUE!
JA Burns (AUS),2015-2015,2015,2015,0,6,-,-,-,-,-,-,-,-,-,-,#VALUE!,#VALUE!,#VALUE!,#VALUE!
AR Butcher (ENG),1980-1980,1980,1980,0,1,-,-,-,-,-,-,-,-,-,-,#VALUE!,#VALUE!,#VALUE!,#VALUE!
RO Butcher (ENG),1980-1981,1980,1981,1,3,-,-,-,-,-,-,-,-,-,-,#VALUE!,#VALUE!,#VALUE!,#VALUE!
JC Buttler (ENG),2012-2019,2012,2019,7,142,-,-,-,-,-,-,-,-,-,-,#VALUE!,#VALUE!,#VALUE!,#VALUE!
AF Buurman (NL),2007-2011,2007,2011,4,17,-,-,-,-,-,-,-,-,-,-,#VALUE!,#VALUE!,#VALUE!,#VALUE!
RJ Campbell (AUS),2002-2002,2002,2002,0,2,-,-,-,-,-,-,-,-,-,-,#VALUE!,#VALUE!,#VALUE!,#VALUE!
AT Carey (AUS),2018-2019,2018,2019,1,29,-,-,-,-,-,-,-,-,-,-,#VALUE!,#VALUE!,#VALUE!,#VALUE!
SV Carlisle (ZIM),1995-2005,1995,2005,10,111,-,-,-,-,-,-,-,-,-,-,#VALUE!,#VALUE!,#VALUE!,#VALUE!
C Carter (HKG),2015-2018,2015,2018,3,11,-,-,-,-,-,-,-,-,-,-,#VALUE!,#VALUE!,#VALUE!,#VALUE!
HWR Cartwright (AUS),2017-2017,2017,2017,0,2,-,-,-,-,-,-,-,-,-,-,#VALUE!,#VALUE!,#VALUE!,#VALUE!
JJ Celestine (BMUDA),2007-2008,2007,2008,1,8,-,-,-,-,-,-,-,-,-,-,#VALUE!,#VALUE!,#VALUE!,#VALUE!
RW Chakabva (ZIM),2008-2019,2008,2019,11,38,-,-,-,-,-,-,-,-,-,-,#VALUE!,#VALUE!,#VALUE!,#VALUE!
LD Chandimal (SL),2010-2019,2010,2019,9,146,-,-,-,-,-,-,-,-,-,-,#VALUE!,#VALUE!,#VALUE!,#VALUE!
VB Chandrasekhar (INDIA),1988-1990,1988,1990,2,7,-,-,-,-,-,-,-,-,-,-,#VALUE!,#VALUE!,#VALUE!,#VALUE!
MS Chapman (HKG/NZ),2015-2018,2015,2018,3,5,-,-,-,-,-,-,-,-,-,-,#VALUE!,#VALUE!,#VALUE!,#VALUE!
CJD Chappell (CAN),1979-1979,1979,1979,0,3,-,-,-,-,-,-,-,-,-,-,#VALUE!,#VALUE!,#VALUE!,#VALUE!
BB Chari (ZIM),2015-2019,2015,2019,4,11,-,-,-,-,-,-,-,-,-,-,#VALUE!,#VALUE!,#VALUE!,#VALUE!
CPS Chauhan (INDIA),1978-1981,1978,1981,3,7,-,-,-,-,-,-,-,-,-,-,#VALUE!,#VALUE!,#VALUE!,#VALUE!
M Cheruparambil (HKG),2004-2004,2004,2004,0,2,-,-,-,-,-,-,-,-,-,-,#VALUE!,#VALUE!,#VALUE!,#VALUE!
Chirag Suri (UAE),2018-2019,2018,2019,1,14,-,-,-,-,-,-,-,-,-,-,#VALUE!,#VALUE!,#VALUE!,#VALUE!
DN Chudasama (KENYA),1996-1999,1996,1999,3,20,-,-,-,-,-,-,-,-,-,-,#VALUE!,#VALUE!,#VALUE!,#VALUE!
DR Chumney (CAN),2003-2007,2003,2007,4,21,-,-,-,-,-,-,-,-,-,-,#VALUE!,#VALUE!,#VALUE!,#VALUE!
NE Clarke (NL),1996-1996,1996,1996,0,5,-,-,-,-,-,-,-,-,-,-,#VALUE!,#VALUE!,#VALUE!,#VALUE!
FRJ Coleman (SCOT),2013-2015,2013,2015,2,16,-,-,-,-,-,-,-,-,-,-,#VALUE!,#VALUE!,#VALUE!,#VALUE!
PG Coman (NZ),1973-1974,1973,1974,1,3,-,-,-,-,-,-,-,-,-,-,#VALUE!,#VALUE!,#VALUE!,#VALUE!
AN Cook (ENG),2006-2014,2006,2014,8,92,-,-,-,-,-,-,-,-,-,-,#VALUE!,#VALUE!,#VALUE!,#VALUE!
G Cook (ENG),1981-1983,1981,1983,2,6,-,-,-,-,-,-,-,-,-,-,#VALUE!,#VALUE!,#VALUE!,#VALUE!
SJ Cook (SA),1991-1993,1991,1993,2,4,-,-,-,-,-,-,-,-,-,-,#VALUE!,#VALUE!,#VALUE!,#VALUE!
BN Cooper (NL),2013-2019,2013,2019,6,8,-,-,-,-,-,-,-,-,-,-,#VALUE!,#VALUE!,#VALUE!,#VALUE!
CK Coventry (ZIM),2003-2015,2003,2015,12,39,-,-,-,-,-,-,-,-,-,-,#VALUE!,#VALUE!,#VALUE!,#VALUE!
MC Cowdrey (ENG),1971-1971,1971,1971,0,1,-,-,-,-,-,-,-,-,-,-,#VALUE!,#VALUE!,#VALUE!,#VALUE!
RT Crandon (WI),2009-2009,2009,2009,0,1,-,-,-,-,-,-,-,-,-,-,#VALUE!,#VALUE!,#VALUE!,#VALUE!
JP Crawley (ENG),1994-1999,1994,1999,5,13,-,-,-,-,-,-,-,-,-,-,#VALUE!,#VALUE!,#VALUE!,#VALUE!
FS Crockwell (BMUDA),2009-2009,2009,2009,0,2,-,-,-,-,-,-,-,-,-,-,#VALUE!,#VALUE!,#VALUE!,#VALUE!
MH Cross (SCOT),2014-2019,2014,2019,5,52,-,-,-,-,-,-,-,-,-,-,#VALUE!,#VALUE!,#VALUE!,#VALUE!
V Dahiya (INDIA),2000-2001,2000,2001,1,19,-,-,-,-,-,-,-,-,-,-,#VALUE!,#VALUE!,#VALUE!,#VALUE!
WM Darling (AUS),1978-1982,1978,1982,4,18,-,-,-,-,-,-,-,-,-,-,#VALUE!,#VALUE!,#VALUE!,#VALUE!
SS Das (INDIA),2001-2002,2001,2002,1,4,-,-,-,-,-,-,-,-,-,-,#VALUE!,#VALUE!,#VALUE!,#VALUE!
D Dasgupta (INDIA),2001-2001,2001,2001,0,5,-,-,-,-,-,-,-,-,-,-,#VALUE!,#VALUE!,#VALUE!,#VALUE!
PB Dassanayake (SL),1993-1994,1993,1994,1,16,-,-,-,-,-,-,-,-,-,-,#VALUE!,#VALUE!,#VALUE!,#VALUE!
H Davids (SA),2013-2013,2013,2013,0,2,-,-,-,-,-,-,-,-,-,-,#VALUE!,#VALUE!,#VALUE!,#VALUE!
AG Davies (SCOT),1999-1999,1999,1999,0,5,-,-,-,-,-,-,-,-,-,-,#VALUE!,#VALUE!,#VALUE!,#VALUE!
SG Davies (ZIM),1996-1996,1996,1996,0,4,-,-,-,-,-,-,-,-,-,-,#VALUE!,#VALUE!,#VALUE!,#VALUE!
SM Davies (ENG),2009-2011,2009,2011,2,8,-,-,-,-,-,-,-,-,-,-,#VALUE!,#VALUE!,#VALUE!,#VALUE!
IC Davis (AUS),1974-1977,1974,1977,3,3,-,-,-,-,-,-,-,-,-,-,#VALUE!,#VALUE!,#VALUE!,#VALUE!
JJ Dawood (CAN),2009-2010,2009,2010,1,2,-,-,-,-,-,-,-,-,-,-,#VALUE!,#VALUE!,#VALUE!,#VALUE!
RG de Alwis (SL),1983-1988,1983,1988,5,31,-,-,-,-,-,-,-,-,-,-,#VALUE!,#VALUE!,#VALUE!,#VALUE!
Q de Kock (SA),2013-2019,2013,2019,6,115,-,-,-,-,-,-,-,-,-,-,#VALUE!,#VALUE!,#VALUE!,#VALUE!
MH Denness (ENG),1973-1975,1973,1975,2,12,-,-,-,-,-,-,-,-,-,-,#VALUE!,#VALUE!,#VALUE!,#VALUE!
FA Dennis (CAN),1979-1979,1979,1979,0,3,-,-,-,-,-,-,-,-,-,-,#VALUE!,#VALUE!,#VALUE!,#VALUE!
JH Desai (USA),2004-2004,2004,2004,0,1,-,-,-,-,-,-,-,-,-,-,#VALUE!,#VALUE!,#VALUE!,#VALUE!
SI de Saram (SL),1999-2001,1999,2001,2,15,-,-,-,-,-,-,-,-,-,-,#VALUE!,#VALUE!,#VALUE!,#VALUE!
AM de Silva (SL),1986-1993,1986,1993,7,4,-,-,-,-,-,-,-,-,-,-,#VALUE!,#VALUE!,#VALUE!,#VALUE!
SKL de Silva (SL),1997-1997,1997,1997,0,11,-,-,-,-,-,-,-,-,-,-,#VALUE!,#VALUE!,#VALUE!,#VALUE!
P Dharmani (INDIA),1996-1996,1996,1996,0,1,-,-,-,-,-,-,-,-,-,-,#VALUE!,#VALUE!,#VALUE!,#VALUE!
S Dhawan (INDIA),2010-2019,2010,2019,9,133,-,-,-,-,-,-,-,-,-,-,#VALUE!,#VALUE!,#VALUE!,#VALUE!
HS Dhillon (CAN),2006-2006,2006,2006,0,2,-,-,-,-,-,-,-,-,-,-,#VALUE!,#VALUE!,#VALUE!,#VALUE!
Dhiman Ghosh (BDESH),2008-2008,2008,2008,0,14,-,-,-,-,-,-,-,-,-,-,#VALUE!,#VALUE!,#VALUE!,#VALUE!
N Dickwella (SL),2014-2019,2014,2019,5,52,-,-,-,-,-,-,-,-,-,-,#VALUE!,#VALUE!,#VALUE!,#VALUE!
WP Diepeveen (NL),2011-2011,2011,2011,0,1,-,-,-,-,-,-,-,-,-,-,#VALUE!,#VALUE!,#VALUE!,#VALUE!
SS Dighe (INDIA),2000-2001,2000,2001,1,23,-,-,-,-,-,-,-,-,-,-,#VALUE!,#VALUE!,#VALUE!,#VALUE!
HH Dippenaar (Afr/SA),1999-2007,1999,2007,8,107,-,-,-,-,-,-,-,-,-,-,#VALUE!,#VALUE!,#VALUE!,#VALUE!
MJ Di Venuto (AUS),1997-1997,1997,1997,0,9,-,-,-,-,-,-,-,-,-,-,#VALUE!,#VALUE!,#VALUE!,#VALUE!
K Doriga (PNG),2017-2019,2017,2019,2,14,-,-,-,-,-,-,-,-,-,-,#VALUE!,#VALUE!,#VALUE!,#VALUE!
CRM Douglas (BMUDA),2008-2008,2008,2008,0,2,-,-,-,-,-,-,-,-,-,-,#VALUE!,#VALUE!,#VALUE!,#VALUE!
MW Douglas (NZ),1994-1995,1994,1995,1,6,-,-,-,-,-,-,-,-,-,-,#VALUE!,#VALUE!,#VALUE!,#VALUE!
TM Dowlin (WI),2009-2010,2009,2010,1,11,-,-,-,-,-,-,-,-,-,-,#VALUE!,#VALUE!,#VALUE!,#VALUE!
PR Downton (ENG),1977-1988,1977,1988,11,28,-,-,-,-,-,-,-,-,-,-,#VALUE!,#VALUE!,#VALUE!,#VALUE!
SO Dowrich (WI),2019-2019,2019,2019,0,1,-,-,-,-,-,-,-,-,-,-,#VALUE!,#VALUE!,#VALUE!,#VALUE!
BM Duckett (ENG),2016-2016,2016,2016,0,3,-,-,-,-,-,-,-,-,-,-,#VALUE!,#VALUE!,#VALUE!,#VALUE!
T Duffin (ZIM),2006-2007,2006,2007,1,23,-,-,-,-,-,-,-,-,-,-,#VALUE!,#VALUE!,#VALUE!,#VALUE!
PJL Dujon (WI),1981-1991,1981,1991,10,169,-,-,-,-,-,-,-,-,-,-,#VALUE!,#VALUE!,#VALUE!,#VALUE!
CI Dunusinghe (SL),1995-1995,1995,1995,0,1,-,-,-,-,-,-,-,-,-,-,#VALUE!,#VALUE!,#VALUE!,#VALUE!
GC Dyer (AUS),1986-1988,1986,1988,2,23,-,-,-,-,-,-,-,-,-,-,#VALUE!,#VALUE!,#VALUE!,#VALUE!
J Dyson (AUS),1980-1983,1980,1983,3,29,-,-,-,-,-,-,-,-,-,-,#VALUE!,#VALUE!,#VALUE!,#VALUE!
J Edness (BMUDA),2007-2008,2007,2008,1,11,-,-,-,-,-,-,-,-,-,-,#VALUE!,#VALUE!,#VALUE!,#VALUE!
JH Edrich (ENG),1971-1975,1971,1975,4,7,-,-,-,-,-,-,-,-,-,-,#VALUE!,#VALUE!,#VALUE!,#VALUE!
KA Edwards (WI),2011-2014,2011,2014,3,16,-,-,-,-,-,-,-,-,-,-,#VALUE!,#VALUE!,#VALUE!,#VALUE!
R Edwards (AUS),1972-1975,1972,1975,3,9,-,-,-,-,-,-,-,-,-,-,#VALUE!,#VALUE!,#VALUE!,#VALUE!
SA Edwards (NL),2018-2019,2018,2019,1,4,-,-,-,-,-,-,-,-,-,-,#VALUE!,#VALUE!,#VALUE!,#VALUE!
MTG Elliott (AUS),1997-1997,1997,1997,0,1,-,-,-,-,-,-,-,-,-,-,#VALUE!,#VALUE!,#VALUE!,#VALUE!
PA Emery (AUS),1994-1994,1994,1994,0,1,-,-,-,-,-,-,-,-,-,-,#VALUE!,#VALUE!,#VALUE!,#VALUE!
FM Engineer (INDIA),1974-1975,1974,1975,1,5,-,-,-,-,-,-,-,-,-,-,#VALUE!,#VALUE!,#VALUE!,#VALUE!
CR Ervine (ZIM),2010-2019,2010,2019,9,93,-,-,-,-,-,-,-,-,-,-,#VALUE!,#VALUE!,#VALUE!,#VALUE!
EA Essop-Adam (ZIM),1992-1992,1992,1992,0,1,-,-,-,-,-,-,-,-,-,-,#VALUE!,#VALUE!,#VALUE!,#VALUE!
Fahad Nawaz (UAE),2019-2019,2019,2019,0,2,-,-,-,-,-,-,-,-,-,-,#VALUE!,#VALUE!,#VALUE!,#VALUE!
Fahad Usman (UAE),2004-2004,2004,2004,0,2,-,-,-,-,-,-,-,-,-,-,#VALUE!,#VALUE!,#VALUE!,#VALUE!
Faisal Athar (PAK),2003-2003,2003,2003,0,1,-,-,-,-,-,-,-,-,-,-,#VALUE!,#VALUE!,#VALUE!,#VALUE!
Faruk Ahmed (BDESH),1988-1999,1988,1999,11,7,-,-,-,-,-,-,-,-,-,-,#VALUE!,#VALUE!,#VALUE!,#VALUE!
FY Fazal (INDIA),2016-2016,2016,2016,0,1,-,-,-,-,-,-,-,-,-,-,#VALUE!,#VALUE!,#VALUE!,#VALUE!
CJ Ferguson (AUS),2009-2011,2009,2011,2,30,-,-,-,-,-,-,-,-,-,-,#VALUE!,#VALUE!,#VALUE!,#VALUE!
N Fernandes (UAE),2008-2008,2008,2008,0,1,-,-,-,-,-,-,-,-,-,-,#VALUE!,#VALUE!,#VALUE!,#VALUE!
ER Fernando (SL),1975-1975,1975,1975,0,3,-,-,-,-,-,-,-,-,-,-,#VALUE!,#VALUE!,#VALUE!,#VALUE!
ERNS Fernando (SL),1983-1983,1983,1983,0,7,-,-,-,-,-,-,-,-,-,-,#VALUE!,#VALUE!,#VALUE!,#VALUE!
UNK Fernando (SL),1994-1994,1994,1994,0,2,-,-,-,-,-,-,-,-,-,-,#VALUE!,#VALUE!,#VALUE!,#VALUE!
WIA Fernando (SL),2016-2019,2016,2019,3,15,-,-,-,-,-,-,-,-,-,-,#VALUE!,#VALUE!,#VALUE!,#VALUE!
J Figy John (UAE),2019-2019,2019,2019,0,1,-,-,-,-,-,-,-,-,-,-,#VALUE!,#VALUE!,#VALUE!,#VALUE!
SE Findlay (WI),2008-2009,2008,2009,1,9,-,-,-,-,-,-,-,-,-,-,#VALUE!,#VALUE!,#VALUE!,#VALUE!
R Flannigan (SCOT),2010-2010,2010,2010,0,1,-,-,-,-,-,-,-,-,-,-,#VALUE!,#VALUE!,#VALUE!,#VALUE!
KWR Fletcher (ENG),1971-1982,1971,1982,11,24,-,-,-,-,-,-,-,-,-,-,#VALUE!,#VALUE!,#VALUE!,#VALUE!
BT Foakes (ENG),2019-2019,2019,2019,0,1,-,-,-,-,-,-,-,-,-,-,#VALUE!,#VALUE!,#VALUE!,#VALUE!
PJ Forrest (AUS),2012-2012,2012,2012,0,15,-,-,-,-,-,-,-,-,-,-,#VALUE!,#VALUE!,#VALUE!,#VALUE!
JS Foster (ENG),2001-2002,2001,2002,1,11,-,-,-,-,-,-,-,-,-,-,#VALUE!,#VALUE!,#VALUE!,#VALUE!
G Fowler (ENG),1983-1986,1983,1986,3,26,-,-,-,-,-,-,-,-,-,-,#VALUE!,#VALUE!,#VALUE!,#VALUE!
TJ Franklin (NZ),1983-1988,1983,1988,5,3,-,-,-,-,-,-,-,-,-,-,#VALUE!,#VALUE!,#VALUE!,#VALUE!
BN French (ENG),1985-1988,1985,1988,3,13,-,-,-,-,-,-,-,-,-,-,#VALUE!,#VALUE!,#VALUE!,#VALUE!
PG Fulton (NZ),2004-2009,2004,2009,5,49,-,-,-,-,-,-,-,-,-,-,#VALUE!,#VALUE!,#VALUE!,#VALUE!
RS Gabriel (WI),1984-1984,1984,1984,0,11,-,-,-,-,-,-,-,-,-,-,#VALUE!,#VALUE!,#VALUE!,#VALUE!
DJ Gandhi (INDIA),1999-2000,1999,2000,1,3,-,-,-,-,-,-,-,-,-,-,#VALUE!,#VALUE!,#VALUE!,#VALUE!
HJW Gardiner (SCOT),2013-2015,2013,2015,2,11,-,-,-,-,-,-,-,-,-,-,#VALUE!,#VALUE!,#VALUE!,#VALUE!
LV Garrick (WI),2001-2001,2001,2001,0,3,-,-,-,-,-,-,-,-,-,-,#VALUE!,#VALUE!,#VALUE!,#VALUE!
LK Germon (NZ),1994-1997,1994,1997,3,37,-,-,-,-,-,-,-,-,-,-,#VALUE!,#VALUE!,#VALUE!,#VALUE!
Ghulam Ali (PAK),1993-1995,1993,1995,2,3,-,-,-,-,-,-,-,-,-,-,#VALUE!,#VALUE!,#VALUE!,#VALUE!
Ghulam Shabber (UAE),2017-2019,2017,2019,2,23,-,-,-,-,-,-,-,-,-,-,#VALUE!,#VALUE!,#VALUE!,#VALUE!
T Gibbons (BMUDA),2006-2006,2006,2006,0,2,-,-,-,-,-,-,-,-,-,-,#VALUE!,#VALUE!,#VALUE!,#VALUE!
HH Gibbs (SA),1996-2010,1996,2010,14,248,-,-,-,-,-,-,-,-,-,-,#VALUE!,#VALUE!,#VALUE!,#VALUE!
AC Gilchrist (AUS/ICC),1996-2008,1996,2008,12,287,-,-,-,-,-,-,-,-,-,-,#VALUE!,#VALUE!,#VALUE!,#VALUE!
PG Gillespie (IRE),2006-2007,2006,2007,1,5,-,-,-,-,-,-,-,-,-,-,#VALUE!,#VALUE!,#VALUE!,#VALUE!
DM Gondaria (KENYA),2013-2013,2013,2013,0,2,-,-,-,-,-,-,-,-,-,-,#VALUE!,#VALUE!,#VALUE!,#VALUE!
HM Goonatilleke (SL),1982-1982,1982,1982,0,6,-,-,-,-,-,-,-,-,-,-,#VALUE!,#VALUE!,#VALUE!,#VALUE!
IJ Gould (ENG),1983-1983,1983,1983,0,18,-,-,-,-,-,-,-,-,-,-,#VALUE!,#VALUE!,#VALUE!,#VALUE!
ZE Green (NAM),2019-2019,2019,2019,0,5,-,-,-,-,-,-,-,-,-,-,#VALUE!,#VALUE!,#VALUE!,#VALUE!
AE Greenidge (WI),1978-1978,1978,1978,0,1,-,-,-,-,-,-,-,-,-,-,#VALUE!,#VALUE!,#VALUE!,#VALUE!
AFG Griffith (WI),1996-2000,1996,2000,4,9,-,-,-,-,-,-,-,-,-,-,#VALUE!,#VALUE!,#VALUE!,#VALUE!
R Gunasekera (CAN),2008-2014,2008,2014,6,19,-,-,-,-,-,-,-,-,-,-,#VALUE!,#VALUE!,#VALUE!,#VALUE!
AAW Gunawardena (SL),1994-1994,1994,1994,0,1,-,-,-,-,-,-,-,-,-,-,#VALUE!,#VALUE!,#VALUE!,#VALUE!
DA Gunawardene (SL),1998-2006,1998,2006,8,61,-,-,-,-,-,-,-,-,-,-,#VALUE!,#VALUE!,#VALUE!,#VALUE!
SK Gupta (KENYA),1996-2001,1996,2001,5,10,-,-,-,-,-,-,-,-,-,-,#VALUE!,#VALUE!,#VALUE!,#VALUE!
Gurdeep Singh (KENYA),2013-2013,2013,2013,0,1,-,-,-,-,-,-,-,-,-,-,#VALUE!,#VALUE!,#VALUE!,#VALUE!
Gursharan Singh (INDIA),1990-1990,1990,1990,0,1,-,-,-,-,-,-,-,-,-,-,#VALUE!,#VALUE!,#VALUE!,#VALUE!
BJ Haddin (AUS),2001-2015,2001,2015,14,126,-,-,-,-,-,-,-,-,-,-,#VALUE!,#VALUE!,#VALUE!,#VALUE!
BG Hadlee (NZ),1975-1975,1975,1975,0,2,-,-,-,-,-,-,-,-,-,-,#VALUE!,#VALUE!,#VALUE!,#VALUE!
Hafizur Rahman (BDESH),1986-1986,1986,1986,0,2,-,-,-,-,-,-,-,-,-,-,#VALUE!,#VALUE!,#VALUE!,#VALUE!
RS Haire (IRE),2008-2008,2008,2008,0,2,-,-,-,-,-,-,-,-,-,-,#VALUE!,#VALUE!,#VALUE!,#VALUE!
OJ Hairs (SCOT),2010-2010,2010,2010,0,5,-,-,-,-,-,-,-,-,-,-,#VALUE!,#VALUE!,#VALUE!,#VALUE!
AD Hales (ENG),2014-2019,2014,2019,5,70,-,-,-,-,-,-,-,-,-,-,#VALUE!,#VALUE!,#VALUE!,#VALUE!
JD Hall (IRE),2010-2010,2010,2010,0,3,-,-,-,-,-,-,-,-,-,-,#VALUE!,#VALUE!,#VALUE!,#VALUE!
JH Hampshire (ENG),1971-1972,1971,1972,1,3,-,-,-,-,-,-,-,-,-,-,#VALUE!,#VALUE!,#VALUE!,#VALUE!
Hamza Tariq (CAN),2011-2014,2011,2014,3,7,-,-,-,-,-,-,-,-,-,-,#VALUE!,#VALUE!,#VALUE!,#VALUE!
PSP Handscomb (AUS),2017-2019,2017,2019,2,22,-,-,-,-,-,-,-,-,-,-,#VALUE!,#VALUE!,#VALUE!,#VALUE!
Harilal Shah (EAf),1975-1975,1975,1975,0,3,-,-,-,-,-,-,-,-,-,-,#VALUE!,#VALUE!,#VALUE!,#VALUE!
Haroon Rasheed (PAK),1977-1982,1977,1982,5,12,-,-,-,-,-,-,-,-,-,-,#VALUE!,#VALUE!,#VALUE!,#VALUE!
JV Harris (CAN),2003-2003,2003,2003,0,6,-,-,-,-,-,-,-,-,-,-,#VALUE!,#VALUE!,#VALUE!,#VALUE!
RG Hart (NZ),2002-2002,2002,2002,0,2,-,-,-,-,-,-,-,-,-,-,#VALUE!,#VALUE!,#VALUE!,#VALUE!
RT Hart (NZ),1985-1985,1985,1985,0,1,-,-,-,-,-,-,-,-,-,-,#VALUE!,#VALUE!,#VALUE!,#VALUE!
BR Hartland (NZ),1992-1994,1992,1994,2,16,-,-,-,-,-,-,-,-,-,-,#VALUE!,#VALUE!,#VALUE!,#VALUE!
Harunur Rashid (BDESH),1988-1988,1988,1988,0,2,-,-,-,-,-,-,-,-,-,-,#VALUE!,#VALUE!,#VALUE!,#VALUE!
Hasan Raza (PAK),1996-1999,1996,1999,3,16,-,-,-,-,-,-,-,-,-,-,#VALUE!,#VALUE!,#VALUE!,#VALUE!
BF Hastings (NZ),1973-1975,1973,1975,2,11,-,-,-,-,-,-,-,-,-,-,#VALUE!,#VALUE!,#VALUE!,#VALUE!
FC Hayes (ENG),1973-1975,1973,1975,2,6,-,-,-,-,-,-,-,-,-,-,#VALUE!,#VALUE!,#VALUE!,#VALUE!
Hazratullah Zazai (AFG),2018-2019,2018,2019,1,16,-,-,-,-,-,-,-,-,-,-,#VALUE!,#VALUE!,#VALUE!,#VALUE!
RGA Headley (WI),1973-1973,1973,1973,0,1,-,-,-,-,-,-,-,-,-,-,#VALUE!,#VALUE!,#VALUE!,#VALUE!
IA Healy (AUS),1988-1997,1988,1997,9,168,-,-,-,-,-,-,-,-,-,-,#VALUE!,#VALUE!,#VALUE!,#VALUE!
SP Heaney (CAN),2006-2006,2006,2006,0,4,-,-,-,-,-,-,-,-,-,-,#VALUE!,#VALUE!,#VALUE!,#VALUE!
SD Heazlett (AUS),2017-2017,2017,2017,0,1,-,-,-,-,-,-,-,-,-,-,#VALUE!,#VALUE!,#VALUE!,#VALUE!
JG Heron (ZIM),1983-1983,1983,1983,0,6,-,-,-,-,-,-,-,-,-,-,#VALUE!,#VALUE!,#VALUE!,#VALUE!
SO Hetmyer (WI),2017-2019,2017,2019,2,43,-,-,-,-,-,-,-,-,-,-,#VALUE!,#VALUE!,#VALUE!,#VALUE!
PD Heyn (SL),1975-1975,1975,1975,0,2,-,-,-,-,-,-,-,-,-,-,#VALUE!,#VALUE!,#VALUE!,#VALUE!
AMJ Hilditch (AUS),1979-1985,1979,1985,6,8,-,-,-,-,-,-,-,-,-,-,#VALUE!,#VALUE!,#VALUE!,#VALUE!
RIC Holder (WI),1993-1997,1993,1997,4,37,-,-,-,-,-,-,-,-,-,-,#VALUE!,#VALUE!,#VALUE!,#VALUE!
KA Hope (WI),2017-2017,2017,2017,0,7,-,-,-,-,-,-,-,-,-,-,#VALUE!,#VALUE!,#VALUE!,#VALUE!
SD Hope (WI),2016-2019,2016,2019,3,72,-,-,-,-,-,-,-,-,-,-,#VALUE!,#VALUE!,#VALUE!,#VALUE!
GJ Hopkins (NZ),2004-2010,2004,2010,6,25,-,-,-,-,-,-,-,-,-,-,#VALUE!,#VALUE!,#VALUE!,#VALUE!
MJ Horne (NZ),1997-2002,1997,2002,5,50,-,-,-,-,-,-,-,-,-,-,#VALUE!,#VALUE!,#VALUE!,#VALUE!
PA Horne (NZ),1987-1987,1987,1987,0,4,-,-,-,-,-,-,-,-,-,-,#VALUE!,#VALUE!,#VALUE!,#VALUE!
JM How (NZ),2005-2011,2005,2011,6,41,-,-,-,-,-,-,-,-,-,-,#VALUE!,#VALUE!,#VALUE!,#VALUE!
LG Howell (NZ),1998-1998,1998,1998,0,12,-,-,-,-,-,-,-,-,-,-,#VALUE!,#VALUE!,#VALUE!,#VALUE!
PJ Hughes (AUS),2013-2014,2013,2014,1,25,-,-,-,-,-,-,-,-,-,-,#VALUE!,#VALUE!,#VALUE!,#VALUE!
Humayun Farhat (PAK),2001-2001,2001,2001,0,5,-,-,-,-,-,-,-,-,-,-,#VALUE!,#VALUE!,#VALUE!,#VALUE!
GW Humpage (ENG),1981-1981,1981,1981,0,3,-,-,-,-,-,-,-,-,-,-,#VALUE!,#VALUE!,#VALUE!,#VALUE!
N Hussain (ENG),1989-2003,1989,2003,14,88,-,-,-,-,-,-,-,-,-,-,#VALUE!,#VALUE!,#VALUE!,#VALUE!
RO Hussain (SCOT),2006-2010,2006,2010,4,8,-,-,-,-,-,-,-,-,-,-,#VALUE!,#VALUE!,#VALUE!,#VALUE!
KH Butt (HKG),2008-2008,2008,2008,0,2,-,-,-,-,-,-,-,-,-,-,#VALUE!,#VALUE!,#VALUE!,#VALUE!
DP Hyatt (WI),2011-2011,2011,2011,0,9,-,-,-,-,-,-,-,-,-,-,#VALUE!,#VALUE!,#VALUE!,#VALUE!
Ibrahim Zadran (AFG),2019-2019,2019,2019,0,1,-,-,-,-,-,-,-,-,-,-,#VALUE!,#VALUE!,#VALUE!,#VALUE!
Ihsanullah (AFG),2017-2018,2017,2018,1,16,-,-,-,-,-,-,-,-,-,-,#VALUE!,#VALUE!,#VALUE!,#VALUE!
Ikram Alikhil (AFG),2019-2019,2019,2019,0,12,-,-,-,-,-,-,-,-,-,-,#VALUE!,#VALUE!,#VALUE!,#VALUE!
Imam-ul-Haq (PAK),2017-2019,2017,2019,2,37,-,-,-,-,-,-,-,-,-,-,#VALUE!,#VALUE!,#VALUE!,#VALUE!
Imran Abbas (PAK),2000-2000,2000,2000,0,2,-,-,-,-,-,-,-,-,-,-,#VALUE!,#VALUE!,#VALUE!,#VALUE!
Imrul Kayes (BDESH),2008-2018,2008,2018,10,78,-,-,-,-,-,-,-,-,-,-,#VALUE!,#VALUE!,#VALUE!,#VALUE!
Imtiaz Abbasi (UAE),1994-1996,1994,1996,2,7,-,-,-,-,-,-,-,-,-,-,#VALUE!,#VALUE!,#VALUE!,#VALUE!
PJ Ingram (NZ),2010-2010,2010,2010,0,8,-,-,-,-,-,-,-,-,-,-,#VALUE!,#VALUE!,#VALUE!,#VALUE!
IT Iqbal (KENYA),1996-1996,1996,1996,0,3,-,-,-,-,-,-,-,-,-,-,#VALUE!,#VALUE!,#VALUE!,#VALUE!
RD Jacobs (WI),1996-2004,1996,2004,8,147,-,-,-,-,-,-,-,-,-,-,#VALUE!,#VALUE!,#VALUE!,#VALUE!
W Jaffer (INDIA),2006-2006,2006,2006,0,2,-,-,-,-,-,-,-,-,-,-,#VALUE!,#VALUE!,#VALUE!,#VALUE!
Jahangir Alam (BDESH),1997-1999,1997,1999,2,3,-,-,-,-,-,-,-,-,-,-,#VALUE!,#VALUE!,#VALUE!,#VALUE!
Jahurul Islam (BDESH),2010-2013,2010,2013,3,14,-,-,-,-,-,-,-,-,-,-,#VALUE!,#VALUE!,#VALUE!,#VALUE!
WR James (ZIM),1992-1996,1992,1996,4,11,-,-,-,-,-,-,-,-,-,-,#VALUE!,#VALUE!,#VALUE!,#VALUE!
PA Jaques (AUS),2006-2007,2006,2007,1,6,-,-,-,-,-,-,-,-,-,-,#VALUE!,#VALUE!,#VALUE!,#VALUE!
Jatinder Singh (OMAN),2019-2019,2019,2019,0,5,-,-,-,-,-,-,-,-,-,-,#VALUE!,#VALUE!,#VALUE!,#VALUE!
Javed Omar (BDESH),1995-2007,1995,2007,12,59,-,-,-,-,-,-,-,-,-,-,#VALUE!,#VALUE!,#VALUE!,#VALUE!
Javed Qadeer (PAK),1995-1995,1995,1995,0,1,-,-,-,-,-,-,-,-,-,-,#VALUE!,#VALUE!,#VALUE!,#VALUE!
Jawahir Shah (EAf),1975-1975,1975,1975,0,3,-,-,-,-,-,-,-,-,-,-,#VALUE!,#VALUE!,#VALUE!,#VALUE!
RSA Jayasekera (SL),1982-1982,1982,1982,0,2,-,-,-,-,-,-,-,-,-,-,#VALUE!,#VALUE!,#VALUE!,#VALUE!
SA Jayasinghe (SL),1979-1979,1979,1979,0,2,-,-,-,-,-,-,-,-,-,-,#VALUE!,#VALUE!,#VALUE!,#VALUE!
HAPW Jayawardene (SL),2003-2007,2003,2007,4,6,-,-,-,-,-,-,-,-,-,-,#VALUE!,#VALUE!,#VALUE!,#VALUE!
LR Johnson (WI),2008-2015,2008,2015,7,6,-,-,-,-,-,-,-,-,-,-,#VALUE!,#VALUE!,#VALUE!,#VALUE!
MR Johnson (USA),2004-2004,2004,2004,0,2,-,-,-,-,-,-,-,-,-,-,#VALUE!,#VALUE!,#VALUE!,#VALUE!
GO Jones (ENG/PNG),2004-2014,2004,2014,10,51,-,-,-,-,-,-,-,-,-,-,#VALUE!,#VALUE!,#VALUE!,#VALUE!
MA Jones (SCOT),2018-2019,2018,2019,1,8,-,-,-,-,-,-,-,-,-,-,#VALUE!,#VALUE!,#VALUE!,#VALUE!
RA Jones (NZ),2003-2003,2003,2003,0,5,-,-,-,-,-,-,-,-,-,-,#VALUE!,#VALUE!,#VALUE!,#VALUE!
C Jonker (SA),2018-2018,2018,2018,0,2,-,-,-,-,-,-,-,-,-,-,#VALUE!,#VALUE!,#VALUE!,#VALUE!
S Jora (NEPAL),2019-2019,2019,2019,0,1,-,-,-,-,-,-,-,-,-,-,#VALUE!,#VALUE!,#VALUE!,#VALUE!
SC Joseph (WI),2000-2005,2000,2005,5,13,-,-,-,-,-,-,-,-,-,-,#VALUE!,#VALUE!,#VALUE!,#VALUE!
DI Joyce (IRE),2006-2007,2006,2007,1,3,-,-,-,-,-,-,-,-,-,-,#VALUE!,#VALUE!,#VALUE!,#VALUE!
EC Joyce (ENG/IRE),2006-2018,2006,2018,12,78,-,-,-,-,-,-,-,-,-,-,#VALUE!,#VALUE!,#VALUE!,#VALUE!
R Kaia (ZIM),2015-2015,2015,2015,0,1,-,-,-,-,-,-,-,-,-,-,#VALUE!,#VALUE!,#VALUE!,#VALUE!
M Kaif (INDIA),2002-2006,2002,2006,4,125,-,-,-,-,-,-,-,-,-,-,#VALUE!,#VALUE!,#VALUE!,#VALUE!
AV Kale (INDIA),2003-2003,2003,2003,0,1,-,-,-,-,-,-,-,-,-,-,#VALUE!,#VALUE!,#VALUE!,#VALUE!
RS Kaluwitharana (SL),1990-2004,1990,2004,14,189,-,-,-,-,-,-,-,-,-,-,#VALUE!,#VALUE!,#VALUE!,#VALUE!
Kamran Akmal (PAK),2002-2017,2002,2017,15,157,-,-,-,-,-,-,-,-,-,-,#VALUE!,#VALUE!,#VALUE!,#VALUE!
TS Kamunhukamwe (ZIM),2018-2019,2018,2019,1,3,-,-,-,-,-,-,-,-,-,-,#VALUE!,#VALUE!,#VALUE!,#VALUE!
RB Kanhai (WI),1973-1975,1973,1975,2,7,-,-,-,-,-,-,-,-,-,-,#VALUE!,#VALUE!,#VALUE!,#VALUE!
M Karg (NAM),2003-2003,2003,2003,0,3,-,-,-,-,-,-,-,-,-,-,#VALUE!,#VALUE!,#VALUE!,#VALUE!
IA Karim (KENYA),2011-2014,2011,2014,3,9,-,-,-,-,-,-,-,-,-,-,#VALUE!,#VALUE!,#VALUE!,#VALUE!
SS Karim (INDIA),1997-2000,1997,2000,3,34,-,-,-,-,-,-,-,-,-,-,#VALUE!,#VALUE!,#VALUE!,#VALUE!
KD Karthik (INDIA),2004-2019,2004,2019,15,94,-,-,-,-,-,-,-,-,-,-,#VALUE!,#VALUE!,#VALUE!,#VALUE!
F Kasteni (ZIM),2007-2007,2007,2007,0,3,-,-,-,-,-,-,-,-,-,-,#VALUE!,#VALUE!,#VALUE!,#VALUE!
SM Katich (AUS),2001-2006,2001,2006,5,45,-,-,-,-,-,-,-,-,-,-,#VALUE!,#VALUE!,#VALUE!,#VALUE!
MF Kent (AUS),1981-1981,1981,1981,0,5,-,-,-,-,-,-,-,-,-,-,#VALUE!,#VALUE!,#VALUE!,#VALUE!
RB Kerr (AUS),1985-1985,1985,1985,0,4,-,-,-,-,-,-,-,-,-,-,#VALUE!,#VALUE!,#VALUE!,#VALUE!
D Keulder (NAM),2003-2003,2003,2003,0,6,-,-,-,-,-,-,-,-,-,-,#VALUE!,#VALUE!,#VALUE!,#VALUE!
RWT Key (ENG),2003-2004,2003,2004,1,5,-,-,-,-,-,-,-,-,-,-,#VALUE!,#VALUE!,#VALUE!,#VALUE!
SP Khakurel (NEPAL),2018-2018,2018,2018,0,2,-,-,-,-,-,-,-,-,-,-,#VALUE!,#VALUE!,#VALUE!,#VALUE!
Khaled Mashud (BDESH),1995-2006,1995,2006,11,126,-,-,-,-,-,-,-,-,-,-,#VALUE!,#VALUE!,#VALUE!,#VALUE!
Khalid Latif (PAK),2008-2010,2008,2010,2,5,-,-,-,-,-,-,-,-,-,-,#VALUE!,#VALUE!,#VALUE!,#VALUE!
SC Khanna (INDIA),1979-1984,1979,1984,5,10,-,-,-,-,-,-,-,-,-,-,#VALUE!,#VALUE!,#VALUE!,#VALUE!
UT Khawaja (AUS),2013-2019,2013,2019,6,40,-,-,-,-,-,-,-,-,-,-,#VALUE!,#VALUE!,#VALUE!,#VALUE!
GK Khoda (INDIA),1998-1998,1998,1998,0,2,-,-,-,-,-,-,-,-,-,-,#VALUE!,#VALUE!,#VALUE!,#VALUE!
AR Khurasiya (INDIA),1999-2001,1999,2001,2,12,-,-,-,-,-,-,-,-,-,-,#VALUE!,#VALUE!,#VALUE!,#VALUE!
Khurram Manzoor (PAK),2008-2009,2008,2009,1,7,-,-,-,-,-,-,-,-,-,-,#VALUE!,#VALUE!,#VALUE!,#VALUE!
Khurram Nawaz (OMAN),2019-2019,2019,2019,0,3,-,-,-,-,-,-,-,-,-,-,#VALUE!,#VALUE!,#VALUE!,#VALUE!
C Kieswetter (ENG),2010-2013,2010,2013,3,46,-,-,-,-,-,-,-,-,-,-,#VALUE!,#VALUE!,#VALUE!,#VALUE!
BA King (WI),2019-2019,2019,2019,0,1,-,-,-,-,-,-,-,-,-,-,#VALUE!,#VALUE!,#VALUE!,#VALUE!
SMH Kirmani (INDIA),1976-1986,1976,1986,10,49,-,-,-,-,-,-,-,-,-,-,#VALUE!,#VALUE!,#VALUE!,#VALUE!
H Klaasen (SA),2018-2019,2018,2019,1,14,-,-,-,-,-,-,-,-,-,-,#VALUE!,#VALUE!,#VALUE!,#VALUE!
NV Knight (ENG),1996-2003,1996,2003,7,100,-,-,-,-,-,-,-,-,-,-,#VALUE!,#VALUE!,#VALUE!,#VALUE!
APE Knott (ENG),1971-1977,1971,1977,6,20,-,-,-,-,-,-,-,-,-,-,#VALUE!,#VALUE!,#VALUE!,#VALUE!
LJ Koen (SA),1997-2000,1997,2000,3,5,-,-,-,-,-,-,-,-,-,-,#VALUE!,#VALUE!,#VALUE!,#VALUE!
JP Kotze (NAM),2019-2019,2019,2019,0,5,-,-,-,-,-,-,-,-,-,-,#VALUE!,#VALUE!,#VALUE!,#VALUE!
P Krishnamurthy (INDIA),1976-1976,1976,1976,0,1,-,-,-,-,-,-,-,-,-,-,#VALUE!,#VALUE!,#VALUE!,#VALUE!
CK Kruger (HKG),2008-2008,2008,2008,0,2,-,-,-,-,-,-,-,-,-,-,#VALUE!,#VALUE!,#VALUE!,#VALUE!
N Kruger (NL),2011-2011,2011,2011,0,2,-,-,-,-,-,-,-,-,-,-,#VALUE!,#VALUE!,#VALUE!,#VALUE!
DSBP Kuruppu (SL),1983-1990,1983,1990,7,54,-,-,-,-,-,-,-,-,-,-,#VALUE!,#VALUE!,#VALUE!,#VALUE!
BM Laird (AUS),1979-1982,1979,1982,3,23,-,-,-,-,-,-,-,-,-,-,#VALUE!,#VALUE!,#VALUE!,#VALUE!
SB Lama (HKG),2004-2004,2004,2004,0,1,-,-,-,-,-,-,-,-,-,-,#VALUE!,#VALUE!,#VALUE!,#VALUE!
JL Langer (AUS),1994-1997,1994,1997,3,8,-,-,-,-,-,-,-,-,-,-,#VALUE!,#VALUE!,#VALUE!,#VALUE!
TWM Latham (NZ),2012-2019,2012,2019,7,95,-,-,-,-,-,-,-,-,-,-,#VALUE!,#VALUE!,#VALUE!,#VALUE!
WM Lawry (AUS),1971-1971,1971,1971,0,1,-,-,-,-,-,-,-,-,-,-,#VALUE!,#VALUE!,#VALUE!,#VALUE!
WK Lees (NZ),1979-1983,1979,1983,4,31,-,-,-,-,-,-,-,-,-,-,#VALUE!,#VALUE!,#VALUE!,#VALUE!
E Lewis (WI),2016-2019,2016,2019,3,48,-,-,-,-,-,-,-,-,-,-,#VALUE!,#VALUE!,#VALUE!,#VALUE!
GFJ Liebenberg (SA),1995-1998,1995,1998,3,4,-,-,-,-,-,-,-,-,-,-,#VALUE!,#VALUE!,#VALUE!,#VALUE!
Liton Das (BDESH),2015-2019,2015,2019,4,33,-,-,-,-,-,-,-,-,-,-,#VALUE!,#VALUE!,#VALUE!,#VALUE!
GD Lloyd (ENG),1996-1998,1996,1998,2,6,-,-,-,-,-,-,-,-,-,-,#VALUE!,#VALUE!,#VALUE!,#VALUE!
TA Lloyd (ENG),1984-1984,1984,1984,0,3,-,-,-,-,-,-,-,-,-,-,#VALUE!,#VALUE!,#VALUE!,#VALUE!
DR Lockhart (SCOT),2006-2010,2006,2010,4,14,-,-,-,-,-,-,-,-,-,-,#VALUE!,#VALUE!,#VALUE!,#VALUE!
JD Love (ENG),1981-1981,1981,1981,0,3,-,-,-,-,-,-,-,-,-,-,#VALUE!,#VALUE!,#VALUE!,#VALUE!
MB Loye (ENG),2007-2007,2007,2007,0,7,-,-,-,-,-,-,-,-,-,-,#VALUE!,#VALUE!,#VALUE!,#VALUE!
BW Luckhurst (ENG),1975-1975,1975,1975,0,3,-,-,-,-,-,-,-,-,-,-,#VALUE!,#VALUE!,#VALUE!,#VALUE!
MJ Lumb (ENG),2014-2014,2014,2014,0,3,-,-,-,-,-,-,-,-,-,-,#VALUE!,#VALUE!,#VALUE!,#VALUE!
MA Lynch (ENG),1988-1988,1988,1988,0,3,-,-,-,-,-,-,-,-,-,-,#VALUE!,#VALUE!,#VALUE!,#VALUE!
CA Lynn (AUS),2017-2018,2017,2018,1,4,-,-,-,-,-,-,-,-,-,-,#VALUE!,#VALUE!,#VALUE!,#VALUE!
C McAuslan (HKG),2017-2017,2017,2017,0,2,-,-,-,-,-,-,-,-,-,-,#VALUE!,#VALUE!,#VALUE!,#VALUE!
NFI McCallum (SCOT),2006-2011,2006,2011,5,43,-,-,-,-,-,-,-,-,-,-,#VALUE!,#VALUE!,#VALUE!,#VALUE!
RB McCosker (AUS),1975-1982,1975,1982,7,14,-,-,-,-,-,-,-,-,-,-,#VALUE!,#VALUE!,#VALUE!,#VALUE!
BB McCullum (NZ),2002-2016,2002,2016,14,260,-,-,-,-,-,-,-,-,-,-,#VALUE!,#VALUE!,#VALUE!,#VALUE!
PD McGlashan (NZ),2009-2009,2009,2009,0,4,-,-,-,-,-,-,-,-,-,-,#VALUE!,#VALUE!,#VALUE!,#VALUE!
JA Maclean (AUS),1979-1979,1979,1979,0,2,-,-,-,-,-,-,-,-,-,-,#VALUE!,#VALUE!,#VALUE!,#VALUE!
H McLeod (EAf),1975-1975,1975,1975,0,2,-,-,-,-,-,-,-,-,-,-,#VALUE!,#VALUE!,#VALUE!,#VALUE!
NJ MacRae (SCOT),2006-2006,2006,2006,0,2,-,-,-,-,-,-,-,-,-,-,#VALUE!,#VALUE!,#VALUE!,#VALUE!
EB McSweeney (NZ),1986-1987,1986,1987,1,16,-,-,-,-,-,-,-,-,-,-,#VALUE!,#VALUE!,#VALUE!,#VALUE!
DL Maddy (ENG),1998-2000,1998,2000,2,8,-,-,-,-,-,-,-,-,-,-,#VALUE!,#VALUE!,#VALUE!,#VALUE!
TN Madondo (ZIM),1998-2001,1998,2001,3,13,-,-,-,-,-,-,-,-,-,-,#VALUE!,#VALUE!,#VALUE!,#VALUE!
Mahbubur Rahman (BDESH),1999-1999,1999,1999,0,1,-,-,-,-,-,-,-,-,-,-,#VALUE!,#VALUE!,#VALUE!,#VALUE!
JP Maher (AUS),1998-2003,1998,2003,5,26,-,-,-,-,-,-,-,-,-,-,#VALUE!,#VALUE!,#VALUE!,#VALUE!
Mahmood Hamid (PAK),1995-1995,1995,1995,0,1,-,-,-,-,-,-,-,-,-,-,#VALUE!,#VALUE!,#VALUE!,#VALUE!
DJ Malan (ENG),2019-2019,2019,2019,0,1,-,-,-,-,-,-,-,-,-,-,#VALUE!,#VALUE!,#VALUE!,#VALUE!
JS Malhotra (USA),2019-2019,2019,2019,0,5,-,-,-,-,-,-,-,-,-,-,#VALUE!,#VALUE!,#VALUE!,#VALUE!
G Malla (NEPAL),2018-2019,2018,2019,1,6,-,-,-,-,-,-,-,-,-,-,#VALUE!,#VALUE!,#VALUE!,#VALUE!
GA Manou (AUS),2009-2009,2009,2009,0,4,-,-,-,-,-,-,-,-,-,-,#VALUE!,#VALUE!,#VALUE!,#VALUE!
A Maregwede (ZIM),2003-2005,2003,2005,2,11,-,-,-,-,-,-,-,-,-,-,#VALUE!,#VALUE!,#VALUE!,#VALUE!
RW Marsh (AUS),1971-1984,1971,1984,13,92,-,-,-,-,-,-,-,-,-,-,#VALUE!,#VALUE!,#VALUE!,#VALUE!
SE Marsh (AUS),2008-2019,2008,2019,11,73,-,-,-,-,-,-,-,-,-,-,#VALUE!,#VALUE!,#VALUE!,#VALUE!
CA Marshall (CAN),1979-1979,1979,1979,0,2,-,-,-,-,-,-,-,-,-,-,#VALUE!,#VALUE!,#VALUE!,#VALUE!
HJH Marshall (NZ),2003-2007,2003,2007,4,66,-,-,-,-,-,-,-,-,-,-,#VALUE!,#VALUE!,#VALUE!,#VALUE!
JAH Marshall (NZ),2005-2008,2005,2008,3,10,-,-,-,-,-,-,-,-,-,-,#VALUE!,#VALUE!,#VALUE!,#VALUE!
JJ Martin (INDIA),1999-2001,1999,2001,2,10,-,-,-,-,-,-,-,-,-,-,#VALUE!,#VALUE!,#VALUE!,#VALUE!
Masood Iqbal (PAK),1984-1984,1984,1984,0,1,-,-,-,-,-,-,-,-,-,-,#VALUE!,#VALUE!,#VALUE!,#VALUE!
SJ Massiah (USA),2004-2004,2004,2004,0,2,-,-,-,-,-,-,-,-,-,-,#VALUE!,#VALUE!,#VALUE!,#VALUE!
EH Mattis (WI),1981-1981,1981,1981,0,2,-,-,-,-,-,-,-,-,-,-,#VALUE!,#VALUE!,#VALUE!,#VALUE!
BM Mauricette (CAN),1979-1979,1979,1979,0,3,-,-,-,-,-,-,-,-,-,-,#VALUE!,#VALUE!,#VALUE!,#VALUE!
TMK Mawoyo (ZIM),2006-2014,2006,2014,8,7,-,-,-,-,-,-,-,-,-,-,#VALUE!,#VALUE!,#VALUE!,#VALUE!
MP Maynard (ENG),1994-2000,1994,2000,6,14,-,-,-,-,-,-,-,-,-,-,#VALUE!,#VALUE!,#VALUE!,#VALUE!
RD McCann (IRE),2010-2010,2010,2010,0,8,-,-,-,-,-,-,-,-,-,-,#VALUE!,#VALUE!,#VALUE!,#VALUE!
JA McCollum (IRE),2019-2019,2019,2019,0,8,-,-,-,-,-,-,-,-,-,-,#VALUE!,#VALUE!,#VALUE!,#VALUE!
SS McKechnie (HKG),2017-2018,2017,2018,1,8,-,-,-,-,-,-,-,-,-,-,#VALUE!,#VALUE!,#VALUE!,#VALUE!
V Mehra (UAE),1994-1996,1994,1996,2,6,-,-,-,-,-,-,-,-,-,-,#VALUE!,#VALUE!,#VALUE!,#VALUE!
PS Mehta (EAf),1975-1975,1975,1975,0,1,-,-,-,-,-,-,-,-,-,-,#VALUE!,#VALUE!,#VALUE!,#VALUE!
LRD Mendis (SL),1975-1989,1975,1989,14,79,-,-,-,-,-,-,-,-,-,-,#VALUE!,#VALUE!,#VALUE!,#VALUE!
MC Mendis (SL),1995-1995,1995,1995,0,1,-,-,-,-,-,-,-,-,-,-,#VALUE!,#VALUE!,#VALUE!,#VALUE!
DA Miller (SA),2010-2019,2010,2019,9,126,-,-,-,-,-,-,-,-,-,-,#VALUE!,#VALUE!,#VALUE!,#VALUE!
DA Minors (BMUDA),2006-2007,2006,2007,1,20,-,-,-,-,-,-,-,-,-,-,#VALUE!,#VALUE!,#VALUE!,#VALUE!
Mohammad Aslam (UAE),1996-1996,1996,1996,0,4,-,-,-,-,-,-,-,-,-,-,#VALUE!,#VALUE!,#VALUE!,#VALUE!
Mohammad Iqbal (CAN),2007-2008,2007,2008,1,5,-,-,-,-,-,-,-,-,-,-,#VALUE!,#VALUE!,#VALUE!,#VALUE!
Mohammad Ishaq (UAE),1994-1996,1994,1996,2,5,-,-,-,-,-,-,-,-,-,-,#VALUE!,#VALUE!,#VALUE!,#VALUE!
Mohammad Mithun (BDESH),2014-2019,2014,2019,5,24,-,-,-,-,-,-,-,-,-,-,#VALUE!,#VALUE!,#VALUE!,#VALUE!
Mohammad Rizwan (PAK),2015-2019,2015,2019,4,32,-,-,-,-,-,-,-,-,-,-,#VALUE!,#VALUE!,#VALUE!,#VALUE!
Mohammad Salim (BDESH),2003-2003,2003,2003,0,1,-,-,-,-,-,-,-,-,-,-,#VALUE!,#VALUE!,#VALUE!,#VALUE!
Mohammad Salman (PAK),2011-2011,2011,2011,0,7,-,-,-,-,-,-,-,-,-,-,#VALUE!,#VALUE!,#VALUE!,#VALUE!
Mohammad Shahzad (AFG),2009-2019,2009,2019,10,84,-,-,-,-,-,-,-,-,-,-,#VALUE!,#VALUE!,#VALUE!,#VALUE!
Mohammad Wasim (PAK),1996-2000,1996,2000,4,25,-,-,-,-,-,-,-,-,-,-,#VALUE!,#VALUE!,#VALUE!,#VALUE!
Mohibullah Oryakhel (AFG),2013-2013,2013,2013,0,2,-,-,-,-,-,-,-,-,-,-,#VALUE!,#VALUE!,#VALUE!,#VALUE!
Moin-ul-Atiq (PAK),1988-1989,1988,1989,1,5,-,-,-,-,-,-,-,-,-,-,#VALUE!,#VALUE!,#VALUE!,#VALUE!
Moin Khan (PAK),1990-2004,1990,2004,14,219,-,-,-,-,-,-,-,-,-,-,#VALUE!,#VALUE!,#VALUE!,#VALUE!
NR Mongia (INDIA),1994-2000,1994,2000,6,140,-,-,-,-,-,-,-,-,-,-,#VALUE!,#VALUE!,#VALUE!,#VALUE!
Moniruzzaman (BDESH),2003-2003,2003,2003,0,2,-,-,-,-,-,-,-,-,-,-,#VALUE!,#VALUE!,#VALUE!,#VALUE!
PJ Moor (ZIM),2014-2019,2014,2019,5,49,-,-,-,-,-,-,-,-,-,-,#VALUE!,#VALUE!,#VALUE!,#VALUE!
KS More (INDIA),1984-1993,1984,1993,9,94,-,-,-,-,-,-,-,-,-,-,#VALUE!,#VALUE!,#VALUE!,#VALUE!
VV Morea (PNG),2014-2018,2014,2018,4,13,-,-,-,-,-,-,-,-,-,-,#VALUE!,#VALUE!,#VALUE!,#VALUE!
DWO Morgan (BMUDA),2006-2006,2006,2006,0,2,-,-,-,-,-,-,-,-,-,-,#VALUE!,#VALUE!,#VALUE!,#VALUE!
EJG Morgan (ENG/IRE),2006-2019,2006,2019,13,233,-,-,-,-,-,-,-,-,-,-,#VALUE!,#VALUE!,#VALUE!,#VALUE!
JE Morris (ENG),1990-1991,1990,1991,1,8,-,-,-,-,-,-,-,-,-,-,#VALUE!,#VALUE!,#VALUE!,#VALUE!
JK Moss (AUS),1979-1979,1979,1979,0,1,-,-,-,-,-,-,-,-,-,-,#VALUE!,#VALUE!,#VALUE!,#VALUE!
MD Moxon (ENG),1985-1988,1985,1988,3,8,-,-,-,-,-,-,-,-,-,-,#VALUE!,#VALUE!,#VALUE!,#VALUE!
TV Mufambisi (ZIM),2006-2007,2006,2007,1,6,-,-,-,-,-,-,-,-,-,-,#VALUE!,#VALUE!,#VALUE!,#VALUE!
Muhammad Usman (UAE),2016-2019,2016,2019,3,30,-,-,-,-,-,-,-,-,-,-,#VALUE!,#VALUE!,#VALUE!,#VALUE!
AA Mulla (CAN),2006-2009,2006,2009,3,24,-,-,-,-,-,-,-,-,-,-,#VALUE!,#VALUE!,#VALUE!,#VALUE!
EMDY Munaweera (SL),2017-2017,2017,2017,0,2,-,-,-,-,-,-,-,-,-,-,#VALUE!,#VALUE!,#VALUE!,#VALUE!
HG Munsey (SCOT),2017-2019,2017,2019,2,25,-,-,-,-,-,-,-,-,-,-,#VALUE!,#VALUE!,#VALUE!,#VALUE!
GB Murgatroyd (NAM),2003-2003,2003,2003,0,6,-,-,-,-,-,-,-,-,-,-,#VALUE!,#VALUE!,#VALUE!,#VALUE!
D Murphy (SCOT),2013-2013,2013,2013,0,8,-,-,-,-,-,-,-,-,-,-,#VALUE!,#VALUE!,#VALUE!,#VALUE!
DA Murray (WI),1973-1981,1973,1981,8,10,-,-,-,-,-,-,-,-,-,-,#VALUE!,#VALUE!,#VALUE!,#VALUE!
DJ Murray (NZ),1994-1994,1994,1994,0,1,-,-,-,-,-,-,-,-,-,-,#VALUE!,#VALUE!,#VALUE!,#VALUE!
DL Murray (WI),1973-1980,1973,1980,7,26,-,-,-,-,-,-,-,-,-,-,#VALUE!,#VALUE!,#VALUE!,#VALUE!
JR Murray (WI),1992-1999,1992,1999,7,55,-,-,-,-,-,-,-,-,-,-,#VALUE!,#VALUE!,#VALUE!,#VALUE!
R Murray (ZIM),2018-2018,2018,2018,0,5,-,-,-,-,-,-,-,-,-,-,#VALUE!,#VALUE!,#VALUE!,#VALUE!
Mushfiqur Rahim (BDESH),2006-2019,2006,2019,13,216,-,-,-,-,-,-,-,-,-,-,#VALUE!,#VALUE!,#VALUE!,#VALUE!
P Mustard (ENG),2007-2008,2007,2008,1,10,-,-,-,-,-,-,-,-,-,-,#VALUE!,#VALUE!,#VALUE!,#VALUE!
F Mutizwa (ZIM),2009-2011,2009,2011,2,17,-,-,-,-,-,-,-,-,-,-,#VALUE!,#VALUE!,#VALUE!,#VALUE!
R Mutumbami (ZIM),2014-2019,2014,2019,5,33,-,-,-,-,-,-,-,-,-,-,#VALUE!,#VALUE!,#VALUE!,#VALUE!
SJ Myburgh (NL),2011-2018,2011,2018,7,13,-,-,-,-,-,-,-,-,-,-,#VALUE!,#VALUE!,#VALUE!,#VALUE!
G Mylvaganam (UAE),1996-1996,1996,1996,0,3,-,-,-,-,-,-,-,-,-,-,#VALUE!,#VALUE!,#VALUE!,#VALUE!
Naeemuddin Aslam (UAE),2004-2004,2004,2004,0,2,-,-,-,-,-,-,-,-,-,-,#VALUE!,#VALUE!,#VALUE!,#VALUE!
Nafees Iqbal (BDESH),2003-2005,2003,2005,2,16,-,-,-,-,-,-,-,-,-,-,#VALUE!,#VALUE!,#VALUE!,#VALUE!
SS Naik (INDIA),1974-1974,1974,1974,0,2,-,-,-,-,-,-,-,-,-,-,#VALUE!,#VALUE!,#VALUE!,#VALUE!
KK Nair (INDIA),2016-2016,2016,2016,0,2,-,-,-,-,-,-,-,-,-,-,#VALUE!,#VALUE!,#VALUE!,#VALUE!
Najeeb Tarakai (AFG),2017-2017,2017,2017,0,1,-,-,-,-,-,-,-,-,-,-,#VALUE!,#VALUE!,#VALUE!,#VALUE!
Nasim-ul-Ghani (PAK),1973-1973,1973,1973,0,1,-,-,-,-,-,-,-,-,-,-,#VALUE!,#VALUE!,#VALUE!,#VALUE!
Nasir Ahmed (BDESH),1988-1990,1988,1990,2,7,-,-,-,-,-,-,-,-,-,-,#VALUE!,#VALUE!,#VALUE!,#VALUE!
Nasir Hameed (HKG),2004-2004,2004,2004,0,1,-,-,-,-,-,-,-,-,-,-,#VALUE!,#VALUE!,#VALUE!,#VALUE!
Nasir Jamshed (PAK),2008-2015,2008,2015,7,48,-,-,-,-,-,-,-,-,-,-,#VALUE!,#VALUE!,#VALUE!,#VALUE!
Nasir Javed (USA),2004-2004,2004,2004,0,1,-,-,-,-,-,-,-,-,-,-,#VALUE!,#VALUE!,#VALUE!,#VALUE!
Naumanullah (PAK),2008-2008,2008,2008,0,1,-,-,-,-,-,-,-,-,-,-,#VALUE!,#VALUE!,#VALUE!,#VALUE!
MN Nawaz (SL),1998-2002,1998,2002,4,3,-,-,-,-,-,-,-,-,-,-,#VALUE!,#VALUE!,#VALUE!,#VALUE!
Nazimuddin (BDESH),2008-2012,2008,2012,4,11,-,-,-,-,-,-,-,-,-,-,#VALUE!,#VALUE!,#VALUE!,#VALUE!
Najmul Hossain Shanto (BDESH),2018-2018,2018,2018,0,3,-,-,-,-,-,-,-,-,-,-,#VALUE!,#VALUE!,#VALUE!,#VALUE!
CJ Nevin (NZ),2000-2003,2000,2003,3,37,-,-,-,-,-,-,-,-,-,-,#VALUE!,#VALUE!,#VALUE!,#VALUE!
HM Nicholls (NZ),2015-2019,2015,2019,4,45,-,-,-,-,-,-,-,-,-,-,#VALUE!,#VALUE!,#VALUE!,#VALUE!
PA Nixon (ENG),2007-2007,2007,2007,0,19,-,-,-,-,-,-,-,-,-,-,#VALUE!,#VALUE!,#VALUE!,#VALUE!
Noor-ul-Haq (AFG),2010-2010,2010,2010,0,2,-,-,-,-,-,-,-,-,-,-,#VALUE!,#VALUE!,#VALUE!,#VALUE!
Noor Ali Zadran (AFG),2009-2019,2009,2019,10,51,-,-,-,-,-,-,-,-,-,-,#VALUE!,#VALUE!,#VALUE!,#VALUE!
Nurul Abedin (BDESH),1986-1990,1986,1990,4,4,-,-,-,-,-,-,-,-,-,-,#VALUE!,#VALUE!,#VALUE!,#VALUE!
Nurul Hasan (BDESH),2016-2016,2016,2016,0,2,-,-,-,-,-,-,-,-,-,-,#VALUE!,#VALUE!,#VALUE!,#VALUE!
AA Obanda (KENYA),2007-2014,2007,2014,7,49,-,-,-,-,-,-,-,-,-,-,#VALUE!,#VALUE!,#VALUE!,#VALUE!
NJ O'Brien (IRE),2006-2018,2006,2018,12,103,-,-,-,-,-,-,-,-,-,-,#VALUE!,#VALUE!,#VALUE!,#VALUE!
DO Obuya (KENYA),2001-2012,2001,2012,11,74,-,-,-,-,-,-,-,-,-,-,#VALUE!,#VALUE!,#VALUE!,#VALUE!
MP O'Dowd (NL),2019-2019,2019,2019,0,2,-,-,-,-,-,-,-,-,-,-,#VALUE!,#VALUE!,#VALUE!,#VALUE!
NV Ojha (INDIA),2010-2010,2010,2010,0,1,-,-,-,-,-,-,-,-,-,-,#VALUE!,#VALUE!,#VALUE!,#VALUE!
MA Ouma (KENYA),2004-2014,2004,2014,10,80,-,-,-,-,-,-,-,-,-,-,#VALUE!,#VALUE!,#VALUE!,#VALUE!
TD Paine (AUS),2009-2018,2009,2018,9,35,-,-,-,-,-,-,-,-,-,-,#VALUE!,#VALUE!,#VALUE!,#VALUE!
SJ Palframan (SA),1996-1996,1996,1996,0,7,-,-,-,-,-,-,-,-,-,-,#VALUE!,#VALUE!,#VALUE!,#VALUE!
MK Pandey (INDIA),2015-2018,2015,2018,3,23,-,-,-,-,-,-,-,-,-,-,#VALUE!,#VALUE!,#VALUE!,#VALUE!
CS Pandit (INDIA),1986-1992,1986,1992,6,36,-,-,-,-,-,-,-,-,-,-,#VALUE!,#VALUE!,#VALUE!,#VALUE!
RR Pant (INDIA),2018-2019,2018,2019,1,15,-,-,-,-,-,-,-,-,-,-,#VALUE!,#VALUE!,#VALUE!,#VALUE!
MHW Papps (NZ),2004-2005,2004,2005,1,6,-,-,-,-,-,-,-,-,-,-,#VALUE!,#VALUE!,#VALUE!,#VALUE!
JV Paranjpe (INDIA),1998-1998,1998,1998,0,4,-,-,-,-,-,-,-,-,-,-,#VALUE!,#VALUE!,#VALUE!,#VALUE!
BA Parchment (WI),2007-2008,2007,2008,1,7,-,-,-,-,-,-,-,-,-,-,#VALUE!,#VALUE!,#VALUE!,#VALUE!
GAHM Parkar (INDIA),1982-1984,1982,1984,2,10,-,-,-,-,-,-,-,-,-,-,#VALUE!,#VALUE!,#VALUE!,#VALUE!
NM Parker (NZ),1976-1976,1976,1976,0,1,-,-,-,-,-,-,-,-,-,-,#VALUE!,#VALUE!,#VALUE!,#VALUE!
AC Parore (NZ),1992-2002,1992,2002,10,179,-,-,-,-,-,-,-,-,-,-,#VALUE!,#VALUE!,#VALUE!,#VALUE!
BP Patel (INDIA),1974-1979,1974,1979,5,10,-,-,-,-,-,-,-,-,-,-,#VALUE!,#VALUE!,#VALUE!,#VALUE!
MD Patel (USA),2019-2019,2019,2019,0,9,-,-,-,-,-,-,-,-,-,-,#VALUE!,#VALUE!,#VALUE!,#VALUE!
ML Patel (KENYA),2004-2006,2004,2006,2,3,-,-,-,-,-,-,-,-,-,-,#VALUE!,#VALUE!,#VALUE!,#VALUE!
PA Patel (INDIA),2003-2012,2003,2012,9,38,-,-,-,-,-,-,-,-,-,-,#VALUE!,#VALUE!,#VALUE!,#VALUE!
GA Paterson (ZIM),1983-1987,1983,1987,4,10,-,-,-,-,-,-,-,-,-,-,#VALUE!,#VALUE!,#VALUE!,#VALUE!
SP Patil (UAE),2014-2015,2014,2015,1,13,-,-,-,-,-,-,-,-,-,-,#VALUE!,#VALUE!,#VALUE!,#VALUE!
BMW Patterson (SCOT),1999-1999,1999,1999,0,3,-,-,-,-,-,-,-,-,-,-,#VALUE!,#VALUE!,#VALUE!,#VALUE!
RK Paudel (NEPAL),2018-2019,2018,2019,1,4,-,-,-,-,-,-,-,-,-,-,#VALUE!,#VALUE!,#VALUE!,#VALUE!
TRO Payne (WI),1984-1987,1984,1987,3,7,-,-,-,-,-,-,-,-,-,-,#VALUE!,#VALUE!,#VALUE!,#VALUE!
GE Peckover (ZIM),1983-1983,1983,1983,0,3,-,-,-,-,-,-,-,-,-,-,#VALUE!,#VALUE!,#VALUE!,#VALUE!
MDKJ Perera (SL),2013-2019,2013,2019,6,98,-,-,-,-,-,-,-,-,-,-,#VALUE!,#VALUE!,#VALUE!,#VALUE!
PARP Perera (SL),2019-2019,2019,2019,0,2,-,-,-,-,-,-,-,-,-,-,#VALUE!,#VALUE!,#VALUE!,#VALUE!
MJ Petrie (SCOT),2009-2009,2009,2009,0,4,-,-,-,-,-,-,-,-,-,-,#VALUE!,#VALUE!,#VALUE!,#VALUE!
IL Philip (SCOT),1999-1999,1999,1999,0,3,-,-,-,-,-,-,-,-,-,-,#VALUE!,#VALUE!,#VALUE!,#VALUE!
WB Phillips (AUS),1982-1986,1982,1986,4,48,-,-,-,-,-,-,-,-,-,-,#VALUE!,#VALUE!,#VALUE!,#VALUE!
AR Pitcher (BMUDA),2006-2007,2006,2007,1,4,-,-,-,-,-,-,-,-,-,-,#VALUE!,#VALUE!,#VALUE!,#VALUE!
V Pollard (NZ),1973-1974,1973,1974,1,3,-,-,-,-,-,-,-,-,-,-,#VALUE!,#VALUE!,#VALUE!,#VALUE!
RH Poonawala (UAE),1994-1994,1994,1994,0,2,-,-,-,-,-,-,-,-,-,-,#VALUE!,#VALUE!,#VALUE!,#VALUE!
NS Poonia (SCOT),2006-2009,2006,2009,3,21,-,-,-,-,-,-,-,-,-,-,#VALUE!,#VALUE!,#VALUE!,#VALUE!
N Pooran (WI),2019-2019,2019,2019,0,19,-,-,-,-,-,-,-,-,-,-,#VALUE!,#VALUE!,#VALUE!,#VALUE!
WTS Porterfield (IRE),2006-2019,2006,2019,13,136,-,-,-,-,-,-,-,-,-,-,#VALUE!,#VALUE!,#VALUE!,#VALUE!
N Pothas (SA),2000-2000,2000,2000,0,3,-,-,-,-,-,-,-,-,-,-,#VALUE!,#VALUE!,#VALUE!,#VALUE!
KOA Powell (WI),2009-2018,2009,2018,9,46,-,-,-,-,-,-,-,-,-,-,#VALUE!,#VALUE!,#VALUE!,#VALUE!
AD Poynter (IRE),2008-2014,2008,2014,6,19,-,-,-,-,-,-,-,-,-,-,#VALUE!,#VALUE!,#VALUE!,#VALUE!
SW Poynter (IRE),2014-2019,2014,2019,5,21,-,-,-,-,-,-,-,-,-,-,#VALUE!,#VALUE!,#VALUE!,#VALUE!
MSK Prasad (INDIA),1998-1999,1998,1999,1,17,-,-,-,-,-,-,-,-,-,-,#VALUE!,#VALUE!,#VALUE!,#VALUE!
MJ Prior (ENG),2004-2011,2004,2011,7,68,-,-,-,-,-,-,-,-,-,-,#VALUE!,#VALUE!,#VALUE!,#VALUE!
CA Pujara (INDIA),2013-2014,2013,2014,1,5,-,-,-,-,-,-,-,-,-,-,#VALUE!,#VALUE!,#VALUE!,#VALUE!
AG Puttick (SA),2005-2005,2005,2005,0,1,-,-,-,-,-,-,-,-,-,-,#VALUE!,#VALUE!,#VALUE!,#VALUE!
AJ Pycroft (ZIM),1983-1992,1983,1992,9,20,-,-,-,-,-,-,-,-,-,-,#VALUE!,#VALUE!,#VALUE!,#VALUE!
MR Pydanna (WI),1980-1983,1980,1983,3,3,-,-,-,-,-,-,-,-,-,-,#VALUE!,#VALUE!,#VALUE!,#VALUE!
Qasim Umar (PAK),1983-1987,1983,1987,4,31,-,-,-,-,-,-,-,-,-,-,#VALUE!,#VALUE!,#VALUE!,#VALUE!
CT Radley (ENG),1978-1978,1978,1978,0,4,-,-,-,-,-,-,-,-,-,-,#VALUE!,#VALUE!,#VALUE!,#VALUE!
Rafiqul Alam (BDESH),1986-1986,1986,1986,0,2,-,-,-,-,-,-,-,-,-,-,#VALUE!,#VALUE!,#VALUE!,#VALUE!
Rafiqul Islam (BDESH),2002-2002,2002,2002,0,1,-,-,-,-,-,-,-,-,-,-,#VALUE!,#VALUE!,#VALUE!,#VALUE!
AM Rahane (INDIA),2011-2018,2011,2018,7,90,-,-,-,-,-,-,-,-,-,-,#VALUE!,#VALUE!,#VALUE!,#VALUE!
KL Rahul (INDIA),2016-2019,2016,2019,3,26,-,-,-,-,-,-,-,-,-,-,#VALUE!,#VALUE!,#VALUE!,#VALUE!
RR Ramdass (WI),2005-2005,2005,2005,0,1,-,-,-,-,-,-,-,-,-,-,#VALUE!,#VALUE!,#VALUE!,#VALUE!
D Ramdin (WI),2005-2016,2005,2016,11,139,-,-,-,-,-,-,-,-,-,-,#VALUE!,#VALUE!,#VALUE!,#VALUE!
DR Ramsammy (CAN),2012-2012,2012,2012,0,1,-,-,-,-,-,-,-,-,-,-,#VALUE!,#VALUE!,#VALUE!,#VALUE!
Ramveer Rai (UAE),2004-2004,2004,2004,0,1,-,-,-,-,-,-,-,-,-,-,#VALUE!,#VALUE!,#VALUE!,#VALUE!
D Ranatunga (SL),1990-1990,1990,1990,0,4,-,-,-,-,-,-,-,-,-,-,#VALUE!,#VALUE!,#VALUE!,#VALUE!
S Ranatunga (SL),1994-1996,1994,1996,2,13,-,-,-,-,-,-,-,-,-,-,#VALUE!,#VALUE!,#VALUE!,#VALUE!
Raqibul Hasan (BDESH),2008-2011,2008,2011,3,55,-,-,-,-,-,-,-,-,-,-,#VALUE!,#VALUE!,#VALUE!,#VALUE!
Rashid Latif (PAK),1992-2003,1992,2003,11,166,-,-,-,-,-,-,-,-,-,-,#VALUE!,#VALUE!,#VALUE!,#VALUE!
V Rathour (INDIA),1996-1997,1996,1997,1,7,-,-,-,-,-,-,-,-,-,-,#VALUE!,#VALUE!,#VALUE!,#VALUE!
A Ratra (INDIA),2002-2002,2002,2002,0,12,-,-,-,-,-,-,-,-,-,-,#VALUE!,#VALUE!,#VALUE!,#VALUE!
CMW Read (ENG),2000-2006,2000,2006,6,36,-,-,-,-,-,-,-,-,-,-,#VALUE!,#VALUE!,#VALUE!,#VALUE!
B Reddy (INDIA),1978-1981,1978,1981,3,3,-,-,-,-,-,-,-,-,-,-,#VALUE!,#VALUE!,#VALUE!,#VALUE!
AJ Redmond (NZ),2009-2010,2009,2010,1,6,-,-,-,-,-,-,-,-,-,-,#VALUE!,#VALUE!,#VALUE!,#VALUE!
RE Redmond (NZ),1973-1973,1973,1973,0,2,-,-,-,-,-,-,-,-,-,-,#VALUE!,#VALUE!,#VALUE!,#VALUE!
IR Redpath (AUS),1971-1975,1971,1975,4,5,-,-,-,-,-,-,-,-,-,-,#VALUE!,#VALUE!,#VALUE!,#VALUE!
JF Reid (NZ),1980-1986,1980,1986,6,25,-,-,-,-,-,-,-,-,-,-,#VALUE!,#VALUE!,#VALUE!,#VALUE!
FL Reifer (WI),1997-2009,1997,2009,12,8,-,-,-,-,-,-,-,-,-,-,#VALUE!,#VALUE!,#VALUE!,#VALUE!
SJ Rhodes (ENG),1989-1995,1989,1995,6,9,-,-,-,-,-,-,-,-,-,-,#VALUE!,#VALUE!,#VALUE!,#VALUE!
ACL Richards (WI),2007-2007,2007,2007,0,1,-,-,-,-,-,-,-,-,-,-,#VALUE!,#VALUE!,#VALUE!,#VALUE!
CJ Richards (ENG),1981-1988,1981,1988,7,22,-,-,-,-,-,-,-,-,-,-,#VALUE!,#VALUE!,#VALUE!,#VALUE!
DM Richards (WI),2009-2010,2009,2010,1,8,-,-,-,-,-,-,-,-,-,-,#VALUE!,#VALUE!,#VALUE!,#VALUE!
DJ Richardson (SA),1991-1998,1991,1998,7,122,-,-,-,-,-,-,-,-,-,-,#VALUE!,#VALUE!,#VALUE!,#VALUE!
MH Richardson (NZ),2002-2002,2002,2002,0,4,-,-,-,-,-,-,-,-,-,-,#VALUE!,#VALUE!,#VALUE!,#VALUE!
GM Ritchie (AUS),1982-1987,1982,1987,5,44,-,-,-,-,-,-,-,-,-,-,#VALUE!,#VALUE!,#VALUE!,#VALUE!
SJ Rixon (AUS),1978-1985,1978,1985,7,6,-,-,-,-,-,-,-,-,-,-,#VALUE!,#VALUE!,#VALUE!,#VALUE!
Rizwan-uz-Zaman (PAK),1981-1987,1981,1987,6,3,-,-,-,-,-,-,-,-,-,-,#VALUE!,#VALUE!,#VALUE!,#VALUE!
RD Robinson (AUS),1977-1977,1977,1977,0,2,-,-,-,-,-,-,-,-,-,-,#VALUE!,#VALUE!,#VALUE!,#VALUE!
RT Robinson (ENG),1984-1988,1984,1988,4,26,-,-,-,-,-,-,-,-,-,-,#VALUE!,#VALUE!,#VALUE!,#VALUE!
L Ronchi (AUS/NZ),2008-2017,2008,2017,9,85,-,-,-,-,-,-,-,-,-,-,#VALUE!,#VALUE!,#VALUE!,#VALUE!
GRJ Roope (ENG),1973-1978,1973,1978,5,8,-,-,-,-,-,-,-,-,-,-,#VALUE!,#VALUE!,#VALUE!,#VALUE!
BC Rose (ENG),1977-1977,1977,1977,0,2,-,-,-,-,-,-,-,-,-,-,#VALUE!,#VALUE!,#VALUE!,#VALUE!
LG Rowe (WI),1975-1980,1975,1980,5,11,-,-,-,-,-,-,-,-,-,-,#VALUE!,#VALUE!,#VALUE!,#VALUE!
JJ Roy (ENG),2015-2019,2015,2019,4,84,-,-,-,-,-,-,-,-,-,-,#VALUE!,#VALUE!,#VALUE!,#VALUE!
MW Rushmere (SA),1992-1992,1992,1992,0,4,-,-,-,-,-,-,-,-,-,-,#VALUE!,#VALUE!,#VALUE!,#VALUE!
RC Russell (ENG),1987-1998,1987,1998,11,40,-,-,-,-,-,-,-,-,-,-,#VALUE!,#VALUE!,#VALUE!,#VALUE!
HD Rutherford (NZ),2013-2013,2013,2013,0,4,-,-,-,-,-,-,-,-,-,-,#VALUE!,#VALUE!,#VALUE!,#VALUE!
Saad Ali (PAK),2019-2019,2019,2019,0,2,-,-,-,-,-,-,-,-,-,-,#VALUE!,#VALUE!,#VALUE!,#VALUE!
Saeed Azad (PAK),1995-1996,1995,1996,1,4,-,-,-,-,-,-,-,-,-,-,#VALUE!,#VALUE!,#VALUE!,#VALUE!
Sagar Pun (NEPAL),2018-2018,2018,2018,0,1,-,-,-,-,-,-,-,-,-,-,#VALUE!,#VALUE!,#VALUE!,#VALUE!
AK Sah (NEPAL),2018-2018,2018,2018,0,2,-,-,-,-,-,-,-,-,-,-,#VALUE!,#VALUE!,#VALUE!,#VALUE!
WP Saha (INDIA),2010-2014,2010,2014,4,9,-,-,-,-,-,-,-,-,-,-,#VALUE!,#VALUE!,#VALUE!,#VALUE!
Sajid Ali (PAK),1984-1997,1984,1997,13,13,-,-,-,-,-,-,-,-,-,-,#VALUE!,#VALUE!,#VALUE!,#VALUE!
Sajjad Ahmed (BDESH),1995-1995,1995,1995,0,2,-,-,-,-,-,-,-,-,-,-,#VALUE!,#VALUE!,#VALUE!,#VALUE!
Saleem Pervez (PAK),1980-1980,1980,1980,0,1,-,-,-,-,-,-,-,-,-,-,#VALUE!,#VALUE!,#VALUE!,#VALUE!
Saleem Yousuf (PAK),1982-1990,1982,1990,8,86,-,-,-,-,-,-,-,-,-,-,#VALUE!,#VALUE!,#VALUE!,#VALUE!
Salman Faris (UAE),2014-2014,2014,2014,0,3,-,-,-,-,-,-,-,-,-,-,#VALUE!,#VALUE!,#VALUE!,#VALUE!
G Salmond (SCOT),1999-1999,1999,1999,0,5,-,-,-,-,-,-,-,-,-,-,#VALUE!,#VALUE!,#VALUE!,#VALUE!
DP Samaraweera (SL),1993-1994,1993,1994,1,5,-,-,-,-,-,-,-,-,-,-,#VALUE!,#VALUE!,#VALUE!,#VALUE!
S Samarawickrama (SL),2017-2019,2017,2019,2,7,-,-,-,-,-,-,-,-,-,-,#VALUE!,#VALUE!,#VALUE!,#VALUE!
Sami Aslam (PAK),2015-2016,2015,2016,1,4,-,-,-,-,-,-,-,-,-,-,#VALUE!,#VALUE!,#VALUE!,#VALUE!
RG Samuels (WI),1996-1997,1996,1997,1,8,-,-,-,-,-,-,-,-,-,-,#VALUE!,#VALUE!,#VALUE!,#VALUE!
Sandeep Goud (OMAN),2019-2019,2019,2019,0,5,-,-,-,-,-,-,-,-,-,-,#VALUE!,#VALUE!,#VALUE!,#VALUE!
KC Sangakkara (Asia/ICC/SL),2000-2015,2000,2015,15,404,-,-,-,-,-,-,-,-,-,-,#VALUE!,#VALUE!,#VALUE!,#VALUE!
Saqlain Haider (UAE),2014-2016,2014,2016,2,5,-,-,-,-,-,-,-,-,-,-,#VALUE!,#VALUE!,#VALUE!,#VALUE!
P Sarraf (NEPAL),2019-2019,2019,2019,0,2,-,-,-,-,-,-,-,-,-,-,#VALUE!,#VALUE!,#VALUE!,#VALUE!
AF Sattaur (CAN),2003-2003,2003,2003,0,3,-,-,-,-,-,-,-,-,-,-,#VALUE!,#VALUE!,#VALUE!,#VALUE!
MMC Schewe (NL),1996-1996,1996,1996,0,5,-,-,-,-,-,-,-,-,-,-,#VALUE!,#VALUE!,#VALUE!,#VALUE!
RH Scholte (NL),2002-2003,2002,2003,1,5,-,-,-,-,-,-,-,-,-,-,#VALUE!,#VALUE!,#VALUE!,#VALUE!
S Seeraj (CAN),2006-2006,2006,2006,0,1,-,-,-,-,-,-,-,-,-,-,#VALUE!,#VALUE!,#VALUE!,#VALUE!
TL Seifert (NZ),2019-2019,2019,2019,0,3,-,-,-,-,-,-,-,-,-,-,#VALUE!,#VALUE!,#VALUE!,#VALUE!
CP Senanayake (SL),1990-1991,1990,1991,1,7,-,-,-,-,-,-,-,-,-,-,#VALUE!,#VALUE!,#VALUE!,#VALUE!
CS Serjeant (AUS),1977-1978,1977,1978,1,3,-,-,-,-,-,-,-,-,-,-,#VALUE!,#VALUE!,#VALUE!,#VALUE!
Shabir Noori (AFG),2010-2016,2010,2016,6,10,-,-,-,-,-,-,-,-,-,-,#VALUE!,#VALUE!,#VALUE!,#VALUE!
Shadab Kabir (PAK),1996-1996,1996,1996,0,3,-,-,-,-,-,-,-,-,-,-,#VALUE!,#VALUE!,#VALUE!,#VALUE!
Shafiqullah (AFG),2009-2018,2009,2018,9,24,-,-,-,-,-,-,-,-,-,-,#VALUE!,#VALUE!,#VALUE!,#VALUE!
Shafiq Ahmed (PAK),1977-1978,1977,1978,1,3,-,-,-,-,-,-,-,-,-,-,#VALUE!,#VALUE!,#VALUE!,#VALUE!
Shaheedur Rahman (BDESH),1986-1986,1986,1986,0,2,-,-,-,-,-,-,-,-,-,-,#VALUE!,#VALUE!,#VALUE!,#VALUE!
Shahid Anwar (PAK),1996-1996,1996,1996,0,1,-,-,-,-,-,-,-,-,-,-,#VALUE!,#VALUE!,#VALUE!,#VALUE!
Shahid Wasif (HKG),2016-2018,2016,2018,2,10,-,-,-,-,-,-,-,-,-,-,#VALUE!,#VALUE!,#VALUE!,#VALUE!
Shahriar Hossain (BDESH),1997-2004,1997,2004,7,20,-,-,-,-,-,-,-,-,-,-,#VALUE!,#VALUE!,#VALUE!,#VALUE!
Shahriar Nafees (BDESH),2005-2011,2005,2011,6,75,-,-,-,-,-,-,-,-,-,-,#VALUE!,#VALUE!,#VALUE!,#VALUE!
Shahzad Khan (CAN),2007-2007,2007,2007,0,1,-,-,-,-,-,-,-,-,-,-,#VALUE!,#VALUE!,#VALUE!,#VALUE!
Shahzaib Hasan (PAK),2010-2010,2010,2010,0,3,-,-,-,-,-,-,-,-,-,-,#VALUE!,#VALUE!,#VALUE!,#VALUE!
Shakeel Ahmed jnr (PAK),1995-1995,1995,1995,0,2,-,-,-,-,-,-,-,-,-,-,#VALUE!,#VALUE!,#VALUE!,#VALUE!
JNK Shannon (IRE),2013-2013,2013,2013,0,1,-,-,-,-,-,-,-,-,-,-,#VALUE!,#VALUE!,#VALUE!,#VALUE!
Shan Masood (PAK),2019-2019,2019,2019,0,5,-,-,-,-,-,-,-,-,-,-,#VALUE!,#VALUE!,#VALUE!,#VALUE!
Sharjeel Khan (PAK),2013-2017,2013,2017,4,25,-,-,-,-,-,-,-,-,-,-,#VALUE!,#VALUE!,#VALUE!,#VALUE!
PH Sharma (INDIA),1976-1976,1976,1976,0,2,-,-,-,-,-,-,-,-,-,-,#VALUE!,#VALUE!,#VALUE!,#VALUE!
R Sharma (HKG),2004-2004,2004,2004,0,2,-,-,-,-,-,-,-,-,-,-,#VALUE!,#VALUE!,#VALUE!,#VALUE!
AP Sheahan (AUS),1972-1972,1972,1972,0,3,-,-,-,-,-,-,-,-,-,-,#VALUE!,#VALUE!,#VALUE!,#VALUE!
MQ Sheikh (SCOT),2008-2010,2008,2010,2,7,-,-,-,-,-,-,-,-,-,-,#VALUE!,#VALUE!,#VALUE!,#VALUE!
V Shetty (UAE),2008-2014,2008,2014,6,2,-,-,-,-,-,-,-,-,-,-,#VALUE!,#VALUE!,#VALUE!,#VALUE!
IT Shillingford (WI),1978-1978,1978,1978,0,2,-,-,-,-,-,-,-,-,-,-,#VALUE!,#VALUE!,#VALUE!,#VALUE!
Shubman Gill (INDIA),2019-2019,2019,2019,0,2,-,-,-,-,-,-,-,-,-,-,#VALUE!,#VALUE!,#VALUE!,#VALUE!
JD Siddons (AUS),1988-1988,1988,1988,0,1,-,-,-,-,-,-,-,-,-,-,#VALUE!,#VALUE!,#VALUE!,#VALUE!
SAR Silva (SL),1984-1985,1984,1985,1,20,-,-,-,-,-,-,-,-,-,-,#VALUE!,#VALUE!,#VALUE!,#VALUE!
Simandeep Singh (HKG),2018-2018,2018,2018,0,1,-,-,-,-,-,-,-,-,-,-,#VALUE!,#VALUE!,#VALUE!,#VALUE!
MS Sinclair (NZ),2000-2009,2000,2009,9,54,-,-,-,-,-,-,-,-,-,-,#VALUE!,#VALUE!,#VALUE!,#VALUE!
WN Slack (ENG),1986-1986,1986,1986,0,2,-,-,-,-,-,-,-,-,-,-,#VALUE!,#VALUE!,#VALUE!,#VALUE!
TT Smart (HKG),2004-2004,2004,2004,0,2,-,-,-,-,-,-,-,-,-,-,#VALUE!,#VALUE!,#VALUE!,#VALUE!
CJ Smith (BMUDA),2006-2007,2006,2007,1,12,-,-,-,-,-,-,-,-,-,-,#VALUE!,#VALUE!,#VALUE!,#VALUE!
CJO Smith (SCOT),2006-2009,2006,2009,3,27,-,-,-,-,-,-,-,-,-,-,#VALUE!,#VALUE!,#VALUE!,#VALUE!
DM Smith (ENG),1986-1990,1986,1990,4,2,-,-,-,-,-,-,-,-,-,-,#VALUE!,#VALUE!,#VALUE!,#VALUE!
IDS Smith (NZ),1980-1992,1980,1992,12,98,-,-,-,-,-,-,-,-,-,-,#VALUE!,#VALUE!,#VALUE!,#VALUE!
MJ Smith (ENG),1973-1974,1973,1974,1,5,-,-,-,-,-,-,-,-,-,-,#VALUE!,#VALUE!,#VALUE!,#VALUE!
MJ Smith (SCOT),1999-1999,1999,1999,0,5,-,-,-,-,-,-,-,-,-,-,#VALUE!,#VALUE!,#VALUE!,#VALUE!
RA Smith (ENG),1988-1996,1988,1996,8,71,-,-,-,-,-,-,-,-,-,-,#VALUE!,#VALUE!,#VALUE!,#VALUE!
J Smits (NL),2003-2009,2003,2009,6,38,-,-,-,-,-,-,-,-,-,-,#VALUE!,#VALUE!,#VALUE!,#VALUE!
S Somasunder (INDIA),1996-1996,1996,1996,0,2,-,-,-,-,-,-,-,-,-,-,#VALUE!,#VALUE!,#VALUE!,#VALUE!
L Sreekumar (UAE),2015-2016,2015,2016,1,4,-,-,-,-,-,-,-,-,-,-,#VALUE!,#VALUE!,#VALUE!,#VALUE!
TE Srinivasan (INDIA),1980-1981,1980,1981,1,2,-,-,-,-,-,-,-,-,-,-,#VALUE!,#VALUE!,#VALUE!,#VALUE!
NA Statham (NL),2003-2009,2003,2009,6,3,-,-,-,-,-,-,-,-,-,-,#VALUE!,#VALUE!,#VALUE!,#VALUE!
AJ Stewart (ENG),1989-2003,1989,2003,14,170,-,-,-,-,-,-,-,-,-,-,#VALUE!,#VALUE!,#VALUE!,#VALUE!
ELR Stewart (SA),1993-2002,1993,2002,9,6,-,-,-,-,-,-,-,-,-,-,#VALUE!,#VALUE!,#VALUE!,#VALUE!
SL Stewart (NZ),2010-2010,2010,2010,0,4,-,-,-,-,-,-,-,-,-,-,#VALUE!,#VALUE!,#VALUE!,#VALUE!
PJR Steyn (SA),1995-1995,1995,1995,0,1,-,-,-,-,-,-,-,-,-,-,#VALUE!,#VALUE!,#VALUE!,#VALUE!
LW Stokkers (NL),2008-2008,2008,2008,0,1,-,-,-,-,-,-,-,-,-,-,#VALUE!,#VALUE!,#VALUE!,#VALUE!
R Sudhakar Rao (INDIA),1976-1976,1976,1976,0,1,-,-,-,-,-,-,-,-,-,-,#VALUE!,#VALUE!,#VALUE!,#VALUE!
S Sumar (EAf),1975-1975,1975,1975,0,1,-,-,-,-,-,-,-,-,-,-,#VALUE!,#VALUE!,#VALUE!,#VALUE!
Suraj Kumar (OMAN),2019-2019,2019,2019,0,5,-,-,-,-,-,-,-,-,-,-,#VALUE!,#VALUE!,#VALUE!,#VALUE!
ZE Surkari (CAN),2008-2011,2008,2011,3,23,-,-,-,-,-,-,-,-,-,-,#VALUE!,#VALUE!,#VALUE!,#VALUE!
SJ Swanepoel (NAM),2003-2003,2003,2003,0,5,-,-,-,-,-,-,-,-,-,-,#VALUE!,#VALUE!,#VALUE!,#VALUE!
ES Szwarczynski (NL),2006-2014,2006,2014,8,41,-,-,-,-,-,-,-,-,-,-,#VALUE!,#VALUE!,#VALUE!,#VALUE!
Tabarak Dar (HKG),2004-2008,2004,2008,4,4,-,-,-,-,-,-,-,-,-,-,#VALUE!,#VALUE!,#VALUE!,#VALUE!
Tariq Javed (CAN),1979-1979,1979,1979,0,3,-,-,-,-,-,-,-,-,-,-,#VALUE!,#VALUE!,#VALUE!,#VALUE!
Taslim Arif (PAK),1980-1980,1980,1980,0,2,-,-,-,-,-,-,-,-,-,-,#VALUE!,#VALUE!,#VALUE!,#VALUE!
MA Taylor (AUS),1989-1997,1989,1997,8,113,-,-,-,-,-,-,-,-,-,-,#VALUE!,#VALUE!,#VALUE!,#VALUE!
RW Taylor (ENG),1973-1984,1973,1984,11,27,-,-,-,-,-,-,-,-,-,-,#VALUE!,#VALUE!,#VALUE!,#VALUE!
JWA Taylor (ENG),2011-2015,2011,2015,4,27,-,-,-,-,-,-,-,-,-,-,#VALUE!,#VALUE!,#VALUE!,#VALUE!
APB Tennekoon (SL),1975-1979,1975,1979,4,4,-,-,-,-,-,-,-,-,-,-,#VALUE!,#VALUE!,#VALUE!,#VALUE!
SP Terry (IRE),2016-2016,2016,2016,0,5,-,-,-,-,-,-,-,-,-,-,#VALUE!,#VALUE!,#VALUE!,#VALUE!
DJ ter Braak (NL),2018-2018,2018,2018,0,2,-,-,-,-,-,-,-,-,-,-,#VALUE!,#VALUE!,#VALUE!,#VALUE!
VAB Tewarie (NL),2011-2011,2011,2011,0,1,-,-,-,-,-,-,-,-,-,-,#VALUE!,#VALUE!,#VALUE!,#VALUE!
WU Tharanga (Asia/SL),2005-2019,2005,2019,14,235,-,-,-,-,-,-,-,-,-,-,#VALUE!,#VALUE!,#VALUE!,#VALUE!
MH Tissera (SL),1975-1975,1975,1975,0,3,-,-,-,-,-,-,-,-,-,-,#VALUE!,#VALUE!,#VALUE!,#VALUE!
SS Tiwary (INDIA),2010-2010,2010,2010,0,3,-,-,-,-,-,-,-,-,-,-,#VALUE!,#VALUE!,#VALUE!,#VALUE!
G Toka (PNG),2019-2019,2019,2019,0,7,-,-,-,-,-,-,-,-,-,-,#VALUE!,#VALUE!,#VALUE!,#VALUE!
RW Tolchard (ENG),1979-1979,1979,1979,0,1,-,-,-,-,-,-,-,-,-,-,#VALUE!,#VALUE!,#VALUE!,#VALUE!
PM Toohey (AUS),1978-1979,1978,1979,1,5,-,-,-,-,-,-,-,-,-,-,#VALUE!,#VALUE!,#VALUE!,#VALUE!
JO Troughton (ENG),2003-2003,2003,2003,0,6,-,-,-,-,-,-,-,-,-,-,#VALUE!,#VALUE!,#VALUE!,#VALUE!
KL Tucker (BMUDA),2006-2007,2006,2007,1,12,-,-,-,-,-,-,-,-,-,-,#VALUE!,#VALUE!,#VALUE!,#VALUE!
LJ Tucker (IRE),2019-2019,2019,2019,0,5,-,-,-,-,-,-,-,-,-,-,#VALUE!,#VALUE!,#VALUE!,#VALUE!
A Turner (AUS),1975-1975,1975,1975,0,6,-,-,-,-,-,-,-,-,-,-,#VALUE!,#VALUE!,#VALUE!,#VALUE!
AJ Turner (AUS),2019-2019,2019,2019,0,3,-,-,-,-,-,-,-,-,-,-,#VALUE!,#VALUE!,#VALUE!,#VALUE!
ML Udawatte (SL),2008-2008,2008,2008,0,9,-,-,-,-,-,-,-,-,-,-,#VALUE!,#VALUE!,#VALUE!,#VALUE!
Umar Akmal (PAK),2009-2019,2009,2019,10,121,-,-,-,-,-,-,-,-,-,-,#VALUE!,#VALUE!,#VALUE!,#VALUE!
Usman Limbada (CAN),2010-2014,2010,2014,4,11,-,-,-,-,-,-,-,-,-,-,#VALUE!,#VALUE!,#VALUE!,#VALUE!
Usman Salahuddin (PAK),2011-2011,2011,2011,0,2,-,-,-,-,-,-,-,-,-,-,#VALUE!,#VALUE!,#VALUE!,#VALUE!
AV Vadher (KENYA),1997-1999,1997,1999,2,18,-,-,-,-,-,-,-,-,-,-,#VALUE!,#VALUE!,#VALUE!,#VALUE!
RH Vance (NZ),1988-1989,1988,1989,1,8,-,-,-,-,-,-,-,-,-,-,#VALUE!,#VALUE!,#VALUE!,#VALUE!
HE van der Dussen (SA),2019-2019,2019,2019,0,18,-,-,-,-,-,-,-,-,-,-,#VALUE!,#VALUE!,#VALUE!,#VALUE!
MG Vandort (SL),2006-2006,2006,2006,0,1,-,-,-,-,-,-,-,-,-,-,#VALUE!,#VALUE!,#VALUE!,#VALUE!
VB van Jaarsveld (SA),2009-2009,2009,2009,0,2,-,-,-,-,-,-,-,-,-,-,#VALUE!,#VALUE!,#VALUE!,#VALUE!
MWA van Nierop (NL),2006-2006,2006,2006,0,2,-,-,-,-,-,-,-,-,-,-,#VALUE!,#VALUE!,#VALUE!,#VALUE!
KJJ van Noortwijk (NL),1996-2003,1996,2003,7,9,-,-,-,-,-,-,-,-,-,-,#VALUE!,#VALUE!,#VALUE!,#VALUE!
RF van Oosterom (NL),1996-2002,1996,2002,6,3,-,-,-,-,-,-,-,-,-,-,#VALUE!,#VALUE!,#VALUE!,#VALUE!
M van Schoor (NAM),2003-2003,2003,2003,0,5,-,-,-,-,-,-,-,-,-,-,#VALUE!,#VALUE!,#VALUE!,#VALUE!
MN van Wyk (SA),2003-2015,2003,2015,12,17,-,-,-,-,-,-,-,-,-,-,#VALUE!,#VALUE!,#VALUE!,#VALUE!
JNT Vare (PNG),2014-2018,2014,2018,4,9,-,-,-,-,-,-,-,-,-,-,#VALUE!,#VALUE!,#VALUE!,#VALUE!
MRJ Veletta (AUS),1987-1989,1987,1989,2,20,-,-,-,-,-,-,-,-,-,-,#VALUE!,#VALUE!,#VALUE!,#VALUE!
Y Venugopal Rao (INDIA),2005-2006,2005,2006,1,16,-,-,-,-,-,-,-,-,-,-,#VALUE!,#VALUE!,#VALUE!,#VALUE!
S Vesawkar (NEPAL),2018-2018,2018,2018,0,1,-,-,-,-,-,-,-,-,-,-,#VALUE!,#VALUE!,#VALUE!,#VALUE!
JM Vince (ENG),2015-2019,2015,2019,4,13,-,-,-,-,-,-,-,-,-,-,#VALUE!,#VALUE!,#VALUE!,#VALUE!
TP Visee (NL),2019-2019,2019,2019,0,2,-,-,-,-,-,-,-,-,-,-,#VALUE!,#VALUE!,#VALUE!,#VALUE!
GR Viswanath (INDIA),1974-1982,1974,1982,8,25,-,-,-,-,-,-,-,-,-,-,#VALUE!,#VALUE!,#VALUE!,#VALUE!
S Viswanath (INDIA),1985-1988,1985,1988,3,22,-,-,-,-,-,-,-,-,-,-,#VALUE!,#VALUE!,#VALUE!,#VALUE!
GE Vivian (NZ),1973-1973,1973,1973,0,1,-,-,-,-,-,-,-,-,-,-,#VALUE!,#VALUE!,#VALUE!,#VALUE!
DM Vonhagt (SL),1985-1985,1985,1985,0,1,-,-,-,-,-,-,-,-,-,-,#VALUE!,#VALUE!,#VALUE!,#VALUE!
MS Wade (AUS),2012-2017,2012,2017,5,94,-,-,-,-,-,-,-,-,-,-,#VALUE!,#VALUE!,#VALUE!,#VALUE!
AL Wadekar (INDIA),1974-1974,1974,1974,0,2,-,-,-,-,-,-,-,-,-,-,#VALUE!,#VALUE!,#VALUE!,#VALUE!
KJ Wadsworth (NZ),1973-1976,1973,1976,3,13,-,-,-,-,-,-,-,-,-,-,#VALUE!,#VALUE!,#VALUE!,#VALUE!
CD Wallace (SCOT),2012-2019,2012,2019,7,28,-,-,-,-,-,-,-,-,-,-,#VALUE!,#VALUE!,#VALUE!,#VALUE!
PA Wallace (WI),1991-2000,1991,2000,9,33,-,-,-,-,-,-,-,-,-,-,#VALUE!,#VALUE!,#VALUE!,#VALUE!
AC Waller (ZIM),1987-1997,1987,1997,10,39,-,-,-,-,-,-,-,-,-,-,#VALUE!,#VALUE!,#VALUE!,#VALUE!
R Walters (NAM),2003-2003,2003,2003,0,2,-,-,-,-,-,-,-,-,-,-,#VALUE!,#VALUE!,#VALUE!,#VALUE!
CAK Walton (WI),2009-2017,2009,2017,8,9,-,-,-,-,-,-,-,-,-,-,#VALUE!,#VALUE!,#VALUE!,#VALUE!
S Walusimbi (EAf),1975-1975,1975,1975,0,3,-,-,-,-,-,-,-,-,-,-,#VALUE!,#VALUE!,#VALUE!,#VALUE!
Waqas Khan (HKG),2015-2017,2015,2017,2,8,-,-,-,-,-,-,-,-,-,-,#VALUE!,#VALUE!,#VALUE!,#VALUE!
SM Warnapura (SL),2007-2008,2007,2008,1,3,-,-,-,-,-,-,-,-,-,-,#VALUE!,#VALUE!,#VALUE!,#VALUE!
Wasim Bari (PAK),1973-1984,1973,1984,11,51,-,-,-,-,-,-,-,-,-,-,#VALUE!,#VALUE!,#VALUE!,#VALUE!
BJ Watling (NZ),2010-2018,2010,2018,8,28,-,-,-,-,-,-,-,-,-,-,#VALUE!,#VALUE!,#VALUE!,#VALUE!
DF Watts (SCOT),2006-2011,2006,2011,5,36,-,-,-,-,-,-,-,-,-,-,#VALUE!,#VALUE!,#VALUE!,#VALUE!
PN Webb (NZ),1983-1984,1983,1984,1,5,-,-,-,-,-,-,-,-,-,-,#VALUE!,#VALUE!,#VALUE!,#VALUE!
DS Weerakkody (SL),2017-2017,2017,2017,0,3,-,-,-,-,-,-,-,-,-,-,#VALUE!,#VALUE!,#VALUE!,#VALUE!
DM Wellham (AUS),1981-1987,1981,1987,6,17,-,-,-,-,-,-,-,-,-,-,#VALUE!,#VALUE!,#VALUE!,#VALUE!
AP Wells (ENG),1995-1995,1995,1995,0,1,-,-,-,-,-,-,-,-,-,-,#VALUE!,#VALUE!,#VALUE!,#VALUE!
CM Wells (ENG),1985-1985,1985,1985,0,2,-,-,-,-,-,-,-,-,-,-,#VALUE!,#VALUE!,#VALUE!,#VALUE!
MD Wettimuny (SL),1983-1983,1983,1983,0,1,-,-,-,-,-,-,-,-,-,-,#VALUE!,#VALUE!,#VALUE!,#VALUE!
SRD Wettimuny (SL),1975-1979,1975,1979,4,3,-,-,-,-,-,-,-,-,-,-,#VALUE!,#VALUE!,#VALUE!,#VALUE!
K Whatham (CAN),2011-2011,2011,2011,0,1,-,-,-,-,-,-,-,-,-,-,#VALUE!,#VALUE!,#VALUE!,#VALUE!
DF Whatmore (AUS),1980-1980,1980,1980,0,1,-,-,-,-,-,-,-,-,-,-,#VALUE!,#VALUE!,#VALUE!,#VALUE!
JJ Whitaker (ENG),1987-1987,1987,1987,0,2,-,-,-,-,-,-,-,-,-,-,#VALUE!,#VALUE!,#VALUE!,#VALUE!
DJ White (NZ),1990-1990,1990,1990,0,3,-,-,-,-,-,-,-,-,-,-,#VALUE!,#VALUE!,#VALUE!,#VALUE!
RPAH Wickramaratne (SL),1993-1993,1993,1993,0,3,-,-,-,-,-,-,-,-,-,-,#VALUE!,#VALUE!,#VALUE!,#VALUE!
AGD Wickremasinghe (SL),1992-1993,1992,1993,1,4,-,-,-,-,-,-,-,-,-,-,#VALUE!,#VALUE!,#VALUE!,#VALUE!
D Williams (WI),1988-1997,1988,1997,9,36,-,-,-,-,-,-,-,-,-,-,#VALUE!,#VALUE!,#VALUE!,#VALUE!
JG Williamson (SCOT),1999-1999,1999,1999,0,2,-,-,-,-,-,-,-,-,-,-,#VALUE!,#VALUE!,#VALUE!,#VALUE!
GC Wilson (IRE),2007-2019,2007,2019,12,105,-,-,-,-,-,-,-,-,-,-,#VALUE!,#VALUE!,#VALUE!,#VALUE!
GM Wood (AUS),1978-1989,1978,1989,11,83,-,-,-,-,-,-,-,-,-,-,#VALUE!,#VALUE!,#VALUE!,#VALUE!
AJ Woodcock (AUS),1974-1974,1974,1974,0,1,-,-,-,-,-,-,-,-,-,-,#VALUE!,#VALUE!,#VALUE!,#VALUE!
RD Woolley (AUS),1983-1983,1983,1983,0,4,-,-,-,-,-,-,-,-,-,-,#VALUE!,#VALUE!,#VALUE!,#VALUE!
KJ Wright (AUS),1979-1979,1979,1979,0,5,-,-,-,-,-,-,-,-,-,-,#VALUE!,#VALUE!,#VALUE!,#VALUE!
M Yachad (SA),1991-1991,1991,1991,0,1,-,-,-,-,-,-,-,-,-,-,#VALUE!,#VALUE!,#VALUE!,#VALUE!
V Yadav (INDIA),1992-1994,1992,1994,2,19,-,-,-,-,-,-,-,-,-,-,#VALUE!,#VALUE!,#VALUE!,#VALUE!
BA Young (NZ),1990-1999,1990,1999,9,74,-,-,-,-,-,-,-,-,-,-,#VALUE!,#VALUE!,#VALUE!,#VALUE!
Younis Ahmed (PAK),1987-1987,1987,1987,0,2,-,-,-,-,-,-,-,-,-,-,#VALUE!,#VALUE!,#VALUE!,#VALUE!
Yunus Badat (EAf),1975-1975,1975,1975,0,2,-,-,-,-,-,-,-,-,-,-,#VALUE!,#VALUE!,#VALUE!,#VALUE!
Zahid Fazal (PAK),1990-1994,1990,1994,4,19,-,-,-,-,-,-,-,-,-,-,#VALUE!,#VALUE!,#VALUE!,#VALUE!
Zahid Razzak (BDESH),1988-1990,1988,1990,2,3,-,-,-,-,-,-,-,-,-,-,#VALUE!,#VALUE!,#VALUE!,#VALUE!
Zahoor Elahi (PAK),1996-1997,1996,1997,1,14,-,-,-,-,-,-,-,-,-,-,#VALUE!,#VALUE!,#VALUE!,#VALUE!
Zeeshan Siddiqi (CAN),2012-2014,2012,2014,2,2,-,-,-,-,-,-,-,-,-,-,#VALUE!,#VALUE!,#VALUE!,#VALUE!
TJ Zoehrer (AUS),1986-1994,1986,1994,8,22,-,-,-,-,-,-,-,-,-,-,#VALUE!,#VALUE!,#VALUE!,#VALUE!
K Zondo (SA),2018-2018,2018,2018,0,5,-,-,-,-,-,-,-,-,-,-,#VALUE!,#VALUE!,#VALUE!,#VALUE!
B Zuiderent (NL),1996-2011,1996,2011,15,57,-,-,-,-,-,-,-,-,-,-,#VALUE!,#VALUE!,#VALUE!,#VALUE!
Zulqarnain (PAK),1985-1989,1985,1989,4,16,-,-,-,-,-,-,-,-,-,-,#VALUE!,#VALUE!,#VALUE!,#VALUE!
Zulqarnain Haider (PAK),2010-2010,2010,2010,0,4,-,-,-,-,-,-,-,-,-,-,#VALUE!,#VALUE!,#VALUE!,#VALUE!
