Player,Span,Start_Year,End_Year,Career_Length,Mat,Inns,Dis,Ct,St,Ct Wk,Ct Fi,MD,D/I,Catches_Per_Match,Dismissals_Per_Match,Stumping_Rate
MS Dhoni (INDIA),2006-2019,2006,2019,13,98,97,91,57,34,57,0,5 (5ct 0st),0.938,0.58,0.93,0.35
AB de Villiers (SA),2006-2017,2006,2017,11,78,78,72,65,7,21,44,4 (4ct 0st),0.923,0.83,0.92,0.09
D Ramdin (WI),2006-2019,2006,2019,13,71,71,63,43,20,43,0,4 (4ct 0st),0.887,0.61,0.89,0.28
Kamran Akmal (PAK),2006-2017,2006,2017,11,58,58,60,28,32,28,0,4 (0ct 4st),1.034,0.48,1.03,0.55
Mushfiqur Rahim (BDESH),2006-2019,2006,2019,13,84,82,59,31,28,30,1,3 (1ct 2st),0.719,0.37,0.70,0.33
Mohammad Shahzad (AFG),2010-2018,2010,2018,8,65,65,54,26,28,26,0,5 (3ct 2st),0.83,0.40,0.83,0.43
DA Miller (SA/World),2010-2019,2010,2019,9,72,72,52,51,1,1,50,4 (4ct 0st),0.722,0.71,0.72,0.01
Umar Akmal (PAK),2009-2019,2009,2019,10,84,84,52,50,2,11,39,3 (3ct 0st),0.619,0.60,0.62,0.02
Shoaib Malik (ICC/PAK),2006-2019,2006,2019,13,111,111,50,50,0,0,50,3 (3ct 0st),0.45,0.45,0.45,0.00
Q de Kock (SA),2012-2019,2012,2019,7,38,38,46,36,10,36,0,4 (3ct 1st),1.21,0.95,1.21,0.26
MJ Guptill (NZ),2009-2019,2009,2019,10,83,82,46,46,0,0,46,3 (3ct 0st),0.56,0.55,0.55,0.00
GC Wilson (IRE),2008-2019,2008,2019,11,78,76,46,39,7,28,11,4 (3ct 1st),0.605,0.50,0.59,0.09
KC Sangakkara (SL),2006-2014,2006,2014,8,56,56,45,25,20,25,0,3 (2ct 1st),0.803,0.45,0.80,0.36
Sarfaraz Ahmed (PAK),2010-2019,2010,2019,9,58,58,45,35,10,35,0,3 (3ct 0st),0.775,0.60,0.78,0.17
BB McCullum (NZ),2005-2015,2005,2015,10,71,71,44,36,8,24,12,3 (3ct 0st),0.619,0.51,0.62,0.11
LRPL Taylor (NZ),2006-2019,2006,2019,13,95,95,44,44,0,0,44,3 (3ct 0st),0.463,0.46,0.46,0.00
DA Warner (AUS),2009-2019,2009,2019,10,76,76,43,43,0,0,43,3 (3ct 0st),0.565,0.57,0.57,0.00
SK Raina (INDIA),2006-2018,2006,2018,12,78,78,42,42,0,0,42,3 (3ct 0st),0.538,0.54,0.54,0.00
Mohammad Nabi (AFG),2010-2019,2010,2019,9,75,75,41,41,0,0,41,3 (3ct 0st),0.546,0.55,0.55,0.00
RG Sharma (INDIA),2007-2019,2007,2019,12,104,104,38,38,0,0,38,3 (3ct 0st),0.365,0.37,0.37,0.00
LD Chandimal (SL),2010-2018,2010,2018,8,54,54,37,32,5,15,17,4 (4ct 0st),0.685,0.59,0.69,0.09
V Kohli (INDIA),2010-2019,2010,2019,9,75,75,37,37,0,0,37,3 (3ct 0st),0.493,0.49,0.49,0.00
EJG Morgan (ENG),2009-2019,2009,2019,10,86,86,37,37,0,0,37,3 (3ct 0st),0.43,0.43,0.43,0.00
GH Dockrell (IRE),2010-2019,2010,2019,9,73,70,36,36,0,0,36,3 (3ct 0st),0.514,0.49,0.49,0.00
DJ Bravo (WI),2006-2016,2006,2016,10,66,66,35,35,0,0,35,3 (3ct 0st),0.53,0.53,0.53,0.00
JP Duminy (SA),2007-2019,2007,2019,12,81,81,35,35,0,0,35,2 (2ct 0st),0.432,0.43,0.43,0.00
KJ O'Brien (IRE),2008-2019,2008,2019,11,90,86,34,34,0,0,34,2 (2ct 0st),0.395,0.38,0.38,0.00
KA Pollard (WI),2008-2019,2008,2019,11,68,68,34,34,0,0,34,2 (2ct 0st),0.5,0.50,0.50,0.00
MH Cross (SCOT),2013-2019,2013,2019,6,43,41,33,22,11,22,0,3 (2ct 1st),0.804,0.51,0.77,0.26
TM Dilshan (SL),2006-2016,2006,2016,10,80,80,33,31,2,5,26,2 (2ct 0st),0.412,0.39,0.41,0.03
AD Hales (ENG),2011-2019,2011,2019,8,60,59,32,32,0,0,32,2 (2ct 0st),0.542,0.53,0.53,0.00
BN Cooper (NL),2013-2019,2013,2019,6,51,50,31,31,0,0,31,2 (2ct 0st),0.62,0.61,0.61,0.00
Mahmudullah (BDESH),2007-2019,2007,2019,12,83,81,31,31,0,0,31,2 (2ct 0st),0.382,0.37,0.37,0.00
DJG Sammy (WI/World),2007-2017,2007,2017,10,68,68,31,31,0,0,31,4 (4ct 0st),0.455,0.46,0.46,0.00
JM Bairstow (ENG),2011-2019,2011,2019,8,34,34,30,30,0,8,22,2 (2ct 0st),0.882,0.88,0.88,0.00
GJ Maxwell (AUS),2012-2019,2012,2019,7,61,60,30,30,0,0,30,2 (2ct 0st),0.5,0.49,0.49,0.00
NLTC Perera (ICC/SL/World),2010-2019,2010,2019,9,79,79,30,30,0,0,30,2 (2ct 0st),0.379,0.38,0.38,0.00
L Ronchi (AUS/ICC/NZ),2008-2018,2008,2018,10,33,33,30,24,6,24,0,3 (3ct 0st),0.909,0.73,0.91,0.18
Shahid Afridi (ICC/PAK),2006-2018,2006,2018,12,99,99,30,30,0,0,30,3 (3ct 0st),0.303,0.30,0.30,0.00
TG Southee (NZ),2008-2019,2008,2019,11,66,65,29,29,0,0,29,2 (2ct 0st),0.446,0.44,0.44,0.00
PW Borren (NL),2008-2017,2008,2017,9,43,41,28,28,0,0,28,4 (4ct 0st),0.682,0.65,0.65,0.00
SA Edwards (NL),2018-2019,2018,2019,1,29,28,28,24,4,24,0,3 (3ct 0st),1,0.83,0.97,0.14
PM Seelaar (NL),2008-2019,2008,2019,11,69,67,28,28,0,0,28,2 (2ct 0st),0.417,0.41,0.41,0.00
W Barresi (NL),2012-2019,2012,2019,7,42,40,27,26,1,26,0,4 (4ct 0st),0.675,0.62,0.64,0.02
JC Buttler (ENG),2011-2018,2011,2018,7,66,65,27,23,4,21,2,3 (3ct 0st),0.415,0.35,0.41,0.06
CS MacLeod (SCOT),2009-2019,2009,2019,10,49,49,27,27,0,0,27,4 (4ct 0st),0.551,0.55,0.55,0.00
Najibullah Zadran (AFG),2012-2019,2012,2019,7,57,57,27,27,0,0,27,2 (2ct 0st),0.473,0.47,0.47,0.00
NJ O'Brien (IRE),2008-2016,2008,2016,8,30,28,27,17,10,15,2,4 (3ct 1st),0.964,0.57,0.90,0.33
KS Williamson (NZ),2011-2019,2011,2019,8,57,56,27,27,0,0,27,3 (3ct 0st),0.482,0.47,0.47,0.00
NL McCullum (NZ),2007-2016,2007,2016,9,63,63,26,26,0,0,26,3 (3ct 0st),0.412,0.41,0.41,0.00
H Masakadza (ZIM),2006-2019,2006,2019,13,66,66,25,25,0,0,25,3 (3ct 0st),0.378,0.38,0.38,0.00
Mohammad Hafeez (PAK),2006-2018,2006,2018,12,89,89,25,25,0,0,25,2 (2ct 0st),0.28,0.28,0.28,0.00
Sabbir Rahman (BDESH),2014-2019,2014,2019,5,44,43,25,25,0,0,25,3 (3ct 0st),0.581,0.57,0.57,0.00
AJ Finch (AUS),2011-2019,2011,2019,8,58,57,24,24,0,0,24,3 (3ct 0st),0.421,0.41,0.41,0.00
DJ Hussey (AUS),2008-2012,2008,2012,4,39,39,24,24,0,0,24,2 (2ct 0st),0.615,0.62,0.62,0.00
BJ Haddin (AUS),2006-2014,2006,2014,8,34,34,23,17,6,17,0,3 (3ct 0st),0.676,0.50,0.68,0.18
CJ Jordan (ENG),2014-2019,2014,2019,5,43,43,23,23,0,0,23,3 (3ct 0st),0.534,0.53,0.53,0.00
AD Mathews (SL),2009-2018,2009,2018,9,72,72,23,23,0,0,23,2 (2ct 0st),0.319,0.32,0.32,0.00
HH Pandya (INDIA),2016-2019,2016,2019,3,40,40,23,23,0,0,23,2 (2ct 0st),0.575,0.58,0.58,0.00
Soumya Sarkar (BDESH),2015-2019,2015,2019,4,46,45,23,23,0,0,23,2 (2ct 0st),0.511,0.50,0.50,0.00
SR Thompson (IRE),2014-2019,2014,2019,5,41,39,23,23,0,0,23,3 (3ct 0st),0.589,0.56,0.56,0.00
CL White (AUS),2007-2014,2007,2014,7,47,47,23,23,0,0,23,2 (2ct 0st),0.489,0.49,0.49,0.00
AT Carey (AUS),2018-2019,2018,2019,1,25,24,22,13,9,13,0,3 (1ct 2st),0.916,0.52,0.88,0.36
ADS Fletcher (WI),2008-2018,2008,2018,10,42,42,22,21,1,10,11,3 (2ct 1st),0.523,0.50,0.52,0.02
WTS Porterfield (IRE),2008-2018,2008,2018,10,61,59,22,22,0,0,22,2 (2ct 0st),0.372,0.36,0.36,0.00
PR Stirling (IRE),2009-2019,2009,2019,10,72,71,22,22,0,0,22,3 (3ct 0st),0.309,0.31,0.31,0.00
SCJ Broad (ENG),2006-2014,2006,2014,8,56,56,21,21,0,0,21,3 (3ct 0st),0.375,0.38,0.38,0.00
F du Plessis (SA/World),2012-2019,2012,2019,7,44,44,21,21,0,0,21,2 (2ct 0st),0.477,0.48,0.48,0.00
SPD Smith (AUS),2010-2019,2010,2019,9,36,36,21,21,0,0,21,3 (3ct 0st),0.583,0.58,0.58,0.00
Asghar Afghan (AFG),2010-2019,2010,2019,9,66,66,20,20,0,0,20,2 (2ct 0st),0.303,0.30,0.30,0.00
MEK Hussey (AUS),2005-2012,2005,2012,7,38,38,20,20,0,0,20,3 (3ct 0st),0.526,0.53,0.53,0.00
RA Jadeja (INDIA),2009-2019,2009,2019,10,46,46,20,20,0,0,20,2 (2ct 0st),0.434,0.43,0.43,0.00
C Kieswetter (ENG),2010-2012,2010,2012,2,25,25,20,17,3,17,0,3 (2ct 1st),0.8,0.68,0.80,0.12
SL Malinga (SL),2006-2019,2006,2019,13,79,79,20,20,0,0,20,2 (2ct 0st),0.253,0.25,0.25,0.00
CO Obuya (KENYA),2007-2019,2007,2019,12,35,35,20,20,0,0,20,2 (2ct 0st),0.571,0.57,0.57,0.00
L Siaka (PNG),2015-2019,2015,2019,4,26,26,20,20,0,0,20,4 (4ct 0st),0.769,0.77,0.77,0.00
LMP Simmons (WI),2007-2019,2007,2019,12,49,49,20,20,0,1,19,3 (3ct 0st),0.408,0.41,0.41,0.00
SR Watson (AUS),2006-2016,2006,2016,10,58,58,20,20,0,0,20,2 (2ct 0st),0.344,0.34,0.34,0.00
HM Amla (SA/World),2009-2018,2009,2018,9,44,44,19,19,0,0,19,2 (2ct 0st),0.431,0.43,0.43,0.00
CJ Anderson (NZ),2012-2018,2012,2018,6,31,31,19,19,0,0,19,4 (4ct 0st),0.612,0.61,0.61,0.00
MV Boucher (SA),2005-2010,2005,2010,5,25,25,19,18,1,18,0,3 (3ct 0st),0.76,0.72,0.76,0.04
CR Brathwaite (WI),2011-2019,2011,2019,8,41,41,19,19,0,0,19,2 (2ct 0st),0.463,0.46,0.46,0.00
E Chigumbura (ZIM),2006-2019,2006,2019,13,54,54,19,19,0,0,19,2 (2ct 0st),0.351,0.35,0.35,0.00
KJ Coetzer (SCOT),2008-2019,2008,2019,11,58,56,19,19,0,0,19,2 (2ct 0st),0.339,0.33,0.33,0.00
KD Karthik (ICC/INDIA),2006-2019,2006,2019,13,32,31,19,14,5,6,8,3 (3ct 0st),0.612,0.44,0.59,0.16
R Mutumbami (ZIM),2015-2019,2015,2019,4,22,22,19,15,4,11,4,4 (4ct 0st),0.863,0.68,0.86,0.18
RR Patel (KENYA),2008-2019,2008,2019,11,30,30,19,19,0,0,19,3 (3ct 0st),0.633,0.63,0.63,0.00
Shakib Al Hasan (BDESH),2006-2019,2006,2019,13,76,75,19,19,0,0,19,2 (2ct 0st),0.253,0.25,0.25,0.00
BRM Taylor (ZIM),2006-2019,2006,2019,13,38,38,19,17,2,15,2,3 (3ct 0st),0.5,0.45,0.50,0.05
RE van der Merwe (NL/SA),2009-2019,2009,2019,10,43,42,19,19,0,0,19,2 (2ct 0st),0.452,0.44,0.44,0.00
C de Grandhomme (NZ),2012-2019,2012,2019,7,33,33,18,18,0,0,18,4 (4ct 0st),0.545,0.55,0.55,0.00
S Dhawan (INDIA),2011-2019,2011,2019,8,58,58,18,18,0,0,18,2 (2ct 0st),0.31,0.31,0.31,0.00
Gulbadin Naib (AFG),2012-2019,2012,2019,7,45,45,18,18,0,0,18,2 (2ct 0st),0.4,0.40,0.40,0.00
MA Leask (SCOT),2013-2019,2013,2019,6,31,29,18,18,0,0,18,3 (3ct 0st),0.62,0.58,0.58,0.00
C Munro (NZ),2012-2019,2012,2019,7,60,59,18,18,0,0,18,2 (2ct 0st),0.305,0.30,0.30,0.00
JE Root (ENG),2012-2019,2012,2019,7,32,32,18,18,0,0,18,2 (2ct 0st),0.562,0.56,0.56,0.00
Samiullah Shinwari (AFG),2010-2019,2010,2019,9,62,62,18,18,0,0,18,1 (1ct 0st),0.29,0.29,0.29,0.00
GC Smith (SA),2005-2011,2005,2011,6,33,33,18,18,0,0,18,2 (2ct 0st),0.545,0.55,0.55,0.00
Tamim Iqbal (BDESH/ICC/World),2007-2018,2007,2018,11,75,73,18,18,0,0,18,2 (2ct 0st),0.246,0.24,0.24,0.00
Umar Gul (PAK),2007-2016,2007,2016,9,60,60,18,18,0,0,18,2 (2ct 0st),0.3,0.30,0.30,0.00
J Botha (SA),2006-2012,2006,2012,6,40,40,17,17,0,0,17,2 (2ct 0st),0.425,0.43,0.43,0.00
AC Gilchrist (AUS),2005-2008,2005,2008,3,13,13,17,17,0,17,0,4 (4ct 0st),1.307,1.31,1.31,0.00
DPMD Jayawardene (SL),2006-2014,2006,2014,8,55,55,17,17,0,0,17,2 (2ct 0st),0.309,0.31,0.31,0.00
CK Kapugedera (SL),2006-2017,2006,2017,11,43,43,17,17,0,0,17,3 (3ct 0st),0.395,0.40,0.40,0.00
KMDN Kulasekara (SL),2008-2017,2008,2017,9,58,58,17,17,0,0,17,2 (2ct 0st),0.293,0.29,0.29,0.00
JA Morkel (SA),2005-2015,2005,2015,10,50,50,17,17,0,0,17,2 (2ct 0st),0.34,0.34,0.34,0.00
MDKJ Perera (SL),2013-2019,2013,2019,6,42,42,17,13,4,7,6,3 (2ct 1st),0.404,0.31,0.40,0.10
Sikandar Raza (ZIM),2013-2019,2013,2019,6,32,32,17,17,0,0,17,2 (2ct 0st),0.531,0.53,0.53,0.00
BDH Stevens (JER),2019-2019,2019,2019,0,17,17,17,17,0,0,17,3 (3ct 0st),1,1.00,1.00,0.00
Sultan Ahmed (OMAN),2015-2017,2015,2017,2,17,16,17,14,3,14,0,3 (3ct 0st),1.062,0.82,1.00,0.18
Babar Hayat (HKG),2014-2017,2014,2017,3,24,24,16,16,0,0,16,4 (4ct 0st),0.666,0.67,0.67,0.00
SW Billings (ENG/ICC),2015-2019,2015,2019,4,26,26,16,15,1,4,11,3 (2ct 1st),0.615,0.58,0.62,0.04
K Doriga (PNG),2019-2019,2019,2019,0,17,17,16,15,1,15,0,5 (5ct 0st),0.941,0.88,0.94,0.06
Hamza Tariq (CAN),2013-2019,2013,2019,6,15,15,16,12,4,12,0,3 (3ct 0st),1.066,0.80,1.07,0.27
JW Jenner (JER),2019-2019,2019,2019,0,17,17,16,16,0,0,16,4 (4ct 0st),0.941,0.94,0.94,0.00
P Khadka (NEPAL),2014-2019,2014,2019,5,30,30,16,16,0,0,16,3 (3ct 0st),0.533,0.53,0.53,0.00
Nawroz Mangal (AFG),2010-2017,2010,2017,7,32,32,16,16,0,0,16,3 (3ct 0st),0.5,0.50,0.50,0.00
AM Rahane (INDIA),2011-2016,2011,2016,5,20,20,16,16,0,0,16,4 (4ct 0st),0.8,0.80,0.80,0.00
WB Rankin (ENG/IRE),2009-2019,2009,2019,10,48,47,16,16,0,0,16,2 (2ct 0st),0.34,0.33,0.33,0.00
Rashid Khan (AFG/ICC),2015-2019,2015,2019,4,45,45,16,16,0,0,16,2 (2ct 0st),0.355,0.36,0.36,0.00
Shafiqullah (AFG),2010-2019,2010,2019,9,46,46,16,14,2,1,13,3 (3ct 0st),0.347,0.30,0.35,0.04
Ahmed Shehzad (PAK),2009-2019,2009,2019,10,59,59,15,15,0,0,15,2 (2ct 0st),0.254,0.25,0.25,0.00
Babar Azam (PAK),2016-2019,2016,2019,3,36,36,15,15,0,0,15,2 (2ct 0st),0.416,0.42,0.42,0.00
B Bhandari (NEPAL),2014-2019,2014,2019,5,27,27,15,10,5,7,3,3 (3ct 0st),0.555,0.37,0.56,0.19
PD Collingwood (ENG/World),2005-2017,2005,2017,12,36,36,15,15,0,0,15,2 (2ct 0st),0.416,0.42,0.42,0.00
CH Gayle (WI),2006-2019,2006,2019,13,58,58,15,15,0,0,15,1 (1ct 0st),0.258,0.26,0.26,0.00
Ghulam Shabber (UAE),2016-2019,2016,2019,3,17,17,15,14,1,14,0,2 (2ct 0st),0.882,0.82,0.88,0.06
ZE Green (NAM),2019-2019,2019,2019,0,16,16,15,10,5,10,0,4 (3ct 1st),0.937,0.63,0.94,0.31
Nasir Hossain (BDESH),2011-2016,2011,2016,5,31,30,15,15,0,0,15,2 (2ct 0st),0.5,0.48,0.48,0.00
SW Poynter (IRE),2015-2019,2015,2019,4,25,23,15,13,2,8,5,2 (2ct 0st),0.652,0.52,0.60,0.08
MS Wade (AUS),2011-2016,2011,2016,5,26,26,15,13,2,13,0,3 (2ct 1st),0.576,0.50,0.58,0.08
CAK Walton (WI),2014-2018,2014,2018,4,19,19,15,13,2,10,3,3 (3ct 0st),0.789,0.68,0.79,0.11
SC Williams (ZIM),2006-2019,2006,2019,13,38,38,15,15,0,0,15,2 (2ct 0st),0.394,0.39,0.39,0.00
JJ Atkinson (HKG),2014-2016,2014,2016,2,13,13,14,14,0,14,0,3 (3ct 0st),1.076,1.08,1.08,0.00
A Balbirnie (IRE),2015-2019,2015,2019,4,37,35,14,14,0,0,14,2 (2ct 0st),0.4,0.38,0.38,0.00
F Behardien (SA),2012-2018,2012,2018,6,38,38,14,14,0,0,14,2 (2ct 0st),0.368,0.37,0.37,0.00
Fakhar Zaman (PAK),2017-2019,2017,2019,2,34,34,14,14,0,0,14,2 (2ct 0st),0.411,0.41,0.41,0.00
Imad Wasim (PAK),2015-2019,2015,2019,4,41,41,14,14,0,0,14,2 (2ct 0st),0.341,0.34,0.34,0.00
IA Karim (KENYA),2013-2019,2013,2019,6,16,16,14,11,3,9,2,5 (2ct 3st),0.875,0.69,0.88,0.19
G Malla (NEPAL),2014-2019,2014,2019,5,24,24,14,14,0,0,14,3 (3ct 0st),0.583,0.58,0.58,0.00
Misbah-ul-Haq (PAK),2007-2012,2007,2012,5,39,39,14,14,0,0,14,2 (2ct 0st),0.358,0.36,0.36,0.00
MP O'Dowd (NL),2015-2019,2015,2019,4,36,35,14,14,0,0,14,2 (2ct 0st),0.4,0.39,0.39,0.00
KP Pietersen (ENG),2005-2013,2005,2013,8,37,36,14,14,0,0,14,3 (3ct 0st),0.388,0.38,0.38,0.00
MJ Santner (NZ),2015-2019,2015,2019,4,39,38,14,14,0,0,14,2 (2ct 0st),0.368,0.36,0.36,0.00
A Vala (PNG),2015-2019,2015,2019,4,26,26,14,14,0,0,14,3 (3ct 0st),0.538,0.54,0.54,0.00
J Vira (VAN),2019-2019,2019,2019,0,14,14,14,10,4,10,0,3 (3ct 0st),1,0.71,1.00,0.29
LJ Wright (ENG),2007-2014,2007,2014,7,51,50,14,14,0,0,14,2 (2ct 0st),0.28,0.27,0.27,0.00
AC Agar (AUS),2016-2019,2016,2019,3,21,21,13,13,0,0,13,2 (2ct 0st),0.619,0.62,0.62,0.00
Ahmed Raza (UAE),2014-2019,2014,2019,5,36,36,13,13,0,0,13,2 (2ct 0st),0.361,0.36,0.36,0.00
Ahsan Malik (NL),2012-2017,2012,2017,5,31,30,13,13,0,0,13,2 (2ct 0st),0.433,0.42,0.42,0.00
TC Bruce (NZ),2017-2019,2017,2019,2,15,14,13,13,0,1,12,3 (3ct 0st),0.928,0.87,0.87,0.00
MJ Clarke (AUS),2005-2010,2005,2010,5,34,34,13,13,0,0,13,2 (2ct 0st),0.382,0.38,0.38,0.00
NM Coulter-Nile (AUS),2013-2019,2013,2019,6,28,27,13,13,0,0,13,2 (2ct 0st),0.481,0.46,0.46,0.00
JEC Franklin (NZ),2006-2013,2006,2013,7,38,38,13,13,0,0,13,2 (2ct 0st),0.342,0.34,0.34,0.00
Liton Das (BDESH),2015-2019,2015,2019,4,25,25,13,13,0,0,13,2 (2ct 0st),0.52,0.52,0.52,0.00
JF Mooney (IRE),2009-2015,2009,2015,6,27,27,13,13,0,0,13,2 (2ct 0st),0.481,0.48,0.48,0.00
MA Ouma (KENYA),2007-2013,2007,2013,6,22,22,13,8,5,8,0,2 (2ct 0st),0.59,0.36,0.59,0.23
TD Paine (AUS/World),2009-2017,2009,2017,8,12,12,13,11,2,11,0,3 (3ct 0st),1.083,0.92,1.08,0.17
SP Patil (UAE),2014-2016,2014,2016,2,18,18,13,9,4,9,0,2 (2ct 0st),0.722,0.50,0.72,0.22
KL Rahul (INDIA),2016-2019,2016,2019,3,34,34,13,13,0,0,13,2 (2ct 0st),0.382,0.38,0.38,0.00
Aamir Kaleem (OMAN),2015-2019,2015,2019,4,25,24,12,12,0,0,12,2 (2ct 0st),0.5,0.48,0.48,0.00
TA Boult (NZ),2013-2019,2013,2019,6,27,27,12,12,0,0,12,3 (3ct 0st),0.444,0.44,0.44,0.00
J Charles (WI),2011-2016,2011,2016,5,34,34,12,10,2,0,10,2 (2ct 0st),0.352,0.29,0.35,0.06
JH Davey (SCOT),2012-2019,2012,2019,7,21,20,12,12,0,0,12,2 (2ct 0st),0.6,0.57,0.57,0.00
CR Ervine (ZIM),2010-2019,2010,2019,9,22,22,12,12,0,0,12,3 (3ct 0st),0.545,0.55,0.55,0.00
HG Munsey (SCOT),2015-2019,2015,2019,4,38,36,12,12,0,0,12,3 (3ct 0st),0.333,0.32,0.32,0.00
Nadeem Ahmed (HKG),2014-2017,2014,2017,3,24,24,12,12,0,0,12,2 (2ct 0st),0.5,0.50,0.50,0.00
JDP Oram (NZ),2005-2012,2005,2012,7,36,36,12,12,0,0,12,2 (2ct 0st),0.333,0.33,0.33,0.00
Saeed Ajmal (PAK),2009-2015,2009,2015,6,64,64,12,12,0,0,12,2 (2ct 0st),0.187,0.19,0.19,0.00
MN Samuels (WI),2007-2018,2007,2018,11,67,67,12,12,0,0,12,2 (2ct 0st),0.179,0.18,0.18,0.00
TL Seifert (NZ),2018-2019,2018,2019,1,19,19,12,8,4,8,0,2 (2ct 0st),0.631,0.42,0.63,0.21
V Sibanda (ZIM),2007-2016,2007,2016,9,26,26,12,12,0,0,12,3 (3ct 0st),0.461,0.46,0.46,0.00
Tamoor Sajjad (QAT),2019-2019,2019,2019,0,12,12,12,12,0,0,12,2 (2ct 0st),1,1.00,1.00,0.00
HA Varaiya (KENYA),2007-2013,2007,2013,6,25,25,12,12,0,0,12,2 (2ct 0st),0.48,0.48,0.48,0.00
DJ Willey (ENG),2015-2019,2015,2019,4,28,28,12,12,0,0,12,2 (2ct 0st),0.428,0.43,0.43,0.00
Younis Khan (PAK),2006-2010,2006,2010,4,25,25,12,12,0,0,12,2 (2ct 0st),0.48,0.48,0.48,0.00
Yuvraj Singh (INDIA),2007-2017,2007,2017,10,58,57,12,12,0,0,12,2 (2ct 0st),0.21,0.21,0.21,0.00
A Bagai (CAN),2008-2013,2008,2013,5,9,9,11,5,6,5,0,2 (1ct 1st),1.222,0.56,1.22,0.67
S Chandramohan (SGP),2019-2019,2019,2019,0,12,12,11,11,0,0,11,3 (3ct 0st),0.916,0.92,0.92,0.00
TH David (SGP),2019-2019,2019,2019,0,12,12,11,11,0,0,11,4 (4ct 0st),0.916,0.92,0.92,0.00
N Davin (NAM),2019-2019,2019,2019,0,16,16,11,11,0,0,11,3 (3ct 0st),0.687,0.69,0.69,0.00
JSE Dunford (JER),2019-2019,2019,2019,0,17,17,11,6,5,6,0,1 (1ct 0st),0.647,0.35,0.65,0.29
MG Erasmus (NAM),2019-2019,2019,2019,0,16,16,11,11,0,0,11,2 (2ct 0st),0.687,0.69,0.69,0.00
JP Faulkner (AUS),2012-2017,2012,2017,5,24,24,11,11,0,0,11,2 (2ct 0st),0.458,0.46,0.46,0.00
G Gambhir (INDIA),2007-2012,2007,2012,5,37,36,11,11,0,0,11,2 (2ct 0st),0.305,0.30,0.30,0.00
Imran Nazir (PAK),2007-2012,2007,2012,5,25,25,11,11,0,0,11,2 (2ct 0st),0.44,0.44,0.44,0.00
Jatinder Singh (OMAN),2015-2019,2015,2019,4,25,25,11,11,0,0,11,2 (2ct 0st),0.44,0.44,0.44,0.00
Khawar Ali (OMAN),2015-2019,2015,2019,4,29,28,11,11,0,0,11,2 (2ct 0st),0.392,0.38,0.38,0.00
Mohammed Rizlan (QAT),2019-2019,2019,2019,0,15,15,11,8,3,8,0,3 (2ct 1st),0.733,0.53,0.73,0.20
PL Mommsen (SCOT),2012-2016,2012,2016,4,24,22,11,11,0,0,11,2 (2ct 0st),0.5,0.46,0.46,0.00
GD Phillips (NZ),2017-2018,2017,2018,1,11,10,11,9,2,7,2,4 (3ct 1st),1.1,0.82,1.00,0.18
Rizwan Cheema (CAN),2008-2019,2008,2019,11,24,24,11,11,0,0,11,2 (2ct 0st),0.458,0.46,0.46,0.00
Rohan Mustafa (UAE),2014-2019,2014,2019,5,38,38,11,11,0,0,11,2 (2ct 0st),0.289,0.29,0.29,0.00
AD Russell (WI),2011-2018,2011,2018,7,47,47,11,11,0,0,11,2 (2ct 0st),0.234,0.23,0.23,0.00
Shadab Khan (PAK),2017-2019,2017,2019,2,38,38,11,11,0,0,11,1 (1ct 0st),0.289,0.29,0.29,0.00
Shaiman Anwar (UAE),2014-2019,2014,2019,5,32,32,11,11,0,0,11,2 (2ct 0st),0.343,0.34,0.34,0.00
DW Steyn (SA),2007-2019,2007,2019,12,44,44,11,11,0,0,11,1 (1ct 0st),0.25,0.25,0.25,0.00
T Taibu (ZIM),2007-2012,2007,2012,5,17,17,11,6,5,6,0,3 (0ct 3st),0.647,0.35,0.65,0.29
PA van Meekeren (NL),2013-2019,2013,2019,6,41,39,11,11,0,0,11,2 (2ct 0st),0.282,0.27,0.27,0.00
D Weston (GER),2019-2019,2019,2019,0,6,6,11,9,2,9,0,4 (3ct 1st),1.833,1.50,1.83,0.33
Abdur Razzak (BDESH),2006-2014,2006,2014,8,34,33,10,10,0,0,10,2 (2ct 0st),0.303,0.29,0.29,0.00
GJ Bailey (AUS/World),2012-2017,2012,2017,5,30,30,10,10,0,0,10,2 (2ct 0st),0.333,0.33,0.33,0.00
SJ Benn (WI),2008-2016,2008,2016,8,24,24,10,10,0,0,10,3 (3ct 0st),0.416,0.42,0.42,0.00
TT Bresnan (ENG),2006-2014,2006,2014,8,34,34,10,10,0,0,10,2 (2ct 0st),0.294,0.29,0.29,0.00
RP Burl (ZIM),2018-2019,2018,2019,1,16,16,10,10,0,0,10,2 (2ct 0st),0.625,0.63,0.63,0.00
SS Cottrell (WI),2014-2019,2014,2019,5,22,22,10,10,0,0,10,2 (2ct 0st),0.454,0.45,0.45,0.00
N Dickwella (SL),2016-2019,2016,2019,3,23,23,10,10,0,9,1,2 (2ct 0st),0.434,0.43,0.43,0.00
R Escobar (Arg),2019-2019,2019,2019,0,5,5,10,7,3,7,0,3 (3ct 0st),2,1.40,2.00,0.60
FJ Klaassen (NL),2018-2019,2018,2019,1,21,20,10,10,0,0,10,2 (2ct 0st),0.5,0.48,0.48,0.00
Mashrafe Mortaza (BDESH),2006-2017,2006,2017,11,54,53,10,10,0,0,10,3 (3ct 0st),0.188,0.19,0.19,0.00
Nizakat Khan (HKG),2014-2019,2014,2019,5,34,34,10,10,0,0,10,2 (2ct 0st),0.294,0.29,0.29,0.00
JL Ontong (SA),2008-2015,2008,2015,7,14,14,10,10,0,0,10,3 (3ct 0st),0.714,0.71,0.71,0.00
RJ Peterson (SA),2006-2014,2006,2014,8,21,21,10,10,0,0,10,2 (2ct 0st),0.476,0.48,0.48,0.00
AU Rashid (ENG),2009-2019,2009,2019,10,40,40,10,10,0,0,10,2 (2ct 0st),0.25,0.25,0.25,0.00
SM Sharif (SCOT),2012-2019,2012,2019,7,42,41,10,10,0,0,10,2 (2ct 0st),0.243,0.24,0.24,0.00
JJ Smit (NAM),2019-2019,2019,2019,0,12,12,10,10,0,0,10,3 (3ct 0st),0.833,0.83,0.83,0.00
LJ Tucker (IRE),2016-2019,2016,2019,3,14,14,10,10,0,2,8,2 (2ct 0st),0.714,0.71,0.71,0.00
Usman Ghani (AFG),2015-2019,2015,2019,4,19,19,10,10,0,0,10,2 (2ct 0st),0.526,0.53,0.53,0.00
Asif Ali (PAK),2018-2019,2018,2019,1,25,25,9,9,0,0,9,1 (1ct 0st),0.36,0.36,0.36,0.00
Mudassar Bukhari (NL),2008-2016,2008,2016,8,38,36,9,9,0,0,9,2 (2ct 0st),0.25,0.24,0.24,0.00
CJ Chibhabha (ZIM),2006-2018,2006,2018,12,33,33,9,9,0,0,9,2 (2ct 0st),0.272,0.27,0.27,0.00
MD Gunathilaka (SL),2016-2019,2016,2019,3,21,21,9,9,0,0,9,3 (3ct 0st),0.428,0.43,0.43,0.00
DT Johnston (IRE),2008-2013,2008,2013,5,30,28,9,9,0,0,9,3 (3ct 0st),0.321,0.30,0.30,0.00
Karan KC (NEPAL),2015-2019,2015,2019,4,25,25,9,9,0,0,9,2 (2ct 0st),0.36,0.36,0.36,0.00
E Lewis (WI),2016-2019,2016,2019,3,29,29,9,9,0,0,9,2 (2ct 0st),0.31,0.31,0.31,0.00
PD McGlashan (NZ),2006-2010,2006,2010,4,11,11,9,9,0,9,0,3 (3ct 0st),0.818,0.82,0.82,0.00
Manpreet Singh (ITA),2019-2019,2019,2019,0,8,7,9,6,3,6,0,4 (3ct 1st),1.285,0.75,1.13,0.38
Mohamed Azzam (Mald),2019-2019,2019,2019,0,7,7,9,8,1,8,0,3 (3ct 0st),1.285,1.14,1.29,0.14
J Mubarak (SL),2007-2009,2007,2009,2,16,16,9,9,0,0,9,2 (2ct 0st),0.562,0.56,0.56,0.00
Mustafizur Rahman (BDESH),2015-2019,2015,2019,4,37,37,9,9,0,0,9,3 (3ct 0st),0.243,0.24,0.24,0.00
SO Ngoche (KENYA),2010-2019,2010,2019,9,28,28,9,9,0,0,9,2 (2ct 0st),0.321,0.32,0.32,0.00
RR Pant (INDIA),2017-2019,2017,2019,2,26,26,9,6,3,4,2,2 (2ct 0st),0.346,0.23,0.35,0.12
YK Pathan (INDIA),2007-2012,2007,2012,5,22,22,9,9,0,0,9,2 (2ct 0st),0.409,0.41,0.41,0.00
R Powell (WI),2017-2019,2017,2019,2,23,23,9,9,0,0,9,2 (2ct 0st),0.391,0.39,0.39,0.00
MJ Prior (ENG),2007-2010,2007,2010,3,10,10,9,6,3,6,0,4 (4ct 0st),0.9,0.60,0.90,0.30
DMW Rawlins (BMUDA),2019-2019,2019,2019,0,11,11,9,9,0,0,9,3 (3ct 0st),0.818,0.82,0.82,0.00
JA Richardson (AUS),2017-2019,2017,2019,2,9,9,9,9,0,0,9,2 (2ct 0st),1,1.00,1.00,0.00
RR Rossouw (SA),2014-2016,2014,2016,2,15,15,9,9,0,0,9,3 (3ct 0st),0.6,0.60,0.60,0.00
CJO Smith (SCOT),2007-2009,2007,2009,2,8,7,9,5,4,5,0,2 (2ct 0st),1.285,0.63,1.13,0.50
IS Sodhi (NZ),2014-2019,2014,2019,5,40,39,9,9,0,0,9,1 (1ct 0st),0.23,0.23,0.23,0.00
MC Sorensen (IRE),2012-2016,2012,2016,4,26,24,9,9,0,0,9,2 (2ct 0st),0.375,0.35,0.35,0.00
BA Stokes (ENG),2011-2018,2011,2018,7,23,22,9,9,0,0,9,3 (3ct 0st),0.409,0.39,0.39,0.00
Sultan Ahmed (UAE),2017-2019,2017,2019,2,17,17,9,9,0,0,9,3 (3ct 0st),0.529,0.53,0.53,0.00
Suraj Kumar (OMAN),2019-2019,2019,2019,0,13,13,9,7,2,7,0,2 (2ct 0st),0.692,0.54,0.69,0.15
JE Taylor (WI),2006-2018,2006,2018,12,30,30,9,9,0,0,9,1 (1ct 0st),0.3,0.30,0.30,0.00
T van der Gugten (NL),2012-2019,2012,2019,7,39,38,9,9,0,0,9,2 (2ct 0st),0.236,0.23,0.23,0.00
DL Vettori (NZ),2007-2014,2007,2014,7,34,34,9,9,0,0,9,2 (2ct 0st),0.264,0.26,0.26,0.00
CD Wallace (SCOT),2012-2019,2012,2019,7,19,18,9,7,2,6,1,2 (2ct 0st),0.5,0.37,0.47,0.11
MN Waller (ZIM),2011-2018,2011,2018,7,32,32,9,9,0,0,9,1 (1ct 0st),0.281,0.28,0.28,0.00
D Wiese (SA),2013-2016,2013,2016,3,20,20,9,9,0,0,9,2 (2ct 0st),0.45,0.45,0.45,0.00
Zaheer Ibrahim (QAT),2019-2019,2019,2019,0,13,13,9,9,0,0,9,3 (3ct 0st),0.692,0.69,0.69,0.00
Aizaz Khan (HKG),2014-2019,2014,2019,5,30,30,8,8,0,0,8,2 (2ct 0st),0.266,0.27,0.27,0.00
R Ashwin (INDIA),2010-2017,2010,2017,7,46,46,8,8,0,0,8,1 (1ct 0st),0.173,0.17,0.17,0.00
S Bau (PNG),2016-2019,2016,2019,3,23,23,8,8,0,0,8,3 (3ct 0st),0.347,0.35,0.35,0.00
DG Blampied (JER),2019-2019,2019,2019,0,17,17,8,8,0,0,8,2 (2ct 0st),0.47,0.47,0.47,0.00
AC Botha (IRE),2008-2010,2008,2010,2,14,13,8,8,0,0,8,2 (2ct 0st),0.615,0.57,0.57,0.00
JW Dernbach (ENG),2011-2014,2011,2014,3,34,33,8,8,0,0,8,2 (2ct 0st),0.242,0.24,0.24,0.00
JN Frylinck (NAM),2019-2019,2019,2019,0,14,14,8,8,0,0,8,2 (2ct 0st),0.571,0.57,0.57,0.00
HH Gibbs (SA),2005-2010,2005,2010,5,23,23,8,8,0,0,8,3 (3ct 0st),0.347,0.35,0.35,0.00
RR Hendricks (SA),2014-2019,2014,2019,5,22,22,8,8,0,0,8,1 (1ct 0st),0.363,0.36,0.36,0.00
H Klaasen (SA),2018-2019,2018,2019,1,9,9,8,8,0,5,3,2 (2ct 0st),0.888,0.89,0.89,0.00
MJ Lumb (ENG),2010-2014,2010,2014,4,27,26,8,8,0,0,8,1 (1ct 0st),0.307,0.30,0.30,0.00
BR McDermott (AUS),2018-2019,2018,2019,1,12,11,8,8,0,0,8,3 (3ct 0st),0.727,0.67,0.67,0.00
Manpreet Singh (SGP),2019-2019,2019,2019,0,12,12,8,4,4,4,0,2 (1ct 1st),0.666,0.33,0.67,0.33
KD Mills (NZ),2005-2014,2005,2014,9,42,42,8,8,0,0,8,1 (1ct 0st),0.19,0.19,0.19,0.00
DJ Mitchell (NZ),2019-2019,2019,2019,0,9,9,8,8,0,0,8,2 (2ct 0st),0.888,0.89,0.89,0.00
Mohammad Nadeem (OMAN),2015-2019,2015,2019,4,22,22,8,8,0,0,8,3 (3ct 0st),0.363,0.36,0.36,0.00
M Mosehle (SA),2017-2017,2017,2017,0,7,7,8,6,2,6,0,3 (2ct 1st),1.142,0.86,1.14,0.29
Nouman Sarwar (QAT),2019-2019,2019,2019,0,14,14,8,8,0,0,8,2 (2ct 0st),0.571,0.57,0.57,0.00
RT Ponting (AUS),2005-2009,2005,2009,4,17,17,8,8,0,0,8,2 (2ct 0st),0.47,0.47,0.47,0.00
Rameez Shahzad (UAE),2016-2019,2016,2019,3,22,22,8,8,0,0,8,2 (2ct 0st),0.363,0.36,0.36,0.00
Ravinderpal Singh (CAN),2019-2019,2019,2019,0,12,12,8,8,0,0,8,2 (2ct 0st),0.666,0.67,0.67,0.00
KW Richardson (AUS),2014-2019,2014,2019,5,15,15,8,8,0,0,8,2 (2ct 0st),0.533,0.53,0.53,0.00
DJM Short (AUS),2018-2019,2018,2019,1,20,19,8,8,0,0,8,2 (2ct 0st),0.421,0.40,0.40,0.00
DR Smith (WI),2006-2015,2006,2015,9,33,33,8,8,0,0,8,1 (1ct 0st),0.242,0.24,0.24,0.00
Sompal Kami (NEPAL),2014-2019,2014,2019,5,28,28,8,8,0,0,8,2 (2ct 0st),0.285,0.29,0.29,0.00
MA Starc (AUS),2012-2019,2012,2019,7,28,28,8,8,0,0,8,2 (2ct 0st),0.285,0.29,0.29,0.00
SB Styris (NZ),2005-2010,2005,2010,5,31,31,8,8,0,0,8,2 (2ct 0st),0.258,0.26,0.26,0.00
RML Taylor (SCOT),2013-2016,2013,2016,3,9,9,8,8,0,0,8,2 (2ct 0st),0.888,0.89,0.89,0.00
HT Tector (IRE),2019-2019,2019,2019,0,14,14,8,8,0,0,8,2 (2ct 0st),0.571,0.57,0.57,0.00
HDRL Thirimanne (SL),2012-2016,2012,2016,4,26,26,8,8,0,0,8,1 (1ct 0st),0.307,0.31,0.31,0.00
AJ Tye (AUS),2016-2018,2016,2018,2,26,25,8,8,0,0,8,2 (2ct 0st),0.32,0.31,0.31,0.00
N Vanua (PNG),2015-2019,2015,2019,4,25,25,8,8,0,0,8,2 (2ct 0st),0.32,0.32,0.32,0.00
MH Yardy (ENG),2006-2011,2006,2011,5,14,14,8,8,0,0,8,2 (2ct 0st),0.571,0.57,0.57,0.00
KJ Abbott (SA),2013-2016,2013,2016,3,21,21,7,7,0,0,7,2 (2ct 0st),0.333,0.33,0.33,0.00
RG Aga (KENYA),2008-2013,2008,2013,5,20,20,7,7,0,0,7,2 (2ct 0st),0.35,0.35,0.35,0.00
MM Ali (ENG),2014-2018,2014,2018,4,25,25,7,7,0,0,7,2 (2ct 0st),0.28,0.28,0.28,0.00
Aqib Ilyas (OMAN),2015-2019,2015,2019,4,22,22,7,7,0,0,7,2 (2ct 0st),0.318,0.32,0.32,0.00
S Badree (WI/World),2012-2018,2012,2018,6,52,52,7,7,0,0,7,2 (2ct 0st),0.134,0.13,0.13,0.00
HS Baidwan (CAN),2008-2013,2008,2013,5,17,17,7,7,0,0,7,2 (2ct 0st),0.411,0.41,0.41,0.00
RD Berrington (SCOT),2008-2019,2008,2019,11,61,59,7,7,0,0,7,2 (2ct 0st),0.118,0.11,0.11,0.00
Bilal Khan (OMAN),2015-2019,2015,2019,4,32,31,7,7,0,0,7,2 (2ct 0st),0.225,0.22,0.22,0.00
RS Bopara (ENG),2008-2014,2008,2014,6,38,37,7,7,0,0,7,2 (2ct 0st),0.189,0.18,0.18,0.00
DAJ Bracewell (NZ),2011-2019,2011,2019,8,18,17,7,7,0,0,7,2 (2ct 0st),0.411,0.39,0.39,0.00
YS Chahal (INDIA),2016-2019,2016,2019,3,36,36,7,7,0,0,7,2 (2ct 0st),0.194,0.19,0.19,0.00
S Chanderpaul (WI),2006-2010,2006,2010,4,22,22,7,7,0,0,7,1 (1ct 0st),0.318,0.32,0.32,0.00
MS Chapman (HKG/NZ),2014-2018,2014,2018,4,24,24,7,7,0,0,7,2 (2ct 0st),0.291,0.29,0.29,0.00
PJ Cummins (AUS),2011-2019,2011,2019,8,25,25,7,7,0,0,7,1 (1ct 0st),0.28,0.28,0.28,0.00
AR Cusack (IRE),2008-2015,2008,2015,7,37,33,7,7,0,0,7,2 (2ct 0st),0.212,0.19,0.19,0.00
Dawlat Zadran (AFG),2012-2019,2012,2019,7,34,34,7,7,0,0,7,2 (2ct 0st),0.205,0.21,0.21,0.00
BR Dunk (AUS),2014-2017,2014,2017,3,5,5,7,5,2,4,1,3 (1ct 2st),1.4,1.00,1.40,0.40
AC Evans (SCOT),2015-2019,2015,2019,4,27,25,7,7,0,0,7,1 (1ct 0st),0.28,0.26,0.26,0.00
Faheem Ashraf (PAK),2017-2019,2017,2019,2,27,27,7,7,0,0,7,2 (2ct 0st),0.259,0.26,0.26,0.00
Fawad Alam (PAK),2007-2010,2007,2010,3,24,24,7,7,0,0,7,2 (2ct 0st),0.291,0.29,0.29,0.00
Harbhajan Singh (INDIA),2006-2016,2006,2016,10,28,27,7,7,0,0,7,2 (2ct 0st),0.259,0.25,0.25,0.00
Hasan Ali (PAK),2016-2019,2016,2019,3,30,30,7,7,0,0,7,1 (1ct 0st),0.233,0.23,0.23,0.00
AW Hawkins-Kay (JER),2019-2019,2019,2019,0,16,16,7,7,0,0,7,2 (2ct 0st),0.437,0.44,0.44,0.00
JO Holder (WI),2014-2019,2014,2019,5,17,17,7,7,0,0,7,2 (2ct 0st),0.411,0.41,0.41,0.00
Imran Tahir (SA/World),2013-2019,2013,2019,6,38,38,7,7,0,0,7,2 (2ct 0st),0.184,0.18,0.18,0.00
Iqbal Hussain (QAT),2019-2019,2019,2019,0,15,15,7,7,0,0,7,2 (2ct 0st),0.466,0.47,0.47,0.00
JH Kallis (SA),2005-2012,2005,2012,7,25,25,7,7,0,0,7,2 (2ct 0st),0.28,0.28,0.28,0.00
Kuldeep Yadav (INDIA),2017-2019,2017,2019,2,19,19,7,7,0,0,7,2 (2ct 0st),0.368,0.37,0.37,0.00
MJ McClenaghan (ICC/NZ),2012-2018,2012,2018,6,29,29,7,7,0,0,7,1 (1ct 0st),0.241,0.24,0.24,0.00
MW Machan (SCOT),2013-2016,2013,2016,3,13,13,7,7,0,0,7,1 (1ct 0st),0.538,0.54,0.54,0.00
AD Mascarenhas (ENG),2007-2009,2007,2009,2,14,14,7,7,0,0,7,2 (2ct 0st),0.5,0.50,0.50,0.00
Mehidy Hasan Miraz (BDESH),2017-2018,2017,2018,1,13,13,7,7,0,0,7,2 (2ct 0st),0.538,0.54,0.54,0.00
BMAJ Mendis (SL),2011-2018,2011,2018,7,22,22,7,7,0,0,7,2 (2ct 0st),0.318,0.32,0.32,0.00
AK Mohan (Fin),2019-2019,2019,2019,0,5,5,7,5,2,3,2,3 (2ct 1st),1.4,1.00,1.40,0.40
PJ Moor (ZIM),2016-2019,2016,2019,3,21,21,7,7,0,2,5,2 (2ct 0st),0.333,0.33,0.33,0.00
Mosaddek Hossain (BDESH),2016-2019,2016,2019,3,14,14,7,7,0,0,7,2 (2ct 0st),0.5,0.50,0.50,0.00
K Motlhanka (Botsw),2019-2019,2019,2019,0,7,7,7,3,4,3,0,4 (2ct 2st),1,0.43,1.00,0.57
SP Narine (WI),2012-2019,2012,2019,7,51,51,7,7,0,0,7,2 (2ct 0st),0.137,0.14,0.14,0.00
H Osinde (CAN),2008-2013,2008,2013,5,11,11,7,7,0,0,7,2 (2ct 0st),0.636,0.64,0.64,0.00
MK Pandey (INDIA),2015-2019,2015,2019,4,32,32,7,7,0,0,7,2 (2ct 0st),0.218,0.22,0.22,0.00
KH Pandya (INDIA),2018-2019,2018,2019,1,18,18,7,7,0,0,7,2 (2ct 0st),0.388,0.39,0.39,0.00
LE Plunkett (ENG),2006-2019,2006,2019,13,22,22,7,7,0,0,7,1 (1ct 0st),0.318,0.32,0.32,0.00
N Pooran (WI),2016-2019,2016,2019,3,16,16,7,7,0,3,4,2 (2ct 0st),0.437,0.44,0.44,0.00
JD Ryder (NZ),2008-2014,2008,2014,6,22,22,7,7,0,0,7,2 (2ct 0st),0.318,0.32,0.32,0.00
RR Sarwan (WI),2007-2010,2007,2010,3,18,18,7,7,0,0,7,1 (1ct 0st),0.388,0.39,0.39,0.00
MD Shanaka (SL),2015-2019,2015,2019,4,35,35,7,7,0,0,7,2 (2ct 0st),0.2,0.20,0.20,0.00
Simi Singh (IRE),2018-2019,2018,2019,1,18,18,7,7,0,0,7,2 (2ct 0st),0.388,0.39,0.39,0.00
Sohail Tanvir (PAK),2007-2017,2007,2017,10,57,57,7,7,0,0,7,1 (1ct 0st),0.122,0.12,0.12,0.00
MP Stoinis (AUS),2015-2019,2015,2019,4,19,18,7,7,0,0,7,1 (1ct 0st),0.388,0.37,0.37,0.00
MR Swart (NL),2012-2016,2012,2016,4,26,26,7,7,0,0,7,1 (1ct 0st),0.269,0.27,0.27,0.00
R Tari (VAN),2019-2019,2019,2019,0,14,14,7,7,0,0,7,2 (2ct 0st),0.5,0.50,0.50,0.00
TP Ura (PNG),2015-2019,2015,2019,4,23,23,7,7,0,0,7,2 (2ct 0st),0.304,0.30,0.30,0.00
Waqas Barkat (HKG),2014-2019,2014,2019,5,22,22,7,7,0,0,7,2 (2ct 0st),0.318,0.32,0.32,0.00
MRJ Watt (SCOT),2015-2019,2015,2019,4,35,33,7,7,0,0,7,1 (1ct 0st),0.212,0.20,0.20,0.00
KOK Williams (WI),2016-2019,2016,2019,3,24,24,7,7,0,0,7,1 (1ct 0st),0.291,0.29,0.29,0.00
Yasir Ali (ESP),2019-2019,2019,2019,0,9,9,7,7,0,0,7,2 (2ct 0st),0.777,0.78,0.78,0.00
CA Young (IRE),2015-2019,2015,2019,4,26,25,7,7,0,0,7,2 (2ct 0st),0.28,0.27,0.27,0.00
Abdur Rehman (PAK),2007-2013,2007,2013,6,8,8,6,6,0,0,6,2 (2ct 0st),0.75,0.75,0.75,0.00
DS Airee (NEPAL),2018-2019,2018,2019,1,18,18,6,6,0,0,6,1 (1ct 0st),0.333,0.33,0.33,0.00
PS Airee (NEPAL),2015-2019,2015,2019,4,11,11,6,5,1,3,2,2 (2ct 0st),0.545,0.45,0.55,0.09
Anshuman Rath (HKG),2015-2017,2015,2017,2,20,20,6,6,0,0,6,1 (1ct 0st),0.3,0.30,0.30,0.00
Awais Ahmed (ESP),2019-2019,2019,2019,0,9,9,6,5,1,5,0,1 (1ct 0st),0.666,0.56,0.67,0.11
NW Bracken (AUS),2006-2009,2006,2009,3,19,19,6,6,0,0,6,1 (1ct 0st),0.315,0.32,0.32,0.00
JJ Bumrah (INDIA),2016-2019,2016,2019,3,42,42,6,6,0,0,6,2 (2ct 0st),0.142,0.14,0.14,0.00
PVD Chameera (SL),2015-2018,2015,2018,3,19,19,6,6,0,0,6,2 (2ct 0st),0.315,0.32,0.32,0.00
TLW Cooper (NL),2012-2016,2012,2016,4,18,17,6,6,0,0,6,2 (2ct 0st),0.352,0.33,0.33,0.00
FA Cossa (Moz),2019-2019,2019,2019,0,6,5,6,6,0,0,6,3 (3ct 0st),1.2,1.00,1.00,0.00
AG Cremer (ZIM),2008-2018,2008,2018,10,29,29,6,6,0,0,6,1 (1ct 0st),0.206,0.21,0.21,0.00
ST Finn (ENG),2011-2015,2011,2015,4,21,21,6,6,0,0,6,1 (1ct 0st),0.285,0.29,0.29,0.00
JS Foster (ENG),2009-2009,2009,2009,0,5,5,6,3,3,3,0,2 (1ct 1st),1.2,0.60,1.20,0.60
SO Hetmyer (WI),2018-2019,2018,2019,1,20,20,6,6,0,0,6,2 (2ct 0st),0.3,0.30,0.30,0.00
SD Hope (WI),2017-2019,2017,2019,2,13,13,6,6,0,6,0,2 (2ct 0st),0.461,0.46,0.46,0.00
GJ Hopkins (NZ),2007-2010,2007,2010,3,10,10,6,4,2,2,2,2 (2ct 0st),0.6,0.40,0.60,0.20
Imran Ismail (Moz),2019-2019,2019,2019,0,7,6,6,6,0,5,1,2 (2ct 0st),1,0.86,0.86,0.00
Janak Prakash (SGP),2019-2019,2019,2019,0,12,12,6,6,0,0,6,3 (3ct 0st),0.5,0.50,0.50,0.00
Kamran Khan (QAT),2019-2019,2019,2019,0,14,14,6,6,0,0,6,2 (2ct 0st),0.428,0.43,0.43,0.00
Karim Sadiq (AFG),2010-2018,2010,2018,8,36,36,6,6,0,0,6,1 (1ct 0st),0.166,0.17,0.17,0.00
B Kumar (INDIA),2012-2019,2012,2019,7,43,43,6,6,0,0,6,1 (1ct 0st),0.139,0.14,0.14,0.00
ND Laegsgaard (DEN),2019-2019,2019,2019,0,9,7,6,6,0,0,6,3 (3ct 0st),0.857,0.67,0.67,0.00
TWM Latham (NZ),2012-2017,2012,2017,5,13,13,6,6,0,4,2,3 (3ct 0st),0.461,0.46,0.46,0.00
B Lee (AUS),2005-2012,2005,2012,7,25,25,6,6,0,0,6,3 (3ct 0st),0.24,0.24,0.24,0.00
AR McBrine (IRE),2014-2017,2014,2017,3,19,18,6,6,0,0,6,2 (2ct 0st),0.333,0.32,0.32,0.00
PK Matautaava (VAN),2019-2019,2019,2019,0,10,10,6,6,0,0,6,3 (3ct 0st),0.6,0.60,0.60,0.00
BAW Mendis (SL),2008-2014,2008,2014,6,39,39,6,6,0,0,6,1 (1ct 0st),0.153,0.15,0.15,0.00
BKG Mendis (SL),2016-2019,2016,2019,3,24,24,6,6,0,0,6,1 (1ct 0st),0.25,0.25,0.25,0.00
Mohammad Nawaz (3) (PAK),2016-2018,2016,2018,2,16,16,6,6,0,0,6,1 (1ct 0st),0.375,0.38,0.38,0.00
CH Morris (SA),2012-2019,2012,2019,7,23,23,6,6,0,0,6,2 (2ct 0st),0.26,0.26,0.26,0.00
Muhammad Usman (UAE),2016-2019,2016,2019,3,34,34,6,6,0,0,6,1 (1ct 0st),0.176,0.18,0.18,0.00
Nasir Jamshed (PAK),2012-2013,2012,2013,1,18,18,6,6,0,0,6,2 (2ct 0st),0.333,0.33,0.33,0.00
AR Nurse (WI),2011-2019,2011,2019,8,13,13,6,6,0,0,6,2 (2ct 0st),0.461,0.46,0.46,0.00
Nurul Hasan (BDESH),2016-2017,2016,2017,1,9,9,6,2,4,2,0,2 (0ct 2st),0.666,0.22,0.67,0.44
NN Odhiambo (KENYA),2007-2013,2007,2013,6,24,24,6,6,0,0,6,1 (1ct 0st),0.25,0.25,0.25,0.00
HH Patel (MWI),2019-2019,2019,2019,0,7,7,6,6,0,0,6,2 (2ct 0st),0.857,0.86,0.86,0.00
CW Perchard (JER),2019-2019,2019,2019,0,15,15,6,6,0,0,6,1 (1ct 0st),0.4,0.40,0.40,0.00
BBJL Perera (ITA),2019-2019,2019,2019,0,8,7,6,6,0,0,6,3 (3ct 0st),0.857,0.75,0.75,0.00
AL Phehlukwayo (SA),2017-2019,2017,2019,2,23,23,6,6,0,0,6,2 (2ct 0st),0.26,0.26,0.26,0.00
Rehman Abdul (ITA),2019-2019,2019,2019,0,7,6,6,6,0,0,6,2 (2ct 0st),1,0.86,0.86,0.00
S Samarawickrama (SL),2017-2019,2017,2019,2,7,7,6,4,2,3,1,2 (1ct 1st),0.857,0.57,0.86,0.29
Shafraz Jaleel (Mald),2019-2019,2019,2019,0,4,4,6,4,2,4,0,3 (3ct 0st),1.5,1.00,1.50,0.50
HAM Shah (DEN),2019-2019,2019,2019,0,9,7,6,6,0,0,6,3 (3ct 0st),0.857,0.67,0.67,0.00
TAM Siriwardana (SL),2015-2017,2015,2017,2,22,22,6,6,0,0,6,2 (2ct 0st),0.272,0.27,0.27,0.00
P Utseya (ZIM),2006-2015,2006,2015,9,35,35,6,6,0,0,6,1 (1ct 0st),0.171,0.17,0.17,0.00
MN van Wyk (SA),2007-2015,2007,2015,8,8,8,6,5,1,3,2,1 (1ct 0st),0.75,0.63,0.75,0.13
JNT Vare (PNG),2015-2017,2015,2017,2,8,8,6,4,2,4,0,3 (3ct 0st),0.75,0.50,0.75,0.25
S Vesawkar (NEPAL),2014-2019,2014,2019,5,17,17,6,6,0,0,6,1 (1ct 0st),0.352,0.35,0.35,0.00
Virandeep Singh (MAL),2019-2019,2019,2019,0,12,12,6,6,0,0,6,2 (2ct 0st),0.5,0.50,0.50,0.00
DF Watts (SCOT),2007-2012,2007,2012,5,11,10,6,6,0,0,6,3 (3ct 0st),0.6,0.55,0.55,0.00
Zeeshan Maqsood (OMAN),2015-2019,2015,2019,4,29,28,6,6,0,0,6,2 (2ct 0st),0.214,0.21,0.21,0.00
Aarif Sheikh (NEPAL),2018-2019,2018,2019,1,11,11,5,5,0,0,5,1 (1ct 0st),0.454,0.45,0.45,0.00
Adnan Ilyas (OMAN),2015-2016,2015,2016,1,12,11,5,5,0,0,5,3 (3ct 0st),0.454,0.42,0.42,0.00
KK Ahuja (Mex),2019-2019,2019,2019,0,8,8,5,2,3,1,1,2 (0ct 2st),0.625,0.25,0.63,0.38
CJA Amini (PNG),2015-2019,2015,2019,4,23,23,5,5,0,0,5,1 (1ct 0st),0.217,0.22,0.22,0.00
Anwar Ali (PAK),2008-2016,2008,2016,8,16,16,5,5,0,0,5,2 (2ct 0st),0.312,0.31,0.31,0.00
Ariful Haque (BDESH),2018-2018,2018,2018,0,9,9,5,5,0,0,5,1 (1ct 0st),0.555,0.56,0.56,0.00
SJ Baard (NAM),2019-2019,2019,2019,0,13,13,5,5,0,0,5,2 (2ct 0st),0.384,0.38,0.38,0.00
O Bascome (BMUDA),2019-2019,2019,2019,0,11,11,5,4,1,2,2,2 (2ct 0st),0.454,0.36,0.45,0.09
PKD Chase (IRE),2018-2019,2018,2019,1,12,12,5,5,0,0,5,2 (2ct 0st),0.416,0.42,0.42,0.00
DT Christian (AUS),2010-2017,2010,2017,7,16,16,5,5,0,0,5,2 (2ct 0st),0.312,0.31,0.31,0.00
BCJ Cutting (AUS/World),2013-2017,2013,2017,4,7,7,5,5,0,0,5,3 (3ct 0st),0.714,0.71,0.71,0.00
MD Dai (PNG),2015-2017,2015,2017,2,9,9,5,5,0,0,5,2 (2ct 0st),0.555,0.56,0.56,0.00
A Dananjaya (SL),2012-2019,2012,2019,7,22,22,5,5,0,0,5,1 (1ct 0st),0.227,0.23,0.23,0.00
GJ Delany (IRE),2019-2019,2019,2019,0,17,17,5,5,0,0,5,2 (2ct 0st),0.294,0.29,0.29,0.00
NS Dhaliwal (CAN),2019-2019,2019,2019,0,12,12,5,5,0,0,5,1 (1ct 0st),0.416,0.42,0.42,0.00
AC Douglas (BMUDA),2019-2019,2019,2019,0,10,10,5,5,0,0,5,3 (3ct 0st),0.5,0.50,0.50,0.00
FH Edwards (WI),2007-2012,2007,2012,5,20,20,5,5,0,0,5,1 (1ct 0st),0.25,0.25,0.25,0.00
Fahad Ali (),2019-2019,2019,2019,0,3,3,5,4,1,2,2,3 (2ct 1st),1.666,1.33,1.67,0.33
Faisal Javed (QAT),2019-2019,2019,2019,0,15,15,5,5,0,0,5,1 (1ct 0st),0.333,0.33,0.33,0.00
LB Ferbrache (GUE),2019-2019,2019,2019,0,9,9,5,5,0,0,5,1 (1ct 0st),0.555,0.56,0.56,0.00
A Flintoff (ENG),2005-2007,2005,2007,2,7,7,5,5,0,0,5,2 (2ct 0st),0.714,0.71,0.71,0.00
DM Gondaria (KENYA),2013-2019,2013,2019,6,11,11,5,5,0,0,5,1 (1ct 0st),0.454,0.45,0.45,0.00
NA Greenwood (JER),2019-2019,2019,2019,0,8,8,5,5,0,0,5,3 (3ct 0st),0.625,0.63,0.63,0.00
DAS Gunaratne (SL),2016-2017,2016,2017,1,12,12,5,5,0,0,5,2 (2ct 0st),0.416,0.42,0.42,0.00
S Hallett (Peru),2019-2019,2019,2019,0,4,4,5,4,1,4,0,3 (3ct 0st),1.25,1.00,1.25,0.25
Hilal Ahmad (CZK-R),2019-2019,2019,2019,0,7,7,5,5,0,5,0,3 (3ct 0st),0.714,0.71,0.71,0.00
BJ Hodge (AUS),2007-2014,2007,2014,7,15,15,5,5,0,0,5,1 (1ct 0st),0.333,0.33,0.33,0.00
Ibrahim Hassan (Mald),2019-2019,2019,2019,0,11,11,5,5,0,0,5,2 (2ct 0st),0.454,0.45,0.45,0.00
Jagjit Singh (Peru),2019-2019,2019,2019,0,4,4,5,5,0,0,5,3 (3ct 0st),1.25,1.25,1.25,0.00
KM Jarvis (ZIM),2011-2019,2011,2019,8,22,22,5,5,0,0,5,1 (1ct 0st),0.227,0.23,0.23,0.00
MG Johnson (AUS),2007-2013,2007,2013,6,30,30,5,5,0,0,5,1 (1ct 0st),0.166,0.17,0.17,0.00
EC Joyce (ENG/IRE),2006-2014,2006,2014,8,18,17,5,5,0,0,5,2 (2ct 0st),0.294,0.28,0.28,0.00
Junaid Sheikh (NOR),2019-2019,2019,2019,0,5,5,5,5,0,0,5,2 (2ct 0st),1,1.00,1.00,0.00
D Kansonkho (MWI),2019-2019,2019,2019,0,7,7,5,5,0,0,5,2 (2ct 0st),0.714,0.71,0.71,0.00
Karim Janat (AFG),2016-2019,2016,2019,3,21,21,5,5,0,0,5,2 (2ct 0st),0.238,0.24,0.24,0.00
SP Khakurel (NEPAL),2014-2015,2014,2015,1,8,8,5,2,3,2,0,2 (0ct 2st),0.625,0.25,0.63,0.38
UT Khawaja (AUS),2016-2016,2016,2016,0,9,9,5,5,0,0,5,1 (1ct 0st),0.555,0.56,0.56,0.00
JP Kotze (NAM),2019-2019,2019,2019,0,12,12,5,5,0,0,5,2 (2ct 0st),0.416,0.42,0.42,0.00
HG Kuhn (SA),2009-2017,2009,2017,8,7,7,5,5,0,4,1,3 (3ct 0st),0.714,0.71,0.71,0.00
NR Kumar (CAN),2012-2019,2012,2019,7,18,18,5,5,0,0,5,2 (2ct 0st),0.277,0.28,0.28,0.00
AV Lalcheta (OMAN),2015-2019,2015,2019,4,17,16,5,5,0,0,5,2 (2ct 0st),0.312,0.29,0.29,0.00
JS Malhotra (USA),2019-2019,2019,2019,0,6,6,5,2,3,2,0,2 (0ct 2st),0.833,0.33,0.83,0.50
A Mansale (VAN),2019-2019,2019,2019,0,14,14,5,5,0,0,5,2 (2ct 0st),0.357,0.36,0.36,0.00
T Maruma (ZIM),2008-2019,2008,2019,11,13,13,5,5,0,0,5,1 (1ct 0st),0.384,0.38,0.38,0.00
S Matsikenyeri (ZIM),2006-2012,2006,2012,6,10,10,5,5,0,0,5,2 (2ct 0st),0.5,0.50,0.50,0.00
SS McKechnie (HKG),2019-2019,2019,2019,0,10,10,5,4,1,4,0,2 (2ct 0st),0.5,0.40,0.50,0.10
EJB Miles (JER),2019-2019,2019,2019,0,14,14,5,5,0,0,5,2 (2ct 0st),0.357,0.36,0.36,0.00
AF Milne (NZ),2010-2018,2010,2018,8,21,21,5,5,0,0,5,1 (1ct 0st),0.238,0.24,0.24,0.00
Mirwais Ashraf (AFG),2010-2016,2010,2016,6,25,25,5,5,0,0,5,1 (1ct 0st),0.2,0.20,0.20,0.00
Mohammad Rizwan (PAK),2015-2019,2015,2019,4,16,16,5,3,2,3,0,2 (2ct 0st),0.312,0.19,0.31,0.13
Mohammed Nadeem (QAT),2019-2019,2019,2019,0,15,15,5,5,0,0,5,2 (2ct 0st),0.333,0.33,0.33,0.00
M Morkel (SA/World),2007-2017,2007,2017,10,44,44,5,5,0,0,5,1 (1ct 0st),0.113,0.11,0.11,0.00
CB Mpofu (ZIM),2008-2019,2008,2019,11,30,30,5,5,0,0,5,2 (2ct 0st),0.166,0.17,0.17,0.00
Muhammad Tanveer (QAT),2019-2019,2019,2019,0,15,15,5,5,0,0,5,2 (2ct 0st),0.333,0.33,0.33,0.00
S Muniandy (MAL),2019-2019,2019,2019,0,15,14,5,5,0,0,5,3 (3ct 0st),0.357,0.33,0.33,0.00
C Munoz-Mills (ESP),2019-2019,2019,2019,0,9,9,5,5,0,0,5,2 (2ct 0st),0.555,0.56,0.56,0.00
SJ Myburgh (NL),2012-2019,2012,2019,7,33,32,5,5,0,0,5,1 (1ct 0st),0.156,0.15,0.15,0.00
JDS Neesham (NZ),2012-2019,2012,2019,7,18,18,5,5,0,0,5,2 (2ct 0st),0.277,0.28,0.28,0.00
R Nehonde (Botsw),2019-2019,2019,2019,0,7,7,5,5,0,0,5,3 (3ct 0st),0.714,0.71,0.71,0.00
OE Newey (GUE),2019-2019,2019,2019,0,7,7,5,4,1,4,0,2 (2ct 0st),0.714,0.57,0.71,0.14
RJ Nicol (NZ),2010-2013,2010,2013,3,21,21,5,5,0,0,5,2 (2ct 0st),0.238,0.24,0.24,0.00
NM Odhiambo (KENYA),2010-2019,2010,2019,9,16,16,5,5,0,0,5,2 (2ct 0st),0.312,0.31,0.31,0.00
TM Odoyo (KENYA),2007-2013,2007,2013,6,11,11,5,5,0,0,5,2 (2ct 0st),0.454,0.45,0.45,0.00
CN Onwuzulike (NGA),2019-2019,2019,2019,0,9,9,5,5,0,0,5,3 (3ct 0st),0.555,0.56,0.56,0.00
R Panchal (ESP),2019-2019,2019,2019,0,9,9,5,5,0,0,5,2 (2ct 0st),0.555,0.56,0.56,0.00
WD Parnell (SA),2009-2017,2009,2017,8,40,40,5,5,0,0,5,1 (1ct 0st),0.125,0.13,0.13,0.00
AR Patel (INDIA),2015-2018,2015,2018,3,11,11,5,5,0,0,5,2 (2ct 0st),0.454,0.45,0.45,0.00
MD Patel (USA),2019-2019,2019,2019,0,8,8,5,3,2,1,2,2 (1ct 1st),0.625,0.38,0.63,0.25
NK Patel (USA),2019-2019,2019,2019,0,4,4,5,5,0,0,5,2 (2ct 0st),1.25,1.25,1.25,0.00
Rahmanullah Gurbaz (AFG),2019-2019,2019,2019,0,7,7,5,4,1,4,0,2 (1ct 1st),0.714,0.57,0.71,0.14
J Rasu (VAN),2019-2019,2019,2019,0,13,13,5,5,0,0,5,1 (1ct 0st),0.384,0.38,0.38,0.00
D Ravu (PNG),2019-2019,2019,2019,0,17,17,5,5,0,0,5,1 (1ct 0st),0.294,0.29,0.29,0.00
JJ Roy (ENG),2014-2018,2014,2018,4,32,32,5,5,0,0,5,1 (1ct 0st),0.156,0.16,0.16,0.00
Sami Sohail (MWI),2019-2019,2019,2019,0,7,7,5,5,0,0,5,2 (2ct 0st),0.714,0.71,0.71,0.00
Sandeep Goud (OMAN),2019-2019,2019,2019,0,12,12,5,5,0,0,5,2 (2ct 0st),0.416,0.42,0.42,0.00
E Schiferli (NL),2008-2010,2008,2010,2,7,6,5,5,0,0,5,1 (1ct 0st),0.833,0.71,0.71,0.00
Shafiq Sharif (MAL),2019-2019,2019,2019,0,10,9,5,2,3,2,0,2 (2ct 0st),0.555,0.20,0.50,0.30
KD Shah (HKG),2014-2019,2014,2019,5,26,26,5,5,0,0,5,2 (2ct 0st),0.192,0.19,0.19,0.00
OA Shah (ENG),2007-2009,2007,2009,2,17,17,5,5,0,0,5,2 (2ct 0st),0.294,0.29,0.29,0.00
Shapoor Zadran (AFG),2010-2018,2010,2018,8,34,34,5,5,0,0,5,1 (1ct 0st),0.147,0.15,0.15,0.00
Sharjeel Khan (PAK),2013-2016,2013,2016,3,15,15,5,5,0,0,5,2 (2ct 0st),0.333,0.33,0.33,0.00
RJ Sidebottom (ENG),2007-2010,2007,2010,3,18,18,5,5,0,0,5,2 (2ct 0st),0.277,0.28,0.28,0.00
LPC Silva (SL),2006-2011,2006,2011,5,16,16,5,5,0,0,5,1 (1ct 0st),0.312,0.31,0.31,0.00
TB Sole (SCOT),2019-2019,2019,2019,0,9,9,5,5,0,0,5,1 (1ct 0st),0.555,0.56,0.56,0.00
GP Swann (ENG),2008-2012,2008,2012,4,39,39,5,5,0,0,5,1 (1ct 0st),0.128,0.13,0.13,0.00
SR Taylor (USA),2019-2019,2019,2019,0,8,8,5,5,0,0,5,2 (2ct 0st),0.625,0.63,0.63,0.00
SO Tikolo (KENYA),2007-2013,2007,2013,6,15,15,5,5,0,0,5,2 (2ct 0st),0.333,0.33,0.33,0.00
AJ Turner (AUS),2017-2019,2017,2019,2,11,11,5,5,0,0,5,1 (1ct 0st),0.454,0.45,0.45,0.00
C Viljoen (NAM),2019-2019,2019,2019,0,12,12,5,5,0,0,5,1 (1ct 0st),0.416,0.42,0.42,0.00
JM Vince (ENG),2015-2019,2015,2019,4,12,12,5,5,0,0,5,2 (2ct 0st),0.416,0.42,0.42,0.00
Wahab Riaz (PAK),2008-2019,2008,2019,11,31,31,5,5,0,0,5,1 (1ct 0st),0.161,0.16,0.16,0.00
B Ward (JER),2019-2019,2019,2019,0,13,13,5,5,0,0,5,1 (1ct 0st),0.384,0.38,0.38,0.00
Washington Sundar (INDIA),2017-2019,2017,2019,2,18,18,5,5,0,0,5,1 (1ct 0st),0.277,0.28,0.28,0.00
Abdul-Shakoor Rahimzei (GER),2019-2019,2019,2019,0,7,7,4,4,0,0,4,2 (2ct 0st),0.571,0.57,0.57,0.00
CN Ackermann (NL),2019-2019,2019,2019,0,11,11,4,4,0,0,4,1 (1ct 0st),0.363,0.36,0.36,0.00
Adnan Idrees (KUW),2019-2019,2019,2019,0,6,6,4,4,0,0,4,1 (1ct 0st),0.666,0.67,0.67,0.00
Aftab Ahmed (BDESH),2006-2010,2006,2010,4,11,11,4,4,0,0,4,2 (2ct 0st),0.363,0.36,0.36,0.00
FA Allen (WI),2018-2019,2018,2019,1,11,11,4,4,0,0,4,2 (2ct 0st),0.363,0.36,0.36,0.00
Amjad Javed (UAE),2014-2017,2014,2017,3,22,22,4,4,0,0,4,1 (1ct 0st),0.181,0.18,0.18,0.00
SE Aquilina (MALTA),2019-2019,2019,2019,0,4,4,4,0,4,0,0,2 (0ct 2st),1,0.00,1.00,1.00
Asad Mohammad (GER),2019-2019,2019,2019,0,9,9,4,4,0,0,4,1 (1ct 0st),0.444,0.44,0.44,0.00
MA Baig (MWI),2019-2019,2019,2019,0,7,7,4,4,0,0,4,3 (3ct 0st),0.571,0.57,0.57,0.00
B Banerjee (Mex),2019-2019,2019,2019,0,6,6,4,4,0,3,1,1 (1ct 0st),0.666,0.67,0.67,0.00
T Banton (ENG),2019-2019,2019,2019,0,3,3,4,4,0,0,4,2 (2ct 0st),1.333,1.33,1.33,0.00
JP Behrendorff (AUS),2017-2019,2017,2019,2,7,6,4,4,0,0,4,3 (3ct 0st),0.666,0.57,0.57,0.00
IR Bell (ENG),2006-2014,2006,2014,8,8,8,4,4,0,0,4,1 (1ct 0st),0.5,0.50,0.50,0.00
TS Bharaj (DEN),2019-2019,2019,2019,0,9,7,4,4,0,0,4,3 (3ct 0st),0.571,0.44,0.44,0.00
Meet Bhavsar (KUW),2019-2019,2019,2019,0,9,9,4,4,0,4,0,3 (3ct 0st),0.444,0.44,0.44,0.00
MP Biddappa (PHI),2019-2019,2019,2019,0,4,4,4,3,1,3,0,2 (2ct 0st),1,0.75,1.00,0.25
Bilal Tahir (KUW),2019-2019,2019,2019,0,4,4,4,4,0,0,4,1 (1ct 0st),1,1.00,1.00,0.00
Bilal Zalmai (Aut),2019-2019,2019,2019,0,5,5,4,3,1,0,3,2 (2ct 0st),0.8,0.60,0.80,0.20
PRP Boissevain (NL),2019-2019,2019,2019,0,4,4,4,4,0,0,4,2 (2ct 0st),1,1.00,1.00,0.00
SE Bond (NZ),2005-2010,2005,2010,5,20,20,4,4,0,0,4,1 (1ct 0st),0.2,0.20,0.20,0.00
DM Bravo (WI),2010-2019,2010,2019,9,20,20,4,4,0,0,4,2 (2ct 0st),0.2,0.20,0.20,0.00
NT Broom (NZ),2009-2017,2009,2017,8,11,11,4,4,0,0,4,1 (1ct 0st),0.363,0.36,0.36,0.00
DE Budge (SCOT),2018-2018,2018,2018,0,6,6,4,4,0,0,4,1 (1ct 0st),0.666,0.67,0.67,0.00
RW Chakabva (ZIM),2008-2019,2008,2019,11,12,12,4,4,0,0,4,1 (1ct 0st),0.333,0.33,0.33,0.00
TL Chatara (ZIM),2010-2019,2010,2019,9,21,21,4,4,0,0,4,1 (1ct 0st),0.19,0.19,0.19,0.00
JW Chilia (VAN),2019-2019,2019,2019,0,14,14,4,4,0,0,4,2 (2ct 0st),0.285,0.29,0.29,0.00
K Christie (HKG),2019-2019,2019,2019,0,11,11,4,4,0,0,4,1 (1ct 0st),0.363,0.36,0.36,0.00
SR Clark (AUS),2006-2007,2006,2007,1,9,9,4,4,0,0,4,1 (1ct 0st),0.444,0.44,0.44,0.00
DDP D'Silva (UAE),2019-2019,2019,2019,0,10,10,4,4,0,0,4,1 (1ct 0st),0.4,0.40,0.40,0.00
DAP Darrell (BMUDA),2019-2019,2019,2019,0,11,11,4,4,0,0,4,2 (2ct 0st),0.363,0.36,0.36,0.00
TN de Grooth (NL),2008-2013,2008,2013,5,15,14,4,4,0,0,4,2 (2ct 0st),0.285,0.27,0.27,0.00
DM de Silva (SL),2015-2019,2015,2019,4,13,13,4,4,0,0,4,1 (1ct 0st),0.307,0.31,0.31,0.00
PWH de Silva (SL),2019-2019,2019,2019,0,8,8,4,4,0,0,4,1 (1ct 0st),0.5,0.50,0.50,0.00
S Dhaniram (CAN),2008-2010,2008,2010,2,11,11,4,4,0,0,4,2 (2ct 0st),0.363,0.36,0.36,0.00
S Dube (INDIA),2019-2019,2019,2019,0,6,6,4,4,0,0,4,2 (2ct 0st),0.666,0.67,0.67,0.00
Ehsan Khan (HKG),2016-2019,2016,2019,3,15,15,4,4,0,0,4,1 (1ct 0st),0.266,0.27,0.27,0.00
Elias Sunny (BDESH),2012-2012,2012,2012,0,7,7,4,4,0,0,4,3 (3ct 0st),0.571,0.57,0.57,0.00
GD Elliott (NZ/World),2009-2017,2009,2017,8,17,17,4,4,0,0,4,2 (2ct 0st),0.235,0.24,0.24,0.00
Fahad Tariq (UAE),2016-2016,2016,2016,0,6,6,4,4,0,0,4,3 (3ct 0st),0.666,0.67,0.67,0.00
Farhad Reza (BDESH),2006-2014,2006,2014,8,13,13,4,4,0,0,4,1 (1ct 0st),0.307,0.31,0.31,0.00
O Fournier (CRC),2019-2019,2019,2019,0,2,2,4,4,0,0,4,2 (2ct 0st),2,2.00,2.00,0.00
PG Fulton (NZ),2006-2012,2006,2012,6,12,12,4,4,0,0,4,1 (1ct 0st),0.333,0.33,0.33,0.00
PF Gallagher (Fin),2019-2019,2019,2019,0,3,3,4,4,0,0,4,2 (2ct 0st),1.333,1.33,1.33,0.00
G Goudie (SCOT),2010-2013,2010,2013,3,9,9,4,4,0,0,4,1 (1ct 0st),0.444,0.44,0.44,0.00
TGJ Gruijters (NL),2012-2013,2012,2013,1,8,8,4,4,0,0,4,2 (2ct 0st),0.5,0.50,0.50,0.00
K Gupta (Chile),2019-2019,2019,2019,0,4,4,4,3,1,3,0,3 (2ct 1st),1,0.75,1.00,0.25
OD Hald (DEN),2019-2019,2019,2019,0,9,7,4,4,0,0,4,2 (2ct 0st),0.571,0.44,0.44,0.00
Hamza Tahir (SCOT),2018-2019,2018,2019,1,11,11,4,4,0,0,4,1 (1ct 0st),0.363,0.36,0.36,0.00
RM Haq (SCOT),2007-2013,2007,2013,6,21,20,4,4,0,0,4,2 (2ct 0st),0.2,0.19,0.19,0.00
TM Head (AUS),2016-2018,2016,2018,2,16,16,4,4,0,0,4,1 (1ct 0st),0.25,0.25,0.25,0.00
R Hekure (PNG),2019-2019,2019,2019,0,8,8,4,4,0,0,4,2 (2ct 0st),0.5,0.50,0.50,0.00
DR Hooper (GUE),2019-2019,2019,2019,0,9,9,4,4,0,0,4,2 (2ct 0st),0.444,0.44,0.44,0.00
Hussain Talat (PAK),2018-2019,2018,2019,1,14,14,4,4,0,0,4,3 (3ct 0st),0.285,0.29,0.29,0.00
DP Hyatt (WI),2011-2012,2011,2012,1,5,5,4,4,0,0,4,1 (1ct 0st),0.8,0.80,0.80,0.00
Imran Haider (ROM),2019-2019,2019,2019,0,2,2,4,2,2,2,0,3 (2ct 1st),2,1.00,2.00,1.00
Imrul Kayes (BDESH),2010-2017,2010,2017,7,14,14,4,4,0,0,4,1 (1ct 0st),0.285,0.29,0.29,0.00
SS Iyer (INDIA),2017-2019,2017,2019,2,14,14,4,4,0,0,4,1 (1ct 0st),0.285,0.29,0.29,0.00
ST Jayasuriya (SL),2006-2011,2006,2011,5,31,31,4,4,0,0,4,1 (1ct 0st),0.129,0.13,0.13,0.00
LM Jongwe (ZIM),2015-2016,2015,2016,1,8,8,4,4,0,0,4,2 (2ct 0st),0.5,0.50,0.50,0.00
SHT Kandamby (SL),2008-2011,2008,2011,3,5,5,4,4,0,0,4,2 (2ct 0st),0.8,0.80,0.80,0.00
G Kansonkho (MWI),2019-2019,2019,2019,0,6,6,4,4,0,0,4,2 (2ct 0st),0.666,0.67,0.67,0.00
AN Kervezee (NL),2009-2012,2009,2012,3,10,10,4,4,0,0,4,2 (2ct 0st),0.4,0.40,0.40,0.00
Khalid Latif (PAK),2008-2016,2008,2016,8,13,13,4,4,0,0,4,1 (1ct 0st),0.307,0.31,0.31,0.00
BA King (WI),2019-2019,2019,2019,0,6,6,4,4,0,0,4,1 (1ct 0st),0.666,0.67,0.67,0.00
EB Knowles (CZK-R),2019-2019,2019,2019,0,7,7,4,4,0,0,4,4 (4ct 0st),0.571,0.57,0.57,0.00
SC Kuggeleijn (NZ),2019-2019,2019,2019,0,9,9,4,4,0,0,4,2 (2ct 0st),0.444,0.44,0.44,0.00
Kuldeep Lal (ESP),2019-2019,2019,2019,0,8,8,4,4,0,0,4,2 (2ct 0st),0.5,0.50,0.50,0.00
RE Levi (SA),2012-2012,2012,2012,0,13,13,4,4,0,0,4,1 (1ct 0st),0.307,0.31,0.31,0.00
N Madziva (ZIM),2015-2019,2015,2019,4,15,15,4,4,0,0,4,1 (1ct 0st),0.266,0.27,0.27,0.00
MSS Mandy (Chile),2019-2019,2019,2019,0,4,4,4,4,0,0,4,1 (1ct 0st),1,1.00,1.00,0.00
MR Marsh (AUS),2011-2018,2011,2018,7,11,11,4,4,0,0,4,2 (2ct 0st),0.363,0.36,0.36,0.00
XM Marshall (USA/WI),2008-2019,2008,2019,11,13,13,4,4,0,0,4,1 (1ct 0st),0.307,0.31,0.31,0.00
WP Masakadza (ZIM),2015-2019,2015,2019,4,12,12,4,4,0,0,4,2 (2ct 0st),0.333,0.33,0.33,0.00
Md Nurul Huda (Fin),2019-2019,2019,2019,0,5,5,4,4,0,0,4,2 (2ct 0st),0.8,0.80,0.80,0.00
AS Mehmi (),2019-2019,2019,2019,0,3,3,4,4,0,0,4,2 (2ct 0st),1.333,1.33,1.33,0.00
Mohammad Amir (PAK),2009-2019,2009,2019,10,48,48,4,4,0,0,4,1 (1ct 0st),0.083,0.08,0.08,0.00
Mohammad Ashraful (BDESH),2007-2013,2007,2013,6,23,23,4,4,0,0,4,1 (1ct 0st),0.173,0.17,0.17,0.00
Mohammad Boota (UAE),2019-2019,2019,2019,0,16,16,4,3,1,2,1,2 (1ct 1st),0.25,0.19,0.25,0.06
Mohammad Naveed (UAE),2015-2019,2015,2019,4,31,31,4,4,0,0,4,1 (1ct 0st),0.129,0.13,0.13,0.00
Muhammad Awais (),2019-2019,2019,2019,0,3,3,4,3,1,3,0,3 (2ct 1st),1.333,1.00,1.33,0.33
GRD Munasinghe (ITA),2019-2019,2019,2019,0,8,7,4,4,0,0,4,1 (1ct 0st),0.571,0.50,0.50,0.00
A Nehra (INDIA),2009-2017,2009,2017,8,27,27,4,4,0,0,4,1 (1ct 0st),0.148,0.15,0.15,0.00
A Neill (SCOT),2019-2019,2019,2019,0,5,5,4,4,0,0,4,2 (2ct 0st),0.8,0.80,0.80,0.00
SN Netravalkar (USA),2019-2019,2019,2019,0,8,8,4,4,0,0,4,1 (1ct 0st),0.5,0.50,0.50,0.00
N Nipiko (VAN),2019-2019,2019,2019,0,14,14,4,4,0,0,4,1 (1ct 0st),0.285,0.29,0.29,0.00
Noor Ali Zadran (AFG),2010-2017,2010,2017,7,20,20,4,4,0,0,4,1 (1ct 0st),0.2,0.20,0.20,0.00
AA Obanda (KENYA),2007-2019,2007,2019,12,30,30,4,4,0,0,4,1 (1ct 0st),0.133,0.13,0.13,0.00
JS Patel (NZ),2005-2008,2005,2008,3,11,11,4,4,0,0,4,1 (1ct 0st),0.363,0.36,0.36,0.00
RK Paudel (NEPAL),2019-2019,2019,2019,0,11,11,4,4,0,0,4,2 (2ct 0st),0.363,0.36,0.36,0.00
N Pokana (PNG),2016-2019,2016,2019,3,19,19,4,4,0,0,4,2 (2ct 0st),0.21,0.21,0.21,0.00
S Prasanna (SL),2013-2017,2013,2017,4,20,20,4,4,0,0,4,2 (2ct 0st),0.2,0.20,0.20,0.00
AT Rayudu (INDIA),2014-2016,2014,2016,2,6,6,4,4,0,0,4,2 (2ct 0st),0.666,0.67,0.67,0.00
B Regmi (NEPAL),2014-2019,2014,2019,5,18,18,4,4,0,0,4,1 (1ct 0st),0.222,0.22,0.22,0.00
MJ Richardson (GER),2019-2019,2019,2019,0,3,3,4,1,3,1,0,2 (1ct 1st),1.333,0.33,1.33,1.00
MJG Rippon (NL),2013-2018,2013,2018,5,18,17,4,4,0,0,4,1 (1ct 0st),0.235,0.22,0.22,0.00
PADLR Sandakan (SL),2017-2019,2017,2019,2,14,14,4,4,0,0,4,1 (1ct 0st),0.285,0.29,0.29,0.00
Saqlain Haider (UAE),2016-2016,2016,2016,0,6,6,4,4,0,0,4,2 (2ct 0st),0.666,0.67,0.67,0.00
T Shamsi (SA),2017-2019,2017,2019,2,16,16,4,4,0,0,4,1 (1ct 0st),0.25,0.25,0.25,0.00
I Sharma (INDIA),2008-2013,2008,2013,5,14,14,4,4,0,0,4,1 (1ct 0st),0.285,0.29,0.29,0.00
B Shikongo (NAM),2019-2019,2019,2019,0,11,11,4,4,0,0,4,1 (1ct 0st),0.363,0.36,0.36,0.00
Sikander Zulfiqar (NL),2016-2019,2016,2019,3,11,11,4,4,0,0,4,2 (2ct 0st),0.363,0.36,0.36,0.00
Simandeep Singh (HKG),2019-2019,2019,2019,0,7,7,4,4,0,0,4,2 (2ct 0st),0.571,0.57,0.57,0.00
Sohaib Maqsood (PAK),2013-2016,2013,2016,3,20,20,4,4,0,0,4,1 (1ct 0st),0.2,0.20,0.20,0.00
ES Szwarczynski (NL),2008-2013,2008,2013,5,14,13,4,4,0,0,4,2 (2ct 0st),0.307,0.29,0.29,0.00
Tanwir Afzal (HKG),2014-2016,2014,2016,2,21,21,4,4,0,0,4,1 (1ct 0st),0.19,0.19,0.19,0.00
RN ten Doeschate (NL),2008-2019,2008,2019,11,22,21,4,4,0,0,4,1 (1ct 0st),0.19,0.18,0.18,0.00
C Tommy (VAN),2019-2019,2019,2019,0,12,12,4,4,0,0,4,1 (1ct 0st),0.333,0.33,0.33,0.00
I Udana (SL),2009-2019,2009,2019,10,27,27,4,4,0,0,4,2 (2ct 0st),0.148,0.15,0.15,0.00
Umar Amin (PAK),2013-2018,2013,2018,5,14,14,4,4,0,0,4,1 (1ct 0st),0.285,0.29,0.29,0.00
DLS van Bunge (NL),2008-2013,2008,2013,5,14,13,4,4,0,0,4,2 (2ct 0st),0.307,0.29,0.29,0.00
RR Watson (SCOT),2007-2010,2007,2010,3,10,9,4,4,0,0,4,2 (2ct 0st),0.444,0.40,0.40,0.00
K Weeraratne (SL),2008-2009,2008,2009,1,5,5,4,4,0,0,4,2 (2ct 0st),0.8,0.80,0.80,0.00
Yasir Shah (PAK),2011-2011,2011,2011,0,2,2,4,4,0,0,4,3 (3ct 0st),2,2.00,2.00,0.00
Ziaur Rahman (BDESH),2012-2014,2012,2014,2,14,14,4,4,0,0,4,2 (2ct 0st),0.285,0.29,0.29,0.00
MR Adair (IRE),2019-2019,2019,2019,0,17,17,3,3,0,0,3,1 (1ct 0st),0.176,0.18,0.18,0.00
S Adedeji (NGA),2019-2019,2019,2019,0,6,6,3,3,0,0,3,1 (1ct 0st),0.5,0.50,0.50,0.00
Afif Hossain (BDESH),2018-2019,2018,2019,1,8,8,3,3,0,0,3,1 (1ct 0st),0.375,0.38,0.38,0.00
Aftab Alam (AFG),2012-2018,2012,2018,6,12,12,3,3,0,0,3,2 (2ct 0st),0.25,0.25,0.25,0.00
KK Ahmed (INDIA),2018-2019,2018,2019,1,14,14,3,3,0,0,3,1 (1ct 0st),0.214,0.21,0.21,0.00
Ainool Haqqiem (MAL),2019-2019,2019,2019,0,4,4,3,1,2,1,0,2 (0ct 2st),0.75,0.25,0.75,0.50
TP Allen (USA),2019-2019,2019,2019,0,5,5,3,3,0,0,3,1 (1ct 0st),0.6,0.60,0.60,0.00
Al-Amin Hossain (BDESH),2013-2019,2013,2019,6,28,26,3,3,0,0,3,1 (1ct 0st),0.115,0.11,0.11,0.00
Amir Mangal (GER),2019-2019,2019,2019,0,9,9,3,3,0,0,3,2 (2ct 0st),0.333,0.33,0.33,0.00
JM Anderson (ENG),2007-2009,2007,2009,2,19,19,3,3,0,0,3,1 (1ct 0st),0.157,0.16,0.16,0.00
Anowarul Islam (THAI),2019-2019,2019,2019,0,4,4,3,3,0,0,3,2 (2ct 0st),0.75,0.75,0.75,0.00
P Arrighi (Arg),2019-2019,2019,2019,0,5,5,3,3,0,0,3,2 (2ct 0st),0.6,0.60,0.60,0.00
Asad Shafiq (PAK),2010-2012,2010,2012,2,10,10,3,3,0,0,3,1 (1ct 0st),0.3,0.30,0.30,0.00
NJ Astle (NZ),2005-2006,2005,2006,1,4,4,3,3,0,0,3,2 (2ct 0st),0.75,0.75,0.75,0.00
TD Astle (NZ),2016-2019,2016,2019,3,3,3,3,3,0,0,3,1 (1ct 0st),1,1.00,1.00,0.00
AJ Ayannaike (NGA),2019-2019,2019,2019,0,3,3,3,2,1,2,0,3 (2ct 1st),1,0.67,1.00,0.33
F Baaleri (Ghana),2019-2019,2019,2019,0,4,4,3,3,0,1,2,2 (2ct 0st),0.75,0.75,0.75,0.00
Babar Ali (BAH),2019-2019,2019,2019,0,3,3,3,3,0,0,3,1 (1ct 0st),1,1.00,1.00,0.00
V Balakrishnan (Botsw),2019-2019,2019,2019,0,3,3,3,3,0,0,3,3 (3ct 0st),1,1.00,1.00,0.00
OGL Bascome (BMUDA),2019-2019,2019,2019,0,11,11,3,3,0,0,3,1 (1ct 0st),0.272,0.27,0.27,0.00
V Baskaran (SGP),2019-2019,2019,2019,0,12,12,3,3,0,0,3,1 (1ct 0st),0.25,0.25,0.25,0.00
C Bisson (JER),2019-2019,2019,2019,0,14,14,3,3,0,0,3,1 (1ct 0st),0.214,0.21,0.21,0.00
A Bohara (NEPAL),2019-2019,2019,2019,0,17,17,3,3,0,0,3,1 (1ct 0st),0.176,0.18,0.18,0.00
DG Brownlie (NZ),2010-2014,2010,2014,4,5,5,3,3,0,0,3,1 (1ct 0st),0.6,0.60,0.60,0.00
IG Butler (NZ),2009-2013,2009,2013,4,19,19,3,3,0,0,3,1 (1ct 0st),0.157,0.16,0.16,0.00
J Butler (GUE),2019-2019,2019,2019,0,9,9,3,3,0,0,3,1 (1ct 0st),0.333,0.33,0.33,0.00
C Carter (HKG),2015-2017,2015,2017,2,10,10,3,2,1,2,0,1 (1ct 0st),0.3,0.20,0.30,0.10
C Chete (MWI),2019-2019,2019,2019,0,2,2,3,3,0,3,0,2 (2ct 0st),1.5,1.50,1.50,0.00
LA Collado (GIBR),2019-2019,2019,2019,0,4,4,3,2,1,2,0,1 (1ct 0st),0.75,0.50,0.75,0.25
PC Connell (IRE),2008-2010,2008,2010,2,9,8,3,3,0,0,3,1 (1ct 0st),0.375,0.33,0.33,0.00
TK Curran (ENG),2017-2019,2017,2019,2,15,15,3,3,0,0,3,1 (1ct 0st),0.2,0.20,0.20,0.00
CJ Dala (SA),2018-2019,2018,2019,1,9,9,3,3,0,0,3,1 (1ct 0st),0.333,0.33,0.33,0.00
SM Davies (ENG),2009-2011,2009,2011,2,5,5,3,2,1,2,0,2 (2ct 0st),0.6,0.40,0.60,0.20
CD de Lange (SCOT),2015-2017,2015,2017,2,8,7,3,3,0,0,3,1 (1ct 0st),0.428,0.38,0.38,0.00
Delawar Khan (DEN),2019-2019,2019,2019,0,9,7,3,3,0,0,3,2 (2ct 0st),0.428,0.33,0.33,0.00
BFW de Leede (NL),2018-2019,2018,2019,1,8,8,3,3,0,0,3,1 (1ct 0st),0.375,0.38,0.38,0.00
JL Denly (ENG),2009-2019,2009,2019,10,10,10,3,3,0,0,3,1 (1ct 0st),0.3,0.30,0.30,0.00
N Dutta (CAN),2019-2019,2019,2019,0,11,11,3,3,0,0,3,2 (2ct 0st),0.272,0.27,0.27,0.00
LH Ferguson (NZ),2017-2019,2017,2019,2,8,8,3,3,0,0,3,2 (2ct 0st),0.375,0.38,0.38,0.00
CRD Fernando (SL),2006-2016,2006,2016,10,18,18,3,3,0,0,3,1 (1ct 0st),0.166,0.17,0.17,0.00
Fiaz Ahmed (BAH),2019-2019,2019,2019,0,4,4,3,3,0,0,3,2 (2ct 0st),0.75,0.75,0.75,0.00
Fitri Sham (MAL),2019-2019,2019,2019,0,15,14,3,3,0,0,3,1 (1ct 0st),0.214,0.20,0.20,0.00
SC Getkate (IRE),2019-2019,2019,2019,0,14,14,3,3,0,0,3,2 (2ct 0st),0.214,0.21,0.21,0.00
D Gim (NGA),2019-2019,2019,2019,0,6,6,3,3,0,0,3,2 (2ct 0st),0.5,0.50,0.50,0.00
BD Glover (NL),2019-2019,2019,2019,0,19,19,3,3,0,0,3,1 (1ct 0st),0.157,0.16,0.16,0.00
LF Goncalves (),2019-2019,2019,2019,0,3,3,3,1,2,1,0,2 (1ct 1st),1,0.33,1.00,0.67
Z Groenewald (NAM),2019-2019,2019,2019,0,10,10,3,3,0,0,3,1 (1ct 0st),0.3,0.30,0.30,0.00
GM Hamilton (SCOT),2007-2010,2007,2010,3,12,11,3,3,0,0,3,2 (2ct 0st),0.272,0.25,0.25,0.00
Haris Sohail (PAK),2013-2019,2013,2019,6,14,14,3,3,0,0,3,2 (2ct 0st),0.214,0.21,0.21,0.00
BE Hendricks (SA),2014-2019,2014,2019,5,11,11,3,3,0,0,3,2 (2ct 0st),0.272,0.27,0.27,0.00
MC Henriques (AUS),2009-2017,2009,2017,8,11,11,3,3,0,0,3,1 (1ct 0st),0.272,0.27,0.27,0.00
JR Hopes (AUS),2005-2010,2005,2010,5,12,12,3,3,0,0,3,1 (1ct 0st),0.25,0.25,0.25,0.00
Ibrarul Haq (Saudi),2019-2019,2019,2019,0,5,5,3,3,0,0,3,3 (3ct 0st),0.6,0.60,0.60,0.00
Imran Farhat (PAK),2010-2011,2010,2011,1,7,7,3,3,0,0,3,1 (1ct 0st),0.428,0.43,0.43,0.00
Imran Khan (1) (PAK),2015-2015,2015,2015,0,3,3,3,3,0,0,3,2 (2ct 0st),1,1.00,1.00,0.00
Inam-ul-Haq (QAT),2019-2019,2019,2019,0,11,11,3,3,0,0,3,1 (1ct 0st),0.272,0.27,0.27,0.00
MM Iqbal (SCOT),2012-2013,2012,2013,1,6,6,3,3,0,0,3,1 (1ct 0st),0.5,0.50,0.50,0.00
Izatullah Dawlatzai (AFG/GER),2012-2019,2012,2019,7,14,14,3,3,0,0,3,2 (2ct 0st),0.214,0.21,0.21,0.00
Jahurul Islam (BDESH),2010-2013,2010,2013,3,3,3,3,3,0,0,3,1 (1ct 0st),1,1.00,1.00,0.00
GSNFG Jayasuriya (SL),2015-2019,2015,2019,4,16,16,3,3,0,0,3,1 (1ct 0st),0.187,0.19,0.19,0.00
S Jora (NEPAL),2019-2019,2019,2019,0,6,6,3,3,0,0,3,1 (1ct 0st),0.5,0.50,0.50,0.00
I Katzarski (),2019-2019,2019,2019,0,3,3,3,3,0,0,3,2 (2ct 0st),1,1.00,1.00,0.00
S Kaveri (Mex),2019-2019,2019,2019,0,7,7,3,3,0,0,3,2 (2ct 0st),0.428,0.43,0.43,0.00
JM Kemp (SA),2005-2007,2005,2007,2,8,8,3,3,0,0,3,1 (1ct 0st),0.375,0.38,0.38,0.00
Khurram Nawaz (OMAN),2017-2019,2017,2019,2,18,18,3,3,0,0,3,1 (1ct 0st),0.166,0.17,0.17,0.00
J Kila (PNG),2019-2019,2019,2019,0,12,12,3,3,0,0,3,2 (2ct 0st),0.25,0.25,0.25,0.00
AK Kitchen (NZ),2017-2018,2017,2018,1,5,4,3,3,0,0,3,2 (2ct 0st),0.75,0.60,0.60,0.00
RAS Lakmal (SL),2011-2019,2011,2019,8,11,11,3,3,0,0,3,1 (1ct 0st),0.272,0.27,0.27,0.00
S Lamichhane (ICC/NEPAL),2018-2019,2018,2019,1,18,18,3,3,0,0,3,1 (1ct 0st),0.166,0.17,0.17,0.00
KS Leverock (BMUDA),2019-2019,2019,2019,0,12,12,3,3,0,0,3,1 (1ct 0st),0.25,0.25,0.25,0.00
CA Lynn (AUS),2014-2018,2014,2018,4,18,17,3,3,0,0,3,1 (1ct 0st),0.176,0.17,0.17,0.00
WK McCallan (IRE),2008-2009,2008,2009,1,9,8,3,3,0,0,3,1 (1ct 0st),0.375,0.33,0.33,0.00
R McLaren (SA),2009-2014,2009,2014,5,12,12,3,3,0,0,3,1 (1ct 0st),0.25,0.25,0.25,0.00
CD McMillan (NZ),2005-2007,2005,2007,2,8,8,3,3,0,0,3,2 (2ct 0st),0.375,0.38,0.38,0.00
WJ Malinda (Mald),2019-2019,2019,2019,0,3,3,3,3,0,0,3,2 (2ct 0st),1,1.00,1.00,0.00
SE Marsh (AUS),2008-2016,2008,2016,8,15,15,3,3,0,0,3,2 (2ct 0st),0.2,0.20,0.20,0.00
RD McCann (IRE),2012-2012,2012,2012,0,3,3,3,1,2,1,0,2 (0ct 2st),1,0.33,1.00,0.67
Md Shafiqul Haque (THAI),2019-2019,2019,2019,0,4,4,3,1,2,1,0,1 (1ct 0st),0.75,0.25,0.75,0.50
GP Meade (ITA),2019-2019,2019,2019,0,8,7,3,3,0,0,3,1 (1ct 0st),0.428,0.38,0.38,0.00
Mehran Khan (OMAN),2015-2019,2015,2019,4,19,18,3,3,0,0,3,1 (1ct 0st),0.166,0.16,0.16,0.00
T Mishra (KENYA),2007-2013,2007,2013,6,15,15,3,3,0,0,3,1 (1ct 0st),0.2,0.20,0.20,0.00
Mohamed Rishwan (Mald),2019-2019,2019,2019,0,11,11,3,3,0,0,3,1 (1ct 0st),0.272,0.27,0.27,0.00
Mohammad Asif (PAK),2006-2010,2006,2010,4,11,11,3,3,0,0,3,1 (1ct 0st),0.272,0.27,0.27,0.00
Mohammad Mithun (BDESH),2014-2019,2014,2019,5,14,12,3,3,0,0,3,2 (2ct 0st),0.25,0.21,0.21,0.00
Mohammad Saifuddin (BDESH),2017-2019,2017,2019,2,13,13,3,3,0,0,3,1 (1ct 0st),0.23,0.23,0.23,0.00
Mohammad Sami (PAK),2010-2016,2010,2016,6,13,13,3,3,0,0,3,1 (1ct 0st),0.23,0.23,0.23,0.00
JM Muirhead (AUS),2014-2014,2014,2014,0,5,5,3,3,0,0,3,1 (1ct 0st),0.6,0.60,0.60,0.00
Mujeeb Ur Rahman (AFG),2018-2019,2018,2019,1,16,16,3,3,0,0,3,1 (1ct 0st),0.187,0.19,0.19,0.00
AA Mulla (CAN),2008-2008,2008,2008,0,4,4,3,1,2,1,0,1 (1ct 0st),0.75,0.25,0.75,0.50
T Munyonga (ZIM),2019-2019,2019,2019,0,5,5,3,3,0,0,3,2 (2ct 0st),0.6,0.60,0.60,0.00
TJ Murtagh (IRE),2012-2016,2012,2016,4,14,14,3,3,0,0,3,1 (1ct 0st),0.214,0.21,0.21,0.00
Najeeb Tarakai (AFG),2014-2019,2014,2019,5,12,12,3,3,0,0,3,2 (2ct 0st),0.25,0.25,0.25,0.00
M Nasim Baras (AFG),2015-2015,2015,2015,0,3,3,3,3,0,0,3,2 (2ct 0st),1,1.00,1.00,0.00
A Ndlovu (ZIM),2019-2019,2019,2019,0,3,3,3,3,0,0,3,2 (2ct 0st),1,1.00,1.00,0.00
PM Nevill (AUS),2016-2016,2016,2016,0,9,9,3,2,1,2,0,1 (1ct 0st),0.333,0.22,0.33,0.11
DO Obuya (KENYA),2007-2012,2007,2012,5,10,10,3,2,1,1,1,1 (1ct 0st),0.3,0.20,0.30,0.10
H Patel (CAN),2010-2013,2010,2013,3,11,11,3,3,0,0,3,1 (1ct 0st),0.272,0.27,0.27,0.00
SR Patel (ENG),2011-2013,2011,2013,2,18,18,3,3,0,0,3,1 (1ct 0st),0.166,0.17,0.17,0.00
JL Pattinson (AUS),2011-2012,2011,2012,1,4,4,3,3,0,0,3,2 (2ct 0st),0.75,0.75,0.75,0.00
Pavandeep Singh (MAL),2019-2019,2019,2019,0,10,10,3,3,0,0,3,2 (2ct 0st),0.3,0.30,0.30,0.00
RW Price (ZIM),2008-2012,2008,2012,4,16,16,3,3,0,0,3,1 (1ct 0st),0.187,0.19,0.19,0.00
S Qeshile (SA),2019-2019,2019,2019,0,2,2,3,3,0,3,0,2 (2ct 0st),1.5,1.50,1.50,0.00
K Rabada (SA),2014-2019,2014,2019,5,21,21,3,3,0,0,3,1 (1ct 0st),0.142,0.14,0.14,0.00
LN Rajbanshi (NEPAL),2018-2019,2018,2019,1,12,12,3,3,0,0,3,1 (1ct 0st),0.25,0.25,0.25,0.00
Aminuddin Ramly (MAL),2019-2019,2019,2019,0,10,9,3,3,0,0,3,2 (2ct 0st),0.333,0.30,0.30,0.00
S Ravikumar (CRC),2019-2019,2019,2019,0,3,3,3,3,0,0,3,2 (2ct 0st),1,1.00,1.00,0.00
AJ Redmond (NZ),2009-2010,2009,2010,1,7,7,3,3,0,0,3,2 (2ct 0st),0.428,0.43,0.43,0.00
KA Reynolds (Blz),2019-2019,2019,2019,0,3,3,3,3,0,0,3,2 (2ct 0st),1,1.00,1.00,0.00
MJ Ross (ITA),2019-2019,2019,2019,0,8,7,3,3,0,0,3,2 (2ct 0st),0.428,0.38,0.38,0.00
Saad Bin Zafar (CAN),2019-2019,2019,2019,0,11,11,3,3,0,0,3,1 (1ct 0st),0.272,0.27,0.27,0.00
Sajid Cheema (Saudi),2019-2019,2019,2019,0,5,5,3,3,0,0,3,1 (1ct 0st),0.6,0.60,0.60,0.00
Salman Butt (PAK),2007-2010,2007,2010,3,24,24,3,3,0,0,3,1 (1ct 0st),0.125,0.13,0.13,0.00
P Sarraf (NEPAL),2019-2019,2019,2019,0,9,9,3,3,0,0,3,1 (1ct 0st),0.333,0.33,0.33,0.00
BM Scholtz (NAM),2019-2019,2019,2019,0,14,14,3,3,0,0,3,1 (1ct 0st),0.214,0.21,0.21,0.00
SMSM Senanayake (SL),2012-2016,2012,2016,4,24,24,3,3,0,0,3,1 (1ct 0st),0.125,0.13,0.13,0.00
Shahzaib Hasan (PAK),2009-2010,2009,2010,1,10,10,3,3,0,0,3,2 (2ct 0st),0.3,0.30,0.30,0.00
D Sheeli (KUW),2019-2019,2019,2019,0,3,3,3,3,0,0,3,3 (3ct 0st),1,1.00,1.00,0.00
NK Shetty (Mex),2019-2019,2019,2019,0,2,2,3,3,0,0,3,2 (2ct 0st),1.5,1.50,1.50,0.00
Shiraz Khan (KUW),2019-2019,2019,2019,0,6,6,3,3,0,0,3,1 (1ct 0st),0.5,0.50,0.50,0.00
P Silas (Botsw),2019-2019,2019,2019,0,4,4,3,3,0,0,3,1 (1ct 0st),0.75,0.75,0.75,0.00
VS Solanki (ENG),2005-2007,2005,2007,2,3,3,3,3,0,2,1,2 (2ct 0st),1,1.00,1.00,0.00
MWR Stokes (GUE),2019-2019,2019,2019,0,9,9,3,3,0,0,3,1 (1ct 0st),0.333,0.33,0.33,0.00
AO Suji (KENYA),2007-2010,2007,2010,3,8,8,3,3,0,0,3,1 (1ct 0st),0.375,0.38,0.38,0.00
CR Suryawanshi (SGP),2019-2019,2019,2019,0,3,3,3,3,0,0,3,1 (1ct 0st),1,1.00,1.00,0.00
A Symonds (AUS),2005-2009,2005,2009,4,14,14,3,3,0,0,3,1 (1ct 0st),0.214,0.21,0.21,0.00
SW Tait (AUS),2007-2016,2007,2016,9,21,21,3,3,0,0,3,1 (1ct 0st),0.142,0.14,0.14,0.00
SN Thakur (INDIA),2018-2018,2018,2018,0,7,7,3,3,0,0,3,1 (1ct 0st),0.428,0.43,0.43,0.00
OFJ Tonuu (Samoa),2019-2019,2019,2019,0,4,4,3,3,0,3,0,1 (1ct 0st),0.75,0.75,0.75,0.00
JD Unadkat (INDIA),2016-2018,2016,2018,2,10,10,3,3,0,0,3,1 (1ct 0st),0.3,0.30,0.30,0.00
LV van Beek (NL),2014-2016,2014,2016,2,8,8,3,3,0,0,3,1 (1ct 0st),0.375,0.38,0.38,0.00
HE van der Dussen (SA),2018-2019,2018,2019,1,9,9,3,3,0,0,3,2 (2ct 0st),0.333,0.33,0.33,0.00
M Vijay (INDIA),2010-2015,2010,2015,5,9,9,3,3,0,0,3,1 (1ct 0st),0.333,0.33,0.33,0.00
TP Visee (NL),2015-2019,2015,2019,4,27,26,3,3,0,0,3,1 (1ct 0st),0.115,0.11,0.11,0.00
AC Voges (AUS),2007-2013,2007,2013,6,7,7,3,3,0,0,3,1 (1ct 0st),0.428,0.43,0.43,0.00
C Waiswa (UGA),2019-2019,2019,2019,0,4,4,3,3,0,0,3,1 (1ct 0st),0.75,0.75,0.75,0.00
HR Walsh (USA/WI),2019-2019,2019,2019,0,13,13,3,3,0,0,3,1 (1ct 0st),0.23,0.23,0.23,0.00
BJ Watling (NZ),2009-2014,2009,2014,5,5,5,3,3,0,2,1,1 (1ct 0st),0.6,0.60,0.60,0.00
UT Yadav (INDIA),2012-2019,2012,2019,7,7,7,3,3,0,0,3,1 (1ct 0st),0.428,0.43,0.43,0.00
KJ Young (Blz),2019-2019,2019,2019,0,3,3,3,3,0,3,0,1 (1ct 0st),1,1.00,1.00,0.00
SA Abbott (AUS),2014-2019,2014,2019,5,4,4,2,2,0,0,2,2 (2ct 0st),0.5,0.50,0.50,0.00
Abdullah Akbarjan (Aut),2019-2019,2019,2019,0,5,5,2,2,0,0,2,1 (1ct 0st),0.4,0.40,0.40,0.00
Abdul Razzaq (PAK),2006-2013,2006,2013,7,32,32,2,2,0,0,2,1 (1ct 0st),0.062,0.06,0.06,0.00
Abdul Shakoor (ROM),2019-2019,2019,2019,0,2,2,2,1,1,1,0,2 (1ct 1st),1,0.50,1.00,0.50
AS Abioye (NGA),2019-2019,2019,2019,0,5,5,2,2,0,0,2,1 (1ct 0st),0.4,0.40,0.40,0.00
IKO Aboagye (Ghana),2019-2019,2019,2019,0,4,4,2,2,0,0,2,1 (1ct 0st),0.5,0.50,0.50,0.00
Abu Hider (BDESH),2016-2018,2016,2018,2,13,12,2,2,0,0,2,1 (1ct 0st),0.166,0.15,0.15,0.00
Abdul Hashmi (DEN),2019-2019,2019,2019,0,8,6,2,1,1,1,0,1 (1ct 0st),0.333,0.13,0.25,0.13
Ahmed Faiz (MAL),2019-2019,2019,2019,0,10,9,2,2,0,0,2,1 (1ct 0st),0.222,0.20,0.20,0.00
CM Akachukwu (NGA),2019-2019,2019,2019,0,8,8,2,2,0,0,2,2 (2ct 0st),0.25,0.25,0.25,0.00
DI Allan (KENYA),2012-2013,2012,2013,1,10,10,2,2,0,0,2,1 (1ct 0st),0.2,0.20,0.20,0.00
Alok Kapali (BDESH),2007-2011,2007,2011,4,7,7,2,2,0,0,2,1 (1ct 0st),0.285,0.29,0.29,0.00
TR Ambrose (ENG),2008-2008,2008,2008,0,1,1,2,1,1,1,0,2 (1ct 1st),2,1.00,2.00,1.00
Amjad Khan (UAE),2015-2016,2015,2016,1,4,4,2,2,0,0,2,1 (1ct 0st),0.5,0.50,0.50,0.00
Amjad Mahboob (SGP),2019-2019,2019,2019,0,11,11,2,2,0,0,2,1 (1ct 0st),0.181,0.18,0.18,0.00
Amjad Sher (Fin),2019-2019,2019,2019,0,5,5,2,2,0,0,2,1 (1ct 0st),0.4,0.40,0.40,0.00
Anamul Haque (BDESH),2012-2015,2012,2015,3,13,12,2,2,0,1,1,1 (1ct 0st),0.166,0.15,0.15,0.00
Anique Uddin (DEN),2019-2019,2019,2019,0,6,5,2,2,0,0,2,1 (1ct 0st),0.4,0.33,0.33,0.00
R Ankad (Mex),2019-2019,2019,2019,0,8,8,2,2,0,0,2,1 (1ct 0st),0.25,0.25,0.25,0.00
Anwar Arudin (MAL),2019-2019,2019,2019,0,12,11,2,2,0,0,2,1 (1ct 0st),0.181,0.17,0.17,0.00
Anwar Rahman (MAL),2019-2019,2019,2019,0,9,8,2,2,0,0,2,1 (1ct 0st),0.25,0.22,0.22,0.00
Areeb Quadir (Fin),2019-2019,2019,2019,0,2,2,2,2,0,0,2,2 (2ct 0st),1,1.00,1.00,0.00
Ashfaq Ahmed (UAE),2018-2019,2018,2019,1,12,12,2,2,0,0,2,1 (1ct 0st),0.166,0.17,0.17,0.00
MNM Aslam (KUW),2019-2019,2019,2019,0,6,6,2,2,0,0,2,1 (1ct 0st),0.333,0.33,0.33,0.00
Asrar Ahmed (),2019-2019,2019,2019,0,3,3,2,2,0,0,2,1 (1ct 0st),0.666,0.67,0.67,0.00
AA Banner (Blz),2019-2019,2019,2019,0,3,3,2,2,0,0,2,2 (2ct 0st),0.666,0.67,0.67,0.00
GG Banner (Blz),2019-2019,2019,2019,0,3,3,2,2,0,0,2,2 (2ct 0st),0.666,0.67,0.67,0.00
LJ Barker (GUE),2019-2019,2019,2019,0,9,9,2,2,0,0,2,1 (1ct 0st),0.222,0.22,0.22,0.00
GEF Barnett (CAN),2008-2010,2008,2010,2,5,5,2,2,0,0,2,1 (1ct 0st),0.4,0.40,0.40,0.00
CD Barnwell (WI),2011-2013,2011,2013,2,6,6,2,2,0,0,2,1 (1ct 0st),0.333,0.33,0.33,0.00
A Bhagwat (HKG),2019-2019,2019,2019,0,4,4,2,2,0,2,0,2 (2ct 0st),0.5,0.50,0.50,0.00
M Bhanuka (SL),2019-2019,2019,2019,0,2,2,2,2,0,2,0,1 (1ct 0st),1,1.00,1.00,0.00
RA Bhatti (CAN),2012-2012,2012,2012,0,4,4,2,1,1,1,0,1 (1ct 0st),0.5,0.25,0.50,0.25
DE Bollinger (AUS),2011-2014,2011,2014,3,9,9,2,2,0,0,2,1 (1ct 0st),0.222,0.22,0.22,0.00
JP Bray (IRE),2009-2009,2009,2009,0,2,2,2,2,0,0,2,1 (1ct 0st),1,1.00,1.00,0.00
GB Brent (ZIM),2006-2007,2006,2007,1,3,3,2,2,0,0,2,2 (2ct 0st),0.666,0.67,0.67,0.00
PR Brown (ENG),2019-2019,2019,2019,0,4,4,2,2,0,0,2,1 (1ct 0st),0.5,0.50,0.50,0.00
AF Buurman (NL),2010-2010,2010,2010,0,4,4,2,1,1,1,0,2 (1ct 1st),0.5,0.25,0.50,0.25
VD Chandra (PNM),2019-2019,2019,2019,0,3,3,2,2,0,2,0,1 (1ct 0st),0.666,0.67,0.67,0.00
BB Chari (ZIM),2019-2019,2019,2019,0,3,3,2,2,0,0,2,1 (1ct 0st),0.666,0.67,0.67,0.00
PP Chawla (INDIA),2010-2012,2010,2012,2,7,7,2,2,0,0,2,2 (2ct 0st),0.285,0.29,0.29,0.00
CK Coventry (ZIM),2010-2015,2010,2015,5,13,13,2,2,0,1,1,1 (1ct 0st),0.153,0.15,0.15,0.00
KM Dabengwa (ZIM),2006-2010,2006,2010,4,8,8,2,2,0,0,2,1 (1ct 0st),0.25,0.25,0.25,0.00
F Damiao Couana (Moz),2019-2019,2019,2019,0,7,6,2,2,0,0,2,1 (1ct 0st),0.333,0.29,0.29,0.00
P Danci (ROM),2019-2019,2019,2019,0,2,2,2,2,0,0,2,2 (2ct 0st),1,1.00,1.00,0.00
RR David (CAN),2008-2008,2008,2008,0,4,4,2,2,0,0,2,1 (1ct 0st),0.5,0.50,0.50,0.00
JM Davison (CAN),2008-2010,2008,2010,2,5,5,2,2,0,0,2,1 (1ct 0st),0.4,0.40,0.40,0.00
LA Dawson (ENG),2016-2018,2016,2018,2,6,6,2,2,0,0,2,1 (1ct 0st),0.333,0.33,0.33,0.00
TB de Bruyn (SA),2017-2017,2017,2017,0,2,2,2,2,0,0,2,2 (2ct 0st),1,1.00,1.00,0.00
N Deonarine (WI),2010-2013,2010,2013,3,8,8,2,2,0,0,2,2 (2ct 0st),0.25,0.25,0.25,0.00
AP Devcich (NZ),2013-2014,2013,2014,1,4,4,2,2,0,0,2,2 (2ct 0st),0.5,0.50,0.50,0.00
R Dhawan (INDIA),2016-2016,2016,2016,0,1,1,2,2,0,0,2,2 (2ct 0st),2,2.00,2.00,0.00
GD Drummond (SCOT),2008-2013,2008,2013,5,17,17,2,2,0,0,2,1 (1ct 0st),0.117,0.12,0.12,0.00
L Emilio (Moz),2019-2019,2019,2019,0,5,4,2,2,0,0,2,1 (1ct 0st),0.5,0.40,0.40,0.00
GDR Eranga (CAN),2019-2019,2019,2019,0,9,9,2,2,0,0,2,1 (1ct 0st),0.222,0.22,0.22,0.00
Faran Afzal (ESP),2019-2019,2019,2019,0,9,9,2,2,0,0,2,1 (1ct 0st),0.222,0.22,0.22,0.00
Fayyaz Butt (OMAN),2019-2019,2019,2019,0,14,14,2,2,0,0,2,1 (1ct 0st),0.142,0.14,0.14,0.00
A Ferguson (Arg),2019-2019,2019,2019,0,5,5,2,2,0,0,2,1 (1ct 0st),0.4,0.40,0.40,0.00
N Pradeep (SL),2016-2019,2016,2019,3,14,14,2,2,0,0,2,1 (1ct 0st),0.142,0.14,0.14,0.00
WIA Fernando (SL),2019-2019,2019,2019,0,10,10,2,2,0,0,2,1 (1ct 0st),0.2,0.20,0.20,0.00
NJ Ferraby (JER),2019-2019,2019,2019,0,14,14,2,2,0,0,2,1 (1ct 0st),0.142,0.14,0.14,0.00
SP Fleming (NZ),2005-2006,2005,2006,1,5,5,2,2,0,0,2,1 (1ct 0st),0.4,0.40,0.40,0.00
DR Flynn (NZ),2008-2012,2008,2012,4,5,5,2,2,0,0,2,1 (1ct 0st),0.4,0.40,0.40,0.00
JD Freyone (GIBR),2019-2019,2019,2019,0,4,4,2,2,0,0,2,2 (2ct 0st),0.5,0.50,0.50,0.00
GC Galanis (),2019-2019,2019,2019,0,2,2,2,2,0,0,2,1 (1ct 0st),1,1.00,1.00,0.00
V Ganesan (GER),2019-2019,2019,2019,0,4,4,2,2,0,0,2,1 (1ct 0st),0.5,0.50,0.50,0.00
CJ Gannon (USA),2019-2019,2019,2019,0,4,4,2,2,0,0,2,2 (2ct 0st),0.5,0.50,0.50,0.00
Habib Ahmadzai (Aut),2019-2019,2019,2019,0,5,5,2,2,0,0,2,1 (1ct 0st),0.4,0.40,0.40,0.00
Hamid Hassan (AFG),2010-2016,2010,2016,6,22,22,2,2,0,0,2,1 (1ct 0st),0.09,0.09,0.09,0.00
Hammad Azam (PAK),2012-2013,2012,2013,1,5,5,2,2,0,0,2,1 (1ct 0st),0.4,0.40,0.40,0.00
Jandu Hamoud (KUW),2019-2019,2019,2019,0,6,6,2,2,0,0,2,1 (1ct 0st),0.333,0.33,0.33,0.00
AS Hansra (CAN),2012-2013,2012,2013,1,8,8,2,2,0,0,2,1 (1ct 0st),0.25,0.25,0.25,0.00
Haseeb Amjad (HKG),2014-2016,2014,2016,2,18,18,2,2,0,0,2,1 (1ct 0st),0.111,0.11,0.11,0.00
JW Hastings (AUS),2010-2016,2010,2016,6,9,9,2,2,0,0,2,1 (1ct 0st),0.222,0.22,0.22,0.00
C Hauptfleisch (Caym),2019-2019,2019,2019,0,5,5,2,1,1,1,0,1 (1ct 0st),0.4,0.20,0.40,0.20
Hazratullah Zazai (AFG),2016-2019,2016,2019,3,13,13,2,2,0,0,2,1 (1ct 0st),0.153,0.15,0.15,0.00
L Hermida (Mex),2019-2019,2019,2019,0,5,5,2,2,0,0,2,1 (1ct 0st),0.4,0.40,0.40,0.00
D Heyliger (CAN),2019-2019,2019,2019,0,11,11,2,2,0,0,2,1 (1ct 0st),0.181,0.18,0.18,0.00
RM Hira (NZ),2012-2013,2012,2013,1,15,15,2,2,0,0,2,1 (1ct 0st),0.133,0.13,0.13,0.00
Hirenkumar Patel (Chile),2019-2019,2019,2019,0,4,4,2,2,0,0,2,1 (1ct 0st),0.5,0.50,0.50,0.00
S Hirugade (Mex),2019-2019,2019,2019,0,6,6,2,2,0,0,2,1 (1ct 0st),0.333,0.33,0.33,0.00
Imran Anwar (BAH),2019-2019,2019,2019,0,4,4,2,2,0,0,2,1 (1ct 0st),0.5,0.50,0.50,0.00
Imran Ali (KUW),2019-2019,2019,2019,0,4,4,2,2,0,0,2,2 (2ct 0st),0.5,0.50,0.50,0.00
CA Ingram (SA),2010-2012,2010,2012,2,9,9,2,2,0,0,2,1 (1ct 0st),0.222,0.22,0.22,0.00
Irfan Ahmed (HKG),2014-2015,2014,2015,1,8,8,2,2,0,0,2,1 (1ct 0st),0.25,0.25,0.25,0.00
Ismat Ullah (),2019-2019,2019,2019,0,4,4,2,2,0,0,2,1 (1ct 0st),0.5,0.50,0.50,0.00
H Ivanov (),2019-2019,2019,2019,0,3,3,2,2,0,2,0,1 (1ct 0st),0.666,0.67,0.67,0.00
Joginder Sharma (INDIA),2007-2007,2007,2007,0,4,4,2,2,0,0,2,1 (1ct 0st),0.5,0.50,0.50,0.00
GO Jones (ENG),2005-2006,2005,2006,1,2,2,2,2,0,2,0,1 (1ct 0st),1,1.00,1.00,0.00
MBS Jonkman (NL),2010-2010,2010,2010,0,3,3,2,2,0,0,2,2 (2ct 0st),0.666,0.67,0.67,0.00
Junaid Siddiqui (CAN),2012-2019,2012,2019,7,13,13,2,2,0,0,2,1 (1ct 0st),0.153,0.15,0.15,0.00
Junaid Siddique (UAE),2019-2019,2019,2019,0,8,8,2,2,0,0,2,1 (1ct 0st),0.25,0.25,0.25,0.00
Karweng NG (PHI),2019-2019,2019,2019,0,4,4,2,2,0,0,2,2 (2ct 0st),0.5,0.50,0.50,0.00
MS Kasprowicz (AUS),2005-2005,2005,2005,0,2,2,2,2,0,0,2,1 (1ct 0st),1,1.00,1.00,0.00
SM Katich (AUS),2005-2006,2005,2006,1,3,3,2,2,0,0,2,1 (1ct 0st),0.666,0.67,0.67,0.00
Z Khan (INDIA),2006-2012,2006,2012,6,17,17,2,2,0,0,2,1 (1ct 0st),0.117,0.12,0.12,0.00
Khurram Khan (UAE),2014-2014,2014,2014,0,3,3,2,2,0,0,2,1 (1ct 0st),0.666,0.67,0.67,0.00
M Klinger (AUS),2017-2017,2017,2017,0,3,3,2,2,0,0,2,1 (1ct 0st),0.666,0.67,0.67,0.00
HGJM Kulatunga (SL),2008-2008,2008,2008,0,2,2,2,2,0,0,2,2 (2ct 0st),1,1.00,1.00,0.00
JS Kundi (KENYA),2019-2019,2019,2019,0,6,6,2,2,0,0,2,1 (1ct 0st),0.333,0.33,0.33,0.00
A Lark (Aut),2019-2019,2019,2019,0,5,5,2,2,0,0,2,1 (1ct 0st),0.4,0.40,0.40,0.00
LC Le Tissier (GUE),2019-2019,2019,2019,0,9,9,2,2,0,0,2,2 (2ct 0st),0.222,0.22,0.22,0.00
JB Little (IRE),2016-2019,2016,2019,3,11,11,2,2,0,0,2,1 (1ct 0st),0.181,0.18,0.18,0.00
MF Maharoof (SL),2006-2016,2006,2016,10,8,8,2,2,0,0,2,1 (1ct 0st),0.25,0.25,0.25,0.00
NA Maiolo (ITA),2019-2019,2019,2019,0,8,7,2,2,0,0,2,1 (1ct 0st),0.285,0.25,0.25,0.00
DJ Malan (ENG),2017-2019,2017,2019,2,9,9,2,2,0,0,2,1 (1ct 0st),0.222,0.22,0.22,0.00
JN Malan (SA),2019-2019,2019,2019,0,2,2,2,2,0,0,2,1 (1ct 0st),1,1.00,1.00,0.00
A Manousis (),2019-2019,2019,2019,0,3,3,2,2,0,0,2,1 (1ct 0st),0.666,0.67,0.67,0.00
Mansoor Amjad (PAK),2008-2008,2008,2008,0,1,1,2,2,0,0,2,2 (2ct 0st),2,2.00,2.00,0.00
A Martin (WI),2011-2011,2011,2011,0,1,1,2,2,0,0,2,2 (2ct 0st),2,2.00,2.00,0.00
SW Masakadza (ZIM),2010-2013,2010,2013,3,7,7,2,2,0,0,2,1 (1ct 0st),0.285,0.29,0.29,0.00
WT Mashinge (ZIM),2019-2019,2019,2019,0,2,2,2,2,0,0,2,2 (2ct 0st),1,1.00,1.00,0.00
NO Miller (WI),2009-2014,2009,2014,5,9,9,2,2,0,0,2,1 (1ct 0st),0.222,0.22,0.22,0.00
SF Mire (ZIM),2018-2019,2018,2019,1,9,9,2,2,0,0,2,1 (1ct 0st),0.222,0.22,0.22,0.00
Mohammad Ghazanfar (HKG),2019-2019,2019,2019,0,5,5,2,2,0,0,2,1 (1ct 0st),0.4,0.40,0.40,0.00
Mohammad Naim (BDESH),2019-2019,2019,2019,0,3,3,2,2,0,0,2,2 (2ct 0st),0.666,0.67,0.67,0.00
Mohammad Salman (PAK),2011-2011,2011,2011,0,1,1,2,1,1,1,0,2 (1ct 1st),2,1.00,2.00,1.00
Mohammed Asghar (KUW),2019-2019,2019,2019,0,4,4,2,2,0,0,2,1 (1ct 0st),0.5,0.50,0.50,0.00
Mohammed Nurji (MWI),2019-2019,2019,2019,0,6,6,2,2,0,0,2,1 (1ct 0st),0.333,0.33,0.33,0.00
RS Morton (WI),2006-2010,2006,2010,4,7,7,2,2,0,0,2,1 (1ct 0st),0.285,0.29,0.29,0.00
Muhammad Kashif (KUW),2019-2019,2019,2019,0,10,10,2,2,0,0,2,1 (1ct 0st),0.2,0.20,0.20,0.00
Muhammad Nadeem (Saudi),2019-2019,2019,2019,0,5,5,2,2,0,0,2,2 (2ct 0st),0.4,0.40,0.40,0.00
RG Mukasa (UGA),2019-2019,2019,2019,0,4,4,2,2,0,0,2,1 (1ct 0st),0.5,0.50,0.50,0.00
Mukhtar Ahmed (PAK),2015-2015,2015,2015,0,6,6,2,2,0,0,2,1 (1ct 0st),0.333,0.33,0.33,0.00
J Mulder (IRE),2016-2017,2016,2017,1,8,8,2,2,0,0,2,1 (1ct 0st),0.25,0.25,0.25,0.00
G Murali (CRC),2019-2019,2019,2019,0,3,3,2,2,0,2,0,1 (1ct 0st),0.666,0.67,0.67,0.00
Murid Ekrami (Belg),2019-2019,2019,2019,0,3,3,2,2,0,0,2,2 (2ct 0st),0.666,0.67,0.67,0.00
TK Musakanda (ZIM),2018-2018,2018,2018,0,6,6,2,2,0,0,2,1 (1ct 0st),0.333,0.33,0.33,0.00
LA Musiani (Arg),2019-2019,2019,2019,0,5,5,2,2,0,0,2,1 (1ct 0st),0.4,0.40,0.40,0.00
CT Mutombodzi (ZIM),2013-2019,2013,2019,6,13,13,2,2,0,0,2,1 (1ct 0st),0.153,0.15,0.15,0.00
B Muzarabani (ZIM),2018-2018,2018,2018,0,6,6,2,2,0,0,2,1 (1ct 0st),0.333,0.33,0.33,0.00
Naeem Islam (BDESH),2008-2013,2008,2013,5,10,10,2,2,0,0,2,1 (1ct 0st),0.2,0.20,0.20,0.00
Nanda Kumar (CRC),2019-2019,2019,2019,0,3,3,2,2,0,0,2,2 (2ct 0st),0.666,0.67,0.67,0.00
N Nankov (),2019-2019,2019,2019,0,3,3,2,2,0,0,2,1 (1ct 0st),0.666,0.67,0.67,0.00
Naved-ul-Hasan (PAK),2006-2010,2006,2010,4,4,4,2,2,0,0,2,1 (1ct 0st),0.5,0.50,0.50,0.00
Nawazish Jezuli (Saudi),2019-2019,2019,2019,0,1,1,2,2,0,2,0,2 (2ct 0st),2,2.00,2.00,0.00
Najmul Hossain Shanto (BDESH),2019-2019,2019,2019,0,2,2,2,2,0,0,2,1 (1ct 0st),1,1.00,1.00,0.00
Nazmul Islam (BDESH),2018-2018,2018,2018,0,13,13,2,2,0,0,2,1 (1ct 0st),0.153,0.15,0.15,0.00
Nazwan Ismail (Mald),2019-2019,2019,2019,0,3,3,2,2,0,0,2,1 (1ct 0st),0.666,0.67,0.67,0.00
P Negi (INDIA),2016-2016,2016,2016,0,1,1,2,2,0,0,2,2 (2ct 0st),2,2.00,2.00,0.00
K Nestor (GIBR),2019-2019,2019,2019,0,4,4,2,2,0,0,2,1 (1ct 0st),0.5,0.50,0.50,0.00
G Nikitas (),2019-2019,2019,2019,0,2,2,2,0,2,0,0,2 (0ct 2st),1,0.00,1.00,1.00
Noor Momand (Belg),2019-2019,2019,2019,0,2,2,2,2,0,2,0,1 (1ct 0st),1,1.00,1.00,0.00
F Nsubuga (UGA),2019-2019,2019,2019,0,3,3,2,2,0,0,2,1 (1ct 0st),0.666,0.67,0.67,0.00
M Ntini (SA),2005-2011,2005,2011,6,10,10,2,2,0,0,2,1 (1ct 0st),0.2,0.20,0.20,0.00
GH O'Brien (BMUDA),2008-2019,2008,2019,11,11,11,2,2,0,0,2,1 (1ct 0st),0.181,0.18,0.18,0.00
SA Okpe (NGA),2019-2019,2019,2019,0,8,8,2,2,0,0,2,1 (1ct 0st),0.25,0.25,0.25,0.00
LN Oluoch (KENYA),2013-2019,2013,2019,6,10,10,2,2,0,0,2,1 (1ct 0st),0.2,0.20,0.20,0.00
AA Onikoyi (NGA),2019-2019,2019,2019,0,9,9,2,2,0,2,0,1 (1ct 0st),0.222,0.22,0.22,0.00
E Otieno (KENYA),2012-2019,2012,2019,7,18,18,2,2,0,0,2,1 (1ct 0st),0.111,0.11,0.11,0.00
KO Otieno (KENYA),2008-2008,2008,2008,0,4,4,2,2,0,0,2,1 (1ct 0st),0.5,0.50,0.50,0.00
HC Overdijk (NL),2018-2019,2018,2019,1,4,3,2,2,0,0,2,2 (2ct 0st),0.666,0.50,0.50,0.00
AM Oyede (NGA),2019-2019,2019,2019,0,8,8,2,2,0,0,2,2 (2ct 0st),0.25,0.25,0.25,0.00
T Panyangara (ZIM),2013-2016,2013,2016,3,14,14,2,2,0,0,2,1 (1ct 0st),0.142,0.14,0.14,0.00
AE Paraam (SGP),2019-2019,2019,2019,0,3,3,2,2,0,0,2,1 (1ct 0st),0.666,0.67,0.67,0.00
SD Parry (ENG),2014-2015,2014,2015,1,5,5,2,2,0,0,2,2 (2ct 0st),0.4,0.40,0.40,0.00
IK Pathan (INDIA),2006-2012,2006,2012,6,24,23,2,2,0,0,2,1 (1ct 0st),0.086,0.08,0.08,0.00
KMA Paul (WI),2018-2019,2018,2019,1,18,18,2,2,0,0,2,1 (1ct 0st),0.111,0.11,0.11,0.00
T Perera (Botsw),2019-2019,2019,2019,0,6,6,2,2,0,0,2,1 (1ct 0st),0.333,0.33,0.33,0.00
JE Pitcher (BMUDA),2019-2019,2019,2019,0,3,3,2,2,0,0,2,2 (2ct 0st),0.666,0.67,0.67,0.00
OL Pitcher (BMUDA),2008-2008,2008,2008,0,3,3,2,2,0,0,2,2 (2ct 0st),0.666,0.67,0.67,0.00
SM Pollock (SA),2005-2008,2005,2008,3,12,12,2,2,0,0,2,1 (1ct 0st),0.166,0.17,0.17,0.00
NS Poonia (SCOT),2007-2010,2007,2010,3,8,7,2,2,0,0,2,1 (1ct 0st),0.285,0.25,0.25,0.00
A Poulose (OMAN),2017-2017,2017,2017,0,3,3,2,2,0,0,2,1 (1ct 0st),0.666,0.67,0.67,0.00
DBL Powell (WI),2007-2007,2007,2007,0,5,5,2,2,0,0,2,1 (1ct 0st),0.4,0.40,0.40,0.00
AD Poynter (IRE),2012-2016,2012,2016,4,19,17,2,2,0,0,2,1 (1ct 0st),0.117,0.11,0.11,0.00
A Pusthay (Fin),2019-2019,2019,2019,0,5,5,2,2,0,0,2,1 (1ct 0st),0.4,0.40,0.40,0.00
Qadeer Ahmed (UAE),2015-2019,2015,2019,4,10,10,2,2,0,0,2,1 (1ct 0st),0.2,0.20,0.20,0.00
Raees Ahmadzai (AFG),2010-2010,2010,2010,0,8,8,2,2,0,0,2,1 (1ct 0st),0.25,0.25,0.25,0.00
Raag Kapur (HKG),2019-2019,2019,2019,0,4,4,2,2,0,0,2,1 (1ct 0st),0.5,0.50,0.50,0.00
S Rakshit (CZK-R),2019-2019,2019,2019,0,7,7,2,2,0,0,2,1 (1ct 0st),0.285,0.29,0.29,0.00
R Rampaul (WI),2007-2015,2007,2015,8,23,23,2,2,0,0,2,1 (1ct 0st),0.086,0.09,0.09,0.00
Raza-ur-Rehman (CAN),2012-2013,2012,2013,1,5,5,2,2,0,0,2,1 (1ct 0st),0.4,0.40,0.40,0.00
Raza Hasan (PAK),2012-2014,2012,2014,2,10,10,2,2,0,0,2,1 (1ct 0st),0.2,0.20,0.20,0.00
DJ Reekers (NL),2008-2009,2008,2009,1,6,5,2,2,0,0,2,1 (1ct 0st),0.4,0.33,0.33,0.00
GA Reynold (Blz),2019-2019,2019,2019,0,3,3,2,2,0,0,2,2 (2ct 0st),0.666,0.67,0.67,0.00
LH Rodrigues (),2019-2019,2019,2019,0,4,4,2,2,0,0,2,1 (1ct 0st),0.5,0.50,0.50,0.00
R Rohan (SGP),2019-2019,2019,2019,0,10,10,2,2,0,0,2,1 (1ct 0st),0.2,0.20,0.20,0.00
S Rossi (Arg),2019-2019,2019,2019,0,5,5,2,2,0,0,2,1 (1ct 0st),0.4,0.40,0.40,0.00
Saber Zakhil (Belg),2019-2019,2019,2019,0,3,3,2,2,0,0,2,1 (1ct 0st),0.666,0.67,0.67,0.00
S Saeed (Mald),2019-2019,2019,2019,0,5,5,2,2,0,0,2,2 (2ct 0st),0.4,0.40,0.40,0.00
Sagar Pun (NEPAL),2014-2015,2014,2015,1,9,9,2,2,0,0,2,1 (1ct 0st),0.222,0.22,0.22,0.00
Sahibzada Farhan (PAK),2018-2018,2018,2018,0,3,3,2,2,0,0,2,2 (2ct 0st),0.666,0.67,0.67,0.00
J Salazar (Peru),2019-2019,2019,2019,0,2,2,2,2,0,0,2,1 (1ct 0st),1,1.00,1.00,0.00
Saqib Zulfiqar (NL),2018-2019,2018,2019,1,6,6,2,2,0,0,2,2 (2ct 0st),0.333,0.33,0.33,0.00
A Sathya (Mex),2019-2019,2019,2019,0,3,3,2,2,0,0,2,1 (1ct 0st),0.666,0.67,0.67,0.00
V Sehwag (INDIA),2006-2012,2006,2012,6,19,18,2,2,0,0,2,1 (1ct 0st),0.111,0.11,0.11,0.00
Shaikh Ashraf (Peru),2019-2019,2019,2019,0,4,4,2,2,0,0,2,2 (2ct 0st),0.5,0.50,0.50,0.00
Shakeel Ansar (PAK),2012-2012,2012,2012,0,2,2,2,1,1,1,0,2 (1ct 1st),1,0.50,1.00,0.50
PH Shamdasani (Peru),2019-2019,2019,2019,0,4,4,2,2,0,0,2,1 (1ct 0st),0.5,0.50,0.50,0.00
Shamsur Rahman (BDESH),2013-2014,2013,2014,1,9,8,2,2,0,0,2,1 (1ct 0st),0.25,0.22,0.22,0.00
V Shankar (INDIA),2018-2019,2018,2019,1,9,9,2,2,0,0,2,1 (1ct 0st),0.222,0.22,0.22,0.00
Shoaib Akhtar (PAK),2006-2010,2006,2010,4,15,15,2,2,0,0,2,1 (1ct 0st),0.133,0.13,0.13,0.00
Shoaib Ali (Saudi),2019-2019,2019,2019,0,5,5,2,2,0,0,2,2 (2ct 0st),0.4,0.40,0.40,0.00
Shoaib Qureshi (Fin),2019-2019,2019,2019,0,5,5,2,2,0,0,2,1 (1ct 0st),0.4,0.40,0.40,0.00
Sidhant Singh (SGP),2019-2019,2019,2019,0,8,8,2,2,0,0,2,1 (1ct 0st),0.25,0.25,0.25,0.00
RP Singh (INDIA),2007-2009,2007,2009,2,10,9,2,2,0,0,2,1 (1ct 0st),0.222,0.20,0.20,0.00
L Sipamla (SA),2019-2019,2019,2019,0,5,5,2,2,0,0,2,1 (1ct 0st),0.4,0.40,0.40,0.00
S Smith (BMUDA),2019-2019,2019,2019,0,5,5,2,2,0,2,0,1 (1ct 0st),0.4,0.40,0.40,0.00
S Snater (NL),2018-2019,2018,2019,1,13,12,2,2,0,0,2,1 (1ct 0st),0.166,0.15,0.15,0.00
Sohag Gazi (BDESH),2012-2015,2012,2015,3,10,10,2,2,0,0,2,1 (1ct 0st),0.2,0.20,0.20,0.00
CA Soper (PNG),2015-2019,2015,2019,4,13,13,2,2,0,0,2,1 (1ct 0st),0.153,0.15,0.15,0.00
S Sreesanth (INDIA),2006-2008,2006,2008,2,10,9,2,2,0,0,2,2 (2ct 0st),0.222,0.20,0.20,0.00
H Srinivasan (GER),2019-2019,2019,2019,0,1,1,2,1,1,1,0,2 (1ct 1st),2,1.00,2.00,1.00
JH Stander (SCOT),2009-2012,2009,2012,3,11,11,2,2,0,0,2,1 (1ct 0st),0.181,0.18,0.18,0.00
F Stoman (PORT),2019-2019,2019,2019,0,4,4,2,1,1,1,0,2 (1ct 1st),0.5,0.25,0.50,0.25
DC Stovell (BMUDA),2019-2019,2019,2019,0,6,6,2,2,0,0,2,1 (1ct 0st),0.333,0.33,0.33,0.00
GM Strydom (Caym),2019-2019,2019,2019,0,6,6,2,2,0,0,2,1 (1ct 0st),0.333,0.33,0.33,0.00
JTS Sumerauer (JER),2019-2019,2019,2019,0,8,8,2,2,0,0,2,1 (1ct 0st),0.25,0.25,0.25,0.00
K Suttisan (THAI),2019-2019,2019,2019,0,2,2,2,2,0,0,2,2 (2ct 0st),1,1.00,1.00,0.00
Syed Aziz (MAL),2019-2019,2019,2019,0,14,13,2,2,0,0,2,1 (1ct 0st),0.153,0.14,0.14,0.00
Tahir Dar (BAH),2019-2019,2019,2019,0,4,4,2,2,0,0,2,1 (1ct 0st),0.5,0.50,0.50,0.00
Tauqeer Hussain (ESP),2019-2019,2019,2019,0,4,4,2,2,0,0,2,1 (1ct 0st),0.5,0.50,0.50,0.00
WU Tharanga (SL),2006-2018,2006,2018,12,26,26,2,2,0,0,2,1 (1ct 0st),0.076,0.08,0.08,0.00
J Theron (SA),2010-2012,2010,2012,2,9,9,2,2,0,0,2,1 (1ct 0st),0.222,0.22,0.22,0.00
RA Thomas (CAN),2019-2019,2019,2019,0,8,8,2,2,0,0,2,1 (1ct 0st),0.25,0.25,0.25,0.00
GJ Thompson (IRE),2016-2019,2016,2019,3,10,10,2,2,0,0,2,1 (1ct 0st),0.2,0.20,0.20,0.00
T Thushara (SL),2008-2010,2008,2010,2,6,6,2,2,0,0,2,1 (1ct 0st),0.333,0.33,0.33,0.00
DT Tiripano (ZIM),2016-2019,2016,2019,3,10,10,2,2,0,0,2,1 (1ct 0st),0.2,0.20,0.20,0.00
MK Tiwary (INDIA),2011-2012,2011,2012,1,3,3,2,2,0,0,2,2 (2ct 0st),0.666,0.67,0.67,0.00
JC Tredwell (ENG),2012-2014,2012,2014,2,17,16,2,2,0,0,2,1 (1ct 0st),0.125,0.12,0.12,0.00
ME Trescothick (ENG),2005-2006,2005,2006,1,3,3,2,2,0,0,2,2 (2ct 0st),0.666,0.67,0.67,0.00
T Tshose (Botsw),2019-2019,2019,2019,0,2,2,2,2,0,0,2,1 (1ct 0st),1,1.00,1.00,0.00
E Ul Haq (NOR),2019-2019,2019,2019,0,5,5,2,2,0,0,2,1 (1ct 0st),0.4,0.40,0.40,0.00
Umar Adam (Mald),2019-2019,2019,2019,0,11,11,2,2,0,0,2,1 (1ct 0st),0.181,0.18,0.18,0.00
RV Uthappa (INDIA),2007-2015,2007,2015,8,13,12,2,2,0,1,1,1 (1ct 0st),0.166,0.15,0.15,0.00
R van der Merwe (Arg),2019-2019,2019,2019,0,5,5,2,2,0,0,2,1 (1ct 0st),0.4,0.40,0.40,0.00
S Vashisht (ROM),2019-2019,2019,2019,0,3,3,2,2,0,0,2,1 (1ct 0st),0.666,0.67,0.67,0.00
Vichanath Singh (THAI),2019-2019,2019,2019,0,4,4,2,2,0,0,2,1 (1ct 0st),0.5,0.50,0.50,0.00
Vinod Kumar (ESP),2019-2019,2019,2019,0,3,3,2,2,0,0,2,2 (2ct 0st),0.666,0.67,0.67,0.00
BV Vitori (ZIM),2012-2016,2012,2016,4,11,11,2,2,0,0,2,1 (1ct 0st),0.181,0.18,0.18,0.00
Waheed Ahmed (UAE),2019-2019,2019,2019,0,10,10,2,2,0,0,2,1 (1ct 0st),0.2,0.20,0.20,0.00
SR Welsh (CAN),2008-2008,2008,2008,0,1,1,2,2,0,0,2,2 (2ct 0st),2,2.00,2.00,0.00
AR White (IRE),2008-2012,2008,2012,4,18,17,2,2,0,0,2,1 (1ct 0st),0.117,0.11,0.11,0.00
CG Williams (NAM),2019-2019,2019,2019,0,13,13,2,2,0,0,2,1 (1ct 0st),0.153,0.15,0.15,0.00
OR Willis (Caym),2019-2019,2019,2019,0,3,3,2,1,1,0,1,1 (1ct 0st),0.666,0.33,0.67,0.33
C Wright (Caym),2019-2019,2019,2019,0,6,6,2,2,0,0,2,1 (1ct 0st),0.333,0.33,0.33,0.00
Yasar Haroon (),2019-2019,2019,2019,0,4,4,2,2,0,0,2,1 (1ct 0st),0.5,0.50,0.50,0.00
Yusuf Ebrahim (PNM),2019-2019,2019,2019,0,3,3,2,2,0,0,2,2 (2ct 0st),0.666,0.67,0.67,0.00
Zahoor Khan (UAE),2017-2019,2017,2019,2,18,18,2,2,0,0,2,1 (1ct 0st),0.111,0.11,0.11,0.00
C Zhuwao (ZIM),2008-2018,2008,2018,10,7,7,2,2,0,0,2,1 (1ct 0st),0.285,0.29,0.29,0.00
Zishan Shah (DEN),2019-2019,2019,2019,0,6,4,2,2,0,0,2,1 (1ct 0st),0.5,0.33,0.33,0.00
B Zuiderent (NL),2009-2010,2009,2010,1,6,6,2,2,0,0,2,1 (1ct 0st),0.333,0.33,0.33,0.00
M Abdulla (MWI),2019-2019,2019,2019,0,5,5,1,1,0,0,1,1 (1ct 0st),0.2,0.20,0.20,0.00
Abdul Shakoor (UAE),2015-2019,2015,2019,4,6,6,1,0,1,0,0,1 (0ct 1st),0.166,0.00,0.17,0.17
Abdul Wahid (Saudi),2019-2019,2019,2019,0,5,5,1,1,0,0,1,1 (1ct 0st),0.2,0.20,0.20,0.00
Abraash Khan (CAN),2019-2019,2019,2019,0,7,7,1,1,0,0,1,1 (1ct 0st),0.142,0.14,0.14,0.00
Abrar Bilal (Aut),2019-2019,2019,2019,0,3,3,1,0,1,0,0,1 (0ct 1st),0.333,0.00,0.33,0.33
Abu Jayed (BDESH),2018-2018,2018,2018,0,3,3,1,1,0,0,1,1 (1ct 0st),0.333,0.33,0.33,0.00
AR Adams (NZ),2005-2006,2005,2006,1,4,4,1,1,0,0,1,1 (1ct 0st),0.25,0.25,0.25,0.00
VD Adewoye (NGA),2019-2019,2019,2019,0,7,7,1,1,0,0,1,1 (1ct 0st),0.142,0.14,0.14,0.00
Afsar Zazai (AFG),2013-2013,2013,2013,0,1,1,1,0,1,0,0,1 (0ct 1st),1,0.00,1.00,1.00
GJ Agius (MALTA),2019-2019,2019,2019,0,2,2,1,1,0,0,1,1 (1ct 0st),0.5,0.50,0.50,0.00
P Agnihotri (NOR),2019-2019,2019,2019,0,2,2,1,1,0,0,1,1 (1ct 0st),0.5,0.50,0.50,0.00
SA Ahmad (DEN),2019-2019,2019,2019,0,5,3,1,1,0,0,1,1 (1ct 0st),0.333,0.20,0.20,0.00
Ahmed Hassan (Mald),2019-2019,2019,2019,0,11,11,1,1,0,0,1,1 (1ct 0st),0.09,0.09,0.09,0.00
GW Aldridge (NZ),2011-2011,2011,2011,0,1,1,1,1,0,0,1,1 (1ct 0st),1,1.00,1.00,0.00
Amir Ali (OMAN),2015-2016,2015,2016,1,10,9,1,1,0,0,1,1 (1ct 0st),0.111,0.10,0.10,0.00
Amjad Ali (UAE),2014-2015,2014,2015,1,5,5,1,1,0,0,1,1 (1ct 0st),0.2,0.20,0.20,0.00
Anam Mollik (ITA),2019-2019,2019,2019,0,2,2,1,1,0,0,1,1 (1ct 0st),0.5,0.50,0.50,0.00
Anasim Khan (BAH),2019-2019,2019,2019,0,4,4,1,1,0,0,1,1 (1ct 0st),0.25,0.25,0.25,0.00
Aqib Iqbal (Aut),2019-2019,2019,2019,0,5,5,1,1,0,0,1,1 (1ct 0st),0.2,0.20,0.20,0.00
S Arachchige (ITA),2019-2019,2019,2019,0,4,4,1,1,0,0,1,1 (1ct 0st),0.25,0.25,0.25,0.00
Arafat Sunny (BDESH),2014-2016,2014,2016,2,10,10,1,1,0,0,1,1 (1ct 0st),0.1,0.10,0.10,0.00
Aritra Dutta (SGP),2019-2019,2019,2019,0,8,8,1,1,0,0,1,1 (1ct 0st),0.125,0.13,0.13,0.00
P Arora (Mex),2019-2019,2019,2019,0,2,2,1,1,0,0,1,1 (1ct 0st),0.5,0.50,0.50,0.00
U Aryaman Sunil (SGP),2019-2019,2019,2019,0,2,2,1,1,0,0,1,1 (1ct 0st),0.5,0.50,0.50,0.00
Ashiqullah Said (Belg),2019-2019,2019,2019,0,3,3,1,1,0,0,1,1 (1ct 0st),0.333,0.33,0.33,0.00
A Ashokan (CZK-R),2019-2019,2019,2019,0,2,2,1,1,0,0,1,1 (1ct 0st),0.5,0.50,0.50,0.00
Aslam Mohammad (),2019-2019,2019,2019,0,3,3,1,1,0,0,1,1 (1ct 0st),0.333,0.33,0.33,0.00
SK Atai (PNG),2019-2019,2019,2019,0,2,2,1,1,0,0,1,1 (1ct 0st),0.5,0.50,0.50,0.00
V Ateak (Ghana),2019-2019,2019,2019,0,4,4,1,1,0,0,1,1 (1ct 0st),0.25,0.25,0.25,0.00
Atif Kamal (LUX),2019-2019,2019,2019,0,4,4,1,1,0,0,1,1 (1ct 0st),0.25,0.25,0.25,0.00
MS Aulakh (CAN),2012-2013,2012,2013,1,3,3,1,1,0,0,1,1 (1ct 0st),0.333,0.33,0.33,0.00
Avi Dixit (SGP),2019-2019,2019,2019,0,1,1,1,1,0,0,1,1 (1ct 0st),1,1.00,1.00,0.00
Awais Malik (QAT),2019-2019,2019,2019,0,11,11,1,1,0,0,1,1 (1ct 0st),0.09,0.09,0.09,0.00
MO Bacarese (GIBR),2019-2019,2019,2019,0,3,3,1,1,0,0,1,1 (1ct 0st),0.333,0.33,0.33,0.00
KS Bagabena (Ghana),2019-2019,2019,2019,0,4,4,1,1,0,0,1,1 (1ct 0st),0.25,0.25,0.25,0.00
JD Baker (Samoa),2019-2019,2019,2019,0,4,4,1,1,0,0,1,1 (1ct 0st),0.25,0.25,0.25,0.00
G Bakiweyem (Ghana),2019-2019,2019,2019,0,3,3,1,1,0,0,1,1 (1ct 0st),0.333,0.33,0.33,0.00
WD Balaji Rao (CAN),2008-2008,2008,2008,0,4,4,1,1,0,0,1,1 (1ct 0st),0.25,0.25,0.25,0.00
Baljit Singh (ITA),2019-2019,2019,2019,0,8,7,1,1,0,0,1,1 (1ct 0st),0.142,0.13,0.13,0.00
JT Ball (ENG),2018-2018,2018,2018,0,2,2,1,1,0,0,1,1 (1ct 0st),0.5,0.50,0.50,0.00
CT Bancroft (AUS),2016-2016,2016,2016,0,1,1,1,1,0,1,0,1 (1ct 0st),1,1.00,1.00,0.00
HMCM Bandara (SL),2006-2009,2006,2009,3,4,4,1,1,0,0,1,1 (1ct 0st),0.25,0.25,0.25,0.00
S Bantzas (),2019-2019,2019,2019,0,1,1,1,1,0,0,1,1 (1ct 0st),1,1.00,1.00,0.00
AB Barath (WI),2010-2011,2010,2011,1,2,2,1,1,0,0,1,1 (1ct 0st),0.5,0.50,0.50,0.00
J Barker (LUX),2019-2019,2019,2019,0,4,4,1,1,0,0,1,1 (1ct 0st),0.25,0.25,0.25,0.00
P Baron (Arg),2019-2019,2019,2019,0,5,5,1,1,0,0,1,1 (1ct 0st),0.2,0.20,0.20,0.00
OO Bascome (BMUDA),2008-2019,2008,2019,11,3,3,1,1,0,0,1,1 (1ct 0st),0.333,0.33,0.33,0.00
T Bavuma (SA),2019-2019,2019,2019,0,2,2,1,1,0,0,1,1 (1ct 0st),0.5,0.50,0.50,0.00
RL Bhudia (KENYA),2007-2007,2007,2007,0,3,3,1,1,0,0,1,1 (1ct 0st),0.333,0.33,0.33,0.00
SR Bhudia (KENYA),2019-2019,2019,2019,0,4,4,1,1,0,0,1,1 (1ct 0st),0.25,0.25,0.25,0.00
Bilawal Bhatti (PAK),2013-2015,2013,2015,2,9,9,1,1,0,0,1,1 (1ct 0st),0.111,0.11,0.11,0.00
TR Birt (AUS),2010-2012,2010,2012,2,4,4,1,1,0,0,1,1 (1ct 0st),0.25,0.25,0.25,0.00
D Bishoo (WI),2011-2019,2011,2019,8,7,7,1,1,0,0,1,1 (1ct 0st),0.142,0.14,0.14,0.00
JAR Blain (SCOT),2007-2008,2007,2008,1,6,5,1,1,0,0,1,1 (1ct 0st),0.2,0.17,0.17,0.00
TA Blundell (NZ),2017-2018,2017,2018,1,3,3,1,1,0,1,0,1 (1ct 0st),0.333,0.33,0.33,0.00
SM Boland (AUS),2016-2016,2016,2016,0,3,3,1,1,0,0,1,1 (1ct 0st),0.333,0.33,0.33,0.00
SG Borthwick (ENG),2011-2011,2011,2011,0,1,1,1,1,0,0,1,1 (1ct 0st),1,1.00,1.00,0.00
LE Bosman (SA),2006-2010,2006,2010,4,14,14,1,1,0,0,1,1 (1ct 0st),0.071,0.07,0.07,0.00
IDR Bradshaw (WI),2006-2006,2006,2006,0,1,1,1,1,0,0,1,1 (1ct 0st),1,1.00,1.00,0.00
DR Briggs (ENG),2012-2014,2012,2014,2,7,6,1,1,0,0,1,1 (1ct 0st),0.166,0.14,0.14,0.00
N Buckle (GUE),2019-2019,2019,2019,0,3,3,1,1,0,0,1,1 (1ct 0st),0.333,0.33,0.33,0.00
J Bulele (Moz),2019-2019,2019,2019,0,7,6,1,1,0,0,1,1 (1ct 0st),0.166,0.14,0.14,0.00
DE Burgess (Samoa),2019-2019,2019,2019,0,4,4,1,1,0,0,1,1 (1ct 0st),0.25,0.25,0.25,0.00
DK Butler (WI),2006-2006,2006,2006,0,1,1,1,1,0,0,1,1 (1ct 0st),1,1.00,1.00,0.00
CL Cairns (NZ),2005-2006,2005,2006,1,2,2,1,1,0,0,1,1 (1ct 0st),0.5,0.50,0.50,0.00
JD Campbell (WI),2019-2019,2019,2019,0,2,2,1,1,0,0,1,1 (1ct 0st),0.5,0.50,0.50,0.00
RJ Campbell (HKG),2016-2016,2016,2016,0,3,3,1,1,0,0,1,1 (1ct 0st),0.333,0.33,0.33,0.00
MA Carberry (ENG),2014-2014,2014,2014,0,1,1,1,1,0,0,1,1 (1ct 0st),1,1.00,1.00,0.00
NM Carter (SCOT),2013-2013,2013,2013,0,7,7,1,1,0,0,1,1 (1ct 0st),0.142,0.14,0.14,0.00
P Chandran (Mex),2019-2019,2019,2019,0,3,3,1,1,0,0,1,1 (1ct 0st),0.333,0.33,0.33,0.00
N Chejay (BHU),2019-2019,2019,2019,0,1,1,1,1,0,0,1,1 (1ct 0st),1,1.00,1.00,0.00
TS Chisoro (ZIM),2015-2018,2015,2018,3,12,12,1,1,0,0,1,1 (1ct 0st),0.083,0.08,0.08,0.00
AN Cook (ENG),2007-2009,2007,2009,2,4,4,1,1,0,0,1,1 (1ct 0st),0.25,0.25,0.25,0.00
J Cutinho (CRC),2019-2019,2019,2019,0,3,3,1,1,0,0,1,1 (1ct 0st),0.333,0.33,0.33,0.00
DK Dahyabhai Ahir (PNM),2019-2019,2019,2019,0,2,2,1,1,0,0,1,1 (1ct 0st),0.5,0.50,0.50,0.00
JWM Dalrymple (ENG),2006-2007,2006,2007,1,3,3,1,1,0,0,1,1 (1ct 0st),0.333,0.33,0.33,0.00
H Dandapani (Fin),2019-2019,2019,2019,0,5,5,1,1,0,0,1,1 (1ct 0st),0.2,0.20,0.20,0.00
K Dasan (),2019-2019,2019,2019,0,3,3,1,1,0,0,1,1 (1ct 0st),0.333,0.33,0.33,0.00
AS Dean (CAN),2008-2013,2008,2013,5,2,2,1,1,0,0,1,1 (1ct 0st),0.5,0.50,0.50,0.00
M de Lange (SA),2012-2015,2012,2015,3,6,6,1,1,0,0,1,1 (1ct 0st),0.166,0.17,0.17,0.00
CJ Delany (GIBR),2019-2019,2019,2019,0,4,4,1,1,0,0,1,1 (1ct 0st),0.25,0.25,0.25,0.00
SI de Saram (SL),2009-2009,2009,2009,0,1,1,1,1,0,0,1,1 (1ct 0st),1,1.00,1.00,0.00
PC de Silva (SL),2017-2017,2017,2017,0,2,2,1,1,0,0,1,1 (1ct 0st),0.5,0.50,0.50,0.00
Dhiman Ghosh (BDESH),2008-2008,2008,2008,0,1,1,1,0,1,0,0,1 (0ct 1st),1,0.00,1.00,1.00
AB Dinda (INDIA),2009-2012,2009,2012,3,9,9,1,1,0,0,1,1 (1ct 0st),0.111,0.11,0.11,0.00
LA Dunbar (Serb),2019-2019,2019,2019,0,2,2,1,1,0,1,0,1 (1ct 0st),0.5,0.50,0.50,0.00
AB Dursak (TKY),2019-2019,2019,2019,0,4,4,1,1,0,0,1,1 (1ct 0st),0.25,0.25,0.25,0.00
G Dutta (Mex),2019-2019,2019,2019,0,7,7,1,1,0,0,1,1 (1ct 0st),0.142,0.14,0.14,0.00
J Edness (BMUDA),2008-2008,2008,2008,0,3,3,1,0,1,0,0,1 (0ct 1st),0.333,0.00,0.33,0.33
RMS Eranga (SL),2012-2013,2012,2013,1,3,3,1,1,0,0,1,1 (1ct 0st),0.333,0.33,0.33,0.00
L Evile (Samoa),2019-2019,2019,2019,0,4,4,1,1,0,0,1,1 (1ct 0st),0.25,0.25,0.25,0.00
M Faheem (THAI),2019-2019,2019,2019,0,4,4,1,1,0,0,1,1 (1ct 0st),0.25,0.25,0.25,0.00
Faisal Khan (Saudi),2019-2019,2019,2019,0,4,4,1,1,0,0,1,1 (1ct 0st),0.25,0.25,0.25,0.00
Fareed Ahmad (AFG),2016-2019,2016,2019,3,14,14,1,1,0,0,1,1 (1ct 0st),0.071,0.07,0.07,0.00
Farhan Ahmed (UAE),2016-2016,2016,2016,0,3,3,1,1,0,0,1,1 (1ct 0st),0.333,0.33,0.33,0.00
Fayyaz Ahmed (UAE),2015-2015,2015,2015,0,1,1,1,1,0,0,1,1 (1ct 0st),1,1.00,1.00,0.00
CJ Ferguson (AUS),2009-2009,2009,2009,0,3,3,1,1,0,0,1,1 (1ct 0st),0.333,0.33,0.33,0.00
SE Findlay (WI),2008-2008,2008,2008,0,2,2,1,1,0,0,1,1 (1ct 0st),0.5,0.50,0.50,0.00
JA Fitzgerald (GIBR),2019-2019,2019,2019,0,4,4,1,1,0,0,1,1 (1ct 0st),0.25,0.25,0.25,0.00
BT Foakes (ENG),2019-2019,2019,2019,0,1,1,1,1,0,1,0,1 (1ct 0st),1,1.00,1.00,0.00
CR Foggo (BMUDA),2008-2008,2008,2008,0,3,3,1,1,0,0,1,1 (1ct 0st),0.333,0.33,0.33,0.00
TS Fray (BMUDA),2019-2019,2019,2019,0,10,10,1,1,0,0,1,1 (1ct 0st),0.1,0.10,0.10,0.00
C Fry (LUX),2019-2019,2019,2019,0,3,3,1,1,0,0,1,1 (1ct 0st),0.333,0.33,0.33,0.00
R Frylinck (SA),2017-2018,2017,2018,1,3,3,1,1,0,0,1,1 (1ct 0st),0.333,0.33,0.33,0.00
ST Gabriel (WI),2013-2013,2013,2013,0,2,2,1,1,0,0,1,1 (1ct 0st),0.5,0.50,0.50,0.00
WT Gavera (PNG),2015-2017,2015,2017,2,6,6,1,1,0,0,1,1 (1ct 0st),0.166,0.17,0.17,0.00
Gershon Yusuf (NGA),2019-2019,2019,2019,0,1,1,1,1,0,0,1,1 (1ct 0st),1,1.00,1.00,0.00
MR Gillespie (NZ),2006-2008,2006,2008,2,11,11,1,1,0,0,1,1 (1ct 0st),0.09,0.09,0.09,0.00
R Goodwin (PHI),2019-2019,2019,2019,0,4,4,1,1,0,0,1,1 (1ct 0st),0.25,0.25,0.25,0.00
JOA Gordon (CAN),2013-2019,2013,2019,6,7,7,1,1,0,0,1,1 (1ct 0st),0.142,0.14,0.14,0.00
TG Gordon (CAN),2012-2012,2012,2012,0,3,3,1,1,0,0,1,1 (1ct 0st),0.333,0.33,0.33,0.00
K Gore (USA),2019-2019,2019,2019,0,4,4,1,1,0,0,1,1 (1ct 0st),0.25,0.25,0.25,0.00
H Gori (CZK-R),2019-2019,2019,2019,0,7,7,1,1,0,0,1,1 (1ct 0st),0.142,0.14,0.14,0.00
S Goud (CZK-R),2019-2019,2019,2019,0,1,1,1,1,0,0,1,1 (1ct 0st),1,1.00,1.00,0.00
AM Guruge (UAE),2014-2015,2014,2015,1,5,5,1,1,0,0,1,1 (1ct 0st),0.2,0.20,0.20,0.00
Hafez Farooq (Peru),2019-2019,2019,2019,0,4,4,1,1,0,0,1,1 (1ct 0st),0.25,0.25,0.25,0.00
OJ Hairs (SCOT),2019-2019,2019,2019,0,8,8,1,1,0,0,1,1 (1ct 0st),0.125,0.13,0.13,0.00
Hamza Dar (ESP),2019-2019,2019,2019,0,1,1,1,1,0,0,1,1 (1ct 0st),1,1.00,1.00,0.00
SJ Harmison (ENG),2005-2006,2005,2006,1,2,2,1,1,0,0,1,1 (1ct 0st),0.5,0.50,0.50,0.00
NM Hauritz (AUS),2009-2009,2009,2009,0,3,3,1,1,0,0,1,1 (1ct 0st),0.333,0.33,0.33,0.00
ML Hayden (AUS),2005-2007,2005,2007,2,9,9,1,1,0,0,1,1 (1ct 0st),0.111,0.11,0.11,0.00
JR Hazlewood (AUS),2013-2016,2013,2016,3,7,7,1,1,0,0,1,1 (1ct 0st),0.142,0.14,0.14,0.00
MJ Henry (NZ),2014-2017,2014,2017,3,6,6,1,1,0,0,1,1 (1ct 0st),0.166,0.17,0.17,0.00
WW Hinds (WI),2006-2010,2006,2010,4,5,5,1,1,0,0,1,1 (1ct 0st),0.2,0.20,0.20,0.00
GB Hogg (AUS),2006-2014,2006,2014,8,15,15,1,1,0,0,1,1 (1ct 0st),0.066,0.07,0.07,0.00
Z Hoque (THAI),2019-2019,2019,2019,0,3,3,1,1,0,0,1,1 (1ct 0st),0.333,0.33,0.33,0.00
JM How (NZ),2007-2008,2007,2008,1,5,5,1,1,0,0,1,1 (1ct 0st),0.2,0.20,0.20,0.00
MG Hunter (GIBR),2019-2019,2019,2019,0,4,4,1,1,0,0,1,1 (1ct 0st),0.25,0.25,0.25,0.00
JJ Huo (Moz),2019-2019,2019,2019,0,7,6,1,1,0,0,1,1 (1ct 0st),0.166,0.14,0.14,0.00
J Hurley (Arg),2019-2019,2019,2019,0,3,3,1,1,0,0,1,1 (1ct 0st),0.333,0.33,0.33,0.00
A Husain (Arg),2019-2019,2019,2019,0,5,5,1,1,0,0,1,1 (1ct 0st),0.2,0.20,0.20,0.00
GM Hyde (Blz),2019-2019,2019,2019,0,3,3,1,1,0,0,1,1 (1ct 0st),0.333,0.33,0.33,0.00
Ibrahim Nashath (Mald),2019-2019,2019,2019,0,3,3,1,1,0,0,1,1 (1ct 0st),0.333,0.33,0.33,0.00
Ibrahim Rizan (Mald),2019-2019,2019,2019,0,5,5,1,1,0,0,1,1 (1ct 0st),0.2,0.20,0.20,0.00
Ibrahim Zadran (AFG),2019-2019,2019,2019,0,3,3,1,1,0,0,1,1 (1ct 0st),0.333,0.33,0.33,0.00
AF Ifill (Caym),2019-2019,2019,2019,0,6,6,1,1,0,0,1,1 (1ct 0st),0.166,0.17,0.17,0.00
Iftikhar Ahmed (PAK),2016-2019,2016,2019,3,6,6,1,1,0,0,1,1 (1ct 0st),0.166,0.17,0.17,0.00
Ilyas Ahmed (KUW),2019-2019,2019,2019,0,6,6,1,1,0,0,1,1 (1ct 0st),0.166,0.17,0.17,0.00
Imran Ashraf (QAT),2019-2019,2019,2019,0,3,3,1,1,0,0,1,1 (1ct 0st),0.333,0.33,0.33,0.00
Imran Haider (UAE),2016-2019,2016,2019,3,11,11,1,1,0,0,1,1 (1ct 0st),0.09,0.09,0.09,0.00
PJ Ingram (NZ),2010-2010,2010,2010,0,3,3,1,1,0,0,1,1 (1ct 0st),0.333,0.33,0.33,0.00
DF Jacobs (THAI),2019-2019,2019,2019,0,4,4,1,1,0,0,1,1 (1ct 0st),0.25,0.25,0.25,0.00
KM Jadhav (INDIA),2015-2017,2015,2017,2,9,9,1,1,0,0,1,1 (1ct 0st),0.111,0.11,0.11,0.00
S Jamil (Belg),2019-2019,2019,2019,0,3,3,1,1,0,0,1,1 (1ct 0st),0.333,0.33,0.33,0.00
Jasdeep Singh (USA),2019-2019,2019,2019,0,4,4,1,1,0,0,1,1 (1ct 0st),0.25,0.25,0.25,0.00
Jaspreet Singh (ITA),2019-2019,2019,2019,0,5,4,1,1,0,0,1,1 (1ct 0st),0.25,0.20,0.20,0.00
K Jethi (CAN),2008-2008,2008,2008,0,5,5,1,1,0,0,1,1 (1ct 0st),0.2,0.20,0.20,0.00
J Jojo (DEN),2019-2019,2019,2019,0,7,5,1,1,0,0,1,1 (1ct 0st),0.2,0.14,0.14,0.00
MO Jones (BMUDA),2019-2019,2019,2019,0,8,8,1,1,0,0,1,1 (1ct 0st),0.125,0.13,0.13,0.00
NG Jones (IRE),2010-2012,2010,2012,2,5,4,1,1,0,0,1,1 (1ct 0st),0.25,0.20,0.20,0.00
C Jonker (SA),2018-2018,2018,2018,0,2,2,1,1,0,0,1,1 (1ct 0st),0.5,0.50,0.50,0.00
Junaid Siddique (BDESH),2007-2012,2007,2012,5,7,7,1,1,0,0,1,1 (1ct 0st),0.142,0.14,0.14,0.00
Kaleem Shah (Moz),2019-2019,2019,2019,0,7,6,1,1,0,0,1,1 (1ct 0st),0.166,0.14,0.14,0.00
JK Kamande (KENYA),2007-2010,2007,2010,3,12,12,1,1,0,0,1,1 (1ct 0st),0.083,0.08,0.08,0.00
Kamran Shazad (UAE),2014-2014,2014,2014,0,3,3,1,1,0,0,1,1 (1ct 0st),0.333,0.33,0.33,0.00
TE Kane (IRE),2015-2019,2015,2019,4,7,5,1,1,0,0,1,1 (1ct 0st),0.2,0.14,0.14,0.00
S Keshvani (CAN),2010-2010,2010,2010,0,2,2,1,1,0,0,1,1 (1ct 0st),0.5,0.50,0.50,0.00
RWT Key (ENG),2009-2009,2009,2009,0,1,1,1,1,0,0,1,1 (1ct 0st),1,1.00,1.00,0.00
N Khanna (MALTA),2019-2019,2019,2019,0,2,2,1,1,0,0,1,1 (1ct 0st),0.5,0.50,0.50,0.00
Khizer Ahmed (NOR),2019-2019,2019,2019,0,5,5,1,0,1,0,0,1 (0ct 1st),0.2,0.00,0.20,0.20
N Khosla (MALTA),2019-2019,2019,2019,0,4,4,1,1,0,0,1,1 (1ct 0st),0.25,0.25,0.25,0.00
Khurram Chohan (CAN),2010-2010,2010,2010,0,4,4,1,1,0,0,1,1 (1ct 0st),0.25,0.25,0.25,0.00
TCR Kimber (GUE),2019-2019,2019,2019,0,3,3,1,0,1,0,0,1 (0ct 1st),0.333,0.00,0.33,0.33
NR Kirton (CAN),2019-2019,2019,2019,0,5,5,1,1,0,0,1,1 (1ct 0st),0.2,0.20,0.20,0.00
RK Kleinveldt (SA),2008-2013,2008,2013,5,6,6,1,1,0,0,1,1 (1ct 0st),0.166,0.17,0.17,0.00
Kuldeep Singh (PHI),2019-2019,2019,2019,0,4,4,1,1,0,0,1,1 (1ct 0st),0.25,0.25,0.25,0.00
P Kumar (INDIA),2008-2012,2008,2012,4,10,10,1,1,0,0,1,1 (1ct 0st),0.1,0.10,0.10,0.00
R Kumar (ROM),2019-2019,2019,2019,0,4,4,1,1,0,0,1,1 (1ct 0st),0.25,0.25,0.25,0.00
UKPW Kumaranayaka (KUW),2019-2019,2019,2019,0,3,3,1,1,0,0,1,1 (1ct 0st),0.333,0.33,0.33,0.00
A Lagos (),2019-2019,2019,2019,0,1,1,1,1,0,0,1,1 (1ct 0st),1,1.00,1.00,0.00
H Lakov (),2019-2019,2019,2019,0,3,3,1,1,0,0,1,1 (1ct 0st),0.333,0.33,0.33,0.00
CK Langeveldt (SA),2005-2010,2005,2010,5,9,9,1,1,0,0,1,1 (1ct 0st),0.111,0.11,0.11,0.00
B Laughlin (AUS),2009-2013,2009,2013,4,3,3,1,1,0,0,1,1 (1ct 0st),0.333,0.33,0.33,0.00
J Lewis (ENG),2005-2007,2005,2007,2,2,2,1,1,0,0,1,1 (1ct 0st),0.5,0.50,0.50,0.00
ML Lewis (AUS),2006-2006,2006,2006,0,2,2,1,1,0,0,1,1 (1ct 0st),0.5,0.50,0.50,0.00
RN Lewis (WI),2008-2008,2008,2008,0,1,1,1,1,0,0,1,1 (1ct 0st),1,1.00,1.00,0.00
NCK Liyanage (MAL),2019-2019,2019,2019,0,6,5,1,1,0,0,1,1 (1ct 0st),0.2,0.17,0.17,0.00
KS Lokuarachchi (SL),2012-2012,2012,2012,0,2,2,1,1,0,0,1,1 (1ct 0st),0.5,0.50,0.50,0.00
J Long (PHI),2019-2019,2019,2019,0,2,2,1,1,0,0,1,1 (1ct 0st),0.5,0.50,0.50,0.00
T Lungameni (NAM),2019-2019,2019,2019,0,6,6,1,1,0,0,1,1 (1ct 0st),0.166,0.17,0.17,0.00
GD McGrath (AUS),2005-2005,2005,2005,0,2,2,1,1,0,0,1,1 (1ct 0st),0.5,0.50,0.50,0.00
NJ Maddinson (AUS),2013-2018,2013,2018,5,6,6,1,1,0,0,1,1 (1ct 0st),0.166,0.17,0.17,0.00
DL Maddy (ENG),2007-2007,2007,2007,0,4,4,1,1,0,0,1,1 (1ct 0st),0.25,0.25,0.25,0.00
Mahedi Hasan (BDESH),2018-2018,2018,2018,0,1,1,1,1,0,0,1,1 (1ct 0st),1,1.00,1.00,0.00
Mahmad Data (PNM),2019-2019,2019,2019,0,2,2,1,1,0,0,1,1 (1ct 0st),0.5,0.50,0.50,0.00
S Mahmood (ENG),2019-2019,2019,2019,0,3,3,1,1,0,0,1,1 (1ct 0st),0.333,0.33,0.33,0.00
SI Mahmood (ENG),2006-2009,2006,2009,3,4,4,1,1,0,0,1,1 (1ct 0st),0.25,0.25,0.25,0.00
GI Maiden (SCOT),2008-2008,2008,2008,0,3,3,1,1,0,0,1,1 (1ct 0st),0.333,0.33,0.33,0.00
BF Mailata (Samoa),2019-2019,2019,2019,0,4,4,1,1,0,0,1,1 (1ct 0st),0.25,0.25,0.25,0.00
GT Main (SCOT),2015-2016,2015,2016,1,4,2,1,1,0,0,1,1 (1ct 0st),0.5,0.25,0.25,0.00
D Maisuria (Botsw),2019-2019,2019,2019,0,6,6,1,1,0,0,1,1 (1ct 0st),0.166,0.17,0.17,0.00
A Makesh (KUW),2019-2019,2019,2019,0,4,4,1,1,0,0,1,1 (1ct 0st),0.25,0.25,0.25,0.00
AK Mandal (NEPAL),2015-2015,2015,2015,0,2,2,1,1,0,0,1,1 (1ct 0st),0.5,0.50,0.50,0.00
Mandeep Singh (INDIA),2016-2016,2016,2016,0,3,3,1,1,0,0,1,1 (1ct 0st),0.333,0.33,0.33,0.00
P Manning (Caym),2019-2019,2019,2019,0,6,6,1,1,0,0,1,1 (1ct 0st),0.166,0.17,0.17,0.00
AK Markram (SA),2019-2019,2019,2019,0,2,2,1,1,0,0,1,1 (1ct 0st),0.5,0.50,0.50,0.00
HJH Marshall (NZ),2005-2006,2005,2006,1,3,3,1,1,0,0,1,1 (1ct 0st),0.333,0.33,0.33,0.00
OM Marshall (Peru),2019-2019,2019,2019,0,3,3,1,1,0,0,1,1 (1ct 0st),0.333,0.33,0.33,0.00
CS Martin (NZ),2007-2008,2007,2008,1,6,6,1,1,0,0,1,1 (1ct 0st),0.166,0.17,0.17,0.00
DR Martyn (AUS),2005-2006,2005,2006,1,4,4,1,1,0,0,1,1 (1ct 0st),0.25,0.25,0.25,0.00
I Master (Botsw),2019-2019,2019,2019,0,2,2,1,1,0,0,1,1 (1ct 0st),0.5,0.50,0.50,0.00
GE Mathurin (WI),2011-2012,2011,2012,1,3,3,1,1,0,0,1,1 (1ct 0st),0.333,0.33,0.33,0.00
B Mavuta (ZIM),2018-2018,2018,2018,0,3,3,1,1,0,0,1,1 (1ct 0st),0.333,0.33,0.33,0.00
M Meade (Chile),2019-2019,2019,2019,0,1,1,1,1,0,0,1,1 (1ct 0st),1,1.00,1.00,0.00
SC Meaker (ENG),2012-2012,2012,2012,0,2,2,1,1,0,0,1,1 (1ct 0st),0.5,0.50,0.50,0.00
J Mees (LUX),2019-2019,2019,2019,0,3,3,1,1,0,1,0,1 (1ct 0st),0.333,0.33,0.33,0.00
PHKD Mendis (SL),2018-2019,2018,2019,1,4,4,1,1,0,0,1,1 (1ct 0st),0.25,0.25,0.25,0.00
CAJ Meschede (GER),2019-2019,2019,2019,0,5,5,1,1,0,0,1,1 (1ct 0st),0.2,0.20,0.20,0.00
KO Meth (ZIM),2012-2012,2012,2012,0,2,2,1,1,0,0,1,1 (1ct 0st),0.5,0.50,0.50,0.00
Mian Mehmood (PORT),2019-2019,2019,2019,0,4,4,1,1,0,0,1,1 (1ct 0st),0.25,0.25,0.25,0.00
AJ Michael (Samoa),2019-2019,2019,2019,0,4,4,1,1,0,0,1,1 (1ct 0st),0.25,0.25,0.25,0.00
TS Mills (ENG/ICC),2016-2018,2016,2018,2,5,5,1,1,0,0,1,1 (1ct 0st),0.2,0.20,0.20,0.00
A Mishra (INDIA),2010-2017,2010,2017,7,10,10,1,1,0,0,1,1 (1ct 0st),0.1,0.10,0.10,0.00
P Mishra (),2019-2019,2019,2019,0,3,3,1,1,0,0,1,1 (1ct 0st),0.333,0.33,0.33,0.00
K Modise (Botsw),2019-2019,2019,2019,0,3,3,1,1,0,0,1,1 (1ct 0st),0.333,0.33,0.33,0.00
Mohammad Irfan (PAK),2012-2019,2012,2019,7,22,22,1,1,0,0,1,1 (1ct 0st),0.045,0.05,0.05,0.00
Mohammad Kashif (NL),2010-2010,2010,2010,0,3,3,1,1,0,0,1,1 (1ct 0st),0.333,0.33,0.33,0.00
Mohammad Shahzad (UAE),2015-2017,2015,2017,2,20,20,1,1,0,0,1,1 (1ct 0st),0.05,0.05,0.05,0.00
Mohammad Tauqir (UAE),2015-2015,2015,2015,0,3,3,1,1,0,0,1,1 (1ct 0st),0.333,0.33,0.33,0.00
Mohammad Yousuf (PAK),2006-2010,2006,2010,4,3,3,1,1,0,0,1,1 (1ct 0st),0.333,0.33,0.33,0.00
JN Mohammed (WI),2017-2018,2017,2018,1,9,9,1,1,0,0,1,1 (1ct 0st),0.111,0.11,0.11,0.00
Mohammed Qasim (UAE),2016-2017,2016,2017,1,3,3,1,1,0,0,1,1 (1ct 0st),0.333,0.33,0.33,0.00
Mohammed Siraj (INDIA),2017-2018,2017,2018,1,3,3,1,1,0,0,1,1 (1ct 0st),0.333,0.33,0.33,0.00
HJC Mol (NL),2008-2008,2008,2008,0,4,3,1,1,0,0,1,1 (1ct 0st),0.333,0.25,0.25,0.00
Mominul Haque (BDESH),2012-2014,2012,2014,2,6,6,1,1,0,0,1,1 (1ct 0st),0.166,0.17,0.17,0.00
D Mongia (INDIA),2006-2006,2006,2006,0,1,1,1,1,0,0,1,1 (1ct 0st),1,1.00,1.00,0.00
M Mooketsi (Botsw),2019-2019,2019,2019,0,7,7,1,1,0,0,1,1 (1ct 0st),0.142,0.14,0.14,0.00
Mudassar Muhammad (GER),2019-2019,2019,2019,0,7,7,1,1,0,0,1,1 (1ct 0st),0.142,0.14,0.14,0.00
Muhamad Syahadat (MAL),2019-2019,2019,2019,0,10,9,1,1,0,0,1,1 (1ct 0st),0.111,0.10,0.10,0.00
Muhammad Amir (MAL),2019-2019,2019,2019,0,1,1,1,1,0,0,1,1 (1ct 0st),1,1.00,1.00,0.00
Muhammad Asjed (ESP),2019-2019,2019,2019,0,2,2,1,1,0,0,1,1 (1ct 0st),0.5,0.50,0.50,0.00
Muhammad Kaleem (UAE),2016-2016,2016,2016,0,9,9,1,1,0,0,1,1 (1ct 0st),0.111,0.11,0.11,0.00
Muhammad Khurram (MWI),2019-2019,2019,2019,0,5,5,1,1,0,1,0,1 (1ct 0st),0.2,0.20,0.20,0.00
Muhammad Naeem (Saudi),2019-2019,2019,2019,0,5,5,1,1,0,0,1,1 (1ct 0st),0.2,0.20,0.20,0.00
Muhammad Saleem (),2019-2019,2019,2019,0,4,4,1,1,0,0,1,1 (1ct 0st),0.25,0.25,0.25,0.00
JK Mukhiya (NEPAL),2014-2015,2014,2015,1,4,4,1,1,0,0,1,1 (1ct 0st),0.25,0.25,0.25,0.00
EMDY Munaweera (SL),2012-2017,2012,2017,5,13,13,1,1,0,0,1,1 (1ct 0st),0.076,0.08,0.08,0.00
GBW Munaweera (QAT),2019-2019,2019,2019,0,5,5,1,1,0,0,1,1 (1ct 0st),0.2,0.20,0.20,0.00
Munir Dar (HKG),2014-2014,2014,2014,0,2,2,1,1,0,0,1,1 (1ct 0st),0.5,0.50,0.50,0.00
M Muralitharan (SL),2006-2010,2006,2010,4,12,12,1,1,0,0,1,1 (1ct 0st),0.083,0.08,0.08,0.00
D Murphy (SCOT),2013-2013,2013,2013,0,4,4,1,1,0,1,0,1 (1ct 0st),0.25,0.25,0.25,0.00
Musawar Shah (QAT),2019-2019,2019,2019,0,2,2,1,1,0,0,1,1 (1ct 0st),0.5,0.50,0.50,0.00
N M'shangwe (ZIM),2013-2014,2013,2014,1,5,5,1,1,0,0,1,1 (1ct 0st),0.2,0.20,0.20,0.00
AK Muslar (Blz),2019-2019,2019,2019,0,3,3,1,1,0,0,1,1 (1ct 0st),0.333,0.33,0.33,0.00
Muslim Yar (GER),2019-2019,2019,2019,0,7,7,1,1,0,0,1,1 (1ct 0st),0.142,0.14,0.14,0.00
T Muzarabani (ZIM),2015-2016,2015,2016,1,9,9,1,1,0,0,1,1 (1ct 0st),0.111,0.11,0.11,0.00
M Mwamadi (MWI),2019-2019,2019,2019,0,3,3,1,1,0,0,1,1 (1ct 0st),0.333,0.33,0.33,0.00
Najjam Shahzad (PORT),2019-2019,2019,2019,0,4,4,1,1,0,0,1,1 (1ct 0st),0.25,0.25,0.25,0.00
DM Nakrani (UGA),2019-2019,2019,2019,0,4,4,1,1,0,0,1,1 (1ct 0st),0.25,0.25,0.25,0.00
W Nalisa (VAN),2019-2019,2019,2019,0,9,9,1,1,0,0,1,1 (1ct 0st),0.111,0.11,0.11,0.00
DP Nannes (AUS/NL),2009-2010,2009,2010,1,17,17,1,1,0,0,1,1 (1ct 0st),0.058,0.06,0.06,0.00
Naseem Khushi (OMAN),2017-2019,2017,2019,2,10,10,1,1,0,0,1,1 (1ct 0st),0.1,0.10,0.10,0.00
A Nathwani (Aut),2019-2019,2019,2019,0,5,5,1,1,0,0,1,1 (1ct 0st),0.2,0.20,0.20,0.00
A Natubhai Ahir (PNM),2019-2019,2019,2019,0,3,3,1,1,0,0,1,1 (1ct 0st),0.333,0.33,0.33,0.00
Naveed Ahmed (CZK-R),2019-2019,2019,2019,0,7,7,1,1,0,0,1,1 (1ct 0st),0.142,0.14,0.14,0.00
Nazakat Ali (NOR),2019-2019,2019,2019,0,2,2,1,1,0,0,1,1 (1ct 0st),0.5,0.50,0.50,0.00
Nazril Rahman (MAL),2019-2019,2019,2019,0,7,7,1,1,0,0,1,1 (1ct 0st),0.142,0.14,0.14,0.00
A Nel (SA),2005-2007,2005,2007,2,2,2,1,1,0,0,1,1 (1ct 0st),0.5,0.50,0.50,0.00
JD Nel (SCOT),2007-2010,2007,2010,3,10,9,1,1,0,0,1,1 (1ct 0st),0.111,0.10,0.10,0.00
L Ngidi (SA),2017-2018,2017,2018,1,7,7,1,1,0,0,1,1 (1ct 0st),0.142,0.14,0.14,0.00
PA Nixon (ENG),2007-2007,2007,2007,0,1,1,1,0,1,0,0,1 (0ct 1st),1,0.00,1.00,1.00
L Nussbaumer (GUE),2019-2019,2019,2019,0,1,1,1,1,0,0,1,1 (1ct 0st),1,1.00,1.00,0.00
SH Obed (VAN),2019-2019,2019,2019,0,12,12,1,1,0,0,1,1 (1ct 0st),0.083,0.08,0.08,0.00
E Ochieng (KENYA),2019-2019,2019,2019,0,2,2,1,1,0,0,1,1 (1ct 0st),0.5,0.50,0.50,0.00
PP Ojha (INDIA),2009-2010,2009,2010,1,6,6,1,1,0,0,1,1 (1ct 0st),0.166,0.17,0.17,0.00
SNJ O'Keefe (AUS),2010-2011,2010,2011,1,7,7,1,1,0,0,1,1 (1ct 0st),0.142,0.14,0.14,0.00
IO Okpe (NGA),2019-2019,2019,2019,0,8,8,1,1,0,0,1,1 (1ct 0st),0.125,0.13,0.13,0.00
R Olipa (UGA),2019-2019,2019,2019,0,2,2,1,1,0,0,1,1 (1ct 0st),0.5,0.50,0.50,0.00
Omar Hayat (DEN),2019-2019,2019,2019,0,2,2,1,1,0,0,1,1 (1ct 0st),0.5,0.50,0.50,0.00
A Otwani (UGA),2019-2019,2019,2019,0,4,4,1,1,0,1,0,1 (1ct 0st),0.25,0.25,0.25,0.00
SD Outerbridge (BMUDA),2008-2008,2008,2008,0,3,3,1,1,0,0,1,1 (1ct 0st),0.333,0.33,0.33,0.00
E Packard (GIBR),2019-2019,2019,2019,0,4,4,1,1,0,0,1,1 (1ct 0st),0.25,0.25,0.25,0.00
K Pala (PNG),2015-2015,2015,2015,0,2,2,1,1,0,0,1,1 (1ct 0st),0.5,0.50,0.50,0.00
I Pandey (NEPAL),2019-2019,2019,2019,0,4,4,1,1,0,0,1,1 (1ct 0st),0.25,0.25,0.25,0.00
NMS Param (SGP),2019-2019,2019,2019,0,8,8,1,1,0,0,1,1 (1ct 0st),0.125,0.13,0.13,0.00
PA Patel (INDIA),2011-2011,2011,2011,0,2,2,1,1,0,1,0,1 (1ct 0st),0.5,0.50,0.50,0.00
RN Patel (KENYA),2019-2019,2019,2019,0,2,2,1,1,0,0,1,1 (1ct 0st),0.5,0.50,0.50,0.00
D Paterson (SA),2017-2018,2017,2018,1,8,8,1,1,0,0,1,1 (1ct 0st),0.125,0.13,0.13,0.00
C Pengkumta (THAI),2019-2019,2019,2019,0,4,4,1,1,0,0,1,1 (1ct 0st),0.25,0.25,0.25,0.00
AK Perera (SL),2013-2019,2013,2019,6,6,6,1,1,0,0,1,1 (1ct 0st),0.166,0.17,0.17,0.00
SL Perera (Ghana),2019-2019,2019,2019,0,2,2,1,1,0,0,1,1 (1ct 0st),0.5,0.50,0.50,0.00
WKD Perkins (WI),2008-2008,2008,2008,0,1,1,1,1,0,0,1,1 (1ct 0st),1,1.00,1.00,0.00
J Perman (ESP),2019-2019,2019,2019,0,2,2,1,1,0,0,1,1 (1ct 0st),0.5,0.50,0.50,0.00
AN Petersen (SA),2010-2010,2010,2010,0,2,2,1,1,0,0,1,1 (1ct 0st),0.5,0.50,0.50,0.00
VD Philander (SA),2007-2007,2007,2007,0,7,7,1,1,0,0,1,1 (1ct 0st),0.142,0.14,0.14,0.00
K Pierre (WI),2018-2019,2018,2019,1,8,8,1,1,0,0,1,1 (1ct 0st),0.125,0.13,0.13,0.00
R Pillai (GER),2019-2019,2019,2019,0,6,6,1,1,0,0,1,1 (1ct 0st),0.166,0.17,0.17,0.00
R Pisal (ROM),2019-2019,2019,2019,0,1,1,1,1,0,0,1,1 (1ct 0st),1,1.00,1.00,0.00
S Pokhriyal (CZK-R),2019-2019,2019,2019,0,5,5,1,1,0,0,1,1 (1ct 0st),0.2,0.20,0.20,0.00
KOA Powell (WI),2014-2014,2014,2014,0,1,1,1,1,0,0,1,1 (1ct 0st),1,1.00,1.00,0.00
M Pushpakumara (SL),2009-2009,2009,2009,0,1,1,1,1,0,0,1,1 (1ct 0st),1,1.00,1.00,0.00
A Rangaswamy (Botsw),2019-2019,2019,2019,0,4,4,1,1,0,0,1,1 (1ct 0st),0.25,0.25,0.25,0.00
Raqibul Hasan (BDESH),2008-2010,2008,2010,2,5,5,1,1,0,0,1,1 (1ct 0st),0.2,0.20,0.20,0.00
Raza Iqbal (NOR),2019-2019,2019,2019,0,5,5,1,1,0,0,1,1 (1ct 0st),0.2,0.20,0.20,0.00
CMW Read (ENG),2006-2006,2006,2006,0,1,1,1,1,0,1,0,1 (1ct 0st),1,1.00,1.00,0.00
FL Reifer (WI),2009-2009,2009,2009,0,1,1,1,1,0,0,1,1 (1ct 0st),1,1.00,1.00,0.00
JB Reva (PNG),2015-2019,2015,2019,4,9,9,1,1,0,0,1,1 (1ct 0st),0.111,0.11,0.11,0.00
KAJ Roach (WI),2008-2012,2008,2012,4,11,11,1,1,0,0,1,1 (1ct 0st),0.09,0.09,0.09,0.00
IH Romaine (BMUDA),2008-2008,2008,2008,0,2,2,1,1,0,0,1,1 (1ct 0st),0.5,0.50,0.50,0.00
Rubel Hossain (BDESH),2009-2018,2009,2018,9,27,26,1,1,0,0,1,1 (1ct 0st),0.038,0.04,0.04,0.00
Rumman Raees (PAK),2016-2018,2016,2018,2,8,8,1,1,0,0,1,1 (1ct 0st),0.125,0.13,0.13,0.00
RJMGM Rupasinghe (SL),2009-2009,2009,2009,0,2,2,1,1,0,0,1,1 (1ct 0st),0.5,0.50,0.50,0.00
GR Russ (PHI),2019-2019,2019,2019,0,3,3,1,1,0,0,1,1 (1ct 0st),0.333,0.33,0.33,0.00
HD Rutherford (NZ),2013-2019,2013,2019,6,8,8,1,1,0,0,1,1 (1ct 0st),0.125,0.13,0.13,0.00
SE Rutherford (WI),2018-2019,2018,2019,1,3,3,1,1,0,0,1,1 (1ct 0st),0.333,0.33,0.33,0.00
Saad Nasim (PAK),2014-2014,2014,2014,0,3,3,1,1,0,0,1,1 (1ct 0st),0.333,0.33,0.33,0.00
VM Sachdev (PNM),2019-2019,2019,2019,0,2,2,1,1,0,0,1,1 (1ct 0st),0.5,0.50,0.50,0.00
Sadeeq Khan (ROM),2019-2019,2019,2019,0,3,3,1,1,0,0,1,1 (1ct 0st),0.333,0.33,0.33,0.00
Sahir Naqash (GER),2019-2019,2019,2019,0,7,7,1,1,0,0,1,1 (1ct 0st),0.142,0.14,0.14,0.00
NA Saini (INDIA),2019-2019,2019,2019,0,5,5,1,1,0,0,1,1 (1ct 0st),0.2,0.20,0.20,0.00
Sajedul Islam (BDESH),2013-2013,2013,2013,0,1,1,1,1,0,0,1,1 (1ct 0st),1,1.00,1.00,0.00
AM Samad (CAN),2008-2010,2008,2010,2,7,7,1,1,0,0,1,1 (1ct 0st),0.142,0.14,0.14,0.00
SV Samson (INDIA),2015-2015,2015,2015,0,1,1,1,1,0,0,1,1 (1ct 0st),1,1.00,1.00,0.00
R Sandaruwan (KUW),2019-2019,2019,2019,0,10,10,1,1,0,0,1,1 (1ct 0st),0.1,0.10,0.10,0.00
JRMVB Sanjaya (SL),2017-2017,2017,2017,0,8,8,1,1,0,0,1,1 (1ct 0st),0.125,0.13,0.13,0.00
K Santokie (WI),2011-2014,2011,2014,3,12,12,1,1,0,0,1,1 (1ct 0st),0.083,0.08,0.08,0.00
Saqlain Arshad (QAT),2019-2019,2019,2019,0,2,2,1,1,0,0,1,1 (1ct 0st),0.5,0.50,0.50,0.00
M Sarenac (Serb),2019-2019,2019,2019,0,2,2,1,1,0,0,1,1 (1ct 0st),0.5,0.50,0.50,0.00
A Sarma (GER),2019-2019,2019,2019,0,3,3,1,1,0,0,1,1 (1ct 0st),0.333,0.33,0.33,0.00
MM Sarwar (KUW),2019-2019,2019,2019,0,5,5,1,1,0,0,1,1 (1ct 0st),0.2,0.20,0.20,0.00
I Sawmy (DEN),2019-2019,2019,2019,0,2,2,1,1,0,0,1,1 (1ct 0st),0.5,0.50,0.50,0.00
Sayed Shirzad (AFG),2015-2019,2015,2019,4,4,4,1,1,0,0,1,1 (1ct 0st),0.25,0.25,0.25,0.00
CP Schofield (ENG),2007-2007,2007,2007,0,4,4,1,1,0,0,1,1 (1ct 0st),0.25,0.25,0.25,0.00
Shaffeq Muhammad (),2019-2019,2019,2019,0,2,2,1,1,0,0,1,1 (1ct 0st),0.5,0.50,0.50,0.00
Shafiul Islam (BDESH),2010-2019,2010,2019,9,17,17,1,1,0,0,1,1 (1ct 0st),0.058,0.06,0.06,0.00
Shaheen Shah Afridi (PAK),2018-2019,2018,2019,1,10,10,1,1,0,0,1,1 (1ct 0st),0.1,0.10,0.10,0.00
Shaheryar Butt (Belg),2019-2019,2019,2019,0,3,3,1,1,0,0,1,1 (1ct 0st),0.333,0.33,0.33,0.00
Shahid Wasif (HKG),2016-2019,2016,2019,3,9,9,1,1,0,0,1,1 (1ct 0st),0.111,0.11,0.11,0.00
Shahriar Nafees (BDESH),2006-2006,2006,2006,0,1,1,1,1,0,0,1,1 (1ct 0st),1,1.00,1.00,0.00
A Shahzad (ENG),2010-2011,2010,2011,1,3,3,1,1,0,0,1,1 (1ct 0st),0.333,0.33,0.33,0.00
Shamsudheen Purat (Saudi),2019-2019,2019,2019,0,3,3,1,1,0,0,1,1 (1ct 0st),0.333,0.33,0.33,0.00
JNK Shannon (IRE),2013-2018,2013,2018,5,8,8,1,1,0,0,1,1 (1ct 0st),0.125,0.13,0.13,0.00
Sharafuddin Ashraf (AFG),2015-2019,2015,2019,4,8,8,1,1,0,0,1,1 (1ct 0st),0.125,0.13,0.13,0.00
MM Sharma (INDIA),2014-2015,2014,2015,1,8,8,1,1,0,0,1,1 (1ct 0st),0.125,0.13,0.13,0.00
V Shetty (UAE),2014-2014,2014,2014,0,2,2,1,1,0,0,1,1 (1ct 0st),0.5,0.50,0.50,0.00
Shoaib Khan jnr (PAK),2008-2008,2008,2008,0,4,4,1,1,0,0,1,1 (1ct 0st),0.25,0.25,0.25,0.00
Shuvagata Hom (BDESH),2016-2016,2016,2016,0,5,5,1,1,0,0,1,1 (1ct 0st),0.2,0.20,0.20,0.00
EHSN Silva (UAE),2014-2014,2014,2014,0,2,2,1,1,0,0,1,1 (1ct 0st),0.5,0.50,0.50,0.00
KRP Silva (USA),2019-2019,2019,2019,0,2,2,1,1,0,0,1,1 (1ct 0st),0.5,0.50,0.50,0.00
M Simpson-Parker (Aut),2019-2019,2019,2019,0,3,3,1,1,0,0,1,1 (1ct 0st),0.333,0.33,0.33,0.00
J Singye (BHU),2019-2019,2019,2019,0,2,2,1,1,0,0,1,1 (1ct 0st),0.5,0.50,0.50,0.00
DS Smith (WI),2007-2009,2007,2009,2,6,6,1,1,0,0,1,1 (1ct 0st),0.166,0.17,0.17,0.00
SJS Smith (SCOT),2010-2012,2010,2012,2,5,5,1,0,1,0,0,1 (0ct 1st),0.2,0.00,0.20,0.20
J Smits (NL),2008-2009,2008,2009,1,6,5,1,1,0,1,0,1 (1ct 0st),0.2,0.17,0.17,0.00
JT Smuts (SA),2017-2018,2017,2018,1,8,8,1,1,0,0,1,1 (1ct 0st),0.125,0.13,0.13,0.00
JN Snape (ENG),2007-2007,2007,2007,0,1,1,1,1,0,0,1,1 (1ct 0st),1,1.00,1.00,0.00
CB Sole (SCOT),2017-2018,2017,2018,1,4,4,1,1,0,0,1,1 (1ct 0st),0.25,0.25,0.25,0.00
A Srivastav (Chile),2019-2019,2019,2019,0,4,4,1,1,0,0,1,1 (1ct 0st),0.25,0.25,0.25,0.00
ACF Stokes (GUE),2019-2019,2019,2019,0,7,7,1,1,0,0,1,1 (1ct 0st),0.142,0.14,0.14,0.00
AJ Strauss (ENG),2005-2009,2005,2009,4,4,4,1,1,0,0,1,1 (1ct 0st),0.25,0.25,0.25,0.00
R Strydom (IRE),2008-2008,2008,2008,0,4,3,1,1,0,0,1,1 (1ct 0st),0.333,0.25,0.25,0.00
Sufyan Mehmood (OMAN),2015-2019,2015,2019,4,3,3,1,1,0,0,1,1 (1ct 0st),0.333,0.33,0.33,0.00
P Syafiq Ali (MAL),2019-2019,2019,2019,0,2,1,1,1,0,0,1,1 (1ct 0st),1,0.50,0.50,0.00
Syed Rasel (BDESH),2007-2008,2007,2008,1,8,8,1,1,0,0,1,1 (1ct 0st),0.125,0.13,0.13,0.00
Tanveer Ahmed (HKG),2016-2017,2016,2017,1,5,5,1,1,0,0,1,1 (1ct 0st),0.2,0.20,0.20,0.00
Taskin Ahmed (BDESH),2014-2018,2014,2018,4,19,17,1,1,0,0,1,1 (1ct 0st),0.058,0.05,0.05,0.00
P Taylor (CZK-R),2019-2019,2019,2019,0,7,7,1,1,0,0,1,1 (1ct 0st),0.142,0.14,0.14,0.00
T Taylor (Caym),2019-2019,2019,2019,0,6,6,1,1,0,0,1,1 (1ct 0st),0.166,0.17,0.17,0.00
SR Tendulkar (INDIA),2006-2006,2006,2006,0,1,1,1,1,0,0,1,1 (1ct 0st),1,1.00,1.00,0.00
SP Terry (IRE),2016-2016,2016,2016,0,1,1,1,1,0,0,1,1 (1ct 0st),1,1.00,1.00,0.00
DC Thomas (WI),2009-2013,2009,2013,4,3,3,1,0,1,0,0,1 (0ct 1st),0.333,0.00,0.33,0.33
S Tobgay (BHU),2019-2019,2019,2019,0,2,2,1,1,0,0,1,1 (1ct 0st),0.5,0.50,0.50,0.00
GC Tonge (WI),2009-2009,2009,2009,0,1,1,1,1,0,0,1,1 (1ct 0st),1,1.00,1.00,0.00
RJW Topley (ENG),2015-2016,2015,2016,1,6,6,1,1,0,0,1,1 (1ct 0st),0.166,0.17,0.17,0.00
A Tripathi (Mex),2019-2019,2019,2019,0,3,3,1,1,0,0,1,1 (1ct 0st),0.333,0.33,0.33,0.00
LL Tsotsobe (SA),2009-2014,2009,2014,5,23,23,1,1,0,0,1,1 (1ct 0st),0.043,0.04,0.04,0.00
JJ Tucker (BMUDA),2019-2019,2019,2019,0,5,5,1,1,0,0,1,1 (1ct 0st),0.2,0.20,0.20,0.00
S Tyagi (INDIA),2009-2009,2009,2009,0,1,1,1,1,0,0,1,1 (1ct 0st),1,1.00,1.00,0.00
A Uniyal (Chile),2019-2019,2019,2019,0,3,3,1,1,0,0,1,1 (1ct 0st),0.333,0.33,0.33,0.00
Usama Master (MWI),2019-2019,2019,2019,0,6,6,1,1,0,0,1,1 (1ct 0st),0.166,0.17,0.17,0.00
Usman Ali (Saudi),2019-2019,2019,2019,0,5,5,1,1,0,0,1,1 (1ct 0st),0.2,0.20,0.20,0.00
Usman Limbada (CAN),2010-2013,2010,2013,3,7,7,1,1,0,0,1,1 (1ct 0st),0.142,0.14,0.14,0.00
Usman Shinwari (PAK),2013-2019,2013,2019,6,16,16,1,1,0,0,1,1 (1ct 0st),0.062,0.06,0.06,0.00
Usman Waheed (KUW),2019-2019,2019,2019,0,6,6,1,1,0,0,1,1 (1ct 0st),0.166,0.17,0.17,0.00
JDF Vandersay (SL),2015-2019,2015,2019,4,10,10,1,1,0,0,1,1 (1ct 0st),0.1,0.10,0.10,0.00
MB van Schelven (NL),2015-2015,2015,2015,0,2,2,1,1,0,0,1,1 (1ct 0st),0.5,0.50,0.50,0.00
TCW Veillard (GUE),2019-2019,2019,2019,0,4,4,1,1,0,0,1,1 (1ct 0st),0.25,0.25,0.25,0.00
S Vijayakumar (SGP),2019-2019,2019,2019,0,9,9,1,1,0,0,1,1 (1ct 0st),0.111,0.11,0.11,0.00
Vimal Kumar (PHI),2019-2019,2019,2019,0,2,2,1,1,0,0,1,1 (1ct 0st),0.5,0.50,0.50,0.00
R Vinay Kumar (INDIA),2010-2013,2010,2013,3,9,9,1,1,0,0,1,1 (1ct 0st),0.111,0.11,0.11,0.00
L Vincent (NZ),2006-2007,2006,2007,1,9,9,1,1,0,0,1,1 (1ct 0st),0.111,0.11,0.11,0.00
W Viraliliu (VAN),2019-2019,2019,2019,0,10,10,1,1,0,0,1,1 (1ct 0st),0.1,0.10,0.10,0.00
Vishal Ahir (PNM),2019-2019,2019,2019,0,1,1,1,1,0,0,1,1 (1ct 0st),1,1.00,1.00,0.00
KDK Vithanage (SL),2014-2016,2014,2016,2,3,3,1,1,0,0,1,1 (1ct 0st),0.333,0.33,0.33,0.00
Waqar Khan (Peru),2019-2019,2019,2019,0,4,4,1,1,0,0,1,1 (1ct 0st),0.25,0.25,0.25,0.00
Waqas Ali (Belg),2019-2019,2019,2019,0,2,2,1,1,0,0,1,1 (1ct 0st),0.5,0.50,0.50,0.00
Washeem Abbas (MALTA),2019-2019,2019,2019,0,2,2,1,1,0,0,1,1 (1ct 0st),0.5,0.50,0.50,0.00
VS Wategaonkar (OMAN),2016-2016,2016,2016,0,2,2,1,1,0,0,1,1 (1ct 0st),0.5,0.50,0.50,0.00
RM West (IRE),2009-2009,2009,2009,0,5,5,1,1,0,0,1,1 (1ct 0st),0.2,0.20,0.20,0.00
AA Westphal (Mex),2019-2019,2019,2019,0,5,5,1,1,0,0,1,1 (1ct 0st),0.2,0.20,0.20,0.00
BTJ Wheal (SCOT),2016-2017,2016,2017,1,5,5,1,1,0,0,1,1 (1ct 0st),0.2,0.20,0.20,0.00
BM Wheeler (NZ),2017-2018,2017,2018,1,6,6,1,1,0,0,1,1 (1ct 0st),0.166,0.17,0.17,0.00
S Wickramasekara (CZK-R),2019-2019,2019,2019,0,5,5,1,1,0,0,1,1 (1ct 0st),0.2,0.20,0.20,0.00
SA Wijeyeratne (CAN),2019-2019,2019,2019,0,2,2,1,1,0,0,1,1 (1ct 0st),0.5,0.50,0.50,0.00
JD Wildermuth (AUS),2018-2018,2018,2018,0,2,2,1,1,0,0,1,1 (1ct 0st),0.5,0.50,0.50,0.00
CR Woakes (ENG),2011-2015,2011,2015,4,8,8,1,1,0,0,1,1 (1ct 0st),0.125,0.13,0.13,0.00
LJ Woodcock (NZ),2010-2011,2010,2011,1,3,3,1,1,0,0,1,1 (1ct 0st),0.333,0.33,0.33,0.00
GH Worker (NZ),2015-2015,2015,2015,0,2,2,1,1,0,0,1,1 (1ct 0st),0.5,0.50,0.50,0.00
AS Wright (GUE),2019-2019,2019,2019,0,8,8,1,1,0,0,1,1 (1ct 0st),0.125,0.13,0.13,0.00
CM Wright (SCOT),2007-2009,2007,2009,2,3,2,1,1,0,0,1,1 (1ct 0st),0.5,0.33,0.33,0.00
HN Ya France (NAM),2019-2019,2019,2019,0,6,6,1,1,0,0,1,1 (1ct 0st),0.166,0.17,0.17,0.00
Yasar Idrees (KUW),2019-2019,2019,2019,0,1,1,1,1,0,0,1,1 (1ct 0st),1,1.00,1.00,0.00
Yasir Arafat (PAK),2007-2012,2007,2012,5,13,13,1,1,0,0,1,1 (1ct 0st),0.076,0.08,0.08,0.00
Zaheer Maqsood (UAE),2015-2016,2015,2016,1,3,3,1,1,0,0,1,1 (1ct 0st),0.333,0.33,0.33,0.00
Zahid Hussain (CAN),2012-2012,2012,2012,0,3,3,1,1,0,0,1,1 (1ct 0st),0.333,0.33,0.33,0.00
Zameer Khan (DEN),2019-2019,2019,2019,0,2,2,1,1,0,0,1,1 (1ct 0st),0.5,0.50,0.50,0.00
A Zampa (AUS),2016-2019,2016,2019,3,27,26,1,1,0,0,1,1 (1ct 0st),0.038,0.04,0.04,0.00
C Zavoiu (ROM),2019-2019,2019,2019,0,3,3,1,1,0,0,1,1 (1ct 0st),0.333,0.33,0.33,0.00
Zawar Farid (UAE),2019-2019,2019,2019,0,4,4,1,1,0,0,1,1 (1ct 0st),0.25,0.25,0.25,0.00
Zeeshan Abbas (BAH),2019-2019,2019,2019,0,1,1,1,1,0,0,1,1 (1ct 0st),1,1.00,1.00,0.00
Zubaidi Zulkifle (MAL),2019-2019,2019,2019,0,4,4,1,1,0,0,1,1 (1ct 0st),0.25,0.25,0.25,0.00
Zulfiqar Babar (PAK),2013-2014,2013,2014,1,7,7,1,1,0,0,1,1 (1ct 0st),0.142,0.14,0.14,0.00
Zulqarnain Haider (PAK),2007-2010,2007,2010,3,3,3,1,0,1,0,0,1 (0ct 1st),0.333,0.00,0.33,0.33
Zulqarnain Haider (ESP),2019-2019,2019,2019,0,5,5,1,1,0,0,1,1 (1ct 0st),0.2,0.20,0.20,0.00
Aamer Ikram (PORT),2019-2019,2019,2019,0,4,4,0,0,0,0,0,0,0,0.00,0.00,0.00
Aamer Yamin (PAK),2015-2018,2015,2018,3,2,2,0,0,0,0,0,0,0,0.00,0.00,0.00
Aaron Jones (USA),2019-2019,2019,2019,0,8,8,0,0,0,0,0,0,0,0.00,0.00,0.00
Z Abbasi (Botsw),2019-2019,2019,2019,0,1,1,0,0,0,0,0,0,0,0.00,0.00,0.00
Abbas Saad (Saudi),2019-2019,2019,2019,0,2,2,0,0,0,0,0,0,0,0.00,0.00,0.00
YA Abdulla (SA),2009-2009,2009,2009,0,2,2,0,0,0,0,0,0,0,0.00,0.00,0.00
Abdullah Mahmood (DEN),2019-2019,2019,2019,0,1,1,0,0,0,0,0,0,0,0.00,0.00,0.00
Abdullah Sheikh (NOR),2019-2019,2019,2019,0,2,2,0,0,0,0,0,0,0,0.00,0.00,0.00
Abdul Rashid (Belg),2019-2019,2019,2019,0,1,1,0,0,0,0,0,0,0,0.00,0.00,0.00
Abdur Rauf (PAK),2008-2008,2008,2008,0,1,1,0,0,0,0,0,0,0,0.00,0.00,0.00
M Aboagye (Ghana),2019-2019,2019,2019,0,3,3,0,0,0,0,0,0,0,0.00,0.00,0.00
RA Abolarin (NGA),2019-2019,2019,2019,0,1,1,0,0,0,0,0,0,0,0.00,0.00,0.00
Abul Hasan (BDESH),2012-2018,2012,2018,6,5,5,0,0,0,0,0,0,0,0.00,0.00,0.00
AG Achar (SGP),2019-2019,2019,2019,0,3,3,0,0,0,0,0,0,0,0.00,0.00,0.00
F Achelam (UGA),2019-2019,2019,2019,0,1,1,0,0,0,0,0,0,0,0.00,0.00,0.00
Adil Hanif (BAH),2019-2019,2019,2019,0,4,4,0,0,0,0,0,0,0,0.00,0.00,0.00
Adnan Mufti (UAE),2017-2017,2017,2017,0,1,1,0,0,0,0,0,0,0,0.00,0.00,0.00
N Advani (GIBR),2019-2019,2019,2019,0,1,1,0,0,0,0,0,0,0,0.00,0.00,0.00
Aftab Ahmed (2) (DEN),2019-2019,2019,2019,0,1,1,0,0,0,0,0,0,0,0.00,0.00,0.00
AB Agarkar (INDIA),2006-2007,2006,2007,1,4,3,0,0,0,0,0,0,0,0.00,0.00,0.00
A Ahmadhel (),2019-2019,2019,2019,0,3,3,0,0,0,0,0,0,0,0.00,0.00,0.00
RI Ahmed (NL),2015-2015,2015,2015,0,2,2,0,0,0,0,0,0,0,0.00,0.00,0.00
Ahmed Wardak (GER),2019-2019,2019,2019,0,9,9,0,0,0,0,0,0,0,0.00,0.00,0.00
Ahsan Abbasi (HKG),2019-2019,2019,2019,0,6,6,0,0,0,0,0,0,0,0.00,0.00,0.00
Ainool Hafizs (MAL),2019-2019,2019,2019,0,3,3,0,0,0,0,0,0,0,0.00,0.00,0.00
Aizaz Cheema (PAK),2011-2012,2011,2012,1,5,5,0,0,0,0,0,0,0,0.00,0.00,0.00
D Ajekun (NGA),2019-2019,2019,2019,0,6,6,0,0,0,0,0,0,0,0.00,0.00,0.00
C Akyuz (TKY),2019-2019,2019,2019,0,2,2,0,0,0,0,0,0,0,0.00,0.00,0.00
Ali Ivan (Mald),2019-2019,2019,2019,0,1,1,0,0,0,0,0,0,0,0.00,0.00,0.00
Ali Naqi (PORT),2019-2019,2019,2019,0,4,4,0,0,0,0,0,0,0,0.00,0.00,0.00
J Allen (),2019-2019,2019,2019,0,2,2,0,0,0,0,0,0,0,0.00,0.00,0.00
HS Alta (TKY),2019-2019,2019,2019,0,4,4,0,0,0,0,0,0,0,0.00,0.00,0.00
Ameel Mauroof (Mald),2019-2019,2019,2019,0,10,10,0,0,0,0,0,0,0,0.00,0.00,0.00
Ameer Saiyed (Botsw),2019-2019,2019,2019,0,4,4,0,0,0,0,0,0,0,0.00,0.00,0.00
Aminul Islam (BDESH),2019-2019,2019,2019,0,4,4,0,0,0,0,0,0,0,0.00,0.00,0.00
Amir Hayat (UAE),2018-2019,2018,2019,1,4,4,0,0,0,0,0,0,0,0.00,0.00,0.00
Amir Hamza (AFG),2013-2017,2013,2017,4,31,31,0,0,0,0,0,0,0,0.00,0.00,0.00
Ammad Uddin (BAH),2019-2019,2019,2019,0,4,4,0,0,0,0,0,0,0,0.00,0.00,0.00
Anas Khan (HKG),2014-2014,2014,2014,0,1,1,0,0,0,0,0,0,0,0.00,0.00,0.00
J Anderson (IRE),2015-2015,2015,2015,0,4,2,0,0,0,0,0,0,0,0.00,0.00,0.00
DK Anefie (Ghana),2019-2019,2019,2019,0,4,4,0,0,0,0,0,0,0,0.00,0.00,0.00
A Anemogiannis (),2019-2019,2019,2019,0,1,1,0,0,0,0,0,0,0,0.00,0.00,0.00
B Angeltti (Arg),2019-2019,2019,2019,0,3,3,0,0,0,0,0,0,0,0.00,0.00,0.00
DNA Ankrah (Ghana),2019-2019,2019,2019,0,4,4,0,0,0,0,0,0,0,0.00,0.00,0.00
M Ansari (OMAN),2015-2016,2015,2016,1,11,10,0,0,0,0,0,0,0,0.00,0.00,0.00
Ansar Iqbal (NOR),2019-2019,2019,2019,0,4,4,0,0,0,0,0,0,0,0.00,0.00,0.00
MA Aponso (SL),2018-2018,2018,2018,0,3,3,0,0,0,0,0,0,0,0.00,0.00,0.00
Apon Mustafizur (Serb),2019-2019,2019,2019,0,2,2,0,0,0,0,0,0,0,0.00,0.00,0.00
S Appu (MALTA),2019-2019,2019,2019,0,4,4,0,0,0,0,0,0,0,0.00,0.00,0.00
S Aravind (INDIA),2015-2015,2015,2015,0,1,1,0,0,0,0,0,0,0,0.00,0.00,0.00
JC Archer (ENG),2019-2019,2019,2019,0,1,1,0,0,0,0,0,0,0,0.00,0.00,0.00
Z Arinaitwe (UGA),2019-2019,2019,2019,0,3,3,0,0,0,0,0,0,0,0.00,0.00,0.00
RP Arnold (SL),2006-2006,2006,2006,0,1,1,0,0,0,0,0,0,0,0.00,0.00,0.00
B Arora (MALTA),2019-2019,2019,2019,0,4,4,0,0,0,0,0,0,0,0.00,0.00,0.00
Arsalan Arif (Aut),2019-2019,2019,2019,0,2,2,0,0,0,0,0,0,0,0.00,0.00,0.00
Arsalan Qadir (CAN),2010-2010,2010,2010,0,1,1,0,0,0,0,0,0,0,0.00,0.00,0.00
Arshad Hayat (CZK-R),2019-2019,2019,2019,0,6,6,0,0,0,0,0,0,0,0.00,0.00,0.00
Arslan Ahmed (PORT),2019-2019,2019,2019,0,3,3,0,0,0,0,0,0,0,0.00,0.00,0.00
Arslan Ahmed (),2019-2019,2019,2019,0,3,3,0,0,0,0,0,0,0,0.00,0.00,0.00
Asad Ali (PAK),2013-2013,2013,2013,0,2,2,0,0,0,0,0,0,0,0.00,0.00,0.00
A Aspiotis (),2019-2019,2019,2019,0,3,3,0,0,0,0,0,0,0,0.00,0.00,0.00
MS Atapattu (SL),2006-2006,2006,2006,0,2,2,0,0,0,0,0,0,0,0.00,0.00,0.00
S Ateak (Ghana),2019-2019,2019,2019,0,3,3,0,0,0,0,0,0,0,0.00,0.00,0.00
Atif Ali Khan (UAE),2016-2016,2016,2016,0,1,1,0,0,0,0,0,0,0,0.00,0.00,0.00
Atif Mehmood (ESP),2019-2019,2019,2019,0,9,9,0,0,0,0,0,0,0,0.00,0.00,0.00
R Avery (),2019-2019,2019,2019,0,4,4,0,0,0,0,0,0,0,0.00,0.00,0.00
Awais Zia (PAK),2012-2014,2012,2014,2,5,5,0,0,0,0,0,0,0,0.00,0.00,0.00
P Awana (INDIA),2012-2012,2012,2012,0,2,2,0,0,0,0,0,0,0,0.00,0.00,0.00
Aziz Mohammad (Belg),2019-2019,2019,2019,0,3,3,0,0,0,0,0,0,0,0.00,0.00,0.00
Azyan Farhath (Mald),2019-2019,2019,2019,0,2,2,0,0,0,0,0,0,0,0.00,0.00,0.00
S Badrinath (INDIA),2011-2011,2011,2011,0,1,1,0,0,0,0,0,0,0,0.00,0.00,0.00
LS Baker (WI),2008-2009,2008,2009,1,3,3,0,0,0,0,0,0,0,0.00,0.00,0.00
R Bakum (Ghana),2019-2019,2019,2019,0,4,4,0,0,0,0,0,0,0,0.00,0.00,0.00
L Balaji (INDIA),2012-2012,2012,2012,0,5,5,0,0,0,0,0,0,0,0.00,0.00,0.00
KMC Bandara (SL),2016-2016,2016,2016,0,1,1,0,0,0,0,0,0,0,0.00,0.00,0.00
HH Banner (Blz),2019-2019,2019,2019,0,3,3,0,0,0,0,0,0,0,0.00,0.00,0.00
TC Barker (LUX),2019-2019,2019,2019,0,4,4,0,0,0,0,0,0,0,0.00,0.00,0.00
MC Bascombe (WI),2011-2011,2011,2011,0,1,1,0,0,0,0,0,0,0,0.00,0.00,0.00
Bashir Shah (DEN),2019-2019,2019,2019,0,4,4,0,0,0,0,0,0,0,0.00,0.00,0.00
TC Bastiampillai (CAN),2010-2010,2010,2010,0,2,2,0,0,0,0,0,0,0,0.00,0.00,0.00
MD Bates (NZ),2012-2012,2012,2012,0,3,3,0,0,0,0,0,0,0,0.00,0.00,0.00
GJ Batty (ENG),2009-2009,2009,2009,0,1,1,0,0,0,0,0,0,0,0.00,0.00,0.00
D Bau (PNG),2017-2017,2017,2017,0,1,1,0,0,0,0,0,0,0,0.00,0.00,0.00
CS Baugh (WI),2008-2012,2008,2012,4,3,3,0,0,0,0,0,0,0,0.00,0.00,0.00
DE Bernard (WI),2009-2009,2009,2009,0,1,1,0,0,0,0,0,0,0,0.00,0.00,0.00
TL Best (WI),2013-2014,2013,2014,1,6,6,0,0,0,0,0,0,0,0.00,0.00,0.00
P Bharat Patel (PNM),2019-2019,2019,2019,0,2,2,0,0,0,0,0,0,0,0.00,0.00,0.00
S Bhari (NEPAL),2019-2019,2019,2019,0,6,6,0,0,0,0,0,0,0,0.00,0.00,0.00
P Bhart (NOR),2019-2019,2019,2019,0,5,5,0,0,0,0,0,0,0,0.00,0.00,0.00
A Bhattarai (NEPAL),2014-2014,2014,2014,0,1,1,0,0,0,0,0,0,0,0.00,0.00,0.00
U Bhatti (CAN),2008-2010,2008,2010,2,7,7,0,0,0,0,0,0,0,0.00,0.00,0.00
Bilal Ahmed (Serb),2019-2019,2019,2019,0,1,1,0,0,0,0,0,0,0,0.00,0.00,0.00
IS Billcliff (CAN),2010-2010,2010,2010,0,2,2,0,0,0,0,0,0,0,0.00,0.00,0.00
STR Binny (INDIA),2015-2016,2015,2016,1,3,3,0,0,0,0,0,0,0,0.00,0.00,0.00
K Birkenstock (NAM),2019-2019,2019,2019,0,4,4,0,0,0,0,0,0,0,0.00,0.00,0.00
KK Bishnoi (),2019-2019,2019,2019,0,3,3,0,0,0,0,0,0,0,0.00,0.00,0.00
CC Blake (VAN),2019-2019,2019,2019,0,3,3,0,0,0,0,0,0,0,0.00,0.00,0.00
AM Blignaut (ZIM),2010-2010,2010,2010,0,1,1,0,0,0,0,0,0,0,0.00,0.00,0.00
GH Bodi (SA),2007-2007,2007,2007,0,1,1,0,0,0,0,0,0,0,0.00,0.00,0.00
N Boje (SA),2005-2005,2005,2005,0,1,1,0,0,0,0,0,0,0,0.00,0.00,0.00
NE Bonner (WI),2011-2012,2011,2012,1,2,2,0,0,0,0,0,0,0,0.00,0.00,0.00
CJ Boyce (AUS),2014-2016,2014,2016,2,7,7,0,0,0,0,0,0,0,0.00,0.00,0.00
TS Braat (NL),2019-2019,2019,2019,0,3,3,0,0,0,0,0,0,0,0.00,0.00,0.00
DL Brangman (BMUDA),2019-2019,2019,2019,0,5,5,0,0,0,0,0,0,0,0.00,0.00,0.00
DR Brown (SCOT),2007-2007,2007,2007,0,2,1,0,0,0,0,0,0,0,0.00,0.00,0.00
P Buccimazza (PORT),2019-2019,2019,2019,0,4,4,0,0,0,0,0,0,0,0.00,0.00,0.00
NB Budayair (NEPAL),2014-2014,2014,2014,0,4,4,0,0,0,0,0,0,0,0.00,0.00,0.00
A Bulow (DEN),2019-2019,2019,2019,0,2,1,0,0,0,0,0,0,0,0.00,0.00,0.00
CG Burnett (SCOT),2013-2013,2013,2013,0,1,1,0,0,0,0,0,0,0,0.00,0.00,0.00
S Byrne (MALTA),2019-2019,2019,2019,0,2,2,0,0,0,0,0,0,0,0.00,0.00,0.00
G Caisley (),2019-2019,2019,2019,0,4,4,0,0,0,0,0,0,0,0.00,0.00,0.00
HL Carlyon (JER),2019-2019,2019,2019,0,9,9,0,0,0,0,0,0,0,0.00,0.00,0.00
A Carthew (Chile),2019-2019,2019,2019,0,4,4,0,0,0,0,0,0,0,0.00,0.00,0.00
T Caruana (GIBR),2019-2019,2019,2019,0,2,2,0,0,0,0,0,0,0,0.00,0.00,0.00
D Cato (Caym),2019-2019,2019,2019,0,3,3,0,0,0,0,0,0,0,0.00,0.00,0.00
JJ Celestine (BMUDA),2008-2008,2008,2008,0,3,3,0,0,0,0,0,0,0,0.00,0.00,0.00
DL Chahar (INDIA),2018-2019,2018,2019,1,10,10,0,0,0,0,0,0,0,0.00,0.00,0.00
RD Chahar (INDIA),2019-2019,2019,2019,0,1,1,0,0,0,0,0,0,0,0.00,0.00,0.00
Charanjeet Singh (ITA),2019-2019,2019,2019,0,3,2,0,0,0,0,0,0,0,0.00,0.00,0.00
G Chaturvedi (MALTA),2019-2019,2019,2019,0,2,2,0,0,0,0,0,0,0,0.00,0.00,0.00
M Chauhan (Fin),2019-2019,2019,2019,0,2,2,0,0,0,0,0,0,0,0.00,0.00,0.00
VB Chikkannaiah (GER),2019-2019,2019,2019,0,7,7,0,0,0,0,0,0,0,0.00,0.00,0.00
Chirag Suri (UAE),2018-2019,2018,2019,1,7,7,0,0,0,0,0,0,0,0.00,0.00,0.00
S Chophel (BHU),2019-2019,2019,2019,0,1,1,0,0,0,0,0,0,0,0.00,0.00,0.00
DO Christian (WI),2011-2011,2011,2011,0,2,2,0,0,0,0,0,0,0,0.00,0.00,0.00
I Civric (Serb),2019-2019,2019,2019,0,1,1,0,0,0,0,0,0,0,0.00,0.00,0.00
GL Cloete (SA),2018-2019,2018,2019,1,2,2,0,0,0,0,0,0,0,0.00,0.00,0.00
FRJ Coleman (SCOT),2013-2013,2013,2013,0,1,1,0,0,0,0,0,0,0,0.00,0.00,0.00
NG Collins (Fin),2019-2019,2019,2019,0,5,5,0,0,0,0,0,0,0,0.00,0.00,0.00
MNR Cooray (Mald),2019-2019,2019,2019,0,4,4,0,0,0,0,0,0,0,0.00,0.00,0.00
M Cope (LUX),2019-2019,2019,2019,0,2,2,0,0,0,0,0,0,0,0.00,0.00,0.00
SJ Cotter (Samoa),2019-2019,2019,2019,0,4,4,0,0,0,0,0,0,0,0.00,0.00,0.00
MS Crane (ENG),2017-2017,2017,2017,0,2,2,0,0,0,0,0,0,0,0.00,0.00,0.00
SM Curran (ENG),2019-2019,2019,2019,0,5,5,0,0,0,0,0,0,0,0.00,0.00,0.00
D Daesrath (CAN),2013-2013,2013,2013,0,1,1,0,0,0,0,0,0,0,0.00,0.00,0.00
H Dajc (Serb),2019-2019,2019,2019,0,2,2,0,0,0,0,0,0,0,0.00,0.00,0.00
S Dalton (CZK-R),2019-2019,2019,2019,0,3,3,0,0,0,0,0,0,0,0.00,0.00,0.00
I Danladi (NGA),2019-2019,2019,2019,0,3,3,0,0,0,0,0,0,0,0.00,0.00,0.00
H Davids (SA),2012-2013,2012,2013,1,9,9,0,0,0,0,0,0,0,0.00,0.00,0.00
S Davizi (CZK-R),2019-2019,2019,2019,0,2,2,0,0,0,0,0,0,0,0.00,0.00,0.00
Dawlat Ahmadzai (AFG),2010-2010,2010,2010,0,2,2,0,0,0,0,0,0,0,0.00,0.00,0.00
DC Delany (IRE),2019-2019,2019,2019,0,8,8,0,0,0,0,0,0,0,0.00,0.00,0.00
D de la Puente (Peru),2019-2019,2019,2019,0,2,2,0,0,0,0,0,0,0,0.00,0.00,0.00
PA Desai (CAN),2012-2012,2012,2012,0,1,1,0,0,0,0,0,0,0,0.00,0.00,0.00
ST de Silva (SL),2017-2017,2017,2017,0,3,3,0,0,0,0,0,0,0,0.00,0.00,0.00
BJ Diamanti (NZ),2009-2009,2009,2009,0,1,1,0,0,0,0,0,0,0,0.00,0.00,0.00
V Dikov (),2019-2019,2019,2019,0,3,3,0,0,0,0,0,0,0,0.00,0.00,0.00
LHD Dilhara (SL),2008-2008,2008,2008,0,2,2,0,0,0,0,0,0,0,0.00,0.00,0.00
SDJJ Dima (Moz),2019-2019,2019,2019,0,4,3,0,0,0,0,0,0,0,0.00,0.00,0.00
N Dipakkumar Patel (PNM),2019-2019,2019,2019,0,3,3,0,0,0,0,0,0,0,0.00,0.00,0.00
HH Dippenaar (SA),2006-2006,2006,2006,0,1,1,0,0,0,0,0,0,0,0.00,0.00,0.00
M Dixit (LUX),2019-2019,2019,2019,0,3,3,0,0,0,0,0,0,0,0.00,0.00,0.00
A Djorovic (Serb),2019-2019,2019,2019,0,2,2,0,0,0,0,0,0,0,0.00,0.00,0.00
XJ Doherty (AUS),2012-2013,2012,2013,1,11,11,0,0,0,0,0,0,0,0.00,0.00,0.00
JN Dorji (BHU),2019-2019,2019,2019,0,1,1,0,0,0,0,0,0,0,0.00,0.00,0.00
K Dorji (BHU),2019-2019,2019,2019,0,2,2,0,0,0,0,0,0,0,0.00,0.00,0.00
RM Dorji (BHU),2019-2019,2019,2019,0,1,1,0,0,0,0,0,0,0,0.00,0.00,0.00
U Dorji (BHU),2019-2019,2019,2019,0,2,2,0,0,0,0,0,0,0,0.00,0.00,0.00
TM Dowlin (WI),2009-2010,2009,2010,1,2,2,0,0,0,0,0,0,0,0.00,0.00,0.00
R Dravid (INDIA),2011-2011,2011,2011,0,1,1,0,0,0,0,0,0,0,0.00,0.00,0.00
BM Duckett (ENG),2019-2019,2019,2019,0,1,1,0,0,0,0,0,0,0,0.00,0.00,0.00
B Dugic (Serb),2019-2019,2019,2019,0,2,2,0,0,0,0,0,0,0,0.00,0.00,0.00
J Dunn (VAN),2019-2019,2019,2019,0,4,4,0,0,0,0,0,0,0,0.00,0.00,0.00
PS Eaglestone (IRE),2010-2010,2010,2010,0,1,1,0,0,0,0,0,0,0,0.00,0.00,0.00
KR Ebanks (Caym),2019-2019,2019,2019,0,5,5,0,0,0,0,0,0,0,0.00,0.00,0.00
Ehsan Nawaz (HKG),2014-2017,2014,2017,3,5,5,0,0,0,0,0,0,0,0.00,0.00,0.00
AM Ellis (NZ),2012-2013,2012,2013,1,5,5,0,0,0,0,0,0,0,0.00,0.00,0.00
C Emmott (Chile),2019-2019,2019,2019,0,2,2,0,0,0,0,0,0,0,0.00,0.00,0.00
RR Emrit (WI),2018-2018,2018,2018,0,4,4,0,0,0,0,0,0,0,0.00,0.00,0.00
Faizan Asif (UAE),2014-2015,2014,2015,1,6,6,0,0,0,0,0,0,0,0.00,0.00,0.00
Fakhrul Mohon (PORT),2019-2019,2019,2019,0,4,4,0,0,0,0,0,0,0,0.00,0.00,0.00
Fawad Ahmed (AUS),2013-2013,2013,2013,0,2,2,0,0,0,0,0,0,0,0.00,0.00,0.00
Fazal Niazai (AFG),2019-2019,2019,2019,0,1,1,0,0,0,0,0,0,0,0.00,0.00,0.00
H Fennell (Arg),2019-2019,2019,2019,0,5,5,0,0,0,0,0,0,0,0.00,0.00,0.00
B Fernando (SL),2015-2015,2015,2015,0,2,2,0,0,0,0,0,0,0,0.00,0.00,0.00
BOP Fernando (SL),2019-2019,2019,2019,0,3,3,0,0,0,0,0,0,0,0.00,0.00,0.00
MVT Fernando (SL),2017-2017,2017,2017,0,1,1,0,0,0,0,0,0,0,0.00,0.00,0.00
Fiaz Ahmad (KUW),2019-2019,2019,2019,0,3,3,0,0,0,0,0,0,0,0.00,0.00,0.00
Fida Hussain (ITA),2019-2019,2019,2019,0,2,2,0,0,0,0,0,0,0,0.00,0.00,0.00
R Flannigan (SCOT),2012-2012,2012,2012,0,4,4,0,0,0,0,0,0,0,0.00,0.00,0.00
P Florin (ROM),2019-2019,2019,2019,0,4,4,0,0,0,0,0,0,0,0.00,0.00,0.00
KK Flowers (Blz),2019-2019,2019,2019,0,3,3,0,0,0,0,0,0,0,0.00,0.00,0.00
C Floyd (NL),2019-2019,2019,2019,0,2,2,0,0,0,0,0,0,0,0.00,0.00,0.00
BC Fortuin (SA),2019-2019,2019,2019,0,2,2,0,0,0,0,0,0,0,0.00,0.00,0.00
AR Gandhi (KENYA),2019-2019,2019,2019,0,3,3,0,0,0,0,0,0,0,0.00,0.00,0.00
D Ganga (WI),2006-2006,2006,2006,0,1,1,0,0,0,0,0,0,0,0.00,0.00,0.00
MD Garratt (GIBR),2019-2019,2019,2019,0,4,4,0,0,0,0,0,0,0,0.00,0.00,0.00
Garret Banner (Blz),2019-2019,2019,2019,0,1,1,0,0,0,0,0,0,0,0.00,0.00,0.00
SP Gauchan (NEPAL),2014-2015,2014,2015,1,9,9,0,0,0,0,0,0,0,0.00,0.00,0.00
A Gavde (Caym),2019-2019,2019,2019,0,1,1,0,0,0,0,0,0,0,0.00,0.00,0.00
R Gaznavi (SGP),2019-2019,2019,2019,0,2,2,0,0,0,0,0,0,0,0.00,0.00,0.00
B Geeves (AUS),2009-2009,2009,2009,0,1,1,0,0,0,0,0,0,0,0.00,0.00,0.00
L Gharasim (ROM),2019-2019,2019,2019,0,2,2,0,0,0,0,0,0,0,0.00,0.00,0.00
JN Gillespie (AUS),2005-2005,2005,2005,0,1,1,0,0,0,0,0,0,0,0.00,0.00,0.00
O Goker (TKY),2019-2019,2019,2019,0,1,1,0,0,0,0,0,0,0,0.00,0.00,0.00
GF Gomes (Moz),2019-2019,2019,2019,0,7,6,0,0,0,0,0,0,0,0.00,0.00,0.00
M Goonetilleke (MALTA),2019-2019,2019,2019,0,1,1,0,0,0,0,0,0,0,0.00,0.00,0.00
D Gough (ENG),2005-2006,2005,2006,1,2,2,0,0,0,0,0,0,0,0.00,0.00,0.00
S Goustis (),2019-2019,2019,2019,0,3,3,0,0,0,0,0,0,0,0.00,0.00,0.00
L Gregory (ENG),2019-2019,2019,2019,0,5,5,0,0,0,0,0,0,0,0.00,0.00,0.00
R Gunasekera (CAN),2012-2013,2012,2013,1,8,8,0,0,0,0,0,0,0,0.00,0.00,0.00
HF Gurney (ENG),2014-2014,2014,2014,0,2,2,0,0,0,0,0,0,0,0.00,0.00,0.00
AJ Hall (SA),2006-2006,2006,2006,0,2,2,0,0,0,0,0,0,0,0.00,0.00,0.00
PSP Handscomb (AUS),2019-2019,2019,2019,0,2,2,0,0,0,0,0,0,0,0.00,0.00,0.00
Hardev Singh (Chile),2019-2019,2019,2019,0,3,3,0,0,0,0,0,0,0,0.00,0.00,0.00
Haroon Arshad (HKG),2019-2019,2019,2019,0,10,10,0,0,0,0,0,0,0,0.00,0.00,0.00
Haroon Mughal (MALTA),2019-2019,2019,2019,0,4,4,0,0,0,0,0,0,0,0.00,0.00,0.00
LHB Harrington-Myers (Caym),2019-2019,2019,2019,0,4,4,0,0,0,0,0,0,0,0.00,0.00,0.00
RJ Harris (AUS),2010-2010,2010,2010,0,3,3,0,0,0,0,0,0,0,0.00,0.00,0.00
SM Harwood (AUS),2007-2009,2007,2009,2,3,3,0,0,0,0,0,0,0,0.00,0.00,0.00
Hasheem Shahzad (MALTA),2019-2019,2019,2019,0,2,2,0,0,0,0,0,0,0,0.00,0.00,0.00
Hashmatullah Shahidi (AFG),2013-2013,2013,2013,0,1,1,0,0,0,0,0,0,0,0.00,0.00,0.00
Hassan Rasheed (Mald),2019-2019,2019,2019,0,8,8,0,0,0,0,0,0,0,0.00,0.00,0.00
RJ Hatchman (GIBR),2019-2019,2019,2019,0,1,1,0,0,0,0,0,0,0,0.00,0.00,0.00
Hayatullah Niazi (NOR),2019-2019,2019,2019,0,4,4,0,0,0,0,0,0,0,0.00,0.00,0.00
H Helva (TKY),2019-2019,2019,2019,0,4,4,0,0,0,0,0,0,0,0.00,0.00,0.00
DL Hemp (BMUDA),2008-2008,2008,2008,0,2,2,0,0,0,0,0,0,0,0.00,0.00,0.00
T Henderson (SA),2006-2006,2006,2006,0,1,1,0,0,0,0,0,0,0,0.00,0.00,0.00
PD Hennessy (ESP),2019-2019,2019,2019,0,8,8,0,0,0,0,0,0,0,0.00,0.00,0.00
HMRKB Herath (SL),2011-2016,2011,2016,5,17,17,0,0,0,0,0,0,0,0.00,0.00,0.00
BW Hilfenhaus (AUS),2007-2012,2007,2012,5,7,7,0,0,0,0,0,0,0,0.00,0.00,0.00
J Hill (PHI),2019-2019,2019,2019,0,4,4,0,0,0,0,0,0,0,0.00,0.00,0.00
H Hiri (PNG),2016-2019,2016,2019,3,5,5,0,0,0,0,0,0,0,0.00,0.00,0.00
J Hirschi (MALTA),2019-2019,2019,2019,0,4,4,0,0,0,0,0,0,0,0.00,0.00,0.00
PA Hitchcock (NZ),2008-2008,2008,2008,0,1,1,0,0,0,0,0,0,0,0.00,0.00,0.00
KC Hodsoll (BMUDA),2008-2008,2008,2008,0,1,1,0,0,0,0,0,0,0,0.00,0.00,0.00
S Hongsi (THAI),2019-2019,2019,2019,0,3,3,0,0,0,0,0,0,0,0.00,0.00,0.00
PJ Hughes (AUS),2014-2014,2014,2014,0,1,1,0,0,0,0,0,0,0,0.00,0.00,0.00
EH Hutchinson (USA),2019-2019,2019,2019,0,2,2,0,0,0,0,0,0,0,0.00,0.00,0.00
Ibrahim Khan (Saudi),2019-2019,2019,2019,0,1,1,0,0,0,0,0,0,0,0.00,0.00,0.00
Iftikhar Anjum (PAK),2007-2009,2007,2009,2,2,2,0,0,0,0,0,0,0,0.00,0.00,0.00
Ijaz Hussain (ROM),2019-2019,2019,2019,0,3,3,0,0,0,0,0,0,0,0.00,0.00,0.00
Imam-ul-Haq (PAK),2019-2019,2019,2019,0,2,2,0,0,0,0,0,0,0,0.00,0.00,0.00
Imran Ali Butt (BAH),2019-2019,2019,2019,0,4,4,0,0,0,0,0,0,0,0.00,0.00,0.00
Imran Bulbulia (PNM),2019-2019,2019,2019,0,3,3,0,0,0,0,0,0,0,0.00,0.00,0.00
Imran Khan (PORT),2019-2019,2019,2019,0,4,4,0,0,0,0,0,0,0,0.00,0.00,0.00
RK Inampud (Mex),2019-2019,2019,2019,0,3,3,0,0,0,0,0,0,0,0.00,0.00,0.00
Inzamam-ul-Haq (PAK),2006-2006,2006,2006,0,1,1,0,0,0,0,0,0,0,0.00,0.00,0.00
AJ Ireland (ZIM),2006-2006,2006,2006,0,1,1,0,0,0,0,0,0,0,0.00,0.00,0.00
Irfan Bhima (MWI),2019-2019,2019,2019,0,4,4,0,0,0,0,0,0,0,0.00,0.00,0.00
Irfan Mir (Chile),2019-2019,2019,2019,0,4,4,0,0,0,0,0,0,0,0.00,0.00,0.00
E Isaneez (UGA),2019-2019,2019,2019,0,3,3,0,0,0,0,0,0,0,0.00,0.00,0.00
B Ivanov (),2019-2019,2019,2019,0,3,3,0,0,0,0,0,0,0,0.00,0.00,0.00
D Jakiel (ZIM),2019-2019,2019,2019,0,2,2,0,0,0,0,0,0,0,0.00,0.00,0.00
NA Janes (THAI),2019-2019,2019,2019,0,2,2,0,0,0,0,0,0,0,0.00,0.00,0.00
T Jamtsho (BHU),2019-2019,2019,2019,0,2,2,0,0,0,0,0,0,0,0.00,0.00,0.00
Javed Ahmadi (AFG),2012-2017,2012,2017,5,3,3,0,0,0,0,0,0,0,0.00,0.00,0.00
Javed Maroofkhail (NOR),2019-2019,2019,2019,0,2,2,0,0,0,0,0,0,0,0.00,0.00,0.00
CU Jayasinghe (SL),2009-2010,2009,2010,1,5,5,0,0,0,0,0,0,0,0.00,0.00,0.00
P Jayeshbhai Patel (PNM),2019-2019,2019,2019,0,2,2,0,0,0,0,0,0,0,0.00,0.00,0.00
Jay Odedra (OMAN),2019-2019,2019,2019,0,3,3,0,0,0,0,0,0,0,0.00,0.00,0.00
JS Jesani (KENYA),2007-2007,2007,2007,0,1,1,0,0,0,0,0,0,0,0.00,0.00,0.00
HJ Jordaan (THAI),2019-2019,2019,2019,0,4,4,0,0,0,0,0,0,0,0.00,0.00,0.00
GJ Joseph (Blz),2019-2019,2019,2019,0,1,1,0,0,0,0,0,0,0,0.00,0.00,0.00
K Joshi (Aut),2019-2019,2019,2019,0,4,4,0,0,0,0,0,0,0,0.00,0.00,0.00
Jubair Hossain (BDESH),2015-2015,2015,2015,0,1,1,0,0,0,0,0,0,0,0.00,0.00,0.00
Junaid Khan (PAK),2011-2014,2011,2014,3,9,9,0,0,0,0,0,0,0,0.00,0.00,0.00
S Jyoti (CAN),2008-2008,2008,2008,0,2,2,0,0,0,0,0,0,0,0.00,0.00,0.00
Kaleemullah (OMAN),2017-2019,2017,2019,2,6,6,0,0,0,0,0,0,0,0.00,0.00,0.00
G Kaltongga (VAN),2019-2019,2019,2019,0,3,3,0,0,0,0,0,0,0,0.00,0.00,0.00
S Randiv (SL),2010-2011,2010,2011,1,7,7,0,0,0,0,0,0,0,0.00,0.00,0.00
TP Kamungozi (ZIM),2014-2014,2014,2014,0,1,1,0,0,0,0,0,0,0,0.00,0.00,0.00
S Kansoy (TKY),2019-2019,2019,2019,0,4,4,0,0,0,0,0,0,0,0.00,0.00,0.00
A Karn (NEPAL),2015-2015,2015,2015,0,2,2,0,0,0,0,0,0,0,0.00,0.00,0.00
M Kartik (INDIA),2007-2007,2007,2007,0,1,1,0,0,0,0,0,0,0,0.00,0.00,0.00
E Katchay (CAN),2008-2008,2008,2008,0,4,4,0,0,0,0,0,0,0,0.00,0.00,0.00
S Kaul (INDIA),2018-2019,2018,2019,1,3,3,0,0,0,0,0,0,0,0.00,0.00,0.00
HB Kayondo (UGA),2019-2019,2019,2019,0,3,3,0,0,0,0,0,0,0,0.00,0.00,0.00
D Kegasitswe (Botsw),2019-2019,2019,2019,0,4,4,0,0,0,0,0,0,0,0.00,0.00,0.00
SKW Kelly (BMUDA),2008-2008,2008,2008,0,3,3,0,0,0,0,0,0,0,0.00,0.00,0.00
P Kerai (KENYA),2019-2019,2019,2019,0,6,6,0,0,0,0,0,0,0,0.00,0.00,0.00
A Khan (ENG),2009-2009,2009,2009,0,1,1,0,0,0,0,0,0,0,0.00,0.00,0.00
B Khumalo (Botsw),2019-2019,2019,2019,0,3,3,0,0,0,0,0,0,0,0.00,0.00,0.00
Khurram Manzoor (PAK),2016-2016,2016,2016,0,3,3,0,0,0,0,0,0,0,0.00,0.00,0.00
Khushdil Shah (PAK),2019-2019,2019,2019,0,1,1,0,0,0,0,0,0,0,0.00,0.00,0.00
JH Kiani (PHI),2019-2019,2019,2019,0,4,4,0,0,0,0,0,0,0,0.00,0.00,0.00
GE Kidd (IRE),2010-2010,2010,2010,0,1,1,0,0,0,0,0,0,0,0.00,0.00,0.00
VJ Kingma (NL),2016-2019,2016,2019,3,4,4,0,0,0,0,0,0,0,0.00,0.00,0.00
RJ Kirtley (ENG),2007-2007,2007,2007,0,1,1,0,0,0,0,0,0,0,0.00,0.00,0.00
S Kizilkaya (TKY),2019-2019,2019,2019,0,4,4,0,0,0,0,0,0,0,0.00,0.00,0.00
MF Koc (TKY),2019-2019,2019,2019,0,2,2,0,0,0,0,0,0,0,0.00,0.00,0.00
AC Kose (TKY),2019-2019,2019,2019,0,4,4,0,0,0,0,0,0,0,0.00,0.00,0.00
A Krishna (SGP),2019-2019,2019,2019,0,4,4,0,0,0,0,0,0,0,0.00,0.00,0.00
GJP Kruger (SA),2006-2006,2006,2006,0,1,1,0,0,0,0,0,0,0,0.00,0.00,0.00
DS Kulkarni (INDIA),2016-2016,2016,2016,0,2,2,0,0,0,0,0,0,0,0.00,0.00,0.00
CBRLS Kumara (SL),2019-2019,2019,2019,0,3,3,0,0,0,0,0,0,0,0.00,0.00,0.00
Kushal Malla (NEPAL),2019-2019,2019,2019,0,3,3,0,0,0,0,0,0,0,0.00,0.00,0.00
GA Lamb (ZIM),2010-2010,2010,2010,0,5,5,0,0,0,0,0,0,0,0.00,0.00,0.00
T Langa (VAN),2019-2019,2019,2019,0,1,1,0,0,0,0,0,0,0,0.00,0.00,0.00
E Leie (SA),2015-2015,2015,2015,0,2,2,0,0,0,0,0,0,0,0.00,0.00,0.00
RDM Leverock (BMUDA),2008-2008,2008,2008,0,2,2,0,0,0,0,0,0,0,0.00,0.00,0.00
I Lisboa (Chile),2019-2019,2019,2019,0,1,1,0,0,0,0,0,0,0,0.00,0.00,0.00
LS Livingstone (ENG),2017-2017,2017,2017,0,2,2,0,0,0,0,0,0,0,0.00,0.00,0.00
CA Liyanage (Mald),2019-2019,2019,2019,0,2,2,0,0,0,0,0,0,0,0.00,0.00,0.00
K Loday (BHU),2019-2019,2019,2019,0,1,1,0,0,0,0,0,0,0,0.00,0.00,0.00
J Louw (SA),2008-2009,2008,2009,1,2,2,0,0,0,0,0,0,0,0.00,0.00,0.00
L Louwrens (NAM),2019-2019,2019,2019,0,1,1,0,0,0,0,0,0,0,0.00,0.00,0.00
Lucky Ali (DEN),2019-2019,2019,2019,0,2,2,0,0,0,0,0,0,0,0.00,0.00,0.00
NM Lyon (AUS),2016-2018,2016,2018,2,2,2,0,0,0,0,0,0,0,0.00,0.00,0.00
RT Lyons (SCOT),2010-2010,2010,2010,0,2,2,0,0,0,0,0,0,0,0.00,0.00,0.00
AM McCarthy (WI),2018-2018,2018,2018,0,1,1,0,0,0,0,0,0,0,0.00,0.00,0.00
NFI McCallum (SCOT),2007-2010,2007,2010,3,11,10,0,0,0,0,0,0,0,0.00,0.00,0.00
OC McCoy (WI),2019-2019,2019,2019,0,2,2,0,0,0,0,0,0,0,0.00,0.00,0.00
AJ McKay (NZ),2010-2010,2010,2010,0,2,2,0,0,0,0,0,0,0,0.00,0.00,0.00
CJ McKay (AUS),2010-2013,2010,2013,3,6,6,0,0,0,0,0,0,0,0.00,0.00,0.00
ND McKenzie (SA),2006-2009,2006,2009,3,2,2,0,0,0,0,0,0,0,0.00,0.00,0.00
DSK Madushanka (SL),2018-2018,2018,2018,0,2,2,0,0,0,0,0,0,0,0.00,0.00,0.00
LD Madushanka (SL),2019-2019,2019,2019,0,2,2,0,0,0,0,0,0,0,0.00,0.00,0.00
RP Magar (NEPAL),2014-2015,2014,2015,1,6,6,0,0,0,0,0,0,0,0.00,0.00,0.00
R Mahajan (PHI),2019-2019,2019,2019,0,3,3,0,0,0,0,0,0,0,0.00,0.00,0.00
C Mahoney (Peru),2019-2019,2019,2019,0,3,3,0,0,0,0,0,0,0,0.00,0.00,0.00
Mamoon Latif (Belg),2019-2019,2019,2019,0,3,3,0,0,0,0,0,0,0,0.00,0.00,0.00
G Manan (ROM),2019-2019,2019,2019,0,3,3,0,0,0,0,0,0,0,0.00,0.00,0.00
D Manani (ROM),2019-2019,2019,2019,0,2,2,0,0,0,0,0,0,0,0.00,0.00,0.00
M Markande (INDIA),2019-2019,2019,2019,0,1,1,0,0,0,0,0,0,0,0.00,0.00,0.00
D Marks (MALTA),2019-2019,2019,2019,0,2,2,0,0,0,0,0,0,0,0.00,0.00,0.00
JAH Marshall (NZ),2005-2008,2005,2008,3,3,3,0,0,0,0,0,0,0,0.00,0.00,0.00
JL Martel (GUE),2019-2019,2019,2019,0,3,3,0,0,0,0,0,0,0,0.00,0.00,0.00
B Masaba (UGA),2019-2019,2019,2019,0,1,1,0,0,0,0,0,0,0,0.00,0.00,0.00
MJ Mason (NZ),2006-2008,2006,2008,2,3,3,0,0,0,0,0,0,0,0.00,0.00,0.00
N Master (Botsw),2019-2019,2019,2019,0,2,2,0,0,0,0,0,0,0,0.00,0.00,0.00
ZE Matsinhe (Moz),2019-2019,2019,2019,0,7,6,0,0,0,0,0,0,0,0.00,0.00,0.00
V Mbazo (Botsw),2019-2019,2019,2019,0,4,4,0,0,0,0,0,0,0,0.00,0.00,0.00
GJ McCarter (IRE),2015-2015,2015,2015,0,3,2,0,0,0,0,0,0,0,0.00,0.00,0.00
BJ McCarthy (IRE),2017-2018,2017,2018,1,6,6,0,0,0,0,0,0,0,0.00,0.00,0.00
Z McLaughlin (Caym),2019-2019,2019,2019,0,3,3,0,0,0,0,0,0,0,0.00,0.00,0.00
A Mehmood (HKG),2016-2016,2016,2016,0,2,2,0,0,0,0,0,0,0,0.00,0.00,0.00
Mehrab Hossain jnr (BDESH),2008-2009,2008,2009,1,2,2,0,0,0,0,0,0,0,0.00,0.00,0.00
D Mejia (CRC),2019-2019,2019,2019,0,3,3,0,0,0,0,0,0,0,0.00,0.00,0.00
K Mendon (CZK-R),2019-2019,2019,2019,0,6,6,0,0,0,0,0,0,0,0.00,0.00,0.00
JH Mensah (Ghana),2019-2019,2019,2019,0,2,2,0,0,0,0,0,0,0,0.00,0.00,0.00
DP Michael (Samoa),2019-2019,2019,2019,0,4,4,0,0,0,0,0,0,0,0.00,0.00,0.00
Michael Nazir (MALTA),2019-2019,2019,2019,0,1,1,0,0,0,0,0,0,0,0.00,0.00,0.00
Mihusan Hamid (Mald),2019-2019,2019,2019,0,1,1,0,0,0,0,0,0,0,0.00,0.00,0.00
Mirza Ahsan (Aut),2019-2019,2019,2019,0,5,5,0,0,0,0,0,0,0,0.00,0.00,0.00
Mohamed Arief (MAL),2019-2019,2019,2019,0,5,5,0,0,0,0,0,0,0,0.00,0.00,0.00
Mohameed Taiwo (NGA),2019-2019,2019,2019,0,2,2,0,0,0,0,0,0,0,0.00,0.00,0.00
Mohammad Adnan (Saudi),2019-2019,2019,2019,0,5,5,0,0,0,0,0,0,0,0.00,0.00,0.00
Mohammad Ahsan (KUW),2019-2019,2019,2019,0,6,6,0,0,0,0,0,0,0,0.00,0.00,0.00
Mohammad Amin (KUW),2019-2019,2019,2019,0,4,4,0,0,0,0,0,0,0,0.00,0.00,0.00
Mohammad Hasnain (PAK),2019-2019,2019,2019,0,4,4,0,0,0,0,0,0,0,0.00,0.00,0.00
Mohammad Iqbal (CAN),2008-2008,2008,2008,0,3,3,0,0,0,0,0,0,0,0.00,0.00,0.00
Mohamed Mahfooz (Mald),2019-2019,2019,2019,0,11,11,0,0,0,0,0,0,0,0.00,0.00,0.00
Mohammad Qazi (CAN),2008-2008,2008,2008,0,1,1,0,0,0,0,0,0,0,0.00,0.00,0.00
Mohammad Rafique (BDESH),2006-2006,2006,2006,0,1,1,0,0,0,0,0,0,0,0.00,0.00,0.00
Mohammad Shahid (BDESH),2016-2016,2016,2016,0,1,1,0,0,0,0,0,0,0,0.00,0.00,0.00
Mohammed Shami (INDIA),2014-2019,2014,2019,5,8,8,0,0,0,0,0,0,0,0.00,0.00,0.00
MR Montfort (CAN),2019-2019,2019,2019,0,1,1,0,0,0,0,0,0,0,0.00,0.00,0.00
VV Morea (PNG),2015-2017,2015,2017,2,5,5,0,0,0,0,0,0,0,0.00,0.00,0.00
A Morris (Caym),2019-2019,2019,2019,0,6,6,0,0,0,0,0,0,0,0.00,0.00,0.00
JWN Moses (Botsw),2019-2019,2019,2019,0,3,3,0,0,0,0,0,0,0,0.00,0.00,0.00
Mohsin Hub (Peru),2019-2019,2019,2019,0,4,4,0,0,0,0,0,0,0,0.00,0.00,0.00
Muaviath Ganee (Mald),2019-2019,2019,2019,0,5,5,0,0,0,0,0,0,0,0.00,0.00,0.00
Muhammad Hamayun (Saudi),2019-2019,2019,2019,0,4,4,0,0,0,0,0,0,0,0.00,0.00,0.00
Muhammad Musa (PAK),2019-2019,2019,2019,0,1,1,0,0,0,0,0,0,0,0.00,0.00,0.00
Muhammad Rafique (BAH),2019-2019,2019,2019,0,2,2,0,0,0,0,0,0,0,0.00,0.00,0.00
Muhammed Shanil (UAE),2016-2016,2016,2016,0,1,1,0,0,0,0,0,0,0,0.00,0.00,0.00
Muhammad Wafiq (MAL),2019-2019,2019,2019,0,4,4,0,0,0,0,0,0,0,0.00,0.00,0.00
D Muhumuza (UGA),2019-2019,2019,2019,0,4,4,0,0,0,0,0,0,0,0.00,0.00,0.00
Mukhtiar Singh (ESP),2019-2019,2019,2019,0,2,2,0,0,0,0,0,0,0,0.00,0.00,0.00
Muktar Ali (BDESH),2016-2016,2016,2016,0,1,1,0,0,0,0,0,0,0,0.00,0.00,0.00
FF Mulivai (Samoa),2019-2019,2019,2019,0,4,4,0,0,0,0,0,0,0,0.00,0.00,0.00
T Mupariwa (ZIM),2007-2008,2007,2008,1,4,4,0,0,0,0,0,0,0,0.00,0.00,0.00
S Murari (CRC),2019-2019,2019,2019,0,3,3,0,0,0,0,0,0,0,0.00,0.00,0.00
Musa Shaheen (DEN),2019-2019,2019,2019,0,1,1,0,0,0,0,0,0,0,0.00,0.00,0.00
P Mustard (ENG),2008-2008,2008,2008,0,2,2,0,0,0,0,0,0,0,0.00,0.00,0.00
F Mutizwa (ZIM),2011-2012,2011,2012,1,3,3,0,0,0,0,0,0,0,0.00,0.00,0.00
Nadif Chowdhury (BDESH),2006-2007,2006,2007,1,3,3,0,0,0,0,0,0,0,0.00,0.00,0.00
S Nadigotla (ROM),2019-2019,2019,2019,0,2,2,0,0,0,0,0,0,0,0.00,0.00,0.00
Najeeb Amar (HKG),2014-2014,2014,2014,0,1,1,0,0,0,0,0,0,0,0.00,0.00,0.00
A Nanda (LUX),2019-2019,2019,2019,0,3,3,0,0,0,0,0,0,0,0.00,0.00,0.00
M Nandela (Mex),2019-2019,2019,2019,0,2,2,0,0,0,0,0,0,0,0.00,0.00,0.00
A Nao (PNG),2017-2017,2017,2017,0,2,2,0,0,0,0,0,0,0,0.00,0.00,0.00
Nasir Aziz (UAE),2015-2015,2015,2015,0,1,1,0,0,0,0,0,0,0,0.00,0.00,0.00
Nasrulla Rana (HKG),2019-2019,2019,2019,0,8,8,0,0,0,0,0,0,0,0.00,0.00,0.00
Nauman Anwar (PAK),2015-2015,2015,2015,0,1,1,0,0,0,0,0,0,0,0.00,0.00,0.00
NH Naureen (ESP),2019-2019,2019,2019,0,1,1,0,0,0,0,0,0,0,0.00,0.00,0.00
Naveen-ul-Haq (AFG),2019-2019,2019,2019,0,4,4,0,0,0,0,0,0,0,0.00,0.00,0.00
Nawaf Ahmed (KUW),2019-2019,2019,2019,0,1,1,0,0,0,0,0,0,0,0.00,0.00,0.00
Nazimuddin (BDESH),2007-2008,2007,2008,1,7,7,0,0,0,0,0,0,0,0.00,0.00,0.00
Nazmul Hossain (BDESH),2009-2012,2009,2012,3,4,4,0,0,0,0,0,0,0,0.00,0.00,0.00
Nazmus Sadat (BDESH),2006-2006,2006,2006,0,1,1,0,0,0,0,0,0,0,0.00,0.00,0.00
R Neale (LUX),2019-2019,2019,2019,0,3,3,0,0,0,0,0,0,0,0.00,0.00,0.00
S Nerandzic (Serb),2019-2019,2019,2019,0,2,2,0,0,0,0,0,0,0,0.00,0.00,0.00
R Ngarava (ZIM),2019-2019,2019,2019,0,1,1,0,0,0,0,0,0,0,0.00,0.00,0.00
JO Ngoche (KENYA),2012-2013,2012,2013,1,7,7,0,0,0,0,0,0,0,0.00,0.00,0.00
HM Nicholls (NZ),2016-2019,2016,2019,3,5,5,0,0,0,0,0,0,0,0.00,0.00,0.00
D Nikolov (),2019-2019,2019,2019,0,3,3,0,0,0,0,0,0,0,0.00,0.00,0.00
K Nima (BHU),2019-2019,2019,2019,0,1,1,0,0,0,0,0,0,0,0.00,0.00,0.00
ML Nkala (ZIM),2006-2006,2006,2006,0,1,1,0,0,0,0,0,0,0,0.00,0.00,0.00
F Nkhoma (MWI),2019-2019,2019,2019,0,4,4,0,0,0,0,0,0,0,0.00,0.00,0.00
AA Noffke (AUS),2007-2008,2007,2008,1,2,2,0,0,0,0,0,0,0,0.00,0.00,0.00
Noman Kamawi (Belg),2019-2019,2019,2019,0,1,1,0,0,0,0,0,0,0,0.00,0.00,0.00
MJ North (AUS),2009-2009,2009,2009,0,1,1,0,0,0,0,0,0,0,0.00,0.00,0.00
A Nortje (SA),2019-2019,2019,2019,0,1,1,0,0,0,0,0,0,0,0.00,0.00,0.00
L Nou (PNG),2015-2015,2015,2015,0,3,3,0,0,0,0,0,0,0,0.00,0.00,0.00
GM Ntambalika (MWI),2019-2019,2019,2019,0,3,3,0,0,0,0,0,0,0,0.00,0.00,0.00
J Nyumbu (ZIM),2018-2018,2018,2018,0,2,2,0,0,0,0,0,0,0,0.00,0.00,0.00
IE O'Brien (NZ),2009-2009,2009,2009,0,4,4,0,0,0,0,0,0,0,0.00,0.00,0.00
NV Ojha (INDIA),2010-2010,2010,2010,0,2,2,0,0,0,0,0,0,0,0.00,0.00,0.00
PJ Ongondo (KENYA),2007-2008,2007,2008,1,8,8,0,0,0,0,0,0,0,0.00,0.00,0.00
LN Onyango (KENYA),2007-2010,2007,2010,3,5,5,0,0,0,0,0,0,0,0.00,0.00,0.00
A Orfila (GIBR),2019-2019,2019,2019,0,1,1,0,0,0,0,0,0,0,0.00,0.00,0.00
Ovais Yousof (NGA),2019-2019,2019,2019,0,3,3,0,0,0,0,0,0,0,0.00,0.00,0.00
VS Padhaal (Fin),2019-2019,2019,2019,0,5,5,0,0,0,0,0,0,0,0.00,0.00,0.00
BA Pai (GIBR),2019-2019,2019,2019,0,4,4,0,0,0,0,0,0,0,0.00,0.00,0.00
RJG Palmer (JER),2019-2019,2019,2019,0,2,2,0,0,0,0,0,0,0,0.00,0.00,0.00
MS Panesar (ENG),2007-2007,2007,2007,0,1,1,0,0,0,0,0,0,0,0.00,0.00,0.00
BA Parchment (WI),2007-2007,2007,2007,0,1,1,0,0,0,0,0,0,0,0.00,0.00,0.00
MA Parker (SCOT),2012-2012,2012,2012,0,2,2,0,0,0,0,0,0,0,0.00,0.00,0.00
MW Parkinson (ENG),2019-2019,2019,2019,0,2,2,0,0,0,0,0,0,0,0.00,0.00,0.00
Parvez Rasool (INDIA),2017-2017,2017,2017,0,1,1,0,0,0,0,0,0,0,0.00,0.00,0.00
A Patel (MWI),2019-2019,2019,2019,0,2,2,0,0,0,0,0,0,0,0.00,0.00,0.00
AY Patel (NZ),2018-2018,2018,2018,0,2,2,0,0,0,0,0,0,0,0.00,0.00,0.00
M Patel (PNM),2019-2019,2019,2019,0,2,2,0,0,0,0,0,0,0,0.00,0.00,0.00
M Patel (Chile),2019-2019,2019,2019,0,3,3,0,0,0,0,0,0,0,0.00,0.00,0.00
MIA Patel (MWI),2019-2019,2019,2019,0,3,3,0,0,0,0,0,0,0,0.00,0.00,0.00
MM Patel (INDIA),2011-2011,2011,2011,0,3,3,0,0,0,0,0,0,0,0.00,0.00,0.00
TK Patel (USA),2019-2019,2019,2019,0,7,7,0,0,0,0,0,0,0,0.00,0.00,0.00
N Pathan (THAI),2019-2019,2019,2019,0,4,4,0,0,0,0,0,0,0,0.00,0.00,0.00
SS Pathirana (SL),2016-2017,2016,2017,1,5,5,0,0,0,0,0,0,0,0.00,0.00,0.00
WA Peatfield (GUE),2019-2019,2019,2019,0,8,8,0,0,0,0,0,0,0,0.00,0.00,0.00
MDK Perera (SL),2011-2011,2011,2011,0,3,3,0,0,0,0,0,0,0,0.00,0.00,0.00
PDRL Perera (SL),2006-2006,2006,2006,0,2,2,0,0,0,0,0,0,0,0.00,0.00,0.00
S Periyalwar (ROM),2019-2019,2019,2019,0,4,4,0,0,0,0,0,0,0,0.00,0.00,0.00
V Permaul (WI),2018-2018,2018,2018,0,1,1,0,0,0,0,0,0,0,0.00,0.00,0.00
AM Phangiso (SA),2012-2018,2012,2018,6,16,16,0,0,0,0,0,0,0,0.00,0.00,0.00
T Phaswana (Botsw),2019-2019,2019,2019,0,1,1,0,0,0,0,0,0,0,0.00,0.00,0.00
S Pillai (CRC),2019-2019,2019,2019,0,3,3,0,0,0,0,0,0,0,0.00,0.00,0.00
LA Pomersbach (AUS),2007-2007,2007,2007,0,1,1,0,0,0,0,0,0,0,0.00,0.00,0.00
VRCF Poubel (),2019-2019,2019,2019,0,3,3,0,0,0,0,0,0,0,0.00,0.00,0.00
H Pragji (Botsw),2019-2019,2019,2019,0,4,4,0,0,0,0,0,0,0,0.00,0.00,0.00
C Prasad (CRC),2019-2019,2019,2019,0,3,3,0,0,0,0,0,0,0,0.00,0.00,0.00
KTGD Prasad (SL),2011-2011,2011,2011,0,1,1,0,0,0,0,0,0,0,0.00,0.00,0.00
D Pretorius (SA),2017-2019,2017,2019,2,6,6,0,0,0,0,0,0,0,0.00,0.00,0.00
AG Prince (SA),2005-2005,2005,2005,0,1,1,0,0,0,0,0,0,0,0.00,0.00,0.00
SMA Priyanjan (SL),2017-2017,2017,2017,0,3,3,0,0,0,0,0,0,0,0.00,0.00,0.00
Qalandar Khan (QAT),2019-2019,2019,2019,0,4,4,0,0,0,0,0,0,0,0.00,0.00,0.00
Qasim Zia (BAH),2019-2019,2019,2019,0,3,3,0,0,0,0,0,0,0,0.00,0.00,0.00
Rafatullah Mohmand (PAK),2015-2015,2015,2015,0,3,3,0,0,0,0,0,0,0,0.00,0.00,0.00
Rahman Ademi (Serb),2019-2019,2019,2019,0,2,2,0,0,0,0,0,0,0,0.00,0.00,0.00
P Raho (PNG),2016-2016,2016,2016,0,2,2,0,0,0,0,0,0,0,0.00,0.00,0.00
EC Rainsford (ZIM),2010-2010,2010,2010,0,2,2,0,0,0,0,0,0,0,0.00,0.00,0.00
PBB Rajapaksa (SL),2019-2019,2019,2019,0,5,5,0,0,0,0,0,0,0,0.00,0.00,0.00
Raja Adeel (ESP),2019-2019,2019,2019,0,3,3,0,0,0,0,0,0,0,0.00,0.00,0.00
CAK Rajitha (SL),2016-2019,2016,2019,3,10,10,0,0,0,0,0,0,0,0.00,0.00,0.00
Rakibul Hasan (ITA),2019-2019,2019,2019,0,8,7,0,0,0,0,0,0,0,0.00,0.00,0.00
RLB Rambukwella (SL),2013-2016,2013,2016,3,2,2,0,0,0,0,0,0,0,0.00,0.00,0.00
Rameez Raja (2) (PAK),2011-2011,2011,2011,0,2,2,0,0,0,0,0,0,0,0.00,0.00,0.00
SHA Rance (NZ),2017-2019,2017,2019,2,8,7,0,0,0,0,0,0,0,0.00,0.00,0.00
DA Rankin (IRE),2015-2016,2015,2016,1,2,2,0,0,0,0,0,0,0,0.00,0.00,0.00
RJ Ranpura (OMAN),2015-2016,2015,2016,1,3,2,0,0,0,0,0,0,0,0.00,0.00,0.00
Rashid Khan (NEPAL),2019-2019,2019,2019,0,1,1,0,0,0,0,0,0,0,0.00,0.00,0.00
KB Ratilal (PNM),2019-2019,2019,2019,0,3,3,0,0,0,0,0,0,0,0.00,0.00,0.00
Ravinder Singh (MALTA),2019-2019,2019,2019,0,2,2,0,0,0,0,0,0,0,0.00,0.00,0.00
Razmal Shigiwal (Aut),2019-2019,2019,2019,0,4,4,0,0,0,0,0,0,0,0.00,0.00,0.00
NJ Reardon (AUS),2014-2014,2014,2014,0,2,2,0,0,0,0,0,0,0,0.00,0.00,0.00
J Reb (Serb),2019-2019,2019,2019,0,2,2,0,0,0,0,0,0,0,0.00,0.00,0.00
Riazat Ali Shah (UGA),2019-2019,2019,2019,0,4,4,0,0,0,0,0,0,0,0.00,0.00,0.00
ACL Richards (WI),2007-2007,2007,2007,0,1,1,0,0,0,0,0,0,0,0.00,0.00,0.00
DM Richards (WI),2009-2009,2009,2009,0,1,1,0,0,0,0,0,0,0,0.00,0.00,0.00
EB Ringera (KENYA),2019-2019,2019,2019,0,1,1,0,0,0,0,0,0,0,0.00,0.00,0.00
R Rivas (Chile),2019-2019,2019,2019,0,3,3,0,0,0,0,0,0,0,0.00,0.00,0.00
CP Rizwan (UAE),2019-2019,2019,2019,0,5,5,0,0,0,0,0,0,0,0.00,0.00,0.00
Rizwan Mahmood (DEN),2019-2019,2019,2019,0,5,3,0,0,0,0,0,0,0,0.00,0.00,0.00
WJR Robertson (JER),2019-2019,2019,2019,0,6,6,0,0,0,0,0,0,0,0.00,0.00,0.00
Robiul Islam (BDESH),2013-2013,2013,2013,0,1,1,0,0,0,0,0,0,0,0.00,0.00,0.00
GA Rogers (SCOT),2008-2009,2008,2009,1,2,2,0,0,0,0,0,0,0,0.00,0.00,0.00
BJ Rohrer (AUS),2013-2013,2013,2013,0,1,1,0,0,0,0,0,0,0,0.00,0.00,0.00
Rokhan Barakzai (AFG),2015-2015,2015,2015,0,3,3,0,0,0,0,0,0,0,0.00,0.00,0.00
Rony Talukdar (BDESH),2015-2015,2015,2015,0,1,1,0,0,0,0,0,0,0,0.00,0.00,0.00
JA Rudolph (SA),2006-2006,2006,2006,0,1,1,0,0,0,0,0,0,0,0.00,0.00,0.00
SI Runsewe (NGA),2019-2019,2019,2019,0,6,6,0,0,0,0,0,0,0,0.00,0.00,0.00
AK Sah (NEPAL),2018-2018,2018,2018,0,1,1,0,0,0,0,0,0,0,0.00,0.00,0.00
TK Saha (Fin),2019-2019,2019,2019,0,4,4,0,0,0,0,0,0,0,0.00,0.00,0.00
Sajid Liaqat (GER),2019-2019,2019,2019,0,2,2,0,0,0,0,0,0,0,0.00,0.00,0.00
Sakib Hasan (Serb),2019-2019,2019,2019,0,2,2,0,0,0,0,0,0,0,0.00,0.00,0.00
BA Sambo (Moz),2019-2019,2019,2019,0,2,2,0,0,0,0,0,0,0,0.00,0.00,0.00
O Sam Arthur (CRC),2019-2019,2019,2019,0,3,3,0,0,0,0,0,0,0,0.00,0.00,0.00
Sandeep Sharma (INDIA),2015-2015,2015,2015,0,2,2,0,0,0,0,0,0,0,0.00,0.00,0.00
Saqlain Ali (Belg),2019-2019,2019,2019,0,2,2,0,0,0,0,0,0,0,0.00,0.00,0.00
Saqlain Sajib (BDESH),2016-2016,2016,2016,0,1,1,0,0,0,0,0,0,0,0.00,0.00,0.00
Sarfaraz Ali (BAH),2019-2019,2019,2019,0,4,4,0,0,0,0,0,0,0,0.00,0.00,0.00
R Satheesan (ROM),2019-2019,2019,2019,0,4,4,0,0,0,0,0,0,0,0.00,0.00,0.00
JOP Scamans (Fin),2019-2019,2019,2019,0,2,2,0,0,0,0,0,0,0,0.00,0.00,0.00
K Senamontree (THAI),2019-2019,2019,2019,0,2,2,0,0,0,0,0,0,0,0.00,0.00,0.00
YSD Seneveratne (Caym),2019-2019,2019,2019,0,6,6,0,0,0,0,0,0,0,0.00,0.00,0.00
M Sert (TKY),2019-2019,2019,2019,0,4,4,0,0,0,0,0,0,0,0.00,0.00,0.00
Shabbir Ahmed (PAK),2007-2007,2007,2007,0,1,1,0,0,0,0,0,0,0,0.00,0.00,0.00
Shabir Noori (AFG),2012-2012,2012,2012,0,1,1,0,0,0,0,0,0,0,0.00,0.00,0.00
L Shafeeg (Mald),2019-2019,2019,2019,0,3,3,0,0,0,0,0,0,0,0.00,0.00,0.00
Shahadat Hossain (BDESH),2006-2013,2006,2013,7,6,6,0,0,0,0,0,0,0,0.00,0.00,0.00
Shahbaz Badar (BAH),2019-2019,2019,2019,0,3,3,0,0,0,0,0,0,0,0.00,0.00,0.00
Shahzad Muhammad (Mex),2019-2019,2019,2019,0,2,2,0,0,0,0,0,0,0,0.00,0.00,0.00
Sharif Asadullah (UAE),2014-2014,2014,2014,0,1,1,0,0,0,0,0,0,0,0.00,0.00,0.00
KV Sharma (INDIA),2014-2014,2014,2014,0,1,1,0,0,0,0,0,0,0,0.00,0.00,0.00
R Sharma (INDIA),2012-2012,2012,2012,0,2,2,0,0,0,0,0,0,0,0.00,0.00,0.00
ZK Shem (VAN),2019-2019,2019,2019,0,5,5,0,0,0,0,0,0,0,0.00,0.00,0.00
Shoaib Gazi Hossain (Chile),2019-2019,2019,2019,0,4,4,0,0,0,0,0,0,0,0.00,0.00,0.00
PM Siddle (AUS),2009-2010,2009,2010,1,2,2,0,0,0,0,0,0,0,0.00,0.00,0.00
KM Silva (),2019-2019,2019,2019,0,3,3,0,0,0,0,0,0,0,0.00,0.00,0.00
BA Simango (Moz),2019-2019,2019,2019,0,2,2,0,0,0,0,0,0,0,0.00,0.00,0.00
LA Simango (Moz),2019-2019,2019,2019,0,3,3,0,0,0,0,0,0,0,0.00,0.00,0.00
M Simmons (BMUDA),2019-2019,2019,2019,0,2,2,0,0,0,0,0,0,0,0.00,0.00,0.00
Simranjit Singh (ITA),2019-2019,2019,2019,0,1,1,0,0,0,0,0,0,0,0.00,0.00,0.00
MS Sinclair (NZ),2005-2007,2005,2007,2,2,2,0,0,0,0,0,0,0,0.00,0.00,0.00
H Singh (GER),2019-2019,2019,2019,0,7,7,0,0,0,0,0,0,0,0.00,0.00,0.00
S Singh (PHI),2019-2019,2019,2019,0,4,4,0,0,0,0,0,0,0,0.00,0.00,0.00
S Singh (PORT),2019-2019,2019,2019,0,1,1,0,0,0,0,0,0,0,0.00,0.00,0.00
JR Singleton (),2019-2019,2019,2019,0,3,3,0,0,0,0,0,0,0,0.00,0.00,0.00
T Singye (BHU),2019-2019,2019,2019,0,2,2,0,0,0,0,0,0,0,0.00,0.00,0.00
RM Siri (Arg),2019-2019,2019,2019,0,4,4,0,0,0,0,0,0,0,0.00,0.00,0.00
DC Smith (PHI),2019-2019,2019,2019,0,4,4,0,0,0,0,0,0,0,0.00,0.00,0.00
OF Smith (WI),2018-2018,2018,2018,0,2,2,0,0,0,0,0,0,0,0.00,0.00,0.00
RAJ Smith (SCOT),2019-2019,2019,2019,0,2,2,0,0,0,0,0,0,0,0.00,0.00,0.00
Sohail Khan (PAK),2008-2017,2008,2017,9,5,5,0,0,0,0,0,0,0,0.00,0.00,0.00
S Sohal (USA),2019-2019,2019,2019,0,3,3,0,0,0,0,0,0,0,0.00,0.00,0.00
Soheel Hussain (Belg),2019-2019,2019,2019,0,1,1,0,0,0,0,0,0,0,0.00,0.00,0.00
M Sohel Patel (PNM),2019-2019,2019,2019,0,2,2,0,0,0,0,0,0,0,0.00,0.00,0.00
Sohrawordi Shuvo (BDESH),2010-2010,2010,2010,0,1,1,0,0,0,0,0,0,0,0.00,0.00,0.00
S Sola (Samoa),2019-2019,2019,2019,0,4,4,0,0,0,0,0,0,0,0.00,0.00,0.00
S Soosiyakumar (),2019-2019,2019,2019,0,1,1,0,0,0,0,0,0,0,0.00,0.00,0.00
ES Soto (CRC),2019-2019,2019,2019,0,1,1,0,0,0,0,0,0,0,0.00,0.00,0.00
M Spry (Peru),2019-2019,2019,2019,0,4,4,0,0,0,0,0,0,0,0.00,0.00,0.00
BB Sran (INDIA),2016-2016,2016,2016,0,2,2,0,0,0,0,0,0,0,0.00,0.00,0.00
L Sreekumar (UAE),2017-2017,2017,2017,0,1,1,0,0,0,0,0,0,0,0.00,0.00,0.00
H Ssenyondo (UGA),2019-2019,2019,2019,0,4,4,0,0,0,0,0,0,0,0.00,0.00,0.00
AJ Staal (NL),2019-2019,2019,2019,0,9,9,0,0,0,0,0,0,0,0.00,0.00,0.00
B Stanlake (AUS),2017-2019,2017,2019,2,19,19,0,0,0,0,0,0,0,0.00,0.00,0.00
AL Stephen (VAN),2019-2019,2019,2019,0,2,2,0,0,0,0,0,0,0,0.00,0.00,0.00
BS Stephenson (Blz),2019-2019,2019,2019,0,3,3,0,0,0,0,0,0,0,0.00,0.00,0.00
TJ Stephenson (Blz),2019-2019,2019,2019,0,1,1,0,0,0,0,0,0,0,0.00,0.00,0.00
Suhail Sadiq (LUX),2019-2019,2019,2019,0,2,2,0,0,0,0,0,0,0,0.00,0.00,0.00
Suhrid Roy (MALTA),2019-2019,2019,2019,0,1,1,0,0,0,0,0,0,0,0.00,0.00,0.00
Sumair Khan (MALTA),2019-2019,2019,2019,0,1,1,0,0,0,0,0,0,0,0.00,0.00,0.00
Suresh Kumar (Peru),2019-2019,2019,2019,0,2,2,0,0,0,0,0,0,0,0.00,0.00,0.00
ZE Surkari (CAN),2008-2008,2008,2008,0,4,4,0,0,0,0,0,0,0,0.00,0.00,0.00
MJ Swepson (AUS),2018-2018,2018,2018,0,1,1,0,0,0,0,0,0,0,0.00,0.00,0.00
Syazrul Idrus (MAL),2019-2019,2019,2019,0,2,2,0,0,0,0,0,0,0,0.00,0.00,0.00
Tafseer Ali (NOR),2019-2019,2019,2019,0,5,5,0,0,0,0,0,0,0,0.00,0.00,0.00
Taijul Islam (BDESH),2019-2019,2019,2019,0,2,2,0,0,0,0,0,0,0,0.00,0.00,0.00
Talha Khan (GER),2019-2019,2019,2019,0,1,1,0,0,0,0,0,0,0,0.00,0.00,0.00
Tanvir Ahmed (PAK),2010-2010,2010,2010,0,1,1,0,0,0,0,0,0,0,0.00,0.00,0.00
Tariq Aziz (PORT),2019-2019,2019,2019,0,4,4,0,0,0,0,0,0,0,0.00,0.00,0.00
Tarun Sharma (Mex),2019-2019,2019,2019,0,8,8,0,0,0,0,0,0,0,0.00,0.00,0.00
R Telemachus (SA),2006-2007,2006,2007,1,3,3,0,0,0,0,0,0,0,0.00,0.00,0.00
VE Tembo (Moz),2019-2019,2019,2019,0,6,5,0,0,0,0,0,0,0,0.00,0.00,0.00
H Thaker (CAN),2019-2019,2019,2019,0,1,1,0,0,0,0,0,0,0,0.00,0.00,0.00
J Thinley (BHU),2019-2019,2019,2019,0,2,2,0,0,0,0,0,0,0,0.00,0.00,0.00
AC Thomas (SA),2007-2007,2007,2007,0,1,1,0,0,0,0,0,0,0,0.00,0.00,0.00
O Thomas (WI),2018-2019,2018,2019,1,10,10,0,0,0,0,0,0,0,0.00,0.00,0.00
EP Thompson (NZ),2008-2008,2008,2008,0,1,1,0,0,0,0,0,0,0,0.00,0.00,0.00
S Thuraisingam (CAN),2008-2008,2008,2008,0,3,3,0,0,0,0,0,0,0,0.00,0.00,0.00
SF Tiai (Samoa),2019-2019,2019,2019,0,4,4,0,0,0,0,0,0,0,0.00,0.00,0.00
BM Tickner (NZ),2019-2019,2019,2019,0,3,3,0,0,0,0,0,0,0,0.00,0.00,0.00
CT Tremlett (ENG),2007-2007,2007,2007,0,1,1,0,0,0,0,0,0,0,0.00,0.00,0.00
IJL Trott (ENG),2007-2010,2007,2010,3,7,7,0,0,0,0,0,0,0,0.00,0.00,0.00
RJ Trott (BMUDA),2008-2019,2008,2019,11,15,15,0,0,0,0,0,0,0,0.00,0.00,0.00
TE Tucker (BMUDA),2008-2008,2008,2008,0,1,1,0,0,0,0,0,0,0,0.00,0.00,0.00
DR Tuffey (NZ),2005-2010,2005,2010,5,3,3,0,0,0,0,0,0,0,0.00,0.00,0.00
T Turan (TKY),2019-2019,2019,2019,0,4,4,0,0,0,0,0,0,0,0.00,0.00,0.00
HER Tyler (PHI),2019-2019,2019,2019,0,2,2,0,0,0,0,0,0,0,0.00,0.00,0.00
ML Udawatte (SL),2008-2017,2008,2017,9,8,8,0,0,0,0,0,0,0,0.00,0.00,0.00
T Ulutuna (TKY),2019-2019,2019,2019,0,3,3,0,0,0,0,0,0,0,0.00,0.00,0.00
R Ulutuna (TKY),2019-2019,2019,2019,0,4,4,0,0,0,0,0,0,0,0.00,0.00,0.00
Umair Ali (UAE),2015-2015,2015,2015,0,3,3,0,0,0,0,0,0,0,0.00,0.00,0.00
J Umanath (Mex),2019-2019,2019,2019,0,7,7,0,0,0,0,0,0,0,0.00,0.00,0.00
Usman Mushtaq (UAE),2016-2016,2016,2016,0,3,3,0,0,0,0,0,0,0,0.00,0.00,0.00
WPUJC Vaas (SL),2006-2007,2006,2007,1,6,6,0,0,0,0,0,0,0,0.00,0.00,0.00
JJ van der Wath (SA),2006-2007,2006,2007,1,8,8,0,0,0,0,0,0,0,0.00,0.00,0.00
VB van Jaarsveld (SA),2009-2009,2009,2009,0,3,3,0,0,0,0,0,0,0,0.00,0.00,0.00
S Varathappan (KUW),2019-2019,2019,2019,0,3,3,0,0,0,0,0,0,0,0.00,0.00,0.00
MP Vaughan (ENG),2005-2007,2005,2007,2,2,2,0,0,0,0,0,0,0,0.00,0.00,0.00
G Venkateswaran (LUX),2019-2019,2019,2019,0,3,3,0,0,0,0,0,0,0,0.00,0.00,0.00
JK Vifah (Ghana),2019-2019,2019,2019,0,3,3,0,0,0,0,0,0,0,0.00,0.00,0.00
V Vijh (LUX),2019-2019,2019,2019,0,4,4,0,0,0,0,0,0,0,0.00,0.00,0.00
Vikramjit Singh (NL),2019-2019,2019,2019,0,1,1,0,0,0,0,0,0,0,0.00,0.00,0.00
DJ Vilas (SA),2012-2012,2012,2012,0,1,1,0,0,0,0,0,0,0,0.00,0.00,0.00
TC Vine (ESP),2019-2019,2019,2019,0,6,6,0,0,0,0,0,0,0,0.00,0.00,0.00
R Vishwanath (LUX),2019-2019,2019,2019,0,2,2,0,0,0,0,0,0,0,0.00,0.00,0.00
C Vorster (GUE),2019-2019,2019,2019,0,1,1,0,0,0,0,0,0,0,0.00,0.00,0.00
Walid Ghauri (NOR),2019-2019,2019,2019,0,4,4,0,0,0,0,0,0,0,0.00,0.00,0.00
T Wangchuk jnr (BHU),2019-2019,2019,2019,0,2,2,0,0,0,0,0,0,0,0.00,0.00,0.00
S Waqas Ahmed (NOR),2019-2019,2019,2019,0,5,5,0,0,0,0,0,0,0,0.00,0.00,0.00
Waqas Khan (HKG),2014-2017,2014,2017,3,8,8,0,0,0,0,0,0,0,0.00,0.00,0.00
Waqas Maqsood (PAK),2018-2018,2018,2018,0,1,1,0,0,0,0,0,0,0,0.00,0.00,0.00
Waqas Raja (Fin),2019-2019,2019,2019,0,1,1,0,0,0,0,0,0,0,0.00,0.00,0.00
I Wardlaw (SCOT),2013-2013,2013,2013,0,4,4,0,0,0,0,0,0,0,0.00,0.00,0.00
Wasim Ali (OMAN),2019-2019,2019,2019,0,1,1,0,0,0,0,0,0,0,0.00,0.00,0.00
SMK Waththage (CZK-R),2019-2019,2019,2019,0,5,5,0,0,0,0,0,0,0,0.00,0.00,0.00
UWMBCA Welegedara (SL),2010-2010,2010,2010,0,2,2,0,0,0,0,0,0,0,0.00,0.00,0.00
T Whiteman (LUX),2019-2019,2019,2019,0,4,4,0,0,0,0,0,0,0,0.00,0.00,0.00
SG Whittingham (SCOT),2018-2018,2018,2018,0,3,3,0,0,0,0,0,0,0,0.00,0.00,0.00
G Wijekoon (SL),2007-2007,2007,2007,0,3,3,0,0,0,0,0,0,0,0.00,0.00,0.00
JW Wilson (NZ),2005-2005,2005,2005,0,1,1,0,0,0,0,0,0,0,0.00,0.00,0.00
MA Wood (ENG),2015-2019,2015,2019,4,5,5,0,0,0,0,0,0,0,0.00,0.00,0.00
Yamin Ahmadzai (AFG),2015-2015,2015,2015,0,2,2,0,0,0,0,0,0,0,0.00,0.00,0.00
N Yordanov (),2019-2019,2019,2019,0,2,2,0,0,0,0,0,0,0,0.00,0.00,0.00
Zain ul Tashnam (CRC),2019-2019,2019,2019,0,3,3,0,0,0,0,0,0,0,0.00,0.00,0.00
Zakir Hasan (BDESH),2018-2018,2018,2018,0,1,1,0,0,0,0,0,0,0,0.00,0.00,0.00
Zaki Ul Hassan (Belg),2019-2019,2019,2019,0,3,3,0,0,0,0,0,0,0,0.00,0.00,0.00
Zamir Khan (AFG),2012-2012,2012,2012,0,1,1,0,0,0,0,0,0,0,0.00,0.00,0.00
S Zargar (Mex),2019-2019,2019,2019,0,1,1,0,0,0,0,0,0,0,0.00,0.00,0.00
Zeeshan Siddiqui (OMAN),2015-2015,2015,2015,0,5,5,0,0,0,0,0,0,0,0.00,0.00,0.00
Zeshan Arif (Aut),2019-2019,2019,2019,0,4,4,0,0,0,0,0,0,0,0.00,0.00,0.00
Ziaur Rahman (AFG),2019-2019,2019,2019,0,1,1,0,0,0,0,0,0,0,0.00,0.00,0.00
Ziaur Rehman (Fin),2019-2019,2019,2019,0,1,1,0,0,0,0,0,0,0,0.00,0.00,0.00
Zohaib Sarwar (PORT),2019-2019,2019,2019,0,4,4,0,0,0,0,0,0,0,0.00,0.00,0.00
M Zondeki (SA),2006-2006,2006,2006,0,1,1,0,0,0,0,0,0,0,0.00,0.00,0.00
GMC Mol (NL),2008-2008,2008,2008,0,1,-,-,-,-,-,-,-,-,#VALUE!,#VALUE!,#VALUE!
JD Schoonheim (NL),2008-2008,2008,2008,0,1,-,-,-,-,-,-,-,-,#VALUE!,#VALUE!,#VALUE!
