Player,Span_bat,Start_Year_bat,End_Year_bat,Career_Length_bat,Mat_bat,Inns_bat,NO,Runs_bat,HS,HS_Numeric,HS_NotOut,Ave_bat,BF,SR_bat,100,50,0,Runs_Per_Match,Century_Rate,Fifty_Rate,Consistency_Score,Span_bowl,Start_Year_bowl,End_Year_bowl,Career_Length_bowl,Mat_bowl,Inns_bowl,Balls,Runs_bowl,Wkts,BBI,Ave_bowl,Econ,SR_bowl,4,5,Wickets_Per_Match,Economy_Score,Bowling_Impact_Score,Five_Wicket_Rate,Span,Start_Year,End_Year,Career_Length,Mat,Inns,Dis,Ct,St,Ct Wk,Ct Fi,MD,D/I,Catches_Per_Match,Dismissals_Per_Match,Stumping_Rate,has_batting,has_bowling,player_role_hint
A Bagai (CAN),2003-2013,2003.0,2013.0,11.0,62.0,60.0,8.0,1964.0,137*,137.0,1.0,37.76,2995.0,65.57,2.0,16.0,2.0,31.68,3.23,25.81,48.884,2003-2013,2003,2013,10,62,,,,,-,,,,,,,,,,,,,,,,,,,,,,,,,,True,True,All-rounder
A Balbirnie (IRE),2010-2019,2010.0,2019.0,10.0,64.0,61.0,4.0,1813.0,145*,145.0,1.0,31.8,2413.0,75.13,5.0,8.0,4.0,28.33,7.81,12.5,49.132,2010-2019,2010,2019,9,64,3.0,60.0,68.0,2.0,Jan-26,34.0,6.8,30.0,0.0,0.0,0.03,0.15,0.07,0.0,,,,,,,,,,,,,,,,,True,True,All-rounder
A Bhandari (INDIA),2000-2004,2000.0,2004.0,5.0,2.0,1.0,1.0,0.0,0*,0.0,1.0,,0.0,,0.0,0.0,0.0,0.0,0.0,0.0,,2000-2004,2000,2004,4,2,2.0,106.0,106.0,5.0,Mar-31,21.2,6.0,21.2,0.0,0.0,2.5,0.17,1.8,0.0,,,,,,,,,,,,,,,,,True,True,All-rounder
A Codrington (CAN),2003-2007,2003.0,2007.0,5.0,9.0,8.0,0.0,47.0,16,16.0,0.0,5.87,92.0,51.08,0.0,0.0,2.0,5.22,0.0,0.0,23.954,2003-2007,2003,2007,4,9,8.0,300.0,265.0,10.0,May-27,26.5,5.3,30.0,0.0,1.0,1.11,0.19,0.83,0.111,,,,,,,,,,,,,,,,,True,True,All-rounder
A Dananjaya (SL),2012-2019,2012.0,2019.0,8.0,36.0,27.0,5.0,283.0,50*,50.0,1.0,12.86,411.0,68.85,0.0,1.0,2.0,7.86,0.0,2.78,35.256,2012-2019,2012,2019,7,36,34.0,1773.0,1506.0,51.0,Jun-29,29.52,5.09,34.7,2.0,2.0,1.42,0.2,1.05,0.056,,,,,,,,,,,,,,,,,True,True,All-rounder
A Flintoff (ENG/ICC),1999-2009,1999.0,2009.0,11.0,141.0,122.0,16.0,3394.0,123,123.0,0.0,32.01,3821.0,88.82,3.0,18.0,9.0,24.07,2.13,12.77,54.734,1999-2009,1999,2009,10,141,119.0,5624.0,4121.0,169.0,May-19,24.38,4.39,33.2,6.0,2.0,1.2,0.23,0.91,0.014,,,,,,,,,,,,,,,,,True,True,All-rounder
A Flower (ZIM),1992-2003,1992.0,2003.0,12.0,213.0,208.0,16.0,6786.0,145,145.0,0.0,35.34,9097.0,74.59,4.0,55.0,13.0,31.86,1.88,25.82,51.04,1992-2003,1992,2003,11,213,2.0,30.0,23.0,0.0,-,,4.6,,0.0,0.0,0.0,0.22,0.07,0.0,1992-2003,1992.0,2003.0,11.0,213.0,212.0,173.0,141.0,32.0,133.0,8.0,,0.816,0.66,0.81,0.15,True,True,All-rounder
A Jadeja (INDIA),1992-2000,1992.0,2000.0,9.0,196.0,179.0,36.0,5359.0,119,119.0,0.0,37.47,7677.0,69.8,6.0,30.0,10.0,27.34,3.06,15.31,50.402,1992-2000,1992,2000,8,196,52.0,1248.0,1094.0,20.0,03-Mar,54.7,5.25,62.4,0.0,0.0,0.1,0.19,0.13,0.0,,,,,,,,,,,,,,,,,True,True,All-rounder
A Kumble (Asia/INDIA),1990-2007,1990.0,2007.0,18.0,271.0,136.0,47.0,938.0,26,26.0,0.0,10.53,1536.0,61.06,0.0,0.0,18.0,3.46,0.0,0.0,30.742,1990-2007,1990,2007,17,271,265.0,14496.0,10412.0,337.0,06-Dec,30.89,4.3,43.0,8.0,2.0,1.24,0.23,0.94,0.007,,,,,,,,,,,,,,,,,True,True,All-rounder
A Kuruvilla (INDIA),1997-1997,1997.0,1997.0,1.0,25.0,11.0,4.0,26.0,7,7.0,0.0,3.71,43.0,60.46,0.0,0.0,1.0,1.04,0.0,0.0,26.41,1997-1997,1997,1997,0,25,25.0,1131.0,890.0,25.0,Apr-43,35.6,4.72,45.2,1.0,0.0,1.0,0.21,0.76,0.0,,,,,,,,,,,,,,,,,True,True,All-rounder
A Maregwede (ZIM),2003-2005,2003.0,2005.0,3.0,11.0,11.0,1.0,124.0,37,37.0,0.0,12.4,218.0,56.88,0.0,0.0,1.0,11.27,0.0,0.0,30.192,2003-2005,2003,2005,2,11,,,,,-,,,,,,,,,,,,,,,,,,,,,,,,,,True,True,All-rounder
A Martin (WI),2011-2011,2011.0,2011.0,1.0,9.0,6.0,5.0,10.0,4*,4.0,1.0,10.0,29.0,34.48,0.0,0.0,0.0,1.11,0.0,0.0,19.792,2011-2011,2011,2011,0,9,9.0,444.0,296.0,11.0,Apr-36,26.9,4.0,40.3,1.0,0.0,1.22,0.25,0.93,0.0,,,,,,,,,,,,,,,,,True,True,All-rounder
A McGrath (ENG),2003-2004,2003.0,2004.0,2.0,14.0,12.0,2.0,166.0,52,52.0,0.0,16.6,353.0,47.02,0.0,1.0,1.0,11.86,0.0,7.14,28.768,2003-2004,2003,2004,1,14,7.0,228.0,175.0,4.0,Jan-13,43.75,4.6,57.0,0.0,0.0,0.29,0.22,0.27,0.0,,,,,,,,,,,,,,,,,True,True,All-rounder
A Mishra (INDIA),2003-2016,2003.0,2016.0,14.0,36.0,11.0,3.0,43.0,14,14.0,0.0,5.37,82.0,52.43,0.0,0.0,2.0,1.19,0.0,0.0,24.194,2003-2016,2003,2016,13,36,34.0,1917.0,1511.0,64.0,Jun-48,23.6,4.72,29.9,2.0,2.0,1.78,0.21,1.31,0.056,,,,,,,,,,,,,,,,,True,True,All-rounder
A Mithun (INDIA),2010-2011,2010.0,2011.0,2.0,5.0,3.0,0.0,51.0,24,24.0,0.0,17.0,55.0,92.72,0.0,0.0,0.0,10.2,0.0,0.0,47.288,2010-2011,2010,2011,1,5,5.0,180.0,203.0,3.0,Feb-32,67.66,6.76,60.0,0.0,0.0,0.6,0.15,0.46,0.0,,,,,,,,,,,,,,,,,True,True,All-rounder
A Nao (PNG),2017-2019,2017.0,2019.0,3.0,13.0,11.0,9.0,90.0,46,46.0,0.0,45.0,83.0,108.43,0.0,0.0,0.0,6.92,0.0,0.0,70.372,2017-2019,2017,2019,2,13,13.0,613.0,495.0,14.0,Mar-40,35.35,4.84,43.7,0.0,0.0,1.08,0.21,0.82,0.0,,,,,,,,,,,,,,,,,True,True,All-rounder
A Ndlovu (ZIM),,,,,,,,,,,,,,,,,,,,,,2019-2019,2019,2019,0,2,2.0,102.0,80.0,1.0,Jan-29,80.0,4.7,102.0,0.0,0.0,0.5,0.21,0.41,0.0,,,,,,,,,,,,,,,,,False,True,Bowler
A Nehra (Asia/INDIA),2001-2011,2001.0,2011.0,11.0,120.0,46.0,21.0,141.0,24,24.0,0.0,5.64,246.0,57.31,0.0,0.0,9.0,1.18,0.0,0.0,26.308,2001-2011,2001,2011,10,120,120.0,5751.0,4981.0,157.0,Jun-23,31.72,5.19,36.6,5.0,2.0,1.31,0.19,0.97,0.017,,,,,,,,,,,,,,,,,True,True,All-rounder
A Neill (SCOT),2019-2019,2019.0,2019.0,1.0,1.0,1.0,1.0,0.0,0*,0.0,1.0,,3.0,0.0,0.0,0.0,0.0,0.0,0.0,0.0,,2019-2019,2019,2019,0,1,1.0,55.0,24.0,1.0,Jan-24,24.0,2.61,55.0,0.0,0.0,1.0,0.38,0.81,0.0,,,,,,,,,,,,,,,,,True,True,All-rounder
A Nel (SA),2001-2008,2001.0,2008.0,8.0,79.0,22.0,12.0,127.0,30*,30.0,1.0,12.7,166.0,76.5,0.0,0.0,2.0,1.61,0.0,0.0,38.22,2001-2008,2001,2008,7,79,76.0,3801.0,2935.0,106.0,May-45,27.68,4.63,35.8,3.0,1.0,1.34,0.22,1.0,0.013,,,,,,,,,,,,,,,,,True,True,All-rounder
A Nortje (SA),2019-2019,2019.0,2019.0,1.0,4.0,1.0,0.0,8.0,8,8.0,0.0,8.0,18.0,44.44,0.0,0.0,0.0,2.0,0.0,0.0,22.576,2019-2019,2019,2019,0,4,4.0,189.0,150.0,8.0,Mar-57,18.75,4.76,23.6,0.0,0.0,2.0,0.21,1.46,0.0,,,,,,,,,,,,,,,,,True,True,All-rounder
A Patel (CAN),2003-2003,2003.0,2003.0,1.0,2.0,1.0,0.0,25.0,25,25.0,0.0,25.0,29.0,86.2,0.0,0.0,0.0,12.5,0.0,0.0,49.48,2003-2003,2003,2003,0,2,2.0,60.0,73.0,3.0,Mar-41,24.33,7.3,20.0,0.0,0.0,1.5,0.14,1.09,0.0,,,,,,,,,,,,,,,,,True,True,All-rounder
A Ranatunga (SL),1982-1999,1982.0,1999.0,18.0,269.0,255.0,47.0,7456.0,131*,131.0,1.0,35.84,9571.0,77.9,4.0,49.0,18.0,27.72,1.49,18.22,52.664,1982-1999,1982,1999,17,269,135.0,4710.0,3757.0,79.0,Apr-14,47.55,4.78,59.6,1.0,0.0,0.29,0.21,0.27,0.0,,,,,,,,,,,,,,,,,True,True,All-rounder
A Ratra (INDIA),2002-2002,2002.0,2002.0,1.0,12.0,8.0,1.0,90.0,30,30.0,0.0,12.85,127.0,70.86,0.0,0.0,0.0,7.5,0.0,0.0,36.054,2002-2002,2002,2002,0,12,,,,,-,,,,,,,,,,,,,,,,,,,,,,,,,,True,True,All-rounder
A Shahzad (ENG),2010-2011,2010.0,2011.0,2.0,11.0,8.0,2.0,39.0,9,9.0,0.0,6.5,60.0,65.0,0.0,0.0,0.0,3.55,0.0,0.0,29.9,2010-2011,2010,2011,1,11,11.0,588.0,490.0,17.0,Mar-41,28.82,5.0,34.5,0.0,0.0,1.55,0.2,1.14,0.0,,,,,,,,,,,,,,,,,True,True,All-rounder
A Shamshudeen (CAN),2007-2007,2007.0,2007.0,1.0,1.0,1.0,0.0,3.0,3,3.0,0.0,3.0,28.0,10.71,0.0,0.0,0.0,3.0,0.0,0.0,6.084,2007-2007,2007,2007,0,1,1.0,18.0,24.0,0.0,-,,8.0,,0.0,0.0,0.0,0.13,0.04,0.0,,,,,,,,,,,,,,,,,True,True,All-rounder
A Symonds (AUS),1998-2009,1998.0,2009.0,12.0,198.0,161.0,33.0,5088.0,156,156.0,0.0,39.75,5504.0,92.44,6.0,30.0,15.0,25.7,3.03,15.15,60.826,1998-2009,1998,2009,11,198,158.0,5935.0,4955.0,133.0,May-18,37.25,5.0,44.6,2.0,1.0,0.67,0.2,0.53,0.005,,,,,,,,,,,,,,,,,True,True,All-rounder
A Turner (AUS),1975-1975,1975.0,1975.0,1.0,6.0,6.0,0.0,247.0,101,101.0,0.0,41.16,309.0,79.93,1.0,0.0,0.0,41.17,16.67,0.0,56.668,1975-1975,1975,1975,0,6,,,,,-,,,,,,,,,,,,,,,,,,,,,,,,,,True,True,All-rounder
A Vala (PNG),2014-2019,2014.0,2019.0,6.0,27.0,27.0,0.0,739.0,104,104.0,0.0,27.37,1082.0,68.29,1.0,2.0,1.0,27.37,3.7,7.41,43.738,2014-2019,2014,2019,5,27,26.0,1038.0,648.0,27.0,Mar-20,24.0,3.74,38.4,0.0,0.0,1.0,0.27,0.78,0.0,,,,,,,,,,,,,,,,,True,True,All-rounder
A Zampa (AUS),2016-2019,2016.0,2019.0,4.0,48.0,20.0,5.0,100.0,22,22.0,0.0,6.66,159.0,62.89,0.0,0.0,3.0,2.08,0.0,0.0,29.152,2016-2019,2016,2019,3,48,48.0,2480.0,2363.0,65.0,Apr-43,36.35,5.71,38.1,1.0,0.0,1.35,0.18,1.0,0.0,,,,,,,,,,,,,,,,,True,True,All-rounder
A van der Merwe (IRE),2010-2011,2010.0,2011.0,2.0,9.0,6.0,2.0,15.0,8,8.0,0.0,3.75,25.0,60.0,0.0,0.0,2.0,1.67,0.0,0.0,26.25,2010-2011,2010,2011,1,9,9.0,432.0,323.0,11.0,May-49,29.36,4.48,39.2,0.0,1.0,1.22,0.22,0.92,0.111,,,,,,,,,,,,,,,,,True,True,All-rounder
AA Donald (SA),1991-2003,1991.0,2003.0,13.0,164.0,40.0,18.0,95.0,13,13.0,0.0,4.31,279.0,34.05,0.0,0.0,12.0,0.58,0.0,0.0,16.206,1991-2003,1991,2003,12,164,162.0,8561.0,5926.0,272.0,Jun-23,21.78,4.15,31.4,11.0,2.0,1.66,0.24,1.23,0.012,,,,,,,,,,,,,,,,,True,True,All-rounder
AA Mallett (AUS),1971-1975,1971.0,1975.0,5.0,9.0,3.0,1.0,14.0,8,8.0,0.0,7.0,36.0,38.88,0.0,0.0,1.0,1.56,0.0,0.0,19.752,1971-1975,1971,1975,4,9,9.0,502.0,341.0,11.0,Mar-34,31.0,4.07,45.6,0.0,0.0,1.22,0.25,0.93,0.0,,,,,,,,,,,,,,,,,True,True,All-rounder
AA Mulla (CAN),2006-2009,2006.0,2009.0,4.0,24.0,24.0,0.0,482.0,58,58.0,0.0,20.08,595.0,81.0,0.0,1.0,2.0,20.08,0.0,4.17,44.448,2006-2009,2006,2009,3,24,,,,,-,,,,,,,,,,,,,,,,,,,,,,,,,,True,True,All-rounder
AA Noffke (AUS),,,,,,,,,,,,,,,,,,,,,,2008-2008,2008,2008,0,1,1.0,54.0,46.0,1.0,Jan-46,46.0,5.11,54.0,0.0,0.0,1.0,0.2,0.76,0.0,,,,,,,,,,,,,,,,,False,True,Bowler
AA Obanda (KENYA),2007-2014,2007.0,2014.0,8.0,49.0,45.0,2.0,1306.0,96*,96.0,1.0,30.37,1764.0,74.03,0.0,9.0,2.0,26.65,0.0,18.37,47.834,2007-2014,2007,2014,7,49,,,,,-,,,,,,,,,,,,,,,,,,,,,,,,,,True,True,All-rounder
AAW Gunawardena (SL),1994-1994,1994.0,1994.0,1.0,1.0,1.0,0.0,2.0,2,2.0,0.0,2.0,10.0,20.0,0.0,0.0,0.0,2.0,0.0,0.0,9.2,1994-1994,1994,1994,0,1,,,,,-,,,,,,,,,,,,,,,,,,,,,,,,,,True,True,All-rounder
AB Agarkar (INDIA),1998-2007,1998.0,2007.0,10.0,191.0,113.0,26.0,1269.0,95,95.0,0.0,14.58,1574.0,80.62,0.0,3.0,10.0,6.64,0.0,1.57,40.996,1998-2007,1998,2007,9,191,188.0,9484.0,8021.0,288.0,Jun-42,27.85,5.07,32.9,10.0,2.0,1.51,0.2,1.11,0.01,,,,,,,,,,,,,,,,,True,True,All-rounder
AB Barath (WI),2010-2012,2010.0,2012.0,3.0,14.0,14.0,1.0,394.0,113,113.0,0.0,30.3,612.0,64.37,1.0,1.0,2.0,28.14,7.14,7.14,43.928,2010-2012,2010,2012,2,14,,,,,-,,,,,,,,,,,,,,,,,,,,,,,,,,True,True,All-rounder
AB Dinda (INDIA),2010-2013,2010.0,2013.0,4.0,13.0,5.0,0.0,21.0,16,16.0,0.0,4.2,36.0,58.33,0.0,0.0,2.0,1.62,0.0,0.0,25.852,2010-2013,2010,2013,3,13,13.0,594.0,612.0,12.0,Feb-44,51.0,6.18,49.5,0.0,0.0,0.92,0.16,0.69,0.0,,,,,,,,,,,,,,,,,True,True,All-rounder
AB de Villiers (Afr/SA),2005-2018,2005.0,2018.0,14.0,228.0,218.0,39.0,9577.0,176,176.0,0.0,53.5,9473.0,101.09,25.0,53.0,7.0,42.0,10.96,23.25,72.536,2005-2018,2005,2018,13,228,9.0,192.0,202.0,7.0,Feb-15,28.85,6.31,27.4,0.0,0.0,0.03,0.16,0.07,0.0,2005-2018,2005.0,2018.0,13.0,228.0,223.0,181.0,176.0,5.0,93.0,83.0,,0.8109999999999999,0.77,0.79,0.02,True,True,All-rounder
AC Agar (AUS),2015-2018,2015.0,2018.0,4.0,9.0,8.0,1.0,144.0,46,46.0,0.0,20.57,166.0,86.74,0.0,0.0,2.0,16.0,0.0,0.0,47.038,2015-2018,2015,2018,3,9,9.0,432.0,414.0,8.0,Feb-48,51.75,5.75,54.0,0.0,0.0,0.89,0.17,0.67,0.0,,,,,,,,,,,,,,,,,True,True,All-rounder
AC Bedade (INDIA),1994-1994,1994.0,1994.0,1.0,13.0,10.0,3.0,158.0,51,51.0,0.0,22.57,183.0,86.33,0.0,1.0,0.0,12.15,0.0,7.69,48.074,1994-1994,1994,1994,0,13,,,,,-,,,,,,,,,,,,,,,,,,,,,,,,,,True,True,All-rounder
AC Botha (IRE),2006-2011,2006.0,2011.0,6.0,42.0,38.0,4.0,666.0,56,56.0,0.0,19.58,970.0,68.65,0.0,2.0,5.0,15.86,0.0,4.76,39.208,2006-2011,2006,2011,5,42,33.0,1560.0,1134.0,42.0,Apr-19,27.0,4.36,37.1,2.0,0.0,1.0,0.23,0.77,0.0,,,,,,,,,,,,,,,,,True,True,All-rounder
AC Cummins (CAN/WI),1991-2007,1991.0,2007.0,17.0,76.0,49.0,13.0,486.0,44*,44.0,1.0,13.5,586.0,82.93,0.0,0.0,4.0,6.39,0.0,0.0,41.272,1991-2007,1991,2007,16,76,74.0,3767.0,2877.0,91.0,May-31,31.61,4.58,41.3,2.0,1.0,1.2,0.22,0.9,0.013,,,,,,,,,,,,,,,,,True,True,All-rounder
AC Dale (AUS),1997-2000,1997.0,2000.0,4.0,30.0,12.0,8.0,78.0,15*,15.0,1.0,19.5,136.0,57.35,0.0,0.0,1.0,2.6,0.0,0.0,34.64,1997-2000,1997,2000,3,30,30.0,1596.0,979.0,32.0,Mar-18,30.59,3.68,49.8,0.0,0.0,1.07,0.27,0.83,0.0,,,,,,,,,,,,,,,,,True,True,All-rounder
AC Dawson (SA),1998-2004,1998.0,2004.0,7.0,19.0,7.0,4.0,69.0,23*,23.0,1.0,23.0,67.0,102.98,0.0,0.0,0.0,3.63,0.0,0.0,54.992,1998-2004,1998,2004,6,19,19.0,901.0,715.0,21.0,Apr-49,34.04,4.76,42.9,1.0,0.0,1.11,0.21,0.84,0.0,,,,,,,,,,,,,,,,,True,True,All-rounder
AC Evans (SCOT),2009-2019,2009.0,2019.0,11.0,36.0,18.0,8.0,100.0,28,28.0,0.0,10.0,157.0,63.69,0.0,0.0,2.0,2.78,0.0,0.0,31.476,2009-2019,2009,2019,10,36,35.0,1678.0,1499.0,46.0,Apr-41,32.58,5.35,36.4,2.0,0.0,1.28,0.19,0.95,0.0,,,,,,,,,,,,,,,,,True,True,All-rounder
AC Gilchrist (AUS/ICC),1996-2008,1996.0,2008.0,13.0,287.0,279.0,11.0,9619.0,172,172.0,0.0,35.89,9922.0,96.94,16.0,55.0,19.0,33.52,5.57,19.16,60.31,1996-2008,1996,2008,12,287,,,,,-,,,,,,,,,,1996-2008,1996.0,2008.0,12.0,287.0,286.0,472.0,417.0,55.0,417.0,0.0,,1.65,1.45,1.64,0.19,True,True,All-rounder
AC Hudson (SA),1991-1997,1991.0,1997.0,7.0,89.0,88.0,1.0,2559.0,161,161.0,0.0,29.41,3960.0,64.62,2.0,18.0,6.0,28.75,2.25,20.22,43.494,1991-1997,1991,1997,6,89,1.0,6.0,3.0,0.0,-,,3.0,,0.0,0.0,0.0,0.33,0.1,0.0,,,,,,,,,,,,,,,,,True,True,All-rounder
AC Parore (NZ),1992-2002,1992.0,2002.0,11.0,179.0,161.0,32.0,3314.0,108,108.0,0.0,25.68,4867.0,68.09,1.0,14.0,19.0,18.51,0.56,7.82,42.644,1992-2002,1992,2002,10,179,,,,,-,,,,,,,,,,1992-2002,1992.0,2002.0,10.0,179.0,178.0,141.0,116.0,25.0,111.0,5.0,,0.792,0.65,0.79,0.14,True,True,All-rounder
AC Voges (AUS),2007-2013,2007.0,2013.0,7.0,31.0,28.0,9.0,870.0,112*,112.0,1.0,45.78,998.0,87.17,1.0,4.0,0.0,28.06,3.23,12.9,62.336,2007-2013,2007,2013,6,31,15.0,301.0,276.0,6.0,01-Mar,46.0,5.5,50.1,0.0,0.0,0.19,0.18,0.19,0.0,,,,,,,,,,,,,,,,,True,True,All-rounder
AC Waller (ZIM),1987-1997,1987.0,1997.0,11.0,39.0,38.0,3.0,818.0,83*,83.0,1.0,23.37,1172.0,69.79,0.0,4.0,4.0,20.97,0.0,10.26,41.938,1987-1997,1987,1997,10,39,,,,,-,,,,,,,,,,,,,,,,,,,,,,,,,,True,True,All-rounder
ACI Lock (ZIM),1996-1996,1996.0,1996.0,1.0,8.0,3.0,2.0,8.0,5,5.0,0.0,8.0,20.0,40.0,0.0,0.0,0.0,1.0,0.0,0.0,20.8,1996-1996,1996,1996,0,8,7.0,289.0,219.0,8.0,May-44,27.37,4.54,36.1,0.0,1.0,1.0,0.22,0.77,0.125,,,,,,,,,,,,,,,,,True,True,All-rounder
ACL Richards (WI),2007-2007,2007.0,2007.0,1.0,1.0,1.0,0.0,2.0,2,2.0,0.0,2.0,2.0,100.0,0.0,0.0,0.0,2.0,0.0,0.0,41.2,2007-2007,2007,2007,0,1,,,,,-,,,,,,,,,,,,,,,,,,,,,,,,,,True,True,All-rounder
AD Brown (ENG),1996-2001,1996.0,2001.0,6.0,16.0,16.0,0.0,354.0,118,118.0,0.0,22.12,427.0,82.9,1.0,1.0,2.0,22.13,6.25,6.25,46.432,1996-2001,1996,2001,5,16,1.0,6.0,5.0,0.0,-,,5.0,,0.0,0.0,0.0,0.2,0.06,0.0,,,,,,,,,,,,,,,,,True,True,All-rounder
AD Gaekwad (INDIA),1975-1987,1975.0,1987.0,13.0,15.0,14.0,1.0,269.0,78*,78.0,1.0,20.69,509.0,52.84,0.0,1.0,2.0,17.93,0.0,6.67,33.55,1975-1987,1975,1987,12,15,1.0,48.0,39.0,1.0,Jan-39,39.0,4.87,48.0,0.0,0.0,0.07,0.21,0.11,0.0,,,,,,,,,,,,,,,,,True,True,All-rounder
AD Hales (ENG),2014-2019,2014.0,2019.0,6.0,70.0,67.0,3.0,2419.0,171,171.0,0.0,37.79,2527.0,95.72,6.0,14.0,5.0,34.56,8.57,20.0,60.962,2014-2019,2014,2019,5,70,,,,,-,,,,,,,,,,,,,,,,,,,,,,,,,,True,True,All-rounder
AD Mascarenhas (ENG),2007-2009,2007.0,2009.0,3.0,20.0,13.0,2.0,245.0,52,52.0,0.0,22.27,257.0,95.33,0.0,1.0,2.0,12.25,0.0,5.0,51.494,2007-2009,2007,2009,2,20,20.0,822.0,634.0,13.0,Mar-23,48.76,4.62,63.2,0.0,0.0,0.65,0.22,0.52,0.0,,,,,,,,,,,,,,,,,True,True,All-rounder
AD Mathews (SL),2008-2019,2008.0,2019.0,12.0,214.0,184.0,48.0,5812.0,139*,139.0,1.0,42.73,6974.0,83.33,3.0,40.0,15.0,27.16,1.4,18.69,58.97,2008-2019,2008,2019,11,214,155.0,5083.0,3907.0,115.0,Jun-20,33.97,4.61,44.2,1.0,1.0,0.54,0.22,0.44,0.005,,,,,,,,,,,,,,,,,True,True,All-rounder
AD Mullally (ENG),1996-2001,1996.0,2001.0,6.0,50.0,25.0,10.0,86.0,20,20.0,0.0,5.73,238.0,36.13,0.0,0.0,6.0,1.72,0.0,0.0,17.89,1996-2001,1996,2001,5,50,49.0,2699.0,1728.0,63.0,Apr-18,27.42,3.84,42.8,2.0,0.0,1.26,0.26,0.96,0.0,,,,,,,,,,,,,,,,,True,True,All-rounder
AD Poynter (IRE),2008-2014,2008.0,2014.0,7.0,19.0,16.0,3.0,255.0,78,78.0,0.0,19.61,412.0,61.89,0.0,2.0,3.0,13.42,0.0,10.53,36.522,2008-2014,2008,2014,6,19,,,,,-,,,,,,,,,,,,,,,,,,,,,,,,,,True,True,All-rounder
AD Russell (WI),2011-2019,2011.0,2019.0,9.0,56.0,47.0,9.0,1034.0,92*,92.0,1.0,27.21,794.0,130.22,0.0,4.0,6.0,18.46,0.0,7.14,68.414,2011-2019,2011,2019,8,56,55.0,2290.0,2229.0,70.0,Apr-35,31.84,5.84,32.7,5.0,0.0,1.25,0.17,0.93,0.0,,,,,,,,,,,,,,,,,True,True,All-rounder
ADG Roberts (NZ),1976-1976,1976.0,1976.0,1.0,1.0,1.0,0.0,16.0,16,16.0,0.0,16.0,24.0,66.66,0.0,0.0,0.0,16.0,0.0,0.0,36.264,1976-1976,1976,1976,0,1,1.0,56.0,30.0,1.0,Jan-30,30.0,3.21,56.0,0.0,0.0,1.0,0.31,0.79,0.0,,,,,,,,,,,,,,,,,True,True,All-rounder
ADJ Pitcher (BMUDA),2007-2007,2007.0,2007.0,1.0,3.0,3.0,0.0,20.0,12,12.0,0.0,6.66,28.0,71.42,0.0,0.0,1.0,6.67,0.0,0.0,32.564,2007-2007,2007,2007,0,3,3.0,79.0,80.0,0.0,-,,6.07,,0.0,0.0,0.0,0.16,0.05,0.0,,,,,,,,,,,,,,,,,True,True,All-rounder
ADR Campbell (ZIM),1992-2003,1992.0,2003.0,12.0,188.0,184.0,14.0,5185.0,131*,131.0,1.0,30.5,7834.0,66.18,7.0,30.0,11.0,27.58,3.72,15.96,44.772,1992-2003,1992,2003,11,188,30.0,509.0,434.0,12.0,Feb-20,36.16,5.11,42.4,0.0,0.0,0.06,0.2,0.1,0.0,,,,,,,,,,,,,,,,,True,True,All-rounder
ADS Fletcher (WI),2008-2016,2008.0,2016.0,9.0,25.0,25.0,0.0,354.0,54,54.0,0.0,14.16,549.0,64.48,0.0,2.0,3.0,14.16,0.0,8.0,34.288,2008-2016,2008,2016,8,25,3.0,28.0,26.0,0.0,-,,5.57,,0.0,0.0,0.0,0.18,0.05,0.0,,,,,,,,,,,,,,,,,True,True,All-rounder
AE Greenidge (WI),1978-1978,1978.0,1978.0,1.0,1.0,1.0,0.0,23.0,23,23.0,0.0,23.0,33.0,69.69,0.0,0.0,0.0,23.0,0.0,0.0,41.676,1978-1978,1978,1978,0,1,,,,,-,,,,,,,,,,,,,,,,,,,,,,,,,,True,True,All-rounder
AF Buurman (NL),2007-2011,2007.0,2011.0,5.0,17.0,11.0,2.0,140.0,34,34.0,0.0,15.55,179.0,78.21,0.0,0.0,2.0,8.24,0.0,0.0,40.614,2007-2011,2007,2011,4,17,,,,,-,,,,,,,,,,,,,,,,,,,,,,,,,,True,True,All-rounder
AF Giles (ENG),1997-2005,1997.0,2005.0,9.0,62.0,35.0,13.0,385.0,41,41.0,0.0,17.5,551.0,69.87,0.0,0.0,2.0,6.21,0.0,0.0,38.448,1997-2005,1997,2005,8,62,57.0,2856.0,2069.0,55.0,May-57,37.61,4.34,51.9,0.0,1.0,0.89,0.23,0.69,0.016,,,,,,,,,,,,,,,,,True,True,All-rounder
AF Milne (NZ),2012-2017,2012.0,2017.0,6.0,40.0,17.0,7.0,168.0,36,36.0,0.0,16.8,165.0,101.81,0.0,0.0,2.0,4.2,0.0,0.0,50.804,2012-2017,2012,2017,5,40,39.0,1801.0,1581.0,41.0,Mar-49,38.56,5.26,43.9,0.0,0.0,1.03,0.19,0.77,0.0,,,,,,,,,,,,,,,,,True,True,All-rounder
AF Sattaur (CAN),2003-2003,2003.0,2003.0,1.0,3.0,3.0,0.0,20.0,13,13.0,0.0,6.66,60.0,33.33,0.0,0.0,1.0,6.67,0.0,0.0,17.328,2003-2003,2003,2003,0,3,,,,,-,,,,,,,,,,,,,,,,,,,,,,,,,,True,True,All-rounder
AFG Griffith (WI),1996-2000,1996.0,2000.0,5.0,9.0,8.0,1.0,99.0,47,47.0,0.0,14.14,177.0,55.93,0.0,0.0,0.0,11.0,0.0,0.0,30.856,1996-2000,1996,2000,4,9,,,,,-,,,,,,,,,,,,,,,,,,,,,,,,,,True,True,All-rounder
AG Cremer (ZIM),2009-2018,2009.0,2018.0,10.0,96.0,71.0,20.0,744.0,58,58.0,0.0,14.58,1196.0,62.2,0.0,1.0,7.0,7.75,0.0,1.04,33.628,2009-2018,2009,2018,9,96,95.0,4680.0,3597.0,119.0,Jun-46,30.22,4.61,39.3,4.0,3.0,1.24,0.22,0.93,0.031,,,,,,,,,,,,,,,,,True,True,All-rounder
AG Davies (SCOT),1999-1999,1999.0,1999.0,1.0,5.0,5.0,1.0,83.0,32,32.0,0.0,20.75,154.0,53.89,0.0,0.0,1.0,16.6,0.0,0.0,34.006,1999-1999,1999,1999,0,5,,,,,-,,,,,,,,,,,,,,,,,,,,,,,,,,True,True,All-rounder
AG Huckle (ZIM),1997-1999,1997.0,1999.0,3.0,19.0,8.0,4.0,9.0,5*,5.0,1.0,2.25,16.0,56.25,0.0,0.0,3.0,0.47,0.0,0.0,23.85,1997-1999,1997,1999,2,19,18.0,858.0,661.0,7.0,Feb-27,94.42,4.62,122.5,0.0,0.0,0.37,0.22,0.32,0.0,,,,,,,,,,,,,,,,,True,True,All-rounder
AG Hurst (AUS),1975-1979,1975.0,1979.0,5.0,8.0,4.0,4.0,7.0,3*,3.0,1.0,,19.0,36.84,0.0,0.0,0.0,0.88,0.0,0.0,,1975-1979,1975,1979,4,8,7.0,402.0,203.0,12.0,May-21,16.91,3.02,33.5,0.0,1.0,1.5,0.33,1.15,0.125,,,,,,,,,,,,,,,,,True,True,All-rounder
AG Prince (Afr/SA),2002-2007,2002.0,2007.0,6.0,52.0,41.0,12.0,1018.0,89*,89.0,1.0,35.1,1502.0,67.77,0.0,3.0,4.0,19.58,0.0,5.77,48.168,2002-2007,2002,2007,5,52,1.0,12.0,3.0,0.0,-,,1.5,,0.0,0.0,0.0,0.67,0.2,0.0,,,,,,,,,,,,,,,,,True,True,All-rounder
AG Puttick (SA),2005-2005,2005.0,2005.0,1.0,1.0,1.0,0.0,0.0,0,0.0,0.0,0.0,5.0,0.0,0.0,0.0,1.0,0.0,0.0,0.0,0.0,2005-2005,2005,2005,0,1,,,,,-,,,,,,,,,,,,,,,,,,,,,,,,,,True,True,All-rounder
AG Wharf (ENG),2004-2005,2004.0,2005.0,2.0,13.0,5.0,3.0,19.0,9,9.0,0.0,9.5,28.0,67.85,0.0,0.0,1.0,1.46,0.0,0.0,32.84,2004-2005,2004,2005,1,13,13.0,584.0,428.0,18.0,Apr-24,23.77,4.39,32.4,1.0,0.0,1.38,0.23,1.04,0.0,,,,,,,,,,,,,,,,,True,True,All-rounder
AGD Wickremasinghe (SL),1992-1993,1992.0,1993.0,2.0,4.0,1.0,0.0,2.0,2,2.0,0.0,2.0,10.0,20.0,0.0,0.0,0.0,0.5,0.0,0.0,9.2,1992-1993,1992,1993,1,4,,,,,-,,,,,,,,,,,,,,,,,,,,,,,,,,True,True,All-rounder
AGR Loudon (ENG),2006-2006,2006.0,2006.0,1.0,1.0,1.0,0.0,0.0,0,0.0,0.0,0.0,0.0,,0.0,0.0,1.0,0.0,0.0,0.0,,2006-2006,2006,2006,0,1,1.0,36.0,36.0,0.0,-,,6.0,,0.0,0.0,0.0,0.17,0.05,0.0,,,,,,,,,,,,,,,,,True,True,All-rounder
AH Gray (WI),1985-1991,1985.0,1991.0,7.0,25.0,11.0,5.0,51.0,10*,10.0,1.0,8.5,77.0,66.23,0.0,0.0,1.0,2.04,0.0,0.0,31.592,1985-1991,1985,1991,6,25,24.0,1270.0,835.0,44.0,Jun-50,18.97,3.94,28.8,2.0,1.0,1.76,0.25,1.31,0.04,,,,,,,,,,,,,,,,,True,True,All-rounder
AH Jones (NZ),1987-1995,1987.0,1995.0,9.0,87.0,87.0,9.0,2784.0,93,93.0,0.0,35.69,4811.0,57.86,0.0,25.0,4.0,32.0,0.0,28.74,44.558,1987-1995,1987,1995,8,87,11.0,306.0,216.0,4.0,Feb-42,54.0,4.23,76.5,0.0,0.0,0.05,0.24,0.1,0.0,,,,,,,,,,,,,,,,,True,True,All-rounder
AH Omarshah (ZIM),1983-1996,1983.0,1996.0,14.0,28.0,28.0,2.0,437.0,60*,60.0,1.0,16.8,860.0,50.81,0.0,1.0,4.0,15.61,0.0,3.57,30.404,1983-1996,1983,1996,13,28,25.0,1077.0,812.0,18.0,Mar-33,45.11,4.52,59.8,0.0,0.0,0.64,0.22,0.52,0.0,,,,,,,,,,,,,,,,,True,True,All-rounder
AI Kallicharran (WI),1973-1981,1973.0,1981.0,9.0,31.0,28.0,4.0,826.0,78,78.0,0.0,34.41,1329.0,62.15,0.0,6.0,0.0,26.65,0.0,19.35,45.506,1973-1981,1973,1981,8,31,4.0,105.0,64.0,3.0,02-Oct,21.33,3.65,35.0,0.0,0.0,0.1,0.27,0.15,0.0,,,,,,,,,,,,,,,,,True,True,All-rounder
AIC Dodemaide (AUS),1988-1993,1988.0,1993.0,6.0,24.0,16.0,7.0,124.0,30,30.0,0.0,13.77,159.0,77.98,0.0,0.0,1.0,5.17,0.0,0.0,39.454,1988-1993,1988,1993,5,24,24.0,1327.0,753.0,36.0,May-21,20.91,3.4,36.8,1.0,1.0,1.5,0.29,1.14,0.042,,,,,,,,,,,,,,,,,True,True,All-rounder
AJ Bichel (AUS),1997-2004,1997.0,2004.0,8.0,67.0,36.0,13.0,471.0,64,64.0,0.0,20.47,600.0,78.5,0.0,1.0,5.0,7.03,0.0,1.49,43.682,1997-2004,1997,2004,7,67,66.0,3257.0,2463.0,78.0,Jul-20,31.57,4.53,41.7,1.0,2.0,1.16,0.22,0.88,0.03,,,,,,,,,,,,,,,,,True,True,All-rounder
AJ Burger (NAM),2003-2003,2003.0,2003.0,1.0,6.0,6.0,0.0,199.0,85,85.0,0.0,33.16,198.0,100.5,0.0,1.0,0.0,33.17,0.0,16.67,60.096,2003-2003,2003,2003,0,6,5.0,96.0,104.0,3.0,Jan-18,34.66,6.5,32.0,0.0,0.0,0.5,0.15,0.4,0.0,,,,,,,,,,,,,,,,,True,True,All-rounder
AJ Finch (AUS),2013-2019,2013.0,2019.0,7.0,119.0,115.0,2.0,4559.0,153*,153.0,1.0,40.34,5093.0,89.51,15.0,24.0,11.0,38.31,12.61,20.17,60.008,2013-2019,2013,2019,6,119,19.0,266.0,239.0,4.0,01-Feb,59.75,5.39,66.5,0.0,0.0,0.03,0.19,0.08,0.0,,,,,,,,,,,,,,,,,True,True,All-rounder
AJ Hall (SA),1999-2007,1999.0,2007.0,9.0,88.0,56.0,13.0,905.0,81,81.0,0.0,21.04,1206.0,75.04,0.0,3.0,5.0,10.28,0.0,3.41,42.64,1999-2007,1999,2007,8,88,78.0,3341.0,2515.0,95.0,May-18,26.47,4.51,35.1,3.0,1.0,1.08,0.22,0.82,0.011,,,,,,,,,,,,,,,,,True,True,All-rounder
AJ Hollioake (ENG),1996-1999,1996.0,1999.0,4.0,35.0,30.0,6.0,606.0,83*,83.0,1.0,25.25,807.0,75.09,0.0,3.0,1.0,17.31,0.0,8.57,45.186,1996-1999,1996,1999,3,35,32.0,1208.0,1019.0,32.0,Apr-23,31.84,5.06,37.7,2.0,0.0,0.91,0.2,0.7,0.0,,,,,,,,,,,,,,,,,True,True,All-rounder
AJ Ireland (ZIM),2005-2007,2005.0,2007.0,3.0,26.0,13.0,5.0,30.0,8*,8.0,1.0,3.75,101.0,29.7,0.0,0.0,3.0,1.15,0.0,0.0,14.13,2005-2007,2005,2007,2,26,26.0,1326.0,1115.0,38.0,Mar-41,29.34,5.04,34.8,0.0,0.0,1.46,0.2,1.08,0.0,,,,,,,,,,,,,,,,,True,True,All-rounder
AJ Lamb (ENG),1982-1992,1982.0,1992.0,11.0,122.0,118.0,16.0,4010.0,118,118.0,0.0,39.31,5308.0,75.54,4.0,26.0,8.0,32.87,3.28,21.31,53.802,1982-1992,1982,1992,10,122,1.0,6.0,3.0,0.0,-,,3.0,,0.0,0.0,0.0,0.33,0.1,0.0,,,,,,,,,,,,,,,,,True,True,All-rounder
AJ Mackay (ZIM),,,,,,,,,,,,,,,,,,,,,,2001-2001,2001,2001,0,3,3.0,132.0,137.0,0.0,-,,6.22,,0.0,0.0,0.0,0.16,0.05,0.0,,,,,,,,,,,,,,,,,False,True,Bowler
AJ McKay (NZ),2010-2012,2010.0,2012.0,3.0,19.0,10.0,7.0,12.0,4*,4.0,1.0,4.0,47.0,25.53,0.0,0.0,3.0,0.63,0.0,0.0,12.612,2010-2012,2010,2012,2,19,19.0,926.0,800.0,27.0,Apr-53,29.62,5.18,34.2,2.0,0.0,1.42,0.19,1.05,0.0,,,,,,,,,,,,,,,,,True,True,All-rounder
AJ Penn (NZ),1997-2001,1997.0,2001.0,5.0,5.0,3.0,1.0,23.0,15,15.0,0.0,11.5,33.0,69.69,0.0,0.0,0.0,4.6,0.0,0.0,34.776,1997-2001,1997,2001,4,5,5.0,159.0,201.0,1.0,Jan-50,201.0,7.58,159.0,0.0,0.0,0.2,0.13,0.18,0.0,,,,,,,,,,,,,,,,,True,True,All-rounder
AJ Pycroft (ZIM),1983-1992,1983.0,1992.0,10.0,20.0,19.0,2.0,295.0,61,61.0,0.0,17.35,560.0,52.67,0.0,2.0,2.0,14.75,0.0,10.0,31.478,1983-1992,1983,1992,9,20,,,,,-,,,,,,,,,,,,,,,,,,,,,,,,,,True,True,All-rounder
AJ Redmond (NZ),2009-2010,2009.0,2010.0,2.0,6.0,6.0,0.0,152.0,52,52.0,0.0,25.33,259.0,58.68,0.0,1.0,0.0,25.33,0.0,16.67,38.67,2009-2010,2009,2010,1,6,,,,,-,,,,,,,,,,,,,,,,,,,,,,,,,,True,True,All-rounder
AJ Stewart (ENG),1989-2003,1989.0,2003.0,15.0,170.0,162.0,14.0,4677.0,116,116.0,0.0,31.6,6841.0,68.36,4.0,28.0,13.0,27.51,2.35,16.47,46.304,1989-2003,1989,2003,14,170,,,,,-,,,,,,,,,,1989-2003,1989.0,2003.0,14.0,170.0,169.0,174.0,159.0,15.0,148.0,11.0,,1.029,0.94,1.02,0.09,True,True,All-rounder
AJ Strauss (ENG),2003-2011,2003.0,2011.0,9.0,127.0,126.0,8.0,4205.0,158,158.0,0.0,35.63,5195.0,80.94,6.0,27.0,9.0,33.11,4.72,21.26,53.754,2003-2011,2003,2011,8,127,1.0,6.0,3.0,0.0,-,,3.0,,0.0,0.0,0.0,0.33,0.1,0.0,,,,,,,,,,,,,,,,,True,True,All-rounder
AJ Traicos (ZIM),1983-1993,1983.0,1993.0,11.0,27.0,17.0,9.0,88.0,19,19.0,0.0,11.0,175.0,50.28,0.0,0.0,1.0,3.26,0.0,0.0,26.712,1983-1993,1983,1993,10,27,26.0,1524.0,987.0,19.0,Mar-35,51.94,3.88,80.2,0.0,0.0,0.7,0.26,0.57,0.0,,,,,,,,,,,,,,,,,True,True,All-rounder
AJ Tudor (ENG),2002-2002,2002.0,2002.0,1.0,3.0,2.0,1.0,9.0,6,6.0,0.0,9.0,11.0,81.81,0.0,0.0,0.0,3.0,0.0,0.0,38.124,2002-2002,2002,2002,0,3,3.0,127.0,136.0,4.0,Feb-30,34.0,6.42,31.7,0.0,0.0,1.33,0.16,0.98,0.0,,,,,,,,,,,,,,,,,True,True,All-rounder
AJ Turner (AUS),2019-2019,2019.0,2019.0,1.0,3.0,3.0,1.0,125.0,84*,84.0,1.0,62.5,86.0,145.34,0.0,1.0,0.0,41.67,0.0,33.33,95.636,2019-2019,2019,2019,0,3,,,,,-,,,,,,,,,,,,,,,,,,,,,,,,,,True,True,All-rounder
AJ Tye (AUS),2018-2018,2018.0,2018.0,1.0,7.0,7.0,3.0,57.0,19,19.0,0.0,14.25,48.0,118.75,0.0,0.0,0.0,8.14,0.0,0.0,56.05,2018-2018,2018,2018,0,7,7.0,387.0,392.0,12.0,May-46,32.66,6.07,32.2,0.0,1.0,1.71,0.16,1.25,0.143,,,,,,,,,,,,,,,,,True,True,All-rounder
AJ Woodcock (AUS),1974-1974,1974.0,1974.0,1.0,1.0,1.0,0.0,53.0,53,53.0,0.0,53.0,67.0,79.1,0.0,1.0,0.0,53.0,0.0,100.0,63.44,1974-1974,1974,1974,0,1,,,,,-,,,,,,,,,,,,,,,,,,,,,,,,,,True,True,All-rounder
AK Markram (SA),2017-2019,2017.0,2019.0,3.0,26.0,24.0,1.0,643.0,67*,67.0,1.0,27.95,755.0,85.16,0.0,2.0,1.0,24.73,0.0,7.69,50.834,2017-2019,2017,2019,2,26,6.0,120.0,132.0,3.0,Feb-18,44.0,6.6,40.0,0.0,0.0,0.12,0.15,0.13,0.0,,,,,,,,,,,,,,,,,True,True,All-rounder
AK Patel (INDIA),1984-1985,1984.0,1985.0,2.0,8.0,2.0,0.0,6.0,6,6.0,0.0,3.0,11.0,54.54,0.0,0.0,1.0,0.75,0.0,0.0,23.616,1984-1985,1984,1985,1,8,6.0,360.0,263.0,7.0,Mar-43,37.57,4.38,51.4,0.0,0.0,0.88,0.23,0.68,0.0,,,,,,,,,,,,,,,,,True,True,All-rounder
AK Perera (SL),2013-2019,2013.0,2019.0,7.0,6.0,4.0,0.0,52.0,31,31.0,0.0,13.0,83.0,62.65,0.0,0.0,0.0,8.67,0.0,0.0,32.86,2013-2019,2013,2019,6,6,3.0,36.0,33.0,0.0,-,,5.5,,0.0,0.0,0.0,0.18,0.05,0.0,,,,,,,,,,,,,,,,,True,True,All-rounder
AK Sah (NEPAL),2018-2018,2018.0,2018.0,1.0,2.0,2.0,0.0,25.0,21,21.0,0.0,12.5,35.0,71.42,0.0,0.0,0.0,12.5,0.0,0.0,36.068,2018-2018,2018,2018,0,2,,,,,-,,,,,,,,,,,,,,,,,,,,,,,,,,True,True,All-rounder
AK Sharma (INDIA),1988-1993,1988.0,1993.0,6.0,31.0,27.0,6.0,424.0,59*,59.0,1.0,20.19,469.0,90.4,0.0,3.0,2.0,13.68,0.0,9.68,48.274,1988-1993,1988,1993,5,31,29.0,1140.0,875.0,15.0,Mar-41,58.33,4.6,76.0,0.0,0.0,0.48,0.22,0.4,0.0,,,,,,,,,,,,,,,,,True,True,All-rounder
AK Zesers (AUS),1987-1987,1987.0,1987.0,1.0,2.0,2.0,2.0,10.0,8*,8.0,1.0,,14.0,71.42,0.0,0.0,0.0,5.0,0.0,0.0,,1987-1987,1987,1987,0,2,2.0,90.0,74.0,1.0,Jan-37,74.0,4.93,90.0,0.0,0.0,0.5,0.2,0.41,0.0,,,,,,,,,,,,,,,,,True,True,All-rounder
AL Kandappah (CAN),2007-2007,2007.0,2007.0,1.0,2.0,2.0,1.0,97.0,69*,69.0,1.0,97.0,156.0,62.17,0.0,1.0,0.0,48.5,0.0,50.0,83.068,2007-2007,2007,2007,0,2,1.0,1.0,4.0,0.0,-,,24.0,,0.0,0.0,0.0,0.04,0.01,0.0,,,,,,,,,,,,,,,,,True,True,All-rounder
AL Logie (WI),1981-1993,1981.0,1993.0,13.0,158.0,133.0,36.0,2809.0,109*,109.0,1.0,28.95,3801.0,73.9,1.0,14.0,13.0,17.78,0.63,8.86,46.93,1981-1993,1981,1993,12,158,4.0,24.0,18.0,0.0,-,,4.5,,0.0,0.0,0.0,0.22,0.07,0.0,,,,,,,,,,,,,,,,,True,True,All-rounder
AL Phehlukwayo (SA),2016-2019,2016.0,2019.0,4.0,52.0,32.0,15.0,549.0,69*,69.0,1.0,32.29,610.0,90.0,0.0,1.0,3.0,10.56,0.0,1.92,55.374,2016-2019,2016,2019,3,52,50.0,2077.0,1936.0,65.0,Apr-22,29.78,5.59,31.9,3.0,0.0,1.25,0.18,0.93,0.0,,,,,,,,,,,,,,,,,True,True,All-rounder
AL Thomson (AUS),,,,,,,,,,,,,,,,,,,,,,1971-1971,1971,1971,0,1,1.0,64.0,22.0,1.0,Jan-22,22.0,2.06,64.0,0.0,0.0,1.0,0.49,0.85,0.0,,,,,,,,,,,,,,,,,False,True,Bowler
AL Wadekar (INDIA),1974-1974,1974.0,1974.0,1.0,2.0,2.0,0.0,73.0,67,67.0,0.0,36.5,90.0,81.11,0.0,1.0,0.0,36.5,0.0,50.0,54.344,1974-1974,1974,1974,0,2,,,,,-,,,,,,,,,,,,,,,,,,,,,,,,,,True,True,All-rounder
ALF de Mel (SL),1982-1987,1982.0,1987.0,6.0,57.0,41.0,9.0,466.0,36,36.0,0.0,14.56,595.0,78.31,0.0,0.0,6.0,8.18,0.0,0.0,40.06,1982-1987,1982,1987,5,57,57.0,2735.0,2237.0,59.0,May-32,37.91,4.9,46.3,1.0,2.0,1.04,0.2,0.79,0.035,,,,,,,,,,,,,,,,,True,True,All-rounder
AM Bacher (SA),1997-2005,1997.0,2005.0,9.0,13.0,13.0,0.0,270.0,56,56.0,0.0,20.76,469.0,57.56,0.0,1.0,0.0,20.77,0.0,7.69,35.48,1997-2005,1997,2005,8,13,3.0,108.0,64.0,3.0,Feb-36,21.33,3.55,36.0,0.0,0.0,0.23,0.28,0.25,0.0,,,,,,,,,,,,,,,,,True,True,All-rounder
AM Blignaut (ZIM),1999-2010,1999.0,2010.0,12.0,54.0,41.0,8.0,626.0,63*,63.0,1.0,18.96,589.0,106.28,0.0,5.0,3.0,11.59,0.0,9.26,53.888,1999-2010,1999,2010,11,54,53.0,2348.0,2063.0,50.0,Apr-43,41.26,5.27,46.9,2.0,0.0,0.93,0.19,0.71,0.0,,,,,,,,,,,,,,,,,True,True,All-rounder
AM Ellis (NZ),2012-2013,2012.0,2013.0,2.0,15.0,12.0,1.0,154.0,33,33.0,0.0,14.0,184.0,83.69,0.0,0.0,1.0,10.27,0.0,0.0,41.876,2012-2013,2012,2013,1,15,13.0,480.0,425.0,12.0,Feb-22,35.41,5.31,40.0,0.0,0.0,0.8,0.19,0.62,0.0,,,,,,,,,,,,,,,,,True,True,All-rounder
AM Fernando (SL),,,,,,,,,,,,,,,,,,,,,,2017-2017,2017,2017,0,1,1.0,12.0,22.0,0.0,-,,11.0,,0.0,0.0,0.0,0.09,0.03,0.0,,,,,,,,,,,,,,,,,False,True,Bowler
AM Guruge (UAE),2014-2015,2014.0,2015.0,2.0,7.0,4.0,4.0,16.0,10*,10.0,1.0,,29.0,55.17,0.0,0.0,0.0,2.29,0.0,0.0,,2014-2015,2014,2015,1,7,7.0,351.0,337.0,12.0,Apr-56,28.08,5.76,29.2,1.0,0.0,1.71,0.17,1.25,0.0,,,,,,,,,,,,,,,,,True,True,All-rounder
AM Nayar (INDIA),2009-2009,2009.0,2009.0,1.0,3.0,1.0,1.0,0.0,0*,0.0,1.0,,7.0,0.0,0.0,0.0,0.0,0.0,0.0,0.0,,2009-2009,2009,2009,0,3,1.0,18.0,17.0,0.0,-,,5.66,,0.0,0.0,0.0,0.18,0.05,0.0,,,,,,,,,,,,,,,,,True,True,All-rounder
AM Phangiso (SA),2013-2016,2013.0,2016.0,4.0,21.0,13.0,2.0,81.0,20,20.0,0.0,7.36,162.0,50.0,0.0,0.0,3.0,3.86,0.0,0.0,24.416,2013-2016,2013,2016,3,21,21.0,1085.0,829.0,26.0,Mar-40,31.88,4.58,41.7,0.0,0.0,1.24,0.22,0.93,0.0,,,,,,,,,,,,,,,,,True,True,All-rounder
AM Rahane (INDIA),2011-2018,2011.0,2018.0,8.0,90.0,87.0,3.0,2962.0,111,111.0,0.0,35.26,3767.0,78.63,3.0,24.0,6.0,32.91,3.33,26.67,52.608,2011-2018,2011,2018,7,90,,,,,-,,,,,,,,,,,,,,,,,,,,,,,,,,True,True,All-rounder
AM Salvi (INDIA),2003-2003,2003.0,2003.0,1.0,4.0,3.0,1.0,4.0,4*,4.0,1.0,2.0,14.0,28.57,0.0,0.0,2.0,1.0,0.0,0.0,12.628,2003-2003,2003,2003,0,4,4.0,172.0,120.0,4.0,Feb-15,30.0,4.18,43.0,0.0,0.0,1.0,0.24,0.77,0.0,,,,,,,,,,,,,,,,,True,True,All-rounder
AM Samad (CAN),2003-2009,2003.0,2009.0,7.0,27.0,27.0,2.0,740.0,130,130.0,0.0,29.6,1045.0,70.81,1.0,2.0,2.0,27.41,3.7,7.41,46.084,2003-2009,2003,2009,6,27,14.0,235.0,281.0,7.0,01-Aug,40.14,7.17,33.5,0.0,0.0,0.26,0.14,0.22,0.0,,,,,,,,,,,,,,,,,True,True,All-rounder
AM Stuart (AUS),1997-1997,1997.0,1997.0,1.0,3.0,1.0,0.0,1.0,1,1.0,0.0,1.0,7.0,14.28,0.0,0.0,0.0,0.33,0.0,0.0,6.312,1997-1997,1997,1997,0,3,3.0,180.0,109.0,8.0,May-26,13.62,3.63,22.5,0.0,1.0,2.67,0.28,1.95,0.333,,,,,,,,,,,,,,,,,True,True,All-rounder
AM de Silva (SL),1986-1993,1986.0,1993.0,8.0,4.0,2.0,0.0,12.0,8,8.0,0.0,6.0,24.0,50.0,0.0,0.0,0.0,3.0,0.0,0.0,23.6,1986-1993,1986,1993,7,4,,,,,-,,,,,,,,,,,,,,,,,,,,,,,,,,True,True,All-rounder
AME Roberts (WI),1975-1983,1975.0,1983.0,9.0,56.0,32.0,9.0,231.0,37*,37.0,1.0,10.04,357.0,64.7,0.0,0.0,3.0,4.13,0.0,0.0,31.904,1975-1983,1975,1983,8,56,56.0,3123.0,1771.0,87.0,May-22,20.35,3.4,35.8,2.0,1.0,1.55,0.29,1.18,0.018,,,,,,,,,,,,,,,,,True,True,All-rounder
AMJ Hilditch (AUS),1979-1985,1979.0,1985.0,7.0,8.0,8.0,0.0,226.0,72,72.0,0.0,28.25,476.0,47.47,0.0,1.0,0.0,28.25,0.0,12.5,35.938,1979-1985,1979,1985,6,8,,,,,-,,,,,,,,,,,,,,,,,,,,,,,,,,True,True,All-rounder
AMN Munasinghe (SL),1994-1996,1994.0,1996.0,3.0,5.0,4.0,1.0,13.0,8,8.0,0.0,4.33,52.0,25.0,0.0,0.0,1.0,2.6,0.0,0.0,12.598,1994-1996,1994,1996,2,5,5.0,217.0,146.0,4.0,Mar-30,36.5,4.03,54.2,0.0,0.0,0.8,0.25,0.63,0.0,,,,,,,,,,,,,,,,,True,True,All-rounder
AN Connolly (AUS),,,,,,,,,,,,,,,,,,,,,,1971-1971,1971,1971,0,1,1.0,64.0,62.0,0.0,-,,5.81,,0.0,0.0,0.0,0.17,0.05,0.0,,,,,,,,,,,,,,,,,False,True,Bowler
AN Cook (ENG),2006-2014,2006.0,2014.0,9.0,92.0,92.0,4.0,3204.0,137,137.0,0.0,36.4,4154.0,77.13,5.0,19.0,7.0,34.83,5.43,20.65,52.692,2006-2014,2006,2014,8,92,,,,,-,,,,,,,,,,,,,,,,,,,,,,,,,,True,True,All-rounder
AN French (HKG),2004-2004,2004.0,2004.0,1.0,2.0,2.0,0.0,24.0,14,14.0,0.0,12.0,84.0,28.57,0.0,0.0,0.0,12.0,0.0,0.0,18.628,2004-2004,2004,2004,0,2,2.0,72.0,67.0,1.0,Jan-51,67.0,5.58,72.0,0.0,0.0,0.5,0.18,0.4,0.0,,,,,,,,,,,,,,,,,True,True,All-rounder
AN Kervezee (NL),2006-2012,2006.0,2012.0,7.0,39.0,36.0,3.0,924.0,92,92.0,0.0,28.0,1263.0,73.15,0.0,4.0,2.0,23.69,0.0,10.26,46.06,2006-2012,2006,2012,6,39,2.0,24.0,34.0,0.0,-,,8.5,,0.0,0.0,0.0,0.12,0.04,0.0,,,,,,,,,,,,,,,,,True,True,All-rounder
AN Petersen (SA),2006-2013,2006.0,2013.0,8.0,21.0,19.0,1.0,504.0,80,80.0,0.0,28.0,610.0,82.62,0.0,4.0,0.0,24.0,0.0,19.05,49.848,2006-2013,2006,2013,7,21,1.0,6.0,7.0,0.0,-,,7.0,,0.0,0.0,0.0,0.14,0.04,0.0,,,,,,,,,,,,,,,,,True,True,All-rounder
AN Ranasinghe (SL),1975-1982,1975.0,1982.0,8.0,9.0,8.0,1.0,153.0,51,51.0,0.0,21.85,147.0,104.08,0.0,1.0,2.0,17.0,0.0,11.11,54.742,1975-1982,1975,1982,7,9,8.0,324.0,281.0,2.0,Jan-21,140.5,5.2,162.0,0.0,0.0,0.22,0.19,0.21,0.0,,,,,,,,,,,,,,,,,True,True,All-rounder
AO Malhotra (INDIA),1982-1986,1982.0,1986.0,5.0,20.0,19.0,4.0,457.0,65,65.0,0.0,30.46,645.0,70.85,0.0,1.0,0.0,22.85,0.0,5.0,46.616,1982-1986,1982,1986,4,20,1.0,6.0,0.0,0.0,-,,0.0,,0.0,0.0,0.0,,,0.0,,,,,,,,,,,,,,,,,True,True,All-rounder
AO Suji (KENYA),1996-2008,1996.0,2008.0,13.0,60.0,46.0,7.0,506.0,67,67.0,0.0,12.97,977.0,51.79,0.0,1.0,1.0,8.43,0.0,1.67,28.498,1996-2008,1996,2008,12,60,46.0,1295.0,1175.0,21.0,Feb-14,55.95,5.44,61.6,0.0,0.0,0.35,0.18,0.3,0.0,,,,,,,,,,,,,,,,,True,True,All-rounder
AP Devcich (NZ),2013-2016,2013.0,2016.0,4.0,12.0,11.0,0.0,195.0,58,58.0,0.0,17.72,253.0,77.07,0.0,1.0,2.0,16.25,0.0,8.33,41.46,2013-2016,2013,2016,3,12,11.0,324.0,291.0,4.0,Feb-33,72.75,5.38,81.0,0.0,0.0,0.33,0.19,0.29,0.0,,,,,,,,,,,,,,,,,True,True,All-rounder
AP Grayson (ENG),2000-2001,2000.0,2001.0,2.0,2.0,2.0,0.0,6.0,6,6.0,0.0,3.0,13.0,46.15,0.0,0.0,1.0,3.0,0.0,0.0,20.26,2000-2001,2000,2001,1,2,2.0,90.0,60.0,3.0,Mar-40,20.0,4.0,30.0,0.0,0.0,1.5,0.25,1.13,0.0,,,,,,,,,,,,,,,,,True,True,All-rounder
AP Gurusinha (SL),1985-1996,1985.0,1996.0,12.0,147.0,143.0,5.0,3902.0,117*,117.0,1.0,28.27,6409.0,60.88,2.0,22.0,12.0,26.54,1.36,14.97,41.314,1985-1996,1985,1996,11,147,55.0,1585.0,1354.0,26.0,Feb-25,52.07,5.12,60.9,0.0,0.0,0.18,0.2,0.18,0.0,,,,,,,,,,,,,,,,,True,True,All-rounder
AP Igglesden (ENG),1994-1994,1994.0,1994.0,1.0,4.0,3.0,1.0,20.0,18,18.0,0.0,10.0,31.0,64.51,0.0,0.0,1.0,5.0,0.0,0.0,31.804,1994-1994,1994,1994,0,4,4.0,168.0,122.0,2.0,02-Dec,61.0,4.35,84.0,0.0,0.0,0.5,0.23,0.42,0.0,,,,,,,,,,,,,,,,,True,True,All-rounder
AP Kuiper (SA),1991-1996,1991.0,1996.0,6.0,25.0,23.0,7.0,539.0,63*,63.0,1.0,33.68,662.0,81.41,0.0,3.0,0.0,21.56,0.0,12.0,52.772,1991-1996,1991,1996,5,25,19.0,588.0,518.0,18.0,Mar-33,28.77,5.28,32.6,0.0,0.0,0.72,0.19,0.56,0.0,,,,,,,,,,,,,,,,,True,True,All-rounder
AP Sheahan (AUS),1972-1972,1972.0,1972.0,1.0,3.0,3.0,0.0,75.0,50,50.0,0.0,25.0,124.0,60.48,0.0,1.0,0.0,25.0,0.0,33.33,39.192,1972-1972,1972,1972,0,3,,,,,-,,,,,,,,,,,,,,,,,,,,,,,,,,True,True,All-rounder
AP Weerakkody (SL),1994-1994,1994.0,1994.0,1.0,1.0,1.0,0.0,2.0,2,2.0,0.0,2.0,4.0,50.0,0.0,0.0,0.0,2.0,0.0,0.0,21.2,1994-1994,1994,1994,0,1,1.0,36.0,41.0,0.0,-,,6.83,,0.0,0.0,0.0,0.15,0.04,0.0,,,,,,,,,,,,,,,,,True,True,All-rounder
AP Wells (ENG),1995-1995,1995.0,1995.0,1.0,1.0,1.0,0.0,15.0,15,15.0,0.0,15.0,10.0,150.0,0.0,0.0,0.0,15.0,0.0,0.0,69.0,1995-1995,1995,1995,0,1,,,,,-,,,,,,,,,,,,,,,,,,,,,,,,,,True,True,All-rounder
APB Tennekoon (SL),1975-1979,1975.0,1979.0,5.0,4.0,4.0,0.0,137.0,59,59.0,0.0,34.25,207.0,66.18,0.0,1.0,1.0,34.25,0.0,25.0,47.022,1975-1979,1975,1979,4,4,,,,,-,,,,,,,,,,,,,,,,,,,,,,,,,,True,True,All-rounder
APE Knott (ENG),1971-1977,1971.0,1977.0,7.0,20.0,14.0,4.0,200.0,50,50.0,0.0,20.0,247.0,80.97,0.0,1.0,2.0,10.0,0.0,5.0,44.388,1971-1977,1971,1977,6,20,,,,,-,,,,,,,,,,,,,,,,,,,,,,,,,,True,True,All-rounder
AR Adams (NZ),2001-2007,2001.0,2007.0,7.0,42.0,34.0,10.0,419.0,45,45.0,0.0,17.45,417.0,100.47,0.0,0.0,1.0,9.98,0.0,0.0,50.658,2001-2007,2001,2007,6,42,40.0,1885.0,1643.0,53.0,May-22,31.0,5.22,35.5,2.0,1.0,1.26,0.19,0.94,0.024,,,,,,,,,,,,,,,,,True,True,All-rounder
AR Berenger (UAE),2014-2015,2014.0,2015.0,2.0,10.0,10.0,0.0,205.0,66,66.0,0.0,20.5,304.0,67.43,0.0,2.0,0.0,20.5,0.0,20.0,39.272,2014-2015,2014,2015,1,10,,,,,-,,,,,,,,,,,,,,,,,,,,,,,,,,True,True,All-rounder
AR Border (AUS),1979-1994,1979.0,1994.0,16.0,273.0,252.0,39.0,6524.0,127*,127.0,1.0,30.62,9134.0,71.42,3.0,39.0,11.0,23.9,1.1,14.29,46.94,1979-1994,1979,1994,15,273,87.0,2661.0,2071.0,73.0,Mar-20,28.36,4.66,36.4,0.0,0.0,0.27,0.21,0.25,0.0,1979-1994,1979.0,1994.0,15.0,273.0,270.0,127.0,127.0,0.0,0.0,127.0,,0.47,0.47,0.47,0.0,True,True,All-rounder
AR Butcher (ENG),1980-1980,1980.0,1980.0,1.0,1.0,1.0,0.0,14.0,14,14.0,0.0,14.0,26.0,53.84,0.0,0.0,0.0,14.0,0.0,0.0,29.936,1980-1980,1980,1980,0,1,,,,,-,,,,,,,,,,,,,,,,,,,,,,,,,,True,True,All-rounder
AR Caddick (ENG),1993-2003,1993.0,2003.0,11.0,54.0,38.0,18.0,249.0,36,36.0,0.0,12.45,395.0,63.03,0.0,0.0,6.0,4.61,0.0,0.0,32.682,1993-2003,1993,2003,10,54,53.0,2937.0,1965.0,69.0,Apr-19,28.47,4.01,42.5,3.0,0.0,1.28,0.25,0.97,0.0,,,,,,,,,,,,,,,,,True,True,All-rounder
AR Cusack (IRE),2007-2015,2007.0,2015.0,9.0,59.0,47.0,14.0,745.0,71,71.0,0.0,22.57,1159.0,64.27,0.0,2.0,8.0,12.63,0.0,3.39,39.25,2007-2015,2007,2015,8,59,52.0,1953.0,1510.0,63.0,May-20,23.96,4.63,31.0,1.0,1.0,1.07,0.22,0.81,0.017,,,,,,,,,,,,,,,,,True,True,All-rounder
AR Kapoor (INDIA),1995-2000,1995.0,2000.0,6.0,17.0,6.0,0.0,43.0,19,19.0,0.0,7.16,63.0,68.25,0.0,0.0,3.0,2.53,0.0,0.0,31.596,1995-2000,1995,2000,5,17,17.0,900.0,612.0,8.0,Feb-33,76.5,4.08,112.5,0.0,0.0,0.47,0.25,0.4,0.0,,,,,,,,,,,,,,,,,True,True,All-rounder
AR Khurasiya (INDIA),1999-2001,1999.0,2001.0,3.0,12.0,11.0,0.0,149.0,57,57.0,0.0,13.54,188.0,79.25,0.0,1.0,1.0,12.42,0.0,8.33,39.824,1999-2001,1999,2001,2,12,,,,,-,,,,,,,,,,,,,,,,,,,,,,,,,,True,True,All-rounder
AR McBrine (IRE),2014-2019,2014.0,2019.0,6.0,42.0,25.0,9.0,259.0,79,79.0,0.0,16.18,356.0,72.75,0.0,1.0,1.0,6.17,0.0,2.38,38.808,2014-2019,2014,2019,5,42,40.0,2045.0,1489.0,42.0,Mar-38,35.45,4.36,48.6,0.0,0.0,1.0,0.23,0.77,0.0,,,,,,,,,,,,,,,,,True,True,All-rounder
AR Nurse (WI),2016-2019,2016.0,2019.0,4.0,54.0,40.0,14.0,502.0,44,44.0,0.0,19.3,513.0,97.85,0.0,0.0,2.0,9.3,0.0,0.0,50.72,2016-2019,2016,2019,3,54,49.0,2384.0,2125.0,49.0,Apr-51,43.36,5.34,48.6,2.0,0.0,0.91,0.19,0.69,0.0,,,,,,,,,,,,,,,,,True,True,All-rounder
AR Patel (INDIA),2014-2017,2014.0,2017.0,4.0,38.0,20.0,6.0,181.0,38,38.0,0.0,12.92,190.0,95.26,0.0,0.0,3.0,4.76,0.0,0.0,45.856,2014-2017,2014,2017,3,38,35.0,1908.0,1409.0,45.0,Mar-34,31.31,4.43,42.4,0.0,0.0,1.18,0.23,0.9,0.0,,,,,,,,,,,,,,,,,True,True,All-rounder
AR Pitcher (BMUDA),2006-2007,2006.0,2007.0,2.0,4.0,4.0,0.0,36.0,30,30.0,0.0,9.0,89.0,40.44,0.0,0.0,0.0,9.0,0.0,0.0,21.576,2006-2007,2006,2007,1,4,,,,,-,,,,,,,,,,,,,,,,,,,,,,,,,,True,True,All-rounder
AR Tait (NZ),1998-1999,1998.0,1999.0,2.0,5.0,5.0,2.0,35.0,13*,13.0,1.0,11.66,32.0,109.37,0.0,0.0,0.0,7.0,0.0,0.0,50.744,1998-1999,1998,1999,1,5,5.0,120.0,88.0,3.0,Feb-37,29.33,4.4,40.0,0.0,0.0,0.6,0.23,0.49,0.0,,,,,,,,,,,,,,,,,True,True,All-rounder
AR White (IRE),2006-2014,2006.0,2014.0,9.0,61.0,46.0,3.0,776.0,79,79.0,0.0,18.04,1235.0,62.83,0.0,1.0,4.0,12.72,0.0,1.64,35.956,2006-2014,2006,2014,8,61,35.0,869.0,688.0,25.0,Apr-44,27.52,4.75,34.7,1.0,0.0,0.41,0.21,0.35,0.0,,,,,,,,,,,,,,,,,True,True,All-rounder
AR Whittall (ZIM),1996-2000,1996.0,2000.0,5.0,63.0,35.0,13.0,168.0,29,29.0,0.0,7.63,310.0,54.19,0.0,0.0,6.0,2.67,0.0,0.0,26.254,1996-2000,1996,2000,4,63,62.0,3085.0,2251.0,45.0,Mar-23,50.02,4.37,68.5,0.0,0.0,0.71,0.23,0.57,0.0,,,,,,,,,,,,,,,,,True,True,All-rounder
ARC Fraser (ENG),1989-1999,1989.0,1999.0,11.0,42.0,20.0,9.0,141.0,38*,38.0,1.0,12.81,208.0,67.78,0.0,0.0,1.0,3.36,0.0,0.0,34.798,1989-1999,1989,1999,10,42,42.0,2392.0,1412.0,47.0,Apr-22,30.04,3.54,50.8,1.0,0.0,1.12,0.28,0.87,0.0,,,,,,,,,,,,,,,,,True,True,All-rounder
ARM Opatha (SL),1975-1979,1975.0,1979.0,5.0,5.0,3.0,0.0,29.0,18,18.0,0.0,9.66,55.0,52.72,0.0,0.0,1.0,5.8,0.0,0.0,26.884,1975-1979,1975,1979,4,5,5.0,253.0,180.0,5.0,Mar-31,36.0,4.26,50.6,0.0,0.0,1.0,0.23,0.77,0.0,,,,,,,,,,,,,,,,,True,True,All-rounder
AS Hansra (CAN),2010-2014,2010.0,2014.0,5.0,24.0,22.0,4.0,421.0,70*,70.0,1.0,23.38,725.0,58.06,0.0,2.0,2.0,17.54,0.0,8.33,37.252,2010-2014,2010,2014,4,24,18.0,445.0,413.0,7.0,Mar-27,59.0,5.56,63.5,0.0,0.0,0.29,0.18,0.26,0.0,,,,,,,,,,,,,,,,,True,True,All-rounder
AS Joseph (WI),2016-2019,2016.0,2019.0,4.0,22.0,10.0,6.0,105.0,29*,29.0,1.0,26.25,126.0,83.33,0.0,0.0,1.0,4.77,0.0,0.0,49.082,2016-2019,2016,2019,3,22,21.0,1033.0,1107.0,30.0,May-56,36.9,6.42,34.4,1.0,1.0,1.36,0.16,1.0,0.045,,,,,,,,,,,,,,,,,True,True,All-rounder
AS Luseno (KENYA),2003-2010,2003.0,2010.0,8.0,10.0,9.0,7.0,34.0,16*,16.0,1.0,17.0,50.0,68.0,0.0,0.0,1.0,3.4,0.0,0.0,37.4,2003-2010,2003,2010,7,10,10.0,330.0,316.0,9.0,Apr-32,35.11,5.74,36.6,1.0,0.0,0.9,0.17,0.68,0.0,,,,,,,,,,,,,,,,,True,True,All-rounder
AS Wassan (INDIA),1990-1991,1990.0,1991.0,2.0,9.0,6.0,2.0,33.0,16,16.0,0.0,8.25,56.0,58.92,0.0,0.0,1.0,3.67,0.0,0.0,28.518,1990-1991,1990,1991,1,9,9.0,426.0,283.0,11.0,Mar-28,25.72,3.98,38.7,0.0,0.0,1.22,0.25,0.93,0.0,,,,,,,,,,,,,,,,,True,True,All-rounder
ASA Perera (SL),1998-2001,1998.0,2001.0,4.0,20.0,13.0,2.0,195.0,56*,56.0,1.0,17.72,257.0,75.87,0.0,1.0,1.0,9.75,0.0,5.0,40.98,1998-2001,1998,2001,3,20,18.0,579.0,522.0,13.0,Feb-25,40.15,5.4,44.5,0.0,0.0,0.65,0.19,0.51,0.0,,,,,,,,,,,,,,,,,True,True,All-rounder
AT Carey (AUS),2018-2019,2018.0,2019.0,2.0,29.0,26.0,6.0,804.0,85,85.0,0.0,40.2,874.0,91.99,0.0,4.0,1.0,27.72,0.0,13.79,60.916,2018-2019,2018,2019,1,29,,,,,-,,,,,,,,,,,,,,,,,,,,,,,,,,True,True,All-rounder
AT Rayudu (INDIA),2013-2019,2013.0,2019.0,7.0,55.0,50.0,14.0,1694.0,124*,124.0,1.0,47.05,2143.0,79.04,3.0,10.0,3.0,30.8,5.45,18.18,59.846,2013-2019,2013,2019,6,55,9.0,121.0,124.0,3.0,01-May,41.33,6.14,40.3,0.0,0.0,0.05,0.16,0.09,0.0,,,,,,,,,,,,,,,,,True,True,All-rounder
AU Rashid (ENG),2009-2019,2009.0,2019.0,11.0,99.0,43.0,12.0,588.0,69,69.0,0.0,18.96,574.0,102.43,0.0,1.0,4.0,5.94,0.0,1.01,52.348,2009-2019,2009,2019,10,99,93.0,4851.0,4547.0,143.0,May-27,31.79,5.62,33.9,7.0,2.0,1.44,0.18,1.06,0.02,,,,,,,,,,,,,,,,,True,True,All-rounder
AV Kale (INDIA),2003-2003,2003.0,2003.0,1.0,1.0,1.0,0.0,10.0,10,10.0,0.0,10.0,22.0,45.45,0.0,0.0,0.0,10.0,0.0,0.0,24.18,2003-2003,2003,2003,0,1,,,,,-,,,,,,,,,,,,,,,,,,,,,,,,,,True,True,All-rounder
AV Lalcheta (OMAN),2019-2019,2019.0,2019.0,1.0,2.0,2.0,0.0,18.0,12,12.0,0.0,9.0,47.0,38.29,0.0,0.0,0.0,9.0,0.0,0.0,20.716,2019-2019,2019,2019,0,2,2.0,84.0,62.0,2.0,Feb-35,31.0,4.42,42.0,0.0,0.0,1.0,0.23,0.77,0.0,,,,,,,,,,,,,,,,,True,True,All-rounder
AV Mankad (INDIA),1974-1974,1974.0,1974.0,1.0,1.0,1.0,0.0,44.0,44,44.0,0.0,44.0,61.0,72.13,0.0,0.0,0.0,44.0,0.0,0.0,55.252,1974-1974,1974,1974,0,1,1.0,35.0,47.0,1.0,Jan-47,47.0,8.05,35.0,0.0,0.0,1.0,0.12,0.74,0.0,,,,,,,,,,,,,,,,,True,True,All-rounder
AV Vadher (KENYA),1997-1999,1997.0,1999.0,3.0,18.0,16.0,6.0,278.0,73*,73.0,1.0,27.8,512.0,54.29,0.0,2.0,1.0,15.44,0.0,11.11,38.396,1997-1999,1997,1999,2,18,,,,,-,,,,,,,,,,,,,,,,,,,,,,,,,,True,True,All-rounder
AW Greig (ENG),1972-1977,1972.0,1977.0,6.0,22.0,19.0,3.0,269.0,48,48.0,0.0,16.81,378.0,71.16,0.0,0.0,1.0,12.23,0.0,0.0,38.55,1972-1977,1972,1977,5,22,19.0,916.0,619.0,19.0,Apr-45,32.57,4.05,48.2,1.0,0.0,0.86,0.25,0.68,0.0,,,,,,,,,,,,,,,,,True,True,All-rounder
AW Mathieson (NZ),2015-2015,2015.0,2015.0,1.0,1.0,1.0,1.0,0.0,0*,0.0,1.0,,0.0,,0.0,0.0,0.0,0.0,0.0,0.0,,2015-2015,2015,2015,0,1,1.0,24.0,40.0,1.0,Jan-40,40.0,10.0,24.0,0.0,0.0,1.0,0.1,0.73,0.0,,,,,,,,,,,,,,,,,True,True,All-rounder
AY Karim (KENYA),1996-2003,1996.0,2003.0,8.0,34.0,24.0,6.0,228.0,53,53.0,0.0,12.66,375.0,60.8,0.0,1.0,5.0,6.71,0.0,2.94,31.916,1996-2003,1996,2003,7,34,33.0,1568.0,1114.0,27.0,May-33,41.25,4.26,58.0,0.0,1.0,0.79,0.23,0.63,0.029,,,,,,,,,,,,,,,,,True,True,All-rounder
Aamer Hameed (PAK),,,,,,,,,,,,,,,,,,,,,,1977-1978,1977,1978,1,2,2.0,88.0,38.0,1.0,Jan-32,38.0,2.59,88.0,0.0,0.0,0.5,0.39,0.47,0.0,,,,,,,,,,,,,,,,,False,True,Bowler
Aamer Hanif (PAK),1993-1995,1993.0,1995.0,3.0,5.0,4.0,2.0,89.0,36*,36.0,1.0,44.5,128.0,69.53,0.0,0.0,0.0,17.8,0.0,0.0,54.512,1993-1995,1993,1995,2,5,4.0,130.0,122.0,4.0,Mar-36,30.5,5.63,32.5,0.0,0.0,0.8,0.18,0.61,0.0,,,,,,,,,,,,,,,,,True,True,All-rounder
Aamer Malik (PAK),1988-1994,1988.0,1994.0,7.0,24.0,23.0,1.0,556.0,90,90.0,0.0,25.27,989.0,56.21,0.0,5.0,1.0,23.17,0.0,20.83,37.646,1988-1994,1988,1994,6,24,5.0,120.0,86.0,3.0,Feb-35,28.66,4.3,40.0,0.0,0.0,0.13,0.23,0.16,0.0,,,,,,,,,,,,,,,,,True,True,All-rounder
Aamer Nazir (PAK),1993-1995,1993.0,1995.0,3.0,9.0,3.0,2.0,13.0,9*,9.0,1.0,13.0,20.0,65.0,0.0,0.0,0.0,1.44,0.0,0.0,33.8,1993-1995,1993,1995,2,9,9.0,417.0,346.0,11.0,Mar-43,31.45,4.97,37.9,0.0,0.0,1.22,0.2,0.92,0.0,,,,,,,,,,,,,,,,,True,True,All-rounder
Aamer Sohail (PAK),1990-2000,1990.0,2000.0,11.0,156.0,155.0,5.0,4780.0,134,134.0,0.0,31.86,7297.0,65.5,5.0,31.0,10.0,30.64,3.21,19.87,45.316,1990-2000,1990,2000,10,156,125.0,4836.0,3703.0,85.0,Apr-22,43.56,4.59,56.8,1.0,0.0,0.54,0.22,0.45,0.0,,,,,,,,,,,,,,,,,True,True,All-rounder
Aamer Yamin (PAK),2015-2018,2015.0,2018.0,4.0,4.0,3.0,2.0,95.0,62,62.0,0.0,95.0,96.0,98.95,0.0,1.0,0.0,23.75,0.0,25.0,96.58,2015-2018,2015,2018,3,4,4.0,156.0,154.0,2.0,Jan-38,77.0,5.92,78.0,0.0,0.0,0.5,0.17,0.4,0.0,,,,,,,,,,,,,,,,,True,True,All-rounder
Aamir Kaleem (OMAN),2019-2019,2019.0,2019.0,1.0,2.0,1.0,0.0,13.0,13,13.0,0.0,13.0,16.0,81.25,0.0,0.0,0.0,6.5,0.0,0.0,40.3,2019-2019,2019,2019,0,2,2.0,77.0,54.0,2.0,Feb-30,27.0,4.2,38.5,0.0,0.0,1.0,0.24,0.77,0.0,,,,,,,,,,,,,,,,,True,True,All-rounder
Aaqib Javed (PAK),1988-1998,1988.0,1998.0,11.0,163.0,51.0,26.0,267.0,45*,45.0,1.0,10.68,456.0,58.55,0.0,0.0,7.0,1.64,0.0,0.0,29.828,1988-1998,1988,1998,10,163,159.0,8012.0,5721.0,182.0,Jul-37,31.43,4.28,44.0,2.0,4.0,1.12,0.23,0.85,0.025,,,,,,,,,,,,,,,,,True,True,All-rounder
Aarif Sheikh (NEPAL),2018-2019,2018.0,2019.0,2.0,6.0,6.0,1.0,94.0,29,29.0,0.0,18.8,176.0,53.4,0.0,0.0,1.0,15.67,0.0,0.0,32.64,2018-2019,2018,2019,1,6,1.0,12.0,10.0,0.0,-,,5.0,,0.0,0.0,0.0,0.2,0.06,0.0,,,,,,,,,,,,,,,,,True,True,All-rounder
Aaron Jones (USA),2019-2019,2019.0,2019.0,1.0,9.0,9.0,0.0,348.0,95,95.0,0.0,38.66,521.0,66.79,0.0,3.0,1.0,38.67,0.0,33.33,49.912,2019-2019,2019,2019,0,9,,,,,-,,,,,,,,,,,,,,,,,,,,,,,,,,True,True,All-rounder
Abdul Jabbar (CAN),2007-2007,2007.0,2007.0,1.0,2.0,2.0,0.0,59.0,44,44.0,0.0,29.5,82.0,71.95,0.0,0.0,0.0,29.5,0.0,0.0,46.48,2007-2007,2007,2007,0,2,,,,,-,,,,,,,,,,,,,,,,,,,,,,,,,,True,True,All-rounder
Abdul Qadir (PAK),1983-1993,1983.0,1993.0,11.0,104.0,68.0,26.0,641.0,41*,41.0,1.0,15.26,849.0,75.5,0.0,0.0,6.0,6.16,0.0,0.0,39.356,1983-1993,1983,1993,10,104,100.0,5100.0,3454.0,132.0,May-44,26.16,4.06,38.6,4.0,2.0,1.27,0.25,0.96,0.019,,,,,,,,,,,,,,,,,True,True,All-rounder
Abdul Razzaq (Asia/PAK),1996-2011,1996.0,2011.0,16.0,265.0,228.0,57.0,5080.0,112,112.0,0.0,29.7,6252.0,81.25,3.0,23.0,14.0,19.17,1.13,8.68,50.32,1996-2011,1996,2011,15,265,254.0,10941.0,8564.0,269.0,Jun-35,31.83,4.69,40.6,8.0,3.0,1.02,0.21,0.77,0.011,,,,,,,,,,,,,,,,,True,True,All-rounder
Abdul Rehman (UAE),2004-2004,2004.0,2004.0,1.0,1.0,1.0,0.0,1.0,1,1.0,0.0,1.0,13.0,7.69,0.0,0.0,0.0,1.0,0.0,0.0,3.676,2004-2004,2004,2004,0,1,,,,,-,,,,,,,,,,,,,,,,,,,,,,,,,,True,True,All-rounder
Abdul Shakoor (UAE),2015-2018,2015.0,2018.0,4.0,3.0,3.0,0.0,54.0,24,24.0,0.0,18.0,102.0,52.94,0.0,0.0,0.0,18.0,0.0,0.0,31.976,2015-2018,2015,2018,3,3,,,,,-,,,,,,,,,,,,,,,,,,,,,,,,,,True,True,All-rounder
Abdullah Mazari (AFG),2010-2010,2010.0,2010.0,1.0,2.0,1.0,0.0,3.0,3,3.0,0.0,3.0,16.0,18.75,0.0,0.0,0.0,1.5,0.0,0.0,9.3,2010-2010,2010,2010,0,2,2.0,96.0,49.0,2.0,Jan-18,24.5,3.06,48.0,0.0,0.0,1.0,0.33,0.8,0.0,,,,,,,,,,,,,,,,,True,True,All-rounder
Abdur Rauf (PAK),,,,,,,,,,,,,,,,,,,,,,2008-2008,2008,2008,0,4,4.0,214.0,212.0,8.0,Mar-24,26.5,5.94,26.7,0.0,0.0,2.0,0.17,1.45,0.0,,,,,,,,,,,,,,,,,False,True,Bowler
Abdur Razzak (BDESH),2004-2014,2004.0,2014.0,11.0,153.0,97.0,39.0,779.0,53*,53.0,1.0,13.43,1020.0,76.37,0.0,1.0,12.0,5.09,0.0,0.65,38.606,2004-2014,2004,2014,10,153,152.0,7965.0,6065.0,207.0,May-29,29.29,4.56,38.4,5.0,4.0,1.35,0.22,1.01,0.026,,,,,,,,,,,,,,,,,True,True,All-rounder
Abdur Rehman (PAK),2006-2014,2006.0,2014.0,9.0,31.0,23.0,6.0,142.0,31,31.0,0.0,8.35,263.0,53.99,0.0,0.0,4.0,4.58,0.0,0.0,26.606,2006-2014,2006,2014,8,31,31.0,1624.0,1142.0,30.0,Apr-48,38.06,4.21,54.1,1.0,0.0,0.97,0.24,0.75,0.0,,,,,,,,,,,,,,,,,True,True,All-rounder
Abid Ali (PAK),2019-2019,2019.0,2019.0,1.0,4.0,4.0,0.0,191.0,112,112.0,0.0,47.75,196.0,97.44,1.0,1.0,1.0,47.75,25.0,25.0,67.626,2019-2019,2019,2019,0,4,,,,,-,,,,,,,,,,,,,,,,,,,,,,,,,,True,True,All-rounder
Abu Hider (BDESH),2018-2018,2018.0,2018.0,1.0,2.0,1.0,0.0,1.0,1,1.0,0.0,1.0,11.0,9.09,0.0,0.0,0.0,0.5,0.0,0.0,4.236,2018-2018,2018,2018,0,2,2.0,108.0,89.0,3.0,Feb-50,29.66,4.94,36.0,0.0,0.0,1.5,0.2,1.11,0.0,,,,,,,,,,,,,,,,,True,True,All-rounder
Abu Jayed (BDESH),,,,,,,,,,,,,,,,,,,,,,2019-2019,2019,2019,0,2,2.0,108.0,114.0,5.0,May-58,22.8,6.33,21.6,0.0,1.0,2.5,0.16,1.8,0.5,,,,,,,,,,,,,,,,,False,True,Bowler
Abul Hasan (BDESH),2012-2018,2012.0,2018.0,7.0,7.0,3.0,0.0,11.0,7,7.0,0.0,3.66,16.0,68.75,0.0,0.0,0.0,1.57,0.0,0.0,29.696,2012-2018,2012,2018,6,7,7.0,216.0,244.0,0.0,-,,6.77,,0.0,0.0,0.0,0.15,0.04,0.0,,,,,,,,,,,,,,,,,True,True,All-rounder
Adeel Raja (NL),2002-2011,2002.0,2011.0,10.0,21.0,12.0,2.0,28.0,8*,8.0,1.0,2.8,139.0,20.14,0.0,0.0,4.0,1.33,0.0,0.0,9.736,2002-2011,2002,2011,9,21,21.0,846.0,690.0,17.0,Apr-42,40.58,4.89,49.7,1.0,0.0,0.81,0.2,0.63,0.0,,,,,,,,,,,,,,,,,True,True,All-rounder
Adnan Akmal (PAK),2011-2012,2011.0,2012.0,2.0,5.0,4.0,1.0,62.0,27,27.0,0.0,20.66,89.0,69.66,0.0,0.0,0.0,12.4,0.0,0.0,40.26,2011-2012,2011,2012,1,5,,,,,-,,,,,,,,,,,,,,,,,,,,,,,,,,True,True,All-rounder
Adnan Mufti (UAE),2017-2018,2017.0,2018.0,2.0,18.0,16.0,4.0,330.0,57*,57.0,1.0,27.5,409.0,80.68,0.0,1.0,0.0,18.33,0.0,5.56,48.772,2017-2018,2017,2018,1,18,,,,,-,,,,,,,,,,,,,,,,,,,,,,,,,,True,True,All-rounder
Afsar Zazai (AFG),2014-2017,2014.0,2017.0,4.0,17.0,16.0,1.0,264.0,60,60.0,0.0,17.6,488.0,54.09,0.0,2.0,3.0,15.53,0.0,11.76,32.196,2014-2017,2014,2017,3,17,,,,,-,,,,,,,,,,,,,,,,,,,,,,,,,,True,True,All-rounder
Aftab Ahmed (BDESH),2004-2010,2004.0,2010.0,7.0,85.0,85.0,6.0,1954.0,92,92.0,0.0,24.73,2353.0,83.04,0.0,14.0,8.0,22.99,0.0,16.47,48.054,2004-2010,2004,2010,6,85,30.0,739.0,656.0,12.0,May-31,54.66,5.32,61.5,0.0,1.0,0.14,0.19,0.16,0.012,,,,,,,,,,,,,,,,,True,True,All-rounder
Aftab Alam (AFG),2010-2019,2010.0,2019.0,10.0,27.0,17.0,10.0,80.0,16*,16.0,1.0,11.42,107.0,74.76,0.0,0.0,3.0,2.96,0.0,0.0,36.756,2010-2019,2010,2019,9,27,27.0,1257.0,1033.0,41.0,Apr-25,25.19,4.93,30.6,1.0,0.0,1.52,0.2,1.12,0.0,,,,,,,,,,,,,,,,,True,True,All-rounder
Afzaal Haider (HKG),2004-2008,2004.0,2008.0,5.0,4.0,4.0,1.0,22.0,22,22.0,0.0,7.33,52.0,42.3,0.0,0.0,2.0,5.5,0.0,0.0,21.318,2004-2008,2004,2008,4,4,4.0,180.0,227.0,4.0,Jan-31,56.75,7.56,45.0,0.0,0.0,1.0,0.13,0.74,0.0,,,,,,,,,,,,,,,,,True,True,All-rounder
Ahmed Kamal (BDESH),1999-1999,1999.0,1999.0,1.0,1.0,1.0,0.0,11.0,11,11.0,0.0,11.0,19.0,57.89,0.0,0.0,0.0,11.0,0.0,0.0,29.756,1999-1999,1999,1999,0,1,1.0,30.0,39.0,1.0,Jan-39,39.0,7.8,30.0,0.0,0.0,1.0,0.13,0.74,0.0,,,,,,,,,,,,,,,,,True,True,All-rounder
Ahmed Raza (UAE),2014-2019,2014.0,2019.0,6.0,28.0,24.0,4.0,258.0,50,50.0,0.0,12.9,463.0,55.72,0.0,1.0,4.0,9.21,0.0,3.57,30.028,2014-2019,2014,2019,5,28,28.0,1505.0,1011.0,28.0,Apr-37,36.1,4.03,53.7,1.0,0.0,1.0,0.25,0.77,0.0,,,,,,,,,,,,,,,,,True,True,All-rounder
Ahmed Shah (AFG),2009-2009,2009.0,2009.0,1.0,1.0,1.0,0.0,2.0,2,2.0,0.0,2.0,10.0,20.0,0.0,0.0,0.0,2.0,0.0,0.0,9.2,2009-2009,2009,2009,0,1,1.0,6.0,12.0,0.0,-,,12.0,,0.0,0.0,0.0,0.08,0.03,0.0,,,,,,,,,,,,,,,,,True,True,All-rounder
Ahmed Shehzad (PAK),2009-2017,2009.0,2017.0,9.0,81.0,81.0,1.0,2605.0,124,124.0,0.0,32.56,3614.0,72.08,6.0,14.0,7.0,32.16,7.41,17.28,48.368,2009-2017,2009,2017,8,81,9.0,115.0,140.0,2.0,Jan-22,70.0,7.3,57.5,0.0,0.0,0.02,0.14,0.06,0.0,,,,,,,,,,,,,,,,,True,True,All-rounder
Ahsan Malik (NL),2011-2014,2011.0,2014.0,4.0,12.0,5.0,5.0,14.0,10*,10.0,1.0,,27.0,51.85,0.0,0.0,0.0,1.17,0.0,0.0,,2011-2014,2011,2014,3,12,11.0,471.0,408.0,12.0,Mar-38,34.0,5.19,39.2,0.0,0.0,1.0,0.19,0.76,0.0,,,,,,,,,,,,,,,,,True,True,All-rounder
Aijaz Ali (USA),2004-2004,2004.0,2004.0,1.0,2.0,2.0,0.0,5.0,4,4.0,0.0,2.5,11.0,45.45,0.0,0.0,0.0,2.5,0.0,0.0,19.68,2004-2004,2004,2004,0,2,,,,,-,,,,,,,,,,,,,,,,,,,,,,,,,,True,True,All-rounder
Aizaz Cheema (PAK),2011-2012,2011.0,2012.0,2.0,14.0,6.0,3.0,26.0,9*,9.0,1.0,8.66,45.0,57.77,0.0,0.0,0.0,1.86,0.0,0.0,28.304,2011-2012,2011,2012,1,14,14.0,658.0,593.0,23.0,Apr-43,25.78,5.4,28.6,2.0,0.0,1.64,0.19,1.21,0.0,,,,,,,,,,,,,,,,,True,True,All-rounder
Aizaz Khan (HKG),2014-2018,2014.0,2018.0,5.0,19.0,15.0,2.0,260.0,44,44.0,0.0,20.0,374.0,69.51,0.0,0.0,1.0,13.68,0.0,0.0,39.804,2014-2018,2014,2018,4,19,19.0,728.0,680.0,16.0,Feb-26,42.5,5.6,45.5,0.0,0.0,0.84,0.18,0.64,0.0,,,,,,,,,,,,,,,,,True,True,All-rounder
Akhtar Sarfraz (PAK),1997-1998,1997.0,1998.0,2.0,4.0,4.0,0.0,66.0,25,25.0,0.0,16.5,99.0,66.66,0.0,0.0,0.0,16.5,0.0,0.0,36.564,1997-1998,1997,1998,1,4,,,,,-,,,,,,,,,,,,,,,,,,,,,,,,,,True,True,All-rounder
Akram Khan (BDESH),1988-2003,1988.0,2003.0,16.0,44.0,44.0,2.0,976.0,65,65.0,0.0,23.23,1721.0,56.71,0.0,5.0,3.0,22.18,0.0,11.36,36.622,1988-2003,1988,2003,15,44,6.0,117.0,138.0,0.0,-,,7.07,,0.0,0.0,0.0,0.14,0.04,0.0,,,,,,,,,,,,,,,,,True,True,All-rounder
Akram Raza (PAK),1989-1995,1989.0,1995.0,7.0,49.0,25.0,14.0,193.0,33*,33.0,1.0,17.54,310.0,62.25,0.0,0.0,4.0,3.94,0.0,0.0,35.424,1989-1995,1989,1995,6,49,48.0,2601.0,1611.0,38.0,Mar-18,42.39,3.71,68.4,0.0,0.0,0.78,0.27,0.62,0.0,,,,,,,,,,,,,,,,,True,True,All-rounder
Akshay Homraj (USA),2019-2019,2019.0,2019.0,1.0,4.0,4.0,0.0,99.0,34,34.0,0.0,24.75,135.0,73.33,0.0,0.0,0.0,24.75,0.0,0.0,44.182,2019-2019,2019,2019,0,4,,,,,-,,,,,,,,,,,,,,,,,,,,,,,,,,True,True,All-rounder
Al Sahariar (BDESH),1999-2003,1999.0,2003.0,5.0,29.0,29.0,1.0,374.0,62*,62.0,1.0,13.35,709.0,52.75,0.0,2.0,6.0,12.9,0.0,6.9,29.11,1999-2003,1999,2003,4,29,,,,,-,,,,,,,,,,,,,,,,,,,,,,,,,,True,True,All-rounder
Al-Amin Hossain (BDESH),2014-2015,2014.0,2015.0,2.0,14.0,7.0,5.0,4.0,2*,2.0,1.0,2.0,20.0,20.0,0.0,0.0,2.0,0.29,0.0,0.0,9.2,2014-2015,2014,2015,1,14,14.0,603.0,523.0,21.0,Apr-51,24.9,5.2,28.7,2.0,0.0,1.5,0.19,1.11,0.0,,,,,,,,,,,,,,,,,True,True,All-rounder
Alawi Shukri (UAE),2008-2008,2008.0,2008.0,1.0,1.0,1.0,0.0,1.0,1,1.0,0.0,1.0,3.0,33.33,0.0,0.0,0.0,1.0,0.0,0.0,13.932,2008-2008,2008,2008,0,1,,,,,-,,,,,,,,,,,,,,,,,,,,,,,,,,True,True,All-rounder
Ali Asad (UAE),2004-2004,2004.0,2004.0,1.0,2.0,2.0,1.0,21.0,12,12.0,0.0,21.0,47.0,44.68,0.0,0.0,0.0,10.5,0.0,0.0,30.472,2004-2004,2004,2004,0,2,2.0,120.0,73.0,2.0,Feb-35,36.5,3.65,60.0,0.0,0.0,1.0,0.27,0.78,0.0,,,,,,,,,,,,,,,,,True,True,All-rounder
Ali Khan (USA),2019-2019,2019.0,2019.0,1.0,1.0,1.0,0.0,3.0,3,3.0,0.0,3.0,11.0,27.27,0.0,0.0,0.0,3.0,0.0,0.0,12.708,2019-2019,2019,2019,0,1,1.0,30.0,23.0,1.0,Jan-23,23.0,4.6,30.0,0.0,0.0,1.0,0.22,0.77,0.0,,,,,,,,,,,,,,,,,True,True,All-rounder
Alok Kapali (BDESH),2002-2011,2002.0,2011.0,10.0,69.0,66.0,3.0,1235.0,115,115.0,0.0,19.6,1817.0,67.96,1.0,5.0,5.0,17.9,1.45,7.25,38.944,2002-2011,2002,2011,9,69,49.0,1452.0,1255.0,24.0,Mar-49,52.29,5.18,60.5,0.0,0.0,0.35,0.19,0.3,0.0,,,,,,,,,,,,,,,,,True,True,All-rounder
Aman Ali (UAE),2008-2008,2008.0,2008.0,1.0,1.0,1.0,0.0,0.0,0,0.0,0.0,0.0,2.0,0.0,0.0,0.0,1.0,0.0,0.0,0.0,0.0,2008-2008,2008,2008,0,1,1.0,12.0,22.0,0.0,-,,11.0,,0.0,0.0,0.0,0.09,0.03,0.0,,,,,,,,,,,,,,,,,True,True,All-rounder
Aminul Islam (BDESH),1988-2002,1988.0,2002.0,15.0,39.0,39.0,5.0,794.0,70,70.0,0.0,23.35,1403.0,56.59,0.0,3.0,5.0,20.36,0.0,7.69,36.646,1988-2002,1988,2002,14,39,19.0,412.0,411.0,7.0,Mar-57,58.71,5.98,58.8,0.0,0.0,0.18,0.17,0.18,0.0,,,,,,,,,,,,,,,,,True,True,All-rounder
Aminul Islam jnr (BDESH),1999-1999,1999.0,1999.0,1.0,1.0,1.0,1.0,1.0,1*,1.0,1.0,,0.0,,0.0,0.0,0.0,1.0,0.0,0.0,,1999-1999,1999,1999,0,1,1.0,30.0,33.0,1.0,Jan-33,33.0,6.6,30.0,0.0,0.0,1.0,0.15,0.75,0.0,,,,,,,,,,,,,,,,,True,True,All-rounder
Amir Hamza (AFG),2012-2017,2012.0,2017.0,6.0,31.0,16.0,9.0,23.0,7,7.0,0.0,3.28,94.0,24.46,0.0,0.0,1.0,0.74,0.0,0.0,11.752,2012-2017,2012,2017,5,31,31.0,1552.0,1016.0,40.0,Apr-17,25.4,3.92,38.8,1.0,0.0,1.29,0.26,0.98,0.0,,,,,,,,,,,,,,,,,True,True,All-rounder
Amir Hayat (UAE),2018-2019,2018.0,2019.0,2.0,9.0,6.0,3.0,31.0,24*,24.0,1.0,10.33,73.0,42.46,0.0,0.0,1.0,3.44,0.0,0.0,23.182,2018-2019,2018,2019,1,9,9.0,449.0,382.0,11.0,Mar-19,34.72,5.1,40.8,0.0,0.0,1.22,0.2,0.91,0.0,,,,,,,,,,,,,,,,,True,True,All-rounder
Amjad Ali (UAE),2008-2015,2008.0,2015.0,8.0,17.0,17.0,0.0,520.0,98,98.0,0.0,30.58,680.0,76.47,0.0,3.0,0.0,30.59,0.0,17.65,48.936,2008-2015,2008,2015,7,17,,,,,-,,,,,,,,,,,,,,,,,,,,,,,,,,True,True,All-rounder
Amjad Javed (UAE),2008-2017,2008.0,2017.0,10.0,15.0,13.0,1.0,239.0,56,56.0,0.0,19.91,267.0,89.51,0.0,1.0,1.0,15.93,0.0,6.67,47.75,2008-2017,2008,2017,9,15,15.0,618.0,608.0,9.0,Mar-60,67.55,5.9,68.6,0.0,0.0,0.6,0.17,0.47,0.0,,,,,,,,,,,,,,,,,True,True,All-rounder
Anamul Haque (BDESH),2012-2019,2012.0,2019.0,8.0,38.0,35.0,0.0,1052.0,120,120.0,0.0,30.05,1488.0,70.69,3.0,3.0,6.0,27.68,7.89,7.89,46.306,2012-2019,2012,2019,7,38,,,,,-,,,,,,,,,,,,,,,,,,,,,,,,,,True,True,All-rounder
Anil Dalpat (PAK),1984-1986,1984.0,1986.0,3.0,15.0,10.0,3.0,87.0,37,37.0,0.0,12.42,136.0,63.97,0.0,0.0,1.0,5.8,0.0,0.0,33.04,1984-1986,1984,1986,2,15,,,,,-,,,,,,,,,,,,,,,,,,,,,,,,,,True,True,All-rounder
Anisur Rahman (BDESH),1995-1998,1995.0,1998.0,4.0,2.0,2.0,0.0,2.0,2,2.0,0.0,1.0,11.0,18.18,0.0,0.0,1.0,1.0,0.0,0.0,7.872,1995-1998,1995,1998,3,2,2.0,48.0,68.0,0.0,-,,8.5,,0.0,0.0,0.0,0.12,0.04,0.0,,,,,,,,,,,,,,,,,True,True,All-rounder
Ankur Vasishta (HKG),2014-2014,2014.0,2014.0,1.0,4.0,4.0,1.0,36.0,18,18.0,0.0,12.0,69.0,52.17,0.0,0.0,0.0,9.0,0.0,0.0,28.068,2014-2014,2014,2014,0,4,,,,,-,,,,,,,,,,,,,,,,,,,,,,,,,,True,True,All-rounder
Anshuman Rath (HKG),2014-2018,2014.0,2018.0,5.0,18.0,18.0,2.0,828.0,143*,143.0,1.0,51.75,1080.0,76.66,1.0,7.0,1.0,46.0,5.56,38.89,61.714,2014-2018,2014,2018,4,18,7.0,337.0,167.0,14.0,Mar-22,11.92,2.97,24.0,0.0,0.0,0.78,0.34,0.65,0.0,,,,,,,,,,,,,,,,,True,True,All-rounder
Anwar Ali (PAK),2013-2016,2013.0,2016.0,4.0,22.0,16.0,5.0,321.0,43*,43.0,1.0,29.18,367.0,87.46,0.0,0.0,0.0,14.59,0.0,0.0,52.492,2013-2016,2013,2016,3,22,22.0,927.0,944.0,18.0,Mar-66,52.44,6.11,51.5,0.0,0.0,0.82,0.16,0.62,0.0,,,,,,,,,,,,,,,,,True,True,All-rounder
Anwar Hossain (BDESH),2002-2002,2002.0,2002.0,1.0,1.0,1.0,0.0,42.0,42,42.0,0.0,42.0,107.0,39.25,0.0,0.0,0.0,42.0,0.0,0.0,40.9,2002-2002,2002,2002,0,1,,,,,-,,,,,,,,,,,,,,,,,,,,,,,,,,True,True,All-rounder
Anwar Hossain Monir (BDESH),2002-2002,2002.0,2002.0,1.0,1.0,1.0,1.0,0.0,0*,0.0,1.0,,8.0,0.0,0.0,0.0,0.0,0.0,0.0,0.0,,2002-2002,2002,2002,0,1,1.0,48.0,45.0,0.0,-,,5.62,,0.0,0.0,0.0,0.18,0.05,0.0,,,,,,,,,,,,,,,,,True,True,All-rounder
Aqib Ilyas (OMAN),2019-2019,2019.0,2019.0,1.0,5.0,5.0,0.0,221.0,63,63.0,0.0,44.2,282.0,78.36,0.0,2.0,0.0,44.2,0.0,40.0,57.864,2019-2019,2019,2019,0,5,5.0,138.0,80.0,6.0,Feb-32,13.33,3.47,23.0,0.0,0.0,1.2,0.29,0.93,0.0,,,,,,,,,,,,,,,,,True,True,All-rounder
Arafat Sunny (BDESH),2014-2015,2014.0,2015.0,2.0,16.0,11.0,7.0,48.0,15,15.0,0.0,12.0,92.0,52.17,0.0,0.0,1.0,3.0,0.0,0.0,28.068,2014-2015,2014,2015,1,16,16.0,830.0,600.0,24.0,Apr-27,25.0,4.33,34.5,2.0,0.0,1.5,0.23,1.12,0.0,,,,,,,,,,,,,,,,,True,True,All-rounder
Ariful Haque (BDESH),,,,,,,,,,,,,,,,,,,,,,2018-2018,2018,2018,0,1,1.0,18.0,17.0,0.0,-,,5.66,,0.0,0.0,0.0,0.18,0.05,0.0,,,,,,,,,,,,,,,,,False,True,Bowler
Arshad Ali (UAE),2004-2008,2004.0,2008.0,5.0,4.0,4.0,0.0,54.0,41,41.0,0.0,13.5,102.0,52.94,0.0,0.0,1.0,13.5,0.0,0.0,29.276,2004-2008,2004,2008,4,4,3.0,102.0,105.0,1.0,01-May,105.0,6.17,102.0,0.0,0.0,0.25,0.16,0.22,0.0,,,,,,,,,,,,,,,,,True,True,All-rounder
Arshad Ayub (INDIA),1987-1990,1987.0,1990.0,4.0,32.0,17.0,7.0,116.0,31*,31.0,1.0,11.6,162.0,71.6,0.0,0.0,1.0,3.63,0.0,0.0,35.6,1987-1990,1987,1990,3,32,32.0,1769.0,1216.0,31.0,May-21,39.22,4.12,57.0,0.0,1.0,0.97,0.24,0.75,0.031,,,,,,,,,,,,,,,,,True,True,All-rounder
Arshad Khan (PAK),1993-2006,1993.0,2006.0,14.0,58.0,29.0,18.0,133.0,20,20.0,0.0,12.09,217.0,61.29,0.0,0.0,5.0,2.29,0.0,0.0,31.77,1993-2006,1993,2006,13,58,56.0,2823.0,1948.0,56.0,Apr-33,34.78,4.14,50.4,1.0,0.0,0.97,0.24,0.75,0.0,,,,,,,,,,,,,,,,,True,True,All-rounder
Arshad Laeeq (UAE),1994-1996,1994.0,1996.0,3.0,6.0,6.0,1.0,101.0,43*,43.0,1.0,20.2,215.0,46.97,0.0,0.0,1.0,16.83,0.0,0.0,30.908,1994-1996,1994,1996,2,6,6.0,198.0,198.0,1.0,Jan-25,198.0,6.0,198.0,0.0,0.0,0.17,0.17,0.17,0.0,,,,,,,,,,,,,,,,,True,True,All-rounder
Arshad Pervez (PAK),1978-1978,1978.0,1978.0,1.0,2.0,2.0,0.0,11.0,8,8.0,0.0,5.5,47.0,23.4,0.0,0.0,0.0,5.5,0.0,0.0,12.66,1978-1978,1978,1978,0,2,,,,,-,,,,,,,,,,,,,,,,,,,,,,,,,,True,True,All-rounder
Asad Ali (PAK),2013-2013,2013.0,2013.0,1.0,4.0,2.0,0.0,13.0,11,11.0,0.0,6.5,16.0,81.25,0.0,0.0,0.0,3.25,0.0,0.0,36.4,2013-2013,2013,2013,0,4,4.0,180.0,115.0,2.0,Jan-22,57.5,3.83,90.0,0.0,0.0,0.5,0.26,0.43,0.0,,,,,,,,,,,,,,,,,True,True,All-rounder
Asad Shafiq (PAK),2010-2017,2010.0,2017.0,8.0,60.0,58.0,4.0,1336.0,84,84.0,0.0,24.74,1979.0,67.5,0.0,9.0,5.0,22.27,0.0,15.0,41.844,2010-2017,2010,2017,7,60,2.0,12.0,18.0,0.0,-,,9.0,,0.0,0.0,0.0,0.11,0.03,0.0,,,,,,,,,,,,,,,,,True,True,All-rounder
Asghar Afghan (AFG),2009-2019,2009.0,2019.0,11.0,111.0,105.0,9.0,2356.0,101,101.0,0.0,24.54,3531.0,66.72,1.0,12.0,7.0,21.23,0.9,10.81,41.412,2009-2019,2009,2019,10,111,7.0,139.0,91.0,3.0,01-Jan,30.33,3.92,46.3,0.0,0.0,0.03,0.26,0.1,0.0,,,,,,,,,,,,,,,,,True,True,All-rounder
Asghar Ali (UAE),2004-2004,2004.0,2004.0,1.0,2.0,2.0,0.0,14.0,14,14.0,0.0,7.0,53.0,26.41,0.0,0.0,1.0,7.0,0.0,0.0,14.764,2004-2004,2004,2004,0,2,,,,,-,,,,,,,,,,,,,,,,,,,,,,,,,,True,True,All-rounder
Ashfaq Ahmed (PAK),,,,,,,,,,,,,,,,,,,,,,1994-1994,1994,1994,0,3,3.0,102.0,84.0,0.0,-,,4.94,,0.0,0.0,0.0,0.2,0.06,0.0,,,,,,,,,,,,,,,,,False,True,Bowler
Ashfaq Ahmed (UAE),2018-2019,2018.0,2019.0,2.0,16.0,16.0,0.0,344.0,92,92.0,0.0,21.5,387.0,88.88,0.0,2.0,1.0,21.5,0.0,12.5,48.452,2018-2019,2018,2019,1,16,7.0,223.0,185.0,4.0,Feb-55,46.25,4.97,55.7,0.0,0.0,0.25,0.2,0.24,0.0,,,,,,,,,,,,,,,,,True,True,All-rounder
Ashraf Ali (PAK),1980-1985,1980.0,1985.0,6.0,16.0,9.0,5.0,69.0,19*,19.0,1.0,17.25,135.0,51.11,0.0,0.0,1.0,4.31,0.0,0.0,30.794,1980-1985,1980,1985,5,16,,,,,-,,,,,,,,,,,,,,,,,,,,,,,,,,True,True,All-rounder
Asif Ali (PAK),2018-2019,2018.0,2019.0,2.0,18.0,14.0,1.0,361.0,52,52.0,0.0,27.76,280.0,128.92,0.0,3.0,0.0,20.06,0.0,16.67,68.224,2018-2019,2018,2019,1,18,1.0,5.0,9.0,0.0,-,,10.8,,0.0,0.0,0.0,0.09,0.03,0.0,,,,,,,,,,,,,,,,,True,True,All-rounder
Asif Iqbal (1) (UAE),2015-2015,2015.0,2015.0,1.0,1.0,1.0,0.0,8.0,8,8.0,0.0,8.0,8.0,100.0,0.0,0.0,0.0,8.0,0.0,0.0,44.8,2015-2015,2015,2015,0,1,1.0,24.0,32.0,0.0,-,,8.0,,0.0,0.0,0.0,0.13,0.04,0.0,,,,,,,,,,,,,,,,,True,True,All-rounder
Asif Iqbal (PAK),1973-1979,1973.0,1979.0,7.0,10.0,8.0,2.0,330.0,62,62.0,0.0,55.0,466.0,70.81,0.0,5.0,0.0,33.0,0.0,50.0,61.324,1973-1979,1973,1979,6,10,10.0,592.0,378.0,16.0,Apr-56,23.62,3.83,37.0,1.0,0.0,1.6,0.26,1.2,0.0,,,,,,,,,,,,,,,,,True,True,All-rounder
Asif Mahmood (PAK),1998-1998,1998.0,1998.0,1.0,2.0,2.0,0.0,14.0,14,14.0,0.0,7.0,34.0,41.17,0.0,0.0,1.0,7.0,0.0,0.0,20.668,1998-1998,1998,1998,0,2,,,,,-,,,,,,,,,,,,,,,,,,,,,,,,,,True,True,All-rounder
Asif Masood (PAK),1973-1976,1973.0,1976.0,4.0,7.0,3.0,1.0,10.0,6,6.0,0.0,5.0,17.0,58.82,0.0,0.0,1.0,1.43,0.0,0.0,26.528,1973-1976,1973,1976,3,7,7.0,402.0,234.0,5.0,02-Sep,46.8,3.49,80.4,0.0,0.0,0.71,0.29,0.59,0.0,,,,,,,,,,,,,,,,,True,True,All-rounder
Asif Mujtaba (PAK),1986-1996,1986.0,1996.0,11.0,66.0,55.0,14.0,1068.0,113*,113.0,1.0,26.04,1671.0,63.91,1.0,6.0,8.0,16.18,1.52,9.09,41.188,1986-1996,1986,1996,10,66,28.0,756.0,658.0,7.0,Feb-38,94.0,5.22,108.0,0.0,0.0,0.11,0.19,0.13,0.0,,,,,,,,,,,,,,,,,True,True,All-rounder
Asim Butt (SCOT),1999-1999,1999.0,1999.0,1.0,5.0,4.0,0.0,23.0,11,11.0,0.0,5.75,28.0,82.14,0.0,0.0,0.0,4.6,0.0,0.0,36.306,1999-1999,1999,1999,0,5,5.0,222.0,148.0,4.0,Feb-24,37.0,4.0,55.5,0.0,0.0,0.8,0.25,0.64,0.0,,,,,,,,,,,,,,,,,True,True,All-rounder
Asim Saeed (UAE),2004-2004,2004.0,2004.0,1.0,2.0,2.0,0.0,12.0,12,12.0,0.0,6.0,19.0,63.15,0.0,0.0,1.0,6.0,0.0,0.0,28.86,2004-2004,2004,2004,0,2,2.0,54.0,40.0,1.0,Jan-25,40.0,4.44,54.0,0.0,0.0,0.5,0.23,0.42,0.0,,,,,,,,,,,,,,,,,True,True,All-rounder
Ata-ur-Rehman (PAK),1992-1996,1992.0,1996.0,5.0,30.0,13.0,6.0,34.0,11*,11.0,1.0,4.85,76.0,44.73,0.0,0.0,2.0,1.13,0.0,0.0,20.802,1992-1996,1992,1996,4,30,30.0,1492.0,1186.0,27.0,Mar-27,43.92,4.76,55.2,0.0,0.0,0.9,0.21,0.69,0.0,,,,,,,,,,,,,,,,,True,True,All-rounder
Athar Ali Khan (BDESH),1988-1998,1988.0,1998.0,11.0,19.0,19.0,1.0,532.0,82,82.0,0.0,29.55,945.0,56.29,0.0,3.0,3.0,28.0,0.0,15.79,40.246,1988-1998,1988,1998,10,19,15.0,420.0,365.0,6.0,Feb-33,60.83,5.21,70.0,0.0,0.0,0.32,0.19,0.28,0.0,,,,,,,,,,,,,,,,,True,True,All-rounder
Atiq-uz-Zaman (PAK),2000-2000,2000.0,2000.0,1.0,3.0,3.0,1.0,34.0,18,18.0,0.0,17.0,36.0,94.44,0.0,0.0,0.0,11.33,0.0,0.0,47.976,2000-2000,2000,2000,0,3,,,,,-,,,,,,,,,,,,,,,,,,,,,,,,,,True,True,All-rounder
Azam Khan (PAK),1996-1998,1996.0,1998.0,3.0,6.0,5.0,0.0,116.0,72,72.0,0.0,23.2,177.0,65.53,0.0,1.0,0.0,19.33,0.0,16.67,40.132,1996-1998,1996,1998,2,6,,,,,-,,,,,,,,,,,,,,,,,,,,,,,,,,True,True,All-rounder
Azeem Hafeez (PAK),1983-1985,1983.0,1985.0,3.0,15.0,10.0,7.0,45.0,15,15.0,0.0,15.0,104.0,43.26,0.0,0.0,1.0,3.0,0.0,0.0,26.304,1983-1985,1983,1985,2,15,14.0,719.0,586.0,15.0,Apr-22,39.06,4.89,47.9,1.0,0.0,1.0,0.2,0.76,0.0,,,,,,,,,,,,,,,,,True,True,All-rounder
Azhar Ali (PAK),2011-2018,2011.0,2018.0,8.0,53.0,53.0,3.0,1845.0,102,102.0,0.0,36.9,2478.0,74.45,3.0,12.0,3.0,34.81,5.66,22.64,51.92,2011-2018,2011,2018,7,53,14.0,258.0,260.0,4.0,Feb-26,65.0,6.04,64.5,0.0,0.0,0.08,0.17,0.1,0.0,,,,,,,,,,,,,,,,,True,True,All-rounder
Azhar Hossain (BDESH),1988-1990,1988.0,1990.0,3.0,7.0,7.0,0.0,96.0,54,54.0,0.0,13.71,266.0,36.09,0.0,1.0,0.0,13.71,0.0,14.29,22.662,1988-1990,1988,1990,2,7,7.0,263.0,209.0,4.0,Jan-20,52.25,4.76,65.7,0.0,0.0,0.57,0.21,0.46,0.0,,,,,,,,,,,,,,,,,True,True,All-rounder
Azhar Mahmood (PAK),1996-2007,1996.0,2007.0,12.0,143.0,110.0,26.0,1521.0,67,67.0,0.0,18.1,1988.0,76.5,0.0,3.0,9.0,10.64,0.0,2.1,41.46,1996-2007,1996,2007,11,143,139.0,6242.0,4813.0,123.0,Jun-18,39.13,4.62,50.7,2.0,3.0,0.86,0.22,0.67,0.021,,,,,,,,,,,,,,,,,True,True,All-rounder
Azhar Saeed (UAE),1994-1996,1994.0,1996.0,3.0,7.0,7.0,0.0,61.0,32,32.0,0.0,8.71,195.0,31.28,0.0,0.0,1.0,8.71,0.0,0.0,17.738,1994-1996,1994,1996,2,7,7.0,271.0,213.0,6.0,Mar-45,35.5,4.71,45.1,0.0,0.0,0.86,0.21,0.66,0.0,,,,,,,,,,,,,,,,,True,True,All-rounder
Azmat Rana (PAK),1978-1978,1978.0,1978.0,1.0,2.0,2.0,1.0,42.0,22*,22.0,1.0,42.0,73.0,57.53,0.0,0.0,0.0,21.0,0.0,0.0,48.212,1978-1978,1978,1978,0,2,,,,,-,,,,,,,,,,,,,,,,,,,,,,,,,,True,True,All-rounder
B Arun (INDIA),1986-1987,1986.0,1987.0,2.0,4.0,3.0,1.0,21.0,8,8.0,0.0,10.5,32.0,65.62,0.0,0.0,0.0,5.25,0.0,0.0,32.548,1986-1987,1986,1987,1,4,4.0,102.0,103.0,1.0,Jan-43,103.0,6.05,102.0,0.0,0.0,0.25,0.17,0.22,0.0,,,,,,,,,,,,,,,,,True,True,All-rounder
B Bhandari (NEPAL),2019-2019,2019.0,2019.0,1.0,3.0,3.0,0.0,35.0,21,21.0,0.0,11.66,77.0,45.45,0.0,0.0,0.0,11.67,0.0,0.0,25.176,2019-2019,2019,2019,0,3,,,,,-,,,,,,,,,,,,,,,,,,,,,,,,,,True,True,All-rounder
B Geeves (AUS),2008-2009,2008.0,2009.0,2.0,2.0,2.0,2.0,10.0,10*,10.0,1.0,,11.0,90.9,0.0,0.0,0.0,5.0,0.0,0.0,,2008-2009,2008,2009,1,2,2.0,90.0,78.0,3.0,02-Nov,26.0,5.2,30.0,0.0,0.0,1.5,0.19,1.11,0.0,,,,,,,,,,,,,,,,,True,True,All-rounder
B Kumar (INDIA),2012-2019,2012.0,2019.0,8.0,114.0,52.0,15.0,526.0,53*,53.0,1.0,14.21,703.0,74.82,0.0,1.0,8.0,4.61,0.0,0.88,38.454,2012-2019,2012,2019,7,114,113.0,5451.0,4568.0,132.0,May-42,34.6,5.02,41.2,4.0,1.0,1.16,0.2,0.87,0.009,,,,,,,,,,,,,,,,,True,True,All-rounder
B Laughlin (AUS),2009-2009,2009.0,2009.0,1.0,5.0,1.0,1.0,1.0,1*,1.0,1.0,,9.0,11.11,0.0,0.0,0.0,0.2,0.0,0.0,,2009-2009,2009,2009,0,5,5.0,224.0,219.0,4.0,Jan-28,54.75,5.86,56.0,0.0,0.0,0.8,0.17,0.61,0.0,,,,,,,,,,,,,,,,,True,True,All-rounder
B Lee (AUS),2000-2012,2000.0,2012.0,13.0,221.0,110.0,44.0,1176.0,59,59.0,0.0,17.81,1407.0,83.58,0.0,3.0,16.0,5.32,0.0,1.36,44.118,2000-2012,2000,2012,12,221,217.0,11185.0,8877.0,380.0,May-22,23.36,4.76,29.4,14.0,9.0,1.72,0.21,1.27,0.041,,,,,,,,,,,,,,,,,True,True,All-rounder
B Mavuta (ZIM),2018-2019,2018.0,2019.0,2.0,7.0,5.0,1.0,52.0,20,20.0,0.0,13.0,47.0,110.63,0.0,0.0,1.0,7.43,0.0,0.0,52.052,2018-2019,2018,2019,1,7,7.0,276.0,266.0,7.0,Feb-30,38.0,5.78,39.4,0.0,0.0,1.0,0.17,0.75,0.0,,,,,,,,,,,,,,,,,True,True,All-rounder
B Muzarabani (ZIM),2018-2018,2018.0,2018.0,1.0,18.0,15.0,7.0,16.0,7,7.0,0.0,2.0,89.0,17.97,0.0,0.0,5.0,0.89,0.0,0.0,8.388,2018-2018,2018,2018,0,18,18.0,786.0,733.0,18.0,Apr-47,40.72,5.59,43.6,1.0,0.0,1.0,0.18,0.75,0.0,,,,,,,,,,,,,,,,,True,True,All-rounder
B Reddy (INDIA),1978-1981,1978.0,1981.0,4.0,3.0,2.0,2.0,11.0,8*,8.0,1.0,,20.0,55.0,0.0,0.0,0.0,3.67,0.0,0.0,,1978-1981,1978,1981,3,3,,,,,-,,,,,,,,,,,,,,,,,,,,,,,,,,True,True,All-rounder
B Regmi (NEPAL),2018-2019,2018.0,2019.0,2.0,4.0,4.0,0.0,13.0,12,12.0,0.0,3.25,47.0,27.65,0.0,0.0,2.0,3.25,0.0,0.0,13.01,2018-2019,2018,2019,1,4,4.0,174.0,117.0,4.0,Feb-49,29.25,4.03,43.5,0.0,0.0,1.0,0.25,0.77,0.0,,,,,,,,,,,,,,,,,True,True,All-rounder
B Stanlake (AUS),2017-2019,2017.0,2019.0,3.0,7.0,5.0,2.0,4.0,2,2.0,0.0,1.33,28.0,14.28,0.0,0.0,1.0,0.57,0.0,0.0,6.51,2017-2019,2017,2019,2,7,7.0,354.0,324.0,7.0,Mar-35,46.28,5.49,50.5,0.0,0.0,1.0,0.18,0.75,0.0,,,,,,,,,,,,,,,,,True,True,All-rounder
B Warnapura (SL),1975-1982,1975.0,1982.0,8.0,12.0,12.0,0.0,180.0,77,77.0,0.0,15.0,415.0,43.37,0.0,1.0,1.0,15.0,0.0,8.33,26.348,1975-1982,1975,1982,7,12,9.0,414.0,316.0,8.0,Mar-42,39.5,4.57,51.7,0.0,0.0,0.67,0.22,0.53,0.0,,,,,,,,,,,,,,,,,True,True,All-rounder
B Wood (ENG),1972-1982,1972.0,1982.0,11.0,13.0,12.0,2.0,314.0,78*,78.0,1.0,31.4,647.0,48.53,0.0,2.0,1.0,24.15,0.0,15.38,38.252,1972-1982,1972,1982,10,13,10.0,420.0,224.0,9.0,Feb-14,24.88,3.2,46.6,0.0,0.0,0.69,0.31,0.58,0.0,,,,,,,,,,,,,,,,,True,True,All-rounder
B Yardley (AUS),1978-1983,1978.0,1983.0,6.0,7.0,4.0,0.0,58.0,28,28.0,0.0,14.5,98.0,59.18,0.0,0.0,1.0,8.29,0.0,0.0,32.372,1978-1983,1978,1983,5,7,5.0,198.0,130.0,7.0,Mar-28,18.57,3.93,28.2,0.0,0.0,1.0,0.25,0.78,0.0,,,,,,,,,,,,,,,,,True,True,All-rounder
B Yograj Singh (INDIA),1980-1981,1980.0,1981.0,2.0,6.0,4.0,2.0,1.0,1,1.0,0.0,0.5,12.0,8.33,0.0,0.0,1.0,0.17,0.0,0.0,3.632,1980-1981,1980,1981,1,6,5.0,244.0,186.0,4.0,Feb-44,46.5,4.57,61.0,0.0,0.0,0.67,0.22,0.53,0.0,,,,,,,,,,,,,,,,,True,True,All-rounder
B Zuiderent (NL),1996-2011,1996.0,2011.0,16.0,57.0,56.0,10.0,1097.0,77*,77.0,1.0,23.84,1873.0,58.56,0.0,8.0,7.0,19.25,0.0,14.04,37.728,1996-2011,1996,2011,15,57,,,,,-,,,,,,,,,,,,,,,,,,,,,,,,,,True,True,All-rounder
BA Edgar (NZ),1978-1986,1978.0,1986.0,9.0,64.0,64.0,5.0,1814.0,102*,102.0,1.0,30.74,3685.0,49.22,1.0,10.0,3.0,28.34,1.56,15.63,38.132,1978-1986,1978,1986,8,64,1.0,12.0,5.0,0.0,-,,2.5,,0.0,0.0,0.0,0.4,0.12,0.0,,,,,,,,,,,,,,,,,True,True,All-rounder
BA King (WI),2019-2019,2019.0,2019.0,1.0,1.0,1.0,0.0,39.0,39,39.0,0.0,39.0,56.0,69.64,0.0,0.0,0.0,39.0,0.0,0.0,51.256,2019-2019,2019,2019,0,1,,,,,-,,,,,,,,,,,,,,,,,,,,,,,,,,True,True,All-rounder
BA Murphy (ZIM),2000-2003,2000.0,2003.0,4.0,31.0,17.0,8.0,72.0,20*,20.0,1.0,8.0,130.0,55.38,0.0,0.0,1.0,2.32,0.0,0.0,26.952,2000-2003,2000,2003,3,31,29.0,1422.0,1130.0,29.0,Mar-43,38.96,4.76,49.0,0.0,0.0,0.94,0.21,0.72,0.0,,,,,,,,,,,,,,,,,True,True,All-rounder
BA Parchment (WI),2007-2008,2007.0,2008.0,2.0,7.0,7.0,0.0,122.0,48,48.0,0.0,17.42,217.0,56.22,0.0,0.0,0.0,17.43,0.0,0.0,32.94,2007-2008,2007,2008,1,7,,,,,-,,,,,,,,,,,,,,,,,,,,,,,,,,True,True,All-rounder
BA Reid (AUS),1986-1992,1986.0,1992.0,7.0,61.0,21.0,8.0,49.0,10,10.0,0.0,3.76,117.0,41.88,0.0,0.0,1.0,0.8,0.0,0.0,19.008,1986-1992,1986,1992,6,61,61.0,3250.0,2203.0,63.0,May-53,34.96,4.06,51.5,0.0,1.0,1.03,0.25,0.8,0.016,,,,,,,,,,,,,,,,,True,True,All-rounder
BA Stokes (ENG),2011-2019,2011.0,2019.0,9.0,95.0,81.0,15.0,2682.0,102*,102.0,1.0,40.63,2855.0,93.94,3.0,20.0,5.0,28.23,3.16,21.05,61.954,2011-2019,2011,2019,8,95,80.0,2912.0,2920.0,70.0,May-61,41.71,6.01,41.6,1.0,1.0,0.74,0.17,0.57,0.011,,,,,,,,,,,,,,,,,True,True,All-rounder
BA Westdijk (NL),2011-2011,2011.0,2011.0,1.0,4.0,3.0,1.0,1.0,1*,1.0,1.0,0.5,6.0,16.66,0.0,0.0,2.0,0.25,0.0,0.0,6.964,2011-2011,2011,2011,0,4,4.0,156.0,195.0,1.0,Jan-56,195.0,7.5,156.0,0.0,0.0,0.25,0.13,0.22,0.0,,,,,,,,,,,,,,,,,True,True,All-rounder
BA Williams (AUS),2002-2004,2002.0,2004.0,3.0,25.0,6.0,4.0,27.0,13*,13.0,1.0,13.5,46.0,58.69,0.0,0.0,2.0,1.08,0.0,0.0,31.576,2002-2004,2002,2004,2,25,24.0,1203.0,814.0,35.0,May-22,23.25,4.05,34.3,1.0,2.0,1.4,0.25,1.05,0.08,,,,,,,,,,,,,,,,,True,True,All-rounder
BA Young (NZ),1990-1999,1990.0,1999.0,10.0,74.0,73.0,5.0,1668.0,74,74.0,0.0,24.52,2733.0,61.03,0.0,9.0,5.0,22.54,0.0,12.16,39.124,1990-1999,1990,1999,9,74,,,,,-,,,,,,,,,,,,,,,,,,,,,,,,,,True,True,All-rounder
BAW Mendis (SL),2008-2015,2008.0,2015.0,8.0,87.0,42.0,19.0,188.0,21*,21.0,1.0,8.17,263.0,71.48,0.0,0.0,10.0,2.16,0.0,0.0,33.494,2008-2015,2008,2015,7,87,84.0,4154.0,3324.0,152.0,Jun-13,21.86,4.8,27.3,7.0,3.0,1.75,0.21,1.29,0.034,,,,,,,,,,,,,,,,,True,True,All-rounder
BB Chari (ZIM),2015-2019,2015.0,2019.0,5.0,11.0,11.0,0.0,150.0,39,39.0,0.0,13.63,332.0,45.18,0.0,0.0,0.0,13.64,0.0,0.0,26.25,2015-2019,2015,2019,4,11,,,,,-,,,,,,,,,,,,,,,,,,,,,,,,,,True,True,All-rounder
BB McCullum (NZ),2002-2016,2002.0,2016.0,15.0,260.0,228.0,28.0,6083.0,166,166.0,0.0,30.41,6312.0,96.37,5.0,32.0,20.0,23.4,1.92,12.31,56.794,2002-2016,2002,2016,14,260,,,,,-,,,,,,,,,,2002-2016,2002.0,2016.0,14.0,260.0,257.0,277.0,262.0,15.0,227.0,35.0,,1.077,1.01,1.07,0.06,True,True,All-rounder
BB Seebaran (CAN),2003-2003,2003.0,2003.0,1.0,4.0,3.0,2.0,4.0,4*,4.0,1.0,4.0,13.0,30.76,0.0,0.0,1.0,1.0,0.0,0.0,14.704,2003-2003,2003,2003,0,4,3.0,108.0,130.0,1.0,Jan-61,130.0,7.22,108.0,0.0,0.0,0.25,0.14,0.22,0.0,,,,,,,,,,,,,,,,,True,True,All-rounder
BB Sran (INDIA),,,,,,,,,,,,,,,,,,,,,,2016-2016,2016,2016,0,6,6.0,302.0,269.0,7.0,Mar-56,38.42,5.34,43.1,0.0,0.0,1.17,0.19,0.87,0.0,,,,,,,,,,,,,,,,,False,True,Bowler
BC Broad (ENG),1987-1988,1987.0,1988.0,2.0,34.0,34.0,0.0,1361.0,106,106.0,0.0,40.02,2447.0,55.61,1.0,11.0,2.0,40.03,2.94,32.35,46.256,1987-1988,1987,1988,1,34,1.0,6.0,6.0,0.0,-,,6.0,,0.0,0.0,0.0,0.17,0.05,0.0,,,,,,,,,,,,,,,,,True,True,All-rounder
BC Hollioake (ENG),1997-2002,1997.0,2002.0,6.0,20.0,17.0,2.0,309.0,63,63.0,0.0,20.6,381.0,81.1,0.0,2.0,3.0,15.45,0.0,10.0,44.8,1997-2002,1997,2002,5,20,17.0,642.0,532.0,8.0,Feb-37,66.5,4.97,80.2,0.0,0.0,0.4,0.2,0.34,0.0,,,,,,,,,,,,,,,,,True,True,All-rounder
BC Lara (ICC/WI),1990-2007,1990.0,2007.0,18.0,299.0,289.0,32.0,10405.0,169,169.0,0.0,40.48,13086.0,79.51,19.0,63.0,16.0,34.8,6.35,21.07,56.092,1990-2007,1990,2007,17,299,5.0,49.0,61.0,4.0,02-May,15.25,7.46,12.2,0.0,0.0,0.01,0.13,0.05,0.0,1990-2007,1990.0,2007.0,17.0,299.0,296.0,120.0,120.0,0.0,0.0,120.0,,0.405,0.4,0.4,0.0,True,True,All-rounder
BC Rose (ENG),1977-1977,1977.0,1977.0,1.0,2.0,2.0,0.0,99.0,54,54.0,0.0,49.5,210.0,47.14,0.0,1.0,0.0,49.5,0.0,50.0,48.556,1977-1977,1977,1977,0,2,,,,,-,,,,,,,,,,,,,,,,,,,,,,,,,,True,True,All-rounder
BC Strang (ZIM),1995-2001,1995.0,2001.0,7.0,49.0,26.0,8.0,92.0,18,18.0,0.0,5.11,220.0,41.81,0.0,0.0,5.0,1.88,0.0,0.0,19.79,1995-2001,1995,2001,6,49,48.0,2494.0,1718.0,46.0,Jun-20,37.34,4.13,54.2,1.0,1.0,0.94,0.24,0.73,0.02,,,,,,,,,,,,,,,,,True,True,All-rounder
BCJ Cutting (AUS),2013-2014,2013.0,2014.0,2.0,4.0,2.0,0.0,53.0,27,27.0,0.0,26.5,67.0,79.1,0.0,0.0,0.0,13.25,0.0,0.0,47.54,2013-2014,2013,2014,1,4,4.0,216.0,158.0,5.0,Mar-45,31.6,4.38,43.2,0.0,0.0,1.25,0.23,0.94,0.0,,,,,,,,,,,,,,,,,True,True,All-rounder
BD Glover (NL),,,,,,,,,,,,,,,,,,,,,,2019-2019,2019,2019,0,1,1.0,60.0,37.0,1.0,Jan-37,37.0,3.7,60.0,0.0,0.0,1.0,0.27,0.78,0.0,,,,,,,,,,,,,,,,,False,True,Bowler
BD Julien (WI),1973-1977,1973.0,1977.0,5.0,12.0,8.0,2.0,86.0,26*,26.0,1.0,14.33,148.0,58.1,0.0,0.0,1.0,7.17,0.0,0.0,31.838,1973-1977,1973,1977,4,12,12.0,778.0,463.0,18.0,Apr-20,25.72,3.57,43.2,2.0,0.0,1.5,0.28,1.13,0.0,,,,,,,,,,,,,,,,,True,True,All-rounder
BE Congdon (NZ),1973-1978,1973.0,1978.0,6.0,11.0,9.0,3.0,338.0,101,101.0,0.0,56.33,472.0,71.61,1.0,2.0,0.0,30.73,9.09,18.18,62.442,1973-1978,1973,1978,5,11,10.0,437.0,287.0,7.0,Feb-17,41.0,3.94,62.4,0.0,0.0,0.64,0.25,0.52,0.0,,,,,,,,,,,,,,,,,True,True,All-rounder
BE Hendricks (SA),2019-2019,2019.0,2019.0,1.0,4.0,1.0,1.0,2.0,2*,2.0,1.0,,8.0,25.0,0.0,0.0,0.0,0.5,0.0,0.0,,2019-2019,2019,2019,0,4,3.0,126.0,106.0,1.0,Jan-50,106.0,5.04,126.0,0.0,0.0,0.25,0.2,0.23,0.0,,,,,,,,,,,,,,,,,True,True,All-rounder
BE Young (AUS),1998-1999,1998.0,1999.0,2.0,6.0,3.0,1.0,31.0,18,18.0,0.0,15.5,47.0,65.95,0.0,0.0,0.0,5.17,0.0,0.0,35.68,1998-1999,1998,1999,1,6,5.0,234.0,251.0,1.0,Jan-26,251.0,6.43,234.0,0.0,0.0,0.17,0.16,0.16,0.0,,,,,,,,,,,,,,,,,True,True,All-rounder
BF Hastings (NZ),1973-1975,1973.0,1975.0,3.0,11.0,9.0,1.0,151.0,37,37.0,0.0,18.87,271.0,55.71,0.0,0.0,1.0,13.73,0.0,0.0,33.606,1973-1975,1973,1975,2,11,,,,,-,,,,,,,,,,,,,,,,,,,,,,,,,,True,True,All-rounder
BFW de Leede (NL),2018-2019,2018.0,2019.0,2.0,3.0,3.0,0.0,32.0,30,30.0,0.0,10.66,75.0,42.66,0.0,0.0,1.0,10.67,0.0,0.0,23.46,2018-2019,2018,2019,1,3,2.0,23.0,15.0,1.0,01-Mar,15.0,3.91,23.0,0.0,0.0,0.33,0.26,0.31,0.0,,,,,,,,,,,,,,,,,True,True,All-rounder
BG Hadlee (NZ),1975-1975,1975.0,1975.0,1.0,2.0,2.0,1.0,26.0,19,19.0,0.0,26.0,93.0,27.95,0.0,0.0,0.0,13.0,0.0,0.0,26.78,1975-1975,1975,1975,0,2,,,,,-,,,,,,,,,,,,,,,,,,,,,,,,,,True,True,All-rounder
BG Rogers (ZIM),2002-2005,2002.0,2005.0,4.0,15.0,15.0,0.0,478.0,84,84.0,0.0,31.86,689.0,69.37,0.0,5.0,2.0,31.87,0.0,33.33,46.864,2002-2005,2002,2005,3,15,9.0,324.0,321.0,6.0,Feb-55,53.5,5.94,54.0,0.0,0.0,0.4,0.17,0.33,0.0,,,,,,,,,,,,,,,,,True,True,All-rounder
BGK Walker (NZ),2000-2002,2000.0,2002.0,3.0,11.0,7.0,4.0,47.0,16*,16.0,1.0,15.66,79.0,59.49,0.0,0.0,0.0,4.27,0.0,0.0,33.192,2000-2002,2000,2002,2,11,11.0,438.0,417.0,8.0,Feb-43,52.12,5.71,54.7,0.0,0.0,0.73,0.18,0.56,0.0,,,,,,,,,,,,,,,,,True,True,All-rounder
BJ Diamanti (NZ),2009-2009,2009.0,2009.0,1.0,1.0,1.0,1.0,26.0,26*,26.0,1.0,,22.0,118.18,0.0,0.0,0.0,26.0,0.0,0.0,,2009-2009,2009,2009,0,1,1.0,12.0,25.0,0.0,-,,12.5,,0.0,0.0,0.0,0.08,0.02,0.0,,,,,,,,,,,,,,,,,True,True,All-rounder
BJ Haddin (AUS),2001-2015,2001.0,2015.0,15.0,126.0,115.0,16.0,3122.0,110,110.0,0.0,31.53,3706.0,84.24,2.0,16.0,2.0,24.78,1.59,12.7,52.614,2001-2015,2001,2015,14,126,,,,,-,,,,,,,,,,2001-2015,2001.0,2015.0,14.0,126.0,124.0,181.0,170.0,11.0,170.0,0.0,,1.459,1.35,1.44,0.09,True,True,All-rounder
BJ Hodge (AUS),2005-2007,2005.0,2007.0,3.0,25.0,21.0,2.0,575.0,123,123.0,0.0,30.26,657.0,87.51,1.0,3.0,3.0,23.0,4.0,12.0,53.16,2005-2007,2005,2007,2,25,3.0,66.0,51.0,1.0,Jan-17,51.0,4.63,66.0,0.0,0.0,0.04,0.22,0.09,0.0,,,,,,,,,,,,,,,,,True,True,All-rounder
BJ McCarthy (IRE),2016-2019,2016.0,2019.0,4.0,27.0,18.0,4.0,110.0,18,18.0,0.0,7.85,201.0,54.72,0.0,0.0,2.0,4.07,0.0,0.0,26.598,2016-2019,2016,2019,3,27,27.0,1389.0,1360.0,51.0,May-46,26.66,5.87,27.2,2.0,1.0,1.89,0.17,1.37,0.037,,,,,,,,,,,,,,,,,True,True,All-rounder
BJ McKechnie (NZ),1975-1981,1975.0,1981.0,7.0,14.0,8.0,4.0,54.0,27,27.0,0.0,13.5,145.0,37.24,0.0,0.0,1.0,3.86,0.0,0.0,22.996,1975-1981,1975,1981,6,14,14.0,818.0,495.0,19.0,Mar-23,26.05,3.63,43.0,0.0,0.0,1.36,0.28,1.03,0.0,,,,,,,,,,,,,,,,,True,True,All-rounder
BJ Patel (KENYA),2001-2006,2001.0,2006.0,6.0,31.0,25.0,3.0,360.0,44,44.0,0.0,16.36,736.0,48.91,0.0,0.0,4.0,11.61,0.0,0.0,29.38,2001-2006,2001,2006,5,31,8.0,165.0,163.0,4.0,Feb-20,40.75,5.92,41.2,0.0,0.0,0.13,0.17,0.14,0.0,,,,,,,,,,,,,,,,,True,True,All-rounder
BJ Watling (NZ),2010-2018,2010.0,2018.0,9.0,28.0,25.0,2.0,573.0,96*,96.0,1.0,24.91,838.0,68.37,0.0,5.0,3.0,20.46,0.0,17.86,42.294,2010-2018,2010,2018,8,28,,,,,-,,,,,,,,,,,,,,,,,,,,,,,,,,True,True,All-rounder
BKG Mendis (SL),2016-2019,2016.0,2019.0,4.0,73.0,71.0,3.0,1973.0,102,102.0,0.0,29.01,2367.0,83.35,1.0,16.0,10.0,27.03,1.37,21.92,50.746,2016-2019,2016,2019,3,73,2.0,20.0,28.0,0.0,-,,8.4,,0.0,0.0,0.0,0.12,0.04,0.0,,,,,,,,,,,,,,,,,True,True,All-rounder
BKV Prasad (INDIA),1994-2001,1994.0,2001.0,8.0,161.0,63.0,31.0,221.0,19,19.0,0.0,6.9,367.0,60.21,0.0,0.0,8.0,1.37,0.0,0.0,28.224,1994-2001,1994,2001,7,161,160.0,8129.0,6332.0,196.0,May-27,32.3,4.67,41.4,3.0,1.0,1.22,0.21,0.92,0.006,,,,,,,,,,,,,,,,,True,True,All-rounder
BL Cairns (NZ),1974-1985,1974.0,1985.0,12.0,78.0,65.0,6.0,987.0,60,60.0,0.0,16.72,941.0,104.88,0.0,2.0,6.0,12.65,0.0,2.56,51.984,1974-1985,1974,1985,11,78,75.0,4015.0,2717.0,89.0,May-28,30.52,4.06,45.1,2.0,1.0,1.14,0.25,0.87,0.013,,,,,,,,,,,,,,,,,True,True,All-rounder
BL D'Oliveira (ENG),1971-1972,1971.0,1972.0,2.0,4.0,4.0,1.0,30.0,17,17.0,0.0,10.0,43.0,69.76,0.0,0.0,0.0,7.5,0.0,0.0,33.904,1971-1972,1971,1972,1,4,4.0,204.0,140.0,3.0,Jan-19,46.66,4.11,68.0,0.0,0.0,0.75,0.24,0.6,0.0,,,,,,,,,,,,,,,,,True,True,All-rounder
BL Kotze (NAM),2003-2003,2003.0,2003.0,1.0,5.0,4.0,1.0,27.0,24*,24.0,1.0,9.0,51.0,52.94,0.0,0.0,2.0,5.4,0.0,0.0,26.576,2003-2003,2003,2003,0,5,5.0,258.0,276.0,3.0,Feb-51,92.0,6.41,86.0,0.0,0.0,0.6,0.16,0.47,0.0,,,,,,,,,,,,,,,,,True,True,All-rounder
BM Duckett (ENG),2016-2016,2016.0,2016.0,1.0,3.0,3.0,0.0,123.0,63,63.0,0.0,41.0,152.0,80.92,0.0,2.0,1.0,41.0,0.0,66.67,56.968,2016-2016,2016,2016,0,3,,,,,-,,,,,,,,,,,,,,,,,,,,,,,,,,True,True,All-rounder
BM Laird (AUS),1979-1982,1979.0,1982.0,4.0,23.0,23.0,3.0,594.0,117*,117.0,1.0,29.7,1105.0,53.75,1.0,2.0,0.0,25.83,4.35,8.7,39.32,1979-1982,1979,1982,3,23,,,,,-,,,,,,,,,,,,,,,,,,,,,,,,,,True,True,All-rounder
BM Mauricette (CAN),1979-1979,1979.0,1979.0,1.0,3.0,3.0,0.0,20.0,15,15.0,0.0,6.66,68.0,29.41,0.0,0.0,1.0,6.67,0.0,0.0,15.76,1979-1979,1979,1979,0,3,,,,,-,,,,,,,,,,,,,,,,,,,,,,,,,,True,True,All-rounder
BM McMillan (SA),1991-1998,1991.0,1998.0,8.0,78.0,52.0,16.0,841.0,127,127.0,0.0,23.36,1147.0,73.32,1.0,0.0,3.0,10.78,1.28,0.0,43.344,1991-1998,1991,1998,7,78,75.0,3623.0,2589.0,70.0,Apr-32,36.98,4.28,51.7,1.0,0.0,0.9,0.23,0.7,0.0,,,,,,,,,,,,,,,,,True,True,All-rounder
BM Scholtz (NAM),2019-2019,2019.0,2019.0,1.0,5.0,3.0,2.0,7.0,6,6.0,0.0,7.0,21.0,33.33,0.0,0.0,0.0,1.4,0.0,0.0,17.532,2019-2019,2019,2019,0,5,5.0,224.0,131.0,8.0,Apr-27,16.37,3.5,28.0,1.0,0.0,1.6,0.29,1.21,0.0,,,,,,,,,,,,,,,,,True,True,All-rounder
BM Wheeler (NZ),2015-2015,2015.0,2015.0,1.0,6.0,4.0,4.0,58.0,39*,39.0,1.0,,47.0,123.4,0.0,0.0,0.0,9.67,0.0,0.0,,2015-2015,2015,2015,0,6,6.0,309.0,315.0,8.0,Mar-63,39.37,6.11,38.6,0.0,0.0,1.33,0.16,0.98,0.0,,,,,,,,,,,,,,,,,True,True,All-rounder
BMAJ Mendis (SL),2010-2019,2010.0,2019.0,10.0,58.0,44.0,10.0,636.0,72,72.0,0.0,18.7,769.0,82.7,0.0,1.0,2.0,10.97,0.0,1.72,44.3,2010-2019,2010,2019,9,58,49.0,1404.0,1204.0,28.0,Mar-15,43.0,5.14,50.1,0.0,0.0,0.48,0.19,0.4,0.0,,,,,,,,,,,,,,,,,True,True,All-rounder
BMW Patterson (SCOT),1999-1999,1999.0,1999.0,1.0,3.0,3.0,0.0,10.0,10,10.0,0.0,3.33,43.0,23.25,0.0,0.0,2.0,3.33,0.0,0.0,11.298,1999-1999,1999,1999,0,3,,,,,-,,,,,,,,,,,,,,,,,,,,,,,,,,True,True,All-rounder
BN Cooper (NL),2013-2019,2013.0,2019.0,7.0,8.0,6.0,0.0,171.0,74,74.0,0.0,28.5,184.0,92.93,0.0,1.0,0.0,21.38,0.0,12.5,54.272,2013-2019,2013,2019,6,8,,,,,-,,,,,,,,,,,,,,,,,,,,,,,,,,True,True,All-rounder
BN French (ENG),1985-1988,1985.0,1988.0,4.0,13.0,8.0,3.0,34.0,9*,9.0,1.0,6.8,71.0,47.88,0.0,0.0,2.0,2.62,0.0,0.0,23.232,1985-1988,1985,1988,3,13,,,,,-,,,,,,,,,,,,,,,,,,,,,,,,,,True,True,All-rounder
BN Schultz (SA),,,,,,,,,,,,,,,,,,,,,,1992-1992,1992,1992,0,1,1.0,54.0,35.0,1.0,Jan-35,35.0,3.88,54.0,0.0,0.0,1.0,0.26,0.78,0.0,,,,,,,,,,,,,,,,,False,True,Bowler
BO van Rooi (NAM),2003-2003,2003.0,2003.0,1.0,3.0,3.0,2.0,26.0,17,17.0,0.0,26.0,38.0,68.42,0.0,0.0,0.0,8.67,0.0,0.0,42.968,2003-2003,2003,2003,0,3,3.0,120.0,119.0,1.0,Jan-24,119.0,5.95,120.0,0.0,0.0,0.33,0.17,0.28,0.0,,,,,,,,,,,,,,,,,True,True,All-rounder
BOP Fernando (SL),2019-2019,2019.0,2019.0,1.0,6.0,6.0,0.0,128.0,49,49.0,0.0,21.33,203.0,63.05,0.0,0.0,1.0,21.33,0.0,0.0,38.018,2019-2019,2019,2019,0,6,1.0,12.0,16.0,0.0,-,,8.0,,0.0,0.0,0.0,0.13,0.04,0.0,,,,,,,,,,,,,,,,,True,True,All-rounder
BP Bracewell (NZ),1978-1978,1978.0,1978.0,1.0,1.0,1.0,1.0,0.0,0*,0.0,1.0,,4.0,0.0,0.0,0.0,0.0,0.0,0.0,0.0,,1978-1978,1978,1978,0,1,1.0,66.0,41.0,1.0,Jan-41,41.0,3.72,66.0,0.0,0.0,1.0,0.27,0.78,0.0,,,,,,,,,,,,,,,,,True,True,All-rounder
BP Julian (AUS),1993-1999,1993.0,1999.0,7.0,25.0,17.0,0.0,224.0,35,35.0,0.0,13.17,250.0,89.6,0.0,0.0,4.0,8.96,0.0,0.0,43.742,1993-1999,1993,1999,6,25,25.0,1146.0,997.0,22.0,Mar-40,45.31,5.21,52.0,0.0,0.0,0.88,0.19,0.67,0.0,,,,,,,,,,,,,,,,,True,True,All-rounder
BP Kruger (NL),2010-2011,2010.0,2011.0,2.0,5.0,3.0,0.0,32.0,15,15.0,0.0,10.66,50.0,64.0,0.0,0.0,0.0,6.4,0.0,0.0,31.996,2010-2011,2010,2011,1,5,5.0,184.0,131.0,3.0,Mar-21,43.66,4.27,61.3,0.0,0.0,0.6,0.23,0.49,0.0,,,,,,,,,,,,,,,,,True,True,All-rounder
BP Loots (NL),2010-2011,2010.0,2011.0,2.0,7.0,5.0,2.0,16.0,9*,9.0,1.0,5.33,27.0,59.25,0.0,0.0,1.0,2.29,0.0,0.0,26.898,2010-2011,2010,2011,1,7,7.0,280.0,287.0,6.0,Mar-16,47.83,6.15,46.6,0.0,0.0,0.86,0.16,0.65,0.0,,,,,,,,,,,,,,,,,True,True,All-rounder
BP Nash (WI),2008-2009,2008.0,2009.0,2.0,9.0,7.0,3.0,104.0,39*,39.0,1.0,26.0,141.0,73.75,0.0,0.0,0.0,11.56,0.0,0.0,45.1,2008-2009,2008,2009,1,9,6.0,294.0,224.0,5.0,Mar-56,44.8,4.57,58.8,0.0,0.0,0.56,0.22,0.45,0.0,,,,,,,,,,,,,,,,,True,True,All-rounder
BP Patel (INDIA),1974-1979,1974.0,1979.0,6.0,10.0,9.0,1.0,243.0,82,82.0,0.0,30.37,399.0,60.9,0.0,1.0,0.0,24.3,0.0,10.0,42.582,1974-1979,1974,1979,5,10,,,,,-,,,,,,,,,,,,,,,,,,,,,,,,,,True,True,All-rounder
BP Patterson (WI),1986-1993,1986.0,1993.0,8.0,59.0,20.0,15.0,44.0,13*,13.0,1.0,8.8,101.0,43.56,0.0,0.0,1.0,0.75,0.0,0.0,22.704,1986-1993,1986,1993,7,59,58.0,3050.0,2206.0,90.0,Jun-29,24.51,4.33,33.8,1.0,1.0,1.53,0.23,1.14,0.017,,,,,,,,,,,,,,,,,True,True,All-rounder
BR Blair (NZ),1982-1986,1982.0,1986.0,5.0,14.0,14.0,2.0,174.0,29*,29.0,1.0,14.5,253.0,68.77,0.0,0.0,2.0,12.43,0.0,0.0,36.208,1982-1986,1982,1986,4,14,2.0,30.0,34.0,1.0,01-Jul,34.0,6.8,30.0,0.0,0.0,0.07,0.15,0.09,0.0,,,,,,,,,,,,,,,,,True,True,All-rounder
BR Dorey (AUS),2006-2006,2006.0,2006.0,1.0,4.0,1.0,0.0,2.0,2,2.0,0.0,2.0,8.0,25.0,0.0,0.0,0.0,0.5,0.0,0.0,11.2,2006-2006,2006,2006,0,4,4.0,162.0,146.0,2.0,01-Dec,73.0,5.4,81.0,0.0,0.0,0.5,0.19,0.41,0.0,,,,,,,,,,,,,,,,,True,True,All-rounder
BR Hartland (NZ),1992-1994,1992.0,1994.0,3.0,16.0,16.0,1.0,311.0,68*,68.0,1.0,20.73,623.0,49.91,0.0,2.0,1.0,19.44,0.0,12.5,32.402,1992-1994,1992,1994,2,16,,,,,-,,,,,,,,,,,,,,,,,,,,,,,,,,True,True,All-rounder
BR Taylor (NZ),1973-1973,1973.0,1973.0,1.0,2.0,1.0,0.0,22.0,22,22.0,0.0,22.0,42.0,52.38,0.0,0.0,0.0,11.0,0.0,0.0,34.152,1973-1973,1973,1973,0,2,2.0,114.0,62.0,4.0,Mar-25,15.5,3.26,28.5,0.0,0.0,2.0,0.31,1.49,0.0,,,,,,,,,,,,,,,,,True,True,All-rounder
BRM Taylor (ZIM),2004-2019,2004.0,2019.0,16.0,193.0,192.0,15.0,6293.0,145*,145.0,1.0,35.55,8256.0,76.22,10.0,38.0,15.0,32.61,5.18,19.69,51.818,2004-2019,2004,2019,15,193,21.0,396.0,406.0,9.0,Mar-54,45.11,6.15,44.0,0.0,0.0,0.05,0.16,0.08,0.0,2004-2019,2004.0,2019.0,15.0,193.0,193.0,154.0,125.0,29.0,96.0,29.0,,0.797,0.65,0.8,0.15,True,True,All-rounder
BS Bedi (INDIA),1974-1979,1974.0,1979.0,6.0,10.0,7.0,2.0,31.0,13,13.0,0.0,6.2,70.0,44.28,0.0,0.0,1.0,3.1,0.0,0.0,21.432,1974-1979,1974,1979,5,10,10.0,590.0,340.0,7.0,Feb-44,48.57,3.45,84.2,0.0,0.0,0.7,0.29,0.58,0.0,,,,,,,,,,,,,,,,,True,True,All-rounder
BS Browne (WI),1994-1994,1994.0,1994.0,1.0,4.0,3.0,2.0,8.0,8*,8.0,1.0,8.0,24.0,33.33,0.0,0.0,1.0,2.0,0.0,0.0,18.132,1994-1994,1994,1994,0,4,4.0,180.0,156.0,2.0,Feb-50,78.0,5.2,90.0,0.0,0.0,0.5,0.19,0.41,0.0,,,,,,,,,,,,,,,,,True,True,All-rounder
BS Chandrasekhar (INDIA),1976-1976,1976.0,1976.0,1.0,1.0,1.0,1.0,11.0,11*,11.0,1.0,,13.0,84.61,0.0,0.0,0.0,11.0,0.0,0.0,,1976-1976,1976,1976,0,1,1.0,56.0,36.0,3.0,Mar-36,12.0,3.85,18.6,0.0,0.0,3.0,0.26,2.18,0.0,,,,,,,,,,,,,,,,,True,True,All-rounder
BS Sandhu (INDIA),1982-1984,1982.0,1984.0,3.0,22.0,7.0,3.0,51.0,16*,16.0,1.0,12.75,97.0,52.57,0.0,0.0,2.0,2.32,0.0,0.0,28.678,1982-1984,1982,1984,2,22,21.0,1110.0,763.0,16.0,Mar-27,47.68,4.12,69.3,0.0,0.0,0.73,0.24,0.58,0.0,,,,,,,,,,,,,,,,,True,True,All-rounder
BT Foakes (ENG),2019-2019,2019.0,2019.0,1.0,1.0,1.0,1.0,61.0,61*,61.0,1.0,,76.0,80.26,0.0,1.0,0.0,61.0,0.0,100.0,,2019-2019,2019,2019,0,1,,,,,-,,,,,,,,,,,,,,,,,,,,,,,,,,True,True,All-rounder
BTJ Wheal (SCOT),2016-2019,2016.0,2019.0,4.0,13.0,7.0,3.0,16.0,14,14.0,0.0,4.0,31.0,51.61,0.0,0.0,3.0,1.23,0.0,0.0,23.044,2016-2019,2016,2019,3,13,13.0,687.0,508.0,23.0,Mar-34,22.08,4.43,29.8,0.0,0.0,1.77,0.23,1.31,0.0,,,,,,,,,,,,,,,,,True,True,All-rounder
BV Vitori (ZIM),2011-2018,2011.0,2018.0,8.0,24.0,14.0,3.0,86.0,20*,20.0,1.0,7.81,90.0,95.55,0.0,0.0,5.0,3.58,0.0,0.0,42.906,2011-2018,2011,2018,7,24,24.0,1193.0,1149.0,32.0,May-20,35.9,5.77,37.2,0.0,2.0,1.33,0.17,0.99,0.083,,,,,,,,,,,,,,,,,True,True,All-rounder
BW Hilfenhaus (AUS),2007-2012,2007.0,2012.0,6.0,25.0,11.0,8.0,29.0,16,16.0,0.0,9.66,69.0,42.02,0.0,0.0,0.0,1.16,0.0,0.0,22.604,2007-2012,2007,2012,5,25,25.0,1216.0,1075.0,29.0,May-33,37.06,5.3,41.9,0.0,1.0,1.16,0.19,0.87,0.04,,,,,,,,,,,,,,,,,True,True,All-rounder
BW Luckhurst (ENG),1975-1975,1975.0,1975.0,1.0,3.0,3.0,0.0,15.0,14,14.0,0.0,5.0,69.0,21.73,0.0,0.0,1.0,5.0,0.0,0.0,11.692,1975-1975,1975,1975,0,3,,,,,-,,,,,,,,,,,,,,,,,,,,,,,,,,True,True,All-rounder
Babar Azam (PAK),2015-2019,2015.0,2019.0,5.0,74.0,72.0,10.0,3359.0,125*,125.0,1.0,54.17,3857.0,87.08,11.0,15.0,2.0,45.39,14.86,20.27,67.334,2015-2019,2015,2019,4,74,,,,,-,,,,,,,,,,,,,,,,,,,,,,,,,,True,True,All-rounder
Babar Hayat (HKG),2014-2018,2014.0,2018.0,5.0,22.0,22.0,2.0,784.0,89,89.0,0.0,39.2,999.0,78.47,0.0,8.0,3.0,35.64,0.0,36.36,54.908,2014-2018,2014,2018,4,22,1.0,6.0,9.0,0.0,-,,9.0,,0.0,0.0,0.0,0.11,0.03,0.0,,,,,,,,,,,,,,,,,True,True,All-rounder
Basil Hameed (UAE),2019-2019,2019.0,2019.0,1.0,3.0,3.0,1.0,126.0,63*,63.0,1.0,63.0,177.0,71.18,0.0,1.0,0.0,42.0,0.0,33.33,66.272,2019-2019,2019,2019,0,3,1.0,12.0,10.0,1.0,01-Oct,10.0,5.0,12.0,0.0,0.0,0.33,0.2,0.29,0.0,,,,,,,,,,,,,,,,,True,True,All-rounder
Basit Ali (PAK),1993-1996,1993.0,1996.0,4.0,50.0,43.0,6.0,1265.0,127*,127.0,1.0,34.18,1669.0,75.79,1.0,9.0,3.0,25.3,2.0,18.0,50.824,1993-1996,1993,1996,3,50,2.0,30.0,21.0,1.0,Jan-17,21.0,4.2,30.0,0.0,0.0,0.02,0.24,0.09,0.0,,,,,,,,,,,,,,,,,True,True,All-rounder
Bazid Khan (PAK),2004-2008,2004.0,2008.0,5.0,5.0,5.0,0.0,131.0,66,66.0,0.0,26.2,232.0,56.46,0.0,2.0,1.0,26.2,0.0,40.0,38.304,2004-2008,2004,2008,4,5,1.0,12.0,11.0,0.0,-,,5.5,,0.0,0.0,0.0,0.18,0.05,0.0,,,,,,,,,,,,,,,,,True,True,All-rounder
Bhupinder Singh snr (INDIA),1994-1994,1994.0,1994.0,1.0,2.0,1.0,0.0,6.0,6,6.0,0.0,6.0,13.0,46.15,0.0,0.0,0.0,3.0,0.0,0.0,22.06,1994-1994,1994,1994,0,2,2.0,102.0,78.0,3.0,Mar-34,26.0,4.58,34.0,0.0,0.0,1.5,0.22,1.12,0.0,,,,,,,,,,,,,,,,,True,True,All-rounder
Bilal Asif (PAK),2015-2015,2015.0,2015.0,1.0,3.0,3.0,0.0,40.0,38,38.0,0.0,13.33,49.0,81.63,0.0,0.0,1.0,13.33,0.0,0.0,40.65,2015-2015,2015,2015,0,3,3.0,132.0,96.0,5.0,May-25,19.2,4.36,26.4,0.0,1.0,1.67,0.23,1.24,0.333,,,,,,,,,,,,,,,,,True,True,All-rounder
Bilal Khan (OMAN),2019-2019,2019.0,2019.0,1.0,4.0,2.0,1.0,1.0,1*,1.0,1.0,1.0,7.0,14.28,0.0,0.0,1.0,0.25,0.0,0.0,6.312,2019-2019,2019,2019,0,4,4.0,222.0,151.0,4.0,Feb-32,37.75,4.08,55.5,0.0,0.0,1.0,0.25,0.77,0.0,,,,,,,,,,,,,,,,,True,True,All-rounder
Bilawal Bhatti (PAK),2013-2015,2013.0,2015.0,3.0,10.0,7.0,1.0,89.0,39,39.0,0.0,14.83,75.0,118.66,0.0,0.0,1.0,8.9,0.0,0.0,56.362,2013-2015,2013,2015,2,10,10.0,409.0,439.0,6.0,Mar-37,73.16,6.44,68.1,0.0,0.0,0.6,0.16,0.47,0.0,,,,,,,,,,,,,,,,,True,True,All-rounder
C Carter (HKG),2015-2018,2015.0,2018.0,4.0,11.0,9.0,0.0,114.0,43,43.0,0.0,12.66,186.0,61.29,0.0,0.0,0.0,10.36,0.0,0.0,32.112,2015-2018,2015,2018,3,11,,,,,-,,,,,,,,,,,,,,,,,,,,,,,,,,True,True,All-rounder
C Hemraj (WI),2018-2018,2018.0,2018.0,1.0,6.0,6.0,0.0,82.0,32,32.0,0.0,13.66,98.0,83.67,0.0,0.0,0.0,13.67,0.0,0.0,41.664,2018-2018,2018,2018,0,6,1.0,7.0,9.0,0.0,-,,7.71,,0.0,0.0,0.0,0.13,0.04,0.0,,,,,,,,,,,,,,,,,True,True,All-rounder
C Jonker (SA),2018-2018,2018.0,2018.0,1.0,2.0,2.0,0.0,31.0,25,25.0,0.0,15.5,33.0,93.93,0.0,0.0,0.0,15.5,0.0,0.0,46.872,2018-2018,2018,2018,0,2,,,,,-,,,,,,,,,,,,,,,,,,,,,,,,,,True,True,All-rounder
C Kieswetter (ENG),2010-2013,2010.0,2013.0,4.0,46.0,40.0,5.0,1054.0,107,107.0,0.0,30.11,1172.0,89.93,1.0,5.0,4.0,22.91,2.17,10.87,54.038,2010-2013,2010,2013,3,46,,,,,-,,,,,,,,,,,,,,,,,,,,,,,,,,True,True,All-rounder
C McAuslan (HKG),2017-2017,2017.0,2017.0,1.0,2.0,2.0,0.0,35.0,27,27.0,0.0,17.5,72.0,48.61,0.0,0.0,0.0,17.5,0.0,0.0,29.944,2017-2017,2017,2017,0,2,,,,,-,,,,,,,,,,,,,,,,,,,,,,,,,,True,True,All-rounder
C Munro (NZ),2013-2019,2013.0,2019.0,7.0,57.0,53.0,2.0,1271.0,87,87.0,0.0,24.92,1214.0,104.69,0.0,8.0,7.0,22.3,0.0,14.04,56.828,2013-2019,2013,2019,6,57,25.0,552.0,481.0,7.0,02-Oct,68.71,5.22,78.8,0.0,0.0,0.12,0.19,0.14,0.0,,,,,,,,,,,,,,,,,True,True,All-rounder
C Overton (ENG),,,,,,,,,,,,,,,,,,,,,,2018-2018,2018,2018,0,1,1.0,42.0,55.0,0.0,-,,7.85,,0.0,0.0,0.0,0.13,0.04,0.0,,,,,,,,,,,,,,,,,False,True,Bowler
C Pringle (NZ),1990-1995,1990.0,1995.0,6.0,64.0,41.0,19.0,193.0,34*,34.0,1.0,8.77,256.0,75.39,0.0,0.0,3.0,3.02,0.0,0.0,35.418,1990-1995,1990,1995,5,64,64.0,3314.0,2459.0,103.0,May-45,23.87,4.45,32.1,2.0,1.0,1.61,0.22,1.19,0.016,,,,,,,,,,,,,,,,,True,True,All-rounder
C Sharma (INDIA),1983-1994,1983.0,1994.0,12.0,65.0,35.0,16.0,456.0,101*,101.0,1.0,24.0,504.0,90.47,1.0,0.0,3.0,7.02,1.54,0.0,50.588,1983-1994,1983,1994,11,65,63.0,2835.0,2336.0,67.0,Mar-22,34.86,4.94,42.3,0.0,0.0,1.03,0.2,0.78,0.0,,,,,,,,,,,,,,,,,True,True,All-rounder
C Viljoen (NAM),2019-2019,2019.0,2019.0,1.0,2.0,2.0,1.0,19.0,17*,17.0,1.0,19.0,23.0,82.6,0.0,0.0,0.0,9.5,0.0,0.0,44.44,2019-2019,2019,2019,0,2,2.0,30.0,14.0,2.0,02-Jun,7.0,2.8,15.0,0.0,0.0,1.0,0.36,0.81,0.0,,,,,,,,,,,,,,,,,True,True,All-rounder
C White (ENG),1994-2003,1994.0,2003.0,10.0,51.0,41.0,5.0,568.0,57*,57.0,1.0,15.77,928.0,61.2,0.0,1.0,9.0,11.14,0.0,1.96,33.942,1994-2003,1994,2003,9,51,50.0,2364.0,1726.0,65.0,May-21,26.55,4.38,36.3,1.0,1.0,1.27,0.23,0.96,0.02,,,,,,,,,,,,,,,,,True,True,All-rounder
C Zhuwao (ZIM),2008-2018,2008.0,2018.0,11.0,9.0,9.0,0.0,154.0,45,45.0,0.0,17.11,132.0,116.66,0.0,0.0,3.0,17.11,0.0,0.0,56.93,2008-2018,2008,2018,10,9,2.0,19.0,21.0,0.0,-,,6.63,,0.0,0.0,0.0,0.15,0.05,0.0,,,,,,,,,,,,,,,,,True,True,All-rounder
C de Grandhomme (NZ),2012-2019,2012.0,2019.0,8.0,38.0,29.0,6.0,633.0,74*,74.0,1.0,27.52,590.0,107.28,0.0,3.0,2.0,16.66,0.0,7.89,59.424,2012-2019,2012,2019,7,38,38.0,1296.0,1046.0,24.0,Mar-26,43.58,4.84,54.0,0.0,0.0,0.63,0.21,0.5,0.0,,,,,,,,,,,,,,,,,True,True,All-rounder
CA Best (WI),1986-1992,1986.0,1992.0,7.0,24.0,23.0,4.0,473.0,100,100.0,0.0,24.89,690.0,68.55,1.0,2.0,2.0,19.71,4.17,8.33,42.354,1986-1992,1986,1992,6,24,2.0,19.0,12.0,0.0,-,,3.78,,0.0,0.0,0.0,0.26,0.08,0.0,,,,,,,,,,,,,,,,,True,True,All-rounder
CA Ingram (SA),2010-2013,2010.0,2013.0,4.0,31.0,29.0,3.0,843.0,124,124.0,0.0,32.42,1024.0,82.32,3.0,3.0,5.0,27.19,9.68,9.68,52.38,2010-2013,2010,2013,3,31,1.0,6.0,17.0,0.0,-,,17.0,,0.0,0.0,0.0,0.06,0.02,0.0,,,,,,,,,,,,,,,,,True,True,All-rounder
CA Lynn (AUS),2017-2018,2017.0,2018.0,2.0,4.0,4.0,0.0,75.0,44,44.0,0.0,18.75,89.0,84.26,0.0,0.0,1.0,18.75,0.0,0.0,44.954,2017-2018,2017,2018,1,4,,,,,-,,,,,,,,,,,,,,,,,,,,,,,,,,True,True,All-rounder
CA Marshall (CAN),1979-1979,1979.0,1979.0,1.0,2.0,2.0,0.0,10.0,8,8.0,0.0,5.0,41.0,24.39,0.0,0.0,0.0,5.0,0.0,0.0,12.756,1979-1979,1979,1979,0,2,,,,,-,,,,,,,,,,,,,,,,,,,,,,,,,,True,True,All-rounder
CA Pujara (INDIA),2013-2014,2013.0,2014.0,2.0,5.0,5.0,0.0,51.0,27,27.0,0.0,10.2,130.0,39.23,0.0,0.0,2.0,10.2,0.0,0.0,21.812,2013-2014,2013,2014,1,5,,,,,-,,,,,,,,,,,,,,,,,,,,,,,,,,True,True,All-rounder
CA Reid (USA),2004-2004,2004.0,2004.0,1.0,2.0,2.0,0.0,8.0,6,6.0,0.0,4.0,17.0,47.05,0.0,0.0,0.0,4.0,0.0,0.0,21.22,2004-2004,2004,2004,0,2,2.0,78.0,63.0,1.0,Jan-37,63.0,4.84,78.0,0.0,0.0,0.5,0.21,0.41,0.0,,,,,,,,,,,,,,,,,True,True,All-rounder
CA Soper (PNG),2016-2019,2016.0,2019.0,4.0,20.0,19.0,4.0,265.0,39,39.0,0.0,17.66,496.0,53.42,0.0,0.0,1.0,13.25,0.0,0.0,31.964,2016-2019,2016,2019,3,20,20.0,900.0,733.0,25.0,Jun-41,29.32,4.88,36.0,0.0,1.0,1.25,0.2,0.94,0.05,,,,,,,,,,,,,,,,,True,True,All-rounder
CA Walsh (WI),1985-2000,1985.0,2000.0,16.0,205.0,79.0,33.0,321.0,30,30.0,0.0,6.97,451.0,71.17,0.0,0.0,11.0,1.57,0.0,0.0,32.65,1985-2000,1985,2000,15,205,204.0,10822.0,6918.0,227.0,05-Jan,30.47,3.83,47.6,6.0,1.0,1.11,0.26,0.85,0.005,,,,,,,,,,,,,,,,,True,True,All-rounder
CA Young (IRE),2014-2017,2014.0,2017.0,4.0,13.0,6.0,2.0,20.0,11*,11.0,1.0,5.0,32.0,62.5,0.0,0.0,2.0,1.54,0.0,0.0,28.0,2014-2017,2014,2017,3,13,12.0,657.0,563.0,27.0,May-46,20.85,5.14,24.3,0.0,1.0,2.08,0.19,1.51,0.077,,,,,,,,,,,,,,,,,True,True,All-rounder
CAH Stevenson (USA),2019-2019,2019.0,2019.0,1.0,4.0,4.0,1.0,38.0,34*,34.0,1.0,12.66,44.0,86.36,0.0,0.0,1.0,9.5,0.0,0.0,42.14,2019-2019,2019,2019,0,4,4.0,186.0,149.0,9.0,Mar-22,16.55,4.8,20.6,0.0,0.0,2.25,0.21,1.64,0.0,,,,,,,,,,,,,,,,,True,True,All-rounder
CAK Rajitha (SL),2018-2019,2018.0,2019.0,2.0,9.0,3.0,2.0,0.0,0*,0.0,1.0,0.0,10.0,0.0,0.0,0.0,1.0,0.0,0.0,0.0,0.0,2018-2019,2018,2019,1,9,9.0,353.0,379.0,9.0,Feb-17,42.11,6.44,39.2,0.0,0.0,1.0,0.16,0.75,0.0,,,,,,,,,,,,,,,,,True,True,All-rounder
CAK Walton (WI),2009-2017,2009.0,2017.0,9.0,9.0,8.0,0.0,53.0,19,19.0,0.0,6.62,86.0,61.62,0.0,0.0,4.0,5.89,0.0,0.0,28.62,2009-2017,2009,2017,8,9,,,,,-,,,,,,,,,,,,,,,,,,,,,,,,,,True,True,All-rounder
CB Lambert (USA/WI),1990-2004,1990.0,2004.0,15.0,12.0,12.0,0.0,407.0,119,119.0,0.0,33.91,540.0,75.37,1.0,2.0,1.0,33.92,8.33,16.67,50.494,1990-2004,1990,2004,14,12,2.0,72.0,74.0,0.0,-,,6.16,,0.0,0.0,0.0,0.16,0.05,0.0,,,,,,,,,,,,,,,,,True,True,All-rounder
CB Mpofu (ZIM),2004-2019,2004.0,2019.0,16.0,83.0,40.0,20.0,48.0,6,6.0,0.0,2.4,202.0,23.76,0.0,0.0,7.0,0.58,0.0,0.0,10.944,2004-2019,2004,2019,15,83,82.0,3900.0,3513.0,91.0,Jun-52,38.6,5.4,42.8,2.0,1.0,1.1,0.19,0.82,0.012,,,,,,,,,,,,,,,,,True,True,All-rounder
CB Sole (SCOT),2016-2018,2016.0,2018.0,3.0,11.0,5.0,0.0,16.0,7,7.0,0.0,3.2,36.0,44.44,0.0,0.0,0.0,1.45,0.0,0.0,19.696,2016-2018,2016,2018,2,11,11.0,522.0,468.0,18.0,Apr-28,26.0,5.37,29.0,2.0,0.0,1.64,0.19,1.2,0.0,,,,,,,,,,,,,,,,,True,True,All-rounder
CB Wishart (ZIM),1996-2005,1996.0,2005.0,10.0,90.0,82.0,8.0,1719.0,172*,172.0,1.0,23.22,2436.0,70.56,2.0,5.0,8.0,19.1,2.22,5.56,42.156,1996-2005,1996,2005,9,90,1.0,12.0,12.0,0.0,-,,6.0,,0.0,0.0,0.0,0.17,0.05,0.0,,,,,,,,,,,,,,,,,True,True,All-rounder
CBRLS Kumara (SL),2017-2019,2017.0,2019.0,3.0,13.0,6.0,3.0,17.0,7*,7.0,1.0,5.66,45.0,37.77,0.0,0.0,0.0,1.31,0.0,0.0,18.504,2017-2019,2017,2019,2,13,13.0,544.0,623.0,13.0,Feb-26,47.92,6.87,41.8,0.0,0.0,1.0,0.15,0.74,0.0,,,,,,,,,,,,,,,,,True,True,All-rounder
CC Henry (CAN),1979-1979,1979.0,1979.0,1.0,2.0,2.0,1.0,6.0,5,5.0,0.0,6.0,14.0,42.85,0.0,0.0,0.0,3.0,0.0,0.0,20.74,1979-1979,1979,1979,0,2,2.0,90.0,53.0,2.0,Feb-27,26.5,3.53,45.0,0.0,0.0,1.0,0.28,0.78,0.0,,,,,,,,,,,,,,,,,True,True,All-rounder
CC Lewis (ENG),1990-1998,1990.0,1998.0,9.0,53.0,40.0,14.0,374.0,33,33.0,0.0,14.38,459.0,81.48,0.0,0.0,6.0,7.06,0.0,0.0,41.22,1990-1998,1990,1998,8,53,49.0,2625.0,1942.0,66.0,Apr-30,29.42,4.43,39.7,4.0,0.0,1.25,0.23,0.94,0.0,,,,,,,,,,,,,,,,,True,True,All-rounder
CD Collymore (WI),1999-2007,1999.0,2007.0,9.0,84.0,35.0,17.0,104.0,13*,13.0,1.0,5.77,261.0,39.84,0.0,0.0,8.0,1.24,0.0,0.0,19.398,1999-2007,1999,2007,8,84,80.0,4074.0,2924.0,83.0,May-51,35.22,4.3,49.0,1.0,1.0,0.99,0.23,0.76,0.012,,,,,,,,,,,,,,,,,True,True,All-rounder
CD Cumming (NZ),2003-2009,2003.0,2009.0,7.0,13.0,13.0,1.0,161.0,45*,45.0,1.0,13.41,301.0,53.48,0.0,0.0,3.0,12.38,0.0,0.0,29.438,2003-2009,2003,2009,6,13,1.0,18.0,17.0,0.0,-,,5.66,,0.0,0.0,0.0,0.18,0.05,0.0,,,,,,,,,,,,,,,,,True,True,All-rounder
CD McMillan (NZ),1997-2007,1997.0,2007.0,11.0,197.0,183.0,16.0,4707.0,117,117.0,0.0,28.18,6198.0,75.94,3.0,28.0,9.0,23.89,1.52,14.21,47.284,1997-2007,1997,2007,10,197,74.0,1879.0,1717.0,49.0,Mar-20,35.04,5.48,38.3,0.0,0.0,0.25,0.18,0.23,0.0,,,,,,,,,,,,,,,,,True,True,All-rounder
CD Wallace (SCOT),2012-2019,2012.0,2019.0,8.0,28.0,24.0,1.0,482.0,58,58.0,0.0,20.95,527.0,91.46,0.0,4.0,1.0,17.21,0.0,14.29,49.154,2012-2019,2012,2019,7,28,,,,,-,,,,,,,,,,,,,,,,,,,,,,,,,,True,True,All-rounder
CD de Lange (SCOT),2016-2017,2016.0,2017.0,2.0,13.0,10.0,4.0,123.0,26*,26.0,1.0,20.5,200.0,61.5,0.0,0.0,0.0,9.46,0.0,0.0,36.9,2016-2017,2016,2017,1,13,12.0,546.0,371.0,16.0,May-60,23.18,4.07,34.1,0.0,1.0,1.23,0.25,0.94,0.077,,,,,,,,,,,,,,,,,True,True,All-rounder
CE Bulfin (NZ),1999-1999,1999.0,1999.0,1.0,4.0,2.0,1.0,9.0,7*,7.0,1.0,9.0,8.0,112.5,0.0,0.0,0.0,2.25,0.0,0.0,50.4,1999-1999,1999,1999,0,4,3.0,102.0,109.0,0.0,-,,6.41,,0.0,0.0,0.0,0.16,0.05,0.0,,,,,,,,,,,,,,,,,True,True,All-rounder
CE Cuffy (WI),1994-2002,1994.0,2002.0,9.0,41.0,22.0,8.0,62.0,17*,17.0,1.0,4.42,125.0,49.6,0.0,0.0,5.0,1.51,0.0,0.0,22.492,1994-2002,1994,2002,8,41,41.0,2153.0,1436.0,41.0,Apr-24,35.02,4.0,52.5,1.0,0.0,1.0,0.25,0.78,0.0,,,,,,,,,,,,,,,,,True,True,All-rounder
CE Eksteen (SA),1991-1994,1991.0,1994.0,4.0,6.0,2.0,2.0,6.0,6*,6.0,1.0,,25.0,24.0,0.0,0.0,0.0,1.0,0.0,0.0,,1991-1994,1991,1994,3,6,6.0,222.0,181.0,2.0,Jan-26,90.5,4.89,111.0,0.0,0.0,0.33,0.2,0.29,0.0,,,,,,,,,,,,,,,,,True,True,All-rounder
CEB Rice (SA),1991-1991,1991.0,1991.0,1.0,3.0,2.0,0.0,26.0,14,14.0,0.0,13.0,37.0,70.27,0.0,0.0,0.0,8.67,0.0,0.0,35.908,1991-1991,1991,1991,0,3,3.0,138.0,114.0,2.0,Jan-46,57.0,4.95,69.0,0.0,0.0,0.67,0.2,0.53,0.0,,,,,,,,,,,,,,,,,True,True,All-rounder
CEH Croft (WI),1977-1981,1977.0,1981.0,5.0,19.0,6.0,4.0,18.0,8,8.0,0.0,9.0,38.0,47.36,0.0,0.0,0.0,0.95,0.0,0.0,24.344,1977-1981,1977,1981,4,19,19.0,1070.0,620.0,30.0,Jun-15,20.66,3.47,35.6,0.0,1.0,1.58,0.29,1.19,0.053,,,,,,,,,,,,,,,,,True,True,All-rounder
CEL Ambrose (WI),1988-2000,1988.0,2000.0,13.0,176.0,96.0,36.0,639.0,31*,31.0,1.0,10.65,985.0,64.87,0.0,0.0,13.0,3.63,0.0,0.0,32.338,1988-2000,1988,2000,12,176,175.0,9353.0,5429.0,225.0,May-17,24.12,3.48,41.5,6.0,4.0,1.28,0.29,0.98,0.023,,,,,,,,,,,,,,,,,True,True,All-rounder
CEL Stuart (WI),2001-2001,2001.0,2001.0,1.0,5.0,1.0,1.0,3.0,3*,3.0,1.0,,13.0,23.07,0.0,0.0,0.0,0.6,0.0,0.0,,2001-2001,2001,2001,0,5,5.0,258.0,205.0,8.0,May-44,25.62,4.76,32.2,0.0,1.0,1.6,0.21,1.18,0.2,,,,,,,,,,,,,,,,,True,True,All-rounder
CEW Silverwood (ENG),1996-2001,1996.0,2001.0,6.0,7.0,4.0,0.0,17.0,12,12.0,0.0,4.25,34.0,50.0,0.0,0.0,1.0,2.43,0.0,0.0,22.55,1996-2001,1996,2001,5,7,7.0,306.0,244.0,6.0,Mar-43,40.66,4.78,51.0,0.0,0.0,0.86,0.21,0.66,0.0,,,,,,,,,,,,,,,,,True,True,All-rounder
CG Greenidge (WI),1975-1991,1975.0,1991.0,17.0,128.0,127.0,13.0,5134.0,133*,133.0,1.0,45.03,7908.0,64.92,11.0,31.0,3.0,40.11,8.59,24.22,52.986,1975-1991,1975,1991,16,128,2.0,60.0,45.0,1.0,Jan-21,45.0,4.5,60.0,0.0,0.0,0.01,0.22,0.07,0.0,,,,,,,,,,,,,,,,,True,True,All-rounder
CG Rackemann (AUS),1983-1991,1983.0,1991.0,9.0,52.0,18.0,6.0,34.0,9*,9.0,1.0,2.83,77.0,44.15,0.0,0.0,6.0,0.65,0.0,0.0,19.358,1983-1991,1983,1991,8,52,52.0,2791.0,1833.0,82.0,May-16,22.35,3.94,34.0,3.0,1.0,1.58,0.25,1.18,0.019,,,,,,,,,,,,,,,,,True,True,All-rounder
CG Williams (NAM),2019-2019,2019.0,2019.0,1.0,5.0,5.0,1.0,109.0,36*,36.0,1.0,27.25,181.0,60.22,0.0,0.0,0.0,21.8,0.0,0.0,40.438,2019-2019,2019,2019,0,5,4.0,126.0,91.0,1.0,Jan-37,91.0,4.33,126.0,0.0,0.0,0.2,0.23,0.21,0.0,,,,,,,,,,,,,,,,,True,True,All-rounder
CH Gayle (ICC/WI),1999-2019,1999.0,2019.0,21.0,301.0,294.0,17.0,10480.0,215,215.0,0.0,37.83,12019.0,87.19,25.0,54.0,25.0,34.82,8.31,17.94,57.574,1999-2019,1999,2019,20,301,199.0,7424.0,5926.0,167.0,May-46,35.48,4.78,44.4,3.0,1.0,0.55,0.21,0.45,0.003,1999-2019,1999.0,2019.0,20.0,301.0,294.0,124.0,124.0,0.0,0.0,124.0,,0.421,0.41,0.41,0.0,True,True,All-rounder
CH Lloyd (WI),1973-1985,1973.0,1985.0,13.0,87.0,69.0,19.0,1977.0,102,102.0,0.0,39.54,2434.0,81.22,1.0,11.0,1.0,22.72,1.15,12.64,56.212,1973-1985,1973,1985,12,87,10.0,358.0,210.0,8.0,02-Apr,26.25,3.51,44.7,0.0,0.0,0.09,0.28,0.15,0.0,,,,,,,,,,,,,,,,,True,True,All-rounder
CH Lonsdale (BMUDA),2007-2007,2007.0,2007.0,1.0,1.0,1.0,0.0,4.0,4,4.0,0.0,4.0,28.0,14.28,0.0,0.0,0.0,4.0,0.0,0.0,8.112,2007-2007,2007,2007,0,1,1.0,12.0,19.0,0.0,-,,9.5,,0.0,0.0,0.0,0.11,0.03,0.0,,,,,,,,,,,,,,,,,True,True,All-rounder
CH Morris (SA),2013-2019,2013.0,2019.0,7.0,42.0,27.0,4.0,467.0,62,62.0,0.0,20.3,465.0,100.43,0.0,1.0,0.0,11.12,0.0,2.38,52.352,2013-2019,2013,2019,6,42,40.0,1894.0,1756.0,48.0,Apr-31,36.58,5.56,39.4,2.0,0.0,1.14,0.18,0.85,0.0,,,,,,,,,,,,,,,,,True,True,All-rounder
CI Dunusinghe (SL),1995-1995,1995.0,1995.0,1.0,1.0,1.0,0.0,1.0,1,1.0,0.0,1.0,1.0,100.0,0.0,0.0,0.0,1.0,0.0,0.0,40.6,1995-1995,1995,1995,0,1,,,,,-,,,,,,,,,,,,,,,,,,,,,,,,,,True,True,All-rounder
CJ Adams (ENG),1998-2000,1998.0,2000.0,3.0,5.0,4.0,0.0,71.0,42,42.0,0.0,17.75,144.0,49.3,0.0,0.0,0.0,14.2,0.0,0.0,30.37,1998-2000,1998,2000,2,5,,,,,-,,,,,,,,,,,,,,,,,,,,,,,,,,True,True,All-rounder
CJ Anderson (NZ),2013-2017,2013.0,2017.0,5.0,49.0,45.0,5.0,1109.0,131*,131.0,1.0,27.72,1020.0,108.72,1.0,4.0,4.0,22.63,2.04,8.16,60.12,2013-2017,2013,2017,4,49,43.0,1485.0,1502.0,60.0,May-63,25.03,6.06,24.7,2.0,1.0,1.22,0.17,0.91,0.02,,,,,,,,,,,,,,,,,True,True,All-rounder
CJ Chibhabha (ZIM),2005-2018,2005.0,2018.0,14.0,103.0,103.0,2.0,2389.0,99,99.0,0.0,23.65,3784.0,63.13,0.0,16.0,7.0,23.19,0.0,15.53,39.442,2005-2018,2005,2018,13,103,58.0,1667.0,1615.0,35.0,Apr-25,46.14,5.81,47.6,1.0,0.0,0.34,0.17,0.29,0.0,,,,,,,,,,,,,,,,,True,True,All-rounder
CJ Dala (SA),2018-2018,2018.0,2018.0,1.0,2.0,2.0,1.0,8.0,5,5.0,0.0,8.0,6.0,133.33,0.0,0.0,0.0,4.0,0.0,0.0,58.132,2018-2018,2018,2018,0,2,2.0,102.0,121.0,1.0,Jan-57,121.0,7.11,102.0,0.0,0.0,0.5,0.14,0.39,0.0,,,,,,,,,,,,,,,,,True,True,All-rounder
CJ Drum (NZ),1999-1999,1999.0,1999.0,1.0,5.0,2.0,2.0,9.0,7*,7.0,1.0,,22.0,40.9,0.0,0.0,0.0,1.8,0.0,0.0,,1999-1999,1999,1999,0,5,5.0,216.0,261.0,4.0,Feb-31,65.25,7.25,54.0,0.0,0.0,0.8,0.14,0.6,0.0,,,,,,,,,,,,,,,,,True,True,All-rounder
CJ Ferguson (AUS),2009-2011,2009.0,2011.0,3.0,30.0,25.0,9.0,663.0,71*,71.0,1.0,41.43,777.0,85.32,0.0,5.0,0.0,22.1,0.0,16.67,58.986,2009-2011,2009,2011,2,30,,,,,-,,,,,,,,,,,,,,,,,,,,,,,,,,True,True,All-rounder
CJ Jordan (ENG),2013-2016,2013.0,2016.0,4.0,31.0,21.0,7.0,169.0,38*,38.0,1.0,12.07,188.0,89.89,0.0,0.0,3.0,5.45,0.0,0.0,43.198,2013-2016,2013,2016,3,31,31.0,1532.0,1521.0,43.0,May-29,35.37,5.95,35.6,0.0,1.0,1.39,0.17,1.02,0.032,,,,,,,,,,,,,,,,,True,True,All-rounder
CJ McDermott (AUS),1985-1996,1985.0,1996.0,12.0,138.0,78.0,17.0,432.0,37,37.0,0.0,7.08,492.0,87.8,0.0,0.0,15.0,3.13,0.0,0.0,39.368,1985-1996,1985,1996,11,138,138.0,7461.0,5018.0,203.0,May-44,24.71,4.03,36.7,4.0,1.0,1.47,0.25,1.1,0.007,,,,,,,,,,,,,,,,,True,True,All-rounder
CJ McKay (AUS),2009-2014,2009.0,2014.0,6.0,59.0,31.0,10.0,190.0,30,30.0,0.0,9.04,337.0,56.37,0.0,0.0,3.0,3.22,0.0,0.0,27.972,2009-2014,2009,2014,5,59,59.0,2965.0,2364.0,97.0,May-28,24.37,4.78,30.5,4.0,2.0,1.64,0.21,1.21,0.034,,,,,,,,,,,,,,,,,True,True,All-rounder
CJ Nevin (NZ),2000-2003,2000.0,2003.0,4.0,37.0,36.0,0.0,732.0,74,74.0,0.0,20.33,1000.0,73.2,0.0,4.0,4.0,19.78,0.0,10.81,41.478,2000-2003,2000,2003,3,37,,,,,-,,,,,,,,,,,,,,,,,,,,,,,,,,True,True,All-rounder
CJ Richards (ENG),1981-1988,1981.0,1988.0,8.0,22.0,16.0,3.0,154.0,50,50.0,0.0,11.84,264.0,58.33,0.0,1.0,3.0,7.0,0.0,4.55,30.436,1981-1988,1981,1988,7,22,,,,,-,,,,,,,,,,,,,,,,,,,,,,,,,,True,True,All-rounder
CJ Smith (BMUDA),2006-2007,2006.0,2007.0,2.0,12.0,12.0,0.0,192.0,52,52.0,0.0,16.0,245.0,78.36,0.0,1.0,3.0,16.0,0.0,8.33,40.944,2006-2007,2006,2007,1,12,,,,,-,,,,,,,,,,,,,,,,,,,,,,,,,,True,True,All-rounder
CJ Tavare (ENG),1980-1984,1980.0,1984.0,5.0,29.0,28.0,2.0,720.0,83*,83.0,1.0,27.69,1471.0,48.94,0.0,4.0,1.0,24.83,0.0,13.79,36.19,1980-1984,1980,1984,4,29,1.0,12.0,3.0,0.0,-,,1.5,,0.0,0.0,0.0,0.67,0.2,0.0,,,,,,,,,,,,,,,,,True,True,All-rounder
CJA Amini (PNG),2014-2019,2014.0,2019.0,6.0,15.0,15.0,1.0,296.0,61*,61.0,1.0,21.14,430.0,68.83,0.0,2.0,1.0,19.73,0.0,13.33,40.216,2014-2019,2014,2019,5,15,15.0,732.0,560.0,15.0,Apr-27,37.33,4.59,48.8,1.0,0.0,1.0,0.22,0.77,0.0,,,,,,,,,,,,,,,,,True,True,All-rounder
CJD Chappell (CAN),1979-1979,1979.0,1979.0,1.0,3.0,3.0,0.0,38.0,19,19.0,0.0,12.66,143.0,26.57,0.0,0.0,0.0,12.67,0.0,0.0,18.224,1979-1979,1979,1979,0,3,,,,,-,,,,,,,,,,,,,,,,,,,,,,,,,,True,True,All-rounder
CJO Smith (SCOT),2006-2009,2006.0,2009.0,4.0,27.0,26.0,4.0,432.0,59,59.0,0.0,19.63,640.0,67.5,0.0,2.0,3.0,16.0,0.0,7.41,38.778,2006-2009,2006,2009,3,27,,,,,-,,,,,,,,,,,,,,,,,,,,,,,,,,True,True,All-rounder
CJPG van Zyl (SA),1992-1992,1992.0,1992.0,1.0,2.0,2.0,1.0,3.0,3*,3.0,1.0,3.0,11.0,27.27,0.0,0.0,1.0,1.5,0.0,0.0,12.708,1992-1992,1992,1992,0,2,2.0,108.0,93.0,0.0,-,,5.16,,0.0,0.0,0.0,0.19,0.06,0.0,,,,,,,,,,,,,,,,,True,True,All-rounder
CK Coventry (ZIM),2003-2015,2003.0,2015.0,13.0,39.0,35.0,1.0,831.0,194*,194.0,1.0,24.44,937.0,88.68,1.0,3.0,5.0,21.31,2.56,7.69,50.136,2003-2015,2003,2015,12,39,,,,,-,,,,,,,,,,,,,,,,,,,,,,,,,,True,True,All-rounder
CK Hooper (CAN),2007-2010,2007.0,2010.0,4.0,5.0,5.0,2.0,49.0,27,27.0,0.0,16.33,60.0,81.66,0.0,0.0,1.0,9.8,0.0,0.0,42.462,2007-2010,2007,2010,3,5,5.0,169.0,181.0,3.0,Jan-17,60.33,6.42,56.3,0.0,0.0,0.6,0.16,0.47,0.0,,,,,,,,,,,,,,,,,True,True,All-rounder
CK Kapugedera (SL),2006-2017,2006.0,2017.0,12.0,102.0,84.0,7.0,1624.0,95,95.0,0.0,21.09,2254.0,72.04,0.0,8.0,7.0,15.92,0.0,7.84,41.47,2006-2017,2006,2017,11,102,10.0,264.0,225.0,2.0,Jan-24,112.5,5.11,132.0,0.0,0.0,0.02,0.2,0.07,0.0,,,,,,,,,,,,,,,,,True,True,All-rounder
CK Kruger (HKG),2008-2008,2008.0,2008.0,1.0,2.0,2.0,0.0,3.0,3,3.0,0.0,1.5,20.0,15.0,0.0,0.0,1.0,1.5,0.0,0.0,6.9,2008-2008,2008,2008,0,2,,,,,-,,,,,,,,,,,,,,,,,,,,,,,,,,True,True,All-rounder
CK Langeveldt (SA),2001-2010,2001.0,2010.0,10.0,72.0,21.0,10.0,73.0,12,12.0,0.0,6.63,124.0,58.87,0.0,0.0,1.0,1.01,0.0,0.0,27.526,2001-2010,2001,2010,9,72,71.0,3489.0,2962.0,100.0,May-39,29.62,5.09,34.8,1.0,2.0,1.39,0.2,1.03,0.028,,,,,,,,,,,,,,,,,True,True,All-rounder
CKB Kulasekara (SL),2011-2012,2011.0,2012.0,2.0,4.0,3.0,0.0,38.0,19,19.0,0.0,12.66,72.0,52.77,0.0,0.0,1.0,9.5,0.0,0.0,28.704,2011-2012,2011,2012,1,4,4.0,78.0,80.0,0.0,-,,6.15,,0.0,0.0,0.0,0.16,0.05,0.0,,,,,,,,,,,,,,,,,True,True,All-rounder
CL Cairns (ICC/NZ),1991-2006,1991.0,2006.0,16.0,215.0,193.0,25.0,4950.0,115,115.0,0.0,29.46,5874.0,84.26,4.0,26.0,9.0,23.02,1.86,12.09,51.38,1991-2006,1991,2006,15,215,186.0,8168.0,6594.0,201.0,May-42,32.8,4.84,40.6,3.0,1.0,0.93,0.21,0.72,0.005,,,,,,,,,,,,,,,,,True,True,All-rounder
CL Hooper (WI),1987-2003,1987.0,2003.0,17.0,227.0,206.0,43.0,5761.0,113*,113.0,1.0,35.34,7517.0,76.63,7.0,29.0,7.0,25.38,3.08,12.78,51.856,1987-2003,1987,2003,16,227,203.0,9573.0,6958.0,193.0,Apr-34,36.05,4.36,49.6,3.0,0.0,0.85,0.23,0.66,0.0,1987-2003,1987.0,2003.0,16.0,227.0,225.0,120.0,120.0,0.0,0.0,120.0,,0.5329999999999999,0.53,0.53,0.0,True,True,All-rounder
CL King (WI),1976-1980,1976.0,1980.0,5.0,18.0,14.0,2.0,280.0,86,86.0,0.0,23.33,267.0,104.86,0.0,1.0,2.0,15.56,0.0,5.56,55.942,1976-1980,1976,1980,4,18,15.0,744.0,529.0,11.0,Apr-23,48.09,4.26,67.6,1.0,0.0,0.61,0.23,0.5,0.0,,,,,,,,,,,,,,,,,True,True,All-rounder
CL Smith (ENG),1984-1984,1984.0,1984.0,1.0,4.0,4.0,0.0,109.0,70,70.0,0.0,27.25,240.0,45.41,0.0,1.0,0.0,27.25,0.0,25.0,34.514,1984-1984,1984,1984,0,4,2.0,36.0,28.0,2.0,02-Aug,14.0,4.66,18.0,0.0,0.0,0.5,0.21,0.41,0.0,,,,,,,,,,,,,,,,,True,True,All-rounder
CL White (AUS),2005-2018,2005.0,2018.0,14.0,91.0,77.0,16.0,2072.0,105,105.0,0.0,33.96,2586.0,80.12,2.0,11.0,4.0,22.77,2.2,12.09,52.424,2005-2018,2005,2018,13,91,19.0,331.0,351.0,12.0,03-May,29.25,6.36,27.5,0.0,0.0,0.13,0.16,0.14,0.0,,,,,,,,,,,,,,,,,True,True,All-rounder
CM Kuggeleijn (NZ),1988-1989,1988.0,1989.0,2.0,16.0,11.0,2.0,142.0,40,40.0,0.0,15.77,223.0,63.67,0.0,0.0,1.0,8.88,0.0,0.0,34.93,1988-1989,1988,1989,1,16,16.0,817.0,604.0,12.0,Feb-31,50.33,4.43,68.0,0.0,0.0,0.75,0.23,0.59,0.0,,,,,,,,,,,,,,,,,True,True,All-rounder
CM Old (ENG),1973-1981,1973.0,1981.0,9.0,32.0,25.0,7.0,338.0,51*,51.0,1.0,18.77,401.0,84.28,0.0,1.0,4.0,10.56,0.0,3.13,44.974,1973-1981,1973,1981,8,32,31.0,1755.0,999.0,45.0,04-Aug,22.2,3.41,39.0,2.0,0.0,1.41,0.29,1.07,0.0,,,,,,,,,,,,,,,,,True,True,All-rounder
CM Spearman (NZ),1995-2001,1995.0,2001.0,7.0,51.0,50.0,0.0,936.0,86,86.0,0.0,18.72,1202.0,77.87,0.0,5.0,6.0,18.35,0.0,9.8,42.38,1995-2001,1995,2001,6,51,1.0,3.0,6.0,0.0,-,,12.0,,0.0,0.0,0.0,0.08,0.03,0.0,,,,,,,,,,,,,,,,,True,True,All-rounder
CM Tuckett (WI),,,,,,,,,,,,,,,,,,,,,,1998-1998,1998,1998,0,1,1.0,48.0,41.0,2.0,Feb-41,20.5,5.12,24.0,0.0,0.0,2.0,0.2,1.46,0.0,,,,,,,,,,,,,,,,,False,True,Bowler
CM Wells (ENG),1985-1985,1985.0,1985.0,1.0,2.0,2.0,0.0,22.0,17,17.0,0.0,11.0,44.0,50.0,0.0,0.0,0.0,11.0,0.0,0.0,26.6,1985-1985,1985,1985,0,2,,,,,-,,,,,,,,,,,,,,,,,,,,,,,,,,True,True,All-rounder
CM Willoughby (SA),2000-2003,2000.0,2003.0,4.0,3.0,2.0,0.0,0.0,0,0.0,0.0,0.0,4.0,0.0,0.0,0.0,2.0,0.0,0.0,0.0,0.0,2000-2003,2000,2003,3,3,3.0,168.0,148.0,2.0,Feb-39,74.0,5.28,84.0,0.0,0.0,0.67,0.19,0.52,0.0,,,,,,,,,,,,,,,,,True,True,All-rounder
CM Wright (SCOT),2006-2009,2006.0,2009.0,4.0,20.0,18.0,3.0,240.0,37,37.0,0.0,16.0,351.0,68.37,0.0,0.0,2.0,12.0,0.0,0.0,36.948,2006-2009,2006,2009,3,20,19.0,861.0,663.0,29.0,Apr-29,22.86,4.62,29.6,1.0,0.0,1.45,0.22,1.08,0.0,,,,,,,,,,,,,,,,,True,True,All-rounder
CMW Read (ENG),2000-2006,2000.0,2006.0,7.0,36.0,24.0,7.0,300.0,30*,30.0,1.0,17.64,410.0,73.17,0.0,0.0,4.0,8.33,0.0,0.0,39.852,2000-2006,2000,2006,6,36,,,,,-,,,,,,,,,,,,,,,,,,,,,,,,,,True,True,All-rounder
CN Evans (ZIM),1992-2002,1992.0,2002.0,11.0,53.0,47.0,5.0,764.0,96*,96.0,1.0,18.19,1006.0,75.94,0.0,2.0,3.0,14.42,0.0,3.77,41.29,1992-2002,1992,2002,10,53,34.0,964.0,848.0,21.0,03-Nov,40.38,5.27,45.9,0.0,0.0,0.4,0.19,0.33,0.0,,,,,,,,,,,,,,,,,True,True,All-rounder
CO Browne (WI),1995-2005,1995.0,2005.0,11.0,46.0,32.0,8.0,415.0,46*,46.0,1.0,17.29,590.0,70.33,0.0,0.0,3.0,9.02,0.0,0.0,38.506,1995-2005,1995,2005,10,46,,,,,-,,,,,,,,,,,,,,,,,,,,,,,,,,True,True,All-rounder
CO Obuya (KENYA),2001-2014,2001.0,2014.0,14.0,104.0,89.0,9.0,2044.0,98*,98.0,1.0,25.55,2981.0,68.56,0.0,11.0,6.0,19.65,0.0,10.58,42.754,2001-2014,2001,2014,13,104,49.0,1818.0,1637.0,35.0,May-24,46.77,5.4,51.9,0.0,1.0,0.34,0.19,0.29,0.01,,,,,,,,,,,,,,,,,True,True,All-rounder
CP Rizwan (UAE),2019-2019,2019.0,2019.0,1.0,7.0,6.0,0.0,168.0,47,47.0,0.0,28.0,325.0,51.69,0.0,0.0,1.0,24.0,0.0,0.0,37.476,2019-2019,2019,2019,0,7,1.0,4.0,10.0,0.0,-,,15.0,,0.0,0.0,0.0,0.07,0.02,0.0,,,,,,,,,,,,,,,,,True,True,All-rounder
CP Senanayake (SL),1990-1991,1990.0,1991.0,2.0,7.0,7.0,0.0,126.0,27,27.0,0.0,18.0,211.0,59.71,0.0,0.0,1.0,18.0,0.0,0.0,34.684,1990-1991,1990,1991,1,7,,,,,-,,,,,,,,,,,,,,,,,,,,,,,,,,True,True,All-rounder
CP Tremain (AUS),2016-2016,2016.0,2016.0,1.0,4.0,3.0,2.0,23.0,23*,23.0,1.0,23.0,37.0,62.16,0.0,0.0,1.0,5.75,0.0,0.0,38.664,2016-2016,2016,2016,0,4,4.0,240.0,255.0,7.0,Mar-64,36.42,6.37,34.2,0.0,0.0,1.75,0.16,1.27,0.0,,,,,,,,,,,,,,,,,True,True,All-rounder
CPH Ramanayake (SL),1986-1995,1986.0,1995.0,10.0,62.0,35.0,14.0,210.0,26,26.0,0.0,10.0,374.0,56.14,0.0,0.0,7.0,3.39,0.0,0.0,28.456,1986-1995,1986,1995,9,62,62.0,2864.0,2049.0,68.0,Apr-17,30.13,4.29,42.1,1.0,0.0,1.1,0.23,0.84,0.0,,,,,,,,,,,,,,,,,True,True,All-rounder
CPS Chauhan (INDIA),1978-1981,1978.0,1981.0,4.0,7.0,7.0,0.0,153.0,46,46.0,0.0,21.85,301.0,50.83,0.0,0.0,0.0,21.86,0.0,0.0,33.442,1978-1981,1978,1981,3,7,,,,,-,,,,,,,,,,,,,,,,,,,,,,,,,,True,True,All-rounder
CR Amini (PNG),2014-2014,2014.0,2014.0,1.0,2.0,1.0,1.0,3.0,3*,3.0,1.0,,3.0,100.0,0.0,0.0,0.0,1.5,0.0,0.0,,2014-2014,2014,2014,0,2,2.0,108.0,79.0,3.0,Feb-33,26.33,4.38,36.0,0.0,0.0,1.5,0.23,1.12,0.0,,,,,,,,,,,,,,,,,True,True,All-rounder
CR Brathwaite (WI),2011-2019,2011.0,2019.0,9.0,44.0,37.0,3.0,559.0,101,101.0,0.0,16.44,614.0,91.04,1.0,1.0,2.0,12.7,2.27,2.27,46.28,2011-2019,2011,2019,8,44,40.0,1825.0,1766.0,43.0,May-27,41.06,5.8,42.4,2.0,1.0,0.98,0.17,0.74,0.023,,,,,,,,,,,,,,,,,True,True,All-rounder
CR Ervine (ZIM),2010-2019,2010.0,2019.0,10.0,93.0,90.0,11.0,2571.0,130*,130.0,1.0,32.54,3406.0,75.48,3.0,15.0,7.0,27.65,3.23,16.13,49.716,2010-2019,2010,2019,9,93,,,,,-,,,,,,,,,,,,,,,,,,,,,,,,,,True,True,All-rounder
CR Foggo (BMUDA),2008-2008,2008.0,2008.0,1.0,4.0,4.0,0.0,106.0,60,60.0,0.0,26.5,174.0,60.91,0.0,1.0,0.0,26.5,0.0,25.0,40.264,2008-2008,2008,2008,0,4,1.0,1.0,2.0,0.0,-,,12.0,,0.0,0.0,0.0,0.08,0.03,0.0,,,,,,,,,,,,,,,,,True,True,All-rounder
CR Matthews (SA),1991-1997,1991.0,1997.0,7.0,56.0,22.0,9.0,141.0,26,26.0,0.0,10.84,202.0,69.8,0.0,0.0,3.0,2.52,0.0,0.0,34.424,1991-1997,1991,1997,6,56,55.0,3003.0,1975.0,79.0,04-Oct,25.0,3.94,38.0,3.0,0.0,1.41,0.25,1.06,0.0,,,,,,,,,,,,,,,,,True,True,All-rounder
CR Woakes (ENG),2011-2019,2011.0,2019.0,9.0,99.0,68.0,20.0,1186.0,95*,95.0,1.0,24.7,1316.0,90.12,0.0,4.0,6.0,11.98,0.0,4.04,50.868,2011-2019,2011,2019,8,99,95.0,4638.0,4327.0,142.0,Jun-45,30.47,5.59,32.6,9.0,3.0,1.43,0.18,1.06,0.03,,,,,,,,,,,,,,,,,True,True,All-rounder
CRD Fernando (Asia/SL),2001-2012,2001.0,2012.0,12.0,147.0,61.0,35.0,239.0,20,20.0,0.0,9.19,392.0,60.96,0.0,0.0,9.0,1.63,0.0,0.0,29.898,2001-2012,2001,2012,11,147,141.0,6507.0,5648.0,187.0,Jun-27,30.2,5.2,34.7,3.0,1.0,1.27,0.19,0.95,0.007,,,,,,,,,,,,,,,,,True,True,All-rounder
CRM Douglas (BMUDA),2008-2008,2008.0,2008.0,1.0,2.0,2.0,0.0,122.0,69,69.0,0.0,61.0,218.0,55.96,0.0,2.0,0.0,61.0,0.0,100.0,58.984,2008-2008,2008,2008,0,2,,,,,-,,,,,,,,,,,,,,,,,,,,,,,,,,True,True,All-rounder
CS Baugh (WI),2003-2012,2003.0,2012.0,10.0,47.0,35.0,11.0,482.0,49,49.0,0.0,20.08,719.0,67.03,0.0,0.0,2.0,10.26,0.0,0.0,38.86,2003-2012,2003,2012,9,47,,,,,-,,,,,,,,,,,,,,,,,,,,,,,,,,True,True,All-rounder
CS Cowdrey (ENG),1985-1985,1985.0,1985.0,1.0,3.0,3.0,1.0,51.0,46*,46.0,1.0,25.5,46.0,110.86,0.0,0.0,1.0,17.0,0.0,0.0,59.644,1985-1985,1985,1985,0,3,2.0,52.0,55.0,2.0,01-Mar,27.5,6.34,26.0,0.0,0.0,0.67,0.16,0.51,0.0,,,,,,,,,,,,,,,,,True,True,All-rounder
CS MacLeod (SCOT),2008-2019,2008.0,2019.0,12.0,66.0,64.0,6.0,2175.0,175,175.0,0.0,37.5,2623.0,82.92,8.0,8.0,8.0,32.95,12.12,12.12,55.668,2008-2019,2008,2019,11,66,31.0,770.0,694.0,9.0,Feb-26,77.11,5.4,85.5,0.0,0.0,0.14,0.19,0.15,0.0,,,,,,,,,,,,,,,,,True,True,All-rounder
CS Martin (NZ),2001-2008,2001.0,2008.0,8.0,20.0,7.0,2.0,8.0,3,3.0,0.0,1.6,27.0,29.62,0.0,0.0,2.0,0.4,0.0,0.0,12.808,2001-2008,2001,2008,7,20,19.0,948.0,804.0,18.0,Mar-62,44.66,5.08,52.6,0.0,0.0,0.9,0.2,0.69,0.0,,,,,,,,,,,,,,,,,True,True,All-rounder
CS Pandit (INDIA),1986-1992,1986.0,1992.0,7.0,36.0,23.0,9.0,290.0,33*,33.0,1.0,20.71,400.0,72.5,0.0,0.0,2.0,8.06,0.0,0.0,41.426,1986-1992,1986,1992,6,36,,,,,-,,,,,,,,,,,,,,,,,,,,,,,,,,True,True,All-rounder
CS Serjeant (AUS),1977-1978,1977.0,1978.0,2.0,3.0,3.0,0.0,73.0,46,46.0,0.0,24.33,158.0,46.2,0.0,0.0,0.0,24.33,0.0,0.0,33.078,1977-1978,1977,1978,1,3,,,,,-,,,,,,,,,,,,,,,,,,,,,,,,,,True,True,All-rounder
CT Mumba (ZIM),2016-2017,2016.0,2017.0,2.0,2.0,2.0,1.0,3.0,2*,2.0,1.0,3.0,7.0,42.85,0.0,0.0,0.0,1.5,0.0,0.0,18.94,2016-2017,2016,2017,1,2,2.0,62.0,67.0,0.0,-,,6.48,,0.0,0.0,0.0,0.15,0.05,0.0,,,,,,,,,,,,,,,,,True,True,All-rounder
CT Mutombodzi (ZIM),2013-2015,2013.0,2015.0,3.0,11.0,10.0,1.0,112.0,27,27.0,0.0,12.44,160.0,70.0,0.0,0.0,0.0,10.18,0.0,0.0,35.464,2013-2015,2013,2015,2,11,9.0,311.0,278.0,6.0,Feb-33,46.33,5.36,51.8,0.0,0.0,0.55,0.19,0.44,0.0,,,,,,,,,,,,,,,,,True,True,All-rounder
CT Radley (ENG),1978-1978,1978.0,1978.0,1.0,4.0,4.0,1.0,250.0,117*,117.0,1.0,83.33,367.0,68.11,1.0,1.0,0.0,62.5,25.0,25.0,77.242,1978-1978,1978,1978,0,4,,,,,-,,,,,,,,,,,,,,,,,,,,,,,,,,True,True,All-rounder
CT Tremlett (ENG),2005-2011,2005.0,2011.0,7.0,15.0,11.0,4.0,50.0,19*,19.0,1.0,7.14,89.0,56.17,0.0,0.0,1.0,3.33,0.0,0.0,26.752,2005-2011,2005,2011,6,15,15.0,784.0,705.0,15.0,Apr-32,47.0,5.39,52.2,1.0,0.0,1.0,0.19,0.76,0.0,,,,,,,,,,,,,,,,,True,True,All-rounder
CW Henderson (SA),,,,,,,,,,,,,,,,,,,,,,2001-2001,2001,2001,0,4,4.0,217.0,132.0,7.0,Apr-17,18.85,3.64,31.0,1.0,0.0,1.75,0.27,1.31,0.0,,,,,,,,,,,,,,,,,False,True,Bowler
CWJ Athey (ENG),1980-1988,1980.0,1988.0,9.0,31.0,30.0,3.0,848.0,142*,142.0,1.0,31.4,1495.0,56.72,2.0,4.0,1.0,27.35,6.45,12.9,41.528,1980-1988,1980,1988,8,31,1.0,6.0,10.0,0.0,-,,10.0,,0.0,0.0,0.0,0.1,0.03,0.0,,,,,,,,,,,,,,,,,True,True,All-rounder
CZ Harris (NZ),1990-2004,1990.0,2004.0,15.0,250.0,213.0,62.0,4379.0,130,130.0,0.0,29.0,6583.0,66.51,1.0,16.0,12.0,17.52,0.4,6.4,44.004,1990-2004,1990,2004,14,250,232.0,10667.0,7613.0,203.0,May-42,37.5,4.28,52.5,2.0,1.0,0.81,0.23,0.64,0.004,,,,,,,,,,,,,,,,,True,True,All-rounder
Chirag Suri (UAE),2018-2019,2018.0,2019.0,2.0,14.0,14.0,0.0,310.0,67,67.0,0.0,22.14,545.0,56.88,0.0,2.0,3.0,22.14,0.0,14.29,36.036,2018-2019,2018,2019,1,14,,,,,-,,,,,,,,,,,,,,,,,,,,,,,,,,True,True,All-rounder
D Bau (PNG),2016-2017,2016.0,2017.0,2.0,10.0,10.0,1.0,170.0,46,46.0,0.0,18.88,319.0,53.29,0.0,0.0,2.0,17.0,0.0,0.0,32.644,2016-2017,2016,2017,1,10,,,,,-,,,,,,,,,,,,,,,,,,,,,,,,,,True,True,All-rounder
D Bishoo (WI),2011-2019,2011.0,2019.0,9.0,42.0,25.0,10.0,164.0,29*,29.0,1.0,10.93,263.0,62.35,0.0,0.0,8.0,3.9,0.0,0.0,31.498,2011-2019,2011,2019,8,42,40.0,2022.0,1668.0,38.0,Mar-30,43.89,4.94,53.2,0.0,0.0,0.9,0.2,0.69,0.0,,,,,,,,,,,,,,,,,True,True,All-rounder
D Brown (WI),2001-2002,2001.0,2002.0,2.0,3.0,2.0,1.0,10.0,9,9.0,0.0,10.0,20.0,50.0,0.0,0.0,0.0,3.33,0.0,0.0,26.0,2001-2002,2001,2002,1,3,3.0,150.0,124.0,5.0,Mar-21,24.8,4.96,30.0,0.0,0.0,1.67,0.2,1.23,0.0,,,,,,,,,,,,,,,,,True,True,All-rounder
D Daesrath (CAN),2012-2013,2012.0,2013.0,2.0,4.0,3.0,0.0,95.0,40,40.0,0.0,31.66,137.0,69.34,0.0,0.0,0.0,23.75,0.0,0.0,46.732,2012-2013,2012,2013,1,4,2.0,72.0,48.0,2.0,Jan-13,24.0,4.0,36.0,0.0,0.0,0.5,0.25,0.43,0.0,,,,,,,,,,,,,,,,,True,True,All-rounder
D Dasgupta (INDIA),2001-2001,2001.0,2001.0,1.0,5.0,4.0,1.0,51.0,24*,24.0,1.0,17.0,82.0,62.19,0.0,0.0,1.0,10.2,0.0,0.0,35.076,2001-2001,2001,2001,0,5,,,,,-,,,,,,,,,,,,,,,,,,,,,,,,,,True,True,All-rounder
D Elgar (SA),2012-2018,2012.0,2018.0,7.0,8.0,7.0,1.0,104.0,42,42.0,0.0,17.33,177.0,58.75,0.0,0.0,0.0,13.0,0.0,0.0,33.898,2012-2018,2012,2018,6,8,4.0,96.0,67.0,2.0,01-Nov,33.5,4.18,48.0,0.0,0.0,0.25,0.24,0.25,0.0,,,,,,,,,,,,,,,,,True,True,All-rounder
D Gamage (SL),2003-2003,2003.0,2003.0,1.0,3.0,2.0,1.0,3.0,2*,2.0,1.0,3.0,10.0,30.0,0.0,0.0,0.0,1.0,0.0,0.0,13.8,2003-2003,2003,2003,0,3,3.0,95.0,83.0,2.0,Jan-26,41.5,5.24,47.5,0.0,0.0,0.67,0.19,0.52,0.0,,,,,,,,,,,,,,,,,True,True,All-rounder
D Ganesh (INDIA),1997-1997,1997.0,1997.0,1.0,1.0,1.0,0.0,4.0,4,4.0,0.0,4.0,8.0,50.0,0.0,0.0,0.0,4.0,0.0,0.0,22.4,1997-1997,1997,1997,0,1,1.0,30.0,20.0,1.0,Jan-20,20.0,4.0,30.0,0.0,0.0,1.0,0.25,0.78,0.0,,,,,,,,,,,,,,,,,True,True,All-rounder
D Ganga (WI),1999-2006,1999.0,2006.0,8.0,35.0,34.0,1.0,843.0,71,71.0,0.0,25.54,1414.0,59.61,0.0,9.0,5.0,24.09,0.0,25.71,39.168,1999-2006,1999,2006,7,35,1.0,1.0,4.0,0.0,-,,24.0,,0.0,0.0,0.0,0.04,0.01,0.0,,,,,,,,,,,,,,,,,True,True,All-rounder
D Gough (ENG/ICC),1994-2006,1994.0,2006.0,13.0,159.0,87.0,38.0,609.0,46*,46.0,1.0,12.42,947.0,64.3,0.0,0.0,10.0,3.83,0.0,0.0,33.172,1994-2006,1994,2006,12,159,156.0,8470.0,6209.0,235.0,May-44,26.42,4.39,36.0,10.0,2.0,1.48,0.23,1.1,0.013,,,,,,,,,,,,,,,,,True,True,All-rounder
D Joseph (CAN),2003-2003,2003.0,2003.0,1.0,4.0,3.0,3.0,13.0,9*,9.0,1.0,,24.0,54.16,0.0,0.0,0.0,3.25,0.0,0.0,,2003-2003,2003,2003,0,4,4.0,186.0,170.0,5.0,Feb-42,34.0,5.48,37.2,0.0,0.0,1.25,0.18,0.93,0.0,,,,,,,,,,,,,,,,,True,True,All-rounder
D Keulder (NAM),2003-2003,2003.0,2003.0,1.0,6.0,6.0,0.0,132.0,52,52.0,0.0,22.0,220.0,60.0,0.0,1.0,1.0,22.0,0.0,16.67,37.2,2003-2003,2003,2003,0,6,,,,,-,,,,,,,,,,,,,,,,,,,,,,,,,,True,True,All-rounder
D Langford-Smith (IRE),2006-2008,2006.0,2008.0,3.0,22.0,17.0,8.0,142.0,31*,31.0,1.0,15.77,133.0,106.76,0.0,0.0,2.0,6.45,0.0,0.0,52.166,2006-2008,2006,2008,2,22,21.0,942.0,797.0,25.0,Mar-32,31.88,5.07,37.6,0.0,0.0,1.14,0.2,0.85,0.0,,,,,,,,,,,,,,,,,True,True,All-rounder
D Lloyd (ENG),1973-1980,1973.0,1980.0,8.0,8.0,8.0,1.0,285.0,116*,116.0,1.0,40.71,526.0,54.18,1.0,0.0,0.0,35.63,12.5,0.0,46.098,1973-1980,1973,1980,7,8,1.0,12.0,3.0,1.0,01-Mar,3.0,1.5,12.0,0.0,0.0,0.13,0.67,0.29,0.0,,,,,,,,,,,,,,,,,True,True,All-rounder
D Mohammed (WI),2006-2008,2006.0,2008.0,3.0,7.0,1.0,1.0,0.0,0*,0.0,1.0,,2.0,0.0,0.0,0.0,0.0,0.0,0.0,0.0,,2006-2008,2006,2008,2,7,6.0,353.0,235.0,10.0,Mar-37,23.5,3.99,35.3,0.0,0.0,1.43,0.25,1.08,0.0,,,,,,,,,,,,,,,,,True,True,All-rounder
D Mongia (INDIA),2001-2007,2001.0,2007.0,7.0,57.0,51.0,7.0,1230.0,159*,159.0,1.0,27.95,1721.0,71.47,1.0,4.0,4.0,21.58,1.75,7.02,45.358,2001-2007,2001,2007,6,57,21.0,640.0,571.0,14.0,Mar-31,40.78,5.35,45.7,0.0,0.0,0.25,0.19,0.23,0.0,,,,,,,,,,,,,,,,,True,True,All-rounder
D Murphy (SCOT),2013-2013,2013.0,2013.0,1.0,8.0,7.0,2.0,58.0,20*,20.0,1.0,11.6,118.0,49.15,0.0,0.0,0.0,7.25,0.0,0.0,26.62,2013-2013,2013,2013,0,8,,,,,-,,,,,,,,,,,,,,,,,,,,,,,,,,True,True,All-rounder
D Olivier (SA),,,,,,,,,,,,,,,,,,,,,,2019-2019,2019,2019,0,2,2.0,114.0,124.0,3.0,Feb-73,41.33,6.52,38.0,0.0,0.0,1.5,0.15,1.1,0.0,,,,,,,,,,,,,,,,,False,True,Bowler
D Paterson (SA),,,,,,,,,,,,,,,,,,,,,,2017-2019,2017,2019,2,4,4.0,209.0,217.0,4.0,Mar-44,54.25,6.22,52.2,0.0,0.0,1.0,0.16,0.75,0.0,,,,,,,,,,,,,,,,,False,True,Bowler
D Pretorius (SA),2016-2019,2016.0,2019.0,4.0,22.0,10.0,1.0,135.0,50,50.0,0.0,15.0,145.0,93.1,0.0,1.0,1.0,6.14,0.0,4.55,46.24,2016-2019,2016,2019,3,22,22.0,1022.0,813.0,29.0,03-May,28.03,4.77,35.2,0.0,0.0,1.32,0.21,0.99,0.0,,,,,,,,,,,,,,,,,True,True,All-rounder
D Ramdin (WI),2005-2016,2005.0,2016.0,12.0,139.0,110.0,22.0,2200.0,169,169.0,0.0,25.0,2738.0,80.35,2.0,8.0,4.0,15.83,1.44,5.76,47.14,2005-2016,2005,2016,11,139,,,,,-,,,,,,,,,,2005-2016,2005.0,2016.0,11.0,139.0,137.0,188.0,181.0,7.0,181.0,0.0,,1.372,1.3,1.35,0.05,True,True,All-rounder
D Ramnarine (WI),1997-2001,1997.0,2001.0,5.0,4.0,3.0,0.0,5.0,2,2.0,0.0,1.66,13.0,38.46,0.0,0.0,0.0,1.25,0.0,0.0,16.38,1997-2001,1997,2001,4,4,4.0,200.0,164.0,3.0,Feb-52,54.66,4.92,66.6,0.0,0.0,0.75,0.2,0.59,0.0,,,,,,,,,,,,,,,,,True,True,All-rounder
D Ranatunga (SL),1990-1990,1990.0,1990.0,1.0,4.0,4.0,0.0,49.0,25,25.0,0.0,12.25,156.0,31.41,0.0,0.0,1.0,12.25,0.0,0.0,19.914,1990-1990,1990,1990,0,4,,,,,-,,,,,,,,,,,,,,,,,,,,,,,,,,True,True,All-rounder
D Ravu (PNG),2017-2019,2017.0,2019.0,3.0,8.0,7.0,3.0,50.0,38*,38.0,1.0,12.5,79.0,63.29,0.0,0.0,2.0,6.25,0.0,0.0,32.816,2017-2019,2017,2019,2,8,7.0,246.0,230.0,0.0,-,,5.6,,0.0,0.0,0.0,0.18,0.05,0.0,,,,,,,,,,,,,,,,,True,True,All-rounder
D Soraine (CAN),2006-2012,2006.0,2012.0,7.0,4.0,4.0,0.0,14.0,6,6.0,0.0,3.5,20.0,70.0,0.0,0.0,1.0,3.5,0.0,0.0,30.1,2006-2012,2006,2012,6,4,3.0,113.0,94.0,3.0,Feb-57,31.33,4.99,37.6,0.0,0.0,0.75,0.2,0.59,0.0,,,,,,,,,,,,,,,,,True,True,All-rounder
D Wiese (SA),2015-2016,2015.0,2016.0,2.0,6.0,6.0,1.0,102.0,41*,41.0,1.0,20.4,115.0,88.69,0.0,0.0,0.0,17.0,0.0,0.0,47.716,2015-2016,2015,2016,1,6,6.0,294.0,316.0,9.0,Mar-50,35.11,6.44,32.6,0.0,0.0,1.5,0.16,1.1,0.0,,,,,,,,,,,,,,,,,True,True,All-rounder
D Williams (WI),1988-1997,1988.0,1997.0,10.0,36.0,23.0,7.0,147.0,32*,32.0,1.0,9.18,242.0,60.74,0.0,0.0,4.0,4.08,0.0,0.0,29.804,1988-1997,1988,1997,9,36,,,,,-,,,,,,,,,,,,,,,,,,,,,,,,,,True,True,All-rounder
DA Gunawardene (SL),1998-2006,1998.0,2006.0,9.0,61.0,61.0,1.0,1708.0,132,132.0,0.0,28.46,2389.0,71.49,1.0,12.0,5.0,28.0,1.64,19.67,45.672,1998-2006,1998,2006,8,61,,,,,-,,,,,,,,,,,,,,,,,,,,,,,,,,True,True,All-rounder
DA Marillier (ZIM),2000-2003,2000.0,2003.0,4.0,48.0,41.0,4.0,672.0,100,100.0,0.0,18.16,949.0,70.81,1.0,3.0,4.0,14.0,2.08,6.25,39.22,2000-2003,2000,2003,3,48,35.0,1574.0,1235.0,30.0,Apr-38,41.16,4.7,52.4,1.0,0.0,0.63,0.21,0.5,0.0,,,,,,,,,,,,,,,,,True,True,All-rounder
DA Miller (SA),2010-2019,2010.0,2019.0,10.0,126.0,110.0,31.0,3058.0,139,139.0,0.0,38.7,3054.0,100.13,5.0,12.0,8.0,24.27,3.97,9.52,63.272,2010-2019,2010,2019,9,126,,,,,-,,,,,,,,,,,,,,,,,,,,,,,,,,True,True,All-rounder
DA Minors (BMUDA),2006-2007,2006.0,2007.0,2.0,20.0,20.0,2.0,478.0,68,68.0,0.0,26.55,791.0,60.42,0.0,3.0,1.0,23.9,0.0,15.0,40.098,2006-2007,2006,2007,1,20,,,,,-,,,,,,,,,,,,,,,,,,,,,,,,,,True,True,All-rounder
DA Murray (WI),1973-1981,1973.0,1981.0,9.0,10.0,7.0,2.0,45.0,35,35.0,0.0,9.0,140.0,32.14,0.0,0.0,1.0,4.5,0.0,0.0,18.256,1973-1981,1973,1981,8,10,,,,,-,,,,,,,,,,,,,,,,,,,,,,,,,,True,True,All-rounder
DA Reeve (ENG),1991-1996,1991.0,1996.0,6.0,29.0,21.0,9.0,291.0,35,35.0,0.0,24.25,389.0,74.8,0.0,0.0,0.0,10.03,0.0,0.0,44.47,1991-1996,1991,1996,5,29,28.0,1147.0,820.0,20.0,Mar-20,41.0,4.28,57.3,0.0,0.0,0.69,0.23,0.55,0.0,,,,,,,,,,,,,,,,,True,True,All-rounder
DA Stirling (NZ),1984-1984,1984.0,1984.0,1.0,6.0,5.0,2.0,21.0,13*,13.0,1.0,7.0,39.0,53.84,0.0,0.0,0.0,3.5,0.0,0.0,25.736,1984-1984,1984,1984,0,6,6.0,246.0,207.0,6.0,Feb-29,34.5,5.04,41.0,0.0,0.0,1.0,0.2,0.76,0.0,,,,,,,,,,,,,,,,,True,True,All-rounder
DA Warner (AUS),2009-2019,2009.0,2019.0,11.0,116.0,114.0,5.0,4990.0,179,179.0,0.0,45.77,5222.0,95.55,17.0,20.0,2.0,43.02,14.66,17.24,65.682,2009-2019,2009,2019,10,116,1.0,6.0,8.0,0.0,-,,8.0,,0.0,0.0,0.0,0.13,0.04,0.0,,,,,,,,,,,,,,,,,True,True,All-rounder
DAG Fletcher (ZIM),1983-1983,1983.0,1983.0,1.0,6.0,6.0,2.0,191.0,71*,71.0,1.0,47.75,289.0,66.08,0.0,2.0,0.0,31.83,0.0,33.33,55.082,1983-1983,1983,1983,0,6,6.0,301.0,221.0,7.0,Apr-42,31.57,4.4,43.0,1.0,0.0,1.17,0.23,0.88,0.0,,,,,,,,,,,,,,,,,True,True,All-rounder
DAJ Bracewell (NZ),2011-2019,2011.0,2019.0,9.0,19.0,12.0,2.0,158.0,57,57.0,0.0,15.8,214.0,73.83,0.0,1.0,1.0,8.32,0.0,5.26,39.012,2011-2019,2011,2019,8,19,19.0,932.0,798.0,23.0,Apr-55,34.69,5.13,40.5,1.0,0.0,1.21,0.19,0.91,0.0,,,,,,,,,,,,,,,,,True,True,All-rounder
DAS Gunaratne (SL),2016-2019,2016.0,2019.0,4.0,31.0,25.0,4.0,575.0,114*,114.0,1.0,27.38,724.0,79.41,1.0,1.0,0.0,18.55,3.23,3.23,48.192,2016-2019,2016,2019,3,31,25.0,834.0,723.0,22.0,03-Oct,32.86,5.2,37.9,0.0,0.0,0.71,0.19,0.55,0.0,,,,,,,,,,,,,,,,,True,True,All-rounder
DAW Hollis (BMUDA),2008-2008,2008.0,2008.0,1.0,1.0,1.0,1.0,15.0,15*,15.0,1.0,,26.0,57.69,0.0,0.0,0.0,15.0,0.0,0.0,,2008-2008,2008,2008,0,1,1.0,42.0,43.0,0.0,-,,6.14,,0.0,0.0,0.0,0.16,0.05,0.0,,,,,,,,,,,,,,,,,True,True,All-rounder
DB Close (ENG),1972-1972,1972.0,1972.0,1.0,3.0,3.0,0.0,49.0,43,43.0,0.0,16.33,50.0,98.0,0.0,0.0,0.0,16.33,0.0,0.0,48.998,1972-1972,1972,1972,0,3,1.0,18.0,21.0,0.0,-,,7.0,,0.0,0.0,0.0,0.14,0.04,0.0,,,,,,,,,,,,,,,,,True,True,All-rounder
DB Kotze (NAM),2003-2003,2003.0,2003.0,1.0,6.0,6.0,1.0,82.0,27,27.0,0.0,16.4,135.0,60.74,0.0,0.0,0.0,13.67,0.0,0.0,34.136,2003-2003,2003,2003,0,6,6.0,282.0,256.0,2.0,Jan-32,128.0,5.44,141.0,0.0,0.0,0.33,0.18,0.29,0.0,,,,,,,,,,,,,,,,,True,True,All-rounder
DB Rundle (SA),1994-1994,1994.0,1994.0,1.0,2.0,2.0,0.0,6.0,6,6.0,0.0,3.0,11.0,54.54,0.0,0.0,1.0,3.0,0.0,0.0,23.616,1994-1994,1994,1994,0,2,2.0,96.0,95.0,5.0,Apr-42,19.0,5.93,19.2,1.0,0.0,2.5,0.17,1.8,0.0,,,,,,,,,,,,,,,,,True,True,All-rounder
DB Vengsarkar (INDIA),1976-1991,1976.0,1991.0,16.0,129.0,120.0,19.0,3508.0,105,105.0,0.0,34.73,5179.0,67.73,1.0,23.0,7.0,27.19,0.78,17.83,47.93,1976-1991,1976,1991,15,129,1.0,6.0,4.0,0.0,-,,4.0,,0.0,0.0,0.0,0.25,0.08,0.0,,,,,,,,,,,,,,,,,True,True,All-rounder
DBL Powell (WI),2002-2009,2002.0,2009.0,8.0,55.0,25.0,3.0,118.0,48*,48.0,1.0,5.36,164.0,71.95,0.0,0.0,8.0,2.15,0.0,0.0,31.996,2002-2009,2002,2009,7,55,55.0,2850.0,2239.0,71.0,Apr-27,31.53,4.71,40.1,2.0,0.0,1.29,0.21,0.97,0.0,,,,,,,,,,,,,,,,,True,True,All-rounder
DC Boon (AUS),1984-1995,1984.0,1995.0,12.0,181.0,177.0,16.0,5964.0,122,122.0,0.0,37.04,9157.0,65.13,5.0,37.0,6.0,32.95,2.76,20.44,48.276,1984-1995,1984,1995,11,181,7.0,82.0,86.0,0.0,-,,6.29,,0.0,0.0,0.0,0.16,0.05,0.0,,,,,,,,,,,,,,,,,True,True,All-rounder
DC Thomas (WI),2009-2013,2009.0,2013.0,5.0,21.0,19.0,2.0,238.0,37,37.0,0.0,14.0,364.0,65.38,0.0,0.0,3.0,11.33,0.0,0.0,34.552,2009-2013,2009,2013,4,21,1.0,7.0,11.0,2.0,02-Nov,5.5,9.42,3.5,0.0,0.0,0.1,0.11,0.1,0.0,,,,,,,,,,,,,,,,,True,True,All-rounder
DCC Borden (BMUDA),2006-2008,2006.0,2008.0,3.0,12.0,11.0,4.0,98.0,24,24.0,0.0,14.0,195.0,50.25,0.0,0.0,2.0,8.17,0.0,0.0,28.5,2006-2008,2006,2008,2,12,12.0,411.0,392.0,15.0,Apr-30,26.13,5.72,27.4,1.0,0.0,1.25,0.17,0.93,0.0,,,,,,,,,,,,,,,,,True,True,All-rounder
DD Ebrahim (ZIM),2001-2005,2001.0,2005.0,5.0,82.0,76.0,6.0,1443.0,121,121.0,0.0,20.61,2540.0,56.81,1.0,4.0,8.0,17.6,1.22,4.88,35.09,2001-2005,2001,2005,4,82,2.0,5.0,11.0,0.0,-,,13.2,,0.0,0.0,0.0,0.08,0.02,0.0,,,,,,,,,,,,,,,,,True,True,All-rounder
DDP D'Silva (UAE),2019-2019,2019.0,2019.0,1.0,3.0,2.0,0.0,6.0,4,4.0,0.0,3.0,14.0,42.85,0.0,0.0,0.0,2.0,0.0,0.0,18.94,2019-2019,2019,2019,0,3,2.0,102.0,71.0,2.0,Feb-20,35.5,4.17,51.0,0.0,0.0,0.67,0.24,0.54,0.0,,,,,,,,,,,,,,,,,True,True,All-rounder
DE Bernard (WI),2003-2010,2003.0,2010.0,8.0,20.0,12.0,2.0,141.0,38,38.0,0.0,14.1,219.0,64.38,0.0,0.0,1.0,7.05,0.0,0.0,34.212,2003-2010,2003,2010,7,20,17.0,624.0,526.0,14.0,Mar-32,37.57,5.05,44.5,0.0,0.0,0.7,0.2,0.55,0.0,,,,,,,,,,,,,,,,,True,True,All-rounder
DE Bollinger (AUS),2009-2011,2009.0,2011.0,3.0,39.0,8.0,2.0,50.0,30,30.0,0.0,8.33,54.0,92.59,0.0,0.0,1.0,1.28,0.0,0.0,42.034,2009-2011,2009,2011,2,39,39.0,1942.0,1482.0,62.0,May-35,23.9,4.57,31.3,3.0,2.0,1.59,0.22,1.18,0.051,,,,,,,,,,,,,,,,,True,True,All-rounder
DE Budge (SCOT),2018-2019,2018.0,2019.0,2.0,3.0,3.0,0.0,62.0,27,27.0,0.0,20.66,70.0,88.57,0.0,0.0,0.0,20.67,0.0,0.0,47.824,2018-2019,2018,2019,1,3,2.0,36.0,26.0,1.0,Jan-21,26.0,4.33,36.0,0.0,0.0,0.33,0.23,0.3,0.0,,,,,,,,,,,,,,,,,True,True,All-rounder
DE Malcolm (ENG),1990-1994,1990.0,1994.0,5.0,10.0,5.0,2.0,9.0,4,4.0,0.0,3.0,11.0,81.81,0.0,0.0,1.0,0.9,0.0,0.0,34.524,1990-1994,1990,1994,4,10,10.0,526.0,404.0,16.0,Mar-40,25.25,4.6,32.8,0.0,0.0,1.6,0.22,1.19,0.0,,,,,,,,,,,,,,,,,True,True,All-rounder
DES Maxwell (CAN),2006-2007,2006.0,2007.0,2.0,10.0,10.0,4.0,166.0,59,59.0,0.0,27.66,238.0,69.74,0.0,1.0,1.0,16.6,0.0,10.0,44.492,2006-2007,2006,2007,1,10,3.0,72.0,70.0,1.0,Jan-23,70.0,5.83,72.0,0.0,0.0,0.1,0.17,0.12,0.0,,,,,,,,,,,,,,,,,True,True,All-rounder
DF Watts (SCOT),2006-2011,2006.0,2011.0,6.0,36.0,35.0,1.0,974.0,101,101.0,0.0,28.64,1559.0,62.47,1.0,9.0,4.0,27.06,2.78,25.0,42.172,2006-2011,2006,2011,5,36,,,,,-,,,,,,,,,,,,,,,,,,,,,,,,,,True,True,All-rounder
DF Whatmore (AUS),1980-1980,1980.0,1980.0,1.0,1.0,1.0,0.0,2.0,2,2.0,0.0,2.0,6.0,33.33,0.0,0.0,0.0,2.0,0.0,0.0,14.532,1980-1980,1980,1980,0,1,,,,,-,,,,,,,,,,,,,,,,,,,,,,,,,,True,True,All-rounder
DG Brownlie (NZ),2012-2017,2012.0,2017.0,6.0,16.0,15.0,1.0,361.0,63,63.0,0.0,25.78,486.0,74.27,0.0,1.0,0.0,22.56,0.0,6.25,45.176,2012-2017,2012,2017,5,16,,,,,-,,,,,,,,,,,,,,,,,,,,,,,,,,True,True,All-rounder
DG Cork (ENG),1992-2002,1992.0,2002.0,11.0,32.0,21.0,3.0,180.0,31*,31.0,1.0,10.0,271.0,66.42,0.0,0.0,4.0,5.63,0.0,0.0,32.568,1992-2002,1992,2002,10,32,32.0,1772.0,1368.0,41.0,Mar-27,33.36,4.63,43.2,0.0,0.0,1.28,0.22,0.96,0.0,,,,,,,,,,,,,,,,,True,True,All-rounder
DH Brain (ZIM),1992-1995,1992.0,1995.0,4.0,23.0,18.0,4.0,117.0,27,27.0,0.0,8.35,171.0,68.42,0.0,0.0,2.0,5.09,0.0,0.0,32.378,1992-1995,1992,1995,3,23,23.0,1091.0,849.0,21.0,Mar-51,40.42,4.66,51.9,0.0,0.0,0.91,0.21,0.7,0.0,,,,,,,,,,,,,,,,,True,True,All-rounder
DI Allan (KENYA),2011-2013,2011.0,2013.0,3.0,5.0,5.0,0.0,71.0,27,27.0,0.0,14.2,153.0,46.4,0.0,0.0,0.0,14.2,0.0,0.0,27.08,2011-2013,2011,2013,2,5,4.0,112.0,80.0,2.0,Jan-22,40.0,4.28,56.0,0.0,0.0,0.4,0.23,0.35,0.0,,,,,,,,,,,,,,,,,True,True,All-rounder
DI Gower (ENG),1978-1991,1978.0,1991.0,14.0,114.0,111.0,8.0,3170.0,158,158.0,0.0,30.77,4218.0,75.15,7.0,12.0,6.0,27.81,6.14,10.53,48.522,1978-1991,1978,1991,13,114,2.0,5.0,14.0,0.0,-,,16.8,,0.0,0.0,0.0,0.06,0.02,0.0,,,,,,,,,,,,,,,,,True,True,All-rounder
DI Joyce (IRE),2006-2007,2006.0,2007.0,2.0,3.0,3.0,0.0,29.0,18,18.0,0.0,9.66,56.0,51.78,0.0,0.0,1.0,9.67,0.0,0.0,26.508,2006-2007,2006,2007,1,3,,,,,-,,,,,,,,,,,,,,,,,,,,,,,,,,True,True,All-rounder
DJ Bravo (WI),2004-2014,2004.0,2014.0,11.0,164.0,141.0,24.0,2968.0,112*,112.0,1.0,25.36,3606.0,82.3,2.0,10.0,11.0,18.1,1.22,6.1,48.136,2004-2014,2004,2014,10,164,150.0,6511.0,5874.0,199.0,Jun-43,29.51,5.41,32.7,6.0,1.0,1.21,0.18,0.9,0.006,,,,,,,,,,,,,,,,,True,True,All-rounder
DJ Callaghan (SA),1992-2000,1992.0,2000.0,9.0,29.0,25.0,6.0,493.0,169*,169.0,1.0,25.94,726.0,67.9,1.0,0.0,2.0,17.0,3.45,0.0,42.724,1992-2000,1992,2000,8,29,19.0,444.0,365.0,10.0,Mar-32,36.5,4.93,44.4,0.0,0.0,0.34,0.2,0.3,0.0,,,,,,,,,,,,,,,,,True,True,All-rounder
DJ Capel (ENG),1987-1990,1987.0,1990.0,4.0,23.0,19.0,2.0,327.0,50*,50.0,1.0,19.23,479.0,68.26,0.0,1.0,0.0,14.22,0.0,4.35,38.842,1987-1990,1987,1990,3,23,22.0,1038.0,805.0,17.0,Mar-38,47.35,4.65,61.0,0.0,0.0,0.74,0.22,0.58,0.0,,,,,,,,,,,,,,,,,True,True,All-rounder
DJ Colley (AUS),,,,,,,,,,,,,,,,,,,,,,1972-1972,1972,1972,0,1,1.0,66.0,72.0,0.0,-,,6.54,,0.0,0.0,0.0,0.15,0.05,0.0,,,,,,,,,,,,,,,,,False,True,Bowler
DJ Cullen (AUS),2006-2006,2006.0,2006.0,1.0,5.0,1.0,1.0,2.0,2*,2.0,1.0,,3.0,66.66,0.0,0.0,0.0,0.4,0.0,0.0,,2006-2006,2006,2006,0,5,5.0,213.0,147.0,2.0,Feb-25,73.5,4.14,106.5,0.0,0.0,0.4,0.24,0.35,0.0,,,,,,,,,,,,,,,,,True,True,All-rounder
DJ Cullinan (SA),1993-2000,1993.0,2000.0,8.0,138.0,133.0,16.0,3860.0,124,124.0,0.0,32.99,5492.0,70.28,3.0,23.0,10.0,27.97,2.17,16.67,47.906,1993-2000,1993,2000,7,138,9.0,174.0,124.0,5.0,Feb-30,24.8,4.27,34.8,0.0,0.0,0.04,0.23,0.1,0.0,,,,,,,,,,,,,,,,,True,True,All-rounder
DJ Gandhi (INDIA),1999-2000,1999.0,2000.0,2.0,3.0,3.0,0.0,49.0,30,30.0,0.0,16.33,97.0,50.51,0.0,0.0,0.0,16.33,0.0,0.0,30.002,1999-2000,1999,2000,1,3,,,,,-,,,,,,,,,,,,,,,,,,,,,,,,,,True,True,All-rounder
DJ Hussey (AUS),2008-2013,2008.0,2013.0,6.0,69.0,61.0,6.0,1796.0,111,111.0,0.0,32.65,1980.0,90.7,1.0,14.0,4.0,26.03,1.45,20.29,55.87,2008-2013,2008,2013,5,69,39.0,802.0,698.0,18.0,Apr-21,38.77,5.22,44.5,2.0,0.0,0.26,0.19,0.24,0.0,,,,,,,,,,,,,,,,,True,True,All-rounder
DJ Malan (ENG),2019-2019,2019.0,2019.0,1.0,1.0,1.0,0.0,24.0,24,24.0,0.0,24.0,30.0,80.0,0.0,0.0,0.0,24.0,0.0,0.0,46.4,2019-2019,2019,2019,0,1,,,,,-,,,,,,,,,,,,,,,,,,,,,,,,,,True,True,All-rounder
DJ Murray (NZ),1994-1994,1994.0,1994.0,1.0,1.0,1.0,0.0,3.0,3,3.0,0.0,3.0,17.0,17.64,0.0,0.0,0.0,3.0,0.0,0.0,8.856,1994-1994,1994,1994,0,1,,,,,-,,,,,,,,,,,,,,,,,,,,,,,,,,True,True,All-rounder
DJ Nash (NZ),1992-2002,1992.0,2002.0,11.0,81.0,53.0,13.0,624.0,42,42.0,0.0,15.6,940.0,66.38,0.0,0.0,3.0,7.7,0.0,0.0,35.912,1992-2002,1992,2002,10,81,78.0,3416.0,2622.0,64.0,Apr-38,40.96,4.6,53.3,1.0,0.0,0.79,0.22,0.62,0.0,,,,,,,,,,,,,,,,,True,True,All-rounder
DJ Pringle (EAf),1975-1975,1975.0,1975.0,1.0,2.0,2.0,0.0,5.0,3,3.0,0.0,2.5,15.0,33.33,0.0,0.0,0.0,2.5,0.0,0.0,14.832,1975-1975,1975,1975,0,2,2.0,90.0,55.0,0.0,-,,3.66,,0.0,0.0,0.0,0.27,0.08,0.0,,,,,,,,,,,,,,,,,True,True,All-rounder
DJ Reekers (NL),2006-2009,2006.0,2009.0,4.0,19.0,19.0,0.0,481.0,104,104.0,0.0,25.31,411.0,117.03,1.0,0.0,3.0,25.32,5.26,0.0,61.998,2006-2009,2006,2009,3,19,13.0,510.0,436.0,13.0,Mar-54,33.53,5.12,39.2,0.0,0.0,0.68,0.2,0.54,0.0,,,,,,,,,,,,,,,,,True,True,All-rounder
DJ Richardson (SA),1991-1998,1991.0,1998.0,8.0,122.0,77.0,33.0,868.0,53,53.0,0.0,19.72,1298.0,66.87,0.0,1.0,6.0,7.11,0.0,0.82,38.58,1991-1998,1991,1998,7,122,,,,,-,,,,,,,,,,1991-1998,1991.0,1998.0,7.0,122.0,121.0,165.0,148.0,17.0,148.0,0.0,,1.3630000000000002,1.21,1.35,0.14,True,True,All-rounder
DJ Terbrugge (SA),2000-2000,2000.0,2000.0,1.0,4.0,2.0,1.0,5.0,5,5.0,0.0,5.0,14.0,35.71,0.0,0.0,0.0,1.25,0.0,0.0,17.284,2000-2000,2000,2000,0,4,4.0,126.0,105.0,4.0,Apr-20,26.25,5.0,31.5,1.0,0.0,1.0,0.2,0.76,0.0,,,,,,,,,,,,,,,,,True,True,All-rounder
DJ White (NZ),1990-1990,1990.0,1990.0,1.0,3.0,3.0,0.0,37.0,15,15.0,0.0,12.33,97.0,38.14,0.0,0.0,0.0,12.33,0.0,0.0,22.654,1990-1990,1990,1990,0,3,,,,,-,,,,,,,,,,,,,,,,,,,,,,,,,,True,True,All-rounder
DJ Willey (ENG),2015-2019,2015.0,2019.0,5.0,46.0,27.0,12.0,279.0,50,50.0,0.0,18.6,339.0,82.3,0.0,1.0,1.0,6.07,0.0,2.17,44.08,2015-2019,2015,2019,4,46,45.0,1971.0,1889.0,52.0,Apr-34,36.32,5.75,37.9,2.0,0.0,1.13,0.17,0.84,0.0,,,,,,,,,,,,,,,,,True,True,All-rounder
DJ Worrall (AUS),2016-2016,2016.0,2016.0,1.0,3.0,1.0,1.0,6.0,6*,6.0,1.0,,4.0,150.0,0.0,0.0,0.0,2.0,0.0,0.0,,2016-2016,2016,2016,0,3,3.0,158.0,171.0,1.0,Jan-43,171.0,6.49,158.0,0.0,0.0,0.33,0.15,0.28,0.0,,,,,,,,,,,,,,,,,True,True,All-rounder
DJ ter Braak (NL),2018-2018,2018.0,2018.0,1.0,2.0,2.0,0.0,40.0,39,39.0,0.0,20.0,94.0,42.55,0.0,0.0,0.0,20.0,0.0,0.0,29.02,2018-2018,2018,2018,0,2,,,,,-,,,,,,,,,,,,,,,,,,,,,,,,,,True,True,All-rounder
DJG Sammy (WI),2004-2015,2004.0,2015.0,12.0,126.0,105.0,30.0,1871.0,89,89.0,0.0,24.94,1870.0,100.05,0.0,9.0,4.0,14.85,0.0,7.14,54.984,2004-2015,2004,2015,11,126,119.0,4956.0,3851.0,81.0,Apr-26,47.54,4.66,61.1,1.0,0.0,0.64,0.21,0.51,0.0,,,,,,,,,,,,,,,,,True,True,All-rounder
DJM Short (AUS),2018-2018,2018.0,2018.0,1.0,4.0,4.0,1.0,83.0,47*,47.0,1.0,27.66,99.0,83.83,0.0,0.0,1.0,20.75,0.0,0.0,50.128,2018-2018,2018,2018,0,4,3.0,42.0,59.0,0.0,-,,8.42,,0.0,0.0,0.0,0.12,0.04,0.0,,,,,,,,,,,,,,,,,True,True,All-rounder
DK Butler (WI),2005-2006,2005.0,2006.0,2.0,5.0,4.0,3.0,25.0,13*,13.0,1.0,25.0,34.0,73.52,0.0,0.0,0.0,5.0,0.0,0.0,44.408,2005-2006,2005,2006,1,5,5.0,246.0,188.0,3.0,Jan-25,62.66,4.58,82.0,0.0,0.0,0.6,0.22,0.49,0.0,,,,,,,,,,,,,,,,,True,True,All-rounder
DK Lillee (AUS),1972-1983,1972.0,1983.0,12.0,63.0,34.0,8.0,240.0,42*,42.0,1.0,9.23,320.0,75.0,0.0,0.0,6.0,3.81,0.0,0.0,35.538,1972-1983,1972,1983,11,63,63.0,3593.0,2145.0,103.0,May-34,20.82,3.58,34.8,5.0,1.0,1.63,0.28,1.23,0.016,,,,,,,,,,,,,,,,,True,True,All-rounder
DK Liyanage (SL),1992-2001,1992.0,2001.0,10.0,16.0,11.0,2.0,144.0,43,43.0,0.0,16.0,207.0,69.56,0.0,0.0,0.0,9.0,0.0,0.0,37.424,1992-2001,1992,2001,9,16,16.0,642.0,510.0,10.0,Mar-49,51.0,4.76,64.2,0.0,0.0,0.63,0.21,0.5,0.0,,,,,,,,,,,,,,,,,True,True,All-rounder
DK Morrison (NZ),1987-1996,1987.0,1996.0,10.0,96.0,43.0,24.0,171.0,20*,20.0,1.0,9.0,400.0,42.75,0.0,0.0,7.0,1.78,0.0,0.0,22.5,1987-1996,1987,1996,9,96,95.0,4586.0,3470.0,126.0,May-34,27.53,4.53,36.3,1.0,2.0,1.31,0.22,0.98,0.021,,,,,,,,,,,,,,,,,True,True,All-rounder
DL Amiss (ENG),1972-1977,1972.0,1977.0,6.0,18.0,18.0,0.0,859.0,137,137.0,0.0,47.72,1185.0,72.48,4.0,1.0,0.0,47.72,22.22,5.56,57.624,1972-1977,1972,1977,5,18,,,,,-,,,,,,,,,,,,,,,,,,,,,,,,,,True,True,All-rounder
DL Bairstow (ENG),1979-1984,1979.0,1984.0,6.0,21.0,20.0,6.0,206.0,23*,23.0,1.0,14.71,390.0,52.82,0.0,0.0,1.0,9.81,0.0,0.0,29.954,1979-1984,1979,1984,5,21,,,,,-,,,,,,,,,,,,,,,,,,,,,,,,,,True,True,All-rounder
DL Blake (USA),2004-2004,2004.0,2004.0,1.0,1.0,1.0,0.0,0.0,0,0.0,0.0,0.0,2.0,0.0,0.0,0.0,1.0,0.0,0.0,0.0,0.0,2004-2004,2004,2004,0,1,1.0,6.0,7.0,0.0,-,,7.0,,0.0,0.0,0.0,0.14,0.04,0.0,,,,,,,,,,,,,,,,,True,True,All-rounder
DL Chahar (INDIA),2018-2019,2018.0,2019.0,2.0,3.0,2.0,1.0,18.0,12,12.0,0.0,18.0,22.0,81.81,0.0,0.0,0.0,6.0,0.0,0.0,43.524,2018-2019,2018,2019,1,3,3.0,126.0,129.0,2.0,Jan-37,64.5,6.14,63.0,0.0,0.0,0.67,0.16,0.52,0.0,,,,,,,,,,,,,,,,,True,True,All-rounder
DL Haynes (WI),1978-1994,1978.0,1994.0,17.0,238.0,237.0,28.0,8648.0,152*,152.0,1.0,41.37,13707.0,63.09,17.0,57.0,13.0,36.34,7.14,23.95,50.058,1978-1994,1978,1994,16,238,1.0,30.0,24.0,0.0,-,,4.8,,0.0,0.0,0.0,0.21,0.06,0.0,,,,,,,,,,,,,,,,,True,True,All-rounder
DL Hemp (BMUDA),2006-2009,2006.0,2009.0,4.0,22.0,22.0,3.0,641.0,102*,102.0,1.0,33.73,912.0,70.28,1.0,4.0,4.0,29.14,4.55,18.18,48.35,2006-2009,2006,2009,3,22,4.0,114.0,119.0,1.0,Jan-25,119.0,6.26,114.0,0.0,0.0,0.05,0.16,0.08,0.0,,,,,,,,,,,,,,,,,True,True,All-rounder
DL Houghton (ZIM),1983-1997,1983.0,1997.0,15.0,63.0,60.0,2.0,1530.0,142,142.0,0.0,26.37,2155.0,70.99,1.0,12.0,5.0,24.29,1.59,19.05,44.218,1983-1997,1983,1997,14,63,1.0,12.0,19.0,1.0,Jan-19,19.0,9.5,12.0,0.0,0.0,0.02,0.11,0.04,0.0,,,,,,,,,,,,,,,,,True,True,All-rounder
DL Maddy (ENG),1998-2000,1998.0,2000.0,3.0,8.0,6.0,0.0,113.0,53,53.0,0.0,18.83,206.0,54.85,0.0,1.0,1.0,14.13,0.0,12.5,33.238,1998-2000,1998,2000,2,8,,,,,-,,,,,,,,,,,,,,,,,,,,,,,,,,True,True,All-rounder
DL Murray (WI),1973-1980,1973.0,1980.0,8.0,26.0,17.0,5.0,294.0,61*,61.0,1.0,24.5,468.0,62.82,0.0,2.0,0.0,11.31,0.0,7.69,39.828,1973-1980,1973,1980,7,26,,,,,-,,,,,,,,,,,,,,,,,,,,,,,,,,True,True,All-rounder
DL Underwood (ENG),1973-1982,1973.0,1982.0,10.0,26.0,13.0,4.0,53.0,17,17.0,0.0,5.88,133.0,39.84,0.0,0.0,2.0,2.04,0.0,0.0,19.464,1973-1982,1973,1982,9,26,24.0,1278.0,734.0,32.0,Apr-44,22.93,3.44,39.9,1.0,0.0,1.23,0.29,0.95,0.0,,,,,,,,,,,,,,,,,True,True,All-rounder
DL Vettori (ICC/NZ),1997-2015,1997.0,2015.0,19.0,295.0,187.0,57.0,2253.0,83,83.0,0.0,17.33,2715.0,82.98,0.0,4.0,23.0,7.64,0.0,1.36,43.59,1997-2015,1997,2015,18,295,277.0,14060.0,9674.0,305.0,05-Jul,31.71,4.12,46.0,8.0,2.0,1.03,0.24,0.8,0.007,,,,,,,,,,,,,,,,,True,True,All-rounder
DLS de Silva (SL),1979-1979,1979.0,1979.0,1.0,2.0,1.0,0.0,10.0,10,10.0,0.0,10.0,35.0,28.57,0.0,0.0,0.0,5.0,0.0,0.0,17.428,1979-1979,1979,1979,0,2,2.0,120.0,54.0,2.0,Feb-36,27.0,2.7,60.0,0.0,0.0,1.0,0.37,0.81,0.0,,,,,,,,,,,,,,,,,True,True,All-rounder
DLS van Bunge (NL),2002-2013,2002.0,2013.0,12.0,37.0,31.0,1.0,633.0,80,80.0,0.0,21.1,953.0,66.42,0.0,3.0,2.0,17.11,0.0,8.11,39.228,2002-2013,2002,2013,11,37,13.0,331.0,329.0,11.0,Mar-16,29.9,5.96,30.0,0.0,0.0,0.3,0.17,0.26,0.0,,,,,,,,,,,,,,,,,True,True,All-rounder
DM Basden (BMUDA),2007-2007,2007.0,2007.0,1.0,2.0,2.0,0.0,12.0,7,7.0,0.0,6.0,39.0,30.76,0.0,0.0,0.0,6.0,0.0,0.0,15.904,2007-2007,2007,2007,0,2,,,,,-,,,,,,,,,,,,,,,,,,,,,,,,,,True,True,All-rounder
DM Benkenstein (SA),1998-2002,1998.0,2002.0,5.0,23.0,20.0,3.0,305.0,69,69.0,0.0,17.94,463.0,65.87,0.0,1.0,3.0,13.26,0.0,4.35,37.112,1998-2002,1998,2002,4,23,4.0,65.0,44.0,4.0,03-May,11.0,4.06,16.2,0.0,0.0,0.17,0.25,0.2,0.0,,,,,,,,,,,,,,,,,True,True,All-rounder
DM Bravo (WI),2009-2019,2009.0,2019.0,11.0,110.0,105.0,13.0,2839.0,124,124.0,0.0,30.85,4045.0,70.18,3.0,18.0,8.0,25.81,2.73,16.36,46.582,2009-2019,2009,2019,10,110,,,,,-,,,,,,,,,,,,,,,,,,,,,,,,,,True,True,All-rounder
DM Gondaria (KENYA),2013-2013,2013.0,2013.0,1.0,2.0,2.0,0.0,7.0,6,6.0,0.0,3.5,45.0,15.55,0.0,0.0,0.0,3.5,0.0,0.0,8.32,2013-2013,2013,2013,0,2,,,,,-,,,,,,,,,,,,,,,,,,,,,,,,,,True,True,All-rounder
DM Jones (AUS),1984-1994,1984.0,1994.0,11.0,164.0,161.0,25.0,6068.0,145,145.0,0.0,44.61,8362.0,72.56,7.0,46.0,6.0,37.0,4.27,28.05,55.79,1984-1994,1984,1994,10,164,8.0,106.0,81.0,3.0,Feb-34,27.0,4.58,35.3,0.0,0.0,0.02,0.22,0.08,0.0,,,,,,,,,,,,,,,,,True,True,All-rounder
DM Richards (WI),2009-2010,2009.0,2010.0,2.0,8.0,7.0,0.0,179.0,59,59.0,0.0,25.57,251.0,71.31,0.0,2.0,0.0,22.38,0.0,25.0,43.866,2009-2010,2009,2010,1,8,,,,,-,,,,,,,,,,,,,,,,,,,,,,,,,,True,True,All-rounder
DM Smith (ENG),1986-1990,1986.0,1990.0,5.0,2.0,2.0,1.0,15.0,10*,10.0,1.0,15.0,40.0,37.5,0.0,0.0,0.0,7.5,0.0,0.0,24.0,1986-1990,1986,1990,4,2,,,,,-,,,,,,,,,,,,,,,,,,,,,,,,,,True,True,All-rounder
DM Vonhagt (SL),1985-1985,1985.0,1985.0,1.0,1.0,1.0,0.0,8.0,8,8.0,0.0,8.0,17.0,47.05,0.0,0.0,0.0,8.0,0.0,0.0,23.62,1985-1985,1985,1985,0,1,,,,,-,,,,,,,,,,,,,,,,,,,,,,,,,,True,True,All-rounder
DM Wellham (AUS),1981-1987,1981.0,1987.0,7.0,17.0,17.0,2.0,379.0,97,97.0,0.0,25.26,699.0,54.22,0.0,1.0,0.0,22.29,0.0,5.88,36.844,1981-1987,1981,1987,6,17,,,,,-,,,,,,,,,,,,,,,,,,,,,,,,,,True,True,All-rounder
DM de Silva (SL),2016-2019,2016.0,2019.0,4.0,42.0,39.0,7.0,814.0,84,84.0,0.0,25.43,1073.0,75.86,0.0,4.0,3.0,19.38,0.0,9.52,45.602,2016-2019,2016,2019,3,42,35.0,1028.0,899.0,22.0,Mar-32,40.86,5.24,46.7,0.0,0.0,0.52,0.19,0.42,0.0,,,,,,,,,,,,,,,,,True,True,All-rounder
DN Chudasama (KENYA),1996-1999,1996.0,1999.0,4.0,20.0,19.0,0.0,434.0,122,122.0,0.0,22.84,685.0,63.35,1.0,1.0,2.0,21.7,5.0,5.0,39.044,1996-1999,1996,1999,3,20,,,,,-,,,,,,,,,,,,,,,,,,,,,,,,,,True,True,All-rounder
DN Crookes (SA),1994-2000,1994.0,2000.0,7.0,32.0,23.0,3.0,296.0,54,54.0,0.0,14.8,412.0,71.84,0.0,1.0,3.0,9.25,0.0,3.13,37.616,1994-2000,1994,2000,6,32,30.0,1221.0,1011.0,25.0,Mar-30,40.44,4.96,48.8,0.0,0.0,0.78,0.2,0.61,0.0,,,,,,,,,,,,,,,,,True,True,All-rounder
DN Patel (NZ),1987-1997,1987.0,1997.0,11.0,75.0,63.0,10.0,623.0,71,71.0,0.0,11.75,868.0,71.77,0.0,1.0,6.0,8.31,0.0,1.33,35.758,1987-1997,1987,1997,10,75,69.0,3251.0,2261.0,45.0,Mar-22,50.24,4.17,72.2,0.0,0.0,0.6,0.24,0.49,0.0,,,,,,,,,,,,,,,,,True,True,All-rounder
DNT Zoysa (SL),1997-2007,1997.0,2007.0,11.0,95.0,47.0,21.0,343.0,47*,47.0,1.0,13.19,358.0,95.81,0.0,0.0,5.0,3.61,0.0,0.0,46.238,1997-2007,1997,2007,10,95,93.0,4259.0,3213.0,108.0,May-26,29.75,4.52,39.4,2.0,1.0,1.14,0.22,0.86,0.011,,,,,,,,,,,,,,,,,True,True,All-rounder
DO Obuya (KENYA),2001-2012,2001.0,2012.0,12.0,74.0,73.0,3.0,1355.0,93,93.0,0.0,19.35,2135.0,63.46,0.0,6.0,10.0,18.31,0.0,8.11,36.994,2001-2012,2001,2012,11,74,,,,,-,,,,,,,,,,,,,,,,,,,,,,,,,,True,True,All-rounder
DP Hyatt (WI),2011-2011,2011.0,2011.0,1.0,9.0,9.0,1.0,112.0,39,39.0,0.0,14.0,188.0,59.57,0.0,0.0,1.0,12.44,0.0,0.0,32.228,2011-2011,2011,2011,0,9,,,,,-,,,,,,,,,,,,,,,,,,,,,,,,,,True,True,All-rounder
DP Nannes (AUS),2009-2009,2009.0,2009.0,1.0,1.0,1.0,0.0,1.0,1,1.0,0.0,1.0,2.0,50.0,0.0,0.0,0.0,1.0,0.0,0.0,20.6,2009-2009,2009,2009,0,1,1.0,42.0,20.0,1.0,Jan-20,20.0,2.85,42.0,0.0,0.0,1.0,0.35,0.81,0.0,,,,,,,,,,,,,,,,,True,True,All-rounder
DP Samaraweera (SL),1993-1994,1993.0,1994.0,2.0,5.0,4.0,0.0,91.0,49,49.0,0.0,22.75,169.0,53.84,0.0,0.0,0.0,18.2,0.0,0.0,35.186,1993-1994,1993,1994,1,5,,,,,-,,,,,,,,,,,,,,,,,,,,,,,,,,True,True,All-rounder
DP Viljoen (ZIM),1997-2001,1997.0,2001.0,5.0,53.0,43.0,7.0,512.0,63*,63.0,1.0,14.22,827.0,61.91,0.0,2.0,5.0,9.66,0.0,3.77,33.296,1997-2001,1997,2001,4,53,46.0,2075.0,1639.0,44.0,Mar-20,37.25,4.73,47.1,0.0,0.0,0.83,0.21,0.64,0.0,,,,,,,,,,,,,,,,,True,True,All-rounder
DPMD Jayawardene (Asia/SL),1998-2015,1998.0,2015.0,18.0,448.0,418.0,39.0,12650.0,144,144.0,0.0,33.37,16020.0,78.96,19.0,77.0,28.0,28.24,4.24,17.19,51.606,1998-2015,1998,2015,17,448,28.0,593.0,563.0,8.0,Feb-56,70.37,5.69,74.1,0.0,0.0,0.02,0.18,0.07,0.0,1998-2015,1998.0,2015.0,17.0,448.0,443.0,218.0,218.0,0.0,0.0,218.0,,0.492,0.49,0.49,0.0,True,True,All-rounder
DR Briggs (ENG),,,,,,,,,,,,,,,,,,,,,,2012-2012,2012,2012,0,1,1.0,60.0,39.0,2.0,Feb-39,19.5,3.9,30.0,0.0,0.0,2.0,0.26,1.48,0.0,,,,,,,,,,,,,,,,,False,True,Bowler
DR Brown (ENG/SCOT),1997-2007,1997.0,2007.0,11.0,25.0,24.0,6.0,319.0,50*,50.0,1.0,17.72,481.0,66.32,0.0,1.0,3.0,12.76,0.0,4.0,37.16,1997-2007,1997,2007,10,25,25.0,953.0,919.0,22.0,Mar-37,41.77,5.78,43.3,0.0,0.0,0.88,0.17,0.67,0.0,,,,,,,,,,,,,,,,,True,True,All-rounder
DR Chumney (CAN),2003-2007,2003.0,2007.0,5.0,21.0,21.0,2.0,397.0,48,48.0,0.0,20.89,595.0,66.72,0.0,0.0,0.0,18.9,0.0,0.0,39.222,2003-2007,2003,2007,4,21,,,,,-,,,,,,,,,,,,,,,,,,,,,,,,,,True,True,All-rounder
DR Doshi (INDIA),1980-1982,1980.0,1982.0,3.0,15.0,5.0,2.0,9.0,5*,5.0,1.0,3.0,20.0,45.0,0.0,0.0,2.0,0.6,0.0,0.0,19.8,1980-1982,1980,1982,2,15,15.0,792.0,524.0,22.0,Apr-30,23.81,3.96,36.0,2.0,0.0,1.47,0.25,1.1,0.0,,,,,,,,,,,,,,,,,True,True,All-rounder
DR Flynn (NZ),2008-2012,2008.0,2012.0,5.0,20.0,17.0,2.0,228.0,35,35.0,0.0,15.2,360.0,63.33,0.0,0.0,3.0,11.4,0.0,0.0,34.452,2008-2012,2008,2012,4,20,3.0,24.0,25.0,0.0,-,,6.25,,0.0,0.0,0.0,0.16,0.05,0.0,,,,,,,,,,,,,,,,,True,True,All-rounder
DR Gilbert (AUS),1986-1986,1986.0,1986.0,1.0,14.0,8.0,3.0,39.0,8,8.0,0.0,7.8,102.0,38.23,0.0,0.0,0.0,2.79,0.0,0.0,19.972,1986-1986,1986,1986,0,14,14.0,684.0,552.0,18.0,May-46,30.66,4.84,38.0,0.0,1.0,1.29,0.21,0.96,0.071,,,,,,,,,,,,,,,,,True,True,All-rounder
DR Hadlee (NZ),1973-1976,1973.0,1976.0,4.0,11.0,7.0,2.0,40.0,20,20.0,0.0,8.0,85.0,47.05,0.0,0.0,3.0,3.64,0.0,0.0,23.62,1973-1976,1973,1976,3,11,11.0,628.0,364.0,20.0,Apr-34,18.2,3.47,31.4,1.0,0.0,1.82,0.29,1.36,0.0,,,,,,,,,,,,,,,,,True,True,All-rounder
DR Lockhart (SCOT),2006-2010,2006.0,2010.0,5.0,14.0,11.0,2.0,218.0,46,46.0,0.0,24.22,341.0,63.92,0.0,0.0,1.0,15.57,0.0,0.0,40.1,2006-2010,2006,2010,4,14,,,,,-,,,,,,,,,,,,,,,,,,,,,,,,,,True,True,All-rounder
DR Martyn (AUS),1992-2006,1992.0,2006.0,15.0,208.0,182.0,51.0,5346.0,144*,144.0,1.0,40.8,6877.0,77.73,5.0,37.0,10.0,25.7,2.4,17.79,55.572,1992-2006,1992,2006,14,208,31.0,794.0,704.0,12.0,Feb-21,58.66,5.31,66.1,0.0,0.0,0.06,0.19,0.1,0.0,,,,,,,,,,,,,,,,,True,True,All-rounder
DR O'Sullivan (NZ),1974-1976,1974.0,1976.0,3.0,3.0,2.0,1.0,2.0,1*,1.0,1.0,2.0,5.0,40.0,0.0,0.0,0.0,0.67,0.0,0.0,17.2,1974-1976,1974,1976,2,3,3.0,168.0,123.0,2.0,Jan-38,61.5,4.39,84.0,0.0,0.0,0.67,0.23,0.54,0.0,,,,,,,,,,,,,,,,,True,True,All-rounder
DR Parry (WI),1978-1980,1978.0,1980.0,3.0,6.0,5.0,1.0,61.0,32,32.0,0.0,15.25,77.0,79.22,0.0,0.0,0.0,10.17,0.0,0.0,40.838,1978-1980,1978,1980,2,6,6.0,330.0,259.0,11.0,Mar-47,23.54,4.7,30.0,0.0,0.0,1.83,0.21,1.35,0.0,,,,,,,,,,,,,,,,,True,True,All-rounder
DR Pringle (ENG),1982-1993,1982.0,1993.0,12.0,44.0,30.0,12.0,425.0,49*,49.0,1.0,23.61,616.0,68.99,0.0,0.0,1.0,9.66,0.0,0.0,41.762,1982-1993,1982,1993,11,44,44.0,2379.0,1677.0,44.0,Apr-42,38.11,4.22,54.0,1.0,0.0,1.0,0.24,0.77,0.0,,,,,,,,,,,,,,,,,True,True,All-rounder
DR Ramsammy (CAN),2012-2012,2012.0,2012.0,1.0,1.0,1.0,0.0,0.0,0,0.0,0.0,0.0,3.0,0.0,0.0,0.0,1.0,0.0,0.0,0.0,0.0,2012-2012,2012,2012,0,1,,,,,-,,,,,,,,,,,,,,,,,,,,,,,,,,True,True,All-rounder
DR Smith (WI),2004-2015,2004.0,2015.0,12.0,105.0,89.0,5.0,1560.0,97,97.0,0.0,18.57,1683.0,92.69,0.0,8.0,14.0,14.86,0.0,7.62,48.218,2004-2015,2004,2015,11,105,73.0,2726.0,2285.0,61.0,May-45,37.45,5.02,44.6,3.0,1.0,0.58,0.2,0.47,0.01,,,,,,,,,,,,,,,,,True,True,All-rounder
DR Tuffey (NZ),2000-2010,2000.0,2010.0,11.0,94.0,52.0,21.0,295.0,36,36.0,0.0,9.51,372.0,79.3,0.0,0.0,7.0,3.14,0.0,0.0,37.426,2000-2010,2000,2010,10,94,92.0,4333.0,3534.0,110.0,Apr-24,32.12,4.89,39.3,2.0,0.0,1.17,0.2,0.88,0.0,,,,,,,,,,,,,,,,,True,True,All-rounder
DS Airee (NEPAL),2018-2019,2018.0,2019.0,2.0,6.0,6.0,0.0,108.0,40,40.0,0.0,18.0,158.0,68.35,0.0,0.0,1.0,18.0,0.0,0.0,38.14,2018-2019,2018,2019,1,6,3.0,78.0,51.0,1.0,Jan-19,51.0,3.92,78.0,0.0,0.0,0.17,0.26,0.19,0.0,,,,,,,,,,,,,,,,,True,True,All-rounder
DS Kulkarni (INDIA),2014-2016,2014.0,2016.0,3.0,12.0,2.0,2.0,27.0,25*,25.0,1.0,,28.0,96.42,0.0,0.0,0.0,2.25,0.0,0.0,,2014-2016,2014,2016,2,12,12.0,598.0,508.0,19.0,Apr-34,26.73,5.09,31.4,1.0,0.0,1.58,0.2,1.17,0.0,,,,,,,,,,,,,,,,,True,True,All-rounder
DS Lehmann (AUS),1996-2005,1996.0,2005.0,10.0,117.0,101.0,22.0,3078.0,119,119.0,0.0,38.96,3784.0,81.34,4.0,17.0,4.0,26.31,3.42,14.53,55.912,1996-2005,1996,2005,9,117,62.0,1793.0,1445.0,52.0,04-Jul,27.78,4.83,34.4,1.0,0.0,0.44,0.21,0.37,0.0,,,,,,,,,,,,,,,,,True,True,All-rounder
DS Mohanty (INDIA),1997-2001,1997.0,2001.0,5.0,45.0,11.0,6.0,28.0,18*,18.0,1.0,5.6,57.0,49.12,0.0,0.0,3.0,0.62,0.0,0.0,23.008,1997-2001,1997,2001,4,45,44.0,1996.0,1662.0,57.0,Apr-56,29.15,4.99,35.0,1.0,0.0,1.27,0.2,0.95,0.0,,,,,,,,,,,,,,,,,True,True,All-rounder
DS Smith (WI),2003-2013,2003.0,2013.0,11.0,47.0,45.0,2.0,1059.0,107,107.0,0.0,24.62,1506.0,70.31,1.0,5.0,4.0,22.53,2.13,10.64,42.896,2003-2013,2003,2013,10,47,2.0,17.0,17.0,0.0,-,,6.0,,0.0,0.0,0.0,0.17,0.05,0.0,,,,,,,,,,,,,,,,,True,True,All-rounder
DS Steele (ENG),1976-1976,1976.0,1976.0,1.0,1.0,1.0,0.0,8.0,8,8.0,0.0,8.0,12.0,66.66,0.0,0.0,0.0,8.0,0.0,0.0,31.464,1976-1976,1976,1976,0,1,1.0,6.0,9.0,0.0,-,,9.0,,0.0,0.0,0.0,0.11,0.03,0.0,,,,,,,,,,,,,,,,,True,True,All-rounder
DS Weerakkody (SL),2017-2017,2017.0,2017.0,1.0,3.0,3.0,0.0,73.0,58,58.0,0.0,24.33,66.0,110.6,0.0,1.0,0.0,24.33,0.0,33.33,58.838,2017-2017,2017,2017,0,3,,,,,-,,,,,,,,,,,,,,,,,,,,,,,,,,True,True,All-rounder
DS Wesonga (KENYA),2010-2011,2010.0,2011.0,2.0,4.0,4.0,1.0,61.0,33,33.0,0.0,20.33,108.0,56.48,0.0,0.0,0.0,15.25,0.0,0.0,34.79,2010-2011,2010,2011,1,4,1.0,42.0,28.0,2.0,Feb-28,14.0,4.0,21.0,0.0,0.0,0.5,0.25,0.43,0.0,,,,,,,,,,,,,,,,,True,True,All-rounder
DS de Silva (SL),1975-1985,1975.0,1985.0,11.0,41.0,29.0,10.0,371.0,37*,37.0,1.0,19.52,691.0,53.69,0.0,0.0,0.0,9.05,0.0,0.0,33.188,1975-1985,1975,1985,10,41,40.0,2076.0,1557.0,32.0,Mar-29,48.65,4.5,64.8,0.0,0.0,0.78,0.22,0.61,0.0,,,,,,,,,,,,,,,,,True,True,All-rounder
DSBP Kuruppu (SL),1983-1990,1983.0,1990.0,8.0,54.0,52.0,1.0,1022.0,72,72.0,0.0,20.03,1978.0,51.66,0.0,4.0,3.0,18.93,0.0,7.41,32.682,1983-1990,1983,1990,7,54,,,,,-,,,,,,,,,,,,,,,,,,,,,,,,,,True,True,All-rounder
DSK Madushanka (SL),2018-2018,2018.0,2018.0,1.0,1.0,1.0,0.0,7.0,7,7.0,0.0,7.0,6.0,116.66,0.0,0.0,0.0,7.0,0.0,0.0,50.864,2018-2018,2018,2018,0,1,1.0,37.0,26.0,3.0,Mar-26,8.66,4.21,12.3,0.0,0.0,3.0,0.24,2.17,0.0,,,,,,,,,,,,,,,,,True,True,All-rounder
DT Christian (AUS),2012-2014,2012.0,2014.0,3.0,19.0,18.0,5.0,273.0,39,39.0,0.0,21.0,307.0,88.92,0.0,0.0,0.0,14.37,0.0,0.0,48.168,2012-2014,2012,2014,2,19,19.0,727.0,595.0,20.0,May-31,29.75,4.91,36.3,0.0,1.0,1.05,0.2,0.8,0.053,,,,,,,,,,,,,,,,,True,True,All-rounder
DT Hondo (ZIM),2001-2005,2001.0,2005.0,5.0,56.0,29.0,12.0,127.0,17,17.0,0.0,7.47,249.0,51.0,0.0,0.0,4.0,2.27,0.0,0.0,24.882,2001-2005,2001,2005,4,56,56.0,2381.0,2171.0,61.0,Apr-37,35.59,5.47,39.0,3.0,0.0,1.09,0.18,0.82,0.0,,,,,,,,,,,,,,,,,True,True,All-rounder
DT Johnston (IRE),2006-2013,2006.0,2013.0,8.0,67.0,53.0,15.0,743.0,45*,45.0,1.0,19.55,785.0,94.64,0.0,0.0,3.0,11.09,0.0,0.0,49.586,2006-2013,2006,2013,7,67,63.0,2930.0,2115.0,66.0,May-14,32.04,4.33,44.3,1.0,1.0,0.99,0.23,0.76,0.015,,,,,,,,,,,,,,,,,True,True,All-rounder
DT Mutendera (ZIM),1999-2001,1999.0,2001.0,3.0,9.0,4.0,2.0,20.0,10,10.0,0.0,10.0,43.0,46.51,0.0,0.0,0.0,2.22,0.0,0.0,24.604,1999-2001,1999,2001,2,9,9.0,390.0,334.0,9.0,Mar-23,37.11,5.13,43.3,0.0,0.0,1.0,0.19,0.76,0.0,,,,,,,,,,,,,,,,,True,True,All-rounder
DT Tiripano (ZIM),2014-2019,2014.0,2019.0,6.0,31.0,22.0,6.0,271.0,44,44.0,0.0,16.93,468.0,57.9,0.0,0.0,1.0,8.74,0.0,0.0,33.318,2014-2019,2014,2019,5,31,29.0,1220.0,1122.0,28.0,May-63,40.07,5.51,43.5,0.0,1.0,0.9,0.18,0.69,0.032,,,,,,,,,,,,,,,,,True,True,All-rounder
DV Lawrence (ENG),,,,,,,,,,,,,,,,,,,,,,1991-1991,1991,1991,0,1,1.0,66.0,67.0,4.0,Apr-67,16.75,6.09,16.5,1.0,0.0,4.0,0.16,2.85,0.0,,,,,,,,,,,,,,,,,False,True,Bowler
DW Fleming (AUS),1994-2001,1994.0,2001.0,8.0,88.0,31.0,18.0,152.0,29,29.0,0.0,11.69,221.0,68.77,0.0,0.0,5.0,1.73,0.0,0.0,34.522,1994-2001,1994,2001,7,88,88.0,4619.0,3402.0,134.0,May-36,25.38,4.41,34.4,4.0,1.0,1.52,0.23,1.13,0.011,,,,,,,,,,,,,,,,,True,True,All-rounder
DW Headley (ENG),1996-1999,1996.0,1999.0,4.0,13.0,6.0,4.0,22.0,10*,10.0,1.0,11.0,49.0,44.89,0.0,0.0,1.0,1.69,0.0,0.0,24.556,1996-1999,1996,1999,3,13,13.0,594.0,520.0,11.0,Feb-38,47.27,5.25,54.0,0.0,0.0,0.85,0.19,0.65,0.0,,,,,,,,,,,,,,,,,True,True,All-rounder
DW Hookes (AUS),1977-1986,1977.0,1986.0,10.0,39.0,36.0,2.0,826.0,76,76.0,0.0,24.29,1146.0,72.07,0.0,5.0,3.0,21.18,0.0,12.82,43.402,1977-1986,1977,1986,9,39,3.0,29.0,28.0,1.0,01-Feb,28.0,5.79,29.0,0.0,0.0,0.03,0.17,0.07,0.0,,,,,,,,,,,,,,,,,True,True,All-rounder
DW Randall (ENG),1976-1985,1976.0,1985.0,10.0,49.0,45.0,5.0,1067.0,88,88.0,0.0,26.67,1702.0,62.69,0.0,5.0,4.0,21.78,0.0,10.2,41.078,1976-1985,1976,1985,9,49,1.0,2.0,2.0,1.0,01-Feb,2.0,6.0,2.0,0.0,0.0,0.02,0.17,0.06,0.0,,,,,,,,,,,,,,,,,True,True,All-rounder
DW Steyn (Afr/SA),2005-2019,2005.0,2019.0,15.0,125.0,51.0,12.0,365.0,60,60.0,0.0,9.35,562.0,64.94,0.0,1.0,8.0,2.92,0.0,0.8,31.586,2005-2019,2005,2019,14,125,124.0,6256.0,5087.0,196.0,Jun-39,25.95,4.87,31.9,4.0,3.0,1.57,0.21,1.16,0.024,,,,,,,,,,,,,,,,,True,True,All-rounder
DWO Morgan (BMUDA),2006-2006,2006.0,2006.0,1.0,2.0,2.0,0.0,2.0,1,1.0,0.0,1.0,11.0,18.18,0.0,0.0,0.0,1.0,0.0,0.0,7.872,2006-2006,2006,2006,0,2,,,,,-,,,,,,,,,,,,,,,,,,,,,,,,,,True,True,All-rounder
Danish Kaneria (PAK),2001-2007,2001.0,2007.0,7.0,18.0,10.0,8.0,12.0,6*,6.0,1.0,6.0,22.0,54.54,0.0,0.0,2.0,0.67,0.0,0.0,25.416,2001-2007,2001,2007,6,18,18.0,854.0,683.0,15.0,Mar-31,45.53,4.79,56.9,0.0,0.0,0.83,0.21,0.65,0.0,,,,,,,,,,,,,,,,,True,True,All-rounder
Dawlat Ahmadzai (AFG),,,,,,,,,,,,,,,,,,,,,,2009-2010,2009,2010,1,3,3.0,112.0,121.0,1.0,Jan-40,121.0,6.48,112.0,0.0,0.0,0.33,0.15,0.28,0.0,,,,,,,,,,,,,,,,,False,True,Bowler
Dawlat Zadran (AFG),2011-2019,2011.0,2019.0,9.0,82.0,56.0,27.0,513.0,47*,47.0,1.0,17.68,664.0,77.25,0.0,0.0,7.0,6.26,0.0,0.0,41.508,2011-2019,2011,2019,8,82,80.0,3769.0,3423.0,115.0,Apr-22,29.76,5.44,32.7,3.0,0.0,1.4,0.18,1.04,0.0,,,,,,,,,,,,,,,,,True,True,All-rounder
Dhiman Ghosh (BDESH),2008-2008,2008.0,2008.0,1.0,14.0,12.0,3.0,126.0,30,30.0,0.0,14.0,201.0,62.68,0.0,0.0,3.0,9.0,0.0,0.0,33.472,2008-2008,2008,2008,0,14,,,,,-,,,,,,,,,,,,,,,,,,,,,,,,,,True,True,All-rounder
Dolar Mahmud (BDESH),2008-2009,2008.0,2009.0,2.0,7.0,4.0,0.0,61.0,41,41.0,0.0,15.25,44.0,138.63,0.0,0.0,2.0,8.71,0.0,0.0,64.602,2008-2009,2008,2009,1,7,7.0,210.0,258.0,8.0,Apr-28,32.25,7.37,26.2,1.0,0.0,1.14,0.14,0.84,0.0,,,,,,,,,,,,,,,,,True,True,All-rounder
E Chigumbura (Afr/ZIM),2004-2018,2004.0,2018.0,15.0,213.0,198.0,26.0,4340.0,117,117.0,0.0,25.23,5423.0,80.02,2.0,19.0,17.0,20.38,0.94,8.92,47.146,2004-2018,2004,2018,14,213,132.0,4339.0,4274.0,101.0,Apr-28,42.31,5.91,42.9,1.0,0.0,0.47,0.17,0.38,0.0,,,,,,,,,,,,,,,,,True,True,All-rounder
E Katchay (CAN),2008-2009,2008.0,2009.0,2.0,5.0,3.0,1.0,23.0,12,12.0,0.0,11.5,41.0,56.09,0.0,0.0,0.0,4.6,0.0,0.0,29.336,2008-2009,2008,2009,1,5,5.0,174.0,143.0,4.0,Mar-39,35.75,4.93,43.5,0.0,0.0,0.8,0.2,0.62,0.0,,,,,,,,,,,,,,,,,True,True,All-rounder
E Lewis (WI),2016-2019,2016.0,2019.0,4.0,48.0,45.0,2.0,1402.0,176*,176.0,1.0,32.6,1704.0,82.27,2.0,7.0,2.0,29.21,4.17,14.58,52.468,2016-2019,2016,2019,3,48,,,,,-,,,,,,,,,,,,,,,,,,,,,,,,,,True,True,All-rounder
E Otieno (KENYA),2007-2014,2007.0,2014.0,8.0,26.0,17.0,7.0,49.0,11,11.0,0.0,4.9,136.0,36.02,0.0,0.0,5.0,1.88,0.0,0.0,17.348,2007-2014,2007,2014,7,26,25.0,954.0,927.0,22.0,Apr-33,42.13,5.83,43.3,1.0,0.0,0.85,0.17,0.64,0.0,,,,,,,,,,,,,,,,,True,True,All-rounder
E Schiferli (NL),2002-2013,2002.0,2013.0,12.0,30.0,22.0,6.0,161.0,41,41.0,0.0,10.06,218.0,73.85,0.0,0.0,4.0,5.37,0.0,0.0,35.576,2002-2013,2002,2013,11,30,30.0,1294.0,1008.0,33.0,Apr-23,30.54,4.67,39.2,3.0,0.0,1.1,0.21,0.83,0.0,,,,,,,,,,,,,,,,,True,True,All-rounder
EA Brandes (ZIM),1987-1999,1987.0,1999.0,13.0,59.0,41.0,10.0,404.0,55,55.0,0.0,13.03,448.0,90.17,0.0,2.0,3.0,6.85,0.0,3.39,43.886,1987-1999,1987,1999,12,59,59.0,2828.0,2266.0,70.0,May-28,32.37,4.8,40.4,1.0,2.0,1.19,0.21,0.89,0.034,,,,,,,,,,,,,,,,,True,True,All-rounder
EA Essop-Adam (ZIM),1992-1992,1992.0,1992.0,1.0,1.0,1.0,1.0,14.0,14*,14.0,1.0,,15.0,93.33,0.0,0.0,0.0,14.0,0.0,0.0,,1992-1992,1992,1992,0,1,,,,,-,,,,,,,,,,,,,,,,,,,,,,,,,,True,True,All-rounder
EA Moseley (WI),1990-1991,1990.0,1991.0,2.0,9.0,6.0,2.0,7.0,2*,2.0,1.0,1.75,15.0,46.66,0.0,0.0,2.0,0.78,0.0,0.0,19.714,1990-1991,1990,1991,1,9,8.0,330.0,278.0,7.0,Feb-52,39.71,5.05,47.1,0.0,0.0,0.78,0.2,0.6,0.0,,,,,,,,,,,,,,,,,True,True,All-rounder
EAE Baptiste (WI),1983-1990,1983.0,1990.0,8.0,43.0,16.0,4.0,184.0,31,31.0,0.0,15.33,241.0,76.34,0.0,0.0,0.0,4.28,0.0,0.0,39.734,1983-1990,1983,1990,7,43,43.0,2214.0,1511.0,36.0,02-Oct,41.97,4.09,61.5,0.0,0.0,0.84,0.24,0.66,0.0,,,,,,,,,,,,,,,,,True,True,All-rounder
EAR de Silva (SL),1986-1992,1986.0,1992.0,7.0,28.0,20.0,6.0,138.0,19*,19.0,1.0,9.85,241.0,57.26,0.0,0.0,2.0,4.93,0.0,0.0,28.814,1986-1992,1986,1992,6,28,28.0,1374.0,967.0,17.0,Mar-38,56.88,4.22,80.8,0.0,0.0,0.61,0.24,0.5,0.0,,,,,,,,,,,,,,,,,True,True,All-rounder
EB McSweeney (NZ),1986-1987,1986.0,1987.0,2.0,16.0,14.0,5.0,73.0,18*,18.0,1.0,8.11,119.0,61.34,0.0,0.0,2.0,4.56,0.0,0.0,29.402,1986-1987,1986,1987,1,16,,,,,-,,,,,,,,,,,,,,,,,,,,,,,,,,True,True,All-rounder
EB Ringera (KENYA),,,,,,,,,,,,,,,,,,,,,,2011-2011,2011,2011,0,1,1.0,60.0,28.0,0.0,-,,2.8,,0.0,0.0,0.0,0.36,0.11,0.0,,,,,,,,,,,,,,,,,False,True,Bowler
EC Joyce (ENG/IRE),2006-2018,2006.0,2018.0,13.0,78.0,77.0,8.0,2622.0,160*,160.0,1.0,38.0,3630.0,72.23,6.0,15.0,5.0,33.62,7.69,19.23,51.692,2006-2018,2006,2018,12,78,,,,,-,,,,,,,,,,,,,,,,,,,,,,,,,,True,True,All-rounder
EC Rainsford (ZIM),2004-2010,2004.0,2010.0,7.0,39.0,23.0,13.0,55.0,9*,9.0,1.0,5.5,134.0,41.04,0.0,0.0,2.0,1.41,0.0,0.0,19.716,2004-2010,2004,2010,6,39,39.0,1907.0,1401.0,45.0,May-36,31.13,4.4,42.3,1.0,1.0,1.15,0.23,0.88,0.026,,,,,,,,,,,,,,,,,True,True,All-rounder
ED Solkar (INDIA),1974-1976,1974.0,1976.0,3.0,7.0,6.0,0.0,27.0,13,13.0,0.0,4.5,79.0,34.17,0.0,0.0,1.0,3.86,0.0,0.0,16.368,1974-1976,1974,1976,2,7,6.0,252.0,169.0,4.0,Feb-31,42.25,4.02,63.0,0.0,0.0,0.57,0.25,0.47,0.0,,,,,,,,,,,,,,,,,True,True,All-rounder
EE Hemmings (ENG),1982-1991,1982.0,1991.0,10.0,33.0,12.0,6.0,30.0,8*,8.0,1.0,5.0,61.0,49.18,0.0,0.0,1.0,0.91,0.0,0.0,22.672,1982-1991,1982,1991,9,33,32.0,1752.0,1294.0,37.0,Apr-52,34.97,4.43,47.3,1.0,0.0,1.12,0.23,0.85,0.0,,,,,,,,,,,,,,,,,True,True,All-rounder
EH Hutchinson (USA),2019-2019,2019.0,2019.0,1.0,4.0,3.0,1.0,71.0,42*,42.0,1.0,35.5,49.0,144.89,0.0,0.0,0.0,17.75,0.0,0.0,79.256,2019-2019,2019,2019,0,4,3.0,78.0,82.0,0.0,-,,6.3,,0.0,0.0,0.0,0.16,0.05,0.0,,,,,,,,,,,,,,,,,True,True,All-rounder
EH Mattis (WI),1981-1981,1981.0,1981.0,1.0,2.0,2.0,0.0,86.0,62,62.0,0.0,43.0,190.0,45.26,0.0,1.0,0.0,43.0,0.0,50.0,43.904,1981-1981,1981,1981,0,2,,,,,-,,,,,,,,,,,,,,,,,,,,,,,,,,True,True,All-rounder
EHSN Silva (UAE),2008-2008,2008.0,2008.0,1.0,1.0,1.0,0.0,7.0,7,7.0,0.0,7.0,13.0,53.84,0.0,0.0,0.0,7.0,0.0,0.0,25.736,2008-2008,2008,2008,0,1,1.0,42.0,33.0,0.0,-,,4.71,,0.0,0.0,0.0,0.21,0.06,0.0,,,,,,,,,,,,,,,,,True,True,All-rounder
EJ Chatfield (NZ),1979-1989,1979.0,1989.0,11.0,114.0,48.0,37.0,118.0,19*,19.0,1.0,10.72,346.0,34.1,0.0,0.0,6.0,1.04,0.0,0.0,20.072,1979-1989,1979,1989,10,114,112.0,6065.0,3618.0,140.0,May-34,25.84,3.57,43.3,3.0,1.0,1.23,0.28,0.94,0.009,,,,,,,,,,,,,,,,,True,True,All-rounder
EJ Gray (NZ),1984-1988,1984.0,1988.0,5.0,10.0,7.0,1.0,98.0,38,38.0,0.0,16.33,230.0,42.6,0.0,0.0,0.0,9.8,0.0,0.0,26.838,1984-1988,1984,1988,4,10,9.0,386.0,286.0,8.0,Feb-26,35.75,4.44,48.2,0.0,0.0,0.8,0.23,0.63,0.0,,,,,,,,,,,,,,,,,True,True,All-rounder
EJ Richardson (IRE),2013-2013,2013.0,2013.0,1.0,2.0,1.0,0.0,12.0,12,12.0,0.0,12.0,18.0,66.66,0.0,0.0,0.0,6.0,0.0,0.0,33.864,2013-2013,2013,2013,0,2,2.0,66.0,54.0,2.0,Feb-39,27.0,4.9,33.0,0.0,0.0,1.0,0.2,0.76,0.0,,,,,,,,,,,,,,,,,True,True,All-rounder
EJG Morgan (ENG/IRE),2006-2019,2006.0,2019.0,14.0,233.0,217.0,32.0,7348.0,148,148.0,0.0,39.71,8053.0,91.24,13.0,46.0,15.0,31.54,5.58,19.74,60.322,2006-2019,2006,2019,13,233,,,,,-,,,,,,,,,,,,,,,,,,,,,,,,,,True,True,All-rounder
EL Gouka (NL),1996-1996,1996.0,1996.0,1.0,3.0,2.0,1.0,19.0,19,19.0,0.0,19.0,36.0,52.77,0.0,0.0,0.0,6.33,0.0,0.0,32.508,1996-1996,1996,1996,0,3,2.0,22.0,51.0,1.0,Jan-32,51.0,13.9,22.0,0.0,0.0,0.33,0.07,0.25,0.0,,,,,,,,,,,,,,,,,True,True,All-rounder
ELR Stewart (SA),1993-2002,1993.0,2002.0,10.0,6.0,6.0,2.0,61.0,23*,23.0,1.0,15.25,116.0,52.58,0.0,0.0,0.0,10.17,0.0,0.0,30.182,1993-2002,1993,2002,9,6,,,,,-,,,,,,,,,,,,,,,,,,,,,,,,,,True,True,All-rounder
EMDY Munaweera (SL),2017-2017,2017.0,2017.0,1.0,2.0,2.0,0.0,15.0,11,11.0,0.0,7.5,29.0,51.72,0.0,0.0,0.0,7.5,0.0,0.0,25.188,2017-2017,2017,2017,0,2,,,,,-,,,,,,,,,,,,,,,,,,,,,,,,,,True,True,All-rounder
EO Odumbe (KENYA),1996-1996,1996.0,1996.0,1.0,8.0,7.0,1.0,61.0,20,20.0,0.0,10.16,150.0,40.66,0.0,0.0,0.0,7.63,0.0,0.0,22.36,1996-1996,1996,1996,0,8,7.0,137.0,137.0,6.0,02-Aug,22.83,6.0,22.8,0.0,0.0,0.75,0.17,0.58,0.0,,,,,,,,,,,,,,,,,True,True,All-rounder
EO Simons (SA),1994-1995,1994.0,1995.0,2.0,23.0,18.0,4.0,217.0,24,24.0,0.0,15.5,295.0,73.55,0.0,0.0,1.0,9.43,0.0,0.0,38.72,1994-1995,1994,1995,1,23,23.0,1212.0,810.0,33.0,Apr-42,24.54,4.0,36.7,1.0,0.0,1.43,0.25,1.08,0.0,,,,,,,,,,,,,,,,,True,True,All-rounder
EP Thompson (NZ),,,,,,,,,,,,,,,,,,,,,,2009-2009,2009,2009,0,1,1.0,24.0,42.0,0.0,-,,10.5,,0.0,0.0,0.0,0.1,0.03,0.0,,,,,,,,,,,,,,,,,False,True,Bowler
ER Fernando (SL),1975-1975,1975.0,1975.0,1.0,3.0,3.0,0.0,47.0,22,22.0,0.0,15.66,66.0,71.21,0.0,0.0,0.0,15.67,0.0,0.0,37.88,1975-1975,1975,1975,0,3,,,,,-,,,,,,,,,,,,,,,,,,,,,,,,,,True,True,All-rounder
ERNS Fernando (SL),1983-1983,1983.0,1983.0,1.0,7.0,5.0,0.0,101.0,36,36.0,0.0,20.2,216.0,46.75,0.0,0.0,2.0,14.43,0.0,0.0,30.82,1983-1983,1983,1983,0,7,,,,,-,,,,,,,,,,,,,,,,,,,,,,,,,,True,True,All-rounder
ES Szwarczynski (NL),2006-2014,2006.0,2014.0,9.0,41.0,40.0,3.0,1102.0,98,98.0,0.0,29.78,1615.0,68.23,0.0,10.0,2.0,26.88,0.0,24.39,45.16,2006-2014,2006,2014,8,41,,,,,-,,,,,,,,,,,,,,,,,,,,,,,,,,True,True,All-rounder
EZ Matambanadzo (ZIM),1996-1997,1996.0,1997.0,2.0,7.0,5.0,3.0,8.0,5*,5.0,1.0,4.0,33.0,24.24,0.0,0.0,1.0,1.14,0.0,0.0,12.096,1996-1997,1996,1997,1,7,7.0,297.0,217.0,11.0,Apr-32,19.72,4.38,27.0,1.0,0.0,1.57,0.23,1.17,0.0,,,,,,,,,,,,,,,,,True,True,All-rounder
Ehsan Adil (PAK),2013-2015,2013.0,2015.0,3.0,6.0,4.0,1.0,27.0,15,15.0,0.0,9.0,42.0,64.28,0.0,0.0,0.0,4.5,0.0,0.0,31.112,2013-2015,2013,2015,2,6,6.0,225.0,223.0,4.0,Jan-31,55.75,5.94,56.2,0.0,0.0,0.67,0.17,0.52,0.0,,,,,,,,,,,,,,,,,True,True,All-rounder
Ehsan Khan (HKG),2016-2018,2016.0,2018.0,3.0,15.0,12.0,3.0,102.0,27*,27.0,1.0,11.33,228.0,44.73,0.0,0.0,2.0,6.8,0.0,0.0,24.69,2016-2018,2016,2018,2,15,15.0,807.0,594.0,29.0,Apr-33,20.48,4.41,27.8,1.0,0.0,1.93,0.23,1.42,0.0,,,,,,,,,,,,,,,,,True,True,All-rounder
Ehsan Nawaz (HKG),2014-2018,2014.0,2018.0,5.0,12.0,10.0,4.0,30.0,11,11.0,0.0,5.0,87.0,34.48,0.0,0.0,3.0,2.5,0.0,0.0,16.792,2014-2018,2014,2018,4,12,12.0,513.0,458.0,16.0,Apr-47,28.62,5.35,32.0,2.0,0.0,1.33,0.19,0.99,0.0,,,,,,,,,,,,,,,,,True,True,All-rounder
Ehsanul Haque (BDESH),2002-2003,2002.0,2003.0,2.0,6.0,6.0,0.0,57.0,20,20.0,0.0,9.5,129.0,44.18,0.0,0.0,1.0,9.5,0.0,0.0,23.372,2002-2003,2002,2003,1,6,3.0,141.0,113.0,3.0,Feb-34,37.66,4.8,47.0,0.0,0.0,0.5,0.21,0.41,0.0,,,,,,,,,,,,,,,,,True,True,All-rounder
Elias Sunny (BDESH),2011-2012,2011.0,2012.0,2.0,4.0,4.0,2.0,2.0,1*,1.0,1.0,1.0,11.0,18.18,0.0,0.0,1.0,0.5,0.0,0.0,7.872,2011-2012,2011,2012,1,4,4.0,204.0,161.0,5.0,Feb-21,32.2,4.73,40.8,0.0,0.0,1.25,0.21,0.94,0.0,,,,,,,,,,,,,,,,,True,True,All-rounder
Enamul Haque (BDESH),1990-2002,1990.0,2002.0,13.0,29.0,26.0,5.0,236.0,32,32.0,0.0,11.23,479.0,49.26,0.0,0.0,1.0,8.14,0.0,0.0,26.442,1990-2002,1990,2002,12,29,28.0,1238.0,1083.0,19.0,Feb-40,57.0,5.24,65.1,0.0,0.0,0.66,0.19,0.52,0.0,,,,,,,,,,,,,,,,,True,True,All-rounder
Enamul Haque jnr (BDESH),2005-2009,2005.0,2009.0,5.0,10.0,5.0,1.0,12.0,5,5.0,0.0,3.0,19.0,63.15,0.0,0.0,2.0,1.2,0.0,0.0,27.06,2005-2009,2005,2009,4,10,10.0,576.0,422.0,14.0,Mar-16,30.14,4.39,41.1,0.0,0.0,1.4,0.23,1.05,0.0,,,,,,,,,,,,,,,,,True,True,All-rounder
F Behardien (SA),2013-2018,2013.0,2018.0,6.0,59.0,49.0,14.0,1074.0,70,70.0,0.0,30.68,1097.0,97.9,0.0,6.0,4.0,18.2,0.0,10.17,57.568,2013-2018,2013,2018,5,59,35.0,748.0,719.0,14.0,Mar-19,51.35,5.76,53.4,0.0,0.0,0.24,0.17,0.22,0.0,,,,,,,,,,,,,,,,,True,True,All-rounder
F Jansen (NL),,,,,,,,,,,,,,,,,,,,,,1996-1996,1996,1996,0,2,2.0,54.0,62.0,1.0,Jan-40,62.0,6.88,54.0,0.0,0.0,0.5,0.15,0.39,0.0,,,,,,,,,,,,,,,,,False,True,Bowler
F Kasteni (ZIM),2007-2007,2007.0,2007.0,1.0,3.0,3.0,0.0,18.0,9,9.0,0.0,6.0,42.0,42.85,0.0,0.0,1.0,6.0,0.0,0.0,20.74,2007-2007,2007,2007,0,3,,,,,-,,,,,,,,,,,,,,,,,,,,,,,,,,True,True,All-rounder
F Mutizwa (ZIM),2009-2011,2009.0,2011.0,3.0,17.0,15.0,2.0,403.0,79,79.0,0.0,31.0,502.0,80.27,0.0,4.0,2.0,23.71,0.0,23.53,50.708,2009-2011,2009,2011,2,17,,,,,-,,,,,,,,,,,,,,,,,,,,,,,,,,True,True,All-rounder
F du Plessis (SA),2011-2019,2011.0,2019.0,9.0,143.0,136.0,20.0,5507.0,185,185.0,0.0,47.47,6215.0,88.6,12.0,35.0,3.0,38.51,8.39,24.48,63.922,2011-2019,2011,2019,8,143,11.0,192.0,189.0,2.0,01-Aug,94.5,5.9,96.0,0.0,0.0,0.01,0.17,0.06,0.0,,,,,,,,,,,,,,,,,True,True,All-rounder
FA Allen (WI),2018-2019,2018.0,2019.0,2.0,12.0,10.0,3.0,89.0,51,51.0,0.0,12.71,101.0,88.11,0.0,1.0,1.0,7.42,0.0,8.33,42.87,2018-2019,2018,2019,1,12,11.0,360.0,360.0,4.0,Feb-40,90.0,6.0,90.0,0.0,0.0,0.33,0.17,0.28,0.0,,,,,,,,,,,,,,,,,True,True,All-rounder
FA Dennis (CAN),1979-1979,1979.0,1979.0,1.0,3.0,3.0,0.0,47.0,25,25.0,0.0,15.66,171.0,27.48,0.0,0.0,0.0,15.67,0.0,0.0,20.388,1979-1979,1979,1979,0,3,,,,,-,,,,,,,,,,,,,,,,,,,,,,,,,,True,True,All-rounder
FA Rose (WI),1997-2000,1997.0,2000.0,4.0,27.0,23.0,5.0,217.0,30,30.0,0.0,12.05,265.0,81.88,0.0,0.0,2.0,8.04,0.0,0.0,39.982,1997-2000,1997,2000,3,27,27.0,1326.0,1046.0,29.0,May-23,36.06,4.73,45.7,0.0,1.0,1.07,0.21,0.82,0.037,,,,,,,,,,,,,,,,,True,True,All-rounder
FC Hayes (ENG),1973-1975,1973.0,1975.0,3.0,6.0,6.0,1.0,128.0,52,52.0,0.0,25.6,235.0,54.46,0.0,1.0,0.0,21.33,0.0,16.67,37.144,1973-1975,1973,1975,2,6,,,,,-,,,,,,,,,,,,,,,,,,,,,,,,,,True,True,All-rounder
FDM Karunaratne (SL),2011-2019,2011.0,2019.0,9.0,28.0,24.0,2.0,586.0,97,97.0,0.0,26.63,801.0,73.15,0.0,4.0,3.0,20.93,0.0,14.29,45.238,2011-2019,2011,2019,8,28,2.0,16.0,18.0,0.0,-,,6.75,,0.0,0.0,0.0,0.15,0.04,0.0,,,,,,,,,,,,,,,,,True,True,All-rounder
FH Edwards (WI),2003-2009,2003.0,2009.0,7.0,50.0,22.0,14.0,73.0,13,13.0,0.0,9.12,160.0,45.62,0.0,0.0,2.0,1.46,0.0,0.0,23.72,2003-2009,2003,2009,6,50,49.0,2138.0,1812.0,60.0,Jun-22,30.2,5.08,35.6,0.0,2.0,1.2,0.2,0.9,0.04,,,,,,,,,,,,,,,,,True,True,All-rounder
FJ Klaassen (NL),2018-2019,2018.0,2019.0,2.0,4.0,3.0,1.0,30.0,13,13.0,0.0,15.0,52.0,57.69,0.0,0.0,0.0,7.5,0.0,0.0,32.076,2018-2019,2018,2019,1,4,4.0,240.0,150.0,10.0,Mar-30,15.0,3.75,24.0,0.0,0.0,2.5,0.27,1.83,0.0,,,,,,,,,,,,,,,,,True,True,All-rounder
FJ Titmus (ENG),1975-1975,1975.0,1975.0,1.0,2.0,1.0,0.0,11.0,11,11.0,0.0,11.0,32.0,34.37,0.0,0.0,0.0,5.5,0.0,0.0,20.348,1975-1975,1975,1975,0,2,1.0,56.0,53.0,3.0,Mar-53,17.66,5.67,18.6,0.0,0.0,1.5,0.18,1.1,0.0,,,,,,,,,,,,,,,,,True,True,All-rounder
FL Reifer (WI),1997-2009,1997.0,2009.0,13.0,8.0,8.0,0.0,117.0,40,40.0,0.0,14.62,229.0,51.09,0.0,0.0,0.0,14.63,0.0,0.0,29.208,1997-2009,1997,2009,12,8,,,,,-,,,,,,,,,,,,,,,,,,,,,,,,,,True,True,All-rounder
FM Engineer (INDIA),1974-1975,1974.0,1975.0,2.0,5.0,4.0,1.0,114.0,54*,54.0,1.0,38.0,195.0,58.46,0.0,1.0,0.0,22.8,0.0,20.0,46.184,1974-1975,1974,1975,1,5,,,,,-,,,,,,,,,,,,,,,,,,,,,,,,,,True,True,All-rounder
FN Otieno (KENYA),2010-2010,2010.0,2010.0,1.0,4.0,4.0,0.0,16.0,8,8.0,0.0,4.0,68.0,23.52,0.0,0.0,1.0,4.0,0.0,0.0,11.808,2010-2010,2010,2010,0,4,1.0,6.0,2.0,0.0,-,,2.0,,0.0,0.0,0.0,0.5,0.15,0.0,,,,,,,,,,,,,,,,,True,True,All-rounder
FRJ Coleman (SCOT),2013-2015,2013.0,2015.0,3.0,16.0,14.0,0.0,211.0,70,70.0,0.0,15.07,344.0,61.33,0.0,1.0,2.0,13.19,0.0,6.25,33.574,2013-2015,2013,2015,2,16,,,,,-,,,,,,,,,,,,,,,,,,,,,,,,,,True,True,All-rounder
FRMD Gunatilleke (SL),,,,,,,,,,,,,,,,,,,,,,1979-1979,1979,1979,0,1,1.0,54.0,34.0,0.0,-,,3.77,,0.0,0.0,0.0,0.27,0.08,0.0,,,,,,,,,,,,,,,,,False,True,Bowler
FS Ahangama (SL),,,,,,,,,,,,,,,,,,,,,,1985-1985,1985,1985,0,1,1.0,18.0,23.0,0.0,-,,7.66,,0.0,0.0,0.0,0.13,0.04,0.0,,,,,,,,,,,,,,,,,False,True,Bowler
FS Crockwell (BMUDA),2009-2009,2009.0,2009.0,1.0,2.0,2.0,0.0,68.0,45,45.0,0.0,34.0,104.0,65.38,0.0,0.0,0.0,34.0,0.0,0.0,46.552,2009-2009,2009,2009,0,2,,,,,-,,,,,,,,,,,,,,,,,,,,,,,,,,True,True,All-rounder
FY Fazal (INDIA),2016-2016,2016.0,2016.0,1.0,1.0,1.0,1.0,55.0,55*,55.0,1.0,,61.0,90.16,0.0,1.0,0.0,55.0,0.0,100.0,,2016-2016,2016,2016,0,1,,,,,-,,,,,,,,,,,,,,,,,,,,,,,,,,True,True,All-rounder
Fahad Alhashmi (UAE),2008-2015,2008.0,2015.0,8.0,5.0,3.0,0.0,0.0,0,0.0,0.0,0.0,7.0,0.0,0.0,0.0,3.0,0.0,0.0,0.0,0.0,2008-2015,2008,2015,7,5,5.0,224.0,202.0,6.0,Feb-39,33.66,5.41,37.3,0.0,0.0,1.2,0.18,0.9,0.0,,,,,,,,,,,,,,,,,True,True,All-rounder
Fahad Nawaz (UAE),2019-2019,2019.0,2019.0,1.0,2.0,2.0,0.0,2.0,2,2.0,0.0,1.0,10.0,20.0,0.0,0.0,1.0,1.0,0.0,0.0,8.6,2019-2019,2019,2019,0,2,,,,,-,,,,,,,,,,,,,,,,,,,,,,,,,,True,True,All-rounder
Fahad Usman (UAE),2004-2004,2004.0,2004.0,1.0,2.0,2.0,0.0,9.0,9,9.0,0.0,4.5,18.0,50.0,0.0,0.0,1.0,4.5,0.0,0.0,22.7,2004-2004,2004,2004,0,2,,,,,-,,,,,,,,,,,,,,,,,,,,,,,,,,True,True,All-rounder
Faheem Ashraf (PAK),2017-2019,2017.0,2019.0,3.0,23.0,15.0,2.0,162.0,28,28.0,0.0,12.46,195.0,83.07,0.0,0.0,2.0,7.04,0.0,0.0,40.704,2017-2019,2017,2019,2,23,22.0,902.0,744.0,20.0,May-22,37.2,4.94,45.1,0.0,1.0,0.87,0.2,0.67,0.043,,,,,,,,,,,,,,,,,True,True,All-rounder
Fahim Muntasir (BDESH),2001-2002,2001.0,2002.0,2.0,3.0,3.0,1.0,6.0,5,5.0,0.0,3.0,17.0,35.29,0.0,0.0,1.0,2.0,0.0,0.0,15.916,2001-2002,2001,2002,1,3,3.0,169.0,111.0,0.0,-,,3.94,,0.0,0.0,0.0,0.25,0.08,0.0,,,,,,,,,,,,,,,,,True,True,All-rounder
Faisal Athar (PAK),2003-2003,2003.0,2003.0,1.0,1.0,1.0,0.0,9.0,9,9.0,0.0,9.0,38.0,23.68,0.0,0.0,0.0,9.0,0.0,0.0,14.872,2003-2003,2003,2003,0,1,,,,,-,,,,,,,,,,,,,,,,,,,,,,,,,,True,True,All-rounder
Faisal Hossain (BDESH),2004-2010,2004.0,2010.0,7.0,6.0,5.0,1.0,43.0,17,17.0,0.0,10.75,91.0,47.25,0.0,0.0,1.0,7.17,0.0,0.0,25.35,2004-2010,2004,2010,6,6,2.0,73.0,53.0,1.0,Jan-27,53.0,4.35,73.0,0.0,0.0,0.17,0.23,0.19,0.0,,,,,,,,,,,,,,,,,True,True,All-rounder
Faisal Iqbal (PAK),2000-2006,2000.0,2006.0,7.0,18.0,16.0,2.0,314.0,100*,100.0,1.0,22.42,519.0,60.5,1.0,0.0,3.0,17.44,5.56,0.0,37.652,2000-2006,2000,2006,6,18,2.0,18.0,33.0,0.0,-,,11.0,,0.0,0.0,0.0,0.09,0.03,0.0,,,,,,,,,,,,,,,,,True,True,All-rounder
Fakhar Zaman (PAK),2017-2019,2017.0,2019.0,3.0,46.0,46.0,4.0,1958.0,210*,210.0,1.0,46.61,2056.0,95.23,4.0,13.0,5.0,42.57,8.7,28.26,66.058,2017-2019,2017,2019,2,46,7.0,135.0,111.0,1.0,Jan-19,111.0,4.93,135.0,0.0,0.0,0.02,0.2,0.08,0.0,,,,,,,,,,,,,,,,,True,True,All-rounder
Fareed Ahmad (AFG),2014-2017,2014.0,2017.0,4.0,5.0,2.0,2.0,1.0,1*,1.0,1.0,,6.0,16.66,0.0,0.0,0.0,0.2,0.0,0.0,,2014-2017,2014,2017,3,5,4.0,150.0,143.0,5.0,Mar-65,28.6,5.72,30.0,0.0,0.0,1.0,0.17,0.75,0.0,,,,,,,,,,,,,,,,,True,True,All-rounder
Farhad Reza (BDESH),2006-2011,2006.0,2011.0,6.0,34.0,31.0,6.0,412.0,50,50.0,0.0,16.48,636.0,64.77,0.0,1.0,2.0,12.12,0.0,2.94,35.796,2006-2011,2006,2011,5,34,32.0,1139.0,1017.0,22.0,May-42,46.22,5.35,51.7,0.0,1.0,0.65,0.19,0.51,0.029,,,,,,,,,,,,,,,,,True,True,All-rounder
Faruk Ahmed (BDESH),1988-1999,1988.0,1999.0,12.0,7.0,7.0,0.0,105.0,57,57.0,0.0,15.0,273.0,38.46,0.0,1.0,1.0,15.0,0.0,14.29,24.384,1988-1999,1988,1999,11,7,,,,,-,,,,,,,,,,,,,,,,,,,,,,,,,,True,True,All-rounder
Fawad Ahmed (AUS),2013-2013,2013.0,2013.0,1.0,3.0,1.0,1.0,4.0,4*,4.0,1.0,,2.0,200.0,0.0,0.0,0.0,1.33,0.0,0.0,,2013-2013,2013,2013,0,3,3.0,144.0,145.0,3.0,Jan-39,48.33,6.04,48.0,0.0,0.0,1.0,0.17,0.75,0.0,,,,,,,,,,,,,,,,,True,True,All-rounder
Fawad Alam (PAK),2007-2015,2007.0,2015.0,9.0,38.0,36.0,12.0,966.0,114*,114.0,1.0,40.25,1297.0,74.47,1.0,6.0,3.0,25.42,2.63,15.79,53.938,2007-2015,2007,2015,8,38,13.0,398.0,377.0,5.0,01-Aug,75.4,5.68,79.6,0.0,0.0,0.13,0.18,0.14,0.0,,,,,,,,,,,,,,,,,True,True,All-rounder
Fayyaz Ahmed (UAE),2014-2016,2014.0,2016.0,3.0,3.0,3.0,2.0,47.0,37*,37.0,1.0,47.0,100.0,47.0,0.0,0.0,0.0,15.67,0.0,0.0,47.0,2014-2016,2014,2016,2,3,3.0,162.0,121.0,0.0,-,,4.48,,0.0,0.0,0.0,0.22,0.07,0.0,,,,,,,,,,,,,,,,,True,True,All-rounder
Fayyaz Butt (OMAN),2019-2019,2019.0,2019.0,1.0,5.0,3.0,1.0,33.0,32*,32.0,1.0,16.5,42.0,78.57,0.0,0.0,1.0,6.6,0.0,0.0,41.328,2019-2019,2019,2019,0,5,5.0,198.0,165.0,3.0,Feb-28,55.0,5.0,66.0,0.0,0.0,0.6,0.2,0.48,0.0,,,,,,,,,,,,,,,,,True,True,All-rounder
Fazl-e-Akbar (PAK),1998-2001,1998.0,2001.0,4.0,2.0,1.0,0.0,7.0,7,7.0,0.0,7.0,8.0,87.5,0.0,0.0,0.0,3.5,0.0,0.0,39.2,1998-2001,1998,2001,3,2,2.0,72.0,48.0,0.0,-,,4.0,,0.0,0.0,0.0,0.25,0.08,0.0,,,,,,,,,,,,,,,,,True,True,All-rounder
Fazle Mahmud (BDESH),2018-2018,2018.0,2018.0,1.0,2.0,2.0,0.0,0.0,0,0.0,0.0,0.0,9.0,0.0,0.0,0.0,2.0,0.0,0.0,0.0,0.0,2018-2018,2018,2018,0,2,1.0,18.0,16.0,0.0,-,,5.33,,0.0,0.0,0.0,0.19,0.06,0.0,,,,,,,,,,,,,,,,,True,True,All-rounder
Frasat Ali (EAf),1975-1975,1975.0,1975.0,1.0,3.0,3.0,0.0,57.0,45,45.0,0.0,19.0,176.0,32.38,0.0,0.0,1.0,19.0,0.0,0.0,24.352,1975-1975,1975,1975,0,3,3.0,144.0,107.0,0.0,-,,4.45,,0.0,0.0,0.0,0.22,0.07,0.0,,,,,,,,,,,,,,,,,True,True,All-rounder
G Blakeney (BMUDA),2009-2009,2009.0,2009.0,1.0,2.0,2.0,0.0,72.0,42,42.0,0.0,36.0,69.0,104.34,0.0,0.0,0.0,36.0,0.0,0.0,63.336,2009-2009,2009,2009,0,2,,,,,-,,,,,,,,,,,,,,,,,,,,,,,,,,True,True,All-rounder
G Boycott (ENG),1971-1981,1971.0,1981.0,11.0,36.0,34.0,4.0,1082.0,105,105.0,0.0,36.06,2020.0,53.56,1.0,9.0,1.0,30.06,2.78,25.0,43.06,1971-1981,1971,1981,10,36,6.0,168.0,105.0,5.0,Feb-14,21.0,3.75,33.6,0.0,0.0,0.14,0.27,0.18,0.0,,,,,,,,,,,,,,,,,True,True,All-rounder
G Chapple (ENG),2006-2006,2006.0,2006.0,1.0,1.0,1.0,0.0,14.0,14,14.0,0.0,14.0,7.0,200.0,0.0,0.0,0.0,14.0,0.0,0.0,88.4,2006-2006,2006,2006,0,1,1.0,24.0,14.0,0.0,-,,3.5,,0.0,0.0,0.0,0.29,0.09,0.0,,,,,,,,,,,,,,,,,True,True,All-rounder
G Cook (ENG),1981-1983,1981.0,1983.0,3.0,6.0,6.0,0.0,106.0,32,32.0,0.0,17.66,261.0,40.61,0.0,0.0,0.0,17.67,0.0,0.0,26.84,1981-1983,1981,1983,2,6,,,,,-,,,,,,,,,,,,,,,,,,,,,,,,,,True,True,All-rounder
G Dymock (AUS),1974-1980,1974.0,1980.0,7.0,15.0,7.0,4.0,35.0,14*,14.0,1.0,11.66,82.0,42.68,0.0,0.0,1.0,2.33,0.0,0.0,24.068,1974-1980,1974,1980,6,15,14.0,806.0,412.0,15.0,Feb-21,27.46,3.06,53.7,0.0,0.0,1.0,0.33,0.8,0.0,,,,,,,,,,,,,,,,,True,True,All-rounder
G Fowler (ENG),1983-1986,1983.0,1986.0,4.0,26.0,26.0,2.0,744.0,81*,81.0,1.0,31.0,1321.0,56.32,0.0,4.0,2.0,28.62,0.0,15.38,41.128,1983-1986,1983,1986,3,26,,,,,-,,,,,,,,,,,,,,,,,,,,,,,,,,True,True,All-rounder
G Gambhir (INDIA),2003-2013,2003.0,2013.0,11.0,147.0,143.0,11.0,5238.0,150*,150.0,1.0,39.68,6144.0,85.25,11.0,34.0,11.0,35.63,7.48,23.13,57.908,2003-2013,2003,2013,10,147,1.0,6.0,13.0,0.0,-,,13.0,,0.0,0.0,0.0,0.08,0.02,0.0,,,,,,,,,,,,,,,,,True,True,All-rounder
G Goudie (SCOT),2008-2013,2008.0,2013.0,6.0,16.0,11.0,3.0,80.0,23,23.0,0.0,10.0,99.0,80.8,0.0,0.0,2.0,5.0,0.0,0.0,38.32,2008-2013,2008,2013,5,16,16.0,729.0,623.0,23.0,May-73,27.08,5.12,31.6,0.0,1.0,1.44,0.2,1.06,0.063,,,,,,,,,,,,,,,,,True,True,All-rounder
G Kirsten (SA),1993-2003,1993.0,2003.0,11.0,185.0,185.0,19.0,6798.0,188*,188.0,1.0,40.95,9436.0,72.04,13.0,45.0,11.0,36.75,7.03,24.32,53.386,1993-2003,1993,2003,10,185,3.0,30.0,23.0,0.0,-,,4.6,,0.0,0.0,0.0,0.22,0.07,0.0,,,,,,,,,,,,,,,,,True,True,All-rounder
G Malla (NEPAL),2018-2019,2018.0,2019.0,2.0,6.0,6.0,0.0,143.0,51,51.0,0.0,23.83,189.0,75.66,0.0,1.0,1.0,23.83,0.0,16.67,44.562,2018-2019,2018,2019,1,6,,,,,-,,,,,,,,,,,,,,,,,,,,,,,,,,True,True,All-rounder
G Miller (ENG),1977-1984,1977.0,1984.0,8.0,25.0,18.0,2.0,136.0,46,46.0,0.0,8.5,265.0,51.32,0.0,0.0,3.0,5.44,0.0,0.0,25.628,1977-1984,1977,1984,7,25,24.0,1268.0,813.0,25.0,Mar-27,32.52,3.84,50.7,0.0,0.0,1.0,0.26,0.78,0.0,,,,,,,,,,,,,,,,,True,True,All-rounder
G Mylvaganam (UAE),1996-1996,1996.0,1996.0,1.0,3.0,3.0,0.0,36.0,23,23.0,0.0,12.0,92.0,39.13,0.0,0.0,1.0,12.0,0.0,0.0,22.852,1996-1996,1996,1996,0,3,,,,,-,,,,,,,,,,,,,,,,,,,,,,,,,,True,True,All-rounder
G Onions (ENG),2009-2009,2009.0,2009.0,1.0,4.0,1.0,0.0,1.0,1,1.0,0.0,1.0,2.0,50.0,0.0,0.0,0.0,0.25,0.0,0.0,20.6,2009-2009,2009,2009,0,4,4.0,204.0,185.0,4.0,Feb-58,46.25,5.44,51.0,0.0,0.0,1.0,0.18,0.76,0.0,,,,,,,,,,,,,,,,,True,True,All-rounder
G Salmond (SCOT),1999-1999,1999.0,1999.0,1.0,5.0,5.0,0.0,57.0,31,31.0,0.0,11.4,109.0,52.29,0.0,0.0,0.0,11.4,0.0,0.0,27.756,1999-1999,1999,1999,0,5,,,,,-,,,,,,,,,,,,,,,,,,,,,,,,,,True,True,All-rounder
G Sharma (INDIA),1985-1987,1985.0,1987.0,3.0,11.0,2.0,0.0,11.0,7,7.0,0.0,5.5,24.0,45.83,0.0,0.0,0.0,1.0,0.0,0.0,21.632,1985-1987,1985,1987,2,11,10.0,486.0,361.0,10.0,Mar-29,36.1,4.45,48.6,0.0,0.0,0.91,0.22,0.7,0.0,,,,,,,,,,,,,,,,,True,True,All-rounder
G Snyman (NAM),2003-2003,2003.0,2003.0,1.0,5.0,4.0,0.0,5.0,5,5.0,0.0,1.25,9.0,55.55,0.0,0.0,3.0,1.0,0.0,0.0,22.97,2003-2003,2003,2003,0,5,5.0,288.0,281.0,6.0,Mar-69,46.83,5.85,48.0,0.0,0.0,1.2,0.17,0.89,0.0,,,,,,,,,,,,,,,,,True,True,All-rounder
G Toka (PNG),2019-2019,2019.0,2019.0,1.0,7.0,6.0,0.0,103.0,29,29.0,0.0,17.16,190.0,54.21,0.0,0.0,0.0,14.71,0.0,0.0,31.98,2019-2019,2019,2019,0,7,,,,,-,,,,,,,,,,,,,,,,,,,,,,,,,,True,True,All-rounder
GA Bishop (AUS),1987-1987,1987.0,1987.0,1.0,2.0,2.0,0.0,13.0,7,7.0,0.0,6.5,44.0,29.54,0.0,0.0,0.0,6.5,0.0,0.0,15.716,1987-1987,1987,1987,0,2,,,,,-,,,,,,,,,,,,,,,,,,,,,,,,,,True,True,All-rounder
GA Briant (ZIM),1993-1993,1993.0,1993.0,1.0,5.0,5.0,2.0,39.0,16,16.0,0.0,13.0,69.0,56.52,0.0,0.0,1.0,7.8,0.0,0.0,30.408,1993-1993,1993,1993,0,5,,,,,-,,,,,,,,,,,,,,,,,,,,,,,,,,True,True,All-rounder
GA Cope (ENG),1977-1978,1977.0,1978.0,2.0,2.0,1.0,1.0,1.0,1*,1.0,1.0,,1.0,100.0,0.0,0.0,0.0,0.5,0.0,0.0,,1977-1978,1977,1978,1,2,2.0,112.0,35.0,2.0,Jan-16,17.5,1.87,56.0,0.0,0.0,1.0,0.53,0.86,0.0,,,,,,,,,,,,,,,,,True,True,All-rounder
GA Gooch (ENG),1976-1995,1976.0,1995.0,20.0,125.0,122.0,6.0,4290.0,142,142.0,0.0,36.98,6932.0,61.88,8.0,23.0,4.0,34.32,6.4,18.4,46.94,1976-1995,1976,1995,19,125,60.0,2066.0,1516.0,36.0,Mar-19,42.11,4.4,57.3,0.0,0.0,0.29,0.23,0.27,0.0,,,,,,,,,,,,,,,,,True,True,All-rounder
GA Hick (ENG),1991-2001,1991.0,2001.0,11.0,120.0,118.0,15.0,3846.0,126*,126.0,1.0,37.33,5191.0,74.08,5.0,27.0,10.0,32.05,4.17,22.5,52.03,1991-2001,1991,2001,10,120,47.0,1236.0,1026.0,30.0,May-33,34.2,4.98,41.2,0.0,1.0,0.25,0.2,0.24,0.008,,,,,,,,,,,,,,,,,True,True,All-rounder
GA Lamb (ZIM),2010-2011,2010.0,2011.0,2.0,15.0,14.0,3.0,197.0,37,37.0,0.0,17.9,381.0,51.7,0.0,0.0,1.0,13.13,0.0,0.0,31.42,2010-2011,2010,2011,1,15,15.0,642.0,467.0,12.0,Mar-45,38.91,4.36,53.5,0.0,0.0,0.8,0.23,0.63,0.0,,,,,,,,,,,,,,,,,True,True,All-rounder
GA Manou (AUS),2009-2009,2009.0,2009.0,1.0,4.0,1.0,0.0,7.0,7,7.0,0.0,7.0,6.0,116.66,0.0,0.0,0.0,1.75,0.0,0.0,50.864,2009-2009,2009,2009,0,4,,,,,-,,,,,,,,,,,,,,,,,,,,,,,,,,True,True,All-rounder
GA Paterson (ZIM),1983-1987,1983.0,1987.0,5.0,10.0,10.0,0.0,123.0,27,27.0,0.0,12.3,327.0,37.61,0.0,0.0,1.0,12.3,0.0,0.0,22.424,1983-1987,1983,1987,4,10,,,,,-,,,,,,,,,,,,,,,,,,,,,,,,,,True,True,All-rounder
GA Rogers (SCOT),2006-2008,2006.0,2008.0,3.0,13.0,8.0,3.0,81.0,26,26.0,0.0,16.2,169.0,47.92,0.0,0.0,1.0,6.23,0.0,0.0,28.888,2006-2008,2006,2008,2,13,11.0,512.0,409.0,8.0,Feb-22,51.12,4.79,64.0,0.0,0.0,0.62,0.21,0.49,0.0,,,,,,,,,,,,,,,,,True,True,All-rounder
GAHM Parkar (INDIA),1982-1984,1982.0,1984.0,3.0,10.0,10.0,1.0,165.0,42,42.0,0.0,18.33,332.0,49.69,0.0,0.0,0.0,16.5,0.0,0.0,30.874,1982-1984,1982,1984,2,10,,,,,-,,,,,,,,,,,,,,,,,,,,,,,,,,True,True,All-rounder
GB Brent (ZIM),1996-2008,1996.0,2008.0,13.0,70.0,54.0,20.0,408.0,59*,59.0,1.0,12.0,698.0,58.45,0.0,1.0,3.0,5.83,0.0,1.43,30.58,1996-2008,1996,2008,12,70,69.0,3390.0,2776.0,75.0,Apr-22,37.01,4.91,45.2,3.0,0.0,1.07,0.2,0.81,0.0,,,,,,,,,,,,,,,,,True,True,All-rounder
GB Hogg (AUS),1996-2008,1996.0,2008.0,13.0,123.0,65.0,26.0,790.0,71*,71.0,1.0,20.25,1004.0,78.68,0.0,2.0,9.0,6.42,0.0,1.63,43.622,1996-2008,1996,2008,12,123,113.0,5564.0,4188.0,156.0,May-32,26.84,4.51,35.6,3.0,2.0,1.27,0.22,0.95,0.016,,,,,,,,,,,,,,,,,True,True,All-rounder
GB Murgatroyd (NAM),2003-2003,2003.0,2003.0,1.0,6.0,6.0,0.0,90.0,52,52.0,0.0,15.0,145.0,62.06,0.0,1.0,2.0,15.0,0.0,16.67,33.824,2003-2003,2003,2003,0,6,,,,,-,,,,,,,,,,,,,,,,,,,,,,,,,,True,True,All-rounder
GB Stevenson (ENG),1980-1981,1980.0,1981.0,2.0,4.0,4.0,3.0,43.0,28*,28.0,1.0,43.0,56.0,76.78,0.0,0.0,0.0,10.75,0.0,0.0,56.512,1980-1981,1980,1981,1,4,4.0,192.0,125.0,7.0,Apr-33,17.85,3.9,27.4,1.0,0.0,1.75,0.26,1.3,0.0,,,,,,,,,,,,,,,,,True,True,All-rounder
GB Troup (NZ),1976-1985,1976.0,1985.0,10.0,22.0,12.0,8.0,101.0,39,39.0,0.0,25.25,140.0,72.14,0.0,0.0,0.0,4.59,0.0,0.0,44.006,1976-1985,1976,1985,9,22,22.0,1180.0,791.0,32.0,Apr-19,24.71,4.02,36.8,3.0,0.0,1.45,0.25,1.09,0.0,,,,,,,,,,,,,,,,,True,True,All-rounder
GC Dyer (AUS),1986-1988,1986.0,1988.0,3.0,23.0,13.0,2.0,174.0,45*,45.0,1.0,15.81,227.0,76.65,0.0,0.0,1.0,7.57,0.0,0.0,40.146,1986-1988,1986,1988,2,23,,,,,-,,,,,,,,,,,,,,,,,,,,,,,,,,True,True,All-rounder
GC Martin (ZIM),1994-1995,1994.0,1995.0,2.0,5.0,4.0,0.0,31.0,16,16.0,0.0,7.75,65.0,47.69,0.0,0.0,0.0,6.2,0.0,0.0,23.726,1994-1995,1994,1995,1,5,4.0,132.0,95.0,2.0,Jan-15,47.5,4.31,66.0,0.0,0.0,0.4,0.23,0.35,0.0,,,,,,,,,,,,,,,,,True,True,All-rounder
GC Small (ENG),1987-1992,1987.0,1992.0,6.0,53.0,24.0,9.0,98.0,18*,18.0,1.0,6.53,188.0,52.12,0.0,0.0,6.0,1.85,0.0,0.0,24.766,1987-1992,1987,1992,5,53,53.0,2793.0,1942.0,58.0,Apr-31,33.48,4.17,48.1,1.0,0.0,1.09,0.24,0.84,0.0,,,,,,,,,,,,,,,,,True,True,All-rounder
GC Smith (Afr/SA),2002-2013,2002.0,2013.0,12.0,197.0,194.0,10.0,6989.0,141,141.0,0.0,37.98,8648.0,80.81,10.0,47.0,8.0,35.48,5.08,23.86,55.112,2002-2013,2002,2013,11,197,43.0,1026.0,951.0,18.0,Mar-30,52.83,5.56,57.0,0.0,0.0,0.09,0.18,0.12,0.0,,,,,,,,,,,,,,,,,True,True,All-rounder
GC Tonge (WI),2009-2009,2009.0,2009.0,1.0,5.0,4.0,2.0,10.0,5,5.0,0.0,5.0,16.0,62.5,0.0,0.0,0.0,2.0,0.0,0.0,28.0,2009-2009,2009,2009,0,5,5.0,300.0,224.0,5.0,Apr-25,44.8,4.48,60.0,1.0,0.0,1.0,0.22,0.77,0.0,,,,,,,,,,,,,,,,,True,True,All-rounder
GC Wilson (IRE),2007-2019,2007.0,2019.0,13.0,105.0,99.0,12.0,2072.0,113,113.0,0.0,23.81,2880.0,71.94,1.0,12.0,6.0,19.73,0.95,11.43,43.062,2007-2019,2007,2019,12,105,,,,,-,,,,,,,,,,,,,,,,,,,,,,,,,,True,True,All-rounder
GD Barlow (ENG),1976-1977,1976.0,1977.0,2.0,6.0,6.0,1.0,149.0,80*,80.0,1.0,29.8,255.0,58.43,0.0,1.0,2.0,24.83,0.0,16.67,41.252,1976-1977,1976,1977,1,6,,,,,-,,,,,,,,,,,,,,,,,,,,,,,,,,True,True,All-rounder
GD Campbell (AUS),1989-1990,1989.0,1990.0,2.0,12.0,3.0,1.0,6.0,4*,4.0,1.0,3.0,19.0,31.57,0.0,0.0,1.0,0.5,0.0,0.0,14.428,1989-1990,1989,1990,1,12,12.0,613.0,404.0,18.0,Mar-17,22.44,3.95,34.0,0.0,0.0,1.5,0.25,1.13,0.0,,,,,,,,,,,,,,,,,True,True,All-rounder
GD Drummond (SCOT),2007-2013,2007.0,2013.0,7.0,30.0,20.0,7.0,240.0,35*,35.0,1.0,18.46,262.0,91.6,0.0,0.0,2.0,8.0,0.0,0.0,47.716,2007-2013,2007,2013,6,30,29.0,1263.0,932.0,25.0,Apr-41,37.28,4.42,50.5,1.0,0.0,0.83,0.23,0.65,0.0,,,,,,,,,,,,,,,,,True,True,All-rounder
GD Elliott (NZ),2008-2016,2008.0,2016.0,9.0,83.0,69.0,11.0,1976.0,115,115.0,0.0,34.06,2416.0,81.78,2.0,11.0,6.0,23.81,2.41,13.25,53.148,2008-2016,2008,2016,8,83,56.0,1302.0,1179.0,39.0,Apr-31,30.23,5.43,33.3,1.0,0.0,0.47,0.18,0.38,0.0,,,,,,,,,,,,,,,,,True,True,All-rounder
GD Lloyd (ENG),1996-1998,1996.0,1998.0,3.0,6.0,5.0,1.0,39.0,22,22.0,0.0,9.75,80.0,48.75,0.0,0.0,2.0,6.5,0.0,0.0,25.35,1996-1998,1996,1998,2,6,,,,,-,,,,,,,,,,,,,,,,,,,,,,,,,,True,True,All-rounder
GD McGrath (AUS/ICC),1993-2007,1993.0,2007.0,15.0,250.0,68.0,38.0,115.0,11,11.0,0.0,3.83,236.0,48.72,0.0,0.0,14.0,0.46,0.0,0.0,21.786,1993-2007,1993,2007,14,250,248.0,12970.0,8391.0,381.0,Jul-15,22.02,3.88,34.0,9.0,7.0,1.52,0.26,1.14,0.028,,,,,,,,,,,,,,,,,True,True,All-rounder
GD McKenzie (AUS),,,,,,,,,,,,,,,,,,,,,,1971-1971,1971,1971,0,1,1.0,60.0,22.0,2.0,Feb-22,11.0,2.2,30.0,0.0,0.0,2.0,0.45,1.54,0.0,,,,,,,,,,,,,,,,,False,True,Bowler
GD Porter (AUS),1979-1979,1979.0,1979.0,1.0,2.0,1.0,0.0,3.0,3,3.0,0.0,3.0,9.0,33.33,0.0,0.0,0.0,1.5,0.0,0.0,15.132,1979-1979,1979,1979,0,2,2.0,108.0,33.0,3.0,Feb-13,11.0,1.83,36.0,0.0,0.0,1.5,0.55,1.21,0.0,,,,,,,,,,,,,,,,,True,True,All-rounder
GD Watson (AUS),1972-1972,1972.0,1972.0,1.0,2.0,2.0,1.0,11.0,11*,11.0,1.0,11.0,16.0,68.75,0.0,0.0,1.0,5.5,0.0,0.0,34.1,1972-1972,1972,1972,0,2,1.0,48.0,28.0,2.0,Feb-28,14.0,3.5,24.0,0.0,0.0,1.0,0.29,0.79,0.0,,,,,,,,,,,,,,,,,True,True,All-rounder
GE Bradburn (NZ),1990-2001,1990.0,2001.0,12.0,11.0,10.0,3.0,60.0,30,30.0,0.0,8.57,130.0,46.15,0.0,0.0,1.0,5.45,0.0,0.0,23.602,1990-2001,1990,2001,11,11,10.0,385.0,318.0,6.0,Feb-18,53.0,4.95,64.1,0.0,0.0,0.55,0.2,0.44,0.0,,,,,,,,,,,,,,,,,True,True,All-rounder
GE Kidd (IRE),2007-2008,2007.0,2008.0,2.0,6.0,1.0,0.0,15.0,15,15.0,0.0,15.0,25.0,60.0,0.0,0.0,0.0,2.5,0.0,0.0,33.0,2007-2008,2007,2008,1,6,5.0,216.0,172.0,1.0,Jan-27,172.0,4.77,216.0,0.0,0.0,0.17,0.21,0.18,0.0,,,,,,,,,,,,,,,,,True,True,All-rounder
GE Peckover (ZIM),1983-1983,1983.0,1983.0,1.0,3.0,3.0,1.0,33.0,16*,16.0,1.0,16.5,54.0,61.11,0.0,0.0,0.0,11.0,0.0,0.0,34.344,1983-1983,1983,1983,0,3,,,,,-,,,,,,,,,,,,,,,,,,,,,,,,,,True,True,All-rounder
GE Vivian (NZ),1973-1973,1973.0,1973.0,1.0,1.0,1.0,0.0,14.0,14,14.0,0.0,14.0,30.0,46.66,0.0,0.0,0.0,14.0,0.0,0.0,27.064,1973-1973,1973,1973,0,1,,,,,-,,,,,,,,,,,,,,,,,,,,,,,,,,True,True,All-rounder
GEF Barnett (CAN),2006-2010,2006.0,2010.0,5.0,22.0,22.0,0.0,455.0,77,77.0,0.0,20.68,745.0,61.07,0.0,1.0,1.0,20.68,0.0,4.55,36.836,2006-2010,2006,2010,4,22,,,,,-,,,,,,,,,,,,,,,,,,,,,,,,,,True,True,All-rounder
GF Labrooy (SL),1986-1992,1986.0,1992.0,7.0,44.0,36.0,7.0,249.0,33,33.0,0.0,8.58,350.0,71.14,0.0,0.0,6.0,5.66,0.0,0.0,33.604,1986-1992,1986,1992,6,44,44.0,2308.0,1876.0,45.0,May-57,41.68,4.87,51.2,1.0,1.0,1.02,0.21,0.78,0.023,,,,,,,,,,,,,,,,,True,True,All-rounder
GF Lawson (AUS),1980-1989,1980.0,1989.0,10.0,79.0,52.0,18.0,378.0,33*,33.0,1.0,11.11,500.0,75.6,0.0,0.0,9.0,4.78,0.0,0.0,36.906,1980-1989,1980,1989,9,79,79.0,4259.0,2592.0,88.0,Apr-26,29.45,3.65,48.3,1.0,0.0,1.11,0.27,0.86,0.0,,,,,,,,,,,,,,,,,True,True,All-rounder
GFJ Liebenberg (SA),1995-1998,1995.0,1998.0,4.0,4.0,4.0,0.0,94.0,39,39.0,0.0,23.5,199.0,47.23,0.0,0.0,0.0,23.5,0.0,0.0,32.992,1995-1998,1995,1998,3,4,,,,,-,,,,,,,,,,,,,,,,,,,,,,,,,,True,True,All-rounder
GG Arnold (ENG),1972-1975,1972.0,1975.0,4.0,14.0,6.0,3.0,48.0,18*,18.0,1.0,16.0,75.0,64.0,0.0,0.0,1.0,3.43,0.0,0.0,35.2,1972-1975,1972,1975,3,14,13.0,714.0,339.0,19.0,Apr-27,17.84,2.84,37.5,1.0,0.0,1.36,0.35,1.06,0.0,,,,,,,,,,,,,,,,,True,True,All-rounder
GH Bodi (SA),2007-2007,2007.0,2007.0,1.0,2.0,2.0,0.0,83.0,51,51.0,0.0,41.5,132.0,62.87,0.0,1.0,0.0,41.5,0.0,50.0,50.048,2007-2007,2007,2007,0,2,1.0,6.0,8.0,0.0,-,,8.0,,0.0,0.0,0.0,0.13,0.04,0.0,,,,,,,,,,,,,,,,,True,True,All-rounder
GH Dockrell (IRE),2010-2019,2010.0,2019.0,10.0,87.0,57.0,22.0,579.0,62*,62.0,1.0,16.54,835.0,69.34,0.0,2.0,5.0,6.66,0.0,2.3,37.66,2010-2019,2010,2019,9,87,85.0,4232.0,3327.0,89.0,Apr-24,37.38,4.71,47.5,4.0,0.0,1.02,0.21,0.78,0.0,,,,,,,,,,,,,,,,,True,True,All-rounder
GH O'Brien (BMUDA),2006-2008,2006.0,2008.0,3.0,9.0,7.0,0.0,38.0,16,16.0,0.0,5.42,54.0,70.37,0.0,0.0,2.0,4.22,0.0,0.0,31.4,2006-2008,2006,2008,2,9,9.0,456.0,405.0,15.0,Mar-31,27.0,5.32,30.4,0.0,0.0,1.67,0.19,1.22,0.0,,,,,,,,,,,,,,,,,True,True,All-rounder
GH Worker (NZ),2015-2018,2015.0,2018.0,4.0,10.0,10.0,2.0,272.0,58,58.0,0.0,34.0,379.0,71.76,0.0,3.0,0.0,27.2,0.0,30.0,49.104,2015-2018,2015,2018,3,10,1.0,6.0,5.0,0.0,-,,5.0,,0.0,0.0,0.0,0.2,0.06,0.0,,,,,,,,,,,,,,,,,True,True,All-rounder
GI Allott (NZ),1997-2000,1997.0,2000.0,4.0,31.0,11.0,6.0,17.0,7*,7.0,1.0,3.4,56.0,30.35,0.0,0.0,2.0,0.55,0.0,0.0,14.18,1997-2000,1997,2000,3,31,31.0,1528.0,1207.0,52.0,Apr-35,23.21,4.73,29.3,4.0,0.0,1.68,0.21,1.24,0.0,,,,,,,,,,,,,,,,,True,True,All-rounder
GI Maiden (SCOT),2010-2011,2010.0,2011.0,2.0,7.0,6.0,2.0,84.0,31,31.0,0.0,21.0,133.0,63.15,0.0,0.0,1.0,12.0,0.0,0.0,37.86,2010-2011,2010,2011,1,7,1.0,48.0,38.0,0.0,-,,4.75,,0.0,0.0,0.0,0.21,0.06,0.0,,,,,,,,,,,,,,,,,True,True,All-rounder
GJ Bailey (AUS),2012-2016,2012.0,2016.0,5.0,90.0,85.0,10.0,3044.0,156,156.0,0.0,40.58,3645.0,83.51,3.0,22.0,3.0,33.82,3.33,24.44,57.752,2012-2016,2012,2016,4,90,,,,,-,,,,,,,,,,,,,,,,,,,,,,,,,,True,True,All-rounder
GJ Batty (ENG),2002-2009,2002.0,2009.0,8.0,10.0,8.0,2.0,30.0,17,17.0,0.0,5.0,73.0,41.09,0.0,0.0,1.0,3.0,0.0,0.0,19.436,2002-2009,2002,2009,7,10,9.0,440.0,366.0,5.0,Feb-40,73.2,4.99,88.0,0.0,0.0,0.5,0.2,0.41,0.0,,,,,,,,,,,,,,,,,True,True,All-rounder
GJ Cosier (AUS),1975-1979,1975.0,1979.0,5.0,9.0,7.0,2.0,154.0,84,84.0,0.0,30.8,166.0,92.77,0.0,1.0,1.0,17.11,0.0,11.11,55.588,1975-1979,1975,1979,4,9,8.0,409.0,248.0,14.0,May-18,17.71,3.63,29.2,0.0,1.0,1.56,0.28,1.17,0.111,,,,,,,,,,,,,,,,,True,True,All-rounder
GJ Crocker (ZIM),1992-1993,1992.0,1993.0,2.0,6.0,5.0,1.0,98.0,50,50.0,0.0,24.5,105.0,93.33,0.0,1.0,0.0,16.33,0.0,16.67,52.032,1992-1993,1992,1993,1,6,6.0,238.0,208.0,7.0,Apr-26,29.71,5.24,34.0,1.0,0.0,1.17,0.19,0.87,0.0,,,,,,,,,,,,,,,,,True,True,All-rounder
GJ Gilmour (AUS),1974-1975,1974.0,1975.0,2.0,5.0,2.0,1.0,42.0,28*,28.0,1.0,42.0,39.0,107.69,0.0,0.0,0.0,8.4,0.0,0.0,68.276,1974-1975,1974,1975,1,5,5.0,320.0,165.0,16.0,Jun-14,10.31,3.09,20.0,0.0,2.0,3.2,0.32,2.34,0.4,,,,,,,,,,,,,,,,,True,True,All-rounder
GJ Hopkins (NZ),2004-2010,2004.0,2010.0,7.0,25.0,17.0,1.0,236.0,45,45.0,0.0,14.75,311.0,75.88,0.0,0.0,3.0,9.44,0.0,0.0,39.202,2004-2010,2004,2010,6,25,,,,,-,,,,,,,,,,,,,,,,,,,,,,,,,,True,True,All-rounder
GJ Maxwell (AUS),2012-2019,2012.0,2019.0,8.0,110.0,100.0,11.0,2877.0,102,102.0,0.0,32.32,2332.0,123.37,1.0,19.0,9.0,26.15,0.91,17.27,68.74,2012-2019,2012,2019,7,110,86.0,2698.0,2525.0,50.0,Apr-46,50.5,5.61,53.9,2.0,0.0,0.45,0.18,0.37,0.0,,,,,,,,,,,,,,,,,True,True,All-rounder
GJ McCarter (IRE),2014-2014,2014.0,2014.0,1.0,1.0,1.0,1.0,1.0,1*,1.0,1.0,,1.0,100.0,0.0,0.0,0.0,1.0,0.0,0.0,,2014-2014,2014,2014,0,1,1.0,48.0,38.0,0.0,-,,4.75,,0.0,0.0,0.0,0.21,0.06,0.0,,,,,,,,,,,,,,,,,True,True,All-rounder
GJ Rennie (ZIM),1996-2003,1996.0,2003.0,8.0,40.0,37.0,6.0,617.0,76,76.0,0.0,19.9,928.0,66.48,0.0,2.0,5.0,15.43,0.0,5.0,38.532,1996-2003,1996,2003,7,40,4.0,90.0,75.0,2.0,Jan-17,37.5,5.0,45.0,0.0,0.0,0.05,0.2,0.1,0.0,,,,,,,,,,,,,,,,,True,True,All-rounder
GJ Thompson (IRE),2008-2008,2008.0,2008.0,1.0,3.0,2.0,0.0,2.0,2,2.0,0.0,1.0,21.0,9.52,0.0,0.0,1.0,0.67,0.0,0.0,4.408,2008-2008,2008,2008,0,3,3.0,72.0,73.0,1.0,Jan-35,73.0,6.08,72.0,0.0,0.0,0.33,0.16,0.28,0.0,,,,,,,,,,,,,,,,,True,True,All-rounder
GJ Whittall (ZIM),1993-2003,1993.0,2003.0,11.0,147.0,142.0,22.0,2705.0,83,83.0,0.0,22.54,4011.0,67.43,0.0,11.0,12.0,18.4,0.0,7.48,40.496,1993-2003,1993,2003,10,147,112.0,4060.0,3481.0,88.0,Apr-35,39.55,5.14,46.1,1.0,0.0,0.6,0.19,0.48,0.0,,,,,,,,,,,,,,,,,True,True,All-rounder
GJAF Aponso (NL),1996-1996,1996.0,1996.0,1.0,5.0,4.0,0.0,120.0,58,58.0,0.0,30.0,247.0,48.58,0.0,1.0,0.0,24.0,0.0,20.0,37.432,1996-1996,1996,1996,0,5,5.0,242.0,257.0,2.0,Jan-57,128.5,6.37,121.0,0.0,0.0,0.4,0.16,0.33,0.0,,,,,,,,,,,,,,,,,True,True,All-rounder
GJP Kruger (SA),2006-2006,2006.0,2006.0,1.0,3.0,2.0,1.0,0.0,0*,0.0,1.0,0.0,10.0,0.0,0.0,0.0,1.0,0.0,0.0,0.0,0.0,2006-2006,2006,2006,0,3,3.0,138.0,139.0,2.0,Jan-43,69.5,6.04,69.0,0.0,0.0,0.67,0.17,0.52,0.0,,,,,,,,,,,,,,,,,True,True,All-rounder
GK Bose (INDIA),1974-1974,1974.0,1974.0,1.0,1.0,1.0,0.0,13.0,13,13.0,0.0,13.0,18.0,72.22,0.0,0.0,0.0,13.0,0.0,0.0,36.688,1974-1974,1974,1974,0,1,1.0,66.0,39.0,1.0,Jan-39,39.0,3.54,66.0,0.0,0.0,1.0,0.28,0.78,0.0,,,,,,,,,,,,,,,,,True,True,All-rounder
GK Bruk-Jackson (ZIM),1993-1993,1993.0,1993.0,1.0,1.0,1.0,0.0,12.0,12,12.0,0.0,12.0,33.0,36.36,0.0,0.0,0.0,12.0,0.0,0.0,21.744,1993-1993,1993,1993,0,1,,,,,-,,,,,,,,,,,,,,,,,,,,,,,,,,True,True,All-rounder
GK Khoda (INDIA),1998-1998,1998.0,1998.0,1.0,2.0,2.0,0.0,115.0,89,89.0,0.0,57.5,185.0,62.16,0.0,1.0,0.0,57.5,0.0,50.0,59.364,1998-1998,1998,1998,0,2,,,,,-,,,,,,,,,,,,,,,,,,,,,,,,,,True,True,All-rounder
GK Pandey (INDIA),1999-1999,1999.0,1999.0,1.0,2.0,2.0,1.0,4.0,4*,4.0,1.0,4.0,11.0,36.36,0.0,0.0,1.0,2.0,0.0,0.0,16.944,1999-1999,1999,1999,0,2,2.0,78.0,60.0,0.0,-,,4.61,,0.0,0.0,0.0,0.22,0.07,0.0,,,,,,,,,,,,,,,,,True,True,All-rounder
GK Robertson (NZ),1981-1989,1981.0,1989.0,9.0,10.0,6.0,0.0,49.0,17,17.0,0.0,8.16,48.0,102.08,0.0,0.0,1.0,4.9,0.0,0.0,45.728,1981-1989,1981,1989,8,10,10.0,498.0,321.0,6.0,Feb-29,53.5,3.86,83.0,0.0,0.0,0.6,0.26,0.5,0.0,,,,,,,,,,,,,,,,,True,True,All-rounder
GM Ewing (ZIM),2004-2005,2004.0,2005.0,2.0,7.0,7.0,0.0,97.0,46,46.0,0.0,13.85,137.0,70.8,0.0,0.0,2.0,13.86,0.0,0.0,36.63,2004-2005,2004,2005,1,7,7.0,312.0,236.0,5.0,Mar-31,47.2,4.53,62.4,0.0,0.0,0.71,0.22,0.57,0.0,,,,,,,,,,,,,,,,,True,True,All-rounder
GM Hamilton (SCOT),1999-2010,1999.0,2010.0,12.0,38.0,38.0,3.0,1231.0,119,119.0,0.0,35.17,1847.0,66.64,2.0,7.0,1.0,32.39,5.26,18.42,47.758,1999-2010,1999,2010,11,38,6.0,220.0,160.0,3.0,Feb-36,53.33,4.36,73.3,0.0,0.0,0.08,0.23,0.12,0.0,,,,,,,,,,,,,,,,,True,True,All-rounder
GM Ritchie (AUS),1982-1987,1982.0,1987.0,6.0,44.0,42.0,7.0,959.0,84,84.0,0.0,27.4,1479.0,64.84,0.0,6.0,2.0,21.8,0.0,13.64,42.376,1982-1987,1982,1987,5,44,,,,,-,,,,,,,,,,,,,,,,,,,,,,,,,,True,True,All-rounder
GM Strydom (ZIM),2006-2006,2006.0,2006.0,1.0,12.0,10.0,0.0,147.0,58,58.0,0.0,14.7,225.0,65.33,0.0,1.0,2.0,12.25,0.0,8.33,34.952,2006-2006,2006,2006,0,12,4.0,66.0,61.0,1.0,Jan-28,61.0,5.54,66.0,0.0,0.0,0.08,0.18,0.11,0.0,,,,,,,,,,,,,,,,,True,True,All-rounder
GM Turner (NZ),1973-1983,1973.0,1983.0,11.0,41.0,40.0,6.0,1598.0,171*,171.0,1.0,47.0,2348.0,68.05,3.0,9.0,1.0,38.98,7.32,21.95,55.42,1973-1983,1973,1983,10,41,1.0,6.0,0.0,0.0,-,,0.0,,0.0,0.0,0.0,,,0.0,,,,,,,,,,,,,,,,,True,True,All-rounder
GM Wood (AUS),1978-1989,1978.0,1989.0,12.0,83.0,77.0,11.0,2219.0,114*,114.0,1.0,33.62,3725.0,59.57,3.0,11.0,4.0,26.73,3.61,13.25,44.0,1978-1989,1978,1989,11,83,,,,,-,,,,,,,,,,,,,,,,,,,,,,,,,,True,True,All-rounder
GMC Mol (NL),2007-2008,2007.0,2008.0,2.0,6.0,4.0,2.0,25.0,14,14.0,0.0,12.5,54.0,46.29,0.0,0.0,0.0,4.17,0.0,0.0,26.016,2007-2008,2007,2008,1,6,6.0,162.0,111.0,3.0,Feb-23,37.0,4.11,54.0,0.0,0.0,0.5,0.24,0.42,0.0,,,,,,,,,,,,,,,,,True,True,All-rounder
GN Edwards (NZ),1976-1981,1976.0,1981.0,6.0,6.0,6.0,0.0,138.0,41,41.0,0.0,23.0,191.0,72.25,0.0,0.0,1.0,23.0,0.0,0.0,42.7,1976-1981,1976,1981,5,6,1.0,6.0,5.0,1.0,01-May,5.0,5.0,6.0,0.0,0.0,0.17,0.2,0.18,0.0,,,,,,,,,,,,,,,,,True,True,All-rounder
GN Yallop (AUS),1978-1984,1978.0,1984.0,7.0,30.0,27.0,6.0,823.0,66*,66.0,1.0,39.19,1288.0,63.89,0.0,7.0,1.0,27.43,0.0,23.33,49.07,1978-1984,1978,1984,6,30,4.0,138.0,119.0,3.0,Feb-28,39.66,5.17,46.0,0.0,0.0,0.1,0.19,0.13,0.0,,,,,,,,,,,,,,,,,True,True,All-rounder
GN de Silva (SL),1983-1985,1983.0,1985.0,3.0,4.0,2.0,1.0,9.0,7,7.0,0.0,9.0,18.0,50.0,0.0,0.0,0.0,2.25,0.0,0.0,25.4,1983-1985,1983,1985,2,4,4.0,194.0,169.0,0.0,-,,5.22,,0.0,0.0,0.0,0.19,0.06,0.0,,,,,,,,,,,,,,,,,True,True,All-rounder
GO Jones (ENG/PNG),2004-2014,2004.0,2014.0,11.0,51.0,43.0,8.0,862.0,80,80.0,0.0,24.62,1117.0,77.17,0.0,4.0,1.0,16.9,0.0,7.84,45.64,2004-2014,2004,2014,10,51,,,,,-,,,,,,,,,,,,,,,,,,,,,,,,,,True,True,All-rounder
GP Howarth (NZ),1975-1985,1975.0,1985.0,11.0,70.0,65.0,5.0,1384.0,76,76.0,0.0,23.06,2301.0,60.14,0.0,6.0,1.0,19.77,0.0,8.57,37.892,1975-1985,1975,1985,10,70,7.0,90.0,68.0,3.0,01-Apr,22.66,4.53,30.0,0.0,0.0,0.04,0.22,0.1,0.0,,,,,,,,,,,,,,,,,True,True,All-rounder
GP Sulzberger (NZ),2000-2000,2000.0,2000.0,1.0,3.0,2.0,1.0,9.0,6*,6.0,1.0,9.0,15.0,60.0,0.0,0.0,0.0,3.0,0.0,0.0,29.4,2000-2000,2000,2000,0,3,3.0,132.0,102.0,3.0,Jan-28,34.0,4.63,44.0,0.0,0.0,1.0,0.22,0.76,0.0,,,,,,,,,,,,,,,,,True,True,All-rounder
GP Swann (ENG),2000-2013,2000.0,2013.0,14.0,79.0,48.0,12.0,500.0,34,34.0,0.0,13.88,553.0,90.41,0.0,0.0,3.0,6.33,0.0,0.0,44.492,2000-2013,2000,2013,13,79,76.0,3809.0,2888.0,104.0,May-28,27.76,4.54,36.6,3.0,1.0,1.32,0.22,0.99,0.013,,,,,,,,,,,,,,,,,True,True,All-rounder
GP Thorpe (ENG),1993-2002,1993.0,2002.0,10.0,82.0,77.0,13.0,2380.0,89,89.0,0.0,37.18,3344.0,71.17,0.0,21.0,3.0,29.02,0.0,25.61,50.776,1993-2002,1993,2002,9,82,5.0,120.0,97.0,2.0,Feb-15,48.5,4.85,60.0,0.0,0.0,0.02,0.21,0.08,0.0,,,,,,,,,,,,,,,,,True,True,All-rounder
GP Wickramasinghe (SL),1990-2002,1990.0,2002.0,13.0,134.0,64.0,24.0,344.0,32,32.0,0.0,8.6,543.0,63.35,0.0,0.0,12.0,2.57,0.0,0.0,30.5,1990-2002,1990,2002,12,134,132.0,5720.0,4321.0,109.0,Apr-48,39.64,4.53,52.4,1.0,0.0,0.81,0.22,0.64,0.0,,,,,,,,,,,,,,,,,True,True,All-rounder
GR Beard (AUS),,,,,,,,,,,,,,,,,,,,,,1981-1981,1981,1981,0,2,2.0,112.0,70.0,4.0,Feb-20,17.5,3.75,28.0,0.0,0.0,2.0,0.27,1.48,0.0,,,,,,,,,,,,,,,,,False,True,Bowler
GR Codrington (CAN),2006-2007,2006.0,2007.0,2.0,17.0,15.0,3.0,235.0,45*,45.0,1.0,19.58,372.0,63.17,0.0,0.0,1.0,13.82,0.0,0.0,37.016,2006-2007,2006,2007,1,17,17.0,731.0,577.0,16.0,Apr-33,36.06,4.73,45.6,1.0,0.0,0.94,0.21,0.72,0.0,,,,,,,,,,,,,,,,,True,True,All-rounder
GR Dilley (ENG),1979-1988,1979.0,1988.0,10.0,36.0,18.0,8.0,114.0,31*,31.0,1.0,11.4,133.0,85.71,0.0,0.0,2.0,3.17,0.0,0.0,41.124,1979-1988,1979,1988,9,36,36.0,2043.0,1291.0,48.0,Apr-23,26.89,3.79,42.5,3.0,0.0,1.33,0.26,1.01,0.0,,,,,,,,,,,,,,,,,True,True,All-rounder
GR Larsen (NZ),1990-1999,1990.0,1999.0,10.0,121.0,70.0,27.0,629.0,37,37.0,0.0,14.62,970.0,64.84,0.0,0.0,6.0,5.2,0.0,0.0,34.708,1990-1999,1990,1999,9,121,119.0,6368.0,4000.0,113.0,Apr-24,35.39,3.76,56.3,1.0,0.0,0.93,0.27,0.73,0.0,,,,,,,,,,,,,,,,,True,True,All-rounder
GR Marsh (AUS),1986-1992,1986.0,1992.0,7.0,117.0,115.0,6.0,4357.0,126*,126.0,1.0,39.97,7790.0,55.93,9.0,22.0,4.0,37.24,7.69,18.8,46.354,1986-1992,1986,1992,6,117,1.0,6.0,4.0,0.0,-,,4.0,,0.0,0.0,0.0,0.25,0.08,0.0,,,,,,,,,,,,,,,,,True,True,All-rounder
GR Robertson (AUS),1994-1998,1994.0,1998.0,5.0,13.0,7.0,4.0,45.0,15,15.0,0.0,15.0,55.0,81.81,0.0,0.0,0.0,3.46,0.0,0.0,41.724,1994-1998,1994,1998,4,13,13.0,597.0,430.0,8.0,Mar-29,53.75,4.32,74.6,0.0,0.0,0.62,0.23,0.5,0.0,,,,,,,,,,,,,,,,,True,True,All-rounder
GR Sealy (CAN),1979-1979,1979.0,1979.0,1.0,3.0,3.0,0.0,73.0,45,45.0,0.0,24.33,149.0,48.99,0.0,0.0,0.0,24.33,0.0,0.0,34.194,1979-1979,1979,1979,0,3,1.0,36.0,21.0,0.0,-,,3.5,,0.0,0.0,0.0,0.29,0.09,0.0,,,,,,,,,,,,,,,,,True,True,All-rounder
GR Viswanath (INDIA),1974-1982,1974.0,1982.0,9.0,25.0,23.0,1.0,439.0,75,75.0,0.0,19.95,830.0,52.89,0.0,2.0,1.0,17.56,0.0,8.0,33.126,1974-1982,1974,1982,8,25,,,,,-,,,,,,,,,,,,,,,,,,,,,,,,,,True,True,All-rounder
GRA de Silva (SL),1975-1982,1975.0,1982.0,8.0,6.0,4.0,2.0,9.0,6*,6.0,1.0,4.5,33.0,27.27,0.0,0.0,1.0,1.5,0.0,0.0,13.608,1975-1982,1975,1982,7,6,6.0,305.0,262.0,9.0,Mar-41,29.11,5.15,33.8,0.0,0.0,1.5,0.19,1.11,0.0,,,,,,,,,,,,,,,,,True,True,All-rounder
GRJ Matthews (AUS),1984-1993,1984.0,1993.0,10.0,59.0,50.0,13.0,619.0,54,54.0,0.0,16.72,911.0,67.94,0.0,1.0,5.0,10.49,0.0,1.69,37.208,1984-1993,1984,1993,9,59,54.0,2808.0,2004.0,57.0,Mar-27,35.15,4.28,49.2,0.0,0.0,0.97,0.23,0.75,0.0,,,,,,,,,,,,,,,,,True,True,All-rounder
GRJ Roope (ENG),1973-1978,1973.0,1978.0,6.0,8.0,8.0,0.0,173.0,44,44.0,0.0,21.62,342.0,50.58,0.0,0.0,1.0,21.63,0.0,0.0,33.204,1973-1978,1973,1978,5,8,,,,,-,,,,,,,,,,,,,,,,,,,,,,,,,,True,True,All-rounder
GS Ballance (ENG),2013-2015,2013.0,2015.0,3.0,16.0,15.0,1.0,297.0,79,79.0,0.0,21.21,443.0,67.04,0.0,2.0,1.0,18.56,0.0,12.5,39.542,2013-2015,2013,2015,2,16,,,,,-,,,,,,,,,,,,,,,,,,,,,,,,,,True,True,All-rounder
GS Blewett (AUS),1995-1999,1995.0,1999.0,5.0,32.0,30.0,3.0,551.0,57*,57.0,1.0,20.4,889.0,61.97,0.0,2.0,3.0,17.22,0.0,6.25,37.028,1995-1999,1995,1999,4,32,24.0,749.0,646.0,14.0,02-Jun,46.14,5.17,53.5,0.0,0.0,0.44,0.19,0.36,0.0,,,,,,,,,,,,,,,,,True,True,All-rounder
GS Chappell (AUS),1971-1983,1971.0,1983.0,13.0,74.0,72.0,14.0,2331.0,138*,138.0,1.0,40.18,3079.0,75.7,3.0,14.0,7.0,31.5,4.05,18.92,54.388,1971-1983,1971,1983,12,74,67.0,3108.0,2097.0,72.0,May-15,29.12,4.04,43.1,0.0,2.0,0.97,0.25,0.76,0.027,,,,,,,,,,,,,,,,,True,True,All-rounder
GS Sandhu (AUS),,,,,,,,,,,,,,,,,,,,,,2015-2015,2015,2015,0,2,2.0,120.0,107.0,3.0,Feb-49,35.66,5.35,40.0,0.0,0.0,1.5,0.19,1.11,0.0,,,,,,,,,,,,,,,,,False,True,Bowler
GS Sobers (WI),1973-1973,1973.0,1973.0,1.0,1.0,1.0,0.0,0.0,0,0.0,0.0,0.0,6.0,0.0,0.0,0.0,1.0,0.0,0.0,0.0,0.0,1973-1973,1973,1973,0,1,1.0,63.0,31.0,1.0,Jan-31,31.0,2.95,63.0,0.0,0.0,1.0,0.34,0.8,0.0,,,,,,,,,,,,,,,,,True,True,All-rounder
GS Trimble (AUS),1986-1986,1986.0,1986.0,1.0,2.0,2.0,1.0,4.0,4,4.0,0.0,4.0,5.0,80.0,0.0,0.0,0.0,2.0,0.0,0.0,34.4,1986-1986,1986,1986,0,2,1.0,24.0,32.0,0.0,-,,8.0,,0.0,0.0,0.0,0.13,0.04,0.0,,,,,,,,,,,,,,,,,True,True,All-rounder
GSNFG Jayasuriya (SL),2015-2019,2015.0,2019.0,5.0,12.0,10.0,1.0,195.0,96,96.0,0.0,21.66,273.0,71.42,0.0,1.0,2.0,16.25,0.0,8.33,41.564,2015-2019,2015,2019,4,12,11.0,312.0,277.0,3.0,Jan-15,92.33,5.32,104.0,0.0,0.0,0.25,0.19,0.23,0.0,,,,,,,,,,,,,,,,,True,True,All-rounder
GT Main (SCOT),,,,,,,,,,,,,,,,,,,,,,2019-2019,2019,2019,0,1,1.0,30.0,30.0,0.0,-,,6.0,,0.0,0.0,0.0,0.17,0.05,0.0,,,,,,,,,,,,,,,,,False,True,Bowler
GW Aldridge (NZ),,,,,,,,,,,,,,,,,,,,,,2011-2011,2011,2011,0,2,2.0,114.0,98.0,1.0,Jan-45,98.0,5.15,114.0,0.0,0.0,0.5,0.19,0.41,0.0,,,,,,,,,,,,,,,,,False,True,Bowler
GW Flower (ZIM),1992-2010,1992.0,2010.0,19.0,221.0,214.0,18.0,6571.0,142*,142.0,1.0,33.52,9723.0,67.58,6.0,40.0,18.0,29.73,2.71,18.1,47.144,1992-2010,1992,2010,18,221,156.0,5462.0,4225.0,104.0,Apr-32,40.62,4.64,52.5,2.0,0.0,0.47,0.22,0.39,0.0,,,,,,,,,,,,,,,,,True,True,All-rounder
GW Humpage (ENG),1981-1981,1981.0,1981.0,1.0,3.0,2.0,0.0,11.0,6,6.0,0.0,5.5,24.0,45.83,0.0,0.0,0.0,3.67,0.0,0.0,21.632,1981-1981,1981,1981,0,3,,,,,-,,,,,,,,,,,,,,,,,,,,,,,,,,True,True,All-rounder
Gazi Ashraf (BDESH),1986-1990,1986.0,1990.0,5.0,7.0,7.0,0.0,59.0,18,18.0,0.0,8.42,239.0,24.68,0.0,0.0,1.0,8.43,0.0,0.0,14.924,1986-1990,1986,1990,4,7,3.0,51.0,33.0,2.0,01-Jul,16.5,3.88,25.5,0.0,0.0,0.29,0.26,0.28,0.0,,,,,,,,,,,,,,,,,True,True,All-rounder
Gholam Nousher (BDESH),1986-1990,1986.0,1990.0,5.0,9.0,3.0,2.0,8.0,4,4.0,0.0,8.0,16.0,50.0,0.0,0.0,0.0,0.89,0.0,0.0,24.8,1986-1990,1986,1990,4,9,9.0,408.0,314.0,5.0,Jan-27,62.8,4.61,81.6,0.0,0.0,0.56,0.22,0.45,0.0,,,,,,,,,,,,,,,,,True,True,All-rounder
Ghulam Ali (PAK),1993-1995,1993.0,1995.0,3.0,3.0,3.0,0.0,53.0,38,38.0,0.0,17.66,121.0,43.8,0.0,0.0,0.0,17.67,0.0,0.0,28.116,1993-1995,1993,1995,2,3,,,,,-,,,,,,,,,,,,,,,,,,,,,,,,,,True,True,All-rounder
Ghulam Shabber (UAE),2017-2019,2017.0,2019.0,3.0,23.0,23.0,0.0,500.0,90,90.0,0.0,21.73,800.0,62.5,0.0,4.0,2.0,21.74,0.0,17.39,38.038,2017-2019,2017,2019,2,23,,,,,-,,,,,,,,,,,,,,,,,,,,,,,,,,True,True,All-rounder
Golam Faruq (BDESH),1986-1990,1986.0,1990.0,5.0,5.0,4.0,2.0,44.0,23*,23.0,1.0,22.0,104.0,42.3,0.0,0.0,0.0,8.8,0.0,0.0,30.12,1986-1990,1986,1990,4,5,5.0,186.0,116.0,2.0,Jan-22,58.0,3.74,93.0,0.0,0.0,0.4,0.27,0.36,0.0,,,,,,,,,,,,,,,,,True,True,All-rounder
Gulbadin Naib (AFG),2011-2019,2011.0,2019.0,9.0,65.0,56.0,8.0,1041.0,82*,82.0,1.0,21.68,1424.0,73.1,0.0,5.0,5.0,16.02,0.0,7.69,42.248,2011-2019,2011,2019,8,65,60.0,2194.0,1968.0,59.0,Jun-43,33.35,5.38,37.1,2.0,1.0,0.91,0.19,0.69,0.015,,,,,,,,,,,,,,,,,True,True,All-rounder
Gurdeep Singh (KENYA),2013-2013,2013.0,2013.0,1.0,1.0,1.0,0.0,1.0,1,1.0,0.0,1.0,23.0,4.34,0.0,0.0,0.0,1.0,0.0,0.0,2.336,2013-2013,2013,2013,0,1,,,,,-,,,,,,,,,,,,,,,,,,,,,,,,,,True,True,All-rounder
Gurkeerat Singh (INDIA),2016-2016,2016.0,2016.0,1.0,3.0,3.0,1.0,13.0,8,8.0,0.0,6.5,13.0,100.0,0.0,0.0,0.0,4.33,0.0,0.0,43.9,2016-2016,2016,2016,0,3,3.0,60.0,68.0,0.0,-,,6.8,,0.0,0.0,0.0,0.15,0.04,0.0,,,,,,,,,,,,,,,,,True,True,All-rounder
Gursharan Singh (INDIA),1990-1990,1990.0,1990.0,1.0,1.0,1.0,0.0,4.0,4,4.0,0.0,4.0,10.0,40.0,0.0,0.0,0.0,4.0,0.0,0.0,18.4,1990-1990,1990,1990,0,1,,,,,-,,,,,,,,,,,,,,,,,,,,,,,,,,True,True,All-rounder
H Davids (SA),2013-2013,2013.0,2013.0,1.0,2.0,2.0,0.0,8.0,7,7.0,0.0,4.0,24.0,33.33,0.0,0.0,0.0,4.0,0.0,0.0,15.732,2013-2013,2013,2013,0,2,,,,,-,,,,,,,,,,,,,,,,,,,,,,,,,,True,True,All-rounder
H Durham (BMUDA),2006-2006,2006.0,2006.0,1.0,9.0,7.0,3.0,35.0,11,11.0,0.0,8.75,105.0,33.33,0.0,0.0,0.0,3.89,0.0,0.0,18.582,2006-2006,2006,2006,0,9,8.0,400.0,343.0,12.0,Apr-45,28.58,5.14,33.3,1.0,0.0,1.33,0.19,0.99,0.0,,,,,,,,,,,,,,,,,True,True,All-rounder
H Hiri (PNG),2016-2019,2016.0,2019.0,4.0,7.0,7.0,3.0,87.0,31*,31.0,1.0,21.75,137.0,63.5,0.0,0.0,1.0,12.43,0.0,0.0,38.45,2016-2019,2016,2019,3,7,4.0,60.0,56.0,2.0,01-Jun,28.0,5.6,30.0,0.0,0.0,0.29,0.18,0.25,0.0,,,,,,,,,,,,,,,,,True,True,All-rounder
H Klaasen (SA),2018-2019,2018.0,2019.0,2.0,14.0,13.0,2.0,251.0,59,59.0,0.0,22.81,291.0,86.25,0.0,1.0,1.0,17.93,0.0,7.14,48.186,2018-2019,2018,2019,1,14,,,,,-,,,,,,,,,,,,,,,,,,,,,,,,,,True,True,All-rounder
H Masakadza (ZIM),2001-2019,2001.0,2019.0,19.0,209.0,208.0,4.0,5658.0,178*,178.0,1.0,27.73,7728.0,73.21,5.0,34.0,15.0,27.07,2.39,16.27,45.922,2001-2019,2001,2019,18,209,85.0,1844.0,1636.0,39.0,Mar-39,41.94,5.32,47.2,0.0,0.0,0.19,0.19,0.19,0.0,,,,,,,,,,,,,,,,,True,True,All-rounder
H McLeod (EAf),1975-1975,1975.0,1975.0,1.0,2.0,2.0,0.0,5.0,5,5.0,0.0,2.5,10.0,50.0,0.0,0.0,1.0,2.5,0.0,0.0,21.5,1975-1975,1975,1975,0,2,,,,,-,,,,,,,,,,,,,,,,,,,,,,,,,,True,True,All-rounder
H Osinde (CAN),2006-2013,2006.0,2013.0,8.0,42.0,28.0,13.0,64.0,21*,21.0,1.0,4.26,130.0,49.23,0.0,0.0,7.0,1.52,0.0,0.0,22.248,2006-2013,2006,2013,7,42,41.0,1692.0,1389.0,45.0,Apr-26,30.86,4.92,37.6,2.0,0.0,1.07,0.2,0.81,0.0,,,,,,,,,,,,,,,,,True,True,All-rounder
H Patel (CAN),2009-2013,2009.0,2013.0,5.0,23.0,23.0,1.0,468.0,62,62.0,0.0,21.27,584.0,80.13,0.0,2.0,3.0,20.35,0.0,8.7,44.814,2009-2013,2009,2013,4,23,16.0,409.0,353.0,10.0,Apr-28,35.3,5.17,40.9,1.0,0.0,0.43,0.19,0.36,0.0,,,,,,,,,,,,,,,,,True,True,All-rounder
HA Gomes (WI),1978-1987,1978.0,1987.0,10.0,83.0,64.0,15.0,1415.0,101,101.0,0.0,28.87,2578.0,54.88,1.0,6.0,5.0,17.05,1.2,7.23,39.274,1978-1987,1978,1987,9,83,36.0,1345.0,1045.0,41.0,Apr-31,25.48,4.66,32.8,2.0,0.0,0.49,0.21,0.41,0.0,,,,,,,,,,,,,,,,,True,True,All-rounder
HA Varaiya (KENYA),2006-2014,2006.0,2014.0,9.0,63.0,38.0,17.0,252.0,34,34.0,0.0,12.0,489.0,51.53,0.0,0.0,3.0,4.0,0.0,0.0,27.812,2006-2014,2006,2014,8,63,60.0,2951.0,2048.0,68.0,Apr-25,30.11,4.16,43.3,2.0,0.0,1.08,0.24,0.83,0.0,,,,,,,,,,,,,,,,,True,True,All-rounder
HAG Anthony (WI),1995-1995,1995.0,1995.0,1.0,3.0,3.0,0.0,23.0,21,21.0,0.0,7.66,22.0,104.54,0.0,0.0,1.0,7.67,0.0,0.0,46.412,1995-1995,1995,1995,0,3,3.0,156.0,143.0,3.0,Feb-47,47.66,5.5,52.0,0.0,0.0,1.0,0.18,0.75,0.0,,,,,,,,,,,,,,,,,True,True,All-rounder
HAPW Jayawardene (SL),2003-2007,2003.0,2007.0,5.0,6.0,5.0,0.0,27.0,20,20.0,0.0,5.4,44.0,61.36,0.0,0.0,1.0,4.5,0.0,0.0,27.784,2003-2007,2003,2007,4,6,,,,,-,,,,,,,,,,,,,,,,,,,,,,,,,,True,True,All-rounder
HD Rutherford (NZ),2013-2013,2013.0,2013.0,1.0,4.0,4.0,0.0,15.0,11,11.0,0.0,3.75,56.0,26.78,0.0,0.0,0.0,3.75,0.0,0.0,12.962,2013-2013,2013,2013,0,4,,,,,-,,,,,,,,,,,,,,,,,,,,,,,,,,True,True,All-rounder
HDPK Dharmasena (SL),1994-2004,1994.0,2004.0,11.0,141.0,87.0,33.0,1222.0,69*,69.0,1.0,22.62,1879.0,65.03,0.0,4.0,2.0,8.67,0.0,2.84,39.584,1994-2004,1994,2004,10,141,134.0,7009.0,4998.0,138.0,Apr-37,36.21,4.27,50.7,1.0,0.0,0.98,0.23,0.76,0.0,,,,,,,,,,,,,,,,,True,True,All-rounder
HDRL Thirimanne (SL),2010-2019,2010.0,2019.0,10.0,127.0,106.0,14.0,3194.0,139*,139.0,1.0,34.71,4419.0,72.27,4.0,21.0,7.0,25.15,3.15,16.54,49.734,2010-2019,2010,2019,9,127,4.0,104.0,94.0,3.0,Feb-36,31.33,5.42,34.6,0.0,0.0,0.02,0.18,0.07,0.0,,,,,,,,,,,,,,,,,True,True,All-rounder
HE van der Dussen (SA),2019-2019,2019.0,2019.0,1.0,18.0,14.0,5.0,664.0,95,95.0,0.0,73.77,811.0,81.87,0.0,7.0,0.0,36.89,0.0,38.89,77.01,2019-2019,2019,2019,0,18,,,,,-,,,,,,,,,,,,,,,,,,,,,,,,,,True,True,All-rounder
HF Gurney (ENG),2014-2014,2014.0,2014.0,1.0,10.0,6.0,4.0,15.0,6*,6.0,1.0,7.5,33.0,45.45,0.0,0.0,0.0,1.5,0.0,0.0,22.68,2014-2014,2014,2014,0,10,10.0,455.0,432.0,11.0,Apr-55,39.27,5.69,41.3,1.0,0.0,1.1,0.18,0.82,0.0,,,,,,,,,,,,,,,,,True,True,All-rounder
HG Munsey (SCOT),2017-2019,2017.0,2019.0,3.0,25.0,25.0,3.0,562.0,61,61.0,0.0,25.54,732.0,76.77,0.0,2.0,3.0,22.48,0.0,8.0,46.032,2017-2019,2017,2019,2,25,,,,,-,,,,,,,,,,,,,,,,,,,,,,,,,,True,True,All-rounder
HH Dippenaar (Afr/SA),1999-2007,1999.0,2007.0,9.0,107.0,95.0,14.0,3421.0,125*,125.0,1.0,42.23,5047.0,67.78,4.0,26.0,4.0,31.97,3.74,24.3,52.45,1999-2007,1999,2007,8,107,,,,,-,,,,,,,,,,,,,,,,,,,,,,,,,,True,True,All-rounder
HH Gibbs (SA),1996-2010,1996.0,2010.0,15.0,248.0,240.0,16.0,8094.0,175,175.0,0.0,36.13,9721.0,83.26,21.0,37.0,22.0,32.64,8.47,14.92,54.982,1996-2010,1996,2010,14,248,,,,,-,,,,,,,,,,,,,,,,,,,,,,,,,,True,True,All-rounder
HH Kanitkar (INDIA),1997-2000,1997.0,2000.0,4.0,34.0,27.0,8.0,339.0,57,57.0,0.0,17.84,512.0,66.21,0.0,1.0,2.0,9.97,0.0,2.94,37.188,1997-2000,1997,2000,3,34,28.0,1006.0,803.0,17.0,Feb-22,47.23,4.78,59.1,0.0,0.0,0.5,0.21,0.41,0.0,,,,,,,,,,,,,,,,,True,True,All-rounder
HH Pandya (INDIA),2016-2019,2016.0,2019.0,4.0,54.0,38.0,6.0,957.0,83,83.0,0.0,29.9,828.0,115.57,0.0,4.0,3.0,17.72,0.0,7.41,64.168,2016-2019,2016,2019,3,54,53.0,2368.0,2195.0,54.0,Mar-31,40.64,5.56,43.8,0.0,0.0,1.0,0.18,0.75,0.0,,,,,,,,,,,,,,,,,True,True,All-rounder
HH Streak (Afr/ZIM),1993-2005,1993.0,2005.0,13.0,189.0,159.0,55.0,2943.0,79*,79.0,1.0,28.29,4008.0,73.42,0.0,13.0,6.0,15.57,0.0,6.88,46.342,1993-2005,1993,2005,12,189,185.0,9468.0,7129.0,239.0,May-32,29.82,4.51,39.6,7.0,1.0,1.26,0.22,0.95,0.005,,,,,,,,,,,,,,,,,True,True,All-rounder
HJ Howarth (NZ),1973-1975,1973.0,1975.0,3.0,9.0,5.0,2.0,18.0,11,11.0,0.0,6.0,26.0,69.23,0.0,0.0,1.0,2.0,0.0,0.0,31.292,1973-1975,1973,1975,2,9,8.0,492.0,280.0,11.0,Mar-29,25.45,3.41,44.7,0.0,0.0,1.22,0.29,0.94,0.0,,,,,,,,,,,,,,,,,True,True,All-rounder
HJC Mol (NL),2002-2008,2002.0,2008.0,7.0,11.0,9.0,1.0,67.0,23,23.0,0.0,8.37,183.0,36.61,0.0,0.0,2.0,6.09,0.0,0.0,19.666,2002-2008,2002,2008,6,11,7.0,182.0,149.0,5.0,Feb-17,29.8,4.91,36.4,0.0,0.0,0.45,0.2,0.38,0.0,,,,,,,,,,,,,,,,,True,True,All-rounder
HJH Marshall (NZ),2003-2007,2003.0,2007.0,5.0,66.0,62.0,9.0,1454.0,101*,101.0,1.0,27.43,1990.0,73.06,1.0,12.0,3.0,22.03,1.52,18.18,45.682,2003-2007,2003,2007,4,66,,,,,-,,,,,,,,,,,,,,,,,,,,,,,,,,True,True,All-rounder
HJW Gardiner (SCOT),2013-2015,2013.0,2015.0,3.0,11.0,11.0,0.0,262.0,96,96.0,0.0,23.81,396.0,66.16,0.0,2.0,1.0,23.82,0.0,18.18,40.75,2013-2015,2013,2015,2,11,,,,,-,,,,,,,,,,,,,,,,,,,,,,,,,,True,True,All-rounder
HK Badani (INDIA),2000-2004,2000.0,2004.0,5.0,40.0,36.0,10.0,867.0,100,100.0,0.0,33.34,1180.0,73.47,1.0,4.0,1.0,21.68,2.5,10.0,49.392,2000-2004,2000,2004,4,40,9.0,183.0,149.0,3.0,01-Jul,49.66,4.88,61.0,0.0,0.0,0.08,0.2,0.11,0.0,,,,,,,,,,,,,,,,,True,True,All-rounder
HK Bennett (NZ),2010-2017,2010.0,2017.0,8.0,16.0,7.0,5.0,10.0,4*,4.0,1.0,5.0,35.0,28.57,0.0,0.0,1.0,0.63,0.0,0.0,14.428,2010-2017,2010,2017,7,16,15.0,718.0,621.0,27.0,Apr-16,23.0,5.18,26.5,2.0,0.0,1.69,0.19,1.24,0.0,,,,,,,,,,,,,,,,,True,True,All-rounder
HK Olonga (ZIM),1995-2003,1995.0,2003.0,9.0,50.0,27.0,14.0,95.0,31,31.0,0.0,7.3,163.0,58.28,0.0,0.0,6.0,1.9,0.0,0.0,27.692,1995-2003,1995,2003,8,50,49.0,2059.0,1977.0,58.0,Jun-19,34.08,5.76,35.5,2.0,2.0,1.16,0.17,0.86,0.04,,,,,,,,,,,,,,,,,True,True,All-rounder
HM Amla (SA),2008-2019,2008.0,2019.0,12.0,181.0,178.0,14.0,8113.0,159,159.0,0.0,49.46,9178.0,88.39,27.0,39.0,4.0,44.82,14.92,21.55,65.032,2008-2019,2008,2019,11,181,,,,,-,,,,,,,,,,,,,,,,,,,,,,,,,,True,True,All-rounder
HM Goonatilleke (SL),1982-1982,1982.0,1982.0,1.0,6.0,4.0,3.0,31.0,14*,14.0,1.0,31.0,58.0,53.44,0.0,0.0,0.0,5.17,0.0,0.0,39.976,1982-1982,1982,1982,0,6,,,,,-,,,,,,,,,,,,,,,,,,,,,,,,,,True,True,All-rounder
HM Nicholls (NZ),2015-2019,2015.0,2019.0,5.0,45.0,43.0,10.0,1120.0,124*,124.0,1.0,33.93,1359.0,82.41,1.0,9.0,5.0,24.89,2.22,20.0,53.322,2015-2019,2015,2019,4,45,,,,,-,,,,,,,,,,,,,,,,,,,,,,,,,,True,True,All-rounder
HMCM Bandara (SL),2006-2010,2006.0,2010.0,5.0,31.0,17.0,4.0,160.0,31,31.0,0.0,12.3,224.0,71.42,0.0,0.0,3.0,5.16,0.0,0.0,35.948,2006-2010,2006,2010,4,31,28.0,1470.0,1232.0,36.0,Apr-31,34.22,5.02,40.8,2.0,0.0,1.16,0.2,0.87,0.0,,,,,,,,,,,,,,,,,True,True,All-rounder
HMRKB Herath (SL),2004-2015,2004.0,2015.0,12.0,71.0,30.0,15.0,140.0,17*,17.0,1.0,9.33,217.0,64.51,0.0,0.0,3.0,1.97,0.0,0.0,31.402,2004-2015,2004,2015,11,71,67.0,3242.0,2362.0,74.0,Apr-20,31.91,4.37,43.8,1.0,0.0,1.04,0.23,0.8,0.0,,,,,,,,,,,,,,,,,True,True,All-rounder
HN Ya France (NAM),2019-2019,2019.0,2019.0,1.0,4.0,2.0,1.0,13.0,11*,11.0,1.0,13.0,5.0,260.0,0.0,0.0,0.0,3.25,0.0,0.0,111.8,2019-2019,2019,2019,0,4,4.0,138.0,96.0,3.0,Feb-31,32.0,4.17,46.0,0.0,0.0,0.75,0.24,0.6,0.0,,,,,,,,,,,,,,,,,True,True,All-rounder
HP Rinke (ZIM),2006-2006,2006.0,2006.0,1.0,18.0,18.0,0.0,317.0,72,72.0,0.0,17.61,378.0,83.86,0.0,3.0,2.0,17.61,0.0,16.67,44.11,2006-2006,2006,2006,0,18,12.0,277.0,273.0,8.0,02-Nov,34.12,5.91,34.6,0.0,0.0,0.44,0.17,0.36,0.0,,,,,,,,,,,,,,,,,True,True,All-rounder
HP Tillakaratne (SL),1986-2003,1986.0,2003.0,18.0,200.0,168.0,40.0,3789.0,104,104.0,0.0,29.6,6588.0,57.51,2.0,13.0,10.0,18.95,1.0,6.5,40.764,1986-2003,1986,2003,17,200,15.0,180.0,141.0,6.0,01-Mar,23.5,4.7,30.0,0.0,0.0,0.03,0.21,0.08,0.0,,,,,,,,,,,,,,,,,True,True,All-rounder
HR Bryan (WI),1999-1999,1999.0,1999.0,1.0,15.0,8.0,2.0,43.0,11,11.0,0.0,7.16,71.0,60.56,0.0,0.0,1.0,2.87,0.0,0.0,28.52,1999-1999,1999,1999,0,15,15.0,722.0,518.0,12.0,Apr-24,43.16,4.3,60.1,1.0,0.0,0.8,0.23,0.63,0.0,,,,,,,,,,,,,,,,,True,True,All-rounder
HR Johnson (USA),2004-2004,2004.0,2004.0,1.0,2.0,2.0,1.0,9.0,9,9.0,0.0,9.0,20.0,45.0,0.0,0.0,0.0,4.5,0.0,0.0,23.4,2004-2004,2004,2004,0,2,2.0,60.0,69.0,1.0,Jan-26,69.0,6.9,60.0,0.0,0.0,0.5,0.14,0.39,0.0,,,,,,,,,,,,,,,,,True,True,All-rounder
HR Walsh (USA/WI),2019-2019,2019.0,2019.0,1.0,5.0,2.0,0.0,31.0,27,27.0,0.0,15.5,37.0,83.78,0.0,0.0,0.0,6.2,0.0,0.0,42.812,2019-2019,2019,2019,0,5,5.0,160.0,160.0,4.0,Mar-36,40.0,6.0,40.0,0.0,0.0,0.8,0.17,0.61,0.0,,,,,,,,,,,,,,,,,True,True,All-rounder
HS Baidwan (CAN),2008-2014,2008.0,2014.0,7.0,32.0,22.0,7.0,220.0,33,33.0,0.0,14.66,339.0,64.89,0.0,0.0,3.0,6.88,0.0,0.0,34.752,2008-2014,2008,2014,6,32,32.0,1551.0,1348.0,44.0,Mar-19,30.63,5.21,35.2,0.0,0.0,1.38,0.19,1.02,0.0,,,,,,,,,,,,,,,,,True,True,All-rounder
HS Dhillon (CAN),2006-2006,2006.0,2006.0,1.0,2.0,2.0,0.0,14.0,13,13.0,0.0,7.0,35.0,40.0,0.0,0.0,0.0,7.0,0.0,0.0,20.2,2006-2006,2006,2006,0,2,,,,,-,,,,,,,,,,,,,,,,,,,,,,,,,,True,True,All-rounder
HS Modi (KENYA),1996-2006,1996.0,2006.0,11.0,63.0,56.0,9.0,1109.0,78*,78.0,1.0,23.59,1906.0,58.18,0.0,5.0,5.0,17.6,0.0,7.94,37.426,1996-2006,1996,2006,10,63,4.0,19.0,27.0,0.0,-,,8.52,,0.0,0.0,0.0,0.12,0.04,0.0,,,,,,,,,,,,,,,,,True,True,All-rounder
HS Williams (SA),1999-2000,1999.0,2000.0,2.0,7.0,2.0,1.0,8.0,7,7.0,0.0,8.0,11.0,72.72,0.0,0.0,0.0,1.14,0.0,0.0,33.888,1999-2000,1999,2000,1,7,7.0,329.0,228.0,9.0,Mar-38,25.33,4.15,36.5,0.0,0.0,1.29,0.24,0.97,0.0,,,,,,,,,,,,,,,,,True,True,All-rounder
HSM Pieris (SL),1975-1975,1975.0,1975.0,1.0,3.0,3.0,1.0,19.0,16,16.0,0.0,9.5,59.0,32.2,0.0,0.0,0.0,6.33,0.0,0.0,18.58,1975-1975,1975,1975,0,3,3.0,132.0,135.0,2.0,Feb-68,67.5,6.13,66.0,0.0,0.0,0.67,0.16,0.52,0.0,,,,,,,,,,,,,,,,,True,True,All-rounder
HT Davis (NZ),1994-1997,1994.0,1997.0,4.0,11.0,6.0,4.0,13.0,7*,7.0,1.0,6.5,33.0,39.39,0.0,0.0,1.0,1.18,0.0,0.0,19.656,1994-1997,1994,1997,3,11,11.0,432.0,436.0,11.0,Apr-35,39.63,6.05,39.2,1.0,0.0,1.0,0.17,0.75,0.0,,,,,,,,,,,,,,,,,True,True,All-rounder
HWR Cartwright (AUS),2017-2017,2017.0,2017.0,1.0,2.0,2.0,0.0,2.0,1,1.0,0.0,1.0,23.0,8.69,0.0,0.0,0.0,1.0,0.0,0.0,4.076,2017-2017,2017,2017,0,2,,,,,-,,,,,,,,,,,,,,,,,,,,,,,,,,True,True,All-rounder
Haafiz Shahid (PAK),1988-1988,1988.0,1988.0,1.0,3.0,3.0,2.0,11.0,7*,7.0,1.0,11.0,23.0,47.82,0.0,0.0,0.0,3.67,0.0,0.0,25.728,1988-1988,1988,1988,0,3,3.0,127.0,112.0,3.0,Feb-56,37.33,5.29,42.3,0.0,0.0,1.0,0.19,0.76,0.0,,,,,,,,,,,,,,,,,True,True,All-rounder
Habibul Bashar (BDESH),1995-2007,1995.0,2007.0,13.0,111.0,105.0,5.0,2168.0,78,78.0,0.0,21.68,3586.0,60.45,0.0,14.0,18.0,19.53,0.0,12.61,37.188,1995-2007,1995,2007,12,111,6.0,175.0,142.0,1.0,Jan-31,142.0,4.86,175.0,0.0,0.0,0.01,0.21,0.07,0.0,,,,,,,,,,,,,,,,,True,True,All-rounder
Hafizur Rahman (BDESH),1986-1986,1986.0,1986.0,1.0,2.0,1.0,0.0,8.0,8,8.0,0.0,8.0,24.0,33.33,0.0,0.0,0.0,4.0,0.0,0.0,18.132,1986-1986,1986,1986,0,2,,,,,-,,,,,,,,,,,,,,,,,,,,,,,,,,True,True,All-rounder
Hamid Hassan (AFG),2009-2019,2009.0,2019.0,11.0,38.0,22.0,6.0,107.0,17,17.0,0.0,6.68,195.0,54.87,0.0,0.0,4.0,2.82,0.0,0.0,25.956,2009-2019,2009,2019,10,38,37.0,1734.0,1330.0,59.0,May-45,22.54,4.6,29.3,2.0,1.0,1.55,0.22,1.15,0.026,,,,,,,,,,,,,,,,,True,True,All-rounder
Hammad Azam (PAK),2011-2015,2011.0,2015.0,5.0,11.0,7.0,2.0,80.0,36,36.0,0.0,16.0,131.0,61.06,0.0,0.0,0.0,7.27,0.0,0.0,34.024,2011-2015,2011,2015,4,11,8.0,198.0,169.0,2.0,Jan-21,84.5,5.12,99.0,0.0,0.0,0.18,0.2,0.19,0.0,,,,,,,,,,,,,,,,,True,True,All-rounder
Hamza Tahir (SCOT),2019-2019,2019.0,2019.0,1.0,6.0,2.0,0.0,0.0,0,0.0,0.0,0.0,2.0,0.0,0.0,0.0,2.0,0.0,0.0,0.0,0.0,2019-2019,2019,2019,0,6,6.0,338.0,228.0,13.0,May-38,17.53,4.04,26.0,1.0,1.0,2.17,0.25,1.59,0.167,,,,,,,,,,,,,,,,,True,True,All-rounder
Hamza Tariq (CAN),2011-2014,2011.0,2014.0,4.0,7.0,7.0,0.0,116.0,71,71.0,0.0,16.57,157.0,73.88,0.0,1.0,2.0,16.57,0.0,14.29,39.494,2011-2014,2011,2014,3,7,,,,,-,,,,,,,,,,,,,,,,,,,,,,,,,,True,True,All-rounder
Hannan Sarkar (BDESH),2002-2004,2002.0,2004.0,3.0,20.0,20.0,0.0,383.0,61,61.0,0.0,19.15,713.0,53.71,0.0,3.0,2.0,19.15,0.0,15.0,32.974,2002-2004,2002,2004,2,20,1.0,3.0,13.0,0.0,-,,26.0,,0.0,0.0,0.0,0.04,0.01,0.0,,,,,,,,,,,,,,,,,True,True,All-rounder
Harbhajan Singh (Asia/INDIA),1998-2015,1998.0,2015.0,18.0,236.0,128.0,35.0,1237.0,49,49.0,0.0,13.3,1526.0,81.06,0.0,0.0,17.0,5.24,0.0,0.0,40.404,1998-2015,1998,2015,17,236,227.0,12479.0,8973.0,269.0,May-31,33.35,4.31,46.3,2.0,3.0,1.14,0.23,0.87,0.013,,,,,,,,,,,,,,,,,True,True,All-rounder
Harilal Shah (EAf),1975-1975,1975.0,1975.0,1.0,3.0,3.0,0.0,6.0,6,6.0,0.0,2.0,56.0,10.71,0.0,0.0,2.0,2.0,0.0,0.0,5.484,1975-1975,1975,1975,0,3,,,,,-,,,,,,,,,,,,,,,,,,,,,,,,,,True,True,All-rounder
Haris Sohail (PAK),2013-2019,2013.0,2019.0,7.0,41.0,40.0,5.0,1614.0,130,130.0,0.0,46.11,1895.0,85.17,2.0,13.0,1.0,39.37,4.88,31.71,61.734,2013-2019,2013,2019,6,41,21.0,642.0,613.0,11.0,Mar-45,55.72,5.72,58.3,0.0,0.0,0.27,0.17,0.24,0.0,,,,,,,,,,,,,,,,,True,True,All-rounder
Haroon Rasheed (PAK),1977-1982,1977.0,1982.0,6.0,12.0,10.0,2.0,166.0,63*,63.0,1.0,20.75,316.0,52.53,0.0,1.0,0.0,13.83,0.0,8.33,33.462,1977-1982,1977,1982,5,12,,,,,-,,,,,,,,,,,,,,,,,,,,,,,,,,True,True,All-rounder
Harunur Rashid (BDESH),1988-1988,1988.0,1988.0,1.0,2.0,2.0,0.0,0.0,0,0.0,0.0,0.0,17.0,0.0,0.0,0.0,2.0,0.0,0.0,0.0,0.0,1988-1988,1988,1988,0,2,,,,,-,,,,,,,,,,,,,,,,,,,,,,,,,,True,True,All-rounder
Harvinder Singh (INDIA),1997-2001,1997.0,2001.0,5.0,16.0,5.0,1.0,6.0,3*,3.0,1.0,1.5,19.0,31.57,0.0,0.0,1.0,0.38,0.0,0.0,13.528,1997-2001,1997,2001,4,16,16.0,686.0,609.0,24.0,Mar-44,25.37,5.32,28.5,0.0,0.0,1.5,0.19,1.11,0.0,,,,,,,,,,,,,,,,,True,True,All-rounder
Hasan Ali (PAK),2016-2019,2016.0,2019.0,4.0,53.0,29.0,9.0,280.0,59,59.0,0.0,14.0,247.0,113.36,0.0,2.0,3.0,5.28,0.0,3.77,53.744,2016-2019,2016,2019,3,53,51.0,2548.0,2381.0,82.0,May-34,29.03,5.6,31.0,1.0,3.0,1.55,0.18,1.14,0.057,,,,,,,,,,,,,,,,,True,True,All-rounder
Hasan Jamil (PAK),1977-1978,1977.0,1978.0,2.0,6.0,5.0,0.0,111.0,28,28.0,0.0,22.2,120.0,92.5,0.0,0.0,0.0,18.5,0.0,0.0,50.32,1977-1978,1977,1978,1,6,5.0,232.0,154.0,8.0,Mar-18,19.25,3.98,29.0,0.0,0.0,1.33,0.25,1.01,0.0,,,,,,,,,,,,,,,,,True,True,All-rounder
Hasan Raza (PAK),1996-1999,1996.0,1999.0,4.0,16.0,13.0,0.0,242.0,77,77.0,0.0,18.61,480.0,50.41,0.0,1.0,1.0,15.13,0.0,6.25,31.33,1996-1999,1996,1999,3,16,,,,,-,,,,,,,,,,,,,,,,,,,,,,,,,,True,True,All-rounder
Haseeb Amjad (HKG),2014-2016,2014.0,2016.0,3.0,7.0,6.0,1.0,112.0,42,42.0,0.0,22.4,85.0,131.76,0.0,0.0,1.0,16.0,0.0,0.0,66.144,2014-2016,2014,2016,2,7,7.0,342.0,288.0,11.0,Mar-49,26.18,5.05,31.0,0.0,0.0,1.57,0.2,1.16,0.0,,,,,,,,,,,,,,,,,True,True,All-rounder
Hashmatullah Shahidi (AFG),2013-2019,2013.0,2019.0,7.0,39.0,39.0,6.0,1062.0,97*,97.0,1.0,32.18,1667.0,63.7,0.0,9.0,4.0,27.23,0.0,23.08,44.788,2013-2019,2013,2019,6,39,2.0,18.0,25.0,0.0,-,,8.33,,0.0,0.0,0.0,0.12,0.04,0.0,,,,,,,,,,,,,,,,,True,True,All-rounder
Hasibul Hossain (BDESH),1995-2004,1995.0,2004.0,10.0,32.0,26.0,6.0,172.0,21*,21.0,1.0,8.6,247.0,69.63,0.0,0.0,3.0,5.38,0.0,0.0,33.012,1995-2004,1995,2004,9,32,32.0,1375.0,1338.0,29.0,Apr-56,46.13,5.83,47.4,1.0,0.0,0.91,0.17,0.69,0.0,,,,,,,,,,,,,,,,,True,True,All-rounder
Hasti Gul (AFG),2009-2009,2009.0,2009.0,1.0,2.0,1.0,1.0,23.0,23*,23.0,1.0,,11.0,209.09,0.0,0.0,0.0,11.5,0.0,0.0,,2009-2009,2009,2009,0,2,2.0,114.0,73.0,3.0,Feb-48,24.33,3.84,38.0,0.0,0.0,1.5,0.26,1.13,0.0,,,,,,,,,,,,,,,,,True,True,All-rounder
Hazratullah Zazai (AFG),2018-2019,2018.0,2019.0,2.0,16.0,16.0,0.0,361.0,67,67.0,0.0,22.56,409.0,88.26,0.0,2.0,1.0,22.56,0.0,12.5,48.84,2018-2019,2018,2019,1,16,,,,,-,,,,,,,,,,,,,,,,,,,,,,,,,,True,True,All-rounder
Humayun Farhat (PAK),2001-2001,2001.0,2001.0,1.0,5.0,3.0,0.0,60.0,39,39.0,0.0,20.0,56.0,107.14,0.0,0.0,0.0,12.0,0.0,0.0,54.856,2001-2001,2001,2001,0,5,,,,,-,,,,,,,,,,,,,,,,,,,,,,,,,,True,True,All-rounder
Hussain Talat (PAK),2019-2019,2019.0,2019.0,1.0,1.0,1.0,0.0,2.0,2,2.0,0.0,2.0,14.0,14.28,0.0,0.0,0.0,2.0,0.0,0.0,6.912,2019-2019,2019,2019,0,1,1.0,12.0,16.0,0.0,-,,8.0,,0.0,0.0,0.0,0.13,0.04,0.0,,,,,,,,,,,,,,,,,True,True,All-rounder
I Maraj (CAN),2003-2003,2003.0,2003.0,1.0,6.0,6.0,1.0,98.0,53*,53.0,1.0,19.6,264.0,37.12,0.0,1.0,2.0,16.33,0.0,16.67,26.608,2003-2003,2003,2003,0,6,1.0,27.0,22.0,0.0,-,,4.88,,0.0,0.0,0.0,0.2,0.06,0.0,,,,,,,,,,,,,,,,,True,True,All-rounder
I Sharma (INDIA),2007-2016,2007.0,2016.0,10.0,80.0,28.0,13.0,72.0,13,13.0,0.0,4.8,203.0,35.46,0.0,0.0,5.0,0.9,0.0,0.0,17.064,2007-2016,2007,2016,9,80,78.0,3733.0,3563.0,115.0,Apr-34,30.98,5.72,32.4,6.0,0.0,1.44,0.17,1.06,0.0,,,,,,,,,,,,,,,,,True,True,All-rounder
I Udana (SL),2012-2019,2012.0,2019.0,8.0,15.0,12.0,2.0,171.0,78,78.0,0.0,17.1,181.0,94.47,0.0,1.0,1.0,11.4,0.0,6.67,48.048,2012-2019,2012,2019,7,15,15.0,639.0,631.0,12.0,Feb-41,52.58,5.92,53.2,0.0,0.0,0.8,0.17,0.61,0.0,,,,,,,,,,,,,,,,,True,True,All-rounder
I Wardlaw (SCOT),2013-2015,2013.0,2015.0,3.0,22.0,14.0,8.0,21.0,7*,7.0,1.0,3.5,40.0,52.5,0.0,0.0,5.0,0.95,0.0,0.0,23.1,2013-2015,2013,2015,2,22,21.0,1108.0,1036.0,36.0,Apr-22,28.77,5.61,30.7,2.0,0.0,1.64,0.18,1.2,0.0,,,,,,,,,,,,,,,,,True,True,All-rounder
IA Healy (AUS),1988-1997,1988.0,1997.0,10.0,168.0,120.0,36.0,1764.0,56,56.0,0.0,21.0,2104.0,83.84,0.0,4.0,9.0,10.5,0.0,2.38,46.136,1988-1997,1988,1997,9,168,,,,,-,,,,,,,,,,1988-1997,1988.0,1997.0,9.0,168.0,168.0,233.0,194.0,39.0,194.0,0.0,,1.386,1.15,1.39,0.23,True,True,All-rounder
IA Karim (KENYA),2011-2014,2011.0,2014.0,4.0,9.0,9.0,0.0,396.0,112,112.0,0.0,44.0,522.0,75.86,2.0,1.0,0.0,44.0,22.22,11.11,56.744,2011-2014,2011,2014,3,9,,,,,-,,,,,,,,,,,,,,,,,,,,,,,,,,True,True,All-rounder
IA Nicolson (ZIM),2010-2010,2010.0,2010.0,1.0,2.0,2.0,0.0,14.0,14,14.0,0.0,7.0,22.0,63.63,0.0,0.0,1.0,7.0,0.0,0.0,29.652,2010-2010,2010,2010,0,2,2.0,72.0,118.0,2.0,Jan-44,59.0,9.83,36.0,0.0,0.0,1.0,0.1,0.73,0.0,,,,,,,,,,,,,,,,,True,True,All-rounder
IC Davis (AUS),1974-1977,1974.0,1977.0,4.0,3.0,3.0,1.0,12.0,11*,11.0,1.0,6.0,35.0,34.28,0.0,0.0,1.0,4.0,0.0,0.0,17.312,1974-1977,1974,1977,3,3,,,,,-,,,,,,,,,,,,,,,,,,,,,,,,,,True,True,All-rounder
ID Austin (ENG),1998-1999,1998.0,1999.0,2.0,9.0,6.0,1.0,34.0,11*,11.0,1.0,6.8,49.0,69.38,0.0,0.0,0.0,3.78,0.0,0.0,31.832,1998-1999,1998,1999,1,9,9.0,475.0,360.0,6.0,Feb-25,60.0,4.54,79.1,0.0,0.0,0.67,0.22,0.53,0.0,,,,,,,,,,,,,,,,,True,True,All-rounder
ID Blackwell (ENG),2002-2006,2002.0,2006.0,5.0,34.0,29.0,2.0,403.0,82,82.0,0.0,14.92,465.0,86.66,0.0,1.0,6.0,11.85,0.0,2.94,43.616,2002-2006,2002,2006,4,34,26.0,1230.0,877.0,24.0,Mar-26,36.54,4.27,51.2,0.0,0.0,0.71,0.23,0.56,0.0,,,,,,,,,,,,,,,,,True,True,All-rounder
IDK Salisbury (ENG),1993-1994,1993.0,1994.0,2.0,4.0,2.0,1.0,7.0,5,5.0,0.0,7.0,12.0,58.33,0.0,0.0,0.0,1.75,0.0,0.0,27.532,1993-1994,1993,1994,1,4,4.0,186.0,177.0,5.0,Mar-41,35.4,5.7,37.2,0.0,0.0,1.25,0.18,0.93,0.0,,,,,,,,,,,,,,,,,True,True,All-rounder
IDR Bradshaw (WI),2004-2007,2004.0,2007.0,4.0,62.0,34.0,11.0,287.0,37,37.0,0.0,12.47,480.0,59.79,0.0,0.0,6.0,4.63,0.0,0.0,31.398,2004-2007,2004,2007,3,62,62.0,3172.0,2299.0,78.0,Mar-15,29.47,4.34,40.6,0.0,0.0,1.26,0.23,0.95,0.0,,,,,,,,,,,,,,,,,True,True,All-rounder
IDS Smith (NZ),1980-1992,1980.0,1992.0,13.0,98.0,77.0,16.0,1055.0,62*,62.0,1.0,17.29,1061.0,99.43,0.0,3.0,7.0,10.77,0.0,3.06,50.146,1980-1992,1980,1992,12,98,,,,,-,,,,,,,,,,,,,,,,,,,,,,,,,,True,True,All-rounder
IE O'Brien (NZ),2008-2009,2008.0,2009.0,2.0,10.0,2.0,2.0,3.0,3*,3.0,1.0,,11.0,27.27,0.0,0.0,0.0,0.3,0.0,0.0,,2008-2009,2008,2009,1,10,10.0,453.0,488.0,14.0,Mar-68,34.85,6.46,32.3,0.0,0.0,1.4,0.15,1.03,0.0,,,,,,,,,,,,,,,,,True,True,All-rounder
IG Butler (NZ),2002-2010,2002.0,2010.0,9.0,26.0,13.0,5.0,84.0,25,25.0,0.0,10.5,154.0,54.54,0.0,0.0,2.0,3.23,0.0,0.0,28.116,2002-2010,2002,2010,8,26,25.0,1109.0,1038.0,28.0,Apr-44,37.07,5.61,39.6,1.0,0.0,1.08,0.18,0.81,0.0,,,,,,,,,,,,,,,,,True,True,All-rounder
IG Holland (USA),2019-2019,2019.0,2019.0,1.0,4.0,4.0,0.0,76.0,44,44.0,0.0,19.0,92.0,82.6,0.0,0.0,0.0,19.0,0.0,0.0,44.44,2019-2019,2019,2019,0,4,4.0,138.0,100.0,5.0,03-Nov,20.0,4.34,27.6,0.0,0.0,1.25,0.23,0.94,0.0,,,,,,,,,,,,,,,,,True,True,All-rounder
IH Romaine (BMUDA),2006-2009,2006.0,2009.0,4.0,35.0,34.0,3.0,783.0,101,101.0,0.0,25.25,1222.0,64.07,1.0,4.0,5.0,22.37,2.86,11.43,40.778,2006-2009,2006,2009,3,35,13.0,326.0,355.0,10.0,Feb-22,35.5,6.53,32.6,0.0,0.0,0.29,0.15,0.25,0.0,,,,,,,,,,,,,,,,,True,True,All-rounder
IJ Gould (ENG),1983-1983,1983.0,1983.0,1.0,18.0,14.0,2.0,155.0,42,42.0,0.0,12.91,243.0,63.78,0.0,0.0,2.0,8.61,0.0,0.0,33.258,1983-1983,1983,1983,0,18,,,,,-,,,,,,,,,,,,,,,,,,,,,,,,,,True,True,All-rounder
IJ Harvey (AUS),1997-2004,1997.0,2004.0,8.0,73.0,51.0,11.0,715.0,48*,48.0,1.0,17.87,811.0,88.16,0.0,0.0,2.0,9.79,0.0,0.0,45.986,1997-2004,1997,2004,7,73,70.0,3279.0,2577.0,85.0,Apr-16,30.31,4.71,38.5,4.0,0.0,1.16,0.21,0.88,0.0,,,,,,,,,,,,,,,,,True,True,All-rounder
IJL Trott (ENG),2009-2013,2009.0,2013.0,5.0,68.0,65.0,10.0,2819.0,137,137.0,0.0,51.25,3658.0,77.06,4.0,22.0,5.0,41.46,5.88,32.35,61.574,2009-2013,2009,2013,4,68,10.0,183.0,166.0,2.0,Feb-31,83.0,5.44,91.5,0.0,0.0,0.03,0.18,0.08,0.0,,,,,,,,,,,,,,,,,True,True,All-rounder
IK Pathan (INDIA),2004-2012,2004.0,2012.0,9.0,120.0,87.0,21.0,1544.0,83,83.0,0.0,23.39,1941.0,79.54,0.0,5.0,7.0,12.87,0.0,4.17,45.85,2004-2012,2004,2012,8,120,118.0,5855.0,5142.0,173.0,May-27,29.72,5.26,33.8,5.0,2.0,1.44,0.19,1.07,0.017,,,,,,,,,,,,,,,,,True,True,All-rounder
IL Philip (SCOT),1999-1999,1999.0,1999.0,1.0,3.0,3.0,0.0,20.0,17,17.0,0.0,6.66,89.0,22.47,0.0,0.0,1.0,6.67,0.0,0.0,12.984,1999-1999,1999,1999,0,3,,,,,-,,,,,,,,,,,,,,,,,,,,,,,,,,True,True,All-rounder
IM Chappell (AUS),1971-1980,1971.0,1980.0,10.0,16.0,16.0,2.0,673.0,86,86.0,0.0,48.07,874.0,77.0,0.0,8.0,0.0,42.06,0.0,50.0,59.642,1971-1980,1971,1980,9,16,2.0,42.0,23.0,2.0,Feb-14,11.5,3.28,21.0,0.0,0.0,0.13,0.3,0.18,0.0,,,,,,,,,,,,,,,,,True,True,All-rounder
IM Stanger (SCOT),1999-2006,1999.0,2006.0,8.0,5.0,5.0,0.0,50.0,27,27.0,0.0,10.0,150.0,33.33,0.0,0.0,0.0,10.0,0.0,0.0,19.332,1999-2006,1999,2006,7,5,2.0,54.0,56.0,0.0,-,,6.22,,0.0,0.0,0.0,0.16,0.05,0.0,,,,,,,,,,,,,,,,,True,True,All-rounder
IP Butchart (ZIM),1983-1995,1983.0,1995.0,13.0,20.0,16.0,2.0,252.0,54,54.0,0.0,18.0,395.0,63.79,0.0,1.0,2.0,12.6,0.0,5.0,36.316,1983-1995,1983,1995,12,20,16.0,702.0,640.0,12.0,Mar-57,53.33,5.47,58.5,0.0,0.0,0.6,0.18,0.47,0.0,,,,,,,,,,,,,,,,,True,True,All-rounder
IPP Batuwitarachchi (UAE),2008-2008,2008.0,2008.0,1.0,2.0,2.0,0.0,14.0,14,14.0,0.0,7.0,48.0,29.16,0.0,0.0,1.0,7.0,0.0,0.0,15.864,2008-2008,2008,2008,0,2,,,,,-,,,,,,,,,,,,,,,,,,,,,,,,,,True,True,All-rounder
IR Bell (ENG),2004-2015,2004.0,2015.0,12.0,161.0,157.0,14.0,5416.0,141,141.0,0.0,37.87,7019.0,77.16,4.0,35.0,6.0,33.64,2.48,21.74,53.586,2004-2015,2004,2015,11,161,6.0,88.0,88.0,6.0,03-Sep,14.66,6.0,14.6,0.0,0.0,0.04,0.17,0.08,0.0,,,,,,,,,,,,,,,,,True,True,All-rounder
IR Bishop (WI),1988-1997,1988.0,1997.0,10.0,84.0,44.0,19.0,405.0,33*,33.0,1.0,16.2,776.0,52.19,0.0,0.0,3.0,4.82,0.0,0.0,30.596,1988-1997,1988,1997,9,84,83.0,4332.0,3127.0,118.0,May-25,26.5,4.33,36.7,7.0,2.0,1.4,0.23,1.05,0.024,,,,,,,,,,,,,,,,,True,True,All-rounder
IR Redpath (AUS),1971-1975,1971.0,1975.0,5.0,5.0,5.0,0.0,46.0,24,24.0,0.0,9.2,67.0,68.65,0.0,0.0,1.0,9.2,0.0,0.0,32.98,1971-1975,1971,1975,4,5,,,,,-,,,,,,,,,,,,,,,,,,,,,,,,,,True,True,All-rounder
IS Billcliff (CAN),2003-2009,2003.0,2009.0,7.0,19.0,19.0,0.0,529.0,93,93.0,0.0,27.84,793.0,66.7,0.0,4.0,0.0,27.84,0.0,21.05,43.384,2003-2009,2003,2009,6,19,,,,,-,,,,,,,,,,,,,,,,,,,,,,,,,,True,True,All-rounder
IS Gallage (SL),1999-2001,1999.0,2001.0,3.0,3.0,2.0,1.0,17.0,14,14.0,0.0,17.0,27.0,62.96,0.0,0.0,0.0,5.67,0.0,0.0,35.384,1999-2001,1999,2001,2,3,3.0,144.0,115.0,3.0,Feb-42,38.33,4.79,48.0,0.0,0.0,1.0,0.21,0.76,0.0,,,,,,,,,,,,,,,,,True,True,All-rounder
IS Sodhi (NZ),2015-2019,2015.0,2019.0,5.0,31.0,13.0,2.0,67.0,24,24.0,0.0,6.09,88.0,76.13,0.0,0.0,4.0,2.16,0.0,0.0,34.106,2015-2019,2015,2019,4,31,30.0,1548.0,1430.0,39.0,Apr-58,36.66,5.54,39.6,1.0,0.0,1.26,0.18,0.93,0.0,,,,,,,,,,,,,,,,,True,True,All-rounder
IT Botham (ENG),1976-1992,1976.0,1992.0,17.0,116.0,106.0,15.0,2113.0,79,79.0,0.0,23.21,2671.0,79.1,0.0,9.0,6.0,18.22,0.0,7.76,45.566,1976-1992,1976,1992,16,116,115.0,6271.0,4139.0,145.0,Apr-31,28.54,3.96,43.2,3.0,0.0,1.25,0.25,0.95,0.0,,,,,,,,,,,,,,,,,True,True,All-rounder
IT Iqbal (KENYA),1996-1996,1996.0,1996.0,1.0,3.0,2.0,0.0,17.0,16,16.0,0.0,8.5,52.0,32.69,0.0,0.0,0.0,5.67,0.0,0.0,18.176,1996-1996,1996,1996,0,3,,,,,-,,,,,,,,,,,,,,,,,,,,,,,,,,True,True,All-rounder
IT Shillingford (WI),1978-1978,1978.0,1978.0,1.0,2.0,2.0,0.0,30.0,24,24.0,0.0,15.0,38.0,78.94,0.0,0.0,0.0,15.0,0.0,0.0,40.576,1978-1978,1978,1978,0,2,,,,,-,,,,,,,,,,,,,,,,,,,,,,,,,,True,True,All-rounder
IVA Richards (WI),1975-1991,1975.0,1991.0,17.0,187.0,167.0,24.0,6721.0,189*,189.0,1.0,47.0,7451.0,90.2,11.0,45.0,7.0,35.94,5.88,24.06,64.28,1975-1991,1975,1991,16,187,131.0,5644.0,4228.0,118.0,Jun-41,35.83,4.49,47.8,1.0,2.0,0.63,0.22,0.51,0.011,,,,,,,,,,,,,,,,,True,True,All-rounder
IW Callen (AUS),1978-1982,1978.0,1982.0,5.0,5.0,3.0,2.0,6.0,3*,3.0,1.0,6.0,13.0,46.15,0.0,0.0,1.0,1.2,0.0,0.0,22.06,1978-1982,1978,1982,4,5,4.0,180.0,148.0,5.0,Mar-24,29.6,4.93,36.0,0.0,0.0,1.0,0.2,0.76,0.0,,,,,,,,,,,,,,,,,True,True,All-rounder
Ibrahim Zadran (AFG),2019-2019,2019.0,2019.0,1.0,1.0,1.0,0.0,2.0,2,2.0,0.0,2.0,9.0,22.22,0.0,0.0,0.0,2.0,0.0,0.0,10.088,2019-2019,2019,2019,0,1,,,,,-,,,,,,,,,,,,,,,,,,,,,,,,,,True,True,All-rounder
Iftikhar Ahmed (PAK),2015-2019,2015.0,2019.0,5.0,4.0,4.0,2.0,68.0,32*,32.0,1.0,34.0,73.0,93.15,0.0,0.0,0.0,17.0,0.0,0.0,57.66,2015-2019,2015,2019,4,4,4.0,138.0,101.0,1.0,Jan-31,101.0,4.39,138.0,0.0,0.0,0.25,0.23,0.24,0.0,,,,,,,,,,,,,,,,,True,True,All-rounder
Iftikhar Anjum (PAK),2004-2010,2004.0,2010.0,7.0,62.0,34.0,19.0,234.0,32,32.0,0.0,15.6,378.0,61.9,0.0,0.0,4.0,3.77,0.0,0.0,34.12,2004-2010,2004,2010,6,62,60.0,2960.0,2430.0,77.0,May-30,31.55,4.92,38.4,2.0,1.0,1.24,0.2,0.93,0.016,,,,,,,,,,,,,,,,,True,True,All-rounder
Ihsanullah (AFG),2017-2018,2017.0,2018.0,2.0,16.0,16.0,2.0,307.0,57*,57.0,1.0,21.92,440.0,69.77,0.0,3.0,2.0,19.19,0.0,18.75,41.06,2017-2018,2017,2018,1,16,,,,,-,,,,,,,,,,,,,,,,,,,,,,,,,,True,True,All-rounder
Ijaz Ahmed (PAK),1986-2000,1986.0,2000.0,15.0,250.0,232.0,29.0,6564.0,139*,139.0,1.0,32.33,8174.0,80.3,10.0,37.0,14.0,26.26,4.0,14.8,51.518,1986-2000,1986,2000,14,250,28.0,637.0,476.0,5.0,Feb-31,95.2,4.48,127.4,0.0,0.0,0.02,0.22,0.08,0.0,,,,,,,,,,,,,,,,,True,True,All-rounder
Ijaz Ahmed jnr (PAK),1997-1997,1997.0,1997.0,1.0,2.0,1.0,1.0,3.0,3*,3.0,1.0,,2.0,150.0,0.0,0.0,0.0,1.5,0.0,0.0,,1997-1997,1997,1997,0,2,2.0,30.0,25.0,1.0,01-Sep,25.0,5.0,30.0,0.0,0.0,0.5,0.2,0.41,0.0,,,,,,,,,,,,,,,,,True,True,All-rounder
Ijaz Faqih (PAK),1980-1988,1980.0,1988.0,9.0,27.0,19.0,3.0,197.0,42*,42.0,1.0,12.31,351.0,56.12,0.0,0.0,4.0,7.3,0.0,0.0,29.834,1980-1988,1980,1988,8,27,25.0,1116.0,819.0,13.0,Apr-43,63.0,4.4,85.8,1.0,0.0,0.48,0.23,0.41,0.0,,,,,,,,,,,,,,,,,True,True,All-rounder
Ikram Alikhil (AFG),2019-2019,2019.0,2019.0,1.0,12.0,12.0,3.0,234.0,86,86.0,0.0,26.0,386.0,60.62,0.0,2.0,0.0,19.5,0.0,16.67,39.848,2019-2019,2019,2019,0,12,,,,,-,,,,,,,,,,,,,,,,,,,,,,,,,,True,True,All-rounder
Ilyas Gull (HKG),2004-2004,2004.0,2004.0,1.0,2.0,2.0,0.0,17.0,16,16.0,0.0,8.5,59.0,28.81,0.0,0.0,0.0,8.5,0.0,0.0,16.624,2004-2004,2004,2004,0,2,2.0,114.0,113.0,4.0,Mar-46,28.25,5.94,28.5,0.0,0.0,2.0,0.17,1.45,0.0,,,,,,,,,,,,,,,,,True,True,All-rounder
Imad Wasim (PAK),2015-2019,2015.0,2019.0,5.0,53.0,39.0,16.0,952.0,63*,63.0,1.0,41.39,868.0,109.67,0.0,5.0,1.0,17.96,0.0,9.43,68.702,2015-2019,2015,2019,4,53,51.0,2313.0,1865.0,42.0,May-14,44.4,4.83,55.0,0.0,1.0,0.79,0.21,0.62,0.019,,,,,,,,,,,,,,,,,True,True,All-rounder
Imam-ul-Haq (PAK),2017-2019,2017.0,2019.0,3.0,37.0,37.0,5.0,1723.0,151,151.0,0.0,53.84,2141.0,80.47,7.0,6.0,2.0,46.57,18.92,16.22,64.492,2017-2019,2017,2019,2,37,,,,,-,,,,,,,,,,,,,,,,,,,,,,,,,,True,True,All-rounder
Imran Abbas (PAK),2000-2000,2000.0,2000.0,1.0,2.0,2.0,0.0,29.0,28,28.0,0.0,14.5,63.0,46.03,0.0,0.0,0.0,14.5,0.0,0.0,27.112,2000-2000,2000,2000,0,2,,,,,-,,,,,,,,,,,,,,,,,,,,,,,,,,True,True,All-rounder
Imran Farhat (PAK),2001-2013,2001.0,2013.0,13.0,58.0,58.0,2.0,1719.0,107,107.0,0.0,30.69,2489.0,69.06,1.0,13.0,3.0,29.64,1.72,22.41,46.038,2001-2013,2001,2013,12,58,8.0,116.0,110.0,6.0,03-Oct,18.33,5.68,19.3,0.0,0.0,0.1,0.18,0.13,0.0,,,,,,,,,,,,,,,,,True,True,All-rounder
Imran Haider (UAE),2017-2019,2017.0,2019.0,3.0,20.0,14.0,7.0,58.0,18*,18.0,1.0,8.28,136.0,42.64,0.0,0.0,3.0,2.9,0.0,0.0,22.024,2017-2019,2017,2019,2,20,20.0,943.0,841.0,32.0,Apr-25,26.28,5.35,29.4,2.0,0.0,1.6,0.19,1.18,0.0,,,,,,,,,,,,,,,,,True,True,All-rounder
Imran Khan (PAK),1974-1992,1974.0,1992.0,19.0,175.0,151.0,40.0,3709.0,102*,102.0,1.0,33.41,5105.0,72.65,1.0,19.0,6.0,21.19,0.57,10.86,49.106,1974-1992,1974,1992,18,175,153.0,7461.0,4844.0,182.0,Jun-14,26.61,3.89,40.9,3.0,1.0,1.04,0.26,0.81,0.006,,,,,,,,,,,,,,,,,True,True,All-rounder
Imran Nazir (PAK),1999-2009,1999.0,2009.0,11.0,79.0,79.0,2.0,1895.0,160,160.0,0.0,24.61,2339.0,81.01,2.0,9.0,10.0,23.99,2.53,11.39,47.17,1999-2009,1999,2009,10,79,4.0,49.0,48.0,1.0,01-Mar,48.0,5.87,49.0,0.0,0.0,0.01,0.17,0.06,0.0,,,,,,,,,,,,,,,,,True,True,All-rounder
Imran Tahir (SA),2011-2019,2011.0,2019.0,9.0,107.0,36.0,16.0,157.0,29,29.0,0.0,7.85,225.0,69.77,0.0,0.0,6.0,1.47,0.0,0.0,32.618,2011-2019,2011,2019,8,107,104.0,5541.0,4297.0,173.0,Jul-45,24.83,4.65,32.0,7.0,3.0,1.62,0.22,1.2,0.028,,,,,,,,,,,,,,,,,True,True,All-rounder
Imrul Kayes (BDESH),2008-2018,2008.0,2018.0,11.0,78.0,78.0,2.0,2434.0,144,144.0,0.0,32.02,3423.0,71.1,4.0,16.0,2.0,31.21,5.13,20.51,47.652,2008-2018,2008,2018,10,78,,,,,-,,,,,,,,,,,,,,,,,,,,,,,,,,True,True,All-rounder
Imtiaz Abbasi (UAE),1994-1996,1994.0,1996.0,3.0,7.0,6.0,4.0,12.0,6*,6.0,1.0,6.0,38.0,31.57,0.0,0.0,0.0,1.71,0.0,0.0,16.228,1994-1996,1994,1996,2,7,,,,,-,,,,,,,,,,,,,,,,,,,,,,,,,,True,True,All-rounder
Intikhab Alam (PAK),1973-1976,1973.0,1976.0,4.0,4.0,2.0,0.0,17.0,10,10.0,0.0,8.5,45.0,37.77,0.0,0.0,0.0,4.25,0.0,0.0,20.208,1973-1976,1973,1976,3,4,4.0,158.0,118.0,4.0,Feb-36,29.5,4.48,39.5,0.0,0.0,1.0,0.22,0.77,0.0,,,,,,,,,,,,,,,,,True,True,All-rounder
Inzamam-ul-Haq (Asia/PAK),1991-2007,1991.0,2007.0,17.0,378.0,350.0,53.0,11739.0,137*,137.0,1.0,39.52,15812.0,74.24,10.0,83.0,20.0,31.06,2.65,21.96,53.408,1991-2007,1991,2007,16,378,6.0,58.0,64.0,3.0,1/0,21.33,6.62,19.3,0.0,0.0,0.01,0.15,0.05,0.0,1991-2007,1991.0,2007.0,16.0,378.0,373.0,113.0,113.0,0.0,0.0,113.0,,0.302,0.3,0.3,0.0,True,True,All-rounder
Iqbal Qasim (PAK),1977-1988,1977.0,1988.0,12.0,15.0,7.0,1.0,39.0,13,13.0,0.0,6.5,90.0,43.33,0.0,0.0,2.0,2.6,0.0,0.0,21.232,1977-1988,1977,1988,11,15,14.0,664.0,500.0,12.0,Mar-13,41.66,4.51,55.3,0.0,0.0,0.8,0.22,0.63,0.0,,,,,,,,,,,,,,,,,True,True,All-rounder
Iqbal Sikander (PAK),1992-1992,1992.0,1992.0,1.0,4.0,1.0,1.0,1.0,1*,1.0,1.0,,3.0,33.33,0.0,0.0,0.0,0.25,0.0,0.0,,1992-1992,1992,1992,0,4,4.0,210.0,147.0,3.0,Jan-30,49.0,4.2,70.0,0.0,0.0,0.75,0.24,0.6,0.0,,,,,,,,,,,,,,,,,True,True,All-rounder
Irfan Ahmed (HKG),2008-2014,2008.0,2014.0,7.0,6.0,6.0,0.0,99.0,37,37.0,0.0,16.5,125.0,79.2,0.0,0.0,1.0,16.5,0.0,0.0,41.58,2008-2014,2008,2014,6,6,6.0,290.0,299.0,8.0,Mar-51,37.37,6.18,36.2,0.0,0.0,1.33,0.16,0.98,0.0,,,,,,,,,,,,,,,,,True,True,All-rounder
Irfan Bhatti (PAK),,,,,,,,,,,,,,,,,,,,,,1993-1993,1993,1993,0,1,1.0,48.0,22.0,2.0,Feb-22,11.0,2.75,24.0,0.0,0.0,2.0,0.36,1.51,0.0,,,,,,,,,,,,,,,,,False,True,Bowler
Irfan Fazil (PAK),2000-2000,2000.0,2000.0,1.0,1.0,1.0,0.0,15.0,15,15.0,0.0,15.0,16.0,93.75,0.0,0.0,0.0,15.0,0.0,0.0,46.5,2000-2000,2000,2000,0,1,1.0,36.0,46.0,0.0,-,,7.66,,0.0,0.0,0.0,0.13,0.04,0.0,,,,,,,,,,,,,,,,,True,True,All-rounder
Irfan Sajid (UAE),2014-2014,2014.0,2014.0,1.0,1.0,1.0,0.0,2.0,2,2.0,0.0,2.0,5.0,40.0,0.0,0.0,0.0,2.0,0.0,0.0,17.2,2014-2014,2014,2014,0,1,1.0,30.0,23.0,0.0,-,,4.6,,0.0,0.0,0.0,0.22,0.07,0.0,,,,,,,,,,,,,,,,,True,True,All-rounder
Ishtiaq Muhammad (HKG),2016-2016,2016.0,2016.0,1.0,1.0,1.0,1.0,0.0,0*,0.0,1.0,,0.0,,0.0,0.0,0.0,0.0,0.0,0.0,,2016-2016,2016,2016,0,1,1.0,18.0,24.0,0.0,-,,8.0,,0.0,0.0,0.0,0.13,0.04,0.0,,,,,,,,,,,,,,,,,True,True,All-rounder
Izatullah Dawlatzai (AFG),2010-2015,2010.0,2015.0,6.0,5.0,3.0,1.0,7.0,6*,6.0,1.0,3.5,27.0,25.92,0.0,0.0,1.0,1.4,0.0,0.0,12.468,2010-2015,2010,2015,5,5,5.0,210.0,146.0,8.0,Apr-38,18.25,4.17,26.2,1.0,0.0,1.6,0.24,1.19,0.0,,,,,,,,,,,,,,,,,True,True,All-rounder
J Anderson (IRE),2014-2016,2014.0,2016.0,3.0,8.0,8.0,0.0,151.0,39,39.0,0.0,18.87,267.0,56.55,0.0,0.0,0.0,18.88,0.0,0.0,33.942,2014-2016,2014,2016,2,8,2.0,30.0,20.0,0.0,-,,4.0,,0.0,0.0,0.0,0.25,0.08,0.0,,,,,,,,,,,,,,,,,True,True,All-rounder
J Angel (AUS),1994-1995,1994.0,1995.0,2.0,3.0,1.0,0.0,0.0,0,0.0,0.0,0.0,3.0,0.0,0.0,0.0,1.0,0.0,0.0,0.0,0.0,1994-1995,1994,1995,1,3,3.0,162.0,113.0,4.0,Feb-47,28.25,4.18,40.5,0.0,0.0,1.33,0.24,1.01,0.0,,,,,,,,,,,,,,,,,True,True,All-rounder
J Arun Lal (INDIA),1982-1989,1982.0,1989.0,8.0,13.0,13.0,0.0,122.0,51,51.0,0.0,9.38,232.0,52.58,0.0,1.0,4.0,9.38,0.0,7.69,26.66,1982-1989,1982,1989,7,13,,,,,-,,,,,,,,,,,,,,,,,,,,,,,,,,True,True,All-rounder
J Blackwood (WI),2015-2015,2015.0,2015.0,1.0,2.0,2.0,0.0,11.0,9,9.0,0.0,5.5,23.0,47.82,0.0,0.0,0.0,5.5,0.0,0.0,22.428,2015-2015,2015,2015,0,2,1.0,18.0,16.0,0.0,-,,5.33,,0.0,0.0,0.0,0.19,0.06,0.0,,,,,,,,,,,,,,,,,True,True,All-rounder
J Botha (Afr/SA),2005-2012,2005.0,2012.0,8.0,78.0,50.0,18.0,609.0,46,46.0,0.0,19.03,710.0,85.77,0.0,0.0,2.0,7.81,0.0,0.0,45.726,2005-2012,2005,2012,7,78,75.0,3823.0,2916.0,72.0,Apr-19,40.5,4.57,53.0,1.0,0.0,0.92,0.22,0.71,0.0,,,,,,,,,,,,,,,,,True,True,All-rounder
J Cameron-Dow (IRE),2019-2019,2019.0,2019.0,1.0,4.0,1.0,1.0,7.0,7*,7.0,1.0,,10.0,70.0,0.0,0.0,0.0,1.75,0.0,0.0,,2019-2019,2019,2019,0,4,4.0,186.0,151.0,5.0,Mar-32,30.2,4.87,37.2,0.0,0.0,1.25,0.21,0.94,0.0,,,,,,,,,,,,,,,,,True,True,All-rounder
J Charles (WI),2012-2016,2012.0,2016.0,5.0,48.0,48.0,0.0,1283.0,130,130.0,0.0,26.72,1531.0,83.8,2.0,4.0,7.0,26.73,4.17,8.33,49.552,2012-2016,2012,2016,4,48,1.0,5.0,12.0,0.0,-,,14.4,,0.0,0.0,0.0,0.07,0.02,0.0,,,,,,,,,,,,,,,,,True,True,All-rounder
J Dyson (AUS),1980-1983,1980.0,1983.0,4.0,29.0,27.0,4.0,755.0,79,79.0,0.0,32.82,1553.0,48.61,0.0,4.0,1.0,26.03,0.0,13.79,39.136,1980-1983,1980,1983,3,29,,,,,-,,,,,,,,,,,,,,,,,,,,,,,,,,True,True,All-rounder
J Edness (BMUDA),2007-2008,2007.0,2008.0,2.0,11.0,11.0,2.0,252.0,72,72.0,0.0,28.0,403.0,62.53,0.0,1.0,1.0,22.91,0.0,9.09,41.812,2007-2008,2007,2008,1,11,,,,,-,,,,,,,,,,,,,,,,,,,,,,,,,,True,True,All-rounder
J Figy John (UAE),2019-2019,2019.0,2019.0,1.0,1.0,1.0,0.0,23.0,23,23.0,0.0,23.0,36.0,63.88,0.0,0.0,0.0,23.0,0.0,0.0,39.352,2019-2019,2019,2019,0,1,,,,,-,,,,,,,,,,,,,,,,,,,,,,,,,,True,True,All-rounder
J Garner (WI),1977-1987,1977.0,1987.0,11.0,98.0,41.0,15.0,239.0,37,37.0,0.0,9.19,360.0,66.38,0.0,0.0,5.0,2.44,0.0,0.0,32.066,1977-1987,1977,1987,10,98,98.0,5330.0,2752.0,146.0,May-31,18.84,3.09,36.5,2.0,3.0,1.49,0.32,1.14,0.031,,,,,,,,,,,,,,,,,True,True,All-rounder
J Kila (PNG),2018-2019,2018.0,2019.0,2.0,6.0,6.0,2.0,54.0,21,21.0,0.0,13.5,63.0,85.71,0.0,0.0,1.0,9.0,0.0,0.0,42.384,2018-2019,2018,2019,1,6,6.0,199.0,135.0,6.0,Mar-27,22.5,4.07,33.1,0.0,0.0,1.0,0.25,0.77,0.0,,,,,,,,,,,,,,,,,True,True,All-rounder
J Lewis (ENG),2005-2007,2005.0,2007.0,3.0,13.0,8.0,2.0,50.0,17,17.0,0.0,8.33,63.0,79.36,0.0,0.0,0.0,3.85,0.0,0.0,36.742,2005-2007,2005,2007,2,13,13.0,716.0,500.0,18.0,Apr-36,27.77,4.18,39.7,1.0,0.0,1.38,0.24,1.04,0.0,,,,,,,,,,,,,,,,,True,True,All-rounder
J Louw (SA),2008-2008,2008.0,2008.0,1.0,3.0,1.0,0.0,23.0,23,23.0,0.0,23.0,7.0,328.57,0.0,0.0,0.0,7.67,0.0,0.0,145.228,2008-2008,2008,2008,0,3,3.0,156.0,148.0,2.0,Jan-45,74.0,5.69,78.0,0.0,0.0,0.67,0.18,0.52,0.0,,,,,,,,,,,,,,,,,True,True,All-rounder
J Mubarak (SL),2002-2013,2002.0,2013.0,12.0,40.0,37.0,6.0,704.0,72,72.0,0.0,22.7,1115.0,63.13,0.0,4.0,1.0,17.6,0.0,10.0,38.872,2002-2013,2002,2013,11,40,8.0,129.0,95.0,2.0,01-Oct,47.5,4.41,64.5,0.0,0.0,0.05,0.23,0.1,0.0,,,,,,,,,,,,,,,,,True,True,All-rounder
J Mulder (IRE),2017-2017,2017.0,2017.0,1.0,4.0,2.0,2.0,15.0,15*,15.0,1.0,,11.0,136.36,0.0,0.0,0.0,3.75,0.0,0.0,,2017-2017,2017,2017,0,4,4.0,186.0,155.0,5.0,Mar-57,31.0,5.0,37.2,0.0,0.0,1.25,0.2,0.94,0.0,,,,,,,,,,,,,,,,,True,True,All-rounder
J Nagenda (EAf),,,,,,,,,,,,,,,,,,,,,,1975-1975,1975,1975,0,1,1.0,54.0,50.0,1.0,Jan-50,50.0,5.55,54.0,0.0,0.0,1.0,0.18,0.75,0.0,,,,,,,,,,,,,,,,,False,True,Bowler
J Nyumbu (ZIM),2014-2015,2014.0,2015.0,2.0,19.0,14.0,4.0,46.0,18,18.0,0.0,4.6,89.0,51.68,0.0,0.0,3.0,2.42,0.0,0.0,23.432,2014-2015,2014,2015,1,19,18.0,844.0,738.0,17.0,Mar-42,43.41,5.24,49.6,0.0,0.0,0.89,0.19,0.68,0.0,,,,,,,,,,,,,,,,,True,True,All-rounder
J Patraj (CAN),2007-2007,2007.0,2007.0,1.0,2.0,2.0,0.0,21.0,20,20.0,0.0,10.5,48.0,43.75,0.0,0.0,0.0,10.5,0.0,0.0,23.8,2007-2007,2007,2007,0,2,2.0,90.0,76.0,2.0,Jan-27,38.0,5.06,45.0,0.0,0.0,1.0,0.2,0.76,0.0,,,,,,,,,,,,,,,,,True,True,All-rounder
J Smits (NL),2003-2009,2003.0,2009.0,7.0,38.0,19.0,9.0,169.0,29*,29.0,1.0,16.9,360.0,46.94,0.0,0.0,2.0,4.45,0.0,0.0,28.916,2003-2009,2003,2009,6,38,,,,,-,,,,,,,,,,,,,,,,,,,,,,,,,,True,True,All-rounder
J Srinath (INDIA),1991-2003,1991.0,2003.0,13.0,229.0,121.0,38.0,883.0,53,53.0,0.0,10.63,1109.0,79.62,0.0,1.0,19.0,3.86,0.0,0.44,38.226,1991-2003,1991,2003,12,229,227.0,11935.0,8847.0,315.0,May-23,28.08,4.44,37.8,7.0,3.0,1.38,0.23,1.03,0.013,,,,,,,,,,,,,,,,,True,True,All-rounder
J Theron (SA/USA),2010-2019,2010.0,2019.0,10.0,9.0,6.0,1.0,16.0,6,6.0,0.0,3.2,30.0,53.33,0.0,0.0,2.0,1.78,0.0,0.0,23.252,2010-2019,2010,2019,9,9,9.0,412.0,379.0,17.0,May-44,22.29,5.51,24.2,0.0,1.0,1.89,0.18,1.38,0.111,,,,,,,,,,,,,,,,,True,True,All-rounder
J Yadav (INDIA),2016-2016,2016.0,2016.0,1.0,1.0,1.0,1.0,1.0,1*,1.0,1.0,,1.0,100.0,0.0,0.0,0.0,1.0,0.0,0.0,,2016-2016,2016,2016,0,1,1.0,24.0,8.0,1.0,01-Aug,8.0,2.0,24.0,0.0,0.0,1.0,0.5,0.85,0.0,,,,,,,,,,,,,,,,,True,True,All-rounder
JA Burns (AUS),2015-2015,2015.0,2015.0,1.0,6.0,6.0,0.0,146.0,69,69.0,0.0,24.33,184.0,79.34,0.0,1.0,1.0,24.33,0.0,16.67,46.334,2015-2015,2015,2015,0,6,,,,,-,,,,,,,,,,,,,,,,,,,,,,,,,,True,True,All-rounder
JA Jameson (ENG),1973-1975,1973.0,1975.0,3.0,3.0,3.0,0.0,60.0,28,28.0,0.0,20.0,158.0,37.97,0.0,0.0,0.0,20.0,0.0,0.0,27.188,1973-1975,1973,1975,2,3,1.0,12.0,3.0,0.0,-,,1.5,,0.0,0.0,0.0,0.67,0.2,0.0,,,,,,,,,,,,,,,,,True,True,All-rounder
JA Maclean (AUS),1979-1979,1979.0,1979.0,1.0,2.0,1.0,0.0,11.0,11,11.0,0.0,11.0,33.0,33.33,0.0,0.0,0.0,5.5,0.0,0.0,19.932,1979-1979,1979,1979,0,2,,,,,-,,,,,,,,,,,,,,,,,,,,,,,,,,True,True,All-rounder
JA McCollum (IRE),2019-2019,2019.0,2019.0,1.0,8.0,8.0,0.0,165.0,73,73.0,0.0,20.62,240.0,68.75,0.0,2.0,1.0,20.63,0.0,25.0,39.872,2019-2019,2019,2019,0,8,,,,,-,,,,,,,,,,,,,,,,,,,,,,,,,,True,True,All-rounder
JA Morkel (Afr/SA),2004-2012,2004.0,2012.0,9.0,58.0,43.0,10.0,782.0,97,97.0,0.0,23.69,780.0,100.25,0.0,2.0,1.0,13.48,0.0,3.45,54.314,2004-2012,2004,2012,8,58,52.0,2073.0,1899.0,50.0,Apr-29,37.98,5.49,41.4,2.0,0.0,0.86,0.18,0.66,0.0,,,,,,,,,,,,,,,,,True,True,All-rounder
JA Rennie (ZIM),1993-2000,1993.0,2000.0,8.0,44.0,27.0,12.0,201.0,27,27.0,0.0,13.4,391.0,51.4,0.0,0.0,6.0,4.57,0.0,0.0,28.6,1993-2000,1993,2000,7,44,43.0,1965.0,1564.0,34.0,Mar-27,46.0,4.77,57.7,0.0,0.0,0.77,0.21,0.6,0.0,,,,,,,,,,,,,,,,,True,True,All-rounder
JA Richardson (AUS),2018-2019,2018.0,2019.0,2.0,12.0,7.0,2.0,68.0,29,29.0,0.0,13.6,84.0,80.95,0.0,0.0,0.0,5.67,0.0,0.0,40.54,2018-2019,2018,2019,1,12,12.0,648.0,632.0,24.0,Apr-26,26.33,5.85,27.0,1.0,0.0,2.0,0.17,1.45,0.0,,,,,,,,,,,,,,,,,True,True,All-rounder
JA Rudolph (Afr/SA),2003-2006,2003.0,2006.0,4.0,45.0,39.0,6.0,1174.0,81,81.0,0.0,35.57,1725.0,68.05,0.0,7.0,0.0,26.09,0.0,15.56,48.562,2003-2006,2003,2006,3,45,1.0,24.0,26.0,0.0,-,,6.5,,0.0,0.0,0.0,0.15,0.05,0.0,,,,,,,,,,,,,,,,,True,True,All-rounder
JA Samarasekera (UAE),1994-1996,1994.0,1996.0,3.0,7.0,6.0,2.0,124.0,47*,47.0,1.0,31.0,215.0,57.67,0.0,0.0,0.0,17.71,0.0,0.0,41.668,1994-1996,1994,1996,2,7,7.0,294.0,236.0,4.0,Jan-17,59.0,4.81,73.5,0.0,0.0,0.57,0.21,0.46,0.0,,,,,,,,,,,,,,,,,True,True,All-rounder
JA Snow (ENG),1971-1975,1971.0,1975.0,5.0,9.0,4.0,2.0,9.0,5*,5.0,1.0,4.5,41.0,21.95,0.0,0.0,0.0,1.0,0.0,0.0,11.48,1971-1975,1971,1975,4,9,8.0,538.0,232.0,14.0,04-Nov,16.57,2.58,38.4,2.0,0.0,1.56,0.39,1.21,0.0,,,,,,,,,,,,,,,,,True,True,All-rounder
JAH Marshall (NZ),2005-2008,2005.0,2008.0,4.0,10.0,10.0,0.0,250.0,161,161.0,0.0,25.0,313.0,79.87,1.0,1.0,2.0,25.0,10.0,10.0,46.948,2005-2008,2005,2008,3,10,,,,,-,,,,,,,,,,,,,,,,,,,,,,,,,,True,True,All-rounder
JAR Blain (SCOT),1999-2009,1999.0,2009.0,11.0,33.0,25.0,6.0,284.0,41,41.0,0.0,14.94,517.0,54.93,0.0,0.0,3.0,8.61,0.0,0.0,30.936,1999-2009,1999,2009,10,33,32.0,1329.0,1173.0,41.0,May-22,28.6,5.29,32.4,1.0,1.0,1.24,0.19,0.93,0.03,,,,,,,,,,,,,,,,,True,True,All-rounder
JB Little (IRE),2019-2019,2019.0,2019.0,1.0,4.0,2.0,0.0,9.0,9,9.0,0.0,4.5,8.0,112.5,0.0,0.0,1.0,2.25,0.0,0.0,47.7,2019-2019,2019,2019,0,4,4.0,216.0,262.0,5.0,Apr-45,52.4,7.27,43.2,1.0,0.0,1.25,0.14,0.92,0.0,,,,,,,,,,,,,,,,,True,True,All-rounder
JB Reva (PNG),2016-2018,2016.0,2018.0,3.0,9.0,7.0,1.0,62.0,36,36.0,0.0,10.33,83.0,74.69,0.0,0.0,1.0,6.89,0.0,0.0,36.074,2016-2018,2016,2018,2,9,9.0,405.0,357.0,13.0,Mar-40,27.46,5.28,31.1,0.0,0.0,1.44,0.19,1.07,0.0,,,,,,,,,,,,,,,,,True,True,All-rounder
JC Adams (WI),1992-2001,1992.0,2001.0,10.0,127.0,105.0,28.0,2204.0,82,82.0,0.0,28.62,3614.0,60.98,0.0,14.0,7.0,17.35,0.0,11.02,41.564,1992-2001,1992,2001,9,127,56.0,1856.0,1499.0,43.0,May-37,34.86,4.84,43.1,0.0,1.0,0.34,0.21,0.3,0.008,,,,,,,,,,,,,,,,,True,True,All-rounder
JC Archer (ENG),2019-2019,2019.0,2019.0,1.0,14.0,7.0,3.0,13.0,7*,7.0,1.0,3.25,22.0,59.09,0.0,0.0,1.0,0.93,0.0,0.0,25.586,2019-2019,2019,2019,0,14,14.0,737.0,569.0,23.0,Mar-27,24.73,4.63,32.0,0.0,0.0,1.64,0.22,1.21,0.0,,,,,,,,,,,,,,,,,True,True,All-rounder
JC Buttler (ENG),2012-2019,2012.0,2019.0,8.0,142.0,117.0,23.0,3843.0,150,150.0,0.0,40.88,3207.0,119.83,9.0,20.0,12.0,27.06,6.34,14.08,72.46,2012-2019,2012,2019,7,142,,,,,-,,,,,,,,,,2012-2019,2012.0,2019.0,7.0,142.0,138.0,202.0,171.0,31.0,171.0,0.0,,1.463,1.2,1.42,0.22,True,True,All-rounder
JC Gamage (SL),1995-1995,1995.0,1995.0,1.0,4.0,2.0,2.0,8.0,7*,7.0,1.0,,9.0,88.88,0.0,0.0,0.0,2.0,0.0,0.0,,1995-1995,1995,1995,0,4,4.0,132.0,104.0,3.0,Feb-17,34.66,4.72,44.0,0.0,0.0,0.75,0.21,0.59,0.0,,,,,,,,,,,,,,,,,True,True,All-rounder
JC Kent (SA),,,,,,,,,,,,,,,,,,,,,,2002-2002,2002,2002,0,2,2.0,48.0,57.0,0.0,-,,7.12,,0.0,0.0,0.0,0.14,0.04,0.0,,,,,,,,,,,,,,,,,False,True,Bowler
JC Tredwell (ENG),2010-2015,2010.0,2015.0,6.0,45.0,25.0,11.0,163.0,30,30.0,0.0,11.64,242.0,67.35,0.0,0.0,3.0,3.62,0.0,0.0,33.924,2010-2015,2010,2015,5,45,44.0,2104.0,1666.0,60.0,Apr-41,27.76,4.75,35.0,3.0,0.0,1.33,0.21,1.0,0.0,,,,,,,,,,,,,,,,,True,True,All-rounder
JCB Vaughan (CAN),1979-1979,1979.0,1979.0,1.0,3.0,3.0,0.0,30.0,29,29.0,0.0,10.0,55.0,54.54,0.0,0.0,1.0,10.0,0.0,0.0,27.816,1979-1979,1979,1979,0,3,2.0,66.0,36.0,0.0,-,,3.27,,0.0,0.0,0.0,0.31,0.09,0.0,,,,,,,,,,,,,,,,,True,True,All-rounder
JD Campbell (WI),2019-2019,2019.0,2019.0,1.0,6.0,5.0,0.0,248.0,179,179.0,0.0,49.6,214.0,115.88,1.0,0.0,0.0,41.33,16.67,0.0,76.112,2019-2019,2019,2019,0,6,1.0,6.0,13.0,0.0,-,,13.0,,0.0,0.0,0.0,0.08,0.02,0.0,,,,,,,,,,,,,,,,,True,True,All-rounder
JD Hall (IRE),2010-2010,2010.0,2010.0,1.0,3.0,3.0,0.0,28.0,15,15.0,0.0,9.33,75.0,37.33,0.0,0.0,0.0,9.33,0.0,0.0,20.53,2010-2010,2010,2010,0,3,,,,,-,,,,,,,,,,,,,,,,,,,,,,,,,,True,True,All-rounder
JD Love (ENG),1981-1981,1981.0,1981.0,1.0,3.0,3.0,0.0,61.0,43,43.0,0.0,20.33,100.0,61.0,0.0,0.0,0.0,20.33,0.0,0.0,36.598,1981-1981,1981,1981,0,3,,,,,-,,,,,,,,,,,,,,,,,,,,,,,,,,True,True,All-rounder
JD Nel (SCOT),2006-2010,2006.0,2010.0,5.0,19.0,10.0,8.0,31.0,11*,11.0,1.0,15.5,54.0,57.4,0.0,0.0,1.0,1.63,0.0,0.0,32.26,2006-2010,2006,2010,4,19,19.0,730.0,649.0,14.0,Apr-25,46.35,5.33,52.1,1.0,0.0,0.74,0.19,0.57,0.0,,,,,,,,,,,,,,,,,True,True,All-rounder
JD Ryder (NZ),2008-2014,2008.0,2014.0,7.0,48.0,42.0,1.0,1362.0,107,107.0,0.0,33.21,1429.0,95.31,3.0,6.0,5.0,28.38,6.25,12.5,58.05,2008-2014,2008,2014,6,48,19.0,407.0,412.0,12.0,Mar-29,34.33,6.07,33.9,0.0,0.0,0.25,0.16,0.22,0.0,,,,,,,,,,,,,,,,,True,True,All-rounder
JD Siddons (AUS),1988-1988,1988.0,1988.0,1.0,1.0,1.0,0.0,32.0,32,32.0,0.0,32.0,37.0,86.48,0.0,0.0,0.0,32.0,0.0,0.0,53.792,1988-1988,1988,1988,0,1,,,,,-,,,,,,,,,,,,,,,,,,,,,,,,,,True,True,All-rounder
JD Unadkat (INDIA),,,,,,,,,,,,,,,,,,,,,,2013-2013,2013,2013,0,7,7.0,312.0,209.0,8.0,Apr-41,26.12,4.01,39.0,1.0,0.0,1.14,0.25,0.87,0.0,,,,,,,,,,,,,,,,,False,True,Bowler
JDF Vandersay (SL),2015-2019,2015.0,2019.0,5.0,12.0,7.0,1.0,71.0,25,25.0,0.0,11.83,166.0,42.77,0.0,0.0,1.0,5.92,0.0,0.0,24.206,2015-2019,2015,2019,4,12,11.0,491.0,480.0,11.0,Mar-50,43.63,5.86,44.6,0.0,0.0,0.92,0.17,0.69,0.0,,,,,,,,,,,,,,,,,True,True,All-rounder
JDP Oram (NZ),2001-2012,2001.0,2012.0,12.0,160.0,116.0,15.0,2434.0,101*,101.0,1.0,24.09,2810.0,86.61,1.0,13.0,8.0,15.21,0.63,8.13,49.098,2001-2012,2001,2012,11,160,154.0,6911.0,5047.0,173.0,May-26,29.17,4.38,39.9,3.0,2.0,1.08,0.23,0.83,0.013,,,,,,,,,,,,,,,,,True,True,All-rounder
JDS Neesham (NZ),2013-2019,2013.0,2019.0,7.0,59.0,50.0,10.0,1247.0,97*,97.0,1.0,31.17,1260.0,98.96,0.0,6.0,2.0,21.14,0.0,10.17,58.286,2013-2019,2013,2019,6,59,55.0,1772.0,1814.0,59.0,May-31,30.74,6.14,30.0,2.0,1.0,1.0,0.16,0.75,0.017,,,,,,,,,,,,,,,,,True,True,All-rounder
JE Benjamin (ENG),1994-1995,1994.0,1995.0,2.0,2.0,1.0,0.0,0.0,0,0.0,0.0,0.0,6.0,0.0,0.0,0.0,1.0,0.0,0.0,0.0,0.0,1994-1995,1994,1995,1,2,2.0,72.0,47.0,1.0,Jan-22,47.0,3.91,72.0,0.0,0.0,0.5,0.26,0.43,0.0,,,,,,,,,,,,,,,,,True,True,All-rounder
JE Brinkley (SCOT),1999-1999,1999.0,1999.0,1.0,5.0,5.0,0.0,52.0,23,23.0,0.0,10.4,118.0,44.06,0.0,0.0,1.0,10.4,0.0,0.0,23.864,1999-1999,1999,1999,0,5,3.0,168.0,117.0,2.0,Jan-29,58.5,4.17,84.0,0.0,0.0,0.4,0.24,0.35,0.0,,,,,,,,,,,,,,,,,True,True,All-rounder
JE Emburey (ENG),1980-1993,1980.0,1993.0,14.0,61.0,45.0,10.0,501.0,34,34.0,0.0,14.31,664.0,75.45,0.0,0.0,3.0,8.21,0.0,0.0,38.766,1980-1993,1980,1993,13,61,61.0,3425.0,2346.0,76.0,Apr-37,30.86,4.1,45.0,2.0,0.0,1.25,0.24,0.95,0.0,,,,,,,,,,,,,,,,,True,True,All-rounder
JE Morris (ENG),1990-1991,1990.0,1991.0,2.0,8.0,8.0,1.0,167.0,63*,63.0,1.0,23.85,225.0,74.22,0.0,1.0,0.0,20.88,0.0,12.5,43.998,1990-1991,1990,1991,1,8,,,,,-,,,,,,,,,,,,,,,,,,,,,,,,,,True,True,All-rounder
JE Root (ENG),2013-2019,2013.0,2019.0,7.0,143.0,135.0,21.0,5856.0,133*,133.0,1.0,51.36,6702.0,87.37,16.0,33.0,4.0,40.95,11.19,23.08,65.764,2013-2019,2013,2019,6,143,64.0,1414.0,1364.0,22.0,Mar-52,62.0,5.78,64.2,0.0,0.0,0.15,0.17,0.16,0.0,,,,,,,,,,,,,,,,,True,True,All-rounder
JE Taylor (WI),2003-2017,2003.0,2017.0,15.0,90.0,42.0,9.0,278.0,43*,43.0,1.0,8.42,323.0,86.06,0.0,0.0,7.0,3.09,0.0,0.0,39.476,2003-2017,2003,2017,14,90,88.0,4341.0,3780.0,128.0,May-48,29.53,5.22,33.9,3.0,1.0,1.42,0.19,1.05,0.011,,,,,,,,,,,,,,,,,True,True,All-rounder
JEC Franklin (NZ),2001-2013,2001.0,2013.0,13.0,110.0,80.0,27.0,1270.0,98*,98.0,1.0,23.96,1651.0,76.92,0.0,4.0,5.0,11.55,0.0,3.64,45.144,2001-2013,2001,2013,12,110,97.0,3848.0,3354.0,81.0,May-42,41.4,5.22,47.5,0.0,1.0,0.74,0.19,0.57,0.009,,,,,,,,,,,,,,,,,True,True,All-rounder
JF Kloppenburg (NL),2002-2003,2002.0,2003.0,2.0,6.0,6.0,0.0,165.0,121,121.0,0.0,27.5,265.0,62.26,1.0,0.0,1.0,27.5,16.67,0.0,41.404,2002-2003,2002,2003,1,6,6.0,242.0,191.0,8.0,Apr-42,23.87,4.73,30.2,1.0,0.0,1.33,0.21,1.0,0.0,,,,,,,,,,,,,,,,,True,True,All-rounder
JF Mooney (IRE),2006-2015,2006.0,2015.0,10.0,64.0,55.0,14.0,963.0,96,96.0,0.0,23.48,1215.0,79.25,0.0,3.0,6.0,15.05,0.0,4.69,45.788,2006-2015,2006,2015,9,64,50.0,1797.0,1635.0,48.0,Apr-27,34.06,5.45,37.4,2.0,0.0,0.75,0.18,0.58,0.0,,,,,,,,,,,,,,,,,True,True,All-rounder
JF Reid (NZ),1980-1986,1980.0,1986.0,7.0,25.0,24.0,1.0,633.0,88,88.0,0.0,27.52,1084.0,58.39,0.0,4.0,0.0,25.32,0.0,16.0,39.868,1980-1986,1980,1986,6,25,,,,,-,,,,,,,,,,,,,,,,,,,,,,,,,,True,True,All-rounder
JFM Morrison (NZ),1975-1983,1975.0,1983.0,9.0,18.0,15.0,3.0,252.0,55,55.0,0.0,21.0,472.0,53.38,0.0,1.0,0.0,14.0,0.0,5.56,33.952,1975-1983,1975,1983,8,18,7.0,283.0,199.0,8.0,Mar-24,24.87,4.21,35.3,0.0,0.0,0.44,0.24,0.38,0.0,,,,,,,,,,,,,,,,,True,True,All-rounder
JG Bracewell (NZ),1983-1990,1983.0,1990.0,8.0,53.0,43.0,12.0,512.0,43,43.0,0.0,16.51,717.0,71.4,0.0,0.0,6.0,9.66,0.0,0.0,38.466,1983-1990,1983,1990,7,53,50.0,2447.0,1884.0,33.0,02-Mar,57.09,4.61,74.1,0.0,0.0,0.62,0.22,0.5,0.0,,,,,,,,,,,,,,,,,True,True,All-rounder
JG Heron (ZIM),1983-1983,1983.0,1983.0,1.0,6.0,6.0,0.0,50.0,18,18.0,0.0,8.33,163.0,30.67,0.0,0.0,1.0,8.33,0.0,0.0,17.266,1983-1983,1983,1983,0,6,,,,,-,,,,,,,,,,,,,,,,,,,,,,,,,,True,True,All-rounder
JG Thomas (ENG),1986-1987,1986.0,1987.0,2.0,3.0,3.0,2.0,1.0,1*,1.0,1.0,1.0,7.0,14.28,0.0,0.0,1.0,0.33,0.0,0.0,6.312,1986-1987,1986,1987,1,3,3.0,156.0,144.0,3.0,Feb-59,48.0,5.53,52.0,0.0,0.0,1.0,0.18,0.75,0.0,,,,,,,,,,,,,,,,,True,True,All-rounder
JG Williamson (SCOT),1999-1999,1999.0,1999.0,1.0,2.0,2.0,0.0,11.0,10,10.0,0.0,5.5,35.0,31.42,0.0,0.0,0.0,5.5,0.0,0.0,15.868,1999-1999,1999,1999,0,2,,,,,-,,,,,,,,,,,,,,,,,,,,,,,,,,True,True,All-rounder
JG Wright (NZ),1978-1992,1978.0,1992.0,15.0,149.0,148.0,1.0,3891.0,101,101.0,0.0,26.46,6804.0,57.18,1.0,24.0,9.0,26.11,0.67,16.11,38.748,1978-1992,1978,1992,14,149,3.0,24.0,8.0,0.0,-,,2.0,,0.0,0.0,0.0,0.5,0.15,0.0,,,,,,,,,,,,,,,,,True,True,All-rounder
JH Davey (SCOT),2010-2019,2010.0,2019.0,10.0,31.0,28.0,6.0,497.0,64,64.0,0.0,22.59,742.0,66.98,0.0,2.0,2.0,16.03,0.0,6.45,40.346,2010-2019,2010,2019,9,31,29.0,1301.0,1082.0,49.0,Jun-28,22.08,4.99,26.5,1.0,2.0,1.58,0.2,1.17,0.065,,,,,,,,,,,,,,,,,True,True,All-rounder
JH Desai (USA),2004-2004,2004.0,2004.0,1.0,1.0,1.0,0.0,16.0,16,16.0,0.0,16.0,38.0,42.1,0.0,0.0,0.0,16.0,0.0,0.0,26.44,2004-2004,2004,2004,0,1,,,,,-,,,,,,,,,,,,,,,,,,,,,,,,,,True,True,All-rounder
JH Edrich (ENG),1971-1975,1971.0,1975.0,5.0,7.0,6.0,0.0,223.0,90,90.0,0.0,37.16,325.0,68.61,0.0,2.0,0.0,31.86,0.0,28.57,49.74,1971-1975,1971,1975,4,7,,,,,-,,,,,,,,,,,,,,,,,,,,,,,,,,True,True,All-rounder
JH Hampshire (ENG),1971-1972,1971.0,1972.0,2.0,3.0,3.0,1.0,48.0,25*,25.0,1.0,24.0,86.0,55.81,0.0,0.0,0.0,16.0,0.0,0.0,36.724,1971-1972,1971,1972,1,3,,,,,-,,,,,,,,,,,,,,,,,,,,,,,,,,True,True,All-rounder
JH Kallis (Afr/ICC/SA),1996-2014,1996.0,2014.0,19.0,328.0,314.0,53.0,11579.0,139,139.0,0.0,44.36,15885.0,72.89,17.0,86.0,17.0,35.3,5.18,26.22,55.772,1996-2014,1996,2014,18,328,283.0,10750.0,8680.0,273.0,May-30,31.79,4.84,39.3,2.0,2.0,0.83,0.21,0.64,0.006,1996-2014,1996.0,2014.0,18.0,328.0,324.0,131.0,131.0,0.0,0.0,131.0,,0.4039999999999999,0.4,0.4,0.0,True,True,All-rounder
JH Stander (SCOT),2009-2012,2009.0,2012.0,4.0,5.0,5.0,1.0,44.0,22*,22.0,1.0,11.0,75.0,58.66,0.0,0.0,1.0,8.8,0.0,0.0,30.064,2009-2012,2009,2012,3,5,4.0,150.0,166.0,6.0,Feb-25,27.66,6.64,25.0,0.0,0.0,1.2,0.15,0.89,0.0,,,,,,,,,,,,,,,,,True,True,All-rounder
JJ Atkinson (HKG),2008-2017,2008.0,2017.0,10.0,9.0,9.0,0.0,250.0,59,59.0,0.0,27.77,398.0,62.81,0.0,1.0,0.0,27.78,0.0,11.11,41.786,2008-2017,2008,2017,9,9,,,,,-,,,,,,,,,,,,,,,,,,,,,,,,,,True,True,All-rounder
JJ Bumrah (INDIA),2016-2019,2016.0,2019.0,4.0,58.0,13.0,8.0,19.0,10*,10.0,1.0,3.8,43.0,44.18,0.0,0.0,4.0,0.33,0.0,0.0,19.952,2016-2019,2016,2019,3,58,58.0,3009.0,2254.0,103.0,May-27,21.88,4.49,29.2,5.0,1.0,1.78,0.22,1.31,0.017,,,,,,,,,,,,,,,,,True,True,All-rounder
JJ Celestine (BMUDA),2007-2008,2007.0,2008.0,2.0,8.0,8.0,0.0,60.0,20,20.0,0.0,7.5,135.0,44.44,0.0,0.0,1.0,7.5,0.0,0.0,22.276,2007-2008,2007,2008,1,8,,,,,-,,,,,,,,,,,,,,,,,,,,,,,,,,True,True,All-rounder
JJ Crowe (NZ),1983-1990,1983.0,1990.0,8.0,75.0,71.0,12.0,1518.0,88*,88.0,1.0,25.72,2456.0,61.8,0.0,7.0,6.0,20.24,0.0,9.33,40.152,1983-1990,1983,1990,7,75,1.0,6.0,1.0,0.0,-,,1.0,,0.0,0.0,0.0,1.0,0.3,0.0,,,,,,,,,,,,,,,,,True,True,All-rounder
JJ Dawood (CAN),2009-2010,2009.0,2010.0,2.0,2.0,1.0,1.0,25.0,25*,25.0,1.0,,19.0,131.57,0.0,0.0,0.0,12.5,0.0,0.0,,2009-2010,2009,2010,1,2,,,,,-,,,,,,,,,,,,,,,,,,,,,,,,,,True,True,All-rounder
JJ Esmeijer (NL),2002-2003,2002.0,2003.0,2.0,6.0,5.0,1.0,10.0,7,7.0,0.0,2.5,43.0,23.25,0.0,0.0,3.0,1.67,0.0,0.0,10.8,2002-2003,2002,2003,1,6,6.0,228.0,208.0,0.0,-,,5.47,,0.0,0.0,0.0,0.18,0.05,0.0,,,,,,,,,,,,,,,,,True,True,All-rounder
JJ Krejza (AUS),2011-2011,2011.0,2011.0,1.0,8.0,2.0,1.0,13.0,7,7.0,0.0,13.0,23.0,56.52,0.0,0.0,0.0,1.63,0.0,0.0,30.408,2011-2011,2011,2011,0,8,8.0,425.0,331.0,7.0,Feb-28,47.28,4.67,60.7,0.0,0.0,0.88,0.21,0.68,0.0,,,,,,,,,,,,,,,,,True,True,All-rounder
JJ Martin (INDIA),1999-2001,1999.0,2001.0,3.0,10.0,8.0,1.0,158.0,39,39.0,0.0,22.57,331.0,47.73,0.0,0.0,1.0,15.8,0.0,0.0,32.634,1999-2001,1999,2001,2,10,,,,,-,,,,,,,,,,,,,,,,,,,,,,,,,,True,True,All-rounder
JJ Roy (ENG),2015-2019,2015.0,2019.0,5.0,84.0,81.0,2.0,3381.0,180,180.0,0.0,42.79,3148.0,107.4,9.0,18.0,7.0,40.25,10.71,21.43,68.634,2015-2019,2015,2019,4,84,,,,,-,,,,,,,,,,,,,,,,,,,,,,,,,,True,True,All-rounder
JJ Smit (NAM),2019-2019,2019.0,2019.0,1.0,5.0,5.0,1.0,81.0,33,33.0,0.0,20.25,114.0,71.05,0.0,0.0,0.0,16.2,0.0,0.0,40.57,2019-2019,2019,2019,0,5,5.0,156.0,120.0,5.0,Mar-21,24.0,4.61,31.2,0.0,0.0,1.0,0.22,0.77,0.0,,,,,,,,,,,,,,,,,True,True,All-rounder
JJ Tucker (BMUDA),2006-2009,2006.0,2009.0,4.0,26.0,26.0,1.0,496.0,52,52.0,0.0,19.84,726.0,68.31,0.0,1.0,1.0,19.08,0.0,3.85,39.228,2006-2009,2006,2009,3,26,21.0,819.0,701.0,13.0,Feb-23,53.92,5.13,63.0,0.0,0.0,0.5,0.19,0.41,0.0,,,,,,,,,,,,,,,,,True,True,All-rounder
JJ Whitaker (ENG),1987-1987,1987.0,1987.0,1.0,2.0,2.0,1.0,48.0,44*,44.0,1.0,48.0,65.0,73.84,0.0,0.0,0.0,24.0,0.0,0.0,58.336,1987-1987,1987,1987,0,2,,,,,-,,,,,,,,,,,,,,,,,,,,,,,,,,True,True,All-rounder
JJ van der Wath (SA),2006-2007,2006.0,2007.0,2.0,10.0,8.0,2.0,89.0,37*,37.0,1.0,14.83,70.0,127.14,0.0,0.0,3.0,8.9,0.0,0.0,59.754,2006-2007,2006,2007,1,10,10.0,526.0,551.0,13.0,Feb-21,42.38,6.28,40.4,0.0,0.0,1.3,0.16,0.96,0.0,,,,,,,,,,,,,,,,,True,True,All-rounder
JJC Lawson (WI),2001-2005,2001.0,2005.0,5.0,13.0,5.0,2.0,18.0,8,8.0,0.0,6.0,16.0,112.5,0.0,0.0,0.0,1.38,0.0,0.0,48.6,2001-2005,2001,2005,4,13,12.0,558.0,498.0,17.0,Apr-57,29.29,5.35,32.8,1.0,0.0,1.31,0.19,0.97,0.0,,,,,,,,,,,,,,,,,True,True,All-rounder
JK Kamande (KENYA),1999-2011,1999.0,2011.0,13.0,86.0,72.0,11.0,1055.0,74,74.0,0.0,17.29,1685.0,62.61,0.0,3.0,8.0,12.27,0.0,3.49,35.418,1999-2011,1999,2011,12,86,71.0,2619.0,2169.0,48.0,Apr-36,45.18,4.96,54.5,1.0,0.0,0.56,0.2,0.45,0.0,,,,,,,,,,,,,,,,,True,True,All-rounder
JK Lever (ENG),1976-1982,1976.0,1982.0,7.0,22.0,11.0,4.0,56.0,27*,27.0,1.0,8.0,152.0,36.84,0.0,0.0,1.0,2.55,0.0,0.0,19.536,1976-1982,1976,1982,6,22,22.0,1152.0,713.0,24.0,Apr-29,29.7,3.71,48.0,1.0,0.0,1.09,0.27,0.84,0.0,,,,,,,,,,,,,,,,,True,True,All-rounder
JK Moss (AUS),1979-1979,1979.0,1979.0,1.0,1.0,1.0,0.0,7.0,7,7.0,0.0,7.0,16.0,43.75,0.0,0.0,0.0,7.0,0.0,0.0,21.7,1979-1979,1979,1979,0,1,,,,,-,,,,,,,,,,,,,,,,,,,,,,,,,,True,True,All-rounder
JL Carter (WI),2015-2019,2015.0,2019.0,5.0,33.0,28.0,3.0,581.0,54,54.0,0.0,23.24,822.0,70.68,0.0,3.0,1.0,17.61,0.0,9.09,42.216,2015-2019,2015,2019,4,33,12.0,136.0,160.0,4.0,Feb-14,40.0,7.05,34.0,0.0,0.0,0.12,0.14,0.13,0.0,,,,,,,,,,,,,,,,,True,True,All-rounder
JL Denly (ENG),2009-2019,2009.0,2019.0,11.0,13.0,11.0,0.0,293.0,67,67.0,0.0,26.63,447.0,65.54,0.0,2.0,0.0,22.54,0.0,15.38,42.194,2009-2019,2009,2019,10,13,3.0,66.0,60.0,1.0,Jan-24,60.0,5.45,66.0,0.0,0.0,0.08,0.18,0.11,0.0,,,,,,,,,,,,,,,,,True,True,All-rounder
JL Langer (AUS),1994-1997,1994.0,1997.0,4.0,8.0,7.0,2.0,160.0,36,36.0,0.0,32.0,180.0,88.88,0.0,0.0,0.0,20.0,0.0,0.0,54.752,1994-1997,1994,1997,3,8,,,,,-,,,,,,,,,,,,,,,,,,,,,,,,,,True,True,All-rounder
JL Louw (NAM),,,,,,,,,,,,,,,,,,,,,,2003-2003,2003,2003,0,1,1.0,60.0,60.0,1.0,Jan-60,60.0,6.0,60.0,0.0,0.0,1.0,0.17,0.75,0.0,,,,,,,,,,,,,,,,,False,True,Bowler
JL Ontong (Afr/SA),2001-2012,2001.0,2012.0,12.0,28.0,16.0,2.0,184.0,32,32.0,0.0,13.14,267.0,68.91,0.0,0.0,1.0,6.57,0.0,0.0,35.448,2001-2012,2001,2012,11,28,16.0,538.0,396.0,9.0,Mar-30,44.0,4.41,59.7,0.0,0.0,0.32,0.23,0.29,0.0,,,,,,,,,,,,,,,,,True,True,All-rounder
JL Pattinson (AUS),2011-2015,2011.0,2015.0,5.0,15.0,8.0,4.0,42.0,13,13.0,0.0,10.5,80.0,52.5,0.0,0.0,0.0,2.8,0.0,0.0,27.3,2011-2015,2011,2015,4,15,15.0,727.0,681.0,16.0,Apr-51,42.56,5.62,45.4,1.0,0.0,1.07,0.18,0.8,0.0,,,,,,,,,,,,,,,,,True,True,All-rounder
JM Anderson (ENG),2002-2015,2002.0,2015.0,14.0,194.0,79.0,43.0,273.0,28,28.0,0.0,7.58,561.0,48.66,0.0,0.0,10.0,1.41,0.0,0.0,24.012,2002-2015,2002,2015,13,194,191.0,9584.0,7861.0,269.0,May-23,29.22,4.92,35.6,11.0,2.0,1.39,0.2,1.03,0.01,,,,,,,,,,,,,,,,,True,True,All-rounder
JM Bairstow (ENG),2011-2019,2011.0,2019.0,9.0,74.0,68.0,8.0,2861.0,141*,141.0,1.0,47.68,2749.0,104.07,9.0,11.0,5.0,38.66,12.16,14.86,70.236,2011-2019,2011,2019,8,74,,,,,-,,,,,,,,,,,,,,,,,,,,,,,,,,True,True,All-rounder
JM Brearley (ENG),1977-1980,1977.0,1980.0,4.0,25.0,24.0,3.0,510.0,78,78.0,0.0,24.28,1120.0,45.53,0.0,3.0,6.0,20.4,0.0,12.0,32.78,1977-1980,1977,1980,3,25,,,,,-,,,,,,,,,,,,,,,,,,,,,,,,,,True,True,All-rounder
JM Davison (CAN),2003-2011,2003.0,2011.0,9.0,32.0,32.0,2.0,799.0,111,111.0,0.0,26.63,767.0,104.17,1.0,5.0,5.0,24.97,3.13,15.63,57.646,2003-2011,2003,2011,8,32,31.0,1435.0,1067.0,36.0,Mar-15,29.63,4.46,39.8,0.0,0.0,1.13,0.22,0.85,0.0,,,,,,,,,,,,,,,,,True,True,All-rounder
JM How (NZ),2005-2011,2005.0,2011.0,7.0,41.0,37.0,1.0,1046.0,139,139.0,0.0,29.05,1572.0,66.53,1.0,7.0,3.0,25.51,2.44,17.07,44.042,2005-2011,2005,2011,6,41,,,,,-,,,,,,,,,,,,,,,,,,,,,,,,,,True,True,All-rounder
JM Kemp (Afr/SA),2001-2007,2001.0,2007.0,7.0,85.0,66.0,18.0,1512.0,100*,100.0,1.0,31.5,1819.0,83.12,1.0,10.0,6.0,17.79,1.18,11.76,52.148,2001-2007,2001,2007,6,85,48.0,1303.0,1015.0,32.0,Mar-20,31.71,4.67,40.7,0.0,0.0,0.38,0.21,0.33,0.0,,,,,,,,,,,,,,,,,True,True,All-rounder
JM Mennie (AUS),2016-2016,2016.0,2016.0,1.0,2.0,2.0,0.0,1.0,1,1.0,0.0,0.5,4.0,25.0,0.0,0.0,1.0,0.5,0.0,0.0,10.3,2016-2016,2016,2016,0,2,2.0,120.0,131.0,3.0,Mar-49,43.66,6.55,40.0,0.0,0.0,1.5,0.15,1.1,0.0,,,,,,,,,,,,,,,,,True,True,All-rounder
JM Parker (NZ),1974-1981,1974.0,1981.0,8.0,24.0,20.0,0.0,248.0,66,66.0,0.0,12.4,403.0,61.53,0.0,1.0,1.0,10.33,0.0,4.17,32.052,1974-1981,1974,1981,7,24,1.0,16.0,10.0,1.0,01-Oct,10.0,3.75,16.0,0.0,0.0,0.04,0.27,0.11,0.0,,,,,,,,,,,,,,,,,True,True,All-rounder
JM Patel (CAN),1979-1979,1979.0,1979.0,1.0,3.0,3.0,0.0,3.0,2,2.0,0.0,1.0,23.0,13.04,0.0,0.0,1.0,1.0,0.0,0.0,5.816,1979-1979,1979,1979,0,3,2.0,91.0,47.0,0.0,-,,3.09,,0.0,0.0,0.0,0.32,0.1,0.0,,,,,,,,,,,,,,,,,True,True,All-rounder
JM Vince (ENG),2015-2019,2015.0,2019.0,5.0,13.0,11.0,0.0,265.0,51,51.0,0.0,24.09,299.0,88.62,0.0,1.0,1.0,20.38,0.0,7.69,49.902,2015-2019,2015,2019,4,13,,,,,-,,,,,,,,,,,,,,,,,,,,,,,,,,True,True,All-rounder
JM Wiener (AUS),1979-1980,1979.0,1980.0,2.0,7.0,7.0,0.0,140.0,50,50.0,0.0,20.0,324.0,43.2,0.0,1.0,0.0,20.0,0.0,14.29,29.28,1979-1980,1979,1980,1,7,2.0,24.0,34.0,0.0,-,,8.5,,0.0,0.0,0.0,0.12,0.04,0.0,,,,,,,,,,,,,,,,,True,True,All-rounder
JN Frylinck (NAM),2019-2019,2019.0,2019.0,1.0,5.0,5.0,2.0,112.0,60,60.0,0.0,37.33,97.0,115.46,0.0,1.0,0.0,22.4,0.0,20.0,68.582,2019-2019,2019,2019,0,5,5.0,195.0,116.0,10.0,May-13,11.6,3.56,19.5,0.0,1.0,2.0,0.28,1.48,0.2,,,,,,,,,,,,,,,,,True,True,All-rounder
JN Gillespie (AUS),1996-2005,1996.0,2005.0,10.0,97.0,39.0,16.0,289.0,44*,44.0,1.0,12.56,368.0,78.53,0.0,0.0,8.0,2.98,0.0,0.0,38.948,1996-2005,1996,2005,9,97,96.0,5144.0,3611.0,142.0,May-22,25.42,4.21,36.2,3.0,3.0,1.46,0.24,1.1,0.031,,,,,,,,,,,,,,,,,True,True,All-rounder
JN Maguire (AUS),1983-1984,1983.0,1984.0,2.0,23.0,11.0,5.0,42.0,14*,14.0,1.0,7.0,71.0,59.15,0.0,0.0,1.0,1.83,0.0,0.0,27.86,1983-1984,1983,1984,1,23,20.0,1009.0,769.0,19.0,Mar-61,40.47,4.57,53.1,0.0,0.0,0.83,0.22,0.64,0.0,,,,,,,,,,,,,,,,,True,True,All-rounder
JN Mohammed (WI),2011-2018,2011.0,2018.0,8.0,28.0,24.0,1.0,551.0,91*,91.0,1.0,23.95,795.0,69.3,0.0,4.0,2.0,19.68,0.0,14.29,42.09,2011-2018,2011,2018,7,28,8.0,146.0,131.0,0.0,-,,5.38,,0.0,0.0,0.0,0.19,0.06,0.0,,,,,,,,,,,,,,,,,True,True,All-rounder
JN Rhodes (SA),1992-2003,1992.0,2003.0,12.0,245.0,220.0,51.0,5935.0,121,121.0,0.0,35.11,7336.0,80.9,2.0,33.0,12.0,24.22,0.82,13.47,53.426,1992-2003,1992,2003,11,245,2.0,14.0,4.0,0.0,-,,1.71,,0.0,0.0,0.0,0.58,0.18,0.0,,,,,,,,,,,,,,,,,True,True,All-rounder
JN Snape (ENG),2001-2002,2001.0,2002.0,2.0,10.0,7.0,3.0,118.0,38,38.0,0.0,29.5,173.0,68.2,0.0,0.0,0.0,11.8,0.0,0.0,44.98,2001-2002,2001,2002,1,10,10.0,529.0,403.0,13.0,Mar-43,31.0,4.57,40.6,0.0,0.0,1.3,0.22,0.98,0.0,,,,,,,,,,,,,,,,,True,True,All-rounder
JN Valentine (CAN),1979-1979,1979.0,1979.0,1.0,3.0,2.0,2.0,3.0,3*,3.0,1.0,,17.0,17.64,0.0,0.0,0.0,1.0,0.0,0.0,,1979-1979,1979,1979,0,3,3.0,114.0,66.0,3.0,Jan-18,22.0,3.47,38.0,0.0,0.0,1.0,0.29,0.79,0.0,,,,,,,,,,,,,,,,,True,True,All-rounder
JNK Shannon (IRE),2013-2013,2013.0,2013.0,1.0,1.0,1.0,0.0,2.0,2,2.0,0.0,2.0,8.0,25.0,0.0,0.0,0.0,2.0,0.0,0.0,11.2,2013-2013,2013,2013,0,1,,,,,-,,,,,,,,,,,,,,,,,,,,,,,,,,True,True,All-rounder
JNT Vare (PNG),2014-2018,2014.0,2018.0,5.0,9.0,9.0,1.0,81.0,28,28.0,0.0,10.12,110.0,73.63,0.0,0.0,0.0,9.0,0.0,0.0,35.524,2014-2018,2014,2018,4,9,,,,,-,,,,,,,,,,,,,,,,,,,,,,,,,,True,True,All-rounder
JO Angara (KENYA),1997-2003,1997.0,2003.0,7.0,17.0,11.0,5.0,23.0,6,6.0,0.0,3.83,64.0,35.93,0.0,0.0,1.0,1.35,0.0,0.0,16.67,1997-2003,1997,2003,6,17,15.0,588.0,569.0,14.0,Mar-30,40.64,5.8,42.0,0.0,0.0,0.82,0.17,0.63,0.0,,,,,,,,,,,,,,,,,True,True,All-rounder
JO Holder (WI),2013-2019,2013.0,2019.0,7.0,112.0,89.0,19.0,1798.0,99*,99.0,1.0,25.68,1907.0,94.28,0.0,9.0,9.0,16.05,0.0,8.04,53.12,2013-2019,2013,2019,6,112,108.0,5179.0,4777.0,133.0,May-27,35.91,5.53,38.9,4.0,2.0,1.19,0.18,0.89,0.018,,,,,,,,,,,,,,,,,True,True,All-rounder
JO Ngoche (KENYA),2010-2013,2010.0,2013.0,4.0,17.0,11.0,4.0,35.0,21*,21.0,1.0,5.0,85.0,41.17,0.0,0.0,4.0,2.06,0.0,0.0,19.468,2010-2013,2010,2013,3,17,17.0,878.0,569.0,20.0,Mar-18,28.45,3.88,43.9,0.0,0.0,1.18,0.26,0.9,0.0,,,,,,,,,,,,,,,,,True,True,All-rounder
JO Troughton (ENG),2003-2003,2003.0,2003.0,1.0,6.0,5.0,1.0,36.0,20,20.0,0.0,9.0,76.0,47.36,0.0,0.0,1.0,6.0,0.0,0.0,24.344,2003-2003,2003,2003,0,6,,,,,-,,,,,,,,,,,,,,,,,,,,,,,,,,True,True,All-rounder
JOA Gordon (CAN),2012-2014,2012.0,2014.0,3.0,5.0,4.0,2.0,7.0,4,4.0,0.0,3.5,28.0,25.0,0.0,0.0,0.0,1.4,0.0,0.0,12.1,2012-2014,2012,2014,2,5,5.0,204.0,191.0,6.0,Mar-26,31.83,5.61,34.0,0.0,0.0,1.2,0.18,0.89,0.0,,,,,,,,,,,,,,,,,True,True,All-rounder
JP Agnew (ENG),1985-1985,1985.0,1985.0,1.0,3.0,1.0,1.0,2.0,2*,2.0,1.0,,3.0,66.66,0.0,0.0,0.0,0.67,0.0,0.0,,1985-1985,1985,1985,0,3,3.0,126.0,120.0,3.0,Mar-38,40.0,5.71,42.0,0.0,0.0,1.0,0.18,0.75,0.0,,,,,,,,,,,,,,,,,True,True,All-rounder
JP Behrendorff (AUS),2019-2019,2019.0,2019.0,1.0,11.0,5.0,3.0,19.0,11*,11.0,1.0,9.5,15.0,126.66,0.0,0.0,1.0,1.73,0.0,0.0,56.364,2019-2019,2019,2019,0,11,11.0,591.0,517.0,16.0,May-44,32.31,5.24,36.9,0.0,1.0,1.45,0.19,1.08,0.091,,,,,,,,,,,,,,,,,True,True,All-rounder
JP Bray (IRE),2006-2007,2006.0,2007.0,2.0,15.0,15.0,1.0,401.0,116,116.0,0.0,28.64,594.0,67.5,2.0,0.0,2.0,26.73,13.33,0.0,44.184,2006-2007,2006,2007,1,15,,,,,-,,,,,,,,,,,,,,,,,,,,,,,,,,True,True,All-rounder
JP Crawley (ENG),1994-1999,1994.0,1999.0,6.0,13.0,12.0,1.0,235.0,73,73.0,0.0,21.36,408.0,57.59,0.0,2.0,2.0,18.08,0.0,15.38,35.852,1994-1999,1994,1999,5,13,,,,,-,,,,,,,,,,,,,,,,,,,,,,,,,,True,True,All-rounder
JP Duminy (SA),2004-2019,2004.0,2019.0,16.0,199.0,179.0,40.0,5117.0,150*,150.0,1.0,36.81,6052.0,84.55,4.0,27.0,7.0,25.71,2.01,13.57,55.906,2004-2019,2004,2019,15,199,135.0,3513.0,3143.0,69.0,Apr-16,45.55,5.36,50.9,1.0,0.0,0.35,0.19,0.3,0.0,,,,,,,,,,,,,,,,,True,True,All-rounder
JP Faulkner (AUS),2013-2017,2013.0,2017.0,5.0,69.0,52.0,22.0,1032.0,116,116.0,0.0,34.4,990.0,104.24,1.0,4.0,4.0,14.96,1.45,5.8,62.336,2013-2017,2013,2017,4,69,67.0,3211.0,2962.0,96.0,Apr-32,30.85,5.53,33.4,4.0,0.0,1.39,0.18,1.03,0.0,,,,,,,,,,,,,,,,,True,True,All-rounder
JP Kotze (NAM),2019-2019,2019.0,2019.0,1.0,5.0,5.0,0.0,244.0,136,136.0,0.0,48.8,267.0,91.38,1.0,0.0,0.0,48.8,20.0,0.0,65.832,2019-2019,2019,2019,0,5,,,,,-,,,,,,,,,,,,,,,,,,,,,,,,,,True,True,All-rounder
JP Maher (AUS),1998-2003,1998.0,2003.0,6.0,26.0,20.0,3.0,438.0,95,95.0,0.0,25.76,673.0,65.08,0.0,1.0,1.0,16.85,0.0,3.85,41.488,1998-2003,1998,2003,5,26,,,,,-,,,,,,,,,,,,,,,,,,,,,,,,,,True,True,All-rounder
JP Millmow (NZ),1990-1990,1990.0,1990.0,1.0,5.0,1.0,1.0,0.0,0*,0.0,1.0,,3.0,0.0,0.0,0.0,0.0,0.0,0.0,0.0,,1990-1990,1990,1990,0,5,5.0,270.0,232.0,4.0,Feb-22,58.0,5.15,67.5,0.0,0.0,0.8,0.19,0.62,0.0,,,,,,,,,,,,,,,,,True,True,All-rounder
JP Taylor (ENG),1993-1993,1993.0,1993.0,1.0,1.0,1.0,0.0,1.0,1,1.0,0.0,1.0,8.0,12.5,0.0,0.0,0.0,1.0,0.0,0.0,5.6,1993-1993,1993,1993,0,1,1.0,18.0,20.0,0.0,-,,6.66,,0.0,0.0,0.0,0.15,0.05,0.0,,,,,,,,,,,,,,,,,True,True,All-rounder
JPR Lamsam (HKG),2004-2008,2004.0,2008.0,5.0,2.0,2.0,0.0,24.0,16,16.0,0.0,12.0,47.0,51.06,0.0,0.0,0.0,12.0,0.0,0.0,27.624,2004-2008,2004,2008,4,2,2.0,36.0,47.0,0.0,-,,7.83,,0.0,0.0,0.0,0.13,0.04,0.0,,,,,,,,,,,,,,,,,True,True,All-rounder
JR Hammond (AUS),1972-1972,1972.0,1972.0,1.0,1.0,1.0,1.0,15.0,15*,15.0,1.0,,28.0,53.57,0.0,0.0,0.0,15.0,0.0,0.0,,1972-1972,1972,1972,0,1,1.0,54.0,41.0,1.0,Jan-41,41.0,4.55,54.0,0.0,0.0,1.0,0.22,0.77,0.0,,,,,,,,,,,,,,,,,True,True,All-rounder
JR Hazlewood (AUS),2010-2018,2010.0,2018.0,9.0,44.0,13.0,11.0,37.0,11*,11.0,1.0,18.5,57.0,64.91,0.0,0.0,1.0,0.84,0.0,0.0,37.064,2010-2018,2010,2018,8,44,43.0,2294.0,1811.0,72.0,Jun-52,25.15,4.73,31.8,1.0,3.0,1.64,0.21,1.21,0.068,,,,,,,,,,,,,,,,,True,True,All-rounder
JR Hopes (AUS),2005-2010,2005.0,2010.0,6.0,84.0,61.0,8.0,1326.0,63*,63.0,1.0,25.01,1415.0,93.71,0.0,3.0,1.0,15.79,0.0,3.57,52.49,2005-2010,2005,2010,5,84,75.0,3157.0,2384.0,67.0,May-14,35.58,4.53,47.1,0.0,1.0,0.8,0.22,0.62,0.012,,,,,,,,,,,,,,,,,True,True,All-rounder
JR Murray (WI),1992-1999,1992.0,1999.0,8.0,55.0,36.0,6.0,678.0,86,86.0,0.0,22.6,929.0,72.98,0.0,5.0,4.0,12.33,0.0,9.09,42.752,1992-1999,1992,1999,7,55,,,,,-,,,,,,,,,,,,,,,,,,,,,,,,,,True,True,All-rounder
JR Ratnayeke (SL),1982-1990,1982.0,1990.0,9.0,78.0,69.0,14.0,824.0,50,50.0,0.0,14.98,1571.0,52.45,0.0,1.0,4.0,10.56,0.0,1.28,29.968,1982-1990,1982,1990,8,78,76.0,3573.0,2866.0,85.0,Apr-23,33.71,4.81,42.0,1.0,0.0,1.09,0.21,0.83,0.0,,,,,,,,,,,,,,,,,True,True,All-rounder
JR Thomson (AUS),1975-1985,1975.0,1985.0,11.0,50.0,30.0,6.0,181.0,21,21.0,0.0,7.54,280.0,64.64,0.0,0.0,5.0,3.62,0.0,0.0,30.38,1975-1985,1975,1985,10,50,50.0,2696.0,1942.0,55.0,Apr-67,35.3,4.32,49.0,1.0,0.0,1.1,0.23,0.84,0.0,,,,,,,,,,,,,,,,,True,True,All-rounder
JS Ababu (KENYA),1999-2006,1999.0,2006.0,8.0,9.0,5.0,2.0,29.0,17,17.0,0.0,9.66,63.0,46.03,0.0,0.0,0.0,3.22,0.0,0.0,24.208,1999-2006,1999,2006,7,9,8.0,288.0,255.0,3.0,Jan-26,85.0,5.31,96.0,0.0,0.0,0.33,0.19,0.29,0.0,,,,,,,,,,,,,,,,,True,True,All-rounder
JS Foster (ENG),2001-2002,2001.0,2002.0,2.0,11.0,6.0,3.0,41.0,13,13.0,0.0,13.66,71.0,57.74,0.0,0.0,0.0,3.73,0.0,0.0,31.292,2001-2002,2001,2002,1,11,,,,,-,,,,,,,,,,,,,,,,,,,,,,,,,,True,True,All-rounder
JS Malhotra (USA),2019-2019,2019.0,2019.0,1.0,5.0,5.0,0.0,52.0,18,18.0,0.0,10.4,71.0,73.23,0.0,0.0,1.0,10.4,0.0,0.0,35.532,2019-2019,2019,2019,0,5,,,,,-,,,,,,,,,,,,,,,,,,,,,,,,,,True,True,All-rounder
JS Paris (AUS),,,,,,,,,,,,,,,,,,,,,,2016-2016,2016,2016,0,2,2.0,96.0,93.0,1.0,Jan-40,93.0,5.81,96.0,0.0,0.0,0.5,0.17,0.4,0.0,,,,,,,,,,,,,,,,,False,True,Bowler
JS Patel (NZ),2005-2017,2005.0,2017.0,13.0,43.0,15.0,8.0,95.0,34,34.0,0.0,13.57,162.0,58.64,0.0,0.0,1.0,2.21,0.0,0.0,31.598,2005-2017,2005,2017,12,43,42.0,2014.0,1691.0,49.0,03-Nov,34.51,5.03,41.1,0.0,0.0,1.14,0.2,0.86,0.0,,,,,,,,,,,,,,,,,True,True,All-rounder
JT Ball (ENG),2016-2018,2016.0,2018.0,3.0,18.0,6.0,2.0,38.0,28,28.0,0.0,9.5,49.0,77.55,0.0,0.0,2.0,2.11,0.0,0.0,36.72,2016-2018,2016,2018,2,18,18.0,947.0,980.0,21.0,May-51,46.66,6.2,45.0,0.0,1.0,1.17,0.16,0.87,0.056,,,,,,,,,,,,,,,,,True,True,All-rounder
JTC Vaughan (NZ),1992-1996,1992.0,1996.0,5.0,18.0,16.0,7.0,162.0,33,33.0,0.0,18.0,261.0,62.06,0.0,0.0,0.0,9.0,0.0,0.0,35.624,1992-1996,1992,1996,4,18,17.0,696.0,524.0,15.0,Apr-33,34.93,4.51,46.4,1.0,0.0,0.83,0.22,0.65,0.0,,,,,,,,,,,,,,,,,True,True,All-rounder
JV Coney (NZ),1979-1987,1979.0,1987.0,9.0,88.0,80.0,19.0,1874.0,66*,66.0,1.0,30.72,2885.0,64.95,0.0,8.0,1.0,21.3,0.0,9.09,44.412,1979-1987,1979,1987,8,88,70.0,2931.0,2039.0,54.0,Apr-46,37.75,4.17,54.2,1.0,0.0,0.61,0.24,0.5,0.0,,,,,,,,,,,,,,,,,True,True,All-rounder
JV Harris (CAN),2003-2003,2003.0,2003.0,1.0,6.0,6.0,0.0,91.0,31,31.0,0.0,15.16,204.0,44.6,0.0,0.0,0.0,15.17,0.0,0.0,26.936,2003-2003,2003,2003,0,6,,,,,-,,,,,,,,,,,,,,,,,,,,,,,,,,True,True,All-rounder
JV Paranjpe (INDIA),1998-1998,1998.0,1998.0,1.0,4.0,4.0,1.0,54.0,27,27.0,0.0,18.0,91.0,59.34,0.0,0.0,0.0,13.5,0.0,0.0,34.536,1998-1998,1998,1998,0,4,,,,,-,,,,,,,,,,,,,,,,,,,,,,,,,,True,True,All-rounder
JW Dernbach (ENG),2011-2013,2011.0,2013.0,3.0,24.0,8.0,1.0,19.0,5,5.0,0.0,2.71,39.0,48.71,0.0,0.0,1.0,0.79,0.0,0.0,21.11,2011-2013,2011,2013,2,24,24.0,1234.0,1308.0,31.0,Apr-45,42.19,6.35,39.8,1.0,0.0,1.29,0.16,0.95,0.0,,,,,,,,,,,,,,,,,True,True,All-rounder
JW Hastings (AUS),2010-2017,2010.0,2017.0,8.0,29.0,21.0,11.0,271.0,51,51.0,0.0,27.1,273.0,99.26,0.0,1.0,1.0,9.34,0.0,3.45,55.964,2010-2017,2010,2017,7,29,29.0,1486.0,1256.0,42.0,Jun-45,29.9,5.07,35.3,1.0,1.0,1.45,0.2,1.07,0.034,,,,,,,,,,,,,,,,,True,True,All-rounder
JW Wilson (NZ),1993-2005,1993.0,2005.0,13.0,6.0,6.0,1.0,103.0,44*,44.0,1.0,20.6,112.0,91.96,0.0,0.0,1.0,17.17,0.0,0.0,49.144,1993-2005,1993,2005,12,6,6.0,242.0,260.0,4.0,Feb-21,65.0,6.44,60.5,0.0,0.0,0.67,0.16,0.51,0.0,,,,,,,,,,,,,,,,,True,True,All-rounder
JWA Taylor (ENG),2011-2015,2011.0,2015.0,5.0,27.0,26.0,5.0,887.0,101,101.0,0.0,42.23,1107.0,80.12,1.0,7.0,2.0,32.85,3.7,25.93,57.386,2011-2015,2011,2015,4,27,,,,,-,,,,,,,,,,,,,,,,,,,,,,,,,,True,True,All-rounder
JWHD Boteju (SL),1999-1999,1999.0,1999.0,1.0,2.0,2.0,1.0,3.0,2,2.0,0.0,3.0,11.0,27.27,0.0,0.0,0.0,1.5,0.0,0.0,12.708,1999-1999,1999,1999,0,2,2.0,102.0,113.0,0.0,-,,6.64,,0.0,0.0,0.0,0.15,0.05,0.0,,,,,,,,,,,,,,,,,True,True,All-rounder
JWM Dalrymple (ENG),2006-2007,2006.0,2007.0,2.0,27.0,26.0,1.0,487.0,67,67.0,0.0,19.48,672.0,72.47,0.0,2.0,2.0,18.04,0.0,7.41,40.676,2006-2007,2006,2007,1,27,23.0,840.0,666.0,14.0,02-May,47.57,4.75,60.0,0.0,0.0,0.52,0.21,0.43,0.0,,,,,,,,,,,,,,,,,True,True,All-rounder
Jahangir Alam (BDESH),1997-1999,1997.0,1999.0,3.0,3.0,3.0,0.0,4.0,3,3.0,0.0,1.33,22.0,18.18,0.0,0.0,1.0,1.33,0.0,0.0,8.07,1997-1999,1997,1999,2,3,,,,,-,,,,,,,,,,,,,,,,,,,,,,,,,,True,True,All-rounder
Jahangir Alam Talukdar (BDESH),1990-1990,1990.0,1990.0,1.0,2.0,1.0,1.0,7.0,7*,7.0,1.0,,16.0,43.75,0.0,0.0,0.0,3.5,0.0,0.0,,1990-1990,1990,1990,0,2,2.0,42.0,36.0,0.0,-,,5.14,,0.0,0.0,0.0,0.19,0.06,0.0,,,,,,,,,,,,,,,,,True,True,All-rounder
Jahangir Shah (BDESH),1986-1990,1986.0,1990.0,5.0,5.0,4.0,2.0,16.0,8*,8.0,1.0,8.0,62.0,25.8,0.0,0.0,1.0,3.2,0.0,0.0,15.12,1986-1990,1986,1990,4,5,5.0,234.0,172.0,2.0,Feb-23,86.0,4.41,117.0,0.0,0.0,0.4,0.23,0.35,0.0,,,,,,,,,,,,,,,,,True,True,All-rounder
Jahurul Islam (BDESH),2010-2013,2010.0,2013.0,4.0,14.0,13.0,1.0,270.0,53,53.0,0.0,22.5,371.0,72.77,0.0,1.0,2.0,19.29,0.0,7.14,42.608,2010-2013,2010,2013,3,14,,,,,-,,,,,,,,,,,,,,,,,,,,,,,,,,True,True,All-rounder
Jai P Yadav (INDIA),2002-2005,2002.0,2005.0,4.0,12.0,7.0,3.0,81.0,69,69.0,0.0,20.25,123.0,65.85,0.0,1.0,2.0,6.75,0.0,8.33,38.49,2002-2005,2002,2005,3,12,10.0,396.0,326.0,6.0,Feb-32,54.33,4.93,66.0,0.0,0.0,0.5,0.2,0.41,0.0,,,,,,,,,,,,,,,,,True,True,All-rounder
Jalal-ud-Din (PAK),1982-1983,1982.0,1983.0,2.0,8.0,2.0,0.0,5.0,5,5.0,0.0,2.5,5.0,100.0,0.0,0.0,1.0,0.63,0.0,0.0,41.5,1982-1983,1982,1983,1,8,7.0,306.0,211.0,14.0,Apr-32,15.07,4.13,21.8,1.0,0.0,1.75,0.24,1.3,0.0,,,,,,,,,,,,,,,,,True,True,All-rounder
Jamaluddin Ahmed (BDESH),2003-2003,2003.0,2003.0,1.0,1.0,1.0,1.0,18.0,18*,18.0,1.0,,28.0,64.28,0.0,0.0,0.0,18.0,0.0,0.0,,2003-2003,2003,2003,0,1,1.0,24.0,28.0,0.0,-,,7.0,,0.0,0.0,0.0,0.14,0.04,0.0,,,,,,,,,,,,,,,,,True,True,All-rounder
Jasdeep Singh (USA),2019-2019,2019.0,2019.0,1.0,4.0,3.0,0.0,11.0,11,11.0,0.0,3.66,39.0,28.2,0.0,0.0,2.0,2.75,0.0,0.0,13.476,2019-2019,2019,2019,0,4,4.0,114.0,104.0,5.0,Apr-51,20.8,5.47,22.8,1.0,0.0,1.25,0.18,0.93,0.0,,,,,,,,,,,,,,,,,True,True,All-rounder
Jatinder Singh (OMAN),2019-2019,2019.0,2019.0,1.0,5.0,5.0,0.0,68.0,23,23.0,0.0,13.6,137.0,49.63,0.0,0.0,1.0,13.6,0.0,0.0,28.012,2019-2019,2019,2019,0,5,,,,,-,,,,,,,,,,,,,,,,,,,,,,,,,,True,True,All-rounder
Javed Ahmadi (AFG),2010-2019,2010.0,2019.0,10.0,44.0,41.0,0.0,976.0,81,81.0,0.0,23.8,1291.0,75.6,0.0,7.0,2.0,22.18,0.0,15.91,44.52,2010-2019,2010,2019,9,44,17.0,398.0,319.0,9.0,Apr-37,35.44,4.8,44.2,1.0,0.0,0.2,0.21,0.21,0.0,,,,,,,,,,,,,,,,,True,True,All-rounder
Javed Miandad (PAK),1975-1996,1975.0,1996.0,22.0,233.0,218.0,41.0,7381.0,119*,119.0,1.0,41.7,11014.0,67.01,8.0,50.0,8.0,31.68,3.43,21.46,51.824,1975-1996,1975,1996,21,233,12.0,436.0,297.0,7.0,Feb-22,42.42,4.08,62.2,0.0,0.0,0.03,0.25,0.09,0.0,,,,,,,,,,,,,,,,,True,True,All-rounder
Javed Omar (BDESH),1995-2007,1995.0,2007.0,13.0,59.0,59.0,4.0,1312.0,85*,85.0,1.0,23.85,2528.0,51.89,0.0,10.0,2.0,22.24,0.0,16.95,35.066,1995-2007,1995,2007,12,59,,,,,-,,,,,,,,,,,,,,,,,,,,,,,,,,True,True,All-rounder
Javed Qadeer (PAK),1995-1995,1995.0,1995.0,1.0,1.0,1.0,0.0,12.0,12,12.0,0.0,12.0,23.0,52.17,0.0,0.0,0.0,12.0,0.0,0.0,28.068,1995-1995,1995,1995,0,1,,,,,-,,,,,,,,,,,,,,,,,,,,,,,,,,True,True,All-rounder
Jawahir Shah (EAf),1975-1975,1975.0,1975.0,1.0,3.0,3.0,0.0,46.0,37,37.0,0.0,15.33,114.0,40.35,0.0,0.0,0.0,15.33,0.0,0.0,25.338,1975-1975,1975,1975,0,3,,,,,-,,,,,,,,,,,,,,,,,,,,,,,,,,True,True,All-rounder
Jay Odedra (OMAN),,,,,,,,,,,,,,,,,,,,,,2019-2019,2019,2019,0,2,2.0,120.0,82.0,5.0,Apr-34,16.4,4.1,24.0,1.0,0.0,2.5,0.24,1.82,0.0,,,,,,,,,,,,,,,,,False,True,Bowler
Joginder Sharma (INDIA),2004-2007,2004.0,2007.0,4.0,4.0,3.0,2.0,35.0,29*,29.0,1.0,35.0,30.0,116.66,0.0,0.0,0.0,8.75,0.0,0.0,67.664,2004-2007,2004,2007,3,4,4.0,150.0,115.0,1.0,Jan-28,115.0,4.6,150.0,0.0,0.0,0.25,0.22,0.24,0.0,,,,,,,,,,,,,,,,,True,True,All-rounder
Jubair Hossain (BDESH),2014-2015,2014.0,2015.0,2.0,3.0,1.0,0.0,5.0,5,5.0,0.0,5.0,9.0,55.55,0.0,0.0,0.0,1.67,0.0,0.0,25.22,2014-2015,2014,2015,1,3,3.0,114.0,114.0,4.0,Feb-41,28.5,6.0,28.5,0.0,0.0,1.33,0.17,0.98,0.0,,,,,,,,,,,,,,,,,True,True,All-rounder
Junaid Khan (PAK),2011-2019,2011.0,2019.0,9.0,76.0,31.0,17.0,68.0,25,25.0,0.0,4.85,127.0,53.54,0.0,0.0,6.0,0.89,0.0,0.0,24.326,2011-2019,2011,2019,8,76,76.0,3601.0,3216.0,110.0,04-Dec,29.23,5.35,32.7,4.0,0.0,1.45,0.19,1.07,0.0,,,,,,,,,,,,,,,,,True,True,All-rounder
Junaid Siddique (BDESH),2007-2011,2007.0,2011.0,5.0,54.0,53.0,1.0,1196.0,100,100.0,0.0,23.0,1753.0,68.22,1.0,6.0,6.0,22.15,1.85,11.11,41.088,2007-2011,2007,2011,4,54,2.0,12.0,13.0,0.0,-,,6.5,,0.0,0.0,0.0,0.15,0.05,0.0,,,,,,,,,,,,,,,,,True,True,All-rounder
Junaid Siddique (UAE),2019-2019,2019.0,2019.0,1.0,3.0,2.0,1.0,3.0,2,2.0,0.0,3.0,10.0,30.0,0.0,0.0,0.0,1.0,0.0,0.0,13.8,2019-2019,2019,2019,0,3,3.0,171.0,147.0,8.0,Mar-37,18.37,5.15,21.3,0.0,0.0,2.67,0.19,1.92,0.0,,,,,,,,,,,,,,,,,True,True,All-rounder
Junaid Siddiqui (CAN),2011-2014,2011.0,2014.0,4.0,9.0,8.0,3.0,67.0,25,25.0,0.0,13.4,144.0,46.52,0.0,0.0,1.0,7.44,0.0,0.0,26.648,2011-2014,2011,2014,3,9,9.0,400.0,302.0,4.0,Jan-20,75.5,4.53,100.0,0.0,0.0,0.44,0.22,0.38,0.0,,,,,,,,,,,,,,,,,True,True,All-rounder
Junaid Zia (PAK),2003-2003,2003.0,2003.0,1.0,4.0,2.0,1.0,2.0,2*,2.0,1.0,2.0,7.0,28.57,0.0,0.0,1.0,0.5,0.0,0.0,12.628,2003-2003,2003,2003,0,4,4.0,145.0,127.0,3.0,Mar-21,42.33,5.25,48.3,0.0,0.0,0.75,0.19,0.58,0.0,,,,,,,,,,,,,,,,,True,True,All-rounder
K Birkenstock (NAM),2019-2019,2019.0,2019.0,1.0,5.0,5.0,0.0,103.0,61,61.0,0.0,20.6,193.0,53.36,0.0,1.0,2.0,20.6,0.0,20.0,33.704,2019-2019,2019,2019,0,5,1.0,6.0,5.0,1.0,01-May,5.0,5.0,6.0,0.0,0.0,0.2,0.2,0.2,0.0,,,,,,,,,,,,,,,,,True,True,All-rounder
K Christie (HKG),2016-2016,2016.0,2016.0,1.0,1.0,1.0,0.0,0.0,0,0.0,0.0,0.0,3.0,0.0,0.0,0.0,1.0,0.0,0.0,0.0,0.0,2016-2016,2016,2016,0,1,1.0,6.0,18.0,0.0,-,,18.0,,0.0,0.0,0.0,0.06,0.02,0.0,,,,,,,,,,,,,,,,,True,True,All-rounder
K Doriga (PNG),2017-2019,2017.0,2019.0,3.0,14.0,13.0,2.0,246.0,89*,89.0,1.0,22.36,388.0,63.4,0.0,1.0,1.0,17.57,0.0,7.14,38.776,2017-2019,2017,2019,2,14,,,,,-,,,,,,,,,,,,,,,,,,,,,,,,,,True,True,All-rounder
K Gore (USA),2019-2019,2019.0,2019.0,1.0,7.0,7.0,2.0,112.0,31,31.0,0.0,22.4,171.0,65.49,0.0,0.0,0.0,16.0,0.0,0.0,39.636,2019-2019,2019,2019,0,7,7.0,300.0,208.0,9.0,Apr-20,23.11,4.16,33.3,1.0,0.0,1.29,0.24,0.97,0.0,,,,,,,,,,,,,,,,,True,True,All-rounder
K Jethi (CAN),2008-2008,2008.0,2008.0,1.0,3.0,3.0,1.0,87.0,46*,46.0,1.0,43.5,79.0,110.12,0.0,0.0,0.0,29.0,0.0,0.0,70.148,2008-2008,2008,2008,0,3,3.0,102.0,85.0,2.0,Feb-39,42.5,5.0,51.0,0.0,0.0,0.67,0.2,0.53,0.0,,,,,,,,,,,,,,,,,True,True,All-rounder
K Kamyuka (CAN),2013-2013,2013.0,2013.0,1.0,2.0,1.0,0.0,2.0,2,2.0,0.0,2.0,2.0,100.0,0.0,0.0,0.0,1.0,0.0,0.0,41.2,2013-2013,2013,2013,0,2,2.0,47.0,47.0,4.0,Apr-38,11.75,6.0,11.7,1.0,0.0,2.0,0.17,1.45,0.0,,,,,,,,,,,,,,,,,True,True,All-rounder
K Pierre (WI),2019-2019,2019.0,2019.0,1.0,2.0,1.0,0.0,21.0,21,21.0,0.0,21.0,18.0,116.66,0.0,0.0,0.0,10.5,0.0,0.0,59.264,2019-2019,2019,2019,0,2,2.0,96.0,108.0,0.0,-,,6.75,,0.0,0.0,0.0,0.15,0.04,0.0,,,,,,,,,,,,,,,,,True,True,All-rounder
K Rabada (SA),2015-2019,2015.0,2019.0,5.0,75.0,28.0,12.0,259.0,31*,31.0,1.0,16.18,333.0,77.77,0.0,0.0,2.0,3.45,0.0,0.0,40.816,2015-2019,2015,2019,4,75,73.0,3842.0,3199.0,117.0,Jun-16,27.34,4.99,32.8,6.0,1.0,1.56,0.2,1.15,0.013,,,,,,,,,,,,,,,,,True,True,All-rounder
K Shuttleworth (ENG),1971-1971,1971.0,1971.0,1.0,1.0,1.0,0.0,7.0,7,7.0,0.0,7.0,19.0,36.84,0.0,0.0,0.0,7.0,0.0,0.0,18.936,1971-1971,1971,1971,0,1,1.0,56.0,29.0,1.0,Jan-29,29.0,3.1,56.0,0.0,0.0,1.0,0.32,0.8,0.0,,,,,,,,,,,,,,,,,True,True,All-rounder
K Srikkanth (INDIA),1981-1992,1981.0,1992.0,12.0,146.0,145.0,4.0,4091.0,123,123.0,0.0,29.01,5702.0,71.74,4.0,27.0,11.0,28.02,2.74,18.49,46.102,1981-1992,1981,1992,11,146,33.0,712.0,641.0,25.0,May-27,25.64,5.4,28.4,0.0,2.0,0.17,0.19,0.18,0.014,,,,,,,,,,,,,,,,,True,True,All-rounder
K Weeraratne (SL),2000-2008,2000.0,2008.0,9.0,15.0,9.0,1.0,160.0,41,41.0,0.0,20.0,177.0,90.39,0.0,0.0,0.0,10.67,0.0,0.0,48.156,2000-2008,2000,2008,8,15,14.0,480.0,385.0,6.0,Mar-46,64.16,4.81,80.0,0.0,0.0,0.4,0.21,0.34,0.0,,,,,,,,,,,,,,,,,True,True,All-rounder
K Whatham (CAN),2011-2011,2011.0,2011.0,1.0,1.0,1.0,0.0,18.0,18,18.0,0.0,18.0,41.0,43.9,0.0,0.0,0.0,18.0,0.0,0.0,28.36,2011-2011,2011,2011,0,1,,,,,-,,,,,,,,,,,,,,,,,,,,,,,,,,True,True,All-rounder
K Zondo (SA),2018-2018,2018.0,2018.0,1.0,5.0,5.0,1.0,142.0,54,54.0,0.0,35.5,224.0,63.39,0.0,1.0,0.0,28.4,0.0,20.0,46.656,2018-2018,2018,2018,0,5,,,,,-,,,,,,,,,,,,,,,,,,,,,,,,,,True,True,All-rounder
KA Edwards (WI),2011-2014,2011.0,2014.0,4.0,16.0,16.0,2.0,331.0,123*,123.0,1.0,23.64,494.0,67.0,1.0,0.0,3.0,20.69,6.25,0.0,40.984,2011-2014,2011,2014,3,16,,,,,-,,,,,,,,,,,,,,,,,,,,,,,,,,True,True,All-rounder
KA Hope (WI),2017-2017,2017.0,2017.0,1.0,7.0,6.0,0.0,138.0,46,46.0,0.0,23.0,192.0,71.87,0.0,0.0,0.0,19.71,0.0,0.0,42.548,2017-2017,2017,2017,0,7,,,,,-,,,,,,,,,,,,,,,,,,,,,,,,,,True,True,All-rounder
KA Maharaj (SA),2017-2018,2017.0,2018.0,2.0,4.0,2.0,0.0,25.0,17,17.0,0.0,12.5,26.0,96.15,0.0,0.0,0.0,6.25,0.0,0.0,45.96,2017-2018,2017,2018,1,4,4.0,187.0,166.0,6.0,Mar-25,27.66,5.32,31.1,0.0,0.0,1.5,0.19,1.11,0.0,,,,,,,,,,,,,,,,,True,True,All-rounder
KA Patel (KENYA),2006-2006,2006.0,2006.0,1.0,2.0,2.0,1.0,1.0,1*,1.0,1.0,1.0,4.0,25.0,0.0,0.0,1.0,0.5,0.0,0.0,10.6,2006-2006,2006,2006,0,2,2.0,30.0,34.0,0.0,-,,6.8,,0.0,0.0,0.0,0.15,0.04,0.0,,,,,,,,,,,,,,,,,True,True,All-rounder
KA Pollard (WI),2007-2019,2007.0,2019.0,13.0,107.0,99.0,7.0,2398.0,119,119.0,0.0,26.06,2547.0,94.14,3.0,10.0,13.0,22.41,2.8,9.35,53.292,2007-2019,2007,2019,12,107,74.0,2116.0,2025.0,52.0,Mar-27,38.94,5.74,40.6,0.0,0.0,0.49,0.17,0.39,0.0,,,,,,,,,,,,,,,,,True,True,All-rounder
KAD Hurdle (BMUDA),2006-2007,2006.0,2007.0,2.0,19.0,13.0,5.0,85.0,22,22.0,0.0,10.62,101.0,84.15,0.0,0.0,2.0,4.47,0.0,0.0,40.032,2006-2007,2006,2007,1,19,19.0,905.0,831.0,23.0,Mar-24,36.13,5.5,39.3,0.0,0.0,1.21,0.18,0.9,0.0,,,,,,,,,,,,,,,,,True,True,All-rounder
KADM Fernando (SL),,,,,,,,,,,,,,,,,,,,,,2003-2003,2003,2003,0,1,1.0,42.0,13.0,2.0,Feb-13,6.5,1.85,21.0,0.0,0.0,2.0,0.54,1.56,0.0,,,,,,,,,,,,,,,,,False,True,Bowler
KAJ Roach (WI),2008-2019,2008.0,2019.0,12.0,92.0,57.0,34.0,308.0,34,34.0,0.0,13.39,576.0,53.47,0.0,0.0,8.0,3.35,0.0,0.0,29.422,2008-2019,2008,2019,11,92,90.0,4459.0,3763.0,124.0,Jun-27,30.34,5.06,35.9,3.0,3.0,1.35,0.2,1.0,0.033,,,,,,,,,,,,,,,,,True,True,All-rounder
KBJ Azad (INDIA),1980-1986,1980.0,1986.0,7.0,25.0,21.0,2.0,269.0,39*,39.0,1.0,14.15,400.0,67.25,0.0,0.0,3.0,10.76,0.0,0.0,35.39,1980-1986,1980,1986,6,25,11.0,390.0,273.0,7.0,Feb-48,39.0,4.2,55.7,0.0,0.0,0.28,0.24,0.27,0.0,,,,,,,,,,,,,,,,,True,True,All-rounder
KC Brathwaite (WI),2016-2017,2016.0,2017.0,2.0,10.0,10.0,0.0,278.0,78,78.0,0.0,27.8,483.0,57.55,0.0,1.0,0.0,27.8,0.0,10.0,39.7,2016-2017,2016,2017,1,10,5.0,152.0,140.0,1.0,Jan-56,140.0,5.52,152.0,0.0,0.0,0.1,0.18,0.12,0.0,,,,,,,,,,,,,,,,,True,True,All-rounder
KC Hodsoll (BMUDA),2007-2008,2007.0,2008.0,2.0,3.0,2.0,1.0,2.0,2*,2.0,1.0,2.0,7.0,28.57,0.0,0.0,1.0,0.67,0.0,0.0,12.628,2007-2008,2007,2008,1,3,3.0,102.0,100.0,3.0,Feb-48,33.33,5.88,34.0,0.0,0.0,1.0,0.17,0.75,0.0,,,,,,,,,,,,,,,,,True,True,All-rounder
KC Sangakkara (Asia/ICC/SL),2000-2015,2000.0,2015.0,16.0,404.0,380.0,41.0,14234.0,169,169.0,0.0,41.98,18048.0,78.86,25.0,93.0,15.0,35.23,6.19,23.02,56.732,2000-2015,2000,2015,15,404,,,,,-,,,,,,,,,,2000-2015,2000.0,2015.0,15.0,404.0,397.0,501.0,402.0,99.0,383.0,19.0,,1.261,1.0,1.24,0.25,True,True,All-rounder
KC Wessels (AUS/SA),1983-1994,1983.0,1994.0,12.0,109.0,105.0,7.0,3367.0,107,107.0,0.0,34.35,6088.0,55.3,1.0,26.0,0.0,30.89,0.92,23.85,42.73,1983-1994,1983,1994,11,109,23.0,749.0,666.0,18.0,Feb-16,37.0,5.33,41.6,0.0,0.0,0.17,0.19,0.17,0.0,,,,,,,,,,,,,,,,,True,True,All-rounder
KCB Jeremy (WI),2000-2001,2000.0,2001.0,2.0,6.0,4.0,2.0,17.0,8*,8.0,1.0,8.5,42.0,40.47,0.0,0.0,1.0,2.83,0.0,0.0,21.288,2000-2001,2000,2001,1,6,5.0,192.0,163.0,4.0,Feb-42,40.75,5.09,48.0,0.0,0.0,0.67,0.2,0.53,0.0,,,,,,,,,,,,,,,,,True,True,All-rounder
KCG Benjamin (WI),1992-1996,1992.0,1996.0,5.0,26.0,13.0,7.0,65.0,17,17.0,0.0,10.83,80.0,81.25,0.0,0.0,1.0,2.5,0.0,0.0,38.998,1992-1996,1992,1996,4,26,26.0,1319.0,923.0,33.0,Mar-34,27.96,4.19,39.9,0.0,0.0,1.27,0.24,0.96,0.0,,,,,,,,,,,,,,,,,True,True,All-rounder
KD Boyce (WI),1973-1975,1973.0,1975.0,3.0,8.0,4.0,0.0,57.0,34,34.0,0.0,14.25,77.0,74.02,0.0,0.0,0.0,7.13,0.0,0.0,38.158,1973-1975,1973,1975,2,8,8.0,470.0,313.0,13.0,Apr-50,24.07,3.99,36.1,1.0,0.0,1.63,0.25,1.21,0.0,,,,,,,,,,,,,,,,,True,True,All-rounder
KD Ghavri (INDIA),1975-1981,1975.0,1981.0,7.0,19.0,16.0,6.0,114.0,20,20.0,0.0,11.4,194.0,58.76,0.0,0.0,1.0,6.0,0.0,0.0,30.344,1975-1981,1975,1981,6,19,19.0,1033.0,708.0,15.0,Mar-40,47.2,4.11,68.8,0.0,0.0,0.79,0.24,0.63,0.0,,,,,,,,,,,,,,,,,True,True,All-rounder
KD Karthik (INDIA),2004-2019,2004.0,2019.0,16.0,94.0,79.0,21.0,1752.0,79,79.0,0.0,30.2,2392.0,73.24,0.0,9.0,6.0,18.64,0.0,9.57,47.416,2004-2019,2004,2019,15,94,,,,,-,,,,,,,,,,,,,,,,,,,,,,,,,,True,True,All-rounder
KD Mills (NZ),2001-2015,2001.0,2015.0,15.0,170.0,101.0,34.0,1047.0,54,54.0,0.0,15.62,1282.0,81.66,0.0,2.0,8.0,6.16,0.0,1.18,42.036,2001-2015,2001,2015,14,170,169.0,8230.0,6485.0,240.0,May-25,27.02,4.72,34.2,8.0,1.0,1.41,0.21,1.05,0.006,,,,,,,,,,,,,,,,,True,True,All-rounder
KD Shah (HKG),2014-2018,2014.0,2018.0,5.0,10.0,10.0,1.0,136.0,34*,34.0,1.0,15.11,238.0,57.14,0.0,0.0,2.0,13.6,0.0,0.0,31.922,2014-2018,2014,2018,4,10,3.0,110.0,79.0,7.0,04-Oct,11.28,4.3,15.7,1.0,0.0,0.7,0.23,0.56,0.0,,,,,,,,,,,,,,,,,True,True,All-rounder
KD Walters (AUS),1971-1981,1971.0,1981.0,11.0,28.0,24.0,6.0,513.0,59,59.0,0.0,28.5,732.0,70.08,0.0,2.0,1.0,18.32,0.0,7.14,45.132,1971-1981,1971,1981,10,28,10.0,314.0,273.0,4.0,Feb-24,68.25,5.21,78.5,0.0,0.0,0.14,0.19,0.16,0.0,,,,,,,,,,,,,,,,,True,True,All-rounder
KDK Vithanage (SL),2013-2014,2013.0,2014.0,2.0,6.0,6.0,1.0,75.0,27,27.0,0.0,15.0,90.0,83.33,0.0,0.0,0.0,12.5,0.0,0.0,42.332,2013-2014,2013,2014,1,6,2.0,12.0,17.0,0.0,-,,8.5,,0.0,0.0,0.0,0.12,0.04,0.0,,,,,,,,,,,,,,,,,True,True,All-rounder
KEA Upashantha (SL),1995-2001,1995.0,2001.0,7.0,12.0,8.0,1.0,49.0,15,15.0,0.0,7.0,86.0,56.97,0.0,0.0,0.0,4.08,0.0,0.0,26.988,1995-2001,1995,2001,6,12,12.0,564.0,481.0,12.0,Apr-37,40.08,5.11,47.0,1.0,0.0,1.0,0.2,0.76,0.0,,,,,,,,,,,,,,,,,True,True,All-rounder
KED Carroll (IRE),2007-2007,2007.0,2007.0,1.0,6.0,6.0,0.0,70.0,28,28.0,0.0,11.66,126.0,55.55,0.0,0.0,1.0,11.67,0.0,0.0,29.216,2007-2007,2007,2007,0,6,1.0,6.0,8.0,0.0,-,,8.0,,0.0,0.0,0.0,0.13,0.04,0.0,,,,,,,,,,,,,,,,,True,True,All-rounder
KF Semple (WI),1999-1999,1999.0,1999.0,1.0,7.0,6.0,0.0,64.0,23,23.0,0.0,10.66,165.0,38.78,0.0,0.0,0.0,9.14,0.0,0.0,21.908,1999-1999,1999,1999,0,7,4.0,132.0,121.0,3.0,Feb-35,40.33,5.5,44.0,0.0,0.0,0.43,0.18,0.35,0.0,,,,,,,,,,,,,,,,,True,True,All-rounder
KG Duers (ZIM),1992-1992,1992.0,1992.0,1.0,6.0,2.0,1.0,7.0,5,5.0,0.0,7.0,20.0,35.0,0.0,0.0,0.0,1.17,0.0,0.0,18.2,1992-1992,1992,1992,0,6,6.0,300.0,256.0,3.0,Jan-17,85.33,5.12,100.0,0.0,0.0,0.5,0.2,0.41,0.0,,,,,,,,,,,,,,,,,True,True,All-rounder
KG Perera (SL),,,,,,,,,,,,,,,,,,,,,,1986-1986,1986,1986,0,1,1.0,12.0,15.0,0.0,-,,7.5,,0.0,0.0,0.0,0.13,0.04,0.0,,,,,,,,,,,,,,,,,False,True,Bowler
KH Butt (HKG),2008-2008,2008.0,2008.0,1.0,2.0,2.0,0.0,8.0,4,4.0,0.0,4.0,28.0,28.57,0.0,0.0,0.0,4.0,0.0,0.0,13.828,2008-2008,2008,2008,0,2,,,,,-,,,,,,,,,,,,,,,,,,,,,,,,,,True,True,All-rounder
KH MacLeay (AUS),1983-1987,1983.0,1987.0,5.0,16.0,13.0,2.0,139.0,41,41.0,0.0,12.63,170.0,81.76,0.0,0.0,0.0,8.69,0.0,0.0,40.282,1983-1987,1983,1987,4,16,16.0,857.0,626.0,15.0,Jun-39,41.73,4.38,57.1,0.0,1.0,0.94,0.23,0.72,0.063,,,,,,,,,,,,,,,,,True,True,All-rounder
KHRK Fernando (SL),2002-2006,2002.0,2006.0,5.0,7.0,5.0,3.0,43.0,23*,23.0,1.0,21.5,72.0,59.72,0.0,0.0,0.0,6.14,0.0,0.0,36.788,2002-2006,2002,2006,4,7,7.0,234.0,159.0,6.0,03-Dec,26.5,4.07,39.0,0.0,0.0,0.86,0.25,0.67,0.0,,,,,,,,,,,,,,,,,True,True,All-rounder
KIW Wijegunawardene (SL),1988-1992,1988.0,1992.0,5.0,26.0,12.0,5.0,20.0,8*,8.0,1.0,2.85,55.0,36.36,0.0,0.0,4.0,0.77,0.0,0.0,16.254,1988-1992,1988,1992,4,26,25.0,1186.0,986.0,25.0,Apr-49,39.44,4.98,47.4,1.0,0.0,0.96,0.2,0.73,0.0,,,,,,,,,,,,,,,,,True,True,All-rounder
KJ Abbott (SA),2013-2016,2013.0,2016.0,4.0,28.0,13.0,4.0,76.0,23,23.0,0.0,8.44,126.0,60.31,0.0,0.0,1.0,2.71,0.0,0.0,29.188,2013-2016,2013,2016,3,28,27.0,1303.0,1051.0,34.0,Apr-21,30.91,4.83,38.3,2.0,0.0,1.21,0.21,0.91,0.0,,,,,,,,,,,,,,,,,True,True,All-rounder
KJ Arnott (ZIM),1987-1993,1987.0,1993.0,7.0,13.0,12.0,2.0,238.0,60,60.0,0.0,23.8,491.0,48.47,0.0,3.0,0.0,18.31,0.0,23.08,33.668,1987-1993,1987,1993,6,13,,,,,-,,,,,,,,,,,,,,,,,,,,,,,,,,True,True,All-rounder
KJ Barnett (ENG),1988-1988,1988.0,1988.0,1.0,1.0,1.0,0.0,84.0,84,84.0,0.0,84.0,146.0,57.53,0.0,1.0,0.0,84.0,0.0,100.0,73.412,1988-1988,1988,1988,0,1,,,,,-,,,,,,,,,,,,,,,,,,,,,,,,,,True,True,All-rounder
KJ Coetzer (SCOT),2008-2019,2008.0,2019.0,12.0,59.0,57.0,2.0,2409.0,156,156.0,0.0,43.8,2795.0,86.18,4.0,17.0,5.0,40.83,6.78,28.81,60.752,2008-2019,2008,2019,11,59,7.0,179.0,203.0,1.0,Jan-35,203.0,6.8,179.0,0.0,0.0,0.02,0.15,0.06,0.0,,,,,,,,,,,,,,,,,True,True,All-rounder
KJ Hughes (AUS),1977-1985,1977.0,1985.0,9.0,97.0,88.0,6.0,1968.0,98,98.0,0.0,24.0,2919.0,67.42,0.0,17.0,12.0,20.29,0.0,17.53,41.368,1977-1985,1977,1985,8,97,1.0,1.0,4.0,0.0,-,,24.0,,0.0,0.0,0.0,0.04,0.01,0.0,,,,,,,,,,,,,,,,,True,True,All-rounder
KJ O'Brien (IRE),2006-2019,2006.0,2019.0,14.0,142.0,130.0,17.0,3490.0,142,142.0,0.0,30.88,3922.0,88.98,2.0,18.0,5.0,24.58,1.41,12.68,54.12,2006-2019,2006,2019,13,142,113.0,4224.0,3672.0,113.0,Apr-13,32.49,5.21,37.3,5.0,0.0,0.8,0.19,0.61,0.0,,,,,,,,,,,,,,,,,True,True,All-rounder
KJ O'Keeffe (AUS),1977-1977,1977.0,1977.0,1.0,2.0,2.0,1.0,16.0,16*,16.0,1.0,16.0,38.0,42.1,0.0,0.0,1.0,8.0,0.0,0.0,26.44,1977-1977,1977,1977,0,2,2.0,132.0,79.0,2.0,Jan-36,39.5,3.59,66.0,0.0,0.0,1.0,0.28,0.78,0.0,,,,,,,,,,,,,,,,,True,True,All-rounder
KJ Silva (SL),1995-1995,1995.0,1995.0,1.0,1.0,1.0,1.0,1.0,1*,1.0,1.0,,1.0,100.0,0.0,0.0,0.0,1.0,0.0,0.0,,1995-1995,1995,1995,0,1,1.0,48.0,55.0,0.0,-,,6.87,,0.0,0.0,0.0,0.15,0.04,0.0,,,,,,,,,,,,,,,,,True,True,All-rounder
KJ Wadsworth (NZ),1973-1976,1973.0,1976.0,4.0,13.0,10.0,1.0,258.0,104,104.0,0.0,28.66,334.0,77.24,1.0,0.0,1.0,19.85,7.69,0.0,48.092,1973-1976,1973,1976,3,13,,,,,-,,,,,,,,,,,,,,,,,,,,,,,,,,True,True,All-rounder
KJ Wright (AUS),1979-1979,1979.0,1979.0,1.0,5.0,2.0,0.0,29.0,23,23.0,0.0,14.5,52.0,55.76,0.0,0.0,0.0,5.8,0.0,0.0,31.004,1979-1979,1979,1979,0,5,,,,,-,,,,,,,,,,,,,,,,,,,,,,,,,,True,True,All-rounder
KJJ van Noortwijk (NL),1996-2003,1996.0,2003.0,8.0,9.0,9.0,2.0,322.0,134*,134.0,1.0,46.0,428.0,75.23,1.0,1.0,1.0,35.78,11.11,11.11,57.692,1996-2003,1996,2003,7,9,,,,,-,,,,,,,,,,,,,,,,,,,,,,,,,,True,True,All-rounder
KK Ahmed (INDIA),2018-2019,2018.0,2019.0,2.0,11.0,3.0,1.0,9.0,5,5.0,0.0,4.5,17.0,52.94,0.0,0.0,0.0,0.82,0.0,0.0,23.876,2018-2019,2018,2019,1,11,11.0,480.0,465.0,15.0,Mar-13,31.0,5.81,32.0,0.0,0.0,1.36,0.17,1.01,0.0,,,,,,,,,,,,,,,,,True,True,All-rounder
KK Nair (INDIA),2016-2016,2016.0,2016.0,1.0,2.0,2.0,0.0,46.0,39,39.0,0.0,23.0,88.0,52.27,0.0,0.0,0.0,23.0,0.0,0.0,34.708,2016-2016,2016,2016,0,2,,,,,-,,,,,,,,,,,,,,,,,,,,,,,,,,True,True,All-rounder
KL Rahul (INDIA),2016-2019,2016.0,2019.0,4.0,26.0,25.0,4.0,889.0,111,111.0,0.0,42.33,1098.0,80.96,3.0,5.0,2.0,34.19,11.54,19.23,57.782,2016-2019,2016,2019,3,26,,,,,-,,,,,,,,,,,,,,,,,,,,,,,,,,True,True,All-rounder
KL Tucker (BMUDA),2006-2007,2006.0,2007.0,2.0,12.0,12.0,2.0,95.0,34,34.0,0.0,9.5,246.0,38.61,0.0,0.0,1.0,7.92,0.0,0.0,21.144,2006-2007,2006,2007,1,12,,,,,-,,,,,,,,,,,,,,,,,,,,,,,,,,True,True,All-rounder
KLT Arthurton (WI),1988-1999,1988.0,1999.0,12.0,105.0,93.0,20.0,1904.0,84,84.0,0.0,26.08,2822.0,67.46,0.0,9.0,12.0,18.13,0.0,8.57,42.632,1988-1999,1988,1999,11,105,44.0,1384.0,1159.0,42.0,Apr-31,27.59,5.02,32.9,3.0,0.0,0.4,0.2,0.34,0.0,,,,,,,,,,,,,,,,,True,True,All-rounder
KM Curran (ZIM),1983-1987,1983.0,1987.0,5.0,11.0,11.0,0.0,287.0,73,73.0,0.0,26.09,430.0,66.74,0.0,2.0,1.0,26.09,0.0,18.18,42.35,1983-1987,1983,1987,4,11,10.0,506.0,398.0,9.0,Mar-65,44.22,4.71,56.2,0.0,0.0,0.82,0.21,0.64,0.0,,,,,,,,,,,,,,,,,True,True,All-rounder
KM Dabengwa (ZIM),2005-2010,2005.0,2010.0,6.0,37.0,34.0,7.0,514.0,45,45.0,0.0,19.03,851.0,60.39,0.0,0.0,4.0,13.89,0.0,0.0,35.574,2005-2010,2005,2010,5,37,35.0,1109.0,936.0,23.0,Mar-15,40.69,5.06,48.2,0.0,0.0,0.62,0.2,0.49,0.0,,,,,,,,,,,,,,,,,True,True,All-rounder
KM Jadhav (INDIA),2014-2019,2014.0,2019.0,6.0,71.0,50.0,18.0,1354.0,120,120.0,0.0,42.31,1325.0,102.18,2.0,6.0,2.0,19.07,2.82,8.45,66.258,2014-2019,2014,2019,5,71,42.0,1187.0,1020.0,27.0,Mar-23,37.77,5.15,43.9,0.0,0.0,0.38,0.19,0.32,0.0,,,,,,,,,,,,,,,,,True,True,All-rounder
KM Jarvis (ZIM),2009-2019,2009.0,2019.0,11.0,49.0,33.0,10.0,222.0,37,37.0,0.0,9.65,337.0,65.87,0.0,0.0,4.0,4.53,0.0,0.0,32.138,2009-2019,2009,2019,10,49,49.0,2362.0,2088.0,58.0,Apr-17,36.0,5.3,40.7,2.0,0.0,1.18,0.19,0.89,0.0,,,,,,,,,,,,,,,,,True,True,All-rounder
KMA Paul (WI),2018-2019,2018.0,2019.0,2.0,16.0,11.0,3.0,161.0,46,46.0,0.0,20.12,194.0,82.98,0.0,0.0,1.0,10.06,0.0,0.0,45.264,2018-2019,2018,2019,1,16,16.0,740.0,737.0,20.0,Mar-44,36.85,5.97,37.0,0.0,0.0,1.25,0.17,0.93,0.0,,,,,,,,,,,,,,,,,True,True,All-rounder
KMC Bandara (SL),2016-2016,2016.0,2016.0,1.0,1.0,1.0,1.0,1.0,1*,1.0,1.0,,3.0,33.33,0.0,0.0,0.0,1.0,0.0,0.0,,2016-2016,2016,2016,0,1,1.0,60.0,83.0,1.0,Jan-83,83.0,8.3,60.0,0.0,0.0,1.0,0.12,0.74,0.0,,,,,,,,,,,,,,,,,True,True,All-rounder
KMDN Kulasekara (SL),2003-2017,2003.0,2017.0,15.0,184.0,123.0,37.0,1327.0,73,73.0,0.0,15.43,1629.0,81.46,0.0,4.0,13.0,7.21,0.0,2.17,41.842,2003-2017,2003,2017,14,184,181.0,8263.0,6751.0,199.0,May-22,33.92,4.9,41.5,4.0,1.0,1.08,0.2,0.82,0.005,,,,,,,,,,,,,,,,,True,True,All-rounder
KN Amalean (SL),1986-1988,1986.0,1988.0,3.0,8.0,3.0,1.0,15.0,9,9.0,0.0,7.5,26.0,57.69,0.0,0.0,0.0,1.88,0.0,0.0,27.576,1986-1988,1986,1988,2,8,8.0,318.0,207.0,9.0,Apr-46,23.0,3.9,35.3,1.0,0.0,1.13,0.26,0.86,0.0,,,,,,,,,,,,,,,,,True,True,All-rounder
KO Meth (ZIM),2006-2012,2006.0,2012.0,7.0,11.0,8.0,0.0,106.0,53,53.0,0.0,13.25,183.0,57.92,0.0,1.0,2.0,9.64,0.0,9.09,31.118,2006-2012,2006,2012,6,11,9.0,406.0,419.0,6.0,Feb-52,69.83,6.19,67.6,0.0,0.0,0.55,0.16,0.43,0.0,,,,,,,,,,,,,,,,,True,True,All-rounder
KO Otieno (KENYA),1996-2009,1996.0,2009.0,14.0,90.0,87.0,1.0,2016.0,144,144.0,0.0,23.44,3561.0,56.61,2.0,12.0,12.0,22.4,2.22,13.33,36.708,1996-2009,1996,2009,13,90,1.0,6.0,5.0,0.0,-,,5.0,,0.0,0.0,0.0,0.2,0.06,0.0,,,,,,,,,,,,,,,,,True,True,All-rounder
KOA Powell (WI),2009-2018,2009.0,2018.0,10.0,46.0,44.0,0.0,1005.0,83,83.0,0.0,22.84,1278.0,78.63,0.0,9.0,4.0,21.85,0.0,19.57,45.156,2009-2018,2009,2018,9,46,,,,,-,,,,,,,,,,,,,,,,,,,,,,,,,,True,True,All-rounder
KOK Williams (WI),2017-2018,2017.0,2018.0,2.0,8.0,5.0,4.0,19.0,16*,16.0,1.0,19.0,27.0,70.37,0.0,0.0,0.0,2.38,0.0,0.0,39.548,2017-2018,2017,2018,1,8,7.0,330.0,293.0,9.0,Apr-43,32.55,5.32,36.6,1.0,0.0,1.13,0.19,0.84,0.0,,,,,,,,,,,,,,,,,True,True,All-rounder
KP Meiyappan (UAE),2019-2019,2019.0,2019.0,1.0,2.0,1.0,0.0,0.0,0,0.0,0.0,0.0,1.0,0.0,0.0,0.0,1.0,0.0,0.0,0.0,0.0,2019-2019,2019,2019,0,2,2.0,108.0,78.0,2.0,Feb-39,39.0,4.33,54.0,0.0,0.0,1.0,0.23,0.77,0.0,,,,,,,,,,,,,,,,,True,True,All-rounder
KP Pietersen (ENG/ICC),2004-2013,2004.0,2013.0,10.0,136.0,125.0,16.0,4440.0,130,130.0,0.0,40.73,5128.0,86.58,9.0,25.0,7.0,32.65,6.62,18.38,59.07,2004-2013,2004,2013,9,136,23.0,400.0,370.0,7.0,Feb-22,52.85,5.55,57.1,0.0,0.0,0.05,0.18,0.09,0.0,,,,,,,,,,,,,,,,,True,True,All-rounder
KP Walmsley (NZ),,,,,,,,,,,,,,,,,,,,,,2003-2003,2003,2003,0,2,2.0,120.0,117.0,2.0,Jan-53,58.5,5.85,60.0,0.0,0.0,1.0,0.17,0.75,0.0,,,,,,,,,,,,,,,,,False,True,Bowler
KPJ Warnaweera (SL),1990-1993,1990.0,1993.0,4.0,6.0,3.0,3.0,1.0,1*,1.0,1.0,,11.0,9.09,0.0,0.0,0.0,0.17,0.0,0.0,,1990-1993,1990,1993,3,6,6.0,294.0,200.0,6.0,Feb-24,33.33,4.08,49.0,0.0,0.0,1.0,0.25,0.77,0.0,,,,,,,,,,,,,,,,,True,True,All-rounder
KR Pushpakumara (SL),1994-1999,1994.0,1999.0,6.0,31.0,9.0,5.0,36.0,14*,14.0,1.0,9.0,52.0,69.23,0.0,0.0,2.0,1.16,0.0,0.0,33.092,1994-1999,1994,1999,5,31,31.0,1430.0,1181.0,24.0,Mar-25,49.2,4.95,59.5,0.0,0.0,0.77,0.2,0.6,0.0,,,,,,,,,,,,,,,,,True,True,All-rounder
KR Rutherford (NZ),1985-1995,1985.0,1995.0,11.0,121.0,115.0,9.0,3143.0,108,108.0,0.0,29.65,4888.0,64.3,2.0,18.0,6.0,25.98,1.65,14.88,43.51,1985-1995,1985,1995,10,121,17.0,389.0,323.0,10.0,Feb-39,32.3,4.98,38.9,0.0,0.0,0.08,0.2,0.12,0.0,,,,,,,,,,,,,,,,,True,True,All-rounder
KR Stackpole (AUS),1971-1974,1971.0,1974.0,4.0,6.0,6.0,0.0,224.0,61,61.0,0.0,37.33,387.0,57.88,0.0,3.0,0.0,37.33,0.0,50.0,45.55,1971-1974,1971,1974,3,6,2.0,77.0,54.0,3.0,Mar-40,18.0,4.2,25.6,0.0,0.0,0.5,0.24,0.42,0.0,,,,,,,,,,,,,,,,,True,True,All-rounder
KS Lokuarachchi (SL),2003-2007,2003.0,2007.0,5.0,21.0,18.0,3.0,210.0,69,69.0,0.0,14.0,262.0,80.15,0.0,1.0,2.0,10.0,0.0,4.76,40.46,2003-2007,2003,2007,4,21,21.0,1011.0,725.0,31.0,Apr-44,23.38,4.3,32.6,1.0,0.0,1.48,0.23,1.1,0.0,,,,,,,,,,,,,,,,,True,True,All-rounder
KS More (INDIA),1984-1993,1984.0,1993.0,10.0,94.0,65.0,22.0,563.0,42*,42.0,1.0,13.09,808.0,69.67,0.0,0.0,5.0,5.99,0.0,0.0,35.722,1984-1993,1984,1993,9,94,,,,,-,,,,,,,,,,,,,,,,,,,,,,,,,,True,True,All-rounder
KS Williamson (NZ),2010-2019,2010.0,2019.0,10.0,149.0,142.0,14.0,6132.0,148,148.0,0.0,47.9,7494.0,81.82,13.0,39.0,5.0,41.15,8.72,26.17,61.468,2010-2019,2010,2019,9,149,65.0,1467.0,1310.0,37.0,Apr-22,35.4,5.35,39.6,1.0,0.0,0.25,0.19,0.23,0.0,,,,,,,,,,,,,,,,,True,True,All-rounder
KSC de Silva (SL),1996-2000,1996.0,2000.0,5.0,38.0,19.0,13.0,39.0,13*,13.0,1.0,6.5,92.0,42.39,0.0,0.0,4.0,1.03,0.0,0.0,20.856,1996-2000,1996,2000,4,38,37.0,1619.0,1323.0,52.0,Mar-18,25.44,4.9,31.1,0.0,0.0,1.37,0.2,1.02,0.0,,,,,,,,,,,,,,,,,True,True,All-rounder
KT Sandher (CAN),2006-2007,2006.0,2007.0,2.0,15.0,10.0,4.0,35.0,12,12.0,0.0,5.83,107.0,32.71,0.0,0.0,1.0,2.33,0.0,0.0,16.582,2006-2007,2006,2007,1,15,15.0,696.0,569.0,18.0,Mar-24,31.61,4.9,38.6,0.0,0.0,1.2,0.2,0.9,0.0,,,,,,,,,,,,,,,,,True,True,All-rounder
KTGD Prasad (SL),2006-2015,2006.0,2015.0,10.0,24.0,12.0,6.0,129.0,31*,31.0,1.0,21.5,146.0,88.35,0.0,0.0,1.0,5.38,0.0,0.0,48.24,2006-2015,2006,2015,9,24,24.0,1015.0,976.0,32.0,Mar-17,30.5,5.76,31.7,0.0,0.0,1.33,0.17,0.99,0.0,,,,,,,,,,,,,,,,,True,True,All-rounder
KV Sharma (INDIA),,,,,,,,,,,,,,,,,,,,,,2014-2014,2014,2014,0,2,2.0,114.0,125.0,0.0,-,,6.57,,0.0,0.0,0.0,0.15,0.05,0.0,,,,,,,,,,,,,,,,,False,True,Bowler
KW Richardson (AUS),2013-2019,2013.0,2019.0,7.0,22.0,10.0,5.0,51.0,19,19.0,0.0,10.2,56.0,91.07,0.0,0.0,2.0,2.32,0.0,0.0,42.548,2013-2019,2013,2019,6,22,22.0,1143.0,1061.0,34.0,May-68,31.2,5.56,33.6,0.0,1.0,1.55,0.18,1.14,0.045,,,,,,,,,,,,,,,,,True,True,All-rounder
KWR Fletcher (ENG),1971-1982,1971.0,1982.0,12.0,24.0,22.0,3.0,757.0,131,131.0,0.0,39.84,1134.0,66.75,1.0,5.0,0.0,31.54,4.17,20.83,50.604,1971-1982,1971,1982,11,24,,,,,-,,,,,,,,,,,,,,,,,,,,,,,,,,True,True,All-rounder
Kabir Ali (ENG),2003-2006,2003.0,2006.0,4.0,14.0,9.0,3.0,93.0,39*,39.0,1.0,15.5,108.0,86.11,0.0,0.0,2.0,6.64,0.0,0.0,43.744,2003-2006,2003,2006,3,14,13.0,673.0,682.0,20.0,Apr-45,34.1,6.08,33.6,1.0,0.0,1.43,0.16,1.05,0.0,,,,,,,,,,,,,,,,,True,True,All-rounder
Kabir Khan (PAK),1994-2000,1994.0,2000.0,7.0,10.0,5.0,4.0,10.0,5,5.0,0.0,10.0,25.0,40.0,0.0,0.0,0.0,1.0,0.0,0.0,22.0,1994-2000,1994,2000,6,10,9.0,371.0,303.0,12.0,Feb-23,25.25,4.9,30.9,0.0,0.0,1.2,0.2,0.9,0.0,,,,,,,,,,,,,,,,,True,True,All-rounder
Kaleemullah (OMAN),2019-2019,2019.0,2019.0,1.0,3.0,1.0,0.0,0.0,0,0.0,0.0,0.0,2.0,0.0,0.0,0.0,1.0,0.0,0.0,0.0,0.0,2019-2019,2019,2019,0,3,3.0,90.0,84.0,0.0,-,,5.6,,0.0,0.0,0.0,0.18,0.05,0.0,,,,,,,,,,,,,,,,,True,True,All-rounder
Kamran Akmal (PAK),2002-2017,2002.0,2017.0,16.0,157.0,138.0,14.0,3236.0,124,124.0,0.0,26.09,3855.0,83.94,5.0,10.0,10.0,20.61,3.18,6.37,49.23,2002-2017,2002,2017,15,157,,,,,-,,,,,,,,,,2002-2017,2002.0,2017.0,15.0,157.0,154.0,188.0,157.0,31.0,156.0,1.0,,1.22,1.0,1.2,0.2,True,True,All-rounder
Kamran Hussain (PAK),2008-2008,2008.0,2008.0,1.0,2.0,1.0,1.0,28.0,28*,28.0,1.0,,21.0,133.33,0.0,0.0,0.0,14.0,0.0,0.0,,2008-2008,2008,2008,0,2,2.0,102.0,67.0,3.0,Feb-32,22.33,3.94,34.0,0.0,0.0,1.5,0.25,1.13,0.0,,,,,,,,,,,,,,,,,True,True,All-rounder
Kamran Shazad (UAE),2014-2015,2014.0,2015.0,2.0,4.0,3.0,1.0,22.0,13,13.0,0.0,11.0,25.0,88.0,0.0,0.0,1.0,5.5,0.0,0.0,41.8,2014-2015,2014,2015,1,4,4.0,222.0,209.0,7.0,Mar-41,29.85,5.64,31.7,0.0,0.0,1.75,0.18,1.28,0.0,,,,,,,,,,,,,,,,,True,True,All-rounder
Karan KC (NEPAL),2018-2019,2018.0,2019.0,2.0,5.0,4.0,0.0,21.0,18,18.0,0.0,5.25,23.0,91.3,0.0,0.0,2.0,4.2,0.0,0.0,39.67,2018-2019,2018,2019,1,5,5.0,234.0,199.0,5.0,Feb-31,39.8,5.1,46.8,0.0,0.0,1.0,0.2,0.76,0.0,,,,,,,,,,,,,,,,,True,True,All-rounder
Karim Janat (AFG),2017-2017,2017.0,2017.0,1.0,1.0,1.0,0.0,9.0,9,9.0,0.0,9.0,33.0,27.27,0.0,0.0,0.0,9.0,0.0,0.0,16.308,2017-2017,2017,2017,0,1,1.0,24.0,31.0,0.0,-,,7.75,,0.0,0.0,0.0,0.13,0.04,0.0,,,,,,,,,,,,,,,,,True,True,All-rounder
Karim Sadiq (AFG),2009-2016,2009.0,2016.0,8.0,24.0,22.0,2.0,475.0,114*,114.0,1.0,23.75,587.0,80.91,2.0,0.0,3.0,19.79,8.33,0.0,46.614,2009-2016,2009,2016,7,24,12.0,320.0,201.0,6.0,02-Oct,33.5,3.76,53.3,0.0,0.0,0.25,0.27,0.25,0.0,,,,,,,,,,,,,,,,,True,True,All-rounder
Kashif Raza (PAK),2001-2001,2001.0,2001.0,1.0,1.0,1.0,1.0,2.0,2*,2.0,1.0,,2.0,100.0,0.0,0.0,0.0,2.0,0.0,0.0,,2001-2001,2001,2001,0,1,1.0,30.0,36.0,1.0,Jan-36,36.0,7.2,30.0,0.0,0.0,1.0,0.14,0.74,0.0,,,,,,,,,,,,,,,,,True,True,All-rounder
Khaled Mahmud (BDESH),1998-2006,1998.0,2006.0,9.0,77.0,72.0,3.0,991.0,50,50.0,0.0,14.36,1461.0,67.83,0.0,1.0,9.0,12.87,0.0,1.3,35.748,1998-2006,1998,2006,8,77,75.0,3385.0,2865.0,67.0,Apr-19,42.76,5.07,50.5,1.0,0.0,0.87,0.2,0.67,0.0,,,,,,,,,,,,,,,,,True,True,All-rounder
Khaled Mashud (BDESH),1995-2006,1995.0,2006.0,12.0,126.0,110.0,27.0,1818.0,71*,71.0,1.0,21.9,3315.0,54.84,0.0,7.0,8.0,14.43,0.0,5.56,35.076,1995-2006,1995,2006,11,126,,,,,-,,,,,,,,,,1995-2006,1995.0,2006.0,11.0,126.0,126.0,126.0,91.0,35.0,91.0,0.0,,1.0,0.72,1.0,0.28,True,True,All-rounder
Khalid Khan (HKG),2004-2004,2004.0,2004.0,1.0,2.0,2.0,0.0,5.0,3,3.0,0.0,2.5,8.0,62.5,0.0,0.0,0.0,2.5,0.0,0.0,26.5,2004-2004,2004,2004,0,2,2.0,108.0,93.0,3.0,Feb-62,31.0,5.16,36.0,0.0,0.0,1.5,0.19,1.11,0.0,,,,,,,,,,,,,,,,,True,True,All-rounder
Khalid Latif (PAK),2008-2010,2008.0,2010.0,3.0,5.0,5.0,0.0,147.0,64,64.0,0.0,29.4,228.0,64.47,0.0,1.0,1.0,29.4,0.0,20.0,43.428,2008-2010,2008,2010,2,5,,,,,-,,,,,,,,,,,,,,,,,,,,,,,,,,True,True,All-rounder
Khaliq Dad (AFG),2009-2010,2009.0,2010.0,2.0,6.0,4.0,1.0,40.0,20,20.0,0.0,13.33,69.0,57.97,0.0,0.0,1.0,6.67,0.0,0.0,31.186,2009-2010,2009,2010,1,6,6.0,252.0,150.0,9.0,Mar-30,16.66,3.57,28.0,0.0,0.0,1.5,0.28,1.13,0.0,,,,,,,,,,,,,,,,,True,True,All-rounder
Khawar Ali (OMAN),2019-2019,2019.0,2019.0,1.0,5.0,5.0,1.0,128.0,79*,79.0,1.0,32.0,256.0,50.0,0.0,1.0,0.0,25.6,0.0,20.0,39.2,2019-2019,2019,2019,0,5,5.0,258.0,188.0,10.0,Apr-23,18.8,4.37,25.8,1.0,0.0,2.0,0.23,1.47,0.0,,,,,,,,,,,,,,,,,True,True,All-rounder
Khurram Chohan (CAN),2009-2014,2009.0,2014.0,6.0,25.0,19.0,6.0,165.0,35*,35.0,1.0,12.69,285.0,57.89,0.0,0.0,2.0,6.6,0.0,0.0,30.77,2009-2014,2009,2014,5,25,24.0,1186.0,1029.0,36.0,May-68,28.58,5.2,32.9,3.0,1.0,1.44,0.19,1.07,0.04,,,,,,,,,,,,,,,,,True,True,All-rounder
Khurram Khan (UAE),2004-2015,2004.0,2015.0,12.0,16.0,16.0,2.0,582.0,132*,132.0,1.0,41.57,725.0,80.27,1.0,3.0,0.0,36.38,6.25,18.75,57.05,2004-2015,2004,2015,11,16,11.0,498.0,432.0,12.0,Apr-32,36.0,5.2,41.5,1.0,0.0,0.75,0.19,0.58,0.0,,,,,,,,,,,,,,,,,True,True,All-rounder
Khurram Manzoor (PAK),2008-2009,2008.0,2009.0,2.0,7.0,7.0,0.0,236.0,83,83.0,0.0,33.71,375.0,62.93,0.0,3.0,1.0,33.71,0.0,42.86,45.398,2008-2009,2008,2009,1,7,,,,,-,,,,,,,,,,,,,,,,,,,,,,,,,,True,True,All-rounder
Khurram Nawaz (OMAN),2019-2019,2019.0,2019.0,1.0,3.0,2.0,1.0,26.0,17*,17.0,1.0,26.0,49.0,53.06,0.0,0.0,0.0,8.67,0.0,0.0,36.824,2019-2019,2019,2019,0,3,,,,,-,,,,,,,,,,,,,,,,,,,,,,,,,,True,True,All-rounder
Krishna Chandran (UAE),2014-2016,2014.0,2016.0,3.0,12.0,10.0,2.0,134.0,43,43.0,0.0,16.75,274.0,48.9,0.0,0.0,3.0,11.17,0.0,0.0,29.61,2014-2016,2014,2016,2,12,11.0,418.0,431.0,7.0,Mar-45,61.57,6.18,59.7,0.0,0.0,0.58,0.16,0.46,0.0,,,,,,,,,,,,,,,,,True,True,All-rounder
Kuldeep Yadav (INDIA),2017-2019,2017.0,2019.0,3.0,56.0,20.0,12.0,101.0,19,19.0,0.0,12.62,173.0,58.38,0.0,0.0,1.0,1.8,0.0,0.0,30.924,2017-2019,2017,2019,2,56,54.0,2952.0,2455.0,99.0,Jun-25,24.79,4.98,29.8,4.0,1.0,1.77,0.2,1.3,0.018,,,,,,,,,,,,,,,,,True,True,All-rounder
L Balaji (INDIA),2002-2009,2002.0,2009.0,8.0,30.0,16.0,6.0,120.0,21*,21.0,1.0,12.0,152.0,78.94,0.0,0.0,2.0,4.0,0.0,0.0,38.776,2002-2009,2002,2009,7,30,30.0,1447.0,1344.0,34.0,Apr-48,39.52,5.57,42.5,1.0,0.0,1.13,0.18,0.85,0.0,,,,,,,,,,,,,,,,,True,True,All-rounder
L Klusener (SA),1996-2004,1996.0,2004.0,9.0,171.0,137.0,50.0,3576.0,103*,103.0,1.0,41.1,3977.0,89.91,2.0,19.0,13.0,20.91,1.17,11.11,60.624,1996-2004,1996,2004,8,171,164.0,7336.0,5751.0,192.0,Jun-49,29.95,4.7,38.2,1.0,6.0,1.12,0.21,0.85,0.035,,,,,,,,,,,,,,,,,True,True,All-rounder
L Ngidi (SA),2018-2019,2018.0,2019.0,2.0,22.0,9.0,6.0,47.0,19*,19.0,1.0,15.66,66.0,71.21,0.0,0.0,0.0,2.14,0.0,0.0,37.88,2018-2019,2018,2019,1,22,22.0,1026.0,947.0,41.0,Apr-51,23.09,5.53,25.0,2.0,0.0,1.86,0.18,1.36,0.0,,,,,,,,,,,,,,,,,True,True,All-rounder
L Ronchi (AUS/NZ),2008-2017,2008.0,2017.0,10.0,85.0,68.0,9.0,1397.0,170*,170.0,1.0,23.67,1220.0,114.5,1.0,4.0,7.0,16.44,1.18,4.71,60.002,2008-2017,2008,2017,9,85,,,,,-,,,,,,,,,,2008-2017,2008.0,2017.0,9.0,85.0,83.0,117.0,105.0,12.0,105.0,0.0,,1.409,1.24,1.38,0.14,True,True,All-rounder
L Siaka (PNG),2014-2019,2014.0,2019.0,6.0,25.0,25.0,0.0,471.0,109,109.0,0.0,18.84,626.0,75.23,1.0,1.0,4.0,18.84,4.0,4.0,41.396,2014-2019,2014,2019,5,25,11.0,204.0,146.0,3.0,Feb-33,48.66,4.29,68.0,0.0,0.0,0.12,0.23,0.15,0.0,,,,,,,,,,,,,,,,,True,True,All-rounder
L Sivaramakrishnan (INDIA),1985-1987,1985.0,1987.0,3.0,16.0,4.0,2.0,5.0,2*,2.0,1.0,2.5,24.0,20.83,0.0,0.0,0.0,0.31,0.0,0.0,9.832,1985-1987,1985,1987,2,16,16.0,756.0,538.0,15.0,Mar-35,35.86,4.26,50.4,0.0,0.0,0.94,0.23,0.73,0.0,,,,,,,,,,,,,,,,,True,True,All-rounder
L Sreekumar (UAE),2015-2016,2015.0,2016.0,2.0,4.0,4.0,0.0,61.0,28,28.0,0.0,15.25,73.0,83.56,0.0,0.0,0.0,15.25,0.0,0.0,42.574,2015-2016,2015,2016,1,4,,,,,-,,,,,,,,,,,,,,,,,,,,,,,,,,True,True,All-rounder
L Vincent (NZ),2001-2007,2001.0,2007.0,7.0,102.0,99.0,10.0,2413.0,172,172.0,0.0,27.11,3453.0,69.88,3.0,11.0,8.0,23.66,2.94,10.78,44.218,2001-2007,2001,2007,6,102,3.0,20.0,25.0,1.0,1/0,25.0,7.5,20.0,0.0,0.0,0.01,0.13,0.05,0.0,,,,,,,,,,,,,,,,,True,True,All-rounder
LA Dawson (ENG),2016-2018,2016.0,2018.0,3.0,3.0,2.0,0.0,14.0,10,10.0,0.0,7.0,17.0,82.35,0.0,0.0,0.0,4.67,0.0,0.0,37.14,2016-2018,2016,2018,2,3,2.0,84.0,96.0,3.0,Feb-70,32.0,6.85,28.0,0.0,0.0,1.0,0.15,0.74,0.0,,,,,,,,,,,,,,,,,True,True,All-rounder
LB Taylor (ENG),1986-1986,1986.0,1986.0,1.0,2.0,1.0,1.0,1.0,1*,1.0,1.0,,6.0,16.66,0.0,0.0,0.0,0.5,0.0,0.0,,1986-1986,1986,1986,0,2,2.0,84.0,47.0,0.0,-,,3.35,,0.0,0.0,0.0,0.3,0.09,0.0,,,,,,,,,,,,,,,,,True,True,All-rounder
LC Romero (USA),2004-2004,2004.0,2004.0,1.0,2.0,2.0,0.0,1.0,1,1.0,0.0,0.5,7.0,14.28,0.0,0.0,1.0,0.5,0.0,0.0,6.012,2004-2004,2004,2004,0,2,1.0,24.0,52.0,1.0,Jan-52,52.0,13.0,24.0,0.0,0.0,0.5,0.08,0.37,0.0,,,,,,,,,,,,,,,,,True,True,All-rounder
LD Chandimal (SL),2010-2019,2010.0,2019.0,10.0,146.0,132.0,21.0,3599.0,111,111.0,0.0,32.42,4855.0,74.12,4.0,22.0,11.0,24.65,2.74,15.07,49.1,2010-2019,2010,2019,9,146,,,,,-,,,,,,,,,,,,,,,,,,,,,,,,,,True,True,All-rounder
LD Madushanka (SL),2017-2017,2017.0,2017.0,1.0,4.0,4.0,1.0,14.0,7,7.0,0.0,4.66,26.0,53.84,0.0,0.0,1.0,3.5,0.0,0.0,24.332,2017-2017,2017,2017,0,4,4.0,144.0,172.0,4.0,Feb-70,43.0,7.16,36.0,0.0,0.0,1.0,0.14,0.74,0.0,,,,,,,,,,,,,,,,,True,True,All-rounder
LE Bosman (Afr/SA),2006-2010,2006.0,2010.0,5.0,14.0,12.0,0.0,301.0,88,88.0,0.0,25.08,305.0,98.68,0.0,2.0,2.0,21.5,0.0,14.29,54.52,2006-2010,2006,2010,4,14,,,,,-,,,,,,,,,,,,,,,,,,,,,,,,,,True,True,All-rounder
LE Plunkett (ENG),2005-2019,2005.0,2019.0,15.0,89.0,50.0,19.0,646.0,56,56.0,0.0,20.83,629.0,102.7,0.0,1.0,3.0,7.26,0.0,1.12,53.578,2005-2019,2005,2019,14,89,87.0,4137.0,4010.0,135.0,May-52,29.7,5.81,30.6,6.0,1.0,1.52,0.17,1.11,0.011,,,,,,,,,,,,,,,,,True,True,All-rounder
LG Howell (NZ),1998-1998,1998.0,1998.0,1.0,12.0,12.0,0.0,287.0,68,68.0,0.0,23.91,388.0,73.96,0.0,4.0,1.0,23.92,0.0,33.33,43.93,1998-1998,1998,1998,0,12,,,,,-,,,,,,,,,,,,,,,,,,,,,,,,,,True,True,All-rounder
LG Rowe (WI),1975-1980,1975.0,1980.0,6.0,11.0,8.0,0.0,136.0,60,60.0,0.0,17.0,244.0,55.73,0.0,1.0,0.0,12.36,0.0,9.09,32.492,1975-1980,1975,1980,5,11,,,,,-,,,,,,,,,,,,,,,,,,,,,,,,,,True,True,All-rounder
LH Ferguson (NZ),2016-2019,2016.0,2019.0,4.0,36.0,15.0,7.0,62.0,19,19.0,0.0,7.75,125.0,49.6,0.0,0.0,4.0,1.72,0.0,0.0,24.49,2016-2019,2016,2019,3,36,36.0,1902.0,1719.0,67.0,May-45,25.65,5.42,28.3,2.0,1.0,1.86,0.18,1.36,0.028,,,,,,,,,,,,,,,,,True,True,All-rounder
LHD Dilhara (SL),2005-2013,2005.0,2013.0,9.0,9.0,9.0,0.0,83.0,29,29.0,0.0,9.22,107.0,77.57,0.0,0.0,1.0,9.22,0.0,0.0,36.56,2005-2013,2005,2013,8,9,8.0,330.0,261.0,6.0,Feb-30,43.5,4.74,55.0,0.0,0.0,0.67,0.21,0.53,0.0,,,,,,,,,,,,,,,,,True,True,All-rounder
LJ Burger (NAM),2003-2003,2003.0,2003.0,1.0,6.0,6.0,1.0,11.0,5,5.0,0.0,2.2,62.0,17.74,0.0,0.0,2.0,1.83,0.0,0.0,8.416,2003-2003,2003,2003,0,6,6.0,330.0,297.0,6.0,Mar-39,49.5,5.4,55.0,0.0,0.0,1.0,0.19,0.76,0.0,,,,,,,,,,,,,,,,,True,True,All-rounder
LJ Hamilton (NZ),2005-2005,2005.0,2005.0,1.0,2.0,2.0,2.0,3.0,2*,2.0,1.0,,6.0,50.0,0.0,0.0,0.0,1.5,0.0,0.0,,2005-2005,2005,2005,0,2,2.0,108.0,143.0,1.0,Jan-76,143.0,7.94,108.0,0.0,0.0,0.5,0.13,0.39,0.0,,,,,,,,,,,,,,,,,True,True,All-rounder
LJ Koen (SA),1997-2000,1997.0,2000.0,4.0,5.0,5.0,0.0,82.0,28,28.0,0.0,16.4,169.0,48.52,0.0,0.0,1.0,16.4,0.0,0.0,29.248,1997-2000,1997,2000,3,5,,,,,-,,,,,,,,,,,,,,,,,,,,,,,,,,True,True,All-rounder
LJ Tucker (IRE),2019-2019,2019.0,2019.0,1.0,5.0,5.0,1.0,94.0,56,56.0,0.0,23.5,103.0,91.26,0.0,1.0,1.0,18.8,0.0,20.0,50.604,2019-2019,2019,2019,0,5,,,,,-,,,,,,,,,,,,,,,,,,,,,,,,,,True,True,All-rounder
LJ Woodcock (NZ),2011-2011,2011.0,2011.0,1.0,4.0,2.0,1.0,14.0,11,11.0,0.0,14.0,22.0,63.63,0.0,0.0,0.0,3.5,0.0,0.0,33.852,2011-2011,2011,2011,0,4,4.0,164.0,155.0,3.0,Feb-58,51.66,5.67,54.6,0.0,0.0,0.75,0.18,0.58,0.0,,,,,,,,,,,,,,,,,True,True,All-rounder
LJ Wright (ENG),2007-2014,2007.0,2014.0,8.0,50.0,39.0,4.0,707.0,52,52.0,0.0,20.2,820.0,86.21,0.0,2.0,5.0,14.14,0.0,4.0,46.604,2007-2014,2007,2014,7,50,37.0,1038.0,884.0,15.0,Feb-34,58.93,5.1,69.2,0.0,0.0,0.3,0.2,0.27,0.0,,,,,,,,,,,,,,,,,True,True,All-rounder
LK Germon (NZ),1994-1997,1994.0,1997.0,4.0,37.0,31.0,5.0,519.0,89,89.0,0.0,19.96,787.0,65.94,0.0,3.0,2.0,14.03,0.0,8.11,38.352,1994-1997,1994,1997,3,37,,,,,-,,,,,,,,,,,,,,,,,,,,,,,,,,True,True,All-rounder
LL Tsotsobe (SA),2009-2013,2009.0,2013.0,5.0,61.0,21.0,13.0,56.0,16*,16.0,1.0,7.0,109.0,51.37,0.0,0.0,3.0,0.92,0.0,0.0,24.748,2009-2013,2009,2013,4,61,60.0,2964.0,2347.0,94.0,Apr-22,24.96,4.75,31.5,7.0,0.0,1.54,0.21,1.14,0.0,,,,,,,,,,,,,,,,,True,True,All-rounder
LM Jongwe (ZIM),2014-2016,2014.0,2016.0,3.0,22.0,19.0,3.0,236.0,46,46.0,0.0,14.75,303.0,77.88,0.0,0.0,2.0,10.73,0.0,0.0,40.002,2014-2016,2014,2016,2,22,22.0,863.0,759.0,25.0,05-Jun,30.36,5.27,34.5,0.0,1.0,1.14,0.19,0.85,0.045,,,,,,,,,,,,,,,,,True,True,All-rounder
LMP Simmons (WI),2006-2015,2006.0,2015.0,10.0,68.0,65.0,3.0,1958.0,122,122.0,0.0,31.58,2680.0,73.05,2.0,16.0,9.0,28.79,2.94,23.53,48.168,2006-2015,2006,2015,9,68,12.0,156.0,172.0,1.0,01-Mar,172.0,6.61,156.0,0.0,0.0,0.01,0.15,0.06,0.0,,,,,,,,,,,,,,,,,True,True,All-rounder
LN Oluoch (KENYA),2011-2011,2011.0,2011.0,1.0,2.0,2.0,1.0,6.0,5*,5.0,1.0,6.0,6.0,100.0,0.0,0.0,0.0,3.0,0.0,0.0,43.6,2011-2011,2011,2011,0,2,2.0,96.0,79.0,5.0,Mar-41,15.8,4.93,19.2,0.0,0.0,2.5,0.2,1.81,0.0,,,,,,,,,,,,,,,,,True,True,All-rounder
LN Onyango (KENYA),1996-2014,1996.0,2014.0,19.0,29.0,18.0,7.0,144.0,34*,34.0,1.0,13.09,188.0,76.59,0.0,0.0,2.0,4.97,0.0,0.0,38.49,1996-2014,1996,2014,18,29,28.0,995.0,981.0,26.0,Mar-29,37.73,5.91,38.2,0.0,0.0,0.9,0.17,0.68,0.0,,,,,,,,,,,,,,,,,True,True,All-rounder
LN Rajbanshi (NEPAL),2019-2019,2019.0,2019.0,1.0,3.0,2.0,2.0,5.0,3*,3.0,1.0,,20.0,25.0,0.0,0.0,0.0,1.67,0.0,0.0,,2019-2019,2019,2019,0,3,1.0,42.0,33.0,0.0,-,,4.71,,0.0,0.0,0.0,0.21,0.06,0.0,,,,,,,,,,,,,,,,,True,True,All-rounder
LN Roche (ZIM),2018-2018,2018.0,2018.0,1.0,3.0,2.0,0.0,4.0,4,4.0,0.0,2.0,10.0,40.0,0.0,0.0,1.0,1.33,0.0,0.0,17.2,2018-2018,2018,2018,0,3,3.0,138.0,157.0,2.0,Jan-54,78.5,6.82,69.0,0.0,0.0,0.67,0.15,0.51,0.0,,,,,,,,,,,,,,,,,True,True,All-rounder
LO Tikolo (KENYA),1996-1996,1996.0,1996.0,1.0,3.0,2.0,2.0,36.0,25*,25.0,1.0,,75.0,48.0,0.0,0.0,0.0,12.0,0.0,0.0,,1996-1996,1996,1996,0,3,3.0,48.0,55.0,0.0,-,,6.87,,0.0,0.0,0.0,0.15,0.04,0.0,,,,,,,,,,,,,,,,,True,True,All-rounder
LOB Cann (BMUDA),2006-2009,2006.0,2009.0,4.0,26.0,25.0,3.0,590.0,52,52.0,0.0,26.81,504.0,117.06,0.0,1.0,3.0,22.69,0.0,3.85,62.91,2006-2009,2006,2009,3,26,4.0,100.0,129.0,1.0,Jan-34,129.0,7.74,100.0,0.0,0.0,0.04,0.13,0.07,0.0,,,,,,,,,,,,,,,,,True,True,All-rounder
LP van Troost (NL),2002-2007,2002.0,2007.0,6.0,23.0,20.0,2.0,284.0,40,40.0,0.0,15.77,456.0,62.28,0.0,0.0,2.0,12.35,0.0,0.0,34.374,2002-2007,2002,2007,5,23,11.0,246.0,280.0,4.0,Feb-29,70.0,6.82,61.5,0.0,0.0,0.17,0.15,0.17,0.0,,,,,,,,,,,,,,,,,True,True,All-rounder
LPC Silva (SL),1999-2011,1999.0,2011.0,13.0,75.0,62.0,7.0,1587.0,107*,107.0,1.0,28.85,2254.0,70.4,1.0,13.0,6.0,21.16,1.33,17.33,45.47,1999-2011,1999,2011,12,75,2.0,42.0,33.0,1.0,Jan-21,33.0,4.71,42.0,0.0,0.0,0.01,0.21,0.07,0.0,,,,,,,,,,,,,,,,,True,True,All-rounder
LR Gibbs (WI),1973-1975,1973.0,1975.0,3.0,3.0,1.0,1.0,0.0,0*,0.0,1.0,,0.0,,0.0,0.0,0.0,0.0,0.0,0.0,,1973-1975,1973,1975,2,3,3.0,156.0,59.0,2.0,01-Dec,29.5,2.26,78.0,0.0,0.0,0.67,0.44,0.6,0.0,,,,,,,,,,,,,,,,,True,True,All-rounder
LR Johnson (WI),2008-2015,2008.0,2015.0,8.0,6.0,6.0,0.0,98.0,51,51.0,0.0,16.33,175.0,56.0,0.0,1.0,1.0,16.33,0.0,16.67,32.198,2008-2015,2008,2015,7,6,,,,,-,,,,,,,,,,,,,,,,,,,,,,,,,,True,True,All-rounder
LR Shukla (INDIA),1999-1999,1999.0,1999.0,1.0,3.0,2.0,0.0,18.0,13,13.0,0.0,9.0,19.0,94.73,0.0,0.0,0.0,6.0,0.0,0.0,43.292,1999-1999,1999,1999,0,3,3.0,114.0,94.0,1.0,Jan-25,94.0,4.94,114.0,0.0,0.0,0.33,0.2,0.29,0.0,,,,,,,,,,,,,,,,,True,True,All-rounder
LR Williams (WI),1996-2001,1996.0,2001.0,6.0,15.0,13.0,2.0,124.0,41,41.0,0.0,11.27,186.0,66.66,0.0,0.0,2.0,8.27,0.0,0.0,33.426,1996-2001,1996,2001,5,15,15.0,659.0,556.0,18.0,Mar-16,30.88,5.06,36.6,0.0,0.0,1.2,0.2,0.9,0.0,,,,,,,,,,,,,,,,,True,True,All-rounder
LRD Mendis (SL),1975-1989,1975.0,1989.0,15.0,79.0,74.0,9.0,1527.0,80,80.0,0.0,23.49,2034.0,75.07,0.0,7.0,4.0,19.33,0.0,8.86,44.122,1975-1989,1975,1989,14,79,,,,,-,,,,,,,,,,,,,,,,,,,,,,,,,,True,True,All-rounder
LRPL Taylor (NZ),2006-2019,2006.0,2019.0,14.0,228.0,212.0,37.0,8376.0,181*,181.0,1.0,47.86,10091.0,83.0,20.0,50.0,9.0,36.74,8.77,21.93,61.916,2006-2019,2006,2019,13,228,4.0,42.0,35.0,0.0,-,,5.0,,0.0,0.0,0.0,0.2,0.06,0.0,2006-2019,2006.0,2019.0,13.0,228.0,224.0,137.0,137.0,0.0,0.0,137.0,,0.611,0.6,0.6,0.0,True,True,All-rounder
LS Baker (WI),2008-2009,2008.0,2009.0,2.0,10.0,4.0,2.0,13.0,11*,11.0,1.0,6.5,23.0,56.52,0.0,0.0,1.0,1.3,0.0,0.0,26.508,2008-2009,2008,2009,1,10,9.0,426.0,355.0,11.0,Mar-47,32.27,5.0,38.7,0.0,0.0,1.1,0.2,0.83,0.0,,,,,,,,,,,,,,,,,True,True,All-rounder
LS Bhandari (NEPAL),2018-2018,2018.0,2018.0,1.0,1.0,1.0,1.0,4.0,4*,4.0,1.0,,9.0,44.44,0.0,0.0,0.0,4.0,0.0,0.0,,2018-2018,2018,2018,0,1,1.0,54.0,43.0,2.0,Feb-43,21.5,4.77,27.0,0.0,0.0,2.0,0.21,1.46,0.0,,,,,,,,,,,,,,,,,True,True,All-rounder
LS Pascoe (AUS),1977-1982,1977.0,1982.0,6.0,29.0,11.0,7.0,39.0,15*,15.0,1.0,9.75,102.0,38.23,0.0,0.0,2.0,1.34,0.0,0.0,21.142,1977-1982,1977,1982,5,29,28.0,1568.0,1066.0,53.0,May-30,20.11,4.07,29.5,4.0,1.0,1.83,0.25,1.35,0.034,,,,,,,,,,,,,,,,,True,True,All-rounder
LS Rajput (INDIA),1985-1987,1985.0,1987.0,3.0,4.0,4.0,1.0,9.0,8,8.0,0.0,3.0,31.0,29.03,0.0,0.0,2.0,2.25,0.0,0.0,13.412,1985-1987,1985,1987,2,4,2.0,42.0,42.0,0.0,-,,6.0,,0.0,0.0,0.0,0.17,0.05,0.0,,,,,,,,,,,,,,,,,True,True,All-rounder
LV Garrick (WI),2001-2001,2001.0,2001.0,1.0,3.0,3.0,0.0,99.0,76,76.0,0.0,33.0,204.0,48.52,0.0,1.0,0.0,33.0,0.0,33.33,39.208,2001-2001,2001,2001,0,3,,,,,-,,,,,,,,,,,,,,,,,,,,,,,,,,True,True,All-rounder
LW Stokkers (NL),2008-2008,2008.0,2008.0,1.0,1.0,1.0,1.0,15.0,15*,15.0,1.0,,40.0,37.5,0.0,0.0,0.0,15.0,0.0,0.0,,2008-2008,2008,2008,0,1,,,,,-,,,,,,,,,,,,,,,,,,,,,,,,,,True,True,All-rounder
LW Stott (NZ),,,,,,,,,,,,,,,,,,,,,,1979-1979,1979,1979,0,1,1.0,72.0,48.0,3.0,Mar-48,16.0,4.0,24.0,0.0,0.0,3.0,0.25,2.18,0.0,,,,,,,,,,,,,,,,,False,True,Bowler
LWS Kaluperuma (SL),1975-1982,1975.0,1982.0,8.0,4.0,3.0,3.0,33.0,14*,14.0,1.0,,60.0,55.0,0.0,0.0,0.0,8.25,0.0,0.0,,1975-1982,1975,1982,7,4,4.0,208.0,137.0,2.0,Jan-35,68.5,3.95,104.0,0.0,0.0,0.5,0.25,0.43,0.0,,,,,,,,,,,,,,,,,True,True,All-rounder
Liaqat Ali (PAK),1977-1978,1977.0,1978.0,2.0,3.0,1.0,0.0,7.0,7,7.0,0.0,7.0,31.0,22.58,0.0,0.0,0.0,2.33,0.0,0.0,13.232,1977-1978,1977,1978,1,3,3.0,188.0,111.0,2.0,Jan-41,55.5,3.54,94.0,0.0,0.0,0.67,0.28,0.55,0.0,,,,,,,,,,,,,,,,,True,True,All-rounder
Liton Das (BDESH),2015-2019,2015.0,2019.0,5.0,33.0,33.0,2.0,768.0,121,121.0,0.0,24.77,871.0,88.17,1.0,3.0,4.0,23.27,3.03,9.09,50.13,2015-2019,2015,2019,4,33,,,,,-,,,,,,,,,,,,,,,,,,,,,,,,,,True,True,All-rounder
M Amarnath (INDIA),1975-1989,1975.0,1989.0,15.0,85.0,75.0,12.0,1924.0,102*,102.0,1.0,30.53,3334.0,57.7,2.0,13.0,2.0,22.64,2.35,15.29,41.398,1975-1989,1975,1989,14,85,64.0,2730.0,1971.0,46.0,03-Dec,42.84,4.33,59.3,0.0,0.0,0.54,0.23,0.45,0.0,,,,,,,,,,,,,,,,,True,True,All-rounder
M Azharuddin (INDIA),1985-2000,1985.0,2000.0,16.0,334.0,308.0,54.0,9378.0,153*,153.0,1.0,36.92,12669.0,74.02,7.0,58.0,9.0,28.08,2.1,17.37,51.76,1985-2000,1985,2000,15,334,24.0,552.0,479.0,12.0,Mar-19,39.91,5.2,46.0,0.0,0.0,0.04,0.19,0.08,0.0,1985-2000,1985.0,2000.0,15.0,334.0,332.0,156.0,156.0,0.0,0.0,156.0,,0.469,0.47,0.47,0.0,True,True,All-rounder
M Bhanuka (SL),2019-2019,2019.0,2019.0,1.0,1.0,1.0,0.0,36.0,36,36.0,0.0,36.0,39.0,92.3,0.0,0.0,0.0,36.0,0.0,0.0,58.52,2019-2019,2019,2019,0,1,,,,,-,,,,,,,,,,,,,,,,,,,,,,,,,,True,True,All-rounder
M Cheruparambil (HKG),2004-2004,2004.0,2004.0,1.0,2.0,2.0,0.0,30.0,30,30.0,0.0,15.0,52.0,57.69,0.0,0.0,1.0,15.0,0.0,0.0,32.076,2004-2004,2004,2004,0,2,,,,,-,,,,,,,,,,,,,,,,,,,,,,,,,,True,True,All-rounder
M Dillon (WI),1997-2005,1997.0,2005.0,9.0,108.0,51.0,20.0,227.0,21*,21.0,1.0,7.32,411.0,55.23,0.0,0.0,9.0,2.1,0.0,0.0,26.484,1997-2005,1997,2005,8,108,107.0,5480.0,4218.0,130.0,May-29,32.44,4.61,42.1,3.0,3.0,1.2,0.22,0.91,0.028,,,,,,,,,,,,,,,,,True,True,All-rounder
M Hayward (SA),1998-2002,1998.0,2002.0,5.0,21.0,5.0,1.0,12.0,4,4.0,0.0,3.0,28.0,42.85,0.0,0.0,1.0,0.57,0.0,0.0,18.94,1998-2002,1998,2002,4,21,21.0,993.0,858.0,21.0,Apr-31,40.85,5.18,47.2,1.0,0.0,1.0,0.19,0.76,0.0,,,,,,,,,,,,,,,,,True,True,All-rounder
M Hendrick (ENG),1973-1981,1973.0,1981.0,9.0,22.0,10.0,5.0,6.0,2*,2.0,1.0,1.2,22.0,27.27,0.0,0.0,3.0,0.27,0.0,0.0,11.628,1973-1981,1973,1981,8,22,22.0,1248.0,681.0,35.0,May-31,19.45,3.27,35.6,2.0,1.0,1.59,0.31,1.21,0.045,,,,,,,,,,,,,,,,,True,True,All-rounder
M Kaif (INDIA),2002-2006,2002.0,2006.0,5.0,125.0,110.0,24.0,2753.0,111*,111.0,1.0,32.01,3822.0,72.03,2.0,17.0,8.0,22.02,1.6,13.6,48.018,2002-2006,2002,2006,4,125,,,,,-,,,,,,,,,,,,,,,,,,,,,,,,,,True,True,All-rounder
M Karg (NAM),2003-2003,2003.0,2003.0,1.0,3.0,2.0,0.0,45.0,41,41.0,0.0,22.5,65.0,69.23,0.0,0.0,0.0,15.0,0.0,0.0,41.192,2003-2003,2003,2003,0,3,,,,,-,,,,,,,,,,,,,,,,,,,,,,,,,,True,True,All-rounder
M Kartik (INDIA),2002-2007,2002.0,2007.0,6.0,37.0,14.0,5.0,126.0,32*,32.0,1.0,14.0,178.0,70.78,0.0,0.0,1.0,3.41,0.0,0.0,36.712,2002-2007,2002,2007,5,37,36.0,1907.0,1612.0,37.0,Jun-27,43.56,5.07,51.5,0.0,1.0,1.0,0.2,0.76,0.027,,,,,,,,,,,,,,,,,True,True,All-rounder
M Mbangwa (ZIM),1996-2002,1996.0,2002.0,7.0,29.0,13.0,6.0,34.0,11,11.0,0.0,4.85,56.0,60.71,0.0,0.0,2.0,1.17,0.0,0.0,27.194,1996-2002,1996,2002,6,29,29.0,1369.0,1140.0,11.0,Feb-24,103.63,4.99,124.4,0.0,0.0,0.38,0.2,0.33,0.0,,,,,,,,,,,,,,,,,True,True,All-rounder
M Morkel (Afr/SA),2007-2018,2007.0,2018.0,12.0,117.0,47.0,18.0,268.0,32*,32.0,1.0,9.24,354.0,75.7,0.0,0.0,9.0,2.29,0.0,0.0,35.824,2007-2018,2007,2018,11,117,114.0,5760.0,4761.0,188.0,May-21,25.32,4.95,30.6,7.0,2.0,1.61,0.2,1.19,0.017,,,,,,,,,,,,,,,,,True,True,All-rounder
M Mulla (CAN),2007-2007,2007.0,2007.0,1.0,1.0,1.0,0.0,1.0,1,1.0,0.0,1.0,11.0,9.09,0.0,0.0,0.0,1.0,0.0,0.0,4.236,2007-2007,2007,2007,0,1,1.0,60.0,64.0,0.0,-,,6.4,,0.0,0.0,0.0,0.16,0.05,0.0,,,,,,,,,,,,,,,,,True,True,All-rounder
M Muralitharan (Asia/ICC/SL),1993-2011,1993.0,2011.0,19.0,350.0,162.0,63.0,674.0,33*,33.0,1.0,6.8,869.0,77.56,0.0,0.0,25.0,1.93,0.0,0.0,35.104,1993-2011,1993,2011,18,350,341.0,18811.0,12326.0,534.0,Jul-30,23.08,3.93,35.2,15.0,10.0,1.53,0.25,1.14,0.029,1993-2011,1993.0,2011.0,18.0,350.0,347.0,130.0,130.0,0.0,0.0,130.0,,0.374,0.37,0.37,0.0,True,True,All-rounder
M Ntini (ICC/SA),1998-2009,1998.0,2009.0,12.0,173.0,47.0,24.0,199.0,42*,42.0,1.0,8.65,298.0,66.77,0.0,0.0,9.0,1.15,0.0,0.0,31.898,1998-2009,1998,2009,11,173,171.0,8687.0,6559.0,266.0,Jun-22,24.65,4.53,32.6,8.0,4.0,1.54,0.22,1.14,0.023,,,,,,,,,,,,,,,,,True,True,All-rounder
M Panchal (NL),,,,,,,,,,,,,,,,,,,,,,2007-2007,2007,2007,0,1,1.0,30.0,10.0,0.0,-,,2.0,,0.0,0.0,0.0,0.5,0.15,0.0,,,,,,,,,,,,,,,,,False,True,Bowler
M Prabhakar (INDIA),1984-1996,1984.0,1996.0,13.0,130.0,98.0,21.0,1858.0,106,106.0,0.0,24.12,3083.0,60.26,2.0,11.0,8.0,14.29,1.54,8.46,38.576,1984-1996,1984,1996,12,130,127.0,6360.0,4534.0,157.0,May-33,28.87,4.27,40.5,4.0,2.0,1.21,0.23,0.92,0.015,,,,,,,,,,,,,,,,,True,True,All-rounder
M Pushpakumara (SL),2009-2010,2009.0,2010.0,2.0,3.0,1.0,1.0,7.0,7*,7.0,1.0,,19.0,36.84,0.0,0.0,0.0,2.33,0.0,0.0,,2009-2010,2009,2010,1,3,1.0,30.0,21.0,0.0,-,,4.2,,0.0,0.0,0.0,0.24,0.07,0.0,,,,,,,,,,,,,,,,,True,True,All-rounder
M Sheikh (KENYA),1997-2000,1997.0,2000.0,4.0,21.0,15.0,5.0,68.0,15*,15.0,1.0,6.8,123.0,55.28,0.0,0.0,2.0,3.24,0.0,0.0,26.192,1997-2000,1997,2000,3,21,21.0,778.0,625.0,19.0,Apr-36,32.89,4.82,40.9,1.0,0.0,0.9,0.21,0.7,0.0,,,,,,,,,,,,,,,,,True,True,All-rounder
M Shezi (SA),,,,,,,,,,,,,,,,,,,,,,2014-2014,2014,2014,0,1,1.0,36.0,8.0,1.0,01-Aug,8.0,1.33,36.0,0.0,0.0,1.0,0.75,0.93,0.0,,,,,,,,,,,,,,,,,False,True,Bowler
M Smith (BMUDA),,,,,,,,,,,,,,,,,,,,,,2008-2008,2008,2008,0,1,1.0,12.0,14.0,0.0,-,,7.0,,0.0,0.0,0.0,0.14,0.04,0.0,,,,,,,,,,,,,,,,,False,True,Bowler
M Venkataramana (INDIA),1988-1988,1988.0,1988.0,1.0,1.0,1.0,1.0,0.0,0*,0.0,1.0,,0.0,,0.0,0.0,0.0,0.0,0.0,0.0,,1988-1988,1988,1988,0,1,1.0,60.0,36.0,2.0,Feb-36,18.0,3.6,30.0,0.0,0.0,2.0,0.28,1.48,0.0,,,,,,,,,,,,,,,,,True,True,All-rounder
M Vijay (INDIA),2010-2015,2010.0,2015.0,6.0,17.0,16.0,0.0,339.0,72,72.0,0.0,21.18,506.0,66.99,0.0,1.0,0.0,19.94,0.0,5.88,39.504,2010-2015,2010,2015,5,17,2.0,36.0,37.0,1.0,Jan-19,37.0,6.16,36.0,0.0,0.0,0.06,0.16,0.09,0.0,,,,,,,,,,,,,,,,,True,True,All-rounder
M Watkinson (ENG),,,,,,,,,,,,,,,,,,,,,,1996-1996,1996,1996,0,1,1.0,54.0,43.0,0.0,-,,4.77,,0.0,0.0,0.0,0.21,0.06,0.0,,,,,,,,,,,,,,,,,False,True,Bowler
M Yachad (SA),1991-1991,1991.0,1991.0,1.0,1.0,1.0,0.0,31.0,31,31.0,0.0,31.0,77.0,40.25,0.0,0.0,0.0,31.0,0.0,0.0,34.7,1991-1991,1991,1991,0,1,,,,,-,,,,,,,,,,,,,,,,,,,,,,,,,,True,True,All-rounder
M Zondeki (Afr/SA),2002-2008,2002.0,2008.0,7.0,13.0,3.0,2.0,4.0,3*,3.0,1.0,4.0,5.0,80.0,0.0,0.0,1.0,0.31,0.0,0.0,34.4,2002-2008,2002,2008,6,13,12.0,558.0,504.0,11.0,Feb-40,45.81,5.41,50.7,0.0,0.0,0.85,0.18,0.65,0.0,,,,,,,,,,,,,,,,,True,True,All-rounder
M de Lange (SA),,,,,,,,,,,,,,,,,,,,,,2012-2016,2012,2016,4,4,4.0,209.0,198.0,10.0,Apr-46,19.8,5.68,20.9,1.0,0.0,2.5,0.18,1.8,0.0,,,,,,,,,,,,,,,,,False,True,Bowler
M van Jaarsveld (SA),2002-2004,2002.0,2004.0,3.0,11.0,7.0,1.0,124.0,45,45.0,0.0,20.66,169.0,73.37,0.0,0.0,1.0,11.27,0.0,0.0,41.744,2002-2004,2002,2004,2,11,2.0,31.0,18.0,2.0,1/0,9.0,3.48,15.5,0.0,0.0,0.18,0.29,0.21,0.0,,,,,,,,,,,,,,,,,True,True,All-rounder
M van Schoor (NAM),2003-2003,2003.0,2003.0,1.0,5.0,5.0,1.0,58.0,24,24.0,0.0,14.5,111.0,52.25,0.0,0.0,0.0,11.6,0.0,0.0,29.6,2003-2003,2003,2003,0,5,,,,,-,,,,,,,,,,,,,,,,,,,,,,,,,,True,True,All-rounder
MA Aponso (SL),2016-2018,2016.0,2018.0,3.0,9.0,7.0,4.0,10.0,4,4.0,0.0,3.33,45.0,22.22,0.0,0.0,1.0,1.11,0.0,0.0,10.886,2016-2018,2016,2018,2,9,9.0,423.0,377.0,10.0,Apr-18,37.7,5.34,42.3,1.0,0.0,1.11,0.19,0.83,0.0,,,,,,,,,,,,,,,,,True,True,All-rounder
MA Atherton (ENG),1990-1998,1990.0,1998.0,9.0,54.0,54.0,3.0,1791.0,127,127.0,0.0,35.11,3054.0,58.64,2.0,12.0,4.0,33.17,3.7,22.22,44.522,1990-1998,1990,1998,8,54,,,,,-,,,,,,,,,,,,,,,,,,,,,,,,,,True,True,All-rounder
MA Carberry (ENG),2013-2014,2013.0,2014.0,2.0,6.0,6.0,0.0,114.0,63,63.0,0.0,19.0,180.0,63.33,0.0,1.0,0.0,19.0,0.0,16.67,36.732,2013-2014,2013,2014,1,6,1.0,6.0,12.0,0.0,-,,12.0,,0.0,0.0,0.0,0.08,0.03,0.0,,,,,,,,,,,,,,,,,True,True,All-rounder
MA Ealham (ENG),1996-2001,1996.0,2001.0,6.0,64.0,45.0,4.0,716.0,45,45.0,0.0,17.46,1092.0,65.56,0.0,0.0,4.0,11.19,0.0,0.0,36.7,1996-2001,1996,2001,5,64,62.0,3227.0,2197.0,67.0,May-15,32.79,4.08,48.1,1.0,2.0,1.05,0.25,0.81,0.031,,,,,,,,,,,,,,,,,True,True,All-rounder
MA Holding (WI),1976-1987,1976.0,1987.0,12.0,102.0,42.0,11.0,282.0,64,64.0,0.0,9.09,377.0,74.8,0.0,2.0,9.0,2.76,0.0,1.96,35.374,1976-1987,1976,1987,11,102,102.0,5473.0,3034.0,142.0,May-26,21.36,3.32,38.5,5.0,1.0,1.39,0.3,1.06,0.01,,,,,,,,,,,,,,,,,True,True,All-rounder
MA Jones (SCOT),2018-2019,2018.0,2019.0,2.0,8.0,8.0,0.0,281.0,87,87.0,0.0,35.12,401.0,70.07,0.0,3.0,0.0,35.13,0.0,37.5,49.1,2018-2019,2018,2019,1,8,,,,,-,,,,,,,,,,,,,,,,,,,,,,,,,,True,True,All-rounder
MA Leask (SCOT),2014-2019,2014.0,2019.0,6.0,34.0,28.0,6.0,474.0,59*,59.0,1.0,21.54,437.0,108.46,0.0,3.0,1.0,13.94,0.0,8.82,56.308,2014-2019,2014,2019,5,34,31.0,1142.0,1019.0,19.0,Apr-37,53.63,5.35,60.1,1.0,0.0,0.56,0.19,0.45,0.0,,,,,,,,,,,,,,,,,True,True,All-rounder
MA Lynch (ENG),1988-1988,1988.0,1988.0,1.0,3.0,3.0,0.0,8.0,6,6.0,0.0,2.66,32.0,25.0,0.0,0.0,1.0,2.67,0.0,0.0,11.596,1988-1988,1988,1988,0,3,,,,,-,,,,,,,,,,,,,,,,,,,,,,,,,,True,True,All-rounder
MA Meman (ZIM),1987-1987,1987.0,1987.0,1.0,1.0,1.0,0.0,19.0,19,19.0,0.0,19.0,22.0,86.36,0.0,0.0,0.0,19.0,0.0,0.0,45.944,1987-1987,1987,1987,0,1,1.0,41.0,34.0,0.0,-,,4.97,,0.0,0.0,0.0,0.2,0.06,0.0,,,,,,,,,,,,,,,,,True,True,All-rounder
MA Ouma (KENYA),2004-2014,2004.0,2014.0,11.0,80.0,77.0,5.0,1501.0,61,61.0,0.0,20.84,2525.0,59.44,0.0,7.0,6.0,18.76,0.0,8.75,36.28,2004-2014,2004,2014,10,80,,,,,-,,,,,,,,,,,,,,,,,,,,,,,,,,True,True,All-rounder
MA Parker (SCOT),2010-2010,2010.0,2010.0,1.0,10.0,8.0,2.0,59.0,22,22.0,0.0,9.83,104.0,56.73,0.0,0.0,0.0,5.9,0.0,0.0,28.59,2010-2010,2010,2010,0,10,10.0,414.0,327.0,12.0,Apr-33,27.25,4.73,34.5,1.0,0.0,1.2,0.21,0.9,0.0,,,,,,,,,,,,,,,,,True,True,All-rounder
MA Small (WI),,,,,,,,,,,,,,,,,,,,,,1984-1984,1984,1984,0,2,2.0,84.0,54.0,1.0,Jan-40,54.0,3.85,84.0,0.0,0.0,0.5,0.26,0.43,0.0,,,,,,,,,,,,,,,,,False,True,Bowler
MA Starc (AUS),2010-2019,2010.0,2019.0,10.0,85.0,46.0,18.0,348.0,52*,52.0,1.0,12.42,389.0,89.46,0.0,1.0,7.0,4.09,0.0,1.18,43.236,2010-2019,2010,2019,9,85,85.0,4315.0,3611.0,172.0,Jun-28,20.99,5.02,25.0,11.0,7.0,2.02,0.2,1.48,0.082,,,,,,,,,,,,,,,,,True,True,All-rounder
MA Suji (KENYA),1996-2006,1996.0,2006.0,11.0,64.0,52.0,22.0,247.0,16*,16.0,1.0,8.23,526.0,46.95,0.0,0.0,9.0,3.86,0.0,0.0,23.718,1996-2006,1996,2006,10,64,64.0,2952.0,2190.0,43.0,Apr-24,50.93,4.45,68.6,1.0,0.0,0.67,0.22,0.54,0.0,,,,,,,,,,,,,,,,,True,True,All-rounder
MA Taylor (AUS),1989-1997,1989.0,1997.0,9.0,113.0,110.0,1.0,3514.0,105,105.0,0.0,32.23,5909.0,59.46,1.0,28.0,4.0,31.1,0.88,24.78,43.122,1989-1997,1989,1997,8,113,,,,,-,,,,,,,,,,,,,,,,,,,,,,,,,,True,True,All-rounder
MA Vermeulen (ZIM),2000-2009,2000.0,2009.0,10.0,43.0,43.0,4.0,868.0,92,92.0,0.0,22.25,1227.0,70.74,0.0,6.0,4.0,20.19,0.0,13.95,41.646,2000-2009,2000,2009,9,43,1.0,5.0,5.0,1.0,01-May,5.0,6.0,5.0,0.0,0.0,0.02,0.17,0.07,0.0,,,,,,,,,,,,,,,,,True,True,All-rounder
MA Wood (ENG),2015-2019,2015.0,2019.0,5.0,51.0,17.0,10.0,56.0,13,13.0,0.0,8.0,63.0,88.88,0.0,0.0,3.0,1.1,0.0,0.0,40.352,2015-2019,2015,2019,4,51,50.0,2585.0,2385.0,61.0,Apr-33,39.09,5.53,42.3,2.0,0.0,1.2,0.18,0.89,0.0,,,,,,,,,,,,,,,,,True,True,All-rounder
MAR Samarasekera (SL),1983-1994,1983.0,1994.0,12.0,39.0,39.0,2.0,844.0,76,76.0,0.0,22.81,1207.0,69.92,0.0,4.0,2.0,21.64,0.0,10.26,41.654,1983-1994,1983,1994,11,39,11.0,338.0,291.0,0.0,-,,5.16,,0.0,0.0,0.0,0.19,0.06,0.0,,,,,,,,,,,,,,,,,True,True,All-rounder
MAWR Madurasinghe (SL),1988-1992,1988.0,1992.0,5.0,12.0,6.0,4.0,21.0,8*,8.0,1.0,10.5,62.0,33.87,0.0,0.0,0.0,1.75,0.0,0.0,19.848,1988-1992,1988,1992,4,12,11.0,480.0,358.0,5.0,01-Nov,71.6,4.47,96.0,0.0,0.0,0.42,0.22,0.36,0.0,,,,,,,,,,,,,,,,,True,True,All-rounder
MB Loye (ENG),2007-2007,2007.0,2007.0,1.0,7.0,7.0,0.0,142.0,45,45.0,0.0,20.28,184.0,77.17,0.0,0.0,1.0,20.29,0.0,0.0,43.036,2007-2007,2007,2007,0,7,,,,,-,,,,,,,,,,,,,,,,,,,,,,,,,,True,True,All-rounder
MB Owens (NZ),1992-1992,1992.0,1992.0,1.0,1.0,1.0,0.0,0.0,0,0.0,0.0,0.0,3.0,0.0,0.0,0.0,1.0,0.0,0.0,0.0,0.0,1992-1992,1992,1992,0,1,1.0,48.0,37.0,0.0,-,,4.62,,0.0,0.0,0.0,0.22,0.06,0.0,,,,,,,,,,,,,,,,,True,True,All-rounder
MBS Jonkman (NL),2006-2010,2006.0,2010.0,5.0,16.0,9.0,4.0,59.0,16,16.0,0.0,11.8,79.0,74.68,0.0,0.0,1.0,3.69,0.0,0.0,36.952,2006-2010,2006,2010,4,16,16.0,719.0,565.0,24.0,Mar-24,23.54,4.71,29.9,0.0,0.0,1.5,0.21,1.11,0.0,,,,,,,,,,,,,,,,,True,True,All-rounder
MC Cowdrey (ENG),1971-1971,1971.0,1971.0,1.0,1.0,1.0,0.0,1.0,1,1.0,0.0,1.0,5.0,20.0,0.0,0.0,0.0,1.0,0.0,0.0,8.6,1971-1971,1971,1971,0,1,,,,,-,,,,,,,,,,,,,,,,,,,,,,,,,,True,True,All-rounder
MC Henriques (AUS),2009-2017,2009.0,2017.0,9.0,11.0,10.0,1.0,81.0,18,18.0,0.0,9.0,119.0,68.06,0.0,0.0,0.0,7.36,0.0,0.0,32.624,2009-2017,2009,2017,8,11,10.0,354.0,306.0,7.0,Mar-32,43.71,5.18,50.5,0.0,0.0,0.64,0.19,0.5,0.0,,,,,,,,,,,,,,,,,True,True,All-rounder
MC Mendis (SL),1995-1995,1995.0,1995.0,1.0,1.0,1.0,1.0,3.0,3*,3.0,1.0,,2.0,150.0,0.0,0.0,0.0,3.0,0.0,0.0,,1995-1995,1995,1995,0,1,,,,,-,,,,,,,,,,,,,,,,,,,,,,,,,,True,True,All-rounder
MC Snedden (NZ),1980-1990,1980.0,1990.0,11.0,93.0,54.0,19.0,535.0,64,64.0,0.0,15.28,843.0,63.46,0.0,1.0,4.0,5.75,0.0,1.08,34.552,1980-1990,1980,1990,10,93,90.0,4525.0,3237.0,114.0,Apr-34,28.39,4.29,39.6,1.0,0.0,1.23,0.23,0.93,0.0,,,,,,,,,,,,,,,,,True,True,All-rounder
MC Sorensen (IRE),2013-2016,2013.0,2016.0,4.0,13.0,8.0,2.0,125.0,31,31.0,0.0,20.83,155.0,80.64,0.0,0.0,0.0,9.62,0.0,0.0,44.754,2013-2016,2013,2016,3,13,12.0,543.0,520.0,16.0,Apr-40,32.5,5.74,33.9,1.0,0.0,1.23,0.17,0.91,0.0,,,,,,,,,,,,,,,,,True,True,All-rounder
MD Bailey (NZ),,,,,,,,,,,,,,,,,,,,,,1998-1998,1998,1998,0,1,,,,,-,,,,,,,,,,,,,,,,,,,,,,,,,,False,True,Bowler
MD Bates (NZ),2012-2012,2012.0,2012.0,1.0,2.0,1.0,0.0,13.0,13,13.0,0.0,13.0,10.0,130.0,0.0,0.0,0.0,6.5,0.0,0.0,59.8,2012-2012,2012,2012,0,2,2.0,84.0,52.0,2.0,Jan-24,26.0,3.71,42.0,0.0,0.0,1.0,0.27,0.78,0.0,,,,,,,,,,,,,,,,,True,True,All-rounder
MD Bell (NZ),1998-2001,1998.0,2001.0,4.0,7.0,7.0,0.0,133.0,66,66.0,0.0,19.0,268.0,49.62,0.0,1.0,0.0,19.0,0.0,14.29,31.248,1998-2001,1998,2001,3,7,,,,,-,,,,,,,,,,,,,,,,,,,,,,,,,,True,True,All-rounder
MD Crowe (NZ),1982-1995,1982.0,1995.0,14.0,143.0,140.0,18.0,4704.0,107*,107.0,1.0,38.55,6476.0,72.63,4.0,34.0,3.0,32.9,2.8,23.78,52.182,1982-1995,1982,1995,13,143,46.0,1296.0,954.0,29.0,02-Sep,32.89,4.41,44.6,0.0,0.0,0.2,0.23,0.21,0.0,,,,,,,,,,,,,,,,,True,True,All-rounder
MD Dai (PNG),2014-2018,2014.0,2018.0,5.0,18.0,18.0,2.0,454.0,76*,76.0,1.0,28.37,585.0,77.6,0.0,3.0,1.0,25.22,0.0,16.67,48.062,2014-2018,2014,2018,4,18,18.0,954.0,675.0,18.0,Mar-58,37.5,4.24,53.0,0.0,0.0,1.0,0.24,0.77,0.0,,,,,,,,,,,,,,,,,True,True,All-rounder
MD Gunathilaka (SL),2015-2019,2015.0,2019.0,5.0,38.0,37.0,1.0,1249.0,133,133.0,0.0,34.69,1454.0,85.9,2.0,8.0,1.0,32.87,5.26,21.05,55.174,2015-2019,2015,2019,4,38,18.0,306.0,296.0,6.0,Mar-48,49.33,5.8,51.0,0.0,0.0,0.16,0.17,0.16,0.0,,,,,,,,,,,,,,,,,True,True,All-rounder
MD Marshall (WI),1980-1992,1980.0,1992.0,13.0,136.0,83.0,19.0,955.0,66,66.0,0.0,14.92,1246.0,76.64,0.0,2.0,5.0,7.02,0.0,1.47,39.608,1980-1992,1980,1992,12,136,134.0,7175.0,4233.0,157.0,Apr-18,26.96,3.53,45.7,6.0,0.0,1.15,0.28,0.89,0.0,,,,,,,,,,,,,,,,,True,True,All-rounder
MD Moxon (ENG),1985-1988,1985.0,1988.0,4.0,8.0,8.0,0.0,174.0,70,70.0,0.0,21.75,325.0,53.53,0.0,1.0,1.0,21.75,0.0,12.5,34.462,1985-1988,1985,1988,3,8,,,,,-,,,,,,,,,,,,,,,,,,,,,,,,,,True,True,All-rounder
MD Patel (USA),2019-2019,2019.0,2019.0,1.0,9.0,9.0,1.0,260.0,82,82.0,0.0,32.5,392.0,66.32,0.0,2.0,3.0,28.89,0.0,22.22,46.028,2019-2019,2019,2019,0,9,,,,,-,,,,,,,,,,,,,,,,,,,,,,,,,,True,True,All-rounder
MD Shanaka (SL),2016-2019,2016.0,2019.0,4.0,22.0,19.0,1.0,468.0,68,68.0,0.0,26.0,404.0,115.84,0.0,3.0,1.0,21.27,0.0,13.64,61.936,2016-2019,2016,2019,3,22,12.0,282.0,274.0,10.0,May-43,27.4,5.82,28.2,0.0,1.0,0.45,0.17,0.37,0.045,,,,,,,,,,,,,,,,,True,True,All-rounder
MD Wettimuny (SL),1983-1983,1983.0,1983.0,1.0,1.0,1.0,0.0,2.0,2,2.0,0.0,2.0,11.0,18.18,0.0,0.0,0.0,2.0,0.0,0.0,8.472,1983-1983,1983,1983,0,1,,,,,-,,,,,,,,,,,,,,,,,,,,,,,,,,True,True,All-rounder
MDJ Walker (NZ),2003-2003,2003.0,2003.0,1.0,3.0,1.0,0.0,10.0,10,10.0,0.0,10.0,6.0,166.66,0.0,0.0,0.0,3.33,0.0,0.0,72.664,2003-2003,2003,2003,0,3,3.0,132.0,119.0,4.0,Apr-49,29.75,5.4,33.0,1.0,0.0,1.33,0.19,0.99,0.0,,,,,,,,,,,,,,,,,True,True,All-rounder
MDK Perera (SL),2007-2018,2007.0,2018.0,12.0,13.0,12.0,0.0,152.0,30,30.0,0.0,12.66,199.0,76.38,0.0,0.0,0.0,11.69,0.0,0.0,38.148,2007-2018,2007,2018,11,13,10.0,456.0,409.0,13.0,Mar-48,31.46,5.38,35.0,0.0,0.0,1.0,0.19,0.76,0.0,,,,,,,,,,,,,,,,,True,True,All-rounder
MDKJ Perera (SL),2013-2019,2013.0,2019.0,7.0,98.0,93.0,5.0,2739.0,135,135.0,0.0,31.12,2945.0,93.0,5.0,14.0,8.0,27.95,5.1,14.29,55.872,2013-2019,2013,2019,6,98,,,,,-,,,,,,,,,,,,,,,,,,,,,,,,,,True,True,All-rounder
ME Trescothick (ENG),2000-2006,2000.0,2006.0,7.0,123.0,122.0,6.0,4335.0,137,137.0,0.0,37.37,5087.0,85.21,12.0,21.0,13.0,35.24,9.76,17.07,56.506,2000-2006,2000,2006,6,123,13.0,232.0,219.0,4.0,02-Jul,54.75,5.66,58.0,0.0,0.0,0.03,0.18,0.08,0.0,,,,,,,,,,,,,,,,,True,True,All-rounder
ME Waugh (AUS),1988-2002,1988.0,2002.0,15.0,244.0,236.0,20.0,8500.0,173,173.0,0.0,39.35,11053.0,76.9,18.0,50.0,16.0,34.84,7.38,20.49,54.37,1988-2002,1988,2002,14,244,120.0,3687.0,2938.0,85.0,May-24,34.56,4.78,43.3,1.0,1.0,0.35,0.21,0.31,0.004,,,,,,,,,,,,,,,,,True,True,All-rounder
MEK Hussey (AUS),2004-2012,2004.0,2012.0,9.0,185.0,157.0,44.0,5442.0,109*,109.0,1.0,48.15,6243.0,87.16,3.0,39.0,3.0,29.42,1.62,21.08,63.754,2004-2012,2004,2012,8,185,13.0,240.0,235.0,2.0,Jan-22,117.5,5.87,120.0,0.0,0.0,0.01,0.17,0.06,0.0,,,,,,,,,,,,,,,,,True,True,All-rounder
MF Kent (AUS),1981-1981,1981.0,1981.0,1.0,5.0,5.0,1.0,78.0,33,33.0,0.0,19.5,133.0,58.64,0.0,0.0,0.0,15.6,0.0,0.0,35.156,1981-1981,1981,1981,0,5,,,,,-,,,,,,,,,,,,,,,,,,,,,,,,,,True,True,All-rounder
MF Maharoof (SL),2004-2016,2004.0,2016.0,13.0,109.0,75.0,18.0,1113.0,69*,69.0,1.0,19.52,1294.0,86.01,0.0,2.0,3.0,10.21,0.0,1.83,46.116,2004-2016,2004,2016,12,109,105.0,4640.0,3789.0,135.0,Jun-14,28.06,4.89,34.3,4.0,2.0,1.24,0.2,0.93,0.018,,,,,,,,,,,,,,,,,True,True,All-rounder
MF Malone (AUS),1977-1982,1977.0,1982.0,6.0,10.0,7.0,3.0,36.0,15*,15.0,1.0,9.0,63.0,57.14,0.0,0.0,0.0,3.6,0.0,0.0,28.256,1977-1982,1977,1982,5,10,10.0,612.0,315.0,11.0,02-Sep,28.63,3.08,55.6,0.0,0.0,1.1,0.32,0.87,0.0,,,,,,,,,,,,,,,,,True,True,All-rounder
MG Bevan (AUS),1994-2004,1994.0,2004.0,11.0,232.0,196.0,67.0,6912.0,108*,108.0,1.0,53.58,9320.0,74.16,6.0,46.0,5.0,29.79,2.59,19.83,61.812,1994-2004,1994,2004,10,232,67.0,1966.0,1655.0,36.0,Mar-36,45.97,5.05,54.6,0.0,0.0,0.16,0.2,0.17,0.0,,,,,,,,,,,,,,,,,True,True,All-rounder
MG Burgess (NZ),1973-1981,1973.0,1981.0,9.0,26.0,20.0,0.0,336.0,47,47.0,0.0,16.8,515.0,65.24,0.0,0.0,1.0,12.92,0.0,0.0,36.176,1973-1981,1973,1981,8,26,3.0,74.0,69.0,1.0,01-Oct,69.0,5.59,74.0,0.0,0.0,0.04,0.18,0.08,0.0,,,,,,,,,,,,,,,,,True,True,All-rounder
MG Burmester (ZIM),1992-1995,1992.0,1995.0,4.0,8.0,7.0,1.0,109.0,39,39.0,0.0,18.16,207.0,52.65,0.0,0.0,0.0,13.63,0.0,0.0,31.956,1992-1995,1992,1995,3,8,7.0,209.0,213.0,5.0,Mar-36,42.6,6.11,41.8,0.0,0.0,0.63,0.16,0.49,0.0,,,,,,,,,,,,,,,,,True,True,All-rounder
MG Erasmus (NAM),2019-2019,2019.0,2019.0,1.0,5.0,5.0,0.0,126.0,88,88.0,0.0,25.2,169.0,74.55,0.0,1.0,1.0,25.2,0.0,20.0,44.94,2019-2019,2019,2019,0,5,3.0,96.0,65.0,0.0,-,,4.06,,0.0,0.0,0.0,0.25,0.07,0.0,,,,,,,,,,,,,,,,,True,True,All-rounder
MG Hughes (AUS),1988-1993,1988.0,1993.0,6.0,33.0,17.0,8.0,100.0,20,20.0,0.0,11.11,134.0,74.62,0.0,0.0,3.0,3.03,0.0,0.0,36.514,1988-1993,1988,1993,5,33,33.0,1639.0,1115.0,38.0,Apr-44,29.34,4.08,43.1,1.0,0.0,1.15,0.25,0.88,0.0,,,,,,,,,,,,,,,,,True,True,All-rounder
MG Johnson (AUS),2005-2015,2005.0,2015.0,11.0,153.0,91.0,32.0,951.0,73*,73.0,1.0,16.11,987.0,96.35,0.0,2.0,6.0,6.22,0.0,1.31,48.206,2005-2015,2005,2015,10,153,150.0,7489.0,6038.0,239.0,Jun-31,25.26,4.83,31.3,9.0,3.0,1.56,0.21,1.16,0.02,,,,,,,,,,,,,,,,,True,True,All-rounder
MG Neser (AUS),2018-2018,2018.0,2018.0,1.0,2.0,2.0,0.0,8.0,6,6.0,0.0,4.0,16.0,50.0,0.0,0.0,0.0,4.0,0.0,0.0,22.4,2018-2018,2018,2018,0,2,2.0,100.0,120.0,2.0,Feb-46,60.0,7.2,50.0,0.0,0.0,1.0,0.14,0.74,0.0,,,,,,,,,,,,,,,,,True,True,All-rounder
MG Vandort (SL),2006-2006,2006.0,2006.0,1.0,1.0,1.0,0.0,48.0,48,48.0,0.0,48.0,117.0,41.02,0.0,0.0,0.0,48.0,0.0,0.0,45.208,2006-2006,2006,2006,0,1,,,,,-,,,,,,,,,,,,,,,,,,,,,,,,,,True,True,All-rounder
MH Cross (SCOT),2014-2019,2014.0,2019.0,6.0,52.0,48.0,1.0,1136.0,114,114.0,0.0,24.17,1536.0,73.95,2.0,5.0,0.0,21.85,3.85,9.62,44.082,2014-2019,2014,2019,5,52,,,,,-,,,,,,,,,,,,,,,,,,,,,,,,,,True,True,All-rounder
MH Dekker (ZIM),1992-1996,1992.0,1996.0,5.0,23.0,22.0,2.0,379.0,79,79.0,0.0,18.95,798.0,47.49,0.0,2.0,0.0,16.48,0.0,8.7,30.366,1992-1996,1992,1996,4,23,12.0,347.0,290.0,9.0,Feb-16,32.22,5.01,38.5,0.0,0.0,0.39,0.2,0.33,0.0,,,,,,,,,,,,,,,,,True,True,All-rounder
MH Denness (ENG),1973-1975,1973.0,1975.0,3.0,12.0,11.0,2.0,264.0,66,66.0,0.0,29.33,417.0,63.3,0.0,1.0,1.0,22.0,0.0,8.33,42.918,1973-1975,1973,1975,2,12,,,,,-,,,,,,,,,,,,,,,,,,,,,,,,,,True,True,All-rounder
MH Richardson (NZ),2002-2002,2002.0,2002.0,1.0,4.0,4.0,0.0,42.0,26,26.0,0.0,10.5,97.0,43.29,0.0,0.0,1.0,10.5,0.0,0.0,23.616,2002-2002,2002,2002,0,4,,,,,-,,,,,,,,,,,,,,,,,,,,,,,,,,True,True,All-rounder
MH Tissera (SL),1975-1975,1975.0,1975.0,1.0,3.0,3.0,0.0,78.0,52,52.0,0.0,26.0,147.0,53.06,0.0,1.0,0.0,26.0,0.0,33.33,36.824,1975-1975,1975,1975,0,3,,,,,-,,,,,,,,,,,,,,,,,,,,,,,,,,True,True,All-rounder
MH Yardy (ENG),2006-2011,2006.0,2011.0,6.0,28.0,24.0,8.0,326.0,60*,60.0,1.0,20.37,472.0,69.06,0.0,2.0,1.0,11.64,0.0,7.14,39.846,2006-2011,2006,2011,5,28,28.0,1332.0,1075.0,21.0,Mar-24,51.19,4.84,63.4,0.0,0.0,0.75,0.21,0.59,0.0,,,,,,,,,,,,,,,,,True,True,All-rounder
MHN Walker (AUS),1974-1981,1974.0,1981.0,8.0,17.0,11.0,3.0,79.0,20,20.0,0.0,9.87,170.0,46.47,0.0,0.0,1.0,4.65,0.0,0.0,24.51,1974-1981,1974,1981,7,17,17.0,1006.0,546.0,20.0,Apr-19,27.3,3.25,50.3,1.0,0.0,1.18,0.31,0.92,0.0,,,,,,,,,,,,,,,,,True,True,All-rounder
MHW Papps (NZ),2004-2005,2004.0,2005.0,2.0,6.0,6.0,2.0,207.0,92*,92.0,1.0,51.75,342.0,60.52,0.0,2.0,0.0,34.5,0.0,33.33,55.258,2004-2005,2004,2005,1,6,,,,,-,,,,,,,,,,,,,,,,,,,,,,,,,,True,True,All-rounder
MI Black (WI),2001-2001,2001.0,2001.0,1.0,5.0,2.0,0.0,4.0,4,4.0,0.0,2.0,14.0,28.57,0.0,0.0,1.0,0.8,0.0,0.0,12.628,2001-2001,2001,2001,0,5,5.0,228.0,196.0,0.0,-,,5.15,,0.0,0.0,0.0,0.19,0.06,0.0,,,,,,,,,,,,,,,,,True,True,All-rounder
MJ Bennett (AUS),1984-1985,1984.0,1985.0,2.0,8.0,4.0,1.0,9.0,6*,6.0,1.0,3.0,21.0,42.85,0.0,0.0,2.0,1.13,0.0,0.0,18.94,1984-1985,1984,1985,1,8,8.0,408.0,275.0,4.0,Feb-27,68.75,4.04,102.0,0.0,0.0,0.5,0.25,0.42,0.0,,,,,,,,,,,,,,,,,True,True,All-rounder
MJ Clarke (AUS),2003-2015,2003.0,2015.0,13.0,245.0,223.0,44.0,7981.0,130,130.0,0.0,44.58,10104.0,78.98,8.0,58.0,10.0,32.58,3.27,23.67,58.34,2003-2015,2003,2015,12,245,106.0,2585.0,2146.0,57.0,May-35,37.64,4.98,45.3,1.0,1.0,0.23,0.2,0.22,0.004,,,,,,,,,,,,,,,,,True,True,All-rounder
MJ Cosgrove (AUS),2006-2006,2006.0,2006.0,1.0,3.0,3.0,0.0,112.0,74,74.0,0.0,37.33,116.0,96.55,0.0,1.0,0.0,37.33,0.0,33.33,61.018,2006-2006,2006,2006,0,3,2.0,30.0,13.0,1.0,01-Jan,13.0,2.6,30.0,0.0,0.0,0.33,0.38,0.35,0.0,,,,,,,,,,,,,,,,,True,True,All-rounder
MJ Di Venuto (AUS),1997-1997,1997.0,1997.0,1.0,9.0,9.0,0.0,241.0,89,89.0,0.0,26.77,281.0,85.76,0.0,2.0,0.0,26.78,0.0,22.22,50.366,1997-1997,1997,1997,0,9,,,,,-,,,,,,,,,,,,,,,,,,,,,,,,,,True,True,All-rounder
MJ Fourie (IRE),2007-2008,2007.0,2008.0,2.0,7.0,5.0,3.0,42.0,19*,19.0,1.0,21.0,51.0,82.35,0.0,0.0,0.0,6.0,0.0,0.0,45.54,2007-2008,2007,2008,1,7,5.0,179.0,128.0,1.0,Jan-33,128.0,4.29,179.0,0.0,0.0,0.14,0.23,0.17,0.0,,,,,,,,,,,,,,,,,True,True,All-rounder
MJ Greatbatch (NZ),1988-1996,1988.0,1996.0,9.0,84.0,83.0,5.0,2206.0,111,111.0,0.0,28.28,3099.0,71.18,2.0,13.0,7.0,26.26,2.38,15.48,45.44,1988-1996,1988,1996,8,84,1.0,6.0,5.0,0.0,-,,5.0,,0.0,0.0,0.0,0.2,0.06,0.0,,,,,,,,,,,,,,,,,True,True,All-rounder
MJ Guptill (NZ),2009-2019,2009.0,2019.0,11.0,179.0,176.0,19.0,6626.0,237*,237.0,1.0,42.2,7586.0,87.34,16.0,35.0,15.0,37.02,8.94,19.55,60.256,2009-2019,2009,2019,10,179,11.0,109.0,98.0,4.0,02-Jun,24.5,5.39,27.2,0.0,0.0,0.02,0.19,0.07,0.0,,,,,,,,,,,,,,,,,True,True,All-rounder
MJ Haslam (NZ),1992-1992,1992.0,1992.0,1.0,1.0,1.0,0.0,9.0,9,9.0,0.0,9.0,18.0,50.0,0.0,0.0,0.0,9.0,0.0,0.0,25.4,1992-1992,1992,1992,0,1,1.0,30.0,28.0,1.0,Jan-28,28.0,5.6,30.0,0.0,0.0,1.0,0.18,0.75,0.0,,,,,,,,,,,,,,,,,True,True,All-rounder
MJ Henry (NZ),2014-2019,2014.0,2019.0,6.0,52.0,21.0,7.0,211.0,48*,48.0,1.0,15.07,211.0,100.0,0.0,0.0,3.0,4.06,0.0,0.0,49.042,2014-2019,2014,2019,5,52,50.0,2703.0,2437.0,92.0,May-30,26.48,5.4,29.3,7.0,2.0,1.77,0.19,1.29,0.038,,,,,,,,,,,,,,,,,True,True,All-rounder
MJ Hoggard (ENG),2001-2006,2001.0,2006.0,6.0,26.0,6.0,2.0,17.0,7,7.0,0.0,4.25,30.0,56.66,0.0,0.0,1.0,0.65,0.0,0.0,25.214,2001-2006,2001,2006,5,26,26.0,1306.0,1152.0,32.0,May-49,36.0,5.29,40.8,0.0,1.0,1.23,0.19,0.92,0.038,,,,,,,,,,,,,,,,,True,True,All-rounder
MJ Horne (NZ),1997-2002,1997.0,2002.0,6.0,50.0,48.0,0.0,980.0,74,74.0,0.0,20.41,1515.0,64.68,0.0,5.0,3.0,19.6,0.0,10.0,38.118,1997-2002,1997,2002,5,50,,,,,-,,,,,,,,,,,,,,,,,,,,,,,,,,True,True,All-rounder
MJ Lumb (ENG),2014-2014,2014.0,2014.0,1.0,3.0,3.0,0.0,165.0,106,106.0,0.0,55.0,203.0,81.28,1.0,0.0,0.0,55.0,33.33,0.0,65.512,2014-2014,2014,2014,0,3,,,,,-,,,,,,,,,,,,,,,,,,,,,,,,,,True,True,All-rounder
MJ Mason (NZ),2003-2010,2003.0,2010.0,8.0,26.0,7.0,4.0,24.0,13*,13.0,1.0,8.0,45.0,53.33,0.0,0.0,1.0,0.92,0.0,0.0,26.132,2003-2010,2003,2010,7,26,25.0,1179.0,1024.0,31.0,Apr-24,33.03,5.21,38.0,1.0,0.0,1.19,0.19,0.89,0.0,,,,,,,,,,,,,,,,,True,True,All-rounder
MJ McClenaghan (NZ),2013-2016,2013.0,2016.0,4.0,48.0,14.0,10.0,108.0,34*,34.0,1.0,27.0,138.0,78.26,0.0,0.0,0.0,2.25,0.0,0.0,47.504,2013-2016,2013,2016,3,48,45.0,2336.0,2313.0,82.0,May-58,28.2,5.94,28.4,6.0,1.0,1.71,0.17,1.25,0.021,,,,,,,,,,,,,,,,,True,True,All-rounder
MJ North (AUS),2009-2009,2009.0,2009.0,1.0,2.0,2.0,0.0,6.0,5,5.0,0.0,3.0,19.0,31.57,0.0,0.0,0.0,3.0,0.0,0.0,14.428,2009-2009,2009,2009,0,2,1.0,18.0,16.0,0.0,-,,5.33,,0.0,0.0,0.0,0.19,0.06,0.0,,,,,,,,,,,,,,,,,True,True,All-rounder
MJ Petrie (SCOT),2009-2009,2009.0,2009.0,1.0,4.0,2.0,0.0,3.0,3,3.0,0.0,1.5,18.0,16.66,0.0,0.0,1.0,0.75,0.0,0.0,7.564,2009-2009,2009,2009,0,4,,,,,-,,,,,,,,,,,,,,,,,,,,,,,,,,True,True,All-rounder
MJ Prior (ENG),2004-2011,2004.0,2011.0,8.0,68.0,62.0,9.0,1282.0,87,87.0,0.0,24.18,1670.0,76.76,0.0,3.0,5.0,18.85,0.0,4.41,45.212,2004-2011,2004,2011,7,68,,,,,-,,,,,,,,,,,,,,,,,,,,,,,,,,True,True,All-rounder
MJ Santner (NZ),2015-2019,2015.0,2019.0,5.0,69.0,54.0,21.0,898.0,67,67.0,0.0,27.21,1021.0,87.95,0.0,2.0,3.0,13.01,0.0,2.9,51.506,2015-2019,2015,2019,4,69,64.0,3079.0,2510.0,69.0,May-50,36.37,4.89,44.6,0.0,1.0,1.0,0.2,0.76,0.014,,,,,,,,,,,,,,,,,True,True,All-rounder
MJ Slater (AUS),1993-1997,1993.0,1997.0,5.0,42.0,42.0,1.0,987.0,73,73.0,0.0,24.07,1634.0,60.4,0.0,9.0,3.0,23.5,0.0,21.43,38.602,1993-1997,1993,1997,4,42,2.0,12.0,11.0,0.0,-,,5.5,,0.0,0.0,0.0,0.18,0.05,0.0,,,,,,,,,,,,,,,,,True,True,All-rounder
MJ Smith (ENG),1973-1974,1973.0,1974.0,2.0,5.0,5.0,0.0,70.0,31,31.0,0.0,14.0,159.0,44.02,0.0,0.0,1.0,14.0,0.0,0.0,26.008,1973-1974,1973,1974,1,5,,,,,-,,,,,,,,,,,,,,,,,,,,,,,,,,True,True,All-rounder
MJ Smith (SCOT),1999-1999,1999.0,1999.0,1.0,5.0,5.0,0.0,19.0,13,13.0,0.0,3.8,85.0,22.35,0.0,0.0,0.0,3.8,0.0,0.0,11.22,1999-1999,1999,1999,0,5,,,,,-,,,,,,,,,,,,,,,,,,,,,,,,,,True,True,All-rounder
MJD Allingham (SCOT),1999-1999,1999.0,1999.0,1.0,3.0,3.0,0.0,11.0,6,6.0,0.0,3.66,96.0,11.45,0.0,0.0,0.0,3.67,0.0,0.0,6.776,1999-1999,1999,1999,0,3,,,,,-,,,,,,,,,,,,,,,,,,,,,,,,,,True,True,All-rounder
MJG Rippon (NL),2013-2018,2013.0,2018.0,6.0,6.0,4.0,1.0,71.0,51,51.0,0.0,23.66,112.0,63.39,0.0,1.0,0.0,11.83,0.0,16.67,39.552,2013-2018,2013,2018,5,6,6.0,252.0,167.0,10.0,Apr-37,16.7,3.97,25.2,1.0,0.0,1.67,0.25,1.24,0.0,,,,,,,,,,,,,,,,,True,True,All-rounder
MJR Rindel (SA),1994-1999,1994.0,1999.0,6.0,22.0,22.0,1.0,575.0,106,106.0,0.0,27.38,860.0,66.86,1.0,2.0,1.0,26.14,4.55,9.09,43.172,1994-1999,1994,1999,5,22,12.0,270.0,242.0,6.0,Feb-15,40.33,5.37,45.0,0.0,0.0,0.27,0.19,0.25,0.0,,,,,,,,,,,,,,,,,True,True,All-rounder
MK Pandey (INDIA),2015-2018,2015.0,2018.0,4.0,23.0,18.0,6.0,440.0,104*,104.0,1.0,36.66,479.0,91.85,1.0,2.0,2.0,19.13,4.35,8.7,58.736,2015-2018,2015,2018,3,23,,,,,-,,,,,,,,,,,,,,,,,,,,,,,,,,True,True,All-rounder
MK Tiwary (INDIA),2008-2015,2008.0,2015.0,8.0,12.0,12.0,1.0,287.0,104*,104.0,1.0,26.09,403.0,71.21,1.0,1.0,0.0,23.92,8.33,8.33,44.138,2008-2015,2008,2015,7,12,6.0,132.0,150.0,5.0,Apr-61,30.0,6.81,26.4,1.0,0.0,0.42,0.15,0.34,0.0,,,,,,,,,,,,,,,,,True,True,All-rounder
MKDI Amerasinghe (SL),2007-2008,2007.0,2008.0,2.0,8.0,4.0,4.0,6.0,5*,5.0,1.0,,9.0,66.66,0.0,0.0,0.0,0.75,0.0,0.0,,2007-2008,2007,2008,1,8,8.0,426.0,363.0,9.0,Mar-44,40.33,5.11,47.3,0.0,0.0,1.13,0.2,0.85,0.0,,,,,,,,,,,,,,,,,True,True,All-rounder
MKGCP Lakshitha (SL),2002-2003,2002.0,2003.0,2.0,7.0,2.0,1.0,7.0,4,4.0,0.0,7.0,12.0,58.33,0.0,0.0,0.0,1.0,0.0,0.0,27.532,2002-2003,2002,2003,1,7,7.0,300.0,254.0,8.0,Feb-34,31.75,5.08,37.5,0.0,0.0,1.14,0.2,0.86,0.0,,,,,,,,,,,,,,,,,True,True,All-rounder
ML Cummins (WI),2014-2017,2014.0,2017.0,4.0,11.0,3.0,1.0,10.0,5,5.0,0.0,5.0,27.0,37.03,0.0,0.0,0.0,0.91,0.0,0.0,17.812,2014-2017,2014,2017,3,11,9.0,450.0,474.0,9.0,Mar-82,52.66,6.32,50.0,0.0,0.0,0.82,0.16,0.62,0.0,,,,,,,,,,,,,,,,,True,True,All-rounder
ML Hayden (AUS/ICC),1993-2008,1993.0,2008.0,16.0,161.0,155.0,15.0,6133.0,181*,181.0,1.0,43.8,7767.0,78.96,10.0,36.0,9.0,38.09,6.21,22.36,57.864,1993-2008,1993,2008,15,161,1.0,6.0,18.0,0.0,-,,18.0,,0.0,0.0,0.0,0.06,0.02,0.0,,,,,,,,,,,,,,,,,True,True,All-rounder
ML Lewis (AUS),2005-2006,2005.0,2006.0,2.0,7.0,1.0,1.0,4.0,4*,4.0,1.0,,4.0,100.0,0.0,0.0,0.0,0.57,0.0,0.0,,2005-2006,2005,2006,1,7,7.0,341.0,391.0,7.0,Mar-56,55.85,6.87,48.7,0.0,0.0,1.0,0.15,0.74,0.0,,,,,,,,,,,,,,,,,True,True,All-rounder
ML Nkala (ZIM),1998-2006,1998.0,2006.0,9.0,50.0,35.0,5.0,324.0,47,47.0,0.0,10.8,526.0,61.59,0.0,0.0,5.0,6.48,0.0,0.0,31.116,1998-2006,1998,2006,8,50,46.0,1582.0,1570.0,22.0,03-Dec,71.36,5.95,71.9,0.0,0.0,0.44,0.17,0.36,0.0,,,,,,,,,,,,,,,,,True,True,All-rounder
ML Patel (KENYA),2004-2006,2004.0,2006.0,3.0,3.0,3.0,0.0,40.0,25,25.0,0.0,13.33,95.0,42.1,0.0,0.0,1.0,13.33,0.0,0.0,24.838,2004-2006,2004,2006,2,3,,,,,-,,,,,,,,,,,,,,,,,,,,,,,,,,True,True,All-rounder
ML Su'a (NZ),1992-1995,1992.0,1995.0,4.0,12.0,7.0,2.0,24.0,12*,12.0,1.0,4.8,56.0,42.85,0.0,0.0,0.0,2.0,0.0,0.0,20.02,1992-1995,1992,1995,3,12,12.0,463.0,367.0,9.0,Apr-59,40.77,4.75,51.4,1.0,0.0,0.75,0.21,0.59,0.0,,,,,,,,,,,,,,,,,True,True,All-rounder
ML Udawatte (SL),2008-2008,2008.0,2008.0,1.0,9.0,9.0,0.0,257.0,73,73.0,0.0,28.55,383.0,67.1,0.0,2.0,1.0,28.56,0.0,22.22,43.97,2008-2008,2008,2008,0,9,,,,,-,,,,,,,,,,,,,,,,,,,,,,,,,,True,True,All-rounder
MLC Foster (WI),1973-1973,1973.0,1973.0,1.0,2.0,1.0,0.0,25.0,25,25.0,0.0,25.0,62.0,40.32,0.0,0.0,0.0,12.5,0.0,0.0,31.128,1973-1973,1973,1973,0,2,1.0,30.0,22.0,2.0,Feb-22,11.0,4.4,15.0,0.0,0.0,1.0,0.23,0.77,0.0,,,,,,,,,,,,,,,,,True,True,All-rounder
MM Ali (ENG),2014-2019,2014.0,2019.0,6.0,101.0,82.0,13.0,1766.0,128,128.0,0.0,25.59,1697.0,104.06,3.0,5.0,5.0,17.49,2.97,4.95,56.978,2014-2019,2014,2019,5,101,95.0,4654.0,4089.0,84.0,Apr-46,48.67,5.27,55.4,1.0,0.0,0.83,0.19,0.64,0.0,,,,,,,,,,,,,,,,,True,True,All-rounder
MM Iqbal (SCOT),2009-2014,2009.0,2014.0,6.0,13.0,12.0,4.0,192.0,63,63.0,0.0,24.0,360.0,53.33,0.0,1.0,2.0,14.77,0.0,7.69,35.732,2009-2014,2009,2014,5,13,8.0,270.0,270.0,4.0,Feb-35,67.5,6.0,67.5,0.0,0.0,0.31,0.17,0.27,0.0,,,,,,,,,,,,,,,,,True,True,All-rounder
MM Patel (INDIA),2006-2011,2006.0,2011.0,6.0,70.0,27.0,16.0,74.0,15,15.0,0.0,6.72,112.0,66.07,0.0,0.0,4.0,1.06,0.0,0.0,30.46,2006-2011,2006,2011,5,70,67.0,3154.0,2603.0,86.0,Apr-29,30.26,4.95,36.6,3.0,0.0,1.23,0.2,0.92,0.0,,,,,,,,,,,,,,,,,True,True,All-rounder
MM Sharma (INDIA),2013-2015,2013.0,2015.0,3.0,26.0,9.0,5.0,31.0,11,11.0,0.0,7.75,66.0,46.96,0.0,0.0,1.0,1.19,0.0,0.0,23.434,2013-2015,2013,2015,2,26,25.0,1121.0,1020.0,31.0,Apr-22,32.9,5.45,36.1,1.0,0.0,1.19,0.18,0.89,0.0,,,,,,,,,,,,,,,,,True,True,All-rounder
MMA Jonkman (NL),2007-2010,2007.0,2010.0,4.0,4.0,2.0,0.0,20.0,13,13.0,0.0,10.0,51.0,39.21,0.0,0.0,0.0,5.0,0.0,0.0,21.684,2007-2010,2007,2010,3,4,4.0,136.0,113.0,6.0,Mar-22,18.83,4.98,22.6,0.0,0.0,1.5,0.2,1.11,0.0,,,,,,,,,,,,,,,,,True,True,All-rounder
MMC Schewe (NL),1996-1996,1996.0,1996.0,1.0,5.0,4.0,1.0,49.0,20,20.0,0.0,16.33,68.0,72.05,0.0,0.0,0.0,9.8,0.0,0.0,38.618,1996-1996,1996,1996,0,5,,,,,-,,,,,,,,,,,,,,,,,,,,,,,,,,True,True,All-rounder
MN Hart (NZ),1994-2002,1994.0,2002.0,9.0,13.0,8.0,0.0,61.0,16,16.0,0.0,7.62,101.0,60.39,0.0,0.0,1.0,4.69,0.0,0.0,28.728,1994-2002,1994,2002,8,13,12.0,572.0,373.0,13.0,May-22,28.69,3.91,44.0,0.0,1.0,1.0,0.26,0.78,0.077,,,,,,,,,,,,,,,,,True,True,All-rounder
MN Nawaz (SL),1998-2002,1998.0,2002.0,5.0,3.0,3.0,1.0,31.0,15*,15.0,1.0,15.5,71.0,43.66,0.0,0.0,0.0,10.33,0.0,0.0,26.764,1998-2002,1998,2002,4,3,,,,,-,,,,,,,,,,,,,,,,,,,,,,,,,,True,True,All-rounder
MN Samuels (WI),2000-2018,2000.0,2018.0,19.0,207.0,196.0,26.0,5606.0,133*,133.0,1.0,32.97,7463.0,75.11,10.0,30.0,11.0,27.08,4.83,14.49,49.826,2000-2018,2000,2018,18,207,134.0,5091.0,4127.0,89.0,03-Dec,46.37,4.86,57.2,0.0,0.0,0.43,0.21,0.36,0.0,,,,,,,,,,,,,,,,,True,True,All-rounder
MN Waller (ZIM),2009-2018,2009.0,2018.0,10.0,79.0,72.0,6.0,1259.0,99*,99.0,1.0,19.07,1639.0,76.81,0.0,5.0,10.0,15.94,0.0,6.33,42.166,2009-2018,2009,2018,9,79,30.0,666.0,566.0,10.0,Feb-44,56.6,5.09,66.6,0.0,0.0,0.13,0.2,0.15,0.0,,,,,,,,,,,,,,,,,True,True,All-rounder
MN van Wyk (SA),2003-2015,2003.0,2015.0,13.0,17.0,17.0,1.0,425.0,82,82.0,0.0,26.56,617.0,68.88,0.0,4.0,2.0,25.0,0.0,23.53,43.488,2003-2015,2003,2015,12,17,,,,,-,,,,,,,,,,,,,,,,,,,,,,,,,,True,True,All-rounder
MO Jones (BMUDA),2006-2007,2006.0,2007.0,2.0,12.0,12.0,2.0,113.0,27,27.0,0.0,11.3,149.0,75.83,0.0,0.0,1.0,9.42,0.0,0.0,37.112,2006-2007,2006,2007,1,12,12.0,458.0,482.0,8.0,Feb-25,60.25,6.31,57.2,0.0,0.0,0.67,0.16,0.51,0.0,,,,,,,,,,,,,,,,,True,True,All-rounder
MO Odumbe (KENYA),1996-2003,1996.0,2003.0,8.0,61.0,59.0,5.0,1409.0,83,83.0,0.0,26.09,2014.0,69.96,0.0,11.0,6.0,23.1,0.0,18.03,43.638,1996-2003,1996,2003,7,61,52.0,2237.0,1807.0,39.0,Apr-38,46.33,4.84,57.3,1.0,0.0,0.64,0.21,0.51,0.0,,,,,,,,,,,,,,,,,True,True,All-rounder
MP Bicknell (ENG),1990-1991,1990.0,1991.0,2.0,7.0,6.0,2.0,96.0,31*,31.0,1.0,24.0,104.0,92.3,0.0,0.0,0.0,13.71,0.0,0.0,51.32,1990-1991,1990,1991,1,7,7.0,413.0,347.0,13.0,Mar-55,26.69,5.04,31.7,0.0,0.0,1.86,0.2,1.36,0.0,,,,,,,,,,,,,,,,,True,True,All-rounder
MP Jarvis (ZIM),1987-1995,1987.0,1995.0,9.0,12.0,5.0,3.0,37.0,17,17.0,0.0,18.5,67.0,55.22,0.0,0.0,0.0,3.08,0.0,0.0,33.188,1987-1995,1987,1995,8,12,12.0,601.0,451.0,9.0,Feb-37,50.11,4.5,66.7,0.0,0.0,0.75,0.22,0.59,0.0,,,,,,,,,,,,,,,,,True,True,All-rounder
MP Maynard (ENG),1994-2000,1994.0,2000.0,7.0,14.0,12.0,1.0,156.0,41,41.0,0.0,14.18,225.0,69.33,0.0,0.0,1.0,11.14,0.0,0.0,36.24,1994-2000,1994,2000,6,14,,,,,-,,,,,,,,,,,,,,,,,,,,,,,,,,True,True,All-rounder
MP O'Dowd (NL),2019-2019,2019.0,2019.0,1.0,2.0,2.0,1.0,145.0,86*,86.0,1.0,145.0,200.0,72.5,0.0,2.0,0.0,72.5,0.0,100.0,116.0,2019-2019,2019,2019,0,2,,,,,-,,,,,,,,,,,,,,,,,,,,,,,,,,True,True,All-rounder
MP Stead (CAN),1979-1979,1979.0,1979.0,1.0,2.0,2.0,0.0,10.0,10,10.0,0.0,5.0,45.0,22.22,0.0,0.0,1.0,5.0,0.0,0.0,11.888,1979-1979,1979,1979,0,2,2.0,29.0,24.0,0.0,-,,4.96,,0.0,0.0,0.0,0.2,0.06,0.0,,,,,,,,,,,,,,,,,True,True,All-rounder
MP Stoinis (AUS),2015-2019,2015.0,2019.0,5.0,41.0,38.0,7.0,1050.0,146*,146.0,1.0,33.87,1143.0,91.86,1.0,6.0,3.0,25.61,2.44,14.63,57.066,2015-2019,2015,2019,4,41,39.0,1414.0,1446.0,33.0,Mar-16,43.81,6.13,42.8,0.0,0.0,0.8,0.16,0.61,0.0,,,,,,,,,,,,,,,,,True,True,All-rounder
MP Vaughan (ENG),2001-2007,2001.0,2007.0,7.0,86.0,83.0,10.0,1982.0,90*,90.0,1.0,27.15,2898.0,68.39,0.0,16.0,9.0,23.05,0.0,18.6,43.646,2001-2007,2001,2007,6,86,28.0,796.0,649.0,16.0,Apr-22,40.56,4.89,49.7,1.0,0.0,0.19,0.2,0.19,0.0,,,,,,,,,,,,,,,,,True,True,All-rounder
MQ Sheikh (SCOT),2008-2010,2008.0,2010.0,3.0,7.0,7.0,1.0,63.0,23,23.0,0.0,10.5,140.0,45.0,0.0,0.0,0.0,9.0,0.0,0.0,24.3,2008-2010,2008,2010,2,7,,,,,-,,,,,,,,,,,,,,,,,,,,,,,,,,True,True,All-rounder
MR Adair (IRE),2019-2019,2019.0,2019.0,1.0,9.0,8.0,2.0,117.0,32,32.0,0.0,19.5,101.0,115.84,0.0,0.0,0.0,13.0,0.0,0.0,58.036,2019-2019,2019,2019,0,9,9.0,484.0,509.0,15.0,Apr-19,33.93,6.3,32.2,2.0,0.0,1.67,0.16,1.21,0.0,,,,,,,,,,,,,,,,,True,True,All-rounder
MR Benson (ENG),1986-1986,1986.0,1986.0,1.0,1.0,1.0,0.0,24.0,24,24.0,0.0,24.0,58.0,41.37,0.0,0.0,0.0,24.0,0.0,0.0,30.948,1986-1986,1986,1986,0,1,,,,,-,,,,,,,,,,,,,,,,,,,,,,,,,,True,True,All-rounder
MR Gillespie (NZ),2006-2009,2006.0,2009.0,4.0,32.0,14.0,8.0,93.0,28,28.0,0.0,15.5,118.0,78.81,0.0,0.0,1.0,2.91,0.0,0.0,40.824,2006-2009,2006,2009,3,32,31.0,1521.0,1369.0,37.0,Apr-58,37.0,5.4,41.1,1.0,0.0,1.16,0.19,0.86,0.0,,,,,,,,,,,,,,,,,True,True,All-rounder
MR Johnson (USA),2004-2004,2004.0,2004.0,1.0,2.0,2.0,0.0,20.0,20,20.0,0.0,10.0,19.0,105.26,0.0,0.0,1.0,10.0,0.0,0.0,48.104,2004-2004,2004,2004,0,2,,,,,-,,,,,,,,,,,,,,,,,,,,,,,,,,True,True,All-rounder
MR Marsh (AUS),2011-2018,2011.0,2018.0,8.0,53.0,49.0,9.0,1428.0,102*,102.0,1.0,35.7,1534.0,93.08,1.0,11.0,4.0,26.94,1.89,20.75,58.652,2011-2018,2011,2018,7,53,50.0,1700.0,1564.0,44.0,May-33,35.54,5.52,38.6,1.0,1.0,0.83,0.18,0.64,0.019,,,,,,,,,,,,,,,,,True,True,All-rounder
MR Pydanna (WI),1980-1983,1980.0,1983.0,4.0,3.0,1.0,1.0,2.0,2*,2.0,1.0,,3.0,66.66,0.0,0.0,0.0,0.67,0.0,0.0,,1980-1983,1980,1983,3,3,,,,,-,,,,,,,,,,,,,,,,,,,,,,,,,,True,True,All-rounder
MR Ramprakash (ENG),1991-2001,1991.0,2001.0,11.0,18.0,18.0,4.0,376.0,51,51.0,0.0,26.85,544.0,69.11,0.0,1.0,0.0,20.89,0.0,5.56,43.754,1991-2001,1991,2001,10,18,5.0,132.0,108.0,4.0,Mar-28,27.0,4.9,33.0,0.0,0.0,0.22,0.2,0.22,0.0,,,,,,,,,,,,,,,,,True,True,All-rounder
MR Swart (NL),2011-2014,2011.0,2014.0,4.0,12.0,11.0,1.0,197.0,52,52.0,0.0,19.7,272.0,72.42,0.0,1.0,1.0,16.42,0.0,8.33,40.788,2011-2014,2011,2014,3,12,11.0,366.0,306.0,3.0,Jan-21,102.0,5.01,122.0,0.0,0.0,0.25,0.2,0.23,0.0,,,,,,,,,,,,,,,,,True,True,All-rounder
MR Whitney (AUS),1983-1993,1983.0,1993.0,11.0,38.0,13.0,7.0,40.0,9*,9.0,1.0,6.66,90.0,44.44,0.0,0.0,1.0,1.05,0.0,0.0,21.772,1983-1993,1983,1993,10,38,38.0,2106.0,1249.0,46.0,Apr-34,27.15,3.55,45.7,2.0,0.0,1.21,0.28,0.93,0.0,,,,,,,,,,,,,,,,,True,True,All-rounder
MRCN Bandaratilleke (SL),1998-1998,1998.0,1998.0,1.0,3.0,1.0,0.0,0.0,0,0.0,0.0,0.0,2.0,0.0,0.0,0.0,1.0,0.0,0.0,0.0,0.0,1998-1998,1998,1998,0,3,3.0,144.0,111.0,2.0,Feb-34,55.5,4.62,72.0,0.0,0.0,0.67,0.22,0.53,0.0,,,,,,,,,,,,,,,,,True,True,All-rounder
MRJ Veletta (AUS),1987-1989,1987.0,1989.0,3.0,20.0,19.0,4.0,484.0,68*,68.0,1.0,32.26,642.0,75.38,0.0,2.0,2.0,24.2,0.0,10.0,49.508,1987-1989,1987,1989,2,20,,,,,-,,,,,,,,,,,,,,,,,,,,,,,,,,True,True,All-rounder
MRJ Watt (SCOT),2016-2019,2016.0,2019.0,4.0,27.0,17.0,7.0,147.0,31*,31.0,1.0,14.7,202.0,72.77,0.0,0.0,0.0,5.44,0.0,0.0,37.928,2016-2019,2016,2019,3,27,27.0,1443.0,1033.0,35.0,Apr-42,29.51,4.29,41.2,1.0,0.0,1.3,0.23,0.98,0.0,,,,,,,,,,,,,,,,,True,True,All-rounder
MS Atapattu (SL),1990-2007,1990.0,2007.0,18.0,268.0,259.0,32.0,8529.0,132*,132.0,1.0,37.57,12594.0,67.72,11.0,59.0,13.0,31.82,4.1,22.01,49.63,1990-2007,1990,2007,17,268,2.0,51.0,41.0,0.0,-,,4.82,,0.0,0.0,0.0,0.21,0.06,0.0,,,,,,,,,,,,,,,,,True,True,All-rounder
MS Chapman (HKG/NZ),2015-2018,2015.0,2018.0,4.0,5.0,5.0,1.0,160.0,124*,124.0,1.0,40.0,174.0,91.95,1.0,0.0,1.0,32.0,20.0,0.0,60.78,2015-2018,2015,2018,3,5,,,,,-,,,,,,,,,,,,,,,,,,,,,,,,,,True,True,All-rounder
MS Dhoni (Asia/INDIA),2004-2019,2004.0,2019.0,16.0,350.0,297.0,84.0,10773.0,183*,183.0,1.0,50.57,12303.0,87.56,10.0,73.0,10.0,30.78,2.86,20.86,65.366,2004-2019,2004,2019,15,350,2.0,36.0,31.0,1.0,Jan-14,31.0,5.16,36.0,0.0,0.0,0.0,0.19,0.06,0.0,2004-2019,2004.0,2019.0,15.0,350.0,345.0,444.0,321.0,123.0,321.0,0.0,,1.286,0.92,1.27,0.35,True,True,All-rounder
MS Gony (INDIA),,,,,,,,,,,,,,,,,,,,,,2008-2008,2008,2008,0,2,2.0,78.0,76.0,2.0,Feb-65,38.0,5.84,39.0,0.0,0.0,1.0,0.17,0.75,0.0,,,,,,,,,,,,,,,,,False,True,Bowler
MS Kasprowicz (AUS),1995-2005,1995.0,2005.0,11.0,43.0,13.0,9.0,74.0,28*,28.0,1.0,18.5,89.0,83.14,0.0,0.0,2.0,1.72,0.0,0.0,44.356,1995-2005,1995,2005,10,43,42.0,2225.0,1674.0,67.0,May-45,24.98,4.51,33.2,1.0,2.0,1.56,0.22,1.16,0.047,,,,,,,,,,,,,,,,,True,True,All-rounder
MS Panesar (ENG),2007-2007,2007.0,2007.0,1.0,26.0,8.0,3.0,26.0,13,13.0,0.0,5.2,91.0,28.57,0.0,0.0,0.0,1.0,0.0,0.0,14.548,2007-2007,2007,2007,0,26,26.0,1308.0,980.0,24.0,Mar-25,40.83,4.49,54.5,0.0,0.0,0.92,0.22,0.71,0.0,,,,,,,,,,,,,,,,,True,True,All-rounder
MS Sinclair (NZ),2000-2009,2000.0,2009.0,10.0,54.0,50.0,4.0,1304.0,118*,118.0,1.0,28.34,2086.0,62.51,2.0,8.0,8.0,24.15,3.7,14.81,42.008,2000-2009,2000,2009,9,54,,,,,-,,,,,,,,,,,,,,,,,,,,,,,,,,True,True,All-rounder
MS Tshabalala (SA),2007-2007,2007.0,2007.0,1.0,4.0,1.0,1.0,2.0,2*,2.0,1.0,,3.0,66.66,0.0,0.0,0.0,0.5,0.0,0.0,,2007-2007,2007,2007,0,4,4.0,150.0,151.0,3.0,Jan-30,50.33,6.04,50.0,0.0,0.0,0.75,0.17,0.57,0.0,,,,,,,,,,,,,,,,,True,True,All-rounder
MS Wade (AUS),2012-2017,2012.0,2017.0,6.0,94.0,80.0,11.0,1777.0,100*,100.0,1.0,25.75,2164.0,82.11,1.0,10.0,5.0,18.9,1.06,10.64,48.294,2012-2017,2012,2017,5,94,,,,,-,,,,,,,,,,2012-2017,2012.0,2017.0,5.0,94.0,94.0,117.0,108.0,9.0,108.0,0.0,,1.244,1.15,1.24,0.1,True,True,All-rounder
MSK Prasad (INDIA),1998-1999,1998.0,1999.0,2.0,17.0,11.0,2.0,131.0,63,63.0,0.0,14.55,225.0,58.22,0.0,1.0,2.0,7.71,0.0,5.88,32.018,1998-1999,1998,1999,1,17,,,,,-,,,,,,,,,,,,,,,,,,,,,,,,,,True,True,All-rounder
MT Chinouya (ZIM),2013-2013,2013.0,2013.0,1.0,2.0,2.0,1.0,6.0,6*,6.0,1.0,6.0,8.0,75.0,0.0,0.0,1.0,3.0,0.0,0.0,33.6,2013-2013,2013,2013,0,2,2.0,66.0,50.0,1.0,Jan-36,50.0,4.54,66.0,0.0,0.0,0.5,0.22,0.42,0.0,,,,,,,,,,,,,,,,,True,True,All-rounder
MTG Elliott (AUS),1997-1997,1997.0,1997.0,1.0,1.0,1.0,0.0,1.0,1,1.0,0.0,1.0,6.0,16.66,0.0,0.0,0.0,1.0,0.0,0.0,7.264,1997-1997,1997,1997,0,1,,,,,-,,,,,,,,,,,,,,,,,,,,,,,,,,True,True,All-rounder
MV Boucher (Afr/SA),1998-2011,1998.0,2011.0,14.0,295.0,221.0,57.0,4686.0,147*,147.0,1.0,28.57,5528.0,84.76,1.0,26.0,16.0,15.88,0.34,8.81,51.046,1998-2011,1998,2011,13,295,,,,,-,,,,,,,,,,1998-2011,1998.0,2011.0,13.0,295.0,291.0,425.0,403.0,22.0,402.0,1.0,,1.46,1.37,1.44,0.07,True,True,All-rounder
MV Fleming (ENG),1997-1998,1997.0,1998.0,2.0,11.0,10.0,1.0,139.0,33,33.0,0.0,15.44,137.0,101.45,0.0,0.0,1.0,12.64,0.0,0.0,49.844,1997-1998,1997,1998,1,11,11.0,523.0,434.0,17.0,Apr-45,25.52,4.97,30.7,1.0,0.0,1.55,0.2,1.14,0.0,,,,,,,,,,,,,,,,,True,True,All-rounder
MV Nagamootoo (WI),2000-2002,2000.0,2002.0,3.0,24.0,18.0,6.0,162.0,33,33.0,0.0,13.5,270.0,60.0,0.0,0.0,1.0,6.75,0.0,0.0,32.1,2000-2002,2000,2002,2,24,24.0,1189.0,998.0,18.0,Apr-32,55.44,5.03,66.0,1.0,0.0,0.75,0.2,0.58,0.0,,,,,,,,,,,,,,,,,True,True,All-rounder
MVT Fernando (SL),2017-2019,2017.0,2019.0,3.0,8.0,8.0,6.0,30.0,7*,7.0,1.0,15.0,61.0,49.18,0.0,0.0,1.0,3.75,0.0,0.0,28.672,2017-2019,2017,2019,2,8,8.0,297.0,337.0,5.0,Jan-35,67.4,6.8,59.4,0.0,0.0,0.63,0.15,0.48,0.0,,,,,,,,,,,,,,,,,True,True,All-rounder
MW Alleyne (ENG),1999-2000,1999.0,2000.0,2.0,10.0,8.0,1.0,151.0,53,53.0,0.0,21.57,255.0,59.21,0.0,1.0,0.0,15.1,0.0,10.0,36.626,1999-2000,1999,2000,1,10,9.0,366.0,280.0,10.0,Mar-27,28.0,4.59,36.6,0.0,0.0,1.0,0.22,0.77,0.0,,,,,,,,,,,,,,,,,True,True,All-rounder
MW Douglas (NZ),1994-1995,1994.0,1995.0,2.0,6.0,6.0,0.0,55.0,30,30.0,0.0,9.16,123.0,44.71,0.0,0.0,1.0,9.17,0.0,0.0,23.38,1994-1995,1994,1995,1,6,,,,,-,,,,,,,,,,,,,,,,,,,,,,,,,,True,True,All-rounder
MW Gatting (ENG),1977-1993,1977.0,1993.0,17.0,92.0,88.0,17.0,2095.0,115*,115.0,1.0,29.5,2968.0,70.58,1.0,9.0,4.0,22.77,1.09,9.78,45.932,1977-1993,1977,1993,16,92,14.0,392.0,336.0,10.0,Mar-32,33.6,5.14,39.2,0.0,0.0,0.11,0.19,0.13,0.0,,,,,,,,,,,,,,,,,True,True,All-rounder
MW Goodwin (ZIM),1998-2000,1998.0,2000.0,3.0,71.0,70.0,3.0,1818.0,112*,112.0,1.0,27.13,2654.0,68.5,2.0,8.0,1.0,25.61,2.82,11.27,43.678,1998-2000,1998,2000,2,71,15.0,248.0,210.0,4.0,01-Dec,52.5,5.08,62.0,0.0,0.0,0.06,0.2,0.1,0.0,,,,,,,,,,,,,,,,,True,True,All-rounder
MW Machan (SCOT),2013-2016,2013.0,2016.0,4.0,23.0,22.0,0.0,734.0,114,114.0,0.0,33.36,952.0,77.1,1.0,3.0,1.0,31.91,4.35,13.04,50.856,2013-2016,2013,2016,3,23,16.0,402.0,384.0,9.0,Mar-31,42.66,5.73,44.6,0.0,0.0,0.39,0.17,0.33,0.0,,,,,,,,,,,,,,,,,True,True,All-rounder
MW Priest (NZ),1990-1998,1990.0,1998.0,9.0,18.0,14.0,4.0,103.0,24,24.0,0.0,10.3,225.0,45.77,0.0,0.0,2.0,5.72,0.0,0.0,24.488,1990-1998,1990,1998,8,18,17.0,752.0,590.0,8.0,Feb-27,73.75,4.7,94.0,0.0,0.0,0.44,0.21,0.37,0.0,,,,,,,,,,,,,,,,,True,True,All-rounder
MW Pringle (SA),1992-1994,1992.0,1994.0,3.0,17.0,8.0,3.0,48.0,13*,13.0,1.0,9.6,56.0,85.71,0.0,0.0,1.0,2.82,0.0,0.0,40.044,1992-1994,1992,1994,2,17,17.0,870.0,604.0,22.0,04-Nov,27.45,4.16,39.5,1.0,0.0,1.29,0.24,0.98,0.0,,,,,,,,,,,,,,,,,True,True,All-rounder
MW Rushmere (SA),1992-1992,1992.0,1992.0,1.0,4.0,4.0,0.0,78.0,35,35.0,0.0,19.5,174.0,44.82,0.0,0.0,0.0,19.5,0.0,0.0,29.628,1992-1992,1992,1992,0,4,,,,,-,,,,,,,,,,,,,,,,,,,,,,,,,,True,True,All-rounder
MWA van Nierop (NL),2006-2006,2006.0,2006.0,1.0,2.0,2.0,1.0,35.0,31*,31.0,1.0,35.0,49.0,71.42,0.0,0.0,0.0,17.5,0.0,0.0,49.568,2006-2006,2006,2006,0,2,,,,,-,,,,,,,,,,,,,,,,,,,,,,,,,,True,True,All-rounder
MZ Zahir (CAN),2009-2009,2009.0,2009.0,1.0,1.0,1.0,1.0,3.0,3*,3.0,1.0,,13.0,23.07,0.0,0.0,0.0,3.0,0.0,0.0,,2009-2009,2009,2009,0,1,1.0,30.0,35.0,2.0,Feb-35,17.5,7.0,15.0,0.0,0.0,2.0,0.14,1.44,0.0,,,,,,,,,,,,,,,,,True,True,All-rounder
Mafizur Rahman (BDESH),1997-1997,1997.0,1997.0,1.0,4.0,4.0,1.0,53.0,16,16.0,0.0,17.66,104.0,50.96,0.0,0.0,0.0,13.25,0.0,0.0,30.98,1997-1997,1997,1997,0,4,4.0,66.0,73.0,0.0,-,,6.63,,0.0,0.0,0.0,0.15,0.05,0.0,,,,,,,,,,,,,,,,,True,True,All-rounder
Mahbubul Alam (BDESH),2009-2009,2009.0,2009.0,1.0,5.0,2.0,0.0,81.0,59,59.0,0.0,40.5,71.0,114.08,0.0,1.0,0.0,16.2,0.0,20.0,69.932,2009-2009,2009,2009,0,5,5.0,222.0,280.0,7.0,Feb-42,40.0,7.56,31.7,0.0,0.0,1.4,0.13,1.02,0.0,,,,,,,,,,,,,,,,,True,True,All-rounder
Mahbubur Rahman (BDESH),1999-1999,1999.0,1999.0,1.0,1.0,1.0,0.0,3.0,3,3.0,0.0,3.0,8.0,37.5,0.0,0.0,0.0,3.0,0.0,0.0,16.8,1999-1999,1999,1999,0,1,,,,,-,,,,,,,,,,,,,,,,,,,,,,,,,,True,True,All-rounder
Mahmood Hamid (PAK),1995-1995,1995.0,1995.0,1.0,1.0,1.0,0.0,1.0,1,1.0,0.0,1.0,6.0,16.66,0.0,0.0,0.0,1.0,0.0,0.0,7.264,1995-1995,1995,1995,0,1,,,,,-,,,,,,,,,,,,,,,,,,,,,,,,,,True,True,All-rounder
Mahmudullah (BDESH),2007-2019,2007.0,2019.0,13.0,185.0,160.0,42.0,3994.0,128*,128.0,1.0,33.84,5222.0,76.48,3.0,21.0,8.0,21.59,1.62,11.35,50.896,2007-2019,2007,2019,12,185,134.0,4090.0,3527.0,76.0,03-Apr,46.4,5.17,53.8,0.0,0.0,0.41,0.19,0.35,0.0,,,,,,,,,,,,,,,,,True,True,All-rounder
Majid Khan (PAK),1973-1982,1973.0,1982.0,10.0,23.0,22.0,1.0,786.0,109,109.0,0.0,37.42,1052.0,74.71,1.0,7.0,1.0,34.17,4.35,30.43,52.336,1973-1982,1973,1982,9,23,15.0,658.0,374.0,13.0,Mar-27,28.76,3.41,50.6,0.0,0.0,0.57,0.29,0.48,0.0,,,,,,,,,,,,,,,,,True,True,All-rounder
Maninder Singh (INDIA),1983-1993,1983.0,1993.0,11.0,59.0,18.0,14.0,49.0,8*,8.0,1.0,12.25,90.0,54.44,0.0,0.0,1.0,0.83,0.0,0.0,29.126,1983-1993,1983,1993,10,59,57.0,3133.0,2066.0,66.0,Apr-22,31.3,3.95,47.4,1.0,0.0,1.12,0.25,0.86,0.0,,,,,,,,,,,,,,,,,True,True,All-rounder
Manjural Islam (BDESH),1999-2003,1999.0,2003.0,5.0,34.0,22.0,13.0,53.0,13,13.0,0.0,5.88,134.0,39.55,0.0,0.0,4.0,1.56,0.0,0.0,19.348,1999-2003,1999,2003,4,34,34.0,1591.0,1284.0,24.0,Mar-37,53.5,4.84,66.2,0.0,0.0,0.71,0.21,0.56,0.0,,,,,,,,,,,,,,,,,True,True,All-rounder
Manjural Islam Rana (BDESH),2003-2006,2003.0,2006.0,4.0,25.0,21.0,5.0,331.0,63,63.0,0.0,20.68,668.0,49.55,0.0,1.0,1.0,13.24,0.0,4.0,32.228,2003-2006,2003,2006,3,25,23.0,996.0,689.0,23.0,Apr-34,29.95,4.15,43.3,2.0,0.0,0.92,0.24,0.72,0.0,,,,,,,,,,,,,,,,,True,True,All-rounder
Mansoor Akhtar (PAK),1980-1990,1980.0,1990.0,11.0,41.0,35.0,1.0,593.0,47,47.0,0.0,17.44,1148.0,51.65,0.0,0.0,1.0,14.46,0.0,0.0,31.124,1980-1990,1980,1990,10,41,9.0,138.0,110.0,2.0,01-Jul,55.0,4.78,69.0,0.0,0.0,0.05,0.21,0.1,0.0,,,,,,,,,,,,,,,,,True,True,All-rounder
Mansoor Amjad (PAK),2008-2008,2008.0,2008.0,1.0,1.0,1.0,0.0,5.0,5,5.0,0.0,5.0,10.0,50.0,0.0,0.0,0.0,5.0,0.0,0.0,23.0,2008-2008,2008,2008,0,1,1.0,48.0,44.0,1.0,Jan-44,44.0,5.5,48.0,0.0,0.0,1.0,0.18,0.75,0.0,,,,,,,,,,,,,,,,,True,True,All-rounder
Mansoor Rana (PAK),1990-1990,1990.0,1990.0,1.0,2.0,2.0,0.0,15.0,10,10.0,0.0,7.5,24.0,62.5,0.0,0.0,0.0,7.5,0.0,0.0,29.5,1990-1990,1990,1990,0,2,1.0,6.0,7.0,0.0,-,,7.0,,0.0,0.0,0.0,0.14,0.04,0.0,,,,,,,,,,,,,,,,,True,True,All-rounder
Manzoor Akhtar (PAK),1997-1998,1997.0,1998.0,2.0,7.0,4.0,0.0,97.0,44,44.0,0.0,24.25,147.0,65.98,0.0,0.0,0.0,13.86,0.0,0.0,40.942,1997-1998,1997,1998,1,7,6.0,199.0,184.0,5.0,Apr-50,36.8,5.54,39.8,1.0,0.0,0.71,0.18,0.55,0.0,,,,,,,,,,,,,,,,,True,True,All-rounder
Manzoor Elahi (PAK),1984-1995,1984.0,1995.0,12.0,54.0,46.0,13.0,741.0,50*,50.0,1.0,22.45,827.0,89.6,0.0,1.0,1.0,13.72,0.0,1.85,49.31,1984-1995,1984,1995,11,54,49.0,1743.0,1262.0,29.0,Mar-22,43.51,4.34,60.1,0.0,0.0,0.54,0.23,0.45,0.0,,,,,,,,,,,,,,,,,True,True,All-rounder
Maqsood Rana (PAK),1990-1990,1990.0,1990.0,1.0,1.0,1.0,0.0,5.0,5,5.0,0.0,5.0,13.0,38.46,0.0,0.0,0.0,5.0,0.0,0.0,18.384,1990-1990,1990,1990,0,1,1.0,12.0,11.0,0.0,-,,5.5,,0.0,0.0,0.0,0.18,0.05,0.0,,,,,,,,,,,,,,,,,True,True,All-rounder
Mashrafe Mortaza (Asia/BDESH),2001-2019,2001.0,2019.0,19.0,217.0,156.0,27.0,1786.0,51*,51.0,1.0,13.84,2037.0,87.67,0.0,1.0,15.0,8.23,0.0,0.46,43.372,2001-2019,2001,2019,18,217,217.0,10789.0,8759.0,266.0,Jun-26,32.92,4.87,40.5,7.0,1.0,1.23,0.21,0.92,0.005,,,,,,,,,,,,,,,,,True,True,All-rounder
Masood Iqbal (PAK),1984-1984,1984.0,1984.0,1.0,1.0,1.0,0.0,2.0,2,2.0,0.0,2.0,2.0,100.0,0.0,0.0,0.0,2.0,0.0,0.0,41.2,1984-1984,1984,1984,0,1,,,,,-,,,,,,,,,,,,,,,,,,,,,,,,,,True,True,All-rounder
Mazhar Hussain (UAE),1994-1996,1994.0,1996.0,3.0,7.0,7.0,0.0,179.0,70,70.0,0.0,25.57,334.0,53.59,0.0,1.0,0.0,25.57,0.0,14.29,36.778,1994-1996,1994,1996,2,7,2.0,48.0,60.0,0.0,-,,7.5,,0.0,0.0,0.0,0.13,0.04,0.0,,,,,,,,,,,,,,,,,True,True,All-rounder
Mazharul Haque (BDESH),2002-2002,2002.0,2002.0,1.0,1.0,1.0,0.0,3.0,3,3.0,0.0,3.0,18.0,16.66,0.0,0.0,0.0,3.0,0.0,0.0,8.464,2002-2002,2002,2002,0,1,1.0,4.0,4.0,0.0,-,,6.0,,0.0,0.0,0.0,0.17,0.05,0.0,,,,,,,,,,,,,,,,,True,True,All-rounder
Mehidy Hasan Miraz (BDESH),2017-2019,2017.0,2019.0,3.0,38.0,24.0,4.0,381.0,51,51.0,0.0,19.05,498.0,76.5,0.0,1.0,0.0,10.03,0.0,2.63,42.03,2017-2019,2017,2019,2,38,37.0,1957.0,1520.0,37.0,Apr-29,41.08,4.66,52.8,1.0,0.0,0.97,0.21,0.75,0.0,,,,,,,,,,,,,,,,,True,True,All-rounder
Mehmood Quaraishy (EAf),1975-1975,1975.0,1975.0,1.0,3.0,3.0,1.0,41.0,19,19.0,0.0,20.5,154.0,26.62,0.0,0.0,0.0,13.67,0.0,0.0,22.948,1975-1975,1975,1975,0,3,2.0,108.0,94.0,3.0,Feb-55,31.33,5.22,36.0,0.0,0.0,1.0,0.19,0.76,0.0,,,,,,,,,,,,,,,,,True,True,All-rounder
Mehrab Hossain (BDESH),1998-2003,1998.0,2003.0,6.0,18.0,18.0,0.0,449.0,101,101.0,0.0,24.94,763.0,58.84,1.0,2.0,2.0,24.94,5.56,11.11,38.5,1998-2003,1998,2003,5,18,3.0,30.0,42.0,0.0,-,,8.4,,0.0,0.0,0.0,0.12,0.04,0.0,,,,,,,,,,,,,,,,,True,True,All-rounder
Mehrab Hossain jnr (BDESH),2006-2009,2006.0,2009.0,4.0,18.0,16.0,0.0,276.0,54,54.0,0.0,17.25,642.0,42.99,0.0,1.0,1.0,15.33,0.0,5.56,27.546,2006-2009,2006,2009,3,18,10.0,253.0,214.0,4.0,Feb-30,53.5,5.07,63.2,0.0,0.0,0.22,0.2,0.21,0.0,,,,,,,,,,,,,,,,,True,True,All-rounder
Minhajul Abedin (BDESH),1986-1999,1986.0,1999.0,14.0,27.0,26.0,2.0,453.0,68*,68.0,1.0,18.87,909.0,49.83,0.0,2.0,3.0,16.78,0.0,7.41,31.254,1986-1999,1986,1999,13,27,18.0,546.0,511.0,13.0,Feb-39,39.3,5.61,42.0,0.0,0.0,0.48,0.18,0.39,0.0,,,,,,,,,,,,,,,,,True,True,All-rounder
Mirwais Ashraf (AFG),2009-2016,2009.0,2016.0,8.0,46.0,38.0,11.0,387.0,52*,52.0,1.0,14.33,543.0,71.27,0.0,1.0,3.0,8.41,0.0,2.17,37.106,2009-2016,2009,2016,7,46,45.0,2009.0,1360.0,46.0,Apr-35,29.56,4.06,43.6,1.0,0.0,1.0,0.25,0.77,0.0,,,,,,,,,,,,,,,,,True,True,All-rounder
Misbah-ul-Haq (PAK),2002-2015,2002.0,2015.0,14.0,162.0,149.0,31.0,5122.0,96*,96.0,1.0,43.4,6945.0,73.75,0.0,42.0,6.0,31.62,0.0,25.93,55.54,2002-2015,2002,2015,13,162,1.0,24.0,30.0,0.0,-,,7.5,,0.0,0.0,0.0,0.13,0.04,0.0,,,,,,,,,,,,,,,,,True,True,All-rounder
Mohammad Abbas (PAK),,,,,,,,,,,,,,,,,,,,,,2019-2019,2019,2019,0,3,3.0,162.0,153.0,1.0,Jan-44,153.0,5.66,162.0,0.0,0.0,0.33,0.18,0.29,0.0,,,,,,,,,,,,,,,,,False,True,Bowler
Mohammad Akram (PAK),1995-2000,1995.0,2000.0,6.0,23.0,9.0,7.0,14.0,7*,7.0,1.0,7.0,34.0,41.17,0.0,0.0,1.0,0.61,0.0,0.0,20.668,1995-2000,1995,2000,5,23,21.0,989.0,790.0,19.0,Feb-28,41.57,4.79,52.0,0.0,0.0,0.83,0.21,0.64,0.0,,,,,,,,,,,,,,,,,True,True,All-rounder
Mohammad Amir (PAK),2009-2019,2009.0,2019.0,11.0,61.0,30.0,10.0,363.0,73*,73.0,1.0,18.15,444.0,81.75,0.0,2.0,5.0,5.95,0.0,3.28,43.59,2009-2019,2009,2019,10,61,60.0,3013.0,2400.0,81.0,May-30,29.62,4.77,37.1,1.0,1.0,1.33,0.21,0.99,0.016,,,,,,,,,,,,,,,,,True,True,All-rounder
Mohammad Ashraful (Asia/BDESH),2001-2013,2001.0,2013.0,13.0,177.0,169.0,13.0,3468.0,109,109.0,0.0,22.23,4947.0,70.1,3.0,20.0,14.0,19.59,1.69,11.3,41.378,2001-2013,2001,2013,12,177,40.0,697.0,661.0,18.0,Mar-26,36.72,5.69,38.7,0.0,0.0,0.1,0.18,0.12,0.0,,,,,,,,,,,,,,,,,True,True,All-rounder
Mohammad Asif (Asia/PAK),2005-2010,2005.0,2010.0,6.0,38.0,16.0,7.0,34.0,6,6.0,0.0,3.77,100.0,34.0,0.0,0.0,3.0,0.89,0.0,0.0,15.862,2005-2010,2005,2010,5,38,36.0,1941.0,1524.0,46.0,Mar-28,33.13,4.71,42.1,0.0,0.0,1.21,0.21,0.91,0.0,,,,,,,,,,,,,,,,,True,True,All-rounder
Mohammad Aslam (UAE),1996-1996,1996.0,1996.0,1.0,4.0,4.0,0.0,38.0,23,23.0,0.0,9.5,73.0,52.05,0.0,0.0,0.0,9.5,0.0,0.0,26.52,1996-1996,1996,1996,0,4,,,,,-,,,,,,,,,,,,,,,,,,,,,,,,,,True,True,All-rounder
Mohammad Boota (UAE),2018-2019,2018.0,2019.0,2.0,9.0,9.0,1.0,191.0,59*,59.0,1.0,23.87,252.0,75.79,0.0,1.0,0.0,21.22,0.0,11.11,44.638,2018-2019,2018,2019,1,9,1.0,12.0,10.0,0.0,-,,5.0,,0.0,0.0,0.0,0.2,0.06,0.0,,,,,,,,,,,,,,,,,True,True,All-rounder
Mohammad Hafeez (PAK),2003-2019,2003.0,2019.0,17.0,218.0,216.0,15.0,6614.0,140*,140.0,1.0,32.9,8633.0,76.61,11.0,38.0,19.0,30.34,5.05,17.43,50.384,2003-2019,2003,2019,16,218,177.0,7733.0,5400.0,139.0,Apr-41,38.84,4.18,55.6,1.0,0.0,0.64,0.24,0.52,0.0,,,,,,,,,,,,,,,,,True,True,All-rounder
Mohammad Hasnain (PAK),2019-2019,2019.0,2019.0,1.0,5.0,2.0,0.0,28.0,28,28.0,0.0,14.0,18.0,155.55,0.0,0.0,1.0,5.6,0.0,0.0,70.62,2019-2019,2019,2019,0,5,5.0,246.0,303.0,5.0,Feb-52,60.6,7.39,49.2,0.0,0.0,1.0,0.14,0.74,0.0,,,,,,,,,,,,,,,,,True,True,All-rounder
Mohammad Hussain (PAK),1997-1998,1997.0,1998.0,2.0,14.0,12.0,7.0,154.0,31*,31.0,1.0,30.8,136.0,113.23,0.0,0.0,0.0,11.0,0.0,0.0,63.772,1997-1998,1997,1998,1,14,13.0,672.0,547.0,13.0,Apr-33,42.07,4.88,51.6,1.0,0.0,0.93,0.2,0.71,0.0,,,,,,,,,,,,,,,,,True,True,All-rounder
Mohammad Iqbal (CAN),2007-2008,2007.0,2008.0,2.0,5.0,5.0,0.0,54.0,30,30.0,0.0,10.8,80.0,67.5,0.0,0.0,1.0,10.8,0.0,0.0,33.48,2007-2008,2007,2008,1,5,,,,,-,,,,,,,,,,,,,,,,,,,,,,,,,,True,True,All-rounder
Mohammad Irfan (PAK),2010-2016,2010.0,2016.0,7.0,60.0,33.0,21.0,48.0,12,12.0,0.0,4.0,149.0,32.21,0.0,0.0,8.0,0.8,0.0,0.0,15.284,2010-2016,2010,2016,6,60,60.0,3109.0,2549.0,83.0,Apr-30,30.71,4.91,37.4,2.0,0.0,1.38,0.2,1.03,0.0,,,,,,,,,,,,,,,,,True,True,All-rounder
Mohammad Ishaq (UAE),1994-1996,1994.0,1996.0,3.0,5.0,5.0,1.0,98.0,51*,51.0,1.0,24.5,130.0,75.38,0.0,1.0,0.0,19.6,0.0,20.0,44.852,1994-1996,1994,1996,2,5,,,,,-,,,,,,,,,,,,,,,,,,,,,,,,,,True,True,All-rounder
Mohammad Kashif (NL),2006-2010,2006.0,2010.0,5.0,11.0,3.0,0.0,1.0,1,1.0,0.0,0.33,17.0,5.88,0.0,0.0,2.0,0.09,0.0,0.0,2.55,2006-2010,2006,2010,4,11,11.0,450.0,410.0,9.0,Mar-42,45.55,5.46,50.0,0.0,0.0,0.82,0.18,0.63,0.0,,,,,,,,,,,,,,,,,True,True,All-rounder
Mohammad Khalil (PAK),2005-2005,2005.0,2005.0,1.0,3.0,1.0,1.0,0.0,0*,0.0,1.0,,0.0,,0.0,0.0,0.0,0.0,0.0,0.0,,2005-2005,2005,2005,0,3,3.0,144.0,144.0,5.0,Feb-55,28.8,6.0,28.8,0.0,0.0,1.67,0.17,1.22,0.0,,,,,,,,,,,,,,,,,True,True,All-rounder
Mohammad Mithun (BDESH),2014-2019,2014.0,2019.0,6.0,24.0,21.0,2.0,493.0,63,63.0,0.0,25.94,659.0,74.81,0.0,4.0,1.0,20.54,0.0,16.67,45.488,2014-2019,2014,2019,5,24,,,,,-,,,,,,,,,,,,,,,,,,,,,,,,,,True,True,All-rounder
Mohammad Nabi (AFG),2009-2019,2009.0,2019.0,11.0,124.0,112.0,12.0,2782.0,116,116.0,0.0,27.82,3252.0,85.54,1.0,15.0,6.0,22.44,0.81,12.1,50.908,2009-2019,2009,2019,10,124,120.0,5919.0,4231.0,130.0,Apr-30,32.54,4.28,45.5,3.0,0.0,1.05,0.23,0.8,0.0,,,,,,,,,,,,,,,,,True,True,All-rounder
Mohammad Nadeem (OMAN),2019-2019,2019.0,2019.0,1.0,4.0,3.0,1.0,40.0,29*,29.0,1.0,20.0,89.0,44.94,0.0,0.0,0.0,10.0,0.0,0.0,29.976,2019-2019,2019,2019,0,4,1.0,18.0,23.0,0.0,-,,7.66,,0.0,0.0,0.0,0.13,0.04,0.0,,,,,,,,,,,,,,,,,True,True,All-rounder
Mohammad Naveed (UAE),2014-2019,2014.0,2019.0,6.0,39.0,34.0,10.0,397.0,45,45.0,0.0,16.54,323.0,122.91,0.0,0.0,2.0,10.18,0.0,0.0,59.088,2014-2019,2014,2019,5,39,39.0,1938.0,1757.0,53.0,May-28,33.15,5.43,36.5,0.0,1.0,1.36,0.18,1.01,0.026,,,,,,,,,,,,,,,,,True,True,All-rounder
Mohammad Nawaz (3) (PAK),2016-2019,2016.0,2019.0,4.0,15.0,12.0,3.0,199.0,53,53.0,0.0,22.11,213.0,93.42,0.0,1.0,0.0,13.27,0.0,6.67,50.634,2016-2019,2016,2019,3,15,15.0,699.0,607.0,17.0,Apr-42,35.7,5.21,41.1,1.0,0.0,1.13,0.19,0.85,0.0,,,,,,,,,,,,,,,,,True,True,All-rounder
Mohammad Nazir (PAK),1980-1984,1980.0,1984.0,5.0,4.0,3.0,3.0,4.0,2*,2.0,1.0,,16.0,25.0,0.0,0.0,0.0,1.0,0.0,0.0,,1980-1984,1980,1984,4,4,4.0,222.0,156.0,3.0,Feb-37,52.0,4.21,74.0,0.0,0.0,0.75,0.24,0.6,0.0,,,,,,,,,,,,,,,,,True,True,All-rounder
Mohammad Rafique (Asia/BDESH),1995-2007,1995.0,2007.0,13.0,125.0,106.0,17.0,1191.0,77,77.0,0.0,13.38,1663.0,71.61,0.0,2.0,15.0,9.53,0.0,1.6,36.672,1995-2007,1995,2007,12,125,124.0,6414.0,4739.0,125.0,May-47,37.91,4.43,51.3,3.0,1.0,1.0,0.23,0.77,0.008,,,,,,,,,,,,,,,,,True,True,All-rounder
Mohammad Rizwan (PAK),2015-2019,2015.0,2019.0,5.0,32.0,28.0,7.0,705.0,115,115.0,0.0,33.57,787.0,89.58,2.0,3.0,1.0,22.03,6.25,9.38,55.974,2015-2019,2015,2019,4,32,,,,,-,,,,,,,,,,,,,,,,,,,,,,,,,,True,True,All-rounder
Mohammad Saifuddin (BDESH),2017-2019,2017.0,2019.0,3.0,20.0,12.0,3.0,262.0,51*,51.0,1.0,29.11,322.0,81.36,0.0,2.0,1.0,13.1,0.0,10.0,50.01,2017-2019,2017,2019,2,20,20.0,912.0,909.0,24.0,Mar-45,37.87,5.98,38.0,0.0,0.0,1.2,0.17,0.89,0.0,,,,,,,,,,,,,,,,,True,True,All-rounder
Mohammad Salim (BDESH),2003-2003,2003.0,2003.0,1.0,1.0,1.0,0.0,9.0,9,9.0,0.0,9.0,24.0,37.5,0.0,0.0,0.0,9.0,0.0,0.0,20.4,2003-2003,2003,2003,0,1,,,,,-,,,,,,,,,,,,,,,,,,,,,,,,,,True,True,All-rounder
Mohammad Salman (PAK),2011-2011,2011.0,2011.0,1.0,7.0,3.0,1.0,22.0,19*,19.0,1.0,11.0,39.0,56.41,0.0,0.0,1.0,3.14,0.0,0.0,29.164,2011-2011,2011,2011,0,7,,,,,-,,,,,,,,,,,,,,,,,,,,,,,,,,True,True,All-rounder
Mohammad Sami (PAK),2001-2015,2001.0,2015.0,15.0,87.0,46.0,19.0,314.0,46,46.0,0.0,11.62,490.0,64.08,0.0,0.0,5.0,3.61,0.0,0.0,32.604,2001-2015,2001,2015,14,87,85.0,4284.0,3567.0,121.0,05-Oct,29.47,4.99,35.4,3.0,1.0,1.39,0.2,1.03,0.011,,,,,,,,,,,,,,,,,True,True,All-rounder
Mohammad Shahzad (AFG),2009-2019,2009.0,2019.0,11.0,84.0,84.0,3.0,2727.0,131*,131.0,1.0,33.66,3082.0,88.48,6.0,14.0,4.0,32.46,7.14,16.67,55.588,2009-2019,2009,2019,10,84,,,,,-,,,,,,,,,,,,,,,,,,,,,,,,,,True,True,All-rounder
Mohammad Shahzad (UAE),2014-2016,2014.0,2016.0,3.0,6.0,6.0,0.0,190.0,79,79.0,0.0,31.66,225.0,84.44,0.0,2.0,2.0,31.67,0.0,33.33,52.772,2014-2016,2014,2016,2,6,6.0,240.0,233.0,9.0,Apr-26,25.88,5.82,26.6,1.0,0.0,1.5,0.17,1.1,0.0,,,,,,,,,,,,,,,,,True,True,All-rounder
Mohammad Sharif (BDESH),2001-2007,2001.0,2007.0,7.0,9.0,9.0,5.0,53.0,13*,13.0,1.0,13.25,102.0,51.96,0.0,0.0,1.0,5.89,0.0,0.0,28.734,2001-2007,2001,2007,6,9,9.0,499.0,424.0,10.0,Mar-40,42.4,5.09,49.9,0.0,0.0,1.11,0.2,0.84,0.0,,,,,,,,,,,,,,,,,True,True,All-rounder
Mohammad Talha (PAK),2014-2014,2014.0,2014.0,1.0,3.0,1.0,0.0,0.0,0,0.0,0.0,0.0,1.0,0.0,0.0,0.0,1.0,0.0,0.0,0.0,0.0,2014-2014,2014,2014,0,3,3.0,122.0,146.0,4.0,Feb-22,36.5,7.18,30.5,0.0,0.0,1.33,0.14,0.98,0.0,,,,,,,,,,,,,,,,,True,True,All-rounder
Mohammad Tauqir (UAE),2004-2015,2004.0,2015.0,12.0,11.0,9.0,2.0,95.0,55,55.0,0.0,13.57,164.0,57.92,0.0,1.0,0.0,8.64,0.0,9.09,31.31,2004-2015,2004,2015,11,11,11.0,491.0,383.0,9.0,Feb-38,42.55,4.68,54.5,0.0,0.0,0.82,0.21,0.64,0.0,,,,,,,,,,,,,,,,,True,True,All-rounder
Mohammad Wasim (PAK),1996-2000,1996.0,2000.0,5.0,25.0,25.0,2.0,543.0,76,76.0,0.0,23.6,1043.0,52.06,0.0,3.0,4.0,21.72,0.0,12.0,34.984,1996-2000,1996,2000,4,25,,,,,-,,,,,,,,,,,,,,,,,,,,,,,,,,True,True,All-rounder
Mohammad Yousuf (Asia/PAK),1998-2010,1998.0,2010.0,13.0,288.0,273.0,40.0,9720.0,141*,141.0,1.0,41.71,12942.0,75.1,15.0,64.0,15.0,33.75,5.21,22.22,55.066,1998-2010,1998,2010,12,288,2.0,2.0,1.0,1.0,1/0,1.0,3.0,2.0,0.0,0.0,0.0,0.33,0.1,0.0,,,,,,,,,,,,,,,,,True,True,All-rounder
Mohammad Zahid (PAK),1996-2002,1996.0,2002.0,7.0,11.0,4.0,2.0,15.0,7*,7.0,1.0,7.5,22.0,68.18,0.0,0.0,0.0,1.36,0.0,0.0,31.772,1996-2002,1996,2002,6,11,11.0,512.0,391.0,10.0,Feb-20,39.1,4.58,51.2,0.0,0.0,0.91,0.22,0.7,0.0,,,,,,,,,,,,,,,,,True,True,All-rounder
Mohammed Qasim (UAE),2017-2017,2017.0,2017.0,1.0,5.0,5.0,0.0,94.0,41,41.0,0.0,18.8,188.0,50.0,0.0,0.0,0.0,18.8,0.0,0.0,31.28,2017-2017,2017,2017,0,5,3.0,120.0,71.0,2.0,Jan-13,35.5,3.55,60.0,0.0,0.0,0.4,0.28,0.36,0.0,,,,,,,,,,,,,,,,,True,True,All-rounder
Mohammed Shami (INDIA),2013-2019,2013.0,2019.0,7.0,73.0,34.0,16.0,136.0,25,25.0,0.0,7.55,164.0,82.92,0.0,0.0,5.0,1.86,0.0,0.0,37.698,2013-2019,2013,2019,6,73,72.0,3709.0,3400.0,136.0,May-69,25.0,5.5,27.2,8.0,1.0,1.86,0.18,1.36,0.014,,,,,,,,,,,,,,,,,True,True,All-rounder
Mohammed Siraj (INDIA),,,,,,,,,,,,,,,,,,,,,,2019-2019,2019,2019,0,1,1.0,60.0,76.0,0.0,-,,7.6,,0.0,0.0,0.0,0.13,0.04,0.0,,,,,,,,,,,,,,,,,False,True,Bowler
Mohibullah Oryakhel (AFG),,,,,,,,,,,,,,,,,,,,,,2013-2013,2013,2013,0,2,,,,,-,,,,,,,,,,,,,,,,,,,,,,,,,,False,True,Bowler
Mohsin Kamal (PAK),1984-1989,1984.0,1989.0,6.0,19.0,6.0,3.0,27.0,11*,11.0,1.0,9.0,40.0,67.5,0.0,0.0,0.0,1.42,0.0,0.0,32.4,1984-1989,1984,1989,5,19,19.0,881.0,760.0,21.0,Apr-47,36.19,5.17,41.9,1.0,0.0,1.11,0.19,0.83,0.0,,,,,,,,,,,,,,,,,True,True,All-rounder
Mohsin Khan (PAK),1977-1986,1977.0,1986.0,10.0,75.0,75.0,5.0,1877.0,117*,117.0,1.0,26.81,3373.0,55.64,2.0,8.0,3.0,25.03,2.67,10.67,38.342,1977-1986,1977,1986,9,75,2.0,12.0,5.0,1.0,01-Feb,5.0,2.5,12.0,0.0,0.0,0.01,0.4,0.13,0.0,,,,,,,,,,,,,,,,,True,True,All-rounder
Moin Khan (PAK),1990-2004,1990.0,2004.0,15.0,219.0,183.0,41.0,3266.0,72*,72.0,1.0,23.0,4017.0,81.3,0.0,12.0,17.0,14.91,0.0,5.48,46.32,1990-2004,1990,2004,14,219,,,,,-,,,,,,,,,,1990-2004,1990.0,2004.0,14.0,219.0,217.0,287.0,214.0,73.0,214.0,0.0,,1.3219999999999998,0.98,1.31,0.33,True,True,All-rounder
Moin-ul-Atiq (PAK),1988-1989,1988.0,1989.0,2.0,5.0,5.0,0.0,199.0,105,105.0,0.0,39.8,279.0,71.32,1.0,0.0,0.0,39.8,20.0,0.0,52.408,1988-1989,1988,1989,1,5,,,,,-,,,,,,,,,,,,,,,,,,,,,,,,,,True,True,All-rounder
Mominul Haque (BDESH),2012-2018,2012.0,2018.0,7.0,28.0,26.0,1.0,557.0,60,60.0,0.0,22.28,749.0,74.36,0.0,3.0,1.0,19.89,0.0,10.71,43.112,2012-2018,2012,2018,6,28,12.0,234.0,190.0,7.0,Feb-13,27.14,4.87,33.4,0.0,0.0,0.25,0.21,0.24,0.0,,,,,,,,,,,,,,,,,True,True,All-rounder
Moniruzzaman (BDESH),2003-2003,2003.0,2003.0,1.0,2.0,2.0,0.0,1.0,1,1.0,0.0,0.5,20.0,5.0,0.0,0.0,1.0,0.5,0.0,0.0,2.3,2003-2003,2003,2003,0,2,,,,,-,,,,,,,,,,,,,,,,,,,,,,,,,,True,True,All-rounder
Morshed Ali Khan (BDESH),1998-1998,1998.0,1998.0,1.0,3.0,1.0,1.0,2.0,2*,2.0,1.0,,4.0,50.0,0.0,0.0,0.0,0.67,0.0,0.0,,1998-1998,1998,1998,0,3,3.0,138.0,85.0,2.0,Jan-26,42.5,3.69,69.0,0.0,0.0,0.67,0.27,0.55,0.0,,,,,,,,,,,,,,,,,True,True,All-rounder
Mosaddek Hossain (BDESH),2016-2019,2016.0,2019.0,4.0,35.0,30.0,10.0,549.0,52*,52.0,1.0,27.45,633.0,86.72,0.0,2.0,1.0,15.69,0.0,5.71,51.158,2016-2019,2016,2019,3,35,33.0,902.0,787.0,14.0,Mar-13,56.21,5.23,64.4,0.0,0.0,0.4,0.19,0.34,0.0,,,,,,,,,,,,,,,,,True,True,All-rounder
Mosharraf Hossain (BDESH),2008-2016,2008.0,2016.0,9.0,5.0,5.0,1.0,26.0,8,8.0,0.0,6.5,75.0,34.66,0.0,0.0,0.0,5.2,0.0,0.0,17.764,2008-2016,2008,2016,8,5,5.0,198.0,147.0,4.0,Mar-24,36.75,4.45,49.5,0.0,0.0,0.8,0.22,0.63,0.0,,,,,,,,,,,,,,,,,True,True,All-rounder
Mudassar Bukhari (NL),2007-2014,2007.0,2014.0,8.0,46.0,34.0,4.0,516.0,71,71.0,0.0,17.2,671.0,76.9,0.0,2.0,4.0,11.22,0.0,4.35,41.08,2007-2014,2007,2014,7,46,46.0,2036.0,1601.0,57.0,Mar-17,28.08,4.71,35.7,0.0,0.0,1.24,0.21,0.93,0.0,,,,,,,,,,,,,,,,,True,True,All-rounder
Mudassar Nazar (PAK),1977-1989,1977.0,1989.0,13.0,122.0,115.0,10.0,2653.0,95,95.0,0.0,25.26,5130.0,51.71,0.0,16.0,6.0,21.75,0.0,13.11,35.84,1977-1989,1977,1989,12,122,104.0,4855.0,3432.0,111.0,May-28,30.91,4.24,43.7,1.0,1.0,0.91,0.24,0.71,0.008,,,,,,,,,,,,,,,,,True,True,All-rounder
Muhammad Usman (UAE),2016-2019,2016.0,2019.0,4.0,30.0,30.0,4.0,713.0,80,80.0,0.0,27.42,928.0,76.83,0.0,3.0,2.0,23.77,0.0,10.0,47.184,2016-2019,2016,2019,3,30,,,,,-,,,,,,,,,,,,,,,,,,,,,,,,,,True,True,All-rounder
Mujahid Jamshed (PAK),1997-1997,1997.0,1997.0,1.0,4.0,3.0,1.0,27.0,23,23.0,0.0,13.5,54.0,50.0,0.0,0.0,0.0,6.75,0.0,0.0,28.1,1997-1997,1997,1997,0,4,1.0,24.0,6.0,1.0,01-Jun,6.0,1.5,24.0,0.0,0.0,0.25,0.67,0.38,0.0,,,,,,,,,,,,,,,,,True,True,All-rounder
Mujeeb Ur Rahman (AFG),2017-2019,2017.0,2019.0,3.0,40.0,21.0,10.0,69.0,15,15.0,0.0,6.27,79.0,87.34,0.0,0.0,7.0,1.73,0.0,0.0,38.698,2017-2019,2017,2019,2,40,39.0,2153.0,1414.0,63.0,May-50,22.44,3.94,34.1,2.0,1.0,1.58,0.25,1.18,0.025,,,,,,,,,,,,,,,,,True,True,All-rounder
Munir Dar (HKG),2008-2008,2008.0,2008.0,1.0,2.0,2.0,0.0,18.0,14,14.0,0.0,9.0,16.0,112.5,0.0,0.0,0.0,9.0,0.0,0.0,50.4,2008-2008,2008,2008,0,2,2.0,108.0,89.0,0.0,-,,4.94,,0.0,0.0,0.0,0.2,0.06,0.0,,,,,,,,,,,,,,,,,True,True,All-rounder
Mushfiqur Rahim (BDESH),2006-2019,2006.0,2019.0,14.0,216.0,202.0,34.0,6100.0,144,144.0,0.0,36.3,7718.0,79.03,7.0,37.0,10.0,28.24,3.24,17.13,53.392,2006-2019,2006,2019,13,216,,,,,-,,,,,,,,,,2006-2019,2006.0,2019.0,13.0,216.0,215.0,225.0,181.0,44.0,179.0,2.0,,1.046,0.84,1.04,0.2,True,True,All-rounder
Mushfiqur Rahman (BDESH),2000-2004,2000.0,2004.0,5.0,28.0,25.0,3.0,360.0,49,49.0,0.0,16.36,690.0,52.17,0.0,0.0,4.0,12.86,0.0,0.0,30.684,2000-2004,2000,2004,4,28,28.0,1332.0,983.0,19.0,Feb-21,51.73,4.42,70.1,0.0,0.0,0.68,0.23,0.54,0.0,,,,,,,,,,,,,,,,,True,True,All-rounder
Mushtaq Ahmed (PAK),1989-2003,1989.0,2003.0,15.0,144.0,76.0,34.0,399.0,34*,34.0,1.0,9.5,698.0,57.16,0.0,0.0,10.0,2.77,0.0,0.0,28.564,1989-2003,1989,2003,14,144,142.0,7543.0,5361.0,161.0,May-36,33.29,4.26,46.8,3.0,1.0,1.12,0.23,0.85,0.007,,,,,,,,,,,,,,,,,True,True,All-rounder
Mushtaq Mohammad (PAK),1973-1978,1973.0,1978.0,6.0,10.0,9.0,3.0,209.0,55,55.0,0.0,34.83,353.0,59.2,0.0,1.0,0.0,20.9,0.0,10.0,44.578,1973-1978,1973,1978,5,10,2.0,42.0,23.0,0.0,-,,3.28,,0.0,0.0,0.0,0.3,0.09,0.0,,,,,,,,,,,,,,,,,True,True,All-rounder
Mustafizur Rahman (BDESH),2015-2019,2015.0,2019.0,5.0,56.0,27.0,17.0,78.0,18*,18.0,1.0,7.8,136.0,57.35,0.0,0.0,4.0,1.39,0.0,0.0,27.62,2015-2019,2015,2019,4,56,55.0,2813.0,2458.0,107.0,Jun-43,22.97,5.24,26.2,3.0,5.0,1.91,0.19,1.39,0.089,,,,,,,,,,,,,,,,,True,True,All-rounder
N Boje (Afr/SA),1995-2005,1995.0,2005.0,11.0,115.0,71.0,18.0,1414.0,129,129.0,0.0,26.67,1594.0,88.7,2.0,4.0,2.0,12.3,1.74,3.48,51.482,1995-2005,1995,2005,10,115,108.0,4541.0,3415.0,96.0,May-21,35.57,4.51,47.3,2.0,1.0,0.83,0.22,0.65,0.009,,,,,,,,,,,,,,,,,True,True,All-rounder
N Chopra (INDIA),1998-2000,1998.0,2000.0,3.0,39.0,26.0,6.0,310.0,61,61.0,0.0,15.5,498.0,62.24,0.0,1.0,1.0,7.95,0.0,2.56,34.196,1998-2000,1998,2000,2,39,37.0,1835.0,1286.0,46.0,May-21,27.95,4.2,39.8,1.0,1.0,1.18,0.24,0.9,0.026,,,,,,,,,,,,,,,,,True,True,All-rounder
N Deonarine (WI),2005-2015,2005.0,2015.0,11.0,31.0,29.0,3.0,682.0,65*,65.0,1.0,26.23,989.0,68.95,0.0,4.0,0.0,22.0,0.0,12.9,43.318,2005-2015,2005,2015,10,31,20.0,501.0,475.0,6.0,Feb-18,79.16,5.68,83.5,0.0,0.0,0.19,0.18,0.19,0.0,,,,,,,,,,,,,,,,,True,True,All-rounder
N Dickwella (SL),2014-2019,2014.0,2019.0,6.0,52.0,49.0,1.0,1571.0,116,116.0,0.0,32.72,1679.0,93.56,2.0,9.0,1.0,30.21,3.85,17.31,57.056,2014-2019,2014,2019,5,52,,,,,-,,,,,,,,,,,,,,,,,,,,,,,,,,True,True,All-rounder
N Dutta (CAN),,,,,,,,,,,,,,,,,,,,,,2013-2013,2013,2013,0,1,1.0,36.0,31.0,0.0,-,,5.16,,0.0,0.0,0.0,0.19,0.06,0.0,,,,,,,,,,,,,,,,,False,True,Bowler
N Fernandes (UAE),2008-2008,2008.0,2008.0,1.0,1.0,1.0,0.0,5.0,5,5.0,0.0,5.0,13.0,38.46,0.0,0.0,0.0,5.0,0.0,0.0,18.384,2008-2008,2008,2008,0,1,,,,,-,,,,,,,,,,,,,,,,,,,,,,,,,,True,True,All-rounder
N Gifford (ENG),1985-1985,1985.0,1985.0,1.0,2.0,1.0,0.0,0.0,0,0.0,0.0,0.0,8.0,0.0,0.0,0.0,1.0,0.0,0.0,0.0,0.0,1985-1985,1985,1985,0,2,2.0,120.0,50.0,4.0,Apr-23,12.5,2.5,30.0,1.0,0.0,2.0,0.4,1.52,0.0,,,,,,,,,,,,,,,,,True,True,All-rounder
N Hussain (ENG),1989-2003,1989.0,2003.0,15.0,88.0,87.0,10.0,2332.0,115,115.0,0.0,30.28,3481.0,66.99,1.0,16.0,6.0,26.5,1.14,18.18,44.964,1989-2003,1989,2003,14,88,,,,,-,,,,,,,,,,,,,,,,,,,,,,,,,,True,True,All-rounder
N Ifill (CAN),2003-2006,2003.0,2006.0,4.0,4.0,3.0,0.0,16.0,9,9.0,0.0,5.33,45.0,35.55,0.0,0.0,1.0,4.0,0.0,0.0,17.418,2003-2006,2003,2006,3,4,3.0,72.0,88.0,0.0,-,,7.33,,0.0,0.0,0.0,0.14,0.04,0.0,,,,,,,,,,,,,,,,,True,True,All-rounder
N Kapil Dev (INDIA),1978-1994,1978.0,1994.0,17.0,225.0,198.0,39.0,3783.0,175*,175.0,1.0,23.79,3979.0,95.07,1.0,14.0,13.0,16.81,0.44,6.22,52.302,1978-1994,1978,1994,16,225,221.0,11202.0,6945.0,253.0,May-43,27.45,3.71,44.2,3.0,1.0,1.12,0.27,0.87,0.004,,,,,,,,,,,,,,,,,True,True,All-rounder
N Kruger (NL),2011-2011,2011.0,2011.0,1.0,2.0,2.0,0.0,39.0,34,34.0,0.0,19.5,75.0,52.0,0.0,0.0,0.0,19.5,0.0,0.0,32.5,2011-2011,2011,2011,0,2,,,,,-,,,,,,,,,,,,,,,,,,,,,,,,,,True,True,All-rounder
N M'shangwe (ZIM),2011-2014,2011.0,2014.0,4.0,6.0,6.0,1.0,38.0,16,16.0,0.0,7.6,45.0,84.44,0.0,0.0,1.0,6.33,0.0,0.0,38.336,2011-2014,2011,2014,3,6,6.0,336.0,260.0,3.0,Feb-50,86.66,4.64,112.0,0.0,0.0,0.5,0.22,0.41,0.0,,,,,,,,,,,,,,,,,True,True,All-rounder
N Madziva (ZIM),2014-2016,2014.0,2016.0,3.0,12.0,12.0,3.0,67.0,25,25.0,0.0,7.44,138.0,48.55,0.0,0.0,2.0,5.58,0.0,0.0,23.884,2014-2016,2014,2016,2,12,12.0,520.0,519.0,20.0,Apr-49,25.95,5.98,26.0,1.0,0.0,1.67,0.17,1.22,0.0,,,,,,,,,,,,,,,,,True,True,All-rounder
N Ncube (ZIM),2011-2011,2011.0,2011.0,1.0,1.0,1.0,1.0,0.0,0*,0.0,1.0,,0.0,,0.0,0.0,0.0,0.0,0.0,0.0,,2011-2011,2011,2011,0,1,1.0,53.0,69.0,3.0,Mar-69,23.0,7.81,17.6,0.0,0.0,3.0,0.13,2.14,0.0,,,,,,,,,,,,,,,,,True,True,All-rounder
N Phillip (WI),1978-1978,1978.0,1978.0,1.0,1.0,1.0,0.0,0.0,0,0.0,0.0,0.0,5.0,0.0,0.0,0.0,1.0,0.0,0.0,0.0,0.0,1978-1978,1978,1978,0,1,1.0,42.0,22.0,1.0,Jan-22,22.0,3.14,42.0,0.0,0.0,1.0,0.32,0.8,0.0,,,,,,,,,,,,,,,,,True,True,All-rounder
N Pokana (PNG),2017-2019,2017.0,2019.0,3.0,14.0,9.0,4.0,52.0,11*,11.0,1.0,10.4,106.0,49.05,0.0,0.0,1.0,3.71,0.0,0.0,25.86,2017-2019,2017,2019,2,14,14.0,641.0,503.0,20.0,Mar-25,25.15,4.7,32.0,0.0,0.0,1.43,0.21,1.06,0.0,,,,,,,,,,,,,,,,,True,True,All-rounder
N Pooran (WI),2019-2019,2019.0,2019.0,1.0,19.0,17.0,3.0,728.0,118,118.0,0.0,52.0,661.0,110.13,1.0,5.0,1.0,38.32,5.26,26.32,75.252,2019-2019,2019,2019,0,19,,,,,-,,,,,,,,,,,,,,,,,,,,,,,,,,True,True,All-rounder
N Pothas (SA),2000-2000,2000.0,2000.0,1.0,3.0,1.0,0.0,24.0,24,24.0,0.0,24.0,41.0,58.53,0.0,0.0,0.0,8.0,0.0,0.0,37.812,2000-2000,2000,2000,0,3,,,,,-,,,,,,,,,,,,,,,,,,,,,,,,,,True,True,All-rounder
N Pradeep (SL),2012-2019,2012.0,2019.0,8.0,42.0,21.0,14.0,29.0,7,7.0,0.0,4.14,77.0,37.66,0.0,0.0,4.0,0.69,0.0,0.0,17.548,2012-2019,2012,2019,7,42,40.0,1996.0,1998.0,54.0,Apr-31,37.0,6.0,36.9,2.0,0.0,1.29,0.17,0.95,0.0,,,,,,,,,,,,,,,,,True,True,All-rounder
N Ranatunga (SL),1993-1993,1993.0,1993.0,1.0,2.0,1.0,0.0,0.0,0,0.0,0.0,0.0,3.0,0.0,0.0,0.0,1.0,0.0,0.0,0.0,0.0,1993-1993,1993,1993,0,2,2.0,102.0,82.0,1.0,Jan-33,82.0,4.82,102.0,0.0,0.0,0.5,0.21,0.41,0.0,,,,,,,,,,,,,,,,,True,True,All-rounder
N Vanua (PNG),2014-2019,2014.0,2019.0,6.0,23.0,20.0,3.0,254.0,35,35.0,0.0,14.94,289.0,87.88,0.0,0.0,2.0,11.04,0.0,0.0,44.116,2014-2019,2014,2019,5,23,23.0,1060.0,900.0,34.0,Apr-24,26.47,5.09,31.1,4.0,0.0,1.48,0.2,1.09,0.0,,,,,,,,,,,,,,,,,True,True,All-rounder
NA David (INDIA),1997-1997,1997.0,1997.0,1.0,4.0,2.0,2.0,9.0,8*,8.0,1.0,,10.0,90.0,0.0,0.0,0.0,2.25,0.0,0.0,,1997-1997,1997,1997,0,4,4.0,192.0,133.0,4.0,Mar-21,33.25,4.15,48.0,0.0,0.0,1.0,0.24,0.77,0.0,,,,,,,,,,,,,,,,,True,True,All-rounder
NA Foster (ENG),1984-1989,1984.0,1989.0,6.0,48.0,25.0,12.0,150.0,24,24.0,0.0,11.53,244.0,61.47,0.0,0.0,3.0,3.13,0.0,0.0,31.506,1984-1989,1984,1989,5,48,48.0,2627.0,1836.0,59.0,Mar-20,31.11,4.19,44.5,0.0,0.0,1.23,0.24,0.93,0.0,,,,,,,,,,,,,,,,,True,True,All-rounder
NA Saini (INDIA),,,,,,,,,,,,,,,,,,,,,,2019-2019,2019,2019,0,1,1.0,60.0,58.0,2.0,Feb-58,29.0,5.8,30.0,0.0,0.0,2.0,0.17,1.45,0.0,,,,,,,,,,,,,,,,,False,True,Bowler
NA Statham (NL),2003-2009,2003.0,2009.0,7.0,3.0,3.0,0.0,7.0,7,7.0,0.0,2.33,50.0,14.0,0.0,0.0,2.0,2.33,0.0,0.0,6.998,2003-2009,2003,2009,6,3,,,,,-,,,,,,,,,,,,,,,,,,,,,,,,,,True,True,All-rounder
NA de Groot (CAN),2003-2003,2003.0,2003.0,1.0,6.0,6.0,0.0,44.0,17,17.0,0.0,7.33,127.0,34.64,0.0,0.0,3.0,7.33,0.0,0.0,18.254,2003-2003,2003,2003,0,6,3.0,81.0,88.0,3.0,Feb-45,29.33,6.51,27.0,0.0,0.0,0.5,0.15,0.4,0.0,,,,,,,,,,,,,,,,,True,True,All-rounder
NAM McLean (WI),1996-2003,1996.0,2003.0,8.0,45.0,34.0,8.0,314.0,50*,50.0,1.0,12.07,383.0,81.98,0.0,1.0,7.0,6.98,0.0,2.22,40.034,1996-2003,1996,2003,7,45,45.0,2120.0,1729.0,46.0,Mar-21,37.58,4.89,46.0,0.0,0.0,1.02,0.2,0.78,0.0,,,,,,,,,,,,,,,,,True,True,All-rounder
NB Mahwire (ZIM),2004-2006,2004.0,2006.0,3.0,23.0,19.0,8.0,117.0,22*,22.0,1.0,10.63,249.0,46.98,0.0,0.0,2.0,5.09,0.0,0.0,25.17,2004-2006,2004,2006,2,23,21.0,885.0,775.0,21.0,Mar-29,36.9,5.25,42.1,0.0,0.0,0.91,0.19,0.7,0.0,,,,,,,,,,,,,,,,,True,True,All-rounder
NC Johnson (ZIM),1998-2000,1998.0,2000.0,3.0,48.0,48.0,2.0,1679.0,132*,132.0,1.0,36.5,2389.0,70.28,4.0,11.0,2.0,34.98,8.33,22.92,50.012,1998-2000,1998,2000,2,48,39.0,1503.0,1220.0,35.0,Apr-42,34.85,4.87,42.9,1.0,0.0,0.73,0.21,0.57,0.0,,,,,,,,,,,,,,,,,True,True,All-rounder
NC McGarrell (WI),1998-2001,1998.0,2001.0,4.0,17.0,10.0,2.0,60.0,19,19.0,0.0,7.5,98.0,61.22,0.0,0.0,2.0,3.53,0.0,0.0,28.988,1998-2001,1998,2001,3,17,17.0,859.0,681.0,15.0,Mar-32,45.4,4.75,57.2,0.0,0.0,0.88,0.21,0.68,0.0,,,,,,,,,,,,,,,,,True,True,All-rounder
ND Hirwani (INDIA),1988-1992,1988.0,1992.0,5.0,18.0,7.0,3.0,8.0,4,4.0,0.0,2.0,29.0,27.58,0.0,0.0,2.0,0.44,0.0,0.0,12.232,1988-1992,1988,1992,4,18,18.0,960.0,719.0,23.0,Apr-43,31.26,4.49,41.7,3.0,0.0,1.28,0.22,0.96,0.0,,,,,,,,,,,,,,,,,True,True,All-rounder
ND McKenzie (SA),2000-2009,2000.0,2009.0,10.0,64.0,55.0,10.0,1688.0,131*,131.0,1.0,37.51,2432.0,69.4,2.0,10.0,2.0,26.38,3.13,15.63,50.266,2000-2009,2000,2009,9,64,5.0,46.0,27.0,0.0,-,,3.52,,0.0,0.0,0.0,0.28,0.09,0.0,,,,,,,,,,,,,,,,,True,True,All-rounder
NE Clarke (NL),1996-1996,1996.0,1996.0,1.0,5.0,5.0,0.0,50.0,32,32.0,0.0,10.0,112.0,44.64,0.0,0.0,2.0,10.0,0.0,0.0,23.856,1996-1996,1996,1996,0,5,,,,,-,,,,,,,,,,,,,,,,,,,,,,,,,,True,True,All-rounder
NFI McCallum (SCOT),2006-2011,2006.0,2011.0,6.0,43.0,42.0,6.0,1002.0,121*,121.0,1.0,27.83,1451.0,69.05,2.0,4.0,3.0,23.3,4.65,9.3,44.318,2006-2011,2006,2011,5,43,,,,,-,,,,,,,,,,,,,,,,,,,,,,,,,,True,True,All-rounder
NG Cowans (ENG),1983-1985,1983.0,1985.0,3.0,23.0,8.0,3.0,13.0,4*,4.0,1.0,2.6,29.0,44.82,0.0,0.0,3.0,0.57,0.0,0.0,19.488,1983-1985,1983,1985,2,23,23.0,1282.0,913.0,23.0,Mar-44,39.69,4.27,55.7,0.0,0.0,1.0,0.23,0.77,0.0,,,,,,,,,,,,,,,,,True,True,All-rounder
NG Jones (IRE),2010-2011,2010.0,2011.0,2.0,14.0,9.0,4.0,74.0,25*,25.0,1.0,14.8,102.0,72.54,0.0,0.0,0.0,5.29,0.0,0.0,37.896,2010-2011,2010,2011,1,14,13.0,389.0,234.0,10.0,Feb-19,23.4,3.6,38.9,0.0,0.0,0.71,0.28,0.58,0.0,,,,,,,,,,,,,,,,,True,True,All-rounder
NGB Cook (ENG),,,,,,,,,,,,,,,,,,,,,,1984-1989,1984,1989,5,3,3.0,144.0,95.0,5.0,Feb-18,19.0,3.95,28.8,0.0,0.0,1.67,0.25,1.24,0.0,,,,,,,,,,,,,,,,,False,True,Bowler
NGRP Jayasuriya (SL),2018-2018,2018.0,2018.0,1.0,2.0,2.0,1.0,11.0,11*,11.0,1.0,11.0,13.0,84.61,0.0,0.0,1.0,5.5,0.0,0.0,40.444,2018-2018,2018,2018,0,2,2.0,96.0,95.0,0.0,-,,5.93,,0.0,0.0,0.0,0.17,0.05,0.0,,,,,,,,,,,,,,,,,True,True,All-rounder
NH Fairbrother (ENG),1987-1999,1987.0,1999.0,13.0,75.0,71.0,18.0,2092.0,113,113.0,0.0,39.47,2903.0,72.06,1.0,16.0,2.0,27.89,1.33,21.33,52.506,1987-1999,1987,1999,12,75,1.0,6.0,9.0,0.0,-,,9.0,,0.0,0.0,0.0,0.11,0.03,0.0,,,,,,,,,,,,,,,,,True,True,All-rounder
NJ Astle (NZ),1995-2007,1995.0,2007.0,13.0,223.0,217.0,14.0,7090.0,145*,145.0,1.0,34.92,9760.0,72.64,16.0,41.0,19.0,31.79,7.17,18.39,50.008,1995-2007,1995,2007,12,223,159.0,4850.0,3809.0,99.0,Apr-43,38.47,4.71,48.9,1.0,0.0,0.44,0.21,0.37,0.0,,,,,,,,,,,,,,,,,True,True,All-rounder
NJ MacRae (SCOT),2006-2006,2006.0,2006.0,1.0,2.0,2.0,0.0,10.0,8,8.0,0.0,5.0,36.0,27.77,0.0,0.0,0.0,5.0,0.0,0.0,14.108,2006-2006,2006,2006,0,2,,,,,-,,,,,,,,,,,,,,,,,,,,,,,,,,True,True,All-rounder
NJ O'Brien (IRE),2006-2018,2006.0,2018.0,13.0,103.0,101.0,9.0,2581.0,109,109.0,0.0,28.05,3638.0,70.94,1.0,18.0,3.0,25.06,0.97,17.48,45.206,2006-2018,2006,2018,12,103,,,,,-,,,,,,,,,,,,,,,,,,,,,,,,,,True,True,All-rounder
NK Patel (USA),2019-2019,2019.0,2019.0,1.0,6.0,5.0,0.0,88.0,40,40.0,0.0,17.6,134.0,65.67,0.0,0.0,0.0,14.67,0.0,0.0,36.828,2019-2019,2019,2019,0,6,5.0,132.0,101.0,7.0,02-Nov,14.42,4.59,18.8,0.0,0.0,1.17,0.22,0.88,0.0,,,,,,,,,,,,,,,,,True,True,All-rounder
NL McCullum (NZ),2009-2015,2009.0,2015.0,7.0,84.0,62.0,11.0,1070.0,65,65.0,0.0,20.98,1220.0,87.7,0.0,4.0,3.0,12.74,0.0,4.76,47.668,2009-2015,2009,2015,6,84,81.0,3536.0,2956.0,63.0,Mar-24,46.92,5.01,56.1,0.0,0.0,0.75,0.2,0.58,0.0,,,,,,,,,,,,,,,,,True,True,All-rounder
NLK Ratnayake (SL),,,,,,,,,,,,,,,,,,,,,,1989-1990,1989,1990,1,2,2.0,101.0,98.0,2.0,Jan-39,49.0,5.82,50.5,0.0,0.0,1.0,0.17,0.75,0.0,,,,,,,,,,,,,,,,,False,True,Bowler
NLTC Perera (SL),2009-2019,2009.0,2019.0,11.0,161.0,128.0,16.0,2210.0,140,140.0,0.0,19.73,1979.0,111.67,1.0,10.0,11.0,13.73,0.62,6.21,56.506,2009-2019,2009,2019,10,161,152.0,5711.0,5556.0,171.0,Jun-44,32.49,5.83,33.3,5.0,4.0,1.06,0.17,0.79,0.025,,,,,,,,,,,,,,,,,True,True,All-rounder
NM Carter (SCOT),2013-2013,2013.0,2013.0,1.0,3.0,1.0,0.0,0.0,0,0.0,0.0,0.0,6.0,0.0,0.0,0.0,1.0,0.0,0.0,0.0,0.0,2013-2013,2013,2013,0,3,3.0,175.0,132.0,5.0,Mar-27,26.4,4.52,35.0,0.0,0.0,1.67,0.22,1.23,0.0,,,,,,,,,,,,,,,,,True,True,All-rounder
NM Coulter-Nile (AUS),2013-2019,2013.0,2019.0,7.0,32.0,21.0,6.0,252.0,92,92.0,0.0,16.8,262.0,96.18,0.0,1.0,2.0,7.88,0.0,3.13,48.552,2013-2019,2013,2019,6,32,32.0,1678.0,1555.0,52.0,Apr-48,29.9,5.56,32.2,1.0,0.0,1.63,0.18,1.19,0.0,,,,,,,,,,,,,,,,,True,True,All-rounder
NM Hauritz (AUS),2002-2011,2002.0,2011.0,10.0,58.0,32.0,17.0,336.0,53*,53.0,1.0,22.4,349.0,96.27,0.0,1.0,0.0,5.79,0.0,1.72,51.948,2002-2011,2002,2011,9,58,56.0,2724.0,2152.0,63.0,Apr-29,34.15,4.74,43.2,2.0,0.0,1.09,0.21,0.82,0.0,,,,,,,,,,,,,,,,,True,True,All-rounder
NM Kulkarni (INDIA),1997-1998,1997.0,1998.0,2.0,10.0,5.0,3.0,11.0,5*,5.0,1.0,5.5,20.0,55.0,0.0,0.0,1.0,1.1,0.0,0.0,25.3,1997-1998,1997,1998,1,10,8.0,402.0,357.0,11.0,Mar-27,32.45,5.32,36.5,0.0,0.0,1.1,0.19,0.83,0.0,,,,,,,,,,,,,,,,,True,True,All-rounder
NM Lyon (AUS),2012-2019,2012.0,2019.0,8.0,29.0,14.0,10.0,77.0,30,30.0,0.0,19.25,83.0,92.77,0.0,0.0,1.0,2.66,0.0,0.0,48.658,2012-2019,2012,2019,7,29,29.0,1626.0,1334.0,29.0,Apr-44,46.0,4.92,56.0,1.0,0.0,1.0,0.2,0.76,0.0,,,,,,,,,,,,,,,,,True,True,All-rounder
NM Odhiambo (KENYA),2010-2013,2010.0,2013.0,4.0,8.0,6.0,0.0,56.0,29,29.0,0.0,9.33,121.0,46.28,0.0,0.0,0.0,7.0,0.0,0.0,24.11,2010-2013,2010,2013,3,8,7.0,318.0,256.0,8.0,Mar-48,32.0,4.83,39.7,0.0,0.0,1.0,0.21,0.76,0.0,,,,,,,,,,,,,,,,,True,True,All-rounder
NM Parker (NZ),1976-1976,1976.0,1976.0,1.0,1.0,1.0,0.0,0.0,0,0.0,0.0,0.0,3.0,0.0,0.0,0.0,1.0,0.0,0.0,0.0,0.0,1976-1976,1976,1976,0,1,,,,,-,,,,,,,,,,,,,,,,,,,,,,,,,,True,True,All-rounder
NMK Smith (ENG),1996-1996,1996.0,1996.0,1.0,7.0,6.0,1.0,100.0,31,31.0,0.0,20.0,132.0,75.75,0.0,0.0,0.0,14.29,0.0,0.0,42.3,1996-1996,1996,1996,0,7,6.0,261.0,190.0,6.0,Mar-29,31.66,4.36,43.5,0.0,0.0,0.86,0.23,0.67,0.0,,,,,,,,,,,,,,,,,True,True,All-rounder
NN Odhiambo (KENYA),2006-2014,2006.0,2014.0,9.0,69.0,53.0,9.0,528.0,66,66.0,0.0,12.0,737.0,71.64,0.0,1.0,9.0,7.65,0.0,1.45,35.856,2006-2014,2006,2014,8,69,67.0,2808.0,2585.0,70.0,Apr-61,36.92,5.52,40.1,1.0,0.0,1.01,0.18,0.76,0.0,,,,,,,,,,,,,,,,,True,True,All-rounder
NO Miller (WI),2008-2018,2008.0,2018.0,11.0,50.0,27.0,13.0,284.0,51,51.0,0.0,20.28,359.0,79.1,0.0,1.0,4.0,5.68,0.0,2.0,43.808,2008-2018,2008,2018,10,50,46.0,2125.0,1660.0,45.0,Apr-43,36.88,4.68,47.2,2.0,0.0,0.9,0.21,0.69,0.0,,,,,,,,,,,,,,,,,True,True,All-rounder
NO Perry (WI),1999-2000,1999.0,2000.0,2.0,21.0,16.0,8.0,212.0,52*,52.0,1.0,26.5,340.0,62.35,0.0,1.0,2.0,10.1,0.0,4.76,40.84,1999-2000,1999,2000,1,21,21.0,946.0,783.0,20.0,Mar-45,39.15,4.96,47.3,0.0,0.0,0.95,0.2,0.73,0.0,,,,,,,,,,,,,,,,,True,True,All-rounder
NP Kenjige (USA),2019-2019,2019.0,2019.0,1.0,4.0,2.0,2.0,7.0,6*,6.0,1.0,,3.0,233.33,0.0,0.0,0.0,1.75,0.0,0.0,,2019-2019,2019,2019,0,4,4.0,156.0,129.0,3.0,Jan-26,43.0,4.96,52.0,0.0,0.0,0.75,0.2,0.59,0.0,,,,,,,,,,,,,,,,,True,True,All-rounder
NR Dyer (SCOT),1999-1999,1999.0,1999.0,1.0,5.0,4.0,3.0,3.0,2*,2.0,1.0,3.0,14.0,21.42,0.0,0.0,1.0,0.6,0.0,0.0,10.368,1999-1999,1999,1999,0,5,3.0,156.0,117.0,5.0,Feb-26,23.4,4.5,31.2,0.0,0.0,1.0,0.22,0.77,0.0,,,,,,,,,,,,,,,,,True,True,All-rounder
NR Kumar (CAN),2010-2014,2010.0,2014.0,5.0,16.0,15.0,1.0,217.0,38,38.0,0.0,15.5,397.0,54.65,0.0,0.0,1.0,13.56,0.0,0.0,31.16,2010-2014,2010,2014,4,16,2.0,66.0,63.0,2.0,Feb-40,31.5,5.72,33.0,0.0,0.0,0.13,0.17,0.14,0.0,,,,,,,,,,,,,,,,,True,True,All-rounder
NR Mongia (INDIA),1994-2000,1994.0,2000.0,7.0,140.0,96.0,33.0,1272.0,69,69.0,0.0,20.19,1846.0,68.9,0.0,2.0,4.0,9.09,0.0,1.43,39.674,1994-2000,1994,2000,6,140,,,,,-,,,,,,,,,,1994-2000,1994.0,2000.0,6.0,140.0,139.0,154.0,110.0,44.0,110.0,0.0,,1.107,0.79,1.1,0.31,True,True,All-rounder
NS Poonia (SCOT),2006-2009,2006.0,2009.0,4.0,21.0,21.0,0.0,237.0,67,67.0,0.0,11.28,377.0,62.86,0.0,1.0,7.0,11.29,0.0,4.76,31.912,2006-2009,2006,2009,3,21,,,,,-,,,,,,,,,,,,,,,,,,,,,,,,,,True,True,All-rounder
NS Sidhu (INDIA),1987-1998,1987.0,1998.0,12.0,136.0,127.0,8.0,4413.0,134*,134.0,1.0,37.08,6329.0,69.72,6.0,33.0,7.0,32.45,4.41,24.26,50.136,1987-1998,1987,1998,11,136,2.0,4.0,3.0,0.0,-,,4.5,,0.0,0.0,0.0,0.22,0.07,0.0,,,,,,,,,,,,,,,,,True,True,All-rounder
NS Yadav (INDIA),1986-1987,1986.0,1987.0,2.0,7.0,2.0,2.0,1.0,1*,1.0,1.0,,16.0,6.25,0.0,0.0,0.0,0.14,0.0,0.0,,1986-1987,1986,1987,1,7,7.0,330.0,228.0,8.0,Feb-18,28.5,4.14,41.2,0.0,0.0,1.14,0.24,0.87,0.0,,,,,,,,,,,,,,,,,True,True,All-rounder
NT Broom (NZ),2009-2017,2009.0,2017.0,9.0,39.0,39.0,4.0,943.0,109*,109.0,1.0,26.94,1161.0,81.22,1.0,5.0,7.0,24.18,2.56,12.82,48.652,2009-2017,2009,2017,8,39,,,,,-,,,,,,,,,,,,,,,,,,,,,,,,,,True,True,All-rounder
NT Pascal (WI),2009-2009,2009.0,2009.0,1.0,1.0,1.0,0.0,0.0,0,0.0,0.0,0.0,1.0,0.0,0.0,0.0,1.0,0.0,0.0,0.0,0.0,2009-2009,2009,2009,0,1,1.0,24.0,29.0,0.0,-,,7.25,,0.0,0.0,0.0,0.14,0.04,0.0,,,,,,,,,,,,,,,,,True,True,All-rounder
NV Knight (ENG),1996-2003,1996.0,2003.0,8.0,100.0,100.0,10.0,3637.0,125*,125.0,1.0,40.41,5085.0,71.52,5.0,25.0,6.0,36.37,5.0,25.0,52.854,1996-2003,1996,2003,7,100,,,,,-,,,,,,,,,,,,,,,,,,,,,,,,,,True,True,All-rounder
NV Ojha (INDIA),2010-2010,2010.0,2010.0,1.0,1.0,1.0,0.0,1.0,1,1.0,0.0,1.0,7.0,14.28,0.0,0.0,0.0,1.0,0.0,0.0,6.312,2010-2010,2010,2010,0,1,,,,,-,,,,,,,,,,,,,,,,,,,,,,,,,,True,True,All-rounder
NV Radford (ENG),1988-1988,1988.0,1988.0,1.0,6.0,3.0,2.0,0.0,0*,0.0,1.0,0.0,7.0,0.0,0.0,0.0,1.0,0.0,0.0,0.0,0.0,1988-1988,1988,1988,0,6,6.0,348.0,230.0,2.0,Jan-32,115.0,3.96,174.0,0.0,0.0,0.33,0.25,0.31,0.0,,,,,,,,,,,,,,,,,True,True,All-rounder
NW Bracken (AUS),2001-2009,2001.0,2009.0,9.0,116.0,35.0,18.0,199.0,21*,21.0,1.0,11.7,282.0,70.56,0.0,0.0,5.0,1.72,0.0,0.0,35.244,2001-2009,2001,2009,8,116,116.0,5759.0,4240.0,174.0,May-47,24.36,4.41,33.0,5.0,2.0,1.5,0.23,1.12,0.017,,,,,,,,,,,,,,,,,True,True,All-rounder
Nadeem Ahmed (HKG),2004-2018,2004.0,2018.0,15.0,25.0,16.0,4.0,67.0,14,14.0,0.0,5.58,151.0,44.37,0.0,0.0,1.0,2.68,0.0,0.0,21.096,2004-2018,2004,2018,14,25,25.0,1327.0,932.0,38.0,Apr-26,24.52,4.21,34.9,4.0,0.0,1.52,0.24,1.14,0.0,,,,,,,,,,,,,,,,,True,True,All-rounder
Nadeem Ghauri (PAK),1990-1990,1990.0,1990.0,1.0,6.0,3.0,2.0,14.0,7*,7.0,1.0,14.0,25.0,56.0,0.0,0.0,0.0,2.33,0.0,0.0,30.8,1990-1990,1990,1990,0,6,6.0,342.0,230.0,5.0,Feb-51,46.0,4.03,68.4,0.0,0.0,0.83,0.25,0.66,0.0,,,,,,,,,,,,,,,,,True,True,All-rounder
Nadeem Khan (PAK),1993-1995,1993.0,1995.0,3.0,2.0,1.0,0.0,2.0,2,2.0,0.0,2.0,3.0,66.66,0.0,0.0,0.0,1.0,0.0,0.0,27.864,1993-1995,1993,1995,2,2,2.0,96.0,81.0,0.0,-,,5.06,,0.0,0.0,0.0,0.2,0.06,0.0,,,,,,,,,,,,,,,,,True,True,All-rounder
Naeem Ahmed (PAK),1978-1978,1978.0,1978.0,1.0,1.0,1.0,1.0,0.0,0*,0.0,1.0,,8.0,0.0,0.0,0.0,0.0,0.0,0.0,0.0,,1978-1978,1978,1978,0,1,1.0,60.0,43.0,0.0,-,,4.3,,0.0,0.0,0.0,0.23,0.07,0.0,,,,,,,,,,,,,,,,,True,True,All-rounder
Naeem Ashraf (PAK),1995-1995,1995.0,1995.0,1.0,2.0,2.0,1.0,24.0,16,16.0,0.0,24.0,43.0,55.81,0.0,0.0,0.0,12.0,0.0,0.0,36.724,1995-1995,1995,1995,0,2,2.0,42.0,52.0,0.0,-,,7.42,,0.0,0.0,0.0,0.13,0.04,0.0,,,,,,,,,,,,,,,,,True,True,All-rounder
Naeem Islam (BDESH),2008-2014,2008.0,2014.0,7.0,59.0,51.0,15.0,975.0,84,84.0,0.0,27.08,1473.0,66.19,0.0,5.0,5.0,16.53,0.0,8.47,42.724,2008-2014,2008,2014,6,59,48.0,1743.0,1407.0,35.0,Mar-32,40.2,4.84,49.8,0.0,0.0,0.59,0.21,0.48,0.0,,,,,,,,,,,,,,,,,True,True,All-rounder
Naeemuddin Aslam (UAE),2004-2004,2004.0,2004.0,1.0,2.0,2.0,0.0,12.0,12,12.0,0.0,6.0,31.0,38.7,0.0,0.0,1.0,6.0,0.0,0.0,19.08,2004-2004,2004,2004,0,2,,,,,-,,,,,,,,,,,,,,,,,,,,,,,,,,True,True,All-rounder
Nafees Iqbal (BDESH),2003-2005,2003.0,2005.0,3.0,16.0,16.0,0.0,309.0,58,58.0,0.0,19.31,568.0,54.4,0.0,2.0,1.0,19.31,0.0,12.5,33.346,2003-2005,2003,2005,2,16,,,,,-,,,,,,,,,,,,,,,,,,,,,,,,,,True,True,All-rounder
Naimur Rahman (BDESH),1995-2002,1995.0,2002.0,8.0,29.0,27.0,2.0,488.0,47,47.0,0.0,19.52,771.0,63.29,0.0,0.0,3.0,16.83,0.0,0.0,37.028,1995-2002,1995,2002,7,29,24.0,1094.0,904.0,10.0,Feb-51,90.4,4.95,109.4,0.0,0.0,0.34,0.2,0.3,0.0,,,,,,,,,,,,,,,,,True,True,All-rounder
Najaf Shah (PAK),2007-2007,2007.0,2007.0,1.0,1.0,1.0,0.0,0.0,0,0.0,0.0,0.0,2.0,0.0,0.0,0.0,1.0,0.0,0.0,0.0,0.0,2007-2007,2007,2007,0,1,1.0,60.0,59.0,0.0,-,,5.9,,0.0,0.0,0.0,0.17,0.05,0.0,,,,,,,,,,,,,,,,,True,True,All-rounder
Najeeb Amar (HKG),2004-2008,2004.0,2008.0,5.0,4.0,4.0,1.0,38.0,21,21.0,0.0,12.66,64.0,59.37,0.0,0.0,1.0,9.5,0.0,0.0,31.344,2004-2008,2004,2008,4,4,4.0,240.0,172.0,3.0,Feb-40,57.33,4.3,80.0,0.0,0.0,0.75,0.23,0.59,0.0,,,,,,,,,,,,,,,,,True,True,All-rounder
Najeeb Tarakai (AFG),2017-2017,2017.0,2017.0,1.0,1.0,1.0,0.0,5.0,5,5.0,0.0,5.0,18.0,27.77,0.0,0.0,0.0,5.0,0.0,0.0,14.108,2017-2017,2017,2017,0,1,,,,,-,,,,,,,,,,,,,,,,,,,,,,,,,,True,True,All-rounder
Najibullah Zadran (AFG),2012-2019,2012.0,2019.0,8.0,67.0,62.0,9.0,1586.0,104*,104.0,1.0,29.92,1765.0,89.85,1.0,11.0,3.0,23.67,1.49,16.42,53.892,2012-2019,2012,2019,7,67,2.0,30.0,30.0,0.0,-,,6.0,,0.0,0.0,0.0,0.17,0.05,0.0,,,,,,,,,,,,,,,,,True,True,All-rounder
Najmul Hossain Shanto (BDESH),2018-2018,2018.0,2018.0,1.0,3.0,3.0,0.0,20.0,7,7.0,0.0,6.66,45.0,44.44,0.0,0.0,0.0,6.67,0.0,0.0,21.772,2018-2018,2018,2018,0,3,,,,,-,,,,,,,,,,,,,,,,,,,,,,,,,,True,True,All-rounder
Naseer Malik (PAK),1975-1975,1975.0,1975.0,1.0,3.0,1.0,1.0,0.0,0*,0.0,1.0,,13.0,0.0,0.0,0.0,0.0,0.0,0.0,0.0,,1975-1975,1975,1975,0,3,3.0,180.0,98.0,5.0,Feb-37,19.6,3.26,36.0,0.0,0.0,1.67,0.31,1.26,0.0,,,,,,,,,,,,,,,,,True,True,All-rounder
Nasim-ul-Ghani (PAK),1973-1973,1973.0,1973.0,1.0,1.0,1.0,0.0,1.0,1,1.0,0.0,1.0,8.0,12.5,0.0,0.0,0.0,1.0,0.0,0.0,5.6,1973-1973,1973,1973,0,1,,,,,-,,,,,,,,,,,,,,,,,,,,,,,,,,True,True,All-rounder
Nasir Ahmed (BDESH),1988-1990,1988.0,1990.0,3.0,7.0,4.0,2.0,25.0,11,11.0,0.0,12.5,62.0,40.32,0.0,0.0,0.0,3.57,0.0,0.0,23.628,1988-1990,1988,1990,2,7,,,,,-,,,,,,,,,,,,,,,,,,,,,,,,,,True,True,All-rounder
Nasir Aziz (UAE),2014-2015,2014.0,2015.0,2.0,5.0,3.0,0.0,82.0,60,60.0,0.0,27.33,125.0,65.6,0.0,1.0,0.0,16.4,0.0,20.0,42.638,2014-2015,2014,2015,1,5,5.0,264.0,257.0,3.0,Jan-50,85.66,5.84,88.0,0.0,0.0,0.6,0.17,0.47,0.0,,,,,,,,,,,,,,,,,True,True,All-rounder
Nasir Hameed (HKG),2004-2004,2004.0,2004.0,1.0,1.0,1.0,0.0,0.0,0,0.0,0.0,0.0,1.0,0.0,0.0,0.0,1.0,0.0,0.0,0.0,0.0,2004-2004,2004,2004,0,1,,,,,-,,,,,,,,,,,,,,,,,,,,,,,,,,True,True,All-rounder
Nasir Hossain (BDESH),2011-2018,2011.0,2018.0,8.0,65.0,52.0,8.0,1281.0,100,100.0,0.0,29.11,1605.0,79.81,1.0,6.0,4.0,19.71,1.54,9.23,49.39,2011-2018,2011,2018,7,65,43.0,1256.0,988.0,24.0,Mar-26,41.16,4.71,52.3,0.0,0.0,0.37,0.21,0.32,0.0,,,,,,,,,,,,,,,,,True,True,All-rounder
Nasir Jamal (AFG),2014-2018,2014.0,2018.0,5.0,16.0,14.0,1.0,352.0,53,53.0,0.0,27.07,537.0,65.54,0.0,3.0,1.0,22.0,0.0,18.75,42.458,2014-2018,2014,2018,4,16,1.0,6.0,7.0,0.0,-,,7.0,,0.0,0.0,0.0,0.14,0.04,0.0,,,,,,,,,,,,,,,,,True,True,All-rounder
Nasir Jamshed (PAK),2008-2015,2008.0,2015.0,8.0,48.0,48.0,3.0,1418.0,112,112.0,0.0,31.51,1881.0,75.38,3.0,8.0,5.0,29.54,6.25,16.67,49.058,2008-2015,2008,2015,7,48,,,,,-,,,,,,,,,,,,,,,,,,,,,,,,,,True,True,All-rounder
Nasir Javed (USA),2004-2004,2004.0,2004.0,1.0,1.0,1.0,1.0,2.0,2*,2.0,1.0,,19.0,10.52,0.0,0.0,0.0,2.0,0.0,0.0,,2004-2004,2004,2004,0,1,,,,,-,,,,,,,,,,,,,,,,,,,,,,,,,,True,True,All-rounder
Naumanullah (PAK),2008-2008,2008.0,2008.0,1.0,1.0,1.0,0.0,5.0,5,5.0,0.0,5.0,4.0,125.0,0.0,0.0,0.0,5.0,0.0,0.0,53.0,2008-2008,2008,2008,0,1,,,,,-,,,,,,,,,,,,,,,,,,,,,,,,,,True,True,All-rounder
Naved Anjum (PAK),1984-1992,1984.0,1992.0,9.0,13.0,12.0,3.0,113.0,30,30.0,0.0,12.55,154.0,73.37,0.0,0.0,1.0,8.69,0.0,0.0,36.878,1984-1992,1984,1992,8,13,12.0,472.0,344.0,8.0,Feb-27,43.0,4.37,59.0,0.0,0.0,0.62,0.23,0.5,0.0,,,,,,,,,,,,,,,,,True,True,All-rounder
Naved Latif (PAK),2001-2003,2001.0,2003.0,3.0,11.0,11.0,0.0,262.0,113,113.0,0.0,23.81,417.0,62.82,1.0,0.0,1.0,23.82,9.09,0.0,39.414,2001-2003,2001,2003,2,11,3.0,48.0,51.0,0.0,-,,6.37,,0.0,0.0,0.0,0.16,0.05,0.0,,,,,,,,,,,,,,,,,True,True,All-rounder
Naved-ul-Hasan (PAK),2003-2010,2003.0,2010.0,8.0,74.0,51.0,18.0,524.0,33,33.0,0.0,15.87,620.0,84.51,0.0,0.0,4.0,7.08,0.0,0.0,43.326,2003-2010,2003,2010,7,74,72.0,3466.0,3221.0,110.0,Jun-27,29.28,5.57,31.5,6.0,1.0,1.49,0.18,1.09,0.014,,,,,,,,,,,,,,,,,True,True,All-rounder
Naveen-ul-Haq (AFG),2016-2019,2016.0,2019.0,4.0,4.0,3.0,2.0,9.0,8*,8.0,1.0,9.0,21.0,42.85,0.0,0.0,0.0,2.25,0.0,0.0,22.54,2016-2019,2016,2019,3,4,4.0,212.0,201.0,6.0,Mar-60,33.5,5.68,35.3,0.0,0.0,1.5,0.18,1.1,0.0,,,,,,,,,,,,,,,,,True,True,All-rounder
Nawroz Mangal (AFG),2009-2016,2009.0,2016.0,8.0,49.0,48.0,6.0,1139.0,129,129.0,0.0,27.11,1512.0,75.33,2.0,4.0,4.0,23.24,4.08,8.16,46.398,2009-2016,2009,2016,7,49,16.0,293.0,235.0,8.0,Mar-35,29.37,4.81,36.6,0.0,0.0,0.16,0.21,0.18,0.0,,,,,,,,,,,,,,,,,True,True,All-rounder
Nazimuddin (BDESH),2008-2012,2008.0,2012.0,5.0,11.0,11.0,0.0,147.0,47,47.0,0.0,13.36,237.0,62.02,0.0,0.0,0.0,13.36,0.0,0.0,32.824,2008-2012,2008,2012,4,11,,,,,-,,,,,,,,,,,,,,,,,,,,,,,,,,True,True,All-rounder
Nazmul Hossain (BDESH),2004-2012,2004.0,2012.0,9.0,38.0,21.0,13.0,35.0,6*,6.0,1.0,4.37,128.0,27.34,0.0,0.0,4.0,0.92,0.0,0.0,13.558,2004-2012,2004,2012,8,38,37.0,1649.0,1386.0,44.0,Apr-40,31.5,5.04,37.4,1.0,0.0,1.16,0.2,0.87,0.0,,,,,,,,,,,,,,,,,True,True,All-rounder
Nazmul Islam (BDESH),2018-2018,2018.0,2018.0,1.0,5.0,1.0,0.0,7.0,7,7.0,0.0,7.0,13.0,53.84,0.0,0.0,0.0,1.4,0.0,0.0,25.736,2018-2018,2018,2018,0,5,5.0,264.0,224.0,5.0,Feb-38,44.8,5.09,52.8,0.0,0.0,1.0,0.2,0.76,0.0,,,,,,,,,,,,,,,,,True,True,All-rounder
Neeyamur Rashid (BDESH),1999-1999,1999.0,1999.0,1.0,2.0,2.0,1.0,5.0,4*,4.0,1.0,5.0,5.0,100.0,0.0,0.0,0.0,2.5,0.0,0.0,43.0,1999-1999,1999,1999,0,2,2.0,78.0,66.0,1.0,Jan-46,66.0,5.07,78.0,0.0,0.0,0.5,0.2,0.41,0.0,,,,,,,,,,,,,,,,,True,True,All-rounder
Nizakat Khan (HKG),2014-2018,2014.0,2018.0,5.0,20.0,20.0,0.0,675.0,94,94.0,0.0,33.75,814.0,82.92,0.0,3.0,0.0,33.75,0.0,15.0,53.418,2014-2018,2014,2018,4,20,6.0,145.0,119.0,4.0,01-Nov,29.75,4.92,36.2,0.0,0.0,0.2,0.2,0.2,0.0,,,,,,,,,,,,,,,,,True,True,All-rounder
Noor Ali Zadran (AFG),2009-2019,2009.0,2019.0,11.0,51.0,50.0,1.0,1216.0,114,114.0,0.0,24.81,1923.0,63.23,1.0,7.0,4.0,23.84,1.96,13.73,40.178,2009-2019,2009,2019,10,51,,,,,-,,,,,,,,,,,,,,,,,,,,,,,,,,True,True,All-rounder
Noor-ul-Haq (AFG),2010-2010,2010.0,2010.0,1.0,2.0,2.0,0.0,12.0,12,12.0,0.0,6.0,58.0,20.68,0.0,0.0,1.0,6.0,0.0,0.0,11.872,2010-2010,2010,2010,0,2,,,,,-,,,,,,,,,,,,,,,,,,,,,,,,,,True,True,All-rounder
Nurul Abedin (BDESH),1986-1990,1986.0,1990.0,5.0,4.0,4.0,0.0,15.0,13,13.0,0.0,3.75,55.0,27.27,0.0,0.0,2.0,3.75,0.0,0.0,13.158,1986-1990,1986,1990,4,4,,,,,-,,,,,,,,,,,,,,,,,,,,,,,,,,True,True,All-rounder
Nurul Hasan (BDESH),2016-2016,2016.0,2016.0,1.0,2.0,2.0,0.0,68.0,44,44.0,0.0,34.0,70.0,97.14,0.0,0.0,0.0,34.0,0.0,0.0,59.256,2016-2016,2016,2016,0,2,,,,,-,,,,,,,,,,,,,,,,,,,,,,,,,,True,True,All-rounder
O Henry (SA),1992-1992,1992.0,1992.0,1.0,3.0,3.0,1.0,20.0,11,11.0,0.0,10.0,26.0,76.92,0.0,0.0,0.0,6.67,0.0,0.0,36.768,1992-1992,1992,1992,0,3,3.0,149.0,125.0,2.0,Jan-31,62.5,5.03,74.5,0.0,0.0,0.67,0.2,0.53,0.0,,,,,,,,,,,,,,,,,True,True,All-rounder
O Thomas (WI),2018-2019,2018.0,2019.0,2.0,19.0,10.0,5.0,13.0,6*,6.0,1.0,2.6,53.0,24.52,0.0,0.0,3.0,0.68,0.0,0.0,11.368,2018-2019,2018,2019,1,19,18.0,716.0,825.0,24.0,May-21,34.37,6.91,29.8,1.0,1.0,1.26,0.14,0.93,0.053,,,,,,,,,,,,,,,,,True,True,All-rounder
OA Shah (ENG),2001-2009,2001.0,2009.0,9.0,71.0,66.0,6.0,1834.0,107*,107.0,1.0,30.56,2331.0,78.67,1.0,12.0,6.0,25.83,1.41,16.9,49.804,2001-2009,2001,2009,8,71,10.0,193.0,184.0,7.0,Mar-15,26.28,5.72,27.5,0.0,0.0,0.1,0.17,0.12,0.0,,,,,,,,,,,,,,,,,True,True,All-rounder
OAC Banks (WI),2003-2005,2003.0,2005.0,3.0,5.0,5.0,0.0,83.0,33,33.0,0.0,16.6,149.0,55.7,0.0,0.0,0.0,16.6,0.0,0.0,32.24,2003-2005,2003,2005,2,5,5.0,270.0,189.0,7.0,Feb-24,27.0,4.2,38.5,0.0,0.0,1.4,0.24,1.05,0.0,,,,,,,,,,,,,,,,,True,True,All-rounder
OC McCoy (WI),2018-2018,2018.0,2018.0,1.0,2.0,1.0,1.0,0.0,0*,0.0,1.0,,1.0,0.0,0.0,0.0,0.0,0.0,0.0,0.0,,2018-2018,2018,2018,0,2,2.0,84.0,109.0,4.0,Feb-38,27.25,7.78,21.0,0.0,0.0,2.0,0.13,1.44,0.0,,,,,,,,,,,,,,,,,True,True,All-rounder
OD Gibson (WI),1995-1997,1995.0,1997.0,3.0,15.0,11.0,1.0,141.0,52,52.0,0.0,14.1,138.0,102.17,0.0,1.0,1.0,9.4,0.0,6.67,49.328,1995-1997,1995,1997,2,15,15.0,739.0,621.0,34.0,May-40,18.26,5.04,21.7,2.0,2.0,2.27,0.2,1.65,0.133,,,,,,,,,,,,,,,,,True,True,All-rounder
OJ Hairs (SCOT),2010-2010,2010.0,2010.0,1.0,5.0,5.0,0.0,68.0,27,27.0,0.0,13.6,100.0,68.0,0.0,0.0,0.0,13.6,0.0,0.0,35.36,2010-2010,2010,2010,0,5,,,,,-,,,,,,,,,,,,,,,,,,,,,,,,,,True,True,All-rounder
OL Pitcher (BMUDA),2007-2007,2007.0,2007.0,1.0,5.0,5.0,0.0,72.0,30,30.0,0.0,14.4,217.0,33.17,0.0,0.0,1.0,14.4,0.0,0.0,21.908,2007-2007,2007,2007,0,5,1.0,15.0,25.0,0.0,-,,10.0,,0.0,0.0,0.0,0.1,0.03,0.0,,,,,,,,,,,,,,,,,True,True,All-rounder
OO Bascome (BMUDA),2008-2008,2008.0,2008.0,1.0,6.0,6.0,0.0,65.0,20,20.0,0.0,10.83,145.0,44.82,0.0,0.0,0.0,10.83,0.0,0.0,24.426,2008-2008,2008,2008,0,6,2.0,18.0,22.0,0.0,-,,7.33,,0.0,0.0,0.0,0.14,0.04,0.0,,,,,,,,,,,,,,,,,True,True,All-rounder
OP Stone (ENG),2018-2018,2018.0,2018.0,1.0,4.0,1.0,1.0,9.0,9*,9.0,1.0,,7.0,128.57,0.0,0.0,0.0,2.25,0.0,0.0,,2018-2018,2018,2018,0,4,3.0,96.0,97.0,1.0,Jan-23,97.0,6.06,96.0,0.0,0.0,0.25,0.17,0.22,0.0,,,,,,,,,,,,,,,,,True,True,All-rounder
P Dharmani (INDIA),1996-1996,1996.0,1996.0,1.0,1.0,1.0,0.0,8.0,8,8.0,0.0,8.0,8.0,100.0,0.0,0.0,0.0,8.0,0.0,0.0,44.8,1996-1996,1996,1996,0,1,,,,,-,,,,,,,,,,,,,,,,,,,,,,,,,,True,True,All-rounder
P Khadka (NEPAL),2018-2019,2018.0,2019.0,2.0,6.0,6.0,0.0,235.0,115,115.0,0.0,39.16,286.0,82.16,1.0,1.0,0.0,39.17,16.67,16.67,56.36,2018-2019,2018,2019,1,6,6.0,258.0,164.0,9.0,Apr-26,18.22,3.81,28.6,1.0,0.0,1.5,0.26,1.13,0.0,,,,,,,,,,,,,,,,,True,True,All-rounder
P Krishnamurthy (INDIA),1976-1976,1976.0,1976.0,1.0,1.0,1.0,0.0,6.0,6,6.0,0.0,6.0,13.0,46.15,0.0,0.0,0.0,6.0,0.0,0.0,22.06,1976-1976,1976,1976,0,1,,,,,-,,,,,,,,,,,,,,,,,,,,,,,,,,True,True,All-rounder
P Kumar (INDIA),2007-2012,2007.0,2012.0,6.0,68.0,33.0,12.0,292.0,54*,54.0,1.0,13.9,331.0,88.21,0.0,1.0,2.0,4.29,0.0,1.47,43.624,2007-2012,2007,2012,5,68,67.0,3242.0,2774.0,77.0,Apr-31,36.02,5.13,42.1,3.0,0.0,1.13,0.19,0.85,0.0,,,,,,,,,,,,,,,,,True,True,All-rounder
P Lever (ENG),1971-1975,1971.0,1975.0,5.0,10.0,3.0,2.0,17.0,8*,8.0,1.0,17.0,24.0,70.83,0.0,0.0,0.0,1.7,0.0,0.0,38.532,1971-1975,1971,1975,4,10,9.0,440.0,261.0,11.0,Apr-35,23.72,3.55,40.0,1.0,0.0,1.1,0.28,0.85,0.0,,,,,,,,,,,,,,,,,True,True,All-rounder
P Mustard (ENG),2007-2008,2007.0,2008.0,2.0,10.0,10.0,0.0,233.0,83,83.0,0.0,23.3,252.0,92.46,0.0,1.0,0.0,23.3,0.0,10.0,50.964,2007-2008,2007,2008,1,10,,,,,-,,,,,,,,,,,,,,,,,,,,,,,,,,True,True,All-rounder
P Raho (PNG),,,,,,,,,,,,,,,,,,,,,,2014-2014,2014,2014,0,1,1.0,45.0,32.0,2.0,Feb-32,16.0,4.26,22.5,0.0,0.0,2.0,0.23,1.47,0.0,,,,,,,,,,,,,,,,,False,True,Bowler
P Sarraf (NEPAL),2019-2019,2019.0,2019.0,1.0,2.0,2.0,0.0,12.0,8,8.0,0.0,6.0,18.0,66.66,0.0,0.0,0.0,6.0,0.0,0.0,30.264,2019-2019,2019,2019,0,2,,,,,-,,,,,,,,,,,,,,,,,,,,,,,,,,True,True,All-rounder
P Utseya (ZIM),2004-2015,2004.0,2015.0,12.0,164.0,132.0,48.0,1406.0,68*,68.0,1.0,16.73,2410.0,58.34,0.0,4.0,16.0,8.57,0.0,2.44,33.374,2004-2015,2004,2015,11,164,160.0,8571.0,6239.0,133.0,May-36,46.9,4.36,64.4,2.0,1.0,0.81,0.23,0.64,0.006,,,,,,,,,,,,,,,,,True,True,All-rounder
P Willey (ENG),1977-1986,1977.0,1986.0,10.0,26.0,24.0,1.0,538.0,64,64.0,0.0,23.39,855.0,62.92,0.0,5.0,3.0,20.69,0.0,19.23,39.202,1977-1986,1977,1986,9,26,22.0,1031.0,659.0,13.0,Mar-33,50.69,3.83,79.3,0.0,0.0,0.5,0.26,0.43,0.0,,,,,,,,,,,,,,,,,True,True,All-rounder
P Wilson (AUS),1997-1998,1997.0,1998.0,2.0,11.0,5.0,2.0,4.0,2,2.0,0.0,1.33,13.0,30.76,0.0,0.0,2.0,0.36,0.0,0.0,13.102,1997-1998,1997,1998,1,11,11.0,562.0,450.0,13.0,Mar-39,34.61,4.8,43.2,0.0,0.0,1.18,0.21,0.89,0.0,,,,,,,,,,,,,,,,,True,True,All-rounder
PA Browne (WI),2008-2008,2008.0,2008.0,1.0,5.0,5.0,1.0,134.0,49*,49.0,1.0,33.5,179.0,74.86,0.0,0.0,0.0,26.8,0.0,0.0,50.044,2008-2008,2008,2008,0,5,,,,,-,,,,,,,,,,,,,,,,,,,,,,,,,,True,True,All-rounder
PA Desai (CAN),2010-2014,2010.0,2014.0,5.0,13.0,8.0,5.0,8.0,3*,3.0,1.0,2.66,55.0,14.54,0.0,0.0,2.0,0.62,0.0,0.0,7.412,2010-2014,2010,2014,4,13,13.0,612.0,485.0,12.0,Mar-35,40.41,4.75,51.0,0.0,0.0,0.92,0.21,0.71,0.0,,,,,,,,,,,,,,,,,True,True,All-rounder
PA Emery (AUS),1994-1994,1994.0,1994.0,1.0,1.0,1.0,1.0,11.0,11*,11.0,1.0,,13.0,84.61,0.0,0.0,0.0,11.0,0.0,0.0,,1994-1994,1994,1994,0,1,,,,,-,,,,,,,,,,,,,,,,,,,,,,,,,,True,True,All-rounder
PA Hitchcock (NZ),2002-2008,2002.0,2008.0,7.0,14.0,7.0,3.0,41.0,11*,11.0,1.0,10.25,61.0,67.21,0.0,0.0,1.0,2.93,0.0,0.0,33.034,2002-2008,2002,2008,6,14,12.0,558.0,468.0,12.0,Mar-30,39.0,5.03,46.5,0.0,0.0,0.86,0.2,0.66,0.0,,,,,,,,,,,,,,,,,True,True,All-rounder
PA Horne (NZ),1987-1987,1987.0,1987.0,1.0,4.0,4.0,0.0,50.0,18,18.0,0.0,12.5,122.0,40.98,0.0,0.0,1.0,12.5,0.0,0.0,23.892,1987-1987,1987,1987,0,4,,,,,-,,,,,,,,,,,,,,,,,,,,,,,,,,True,True,All-rounder
PA Jaques (AUS),2006-2007,2006.0,2007.0,2.0,6.0,6.0,0.0,125.0,94,94.0,0.0,20.83,176.0,71.02,0.0,1.0,1.0,20.83,0.0,16.67,40.906,2006-2007,2006,2007,1,6,,,,,-,,,,,,,,,,,,,,,,,,,,,,,,,,True,True,All-rounder
PA Nixon (ENG),2007-2007,2007.0,2007.0,1.0,19.0,18.0,4.0,297.0,49,49.0,0.0,21.21,347.0,85.59,0.0,0.0,2.0,15.63,0.0,0.0,46.962,2007-2007,2007,2007,0,19,,,,,-,,,,,,,,,,,,,,,,,,,,,,,,,,True,True,All-rounder
PA Patel (INDIA),2003-2012,2003.0,2012.0,10.0,38.0,34.0,3.0,736.0,95,95.0,0.0,23.74,962.0,76.5,0.0,4.0,2.0,19.37,0.0,10.53,44.844,2003-2012,2003,2012,9,38,,,,,-,,,,,,,,,,,,,,,,,,,,,,,,,,True,True,All-rounder
PA Strang (ZIM),1994-2001,1994.0,2001.0,8.0,95.0,73.0,24.0,1090.0,47,47.0,0.0,22.24,1651.0,66.02,0.0,0.0,5.0,11.47,0.0,0.0,39.752,1994-2001,1994,2001,7,95,89.0,4351.0,3173.0,96.0,May-21,33.05,4.37,45.3,2.0,2.0,1.01,0.23,0.78,0.021,,,,,,,,,,,,,,,,,True,True,All-rounder
PA Wallace (WI),1991-2000,1991.0,2000.0,10.0,33.0,33.0,0.0,701.0,103,103.0,0.0,21.24,1151.0,60.9,1.0,2.0,4.0,21.24,3.03,6.06,37.104,1991-2000,1991,2000,9,33,,,,,-,,,,,,,,,,,,,,,,,,,,,,,,,,True,True,All-rounder
PA de Silva (SL),1984-2003,1984.0,2003.0,20.0,308.0,296.0,30.0,9284.0,145,145.0,0.0,34.9,11443.0,81.13,11.0,64.0,17.0,30.14,3.57,20.78,53.392,1984-2003,1984,2003,19,308,156.0,5148.0,4177.0,106.0,Apr-30,39.4,4.86,48.5,2.0,0.0,0.34,0.21,0.3,0.0,,,,,,,,,,,,,,,,,True,True,All-rounder
PA van Meekeren (NL),2013-2019,2013.0,2019.0,7.0,5.0,3.0,3.0,30.0,15*,15.0,1.0,,40.0,75.0,0.0,0.0,0.0,6.0,0.0,0.0,,2013-2019,2013,2019,6,5,5.0,210.0,161.0,4.0,Feb-30,40.25,4.6,52.5,0.0,0.0,0.8,0.22,0.63,0.0,,,,,,,,,,,,,,,,,True,True,All-rounder
PADLR Sandakan (SL),2016-2019,2016.0,2019.0,4.0,21.0,12.0,4.0,31.0,6,6.0,0.0,3.87,88.0,35.22,0.0,0.0,2.0,1.48,0.0,0.0,16.41,2016-2019,2016,2019,3,21,20.0,961.0,1031.0,17.0,Apr-52,60.64,6.43,56.5,1.0,0.0,0.81,0.16,0.61,0.0,,,,,,,,,,,,,,,,,True,True,All-rounder
PAJ DeFreitas (ENG),1987-1997,1987.0,1997.0,11.0,103.0,66.0,23.0,690.0,67,67.0,0.0,16.04,823.0,83.83,0.0,1.0,4.0,6.7,0.0,0.97,43.156,1987-1997,1987,1997,10,103,103.0,5712.0,3775.0,115.0,Apr-35,32.82,3.96,49.6,1.0,0.0,1.12,0.25,0.86,0.0,,,,,,,,,,,,,,,,,True,True,All-rounder
PARP Perera (SL),2019-2019,2019.0,2019.0,1.0,2.0,2.0,0.0,33.0,33,33.0,0.0,16.5,58.0,56.89,0.0,0.0,1.0,16.5,0.0,0.0,32.656,2019-2019,2019,2019,0,2,,,,,-,,,,,,,,,,,,,,,,,,,,,,,,,,True,True,All-rounder
PB Dassanayake (SL),1993-1994,1993.0,1994.0,2.0,16.0,10.0,2.0,85.0,20*,20.0,1.0,10.62,142.0,59.85,0.0,0.0,0.0,5.31,0.0,0.0,30.312,1993-1994,1993,1994,1,16,,,,,-,,,,,,,,,,,,,,,,,,,,,,,,,,True,True,All-rounder
PC Connell (IRE),2008-2010,2008.0,2010.0,3.0,13.0,5.0,3.0,40.0,22*,22.0,1.0,20.0,73.0,54.79,0.0,0.0,1.0,3.08,0.0,0.0,33.916,2008-2010,2008,2010,2,13,12.0,564.0,518.0,13.0,Mar-68,39.84,5.51,43.3,0.0,0.0,1.0,0.18,0.75,0.0,,,,,,,,,,,,,,,,,True,True,All-rounder
PC Strydom (SA),2000-2000,2000.0,2000.0,1.0,10.0,8.0,3.0,48.0,34,34.0,0.0,9.6,94.0,51.06,0.0,0.0,1.0,4.8,0.0,0.0,26.184,2000-2000,2000,2000,0,10,7.0,252.0,206.0,2.0,Jan-18,103.0,4.9,126.0,0.0,0.0,0.2,0.2,0.2,0.0,,,,,,,,,,,,,,,,,True,True,All-rounder
PC de Silva (SL),2014-2017,2014.0,2017.0,4.0,7.0,7.0,1.0,94.0,44,44.0,0.0,15.66,112.0,83.92,0.0,0.0,0.0,13.43,0.0,0.0,42.964,2014-2017,2014,2017,3,7,7.0,316.0,256.0,5.0,Feb-29,51.2,4.86,63.2,0.0,0.0,0.71,0.21,0.56,0.0,,,,,,,,,,,,,,,,,True,True,All-rounder
PCR Tufnell (ENG),1990-1997,1990.0,1997.0,8.0,20.0,10.0,9.0,15.0,5*,5.0,1.0,15.0,31.0,48.38,0.0,0.0,0.0,0.75,0.0,0.0,28.352,1990-1997,1990,1997,7,20,20.0,1020.0,699.0,19.0,Apr-22,36.78,4.11,53.6,1.0,0.0,0.95,0.24,0.74,0.0,,,,,,,,,,,,,,,,,True,True,All-rounder
PD Collingwood (ENG),2001-2011,2001.0,2011.0,11.0,197.0,181.0,37.0,5092.0,120*,120.0,1.0,35.36,6614.0,76.98,5.0,26.0,7.0,25.85,2.54,13.2,52.008,2001-2011,2001,2011,10,197,151.0,5186.0,4294.0,111.0,Jun-31,38.68,4.96,46.7,3.0,1.0,0.56,0.2,0.45,0.005,,,,,,,,,,,,,,,,,True,True,All-rounder
PD Heyn (SL),1975-1975,1975.0,1975.0,1.0,2.0,2.0,0.0,3.0,2,2.0,0.0,1.5,20.0,15.0,0.0,0.0,0.0,1.5,0.0,0.0,6.9,1975-1975,1975,1975,0,2,,,,,-,,,,,,,,,,,,,,,,,,,,,,,,,,True,True,All-rounder
PD McGlashan (NZ),2009-2009,2009.0,2009.0,1.0,4.0,2.0,1.0,63.0,56*,56.0,1.0,63.0,51.0,123.52,0.0,1.0,0.0,15.75,0.0,25.0,87.208,2009-2009,2009,2009,0,4,,,,,-,,,,,,,,,,,,,,,,,,,,,,,,,,True,True,All-rounder
PDRL Perera (SL),1999-2007,1999.0,2007.0,9.0,19.0,7.0,2.0,8.0,4*,4.0,1.0,1.6,18.0,44.44,0.0,0.0,4.0,0.42,0.0,0.0,18.736,1999-2007,1999,2007,8,19,19.0,888.0,820.0,19.0,Mar-23,43.15,5.54,46.7,0.0,0.0,1.0,0.18,0.75,0.0,,,,,,,,,,,,,,,,,True,True,All-rounder
PE Cantrell (NL),1996-1996,1996.0,1996.0,1.0,5.0,5.0,0.0,160.0,47,47.0,0.0,32.0,307.0,52.11,0.0,0.0,0.0,32.0,0.0,0.0,40.044,1996-1996,1996,1996,0,5,5.0,186.0,170.0,3.0,Jan-18,56.66,5.48,62.0,0.0,0.0,0.6,0.18,0.47,0.0,,,,,,,,,,,,,,,,,True,True,All-rounder
PE McEwan (NZ),1980-1985,1980.0,1985.0,6.0,17.0,15.0,0.0,204.0,41,41.0,0.0,13.6,346.0,58.95,0.0,0.0,0.0,12.0,0.0,0.0,31.74,1980-1985,1980,1985,5,17,10.0,420.0,353.0,6.0,Feb-29,58.83,5.04,70.0,0.0,0.0,0.35,0.2,0.31,0.0,,,,,,,,,,,,,,,,,True,True,All-rounder
PG Coman (NZ),1973-1974,1973.0,1974.0,2.0,3.0,3.0,0.0,62.0,38,38.0,0.0,20.66,104.0,59.61,0.0,0.0,1.0,20.67,0.0,0.0,36.24,1973-1974,1973,1974,1,3,,,,,-,,,,,,,,,,,,,,,,,,,,,,,,,,True,True,All-rounder
PG Fulton (NZ),2004-2009,2004.0,2009.0,6.0,49.0,46.0,5.0,1334.0,112,112.0,0.0,32.53,1833.0,72.77,1.0,8.0,2.0,27.22,2.04,16.33,48.626,2004-2009,2004,2009,5,49,,,,,-,,,,,,,,,,,,,,,,,,,,,,,,,,True,True,All-rounder
PG Gillespie (IRE),2006-2007,2006.0,2007.0,2.0,5.0,4.0,0.0,2.0,2,2.0,0.0,0.5,14.0,14.28,0.0,0.0,3.0,0.4,0.0,0.0,6.012,2006-2007,2006,2007,1,5,,,,,-,,,,,,,,,,,,,,,,,,,,,,,,,,True,True,All-rounder
PG Nana (EAf),1975-1975,1975.0,1975.0,1.0,3.0,3.0,2.0,9.0,8*,8.0,1.0,9.0,45.0,20.0,0.0,0.0,1.0,3.0,0.0,0.0,13.4,1975-1975,1975,1975,0,3,3.0,173.0,116.0,1.0,Jan-34,116.0,4.02,173.0,0.0,0.0,0.33,0.25,0.31,0.0,,,,,,,,,,,,,,,,,True,True,All-rounder
PH Carlson (AUS),1979-1979,1979.0,1979.0,1.0,4.0,2.0,0.0,11.0,11,11.0,0.0,5.5,30.0,36.66,0.0,0.0,1.0,2.75,0.0,0.0,17.964,1979-1979,1979,1979,0,4,3.0,168.0,70.0,2.0,Jan-21,35.0,2.5,84.0,0.0,0.0,0.5,0.4,0.47,0.0,,,,,,,,,,,,,,,,,True,True,All-rounder
PH Edmonds (ENG),1977-1987,1977.0,1987.0,11.0,29.0,18.0,7.0,116.0,20,20.0,0.0,10.54,232.0,50.0,0.0,0.0,3.0,4.0,0.0,0.0,26.324,1977-1987,1977,1987,10,29,27.0,1534.0,965.0,26.0,Mar-39,37.11,3.77,59.0,0.0,0.0,0.9,0.27,0.71,0.0,,,,,,,,,,,,,,,,,True,True,All-rounder
PH Sharma (INDIA),1976-1976,1976.0,1976.0,1.0,2.0,2.0,0.0,20.0,14,14.0,0.0,10.0,39.0,51.28,0.0,0.0,0.0,10.0,0.0,0.0,26.512,1976-1976,1976,1976,0,2,,,,,-,,,,,,,,,,,,,,,,,,,,,,,,,,True,True,All-rounder
PHKD Mendis (SL),2019-2019,2019.0,2019.0,1.0,2.0,2.0,1.0,17.0,9,9.0,0.0,17.0,38.0,44.73,0.0,0.0,0.0,8.5,0.0,0.0,28.092,2019-2019,2019,2019,0,2,2.0,84.0,79.0,1.0,Jan-45,79.0,5.64,84.0,0.0,0.0,0.5,0.18,0.4,0.0,,,,,,,,,,,,,,,,,True,True,All-rounder
PHT Kaushal (SL),2015-2015,2015.0,2015.0,1.0,1.0,1.0,0.0,0.0,0,0.0,0.0,0.0,1.0,0.0,0.0,0.0,1.0,0.0,0.0,0.0,0.0,2015-2015,2015,2015,0,1,1.0,36.0,25.0,0.0,-,,4.16,,0.0,0.0,0.0,0.24,0.07,0.0,,,,,,,,,,,,,,,,,True,True,All-rounder
PI Pocock (ENG),1985-1985,1985.0,1985.0,1.0,1.0,1.0,0.0,4.0,4,4.0,0.0,4.0,9.0,44.44,0.0,0.0,0.0,4.0,0.0,0.0,20.176,1985-1985,1985,1985,0,1,1.0,60.0,20.0,0.0,-,,2.0,,0.0,0.0,0.0,0.5,0.15,0.0,,,,,,,,,,,,,,,,,True,True,All-rounder
PIC Thompson (WI),1997-1997,1997.0,1997.0,1.0,2.0,1.0,0.0,2.0,2,2.0,0.0,2.0,7.0,28.57,0.0,0.0,0.0,1.0,0.0,0.0,12.628,1997-1997,1997,1997,0,2,2.0,114.0,110.0,2.0,Jan-46,55.0,5.78,57.0,0.0,0.0,1.0,0.17,0.75,0.0,,,,,,,,,,,,,,,,,True,True,All-rounder
PJ Bakker (NL),1996-1996,1996.0,1996.0,1.0,5.0,1.0,1.0,1.0,1*,1.0,1.0,,4.0,25.0,0.0,0.0,0.0,0.2,0.0,0.0,,1996-1996,1996,1996,0,5,5.0,258.0,215.0,3.0,Feb-51,71.66,5.0,86.0,0.0,0.0,0.6,0.2,0.48,0.0,,,,,,,,,,,,,,,,,True,True,All-rounder
PJ Cummins (AUS),2011-2019,2011.0,2019.0,9.0,58.0,35.0,12.0,234.0,36,36.0,0.0,10.17,328.0,71.34,0.0,0.0,5.0,4.03,0.0,0.0,34.638,2011-2019,2011,2019,8,58,58.0,3033.0,2603.0,96.0,May-70,27.11,5.14,31.5,5.0,1.0,1.66,0.19,1.22,0.017,,,,,,,,,,,,,,,,,True,True,All-rounder
PJ Forrest (AUS),2012-2012,2012.0,2012.0,1.0,15.0,14.0,0.0,368.0,104,104.0,0.0,26.28,561.0,65.59,1.0,3.0,2.0,24.53,6.67,20.0,42.004,2012-2012,2012,2012,0,15,,,,,-,,,,,,,,,,,,,,,,,,,,,,,,,,True,True,All-rounder
PJ Franks (ENG),2000-2000,2000.0,2000.0,1.0,1.0,1.0,0.0,4.0,4,4.0,0.0,4.0,17.0,23.52,0.0,0.0,0.0,4.0,0.0,0.0,11.808,2000-2000,2000,2000,0,1,1.0,54.0,48.0,0.0,-,,5.33,,0.0,0.0,0.0,0.19,0.06,0.0,,,,,,,,,,,,,,,,,True,True,All-rounder
PJ Hughes (AUS),2013-2014,2013.0,2014.0,2.0,25.0,24.0,1.0,826.0,138*,138.0,1.0,35.91,1100.0,75.09,2.0,4.0,1.0,33.04,8.0,16.0,51.582,2013-2014,2013,2014,1,25,,,,,-,,,,,,,,,,,,,,,,,,,,,,,,,,True,True,All-rounder
PJ Ingram (NZ),2010-2010,2010.0,2010.0,1.0,8.0,7.0,0.0,193.0,69,69.0,0.0,27.57,238.0,81.09,0.0,1.0,0.0,24.13,0.0,12.5,48.978,2010-2010,2010,2010,0,8,,,,,-,,,,,,,,,,,,,,,,,,,,,,,,,,True,True,All-rounder
PJ Martin (ENG),1995-1998,1995.0,1998.0,4.0,20.0,13.0,7.0,38.0,6,6.0,0.0,6.33,53.0,71.69,0.0,0.0,0.0,1.9,0.0,0.0,32.474,1995-1998,1995,1998,3,20,20.0,1048.0,806.0,27.0,Apr-44,29.85,4.61,38.8,1.0,0.0,1.35,0.22,1.01,0.0,,,,,,,,,,,,,,,,,True,True,All-rounder
PJ Moor (ZIM),2014-2019,2014.0,2019.0,6.0,49.0,45.0,5.0,827.0,58*,58.0,1.0,20.67,1225.0,67.51,0.0,4.0,3.0,16.88,0.0,8.16,39.406,2014-2019,2014,2019,5,49,,,,,-,,,,,,,,,,,,,,,,,,,,,,,,,,True,True,All-rounder
PJ Ongondo (Afr/KENYA),1999-2011,1999.0,2011.0,13.0,79.0,62.0,19.0,391.0,36,36.0,0.0,9.09,621.0,62.96,0.0,0.0,9.0,4.95,0.0,0.0,30.638,1999-2011,1999,2011,12,79,79.0,3102.0,2350.0,78.0,May-51,30.12,4.54,39.7,1.0,1.0,0.99,0.22,0.76,0.013,,,,,,,,,,,,,,,,,True,True,All-rounder
PJ Wiseman (NZ),1998-2003,1998.0,2003.0,6.0,15.0,7.0,5.0,45.0,16,16.0,0.0,22.5,83.0,54.21,0.0,0.0,0.0,3.0,0.0,0.0,35.184,1998-2003,1998,2003,5,15,13.0,450.0,368.0,12.0,Apr-45,30.66,4.9,37.5,1.0,0.0,0.8,0.2,0.62,0.0,,,,,,,,,,,,,,,,,True,True,All-rounder
PJC Hoffmann (SCOT),2006-2007,2006.0,2007.0,2.0,18.0,14.0,3.0,85.0,31,31.0,0.0,7.72,69.0,123.18,0.0,0.0,3.0,4.72,0.0,0.0,53.904,2006-2007,2006,2007,1,18,17.0,743.0,555.0,16.0,Mar-22,34.68,4.48,46.4,0.0,0.0,0.89,0.22,0.69,0.0,,,,,,,,,,,,,,,,,True,True,All-rounder
PJK Mooney (IRE),2006-2007,2006.0,2007.0,2.0,4.0,3.0,2.0,12.0,11*,11.0,1.0,12.0,9.0,133.33,0.0,0.0,1.0,3.0,0.0,0.0,60.532,2006-2007,2006,2007,1,4,4.0,87.0,100.0,0.0,-,,6.89,,0.0,0.0,0.0,0.15,0.04,0.0,,,,,,,,,,,,,,,,,True,True,All-rounder
PJL Dujon (WI),1981-1991,1981.0,1991.0,11.0,169.0,120.0,36.0,1945.0,82*,82.0,1.0,23.15,2881.0,67.51,0.0,6.0,8.0,11.51,0.0,3.55,40.894,1981-1991,1981,1991,10,169,,,,,-,,,,,,,,,,1981-1991,1981.0,1991.0,10.0,169.0,168.0,204.0,183.0,21.0,183.0,0.0,,1.214,1.08,1.21,0.12,True,True,All-rounder
PJR Steyn (SA),1995-1995,1995.0,1995.0,1.0,1.0,1.0,0.0,4.0,4,4.0,0.0,4.0,14.0,28.57,0.0,0.0,0.0,4.0,0.0,0.0,13.828,1995-1995,1995,1995,0,1,,,,,-,,,,,,,,,,,,,,,,,,,,,,,,,,True,True,All-rounder
PJW Allott (ENG),1982-1985,1982.0,1985.0,4.0,13.0,6.0,1.0,15.0,8,8.0,0.0,3.0,25.0,60.0,0.0,0.0,2.0,1.15,0.0,0.0,25.8,1982-1985,1982,1985,3,13,13.0,819.0,552.0,15.0,Mar-41,36.8,4.04,54.6,0.0,0.0,1.15,0.25,0.88,0.0,,,,,,,,,,,,,,,,,True,True,All-rounder
PK Amre (INDIA),1991-1994,1991.0,1994.0,4.0,37.0,30.0,5.0,513.0,84*,84.0,1.0,20.52,799.0,64.2,0.0,2.0,1.0,13.86,0.0,5.41,37.992,1991-1994,1991,1994,3,37,1.0,2.0,4.0,0.0,-,,12.0,,0.0,0.0,0.0,0.08,0.03,0.0,,,,,,,,,,,,,,,,,True,True,All-rounder
PKD Chase (IRE),2015-2018,2015.0,2018.0,4.0,25.0,16.0,6.0,35.0,14,14.0,0.0,3.5,56.0,62.5,0.0,0.0,7.0,1.4,0.0,0.0,27.1,2015-2018,2015,2018,3,25,24.0,1238.0,1356.0,34.0,Mar-33,39.88,6.57,36.4,0.0,0.0,1.36,0.15,1.0,0.0,,,,,,,,,,,,,,,,,True,True,All-rounder
PL Harris (SA),,,,,,,,,,,,,,,,,,,,,,2008-2008,2008,2008,0,3,3.0,180.0,83.0,3.0,Feb-30,27.66,2.76,60.0,0.0,0.0,1.0,0.36,0.81,0.0,,,,,,,,,,,,,,,,,False,True,Bowler
PL Mhambrey (INDIA),1996-1998,1996.0,1998.0,3.0,3.0,1.0,1.0,7.0,7*,7.0,1.0,,5.0,140.0,0.0,0.0,0.0,2.33,0.0,0.0,,1996-1998,1996,1998,2,3,3.0,126.0,120.0,3.0,Feb-69,40.0,5.71,42.0,0.0,0.0,1.0,0.18,0.75,0.0,,,,,,,,,,,,,,,,,True,True,All-rounder
PL Mommsen (SCOT),2010-2017,2010.0,2017.0,8.0,44.0,42.0,6.0,1115.0,139*,139.0,1.0,30.97,1615.0,69.04,2.0,6.0,2.0,25.34,4.55,13.64,46.198,2010-2017,2010,2017,7,44,6.0,132.0,130.0,6.0,Mar-26,21.66,5.9,22.0,0.0,0.0,0.14,0.17,0.15,0.0,,,,,,,,,,,,,,,,,True,True,All-rounder
PL Symcox (SA),1993-1999,1993.0,1999.0,7.0,80.0,54.0,13.0,694.0,61,61.0,0.0,16.92,830.0,83.61,0.0,3.0,6.0,8.68,0.0,3.75,43.596,1993-1999,1993,1999,6,80,80.0,3991.0,2762.0,72.0,Apr-28,38.36,4.15,55.4,1.0,0.0,0.9,0.24,0.7,0.0,,,,,,,,,,,,,,,,,True,True,All-rounder
PL Taylor (AUS),1987-1992,1987.0,1992.0,6.0,83.0,47.0,25.0,437.0,54*,54.0,1.0,19.86,583.0,74.95,0.0,1.0,4.0,5.27,0.0,1.2,41.896,1987-1992,1987,1992,5,83,80.0,3937.0,2740.0,97.0,Apr-38,28.24,4.17,40.5,1.0,0.0,1.17,0.24,0.89,0.0,,,,,,,,,,,,,,,,,True,True,All-rounder
PLS Gamage (SL),2014-2017,2014.0,2017.0,4.0,9.0,5.0,3.0,4.0,3,3.0,0.0,2.0,27.0,14.81,0.0,0.0,0.0,0.44,0.0,0.0,7.124,2014-2017,2014,2017,3,9,9.0,402.0,392.0,9.0,Apr-57,43.55,5.85,44.6,1.0,0.0,1.0,0.17,0.75,0.0,,,,,,,,,,,,,,,,,True,True,All-rounder
PM Pushpakumara (SL),2017-2017,2017.0,2017.0,1.0,2.0,2.0,0.0,11.0,8,8.0,0.0,5.5,26.0,42.3,0.0,0.0,0.0,5.5,0.0,0.0,20.22,2017-2017,2017,2017,0,2,2.0,114.0,105.0,1.0,Jan-40,105.0,5.52,114.0,0.0,0.0,0.5,0.18,0.4,0.0,,,,,,,,,,,,,,,,,True,True,All-rounder
PM Seelaar (NL),2006-2019,2006.0,2019.0,14.0,41.0,24.0,10.0,155.0,34*,34.0,1.0,11.07,244.0,63.52,0.0,0.0,5.0,3.78,0.0,0.0,32.05,2006-2019,2006,2019,13,41,41.0,1901.0,1476.0,50.0,Apr-15,29.52,4.65,38.0,1.0,0.0,1.22,0.22,0.92,0.0,,,,,,,,,,,,,,,,,True,True,All-rounder
PM Siddle (AUS),2009-2019,2009.0,2019.0,11.0,20.0,6.0,3.0,31.0,10*,10.0,1.0,10.33,30.0,103.33,0.0,0.0,1.0,1.55,0.0,0.0,47.53,2009-2019,2009,2019,10,20,19.0,901.0,743.0,17.0,Mar-55,43.7,4.94,53.0,0.0,0.0,0.85,0.2,0.66,0.0,,,,,,,,,,,,,,,,,True,True,All-rounder
PM Toohey (AUS),1978-1979,1978.0,1979.0,2.0,5.0,4.0,2.0,105.0,54*,54.0,1.0,52.5,133.0,78.94,0.0,1.0,0.0,21.0,0.0,20.0,63.076,1978-1979,1978,1979,1,5,,,,,-,,,,,,,,,,,,,,,,,,,,,,,,,,True,True,All-rounder
PN Kirsten (SA),1991-1994,1991.0,1994.0,4.0,40.0,40.0,6.0,1293.0,97,97.0,0.0,38.02,2308.0,56.02,0.0,9.0,0.0,32.33,0.0,22.5,45.22,1991-1994,1991,1994,3,40,8.0,183.0,152.0,6.0,Mar-31,25.33,4.98,30.5,0.0,0.0,0.15,0.2,0.17,0.0,,,,,,,,,,,,,,,,,True,True,All-rounder
PN Webb (NZ),1983-1984,1983.0,1984.0,2.0,5.0,5.0,1.0,38.0,10*,10.0,1.0,9.5,101.0,37.62,0.0,0.0,0.0,7.6,0.0,0.0,20.748,1983-1984,1983,1984,1,5,,,,,-,,,,,,,,,,,,,,,,,,,,,,,,,,True,True,All-rounder
PP Chawla (INDIA),2007-2011,2007.0,2011.0,5.0,25.0,12.0,5.0,38.0,13*,13.0,1.0,5.42,58.0,65.51,0.0,0.0,1.0,1.52,0.0,0.0,29.456,2007-2011,2007,2011,4,25,25.0,1312.0,1117.0,32.0,Apr-23,34.9,5.1,41.0,2.0,0.0,1.28,0.2,0.95,0.0,,,,,,,,,,,,,,,,,True,True,All-rounder
PP Ojha (INDIA),2008-2012,2008.0,2012.0,5.0,18.0,10.0,8.0,46.0,16*,16.0,1.0,23.0,112.0,41.07,0.0,0.0,0.0,2.56,0.0,0.0,30.228,2008-2012,2008,2012,4,18,17.0,876.0,652.0,21.0,Apr-38,31.04,4.46,41.7,1.0,0.0,1.17,0.22,0.88,0.0,,,,,,,,,,,,,,,,,True,True,All-rounder
PR Adams (SA),1996-2003,1996.0,2003.0,8.0,24.0,9.0,5.0,66.0,33*,33.0,1.0,16.5,124.0,53.22,0.0,0.0,2.0,2.75,0.0,0.0,31.188,1996-2003,1996,2003,7,24,23.0,1109.0,815.0,29.0,Mar-26,28.1,4.4,38.2,0.0,0.0,1.21,0.23,0.91,0.0,,,,,,,,,,,,,,,,,True,True,All-rounder
PR Downton (ENG),1977-1988,1977.0,1988.0,12.0,28.0,20.0,5.0,242.0,44*,44.0,1.0,16.13,358.0,67.59,0.0,0.0,2.0,8.64,0.0,0.0,36.714,1977-1988,1977,1988,11,28,,,,,-,,,,,,,,,,,,,,,,,,,,,,,,,,True,True,All-rounder
PR Reiffel (AUS),1992-1999,1992.0,1999.0,8.0,92.0,57.0,21.0,503.0,58,58.0,0.0,13.97,709.0,70.94,0.0,1.0,5.0,5.47,0.0,1.09,36.758,1992-1999,1992,1999,7,92,92.0,4732.0,3096.0,106.0,Apr-13,29.2,3.92,44.6,5.0,0.0,1.15,0.26,0.88,0.0,,,,,,,,,,,,,,,,,True,True,All-rounder
PR Stirling (IRE),2008-2019,2008.0,2019.0,12.0,114.0,111.0,2.0,4038.0,177,177.0,0.0,37.04,4627.0,87.27,8.0,23.0,10.0,35.42,7.02,20.18,57.132,2008-2019,2008,2019,11,114,73.0,2392.0,1902.0,43.0,Jun-55,44.23,4.77,55.6,1.0,1.0,0.38,0.21,0.33,0.009,,,,,,,,,,,,,,,,,True,True,All-rounder
PS Eaglestone (IRE),2008-2008,2008.0,2008.0,1.0,1.0,1.0,0.0,4.0,4,4.0,0.0,4.0,3.0,133.33,0.0,0.0,0.0,4.0,0.0,0.0,55.732,2008-2008,2008,2008,0,1,1.0,42.0,60.0,1.0,Jan-60,60.0,8.57,42.0,0.0,0.0,1.0,0.12,0.74,0.0,,,,,,,,,,,,,,,,,True,True,All-rounder
PS Jayaprakashdaran (SL),,,,,,,,,,,,,,,,,,,,,,2005-2005,2005,2005,0,1,1.0,36.0,21.0,1.0,Jan-21,21.0,3.5,36.0,0.0,0.0,1.0,0.29,0.79,0.0,,,,,,,,,,,,,,,,,False,True,Bowler
PS Masvaure (ZIM),2018-2018,2018.0,2018.0,1.0,2.0,2.0,0.0,40.0,39,39.0,0.0,20.0,60.0,66.66,0.0,0.0,0.0,20.0,0.0,0.0,38.664,2018-2018,2018,2018,0,2,1.0,18.0,19.0,0.0,-,,6.33,,0.0,0.0,0.0,0.16,0.05,0.0,,,,,,,,,,,,,,,,,True,True,All-rounder
PS Mehta (EAf),1975-1975,1975.0,1975.0,1.0,1.0,1.0,0.0,12.0,12,12.0,0.0,12.0,41.0,29.26,0.0,0.0,0.0,12.0,0.0,0.0,18.904,1975-1975,1975,1975,0,1,,,,,-,,,,,,,,,,,,,,,,,,,,,,,,,,True,True,All-rounder
PS Vaidya (INDIA),1995-1996,1995.0,1996.0,2.0,4.0,2.0,0.0,15.0,12,12.0,0.0,7.5,12.0,125.0,0.0,0.0,0.0,3.75,0.0,0.0,54.5,1995-1996,1995,1996,1,4,4.0,184.0,174.0,4.0,Feb-41,43.5,5.67,46.0,0.0,0.0,1.0,0.18,0.75,0.0,,,,,,,,,,,,,,,,,True,True,All-rounder
PS de Villiers (SA),1992-1997,1992.0,1997.0,6.0,83.0,36.0,15.0,170.0,20*,20.0,1.0,8.09,218.0,77.98,0.0,0.0,7.0,2.05,0.0,0.0,36.046,1992-1997,1992,1997,5,83,82.0,4422.0,2636.0,95.0,Apr-27,27.74,3.57,46.5,2.0,0.0,1.14,0.28,0.89,0.0,,,,,,,,,,,,,,,,,True,True,All-rounder
PSP Handscomb (AUS),2017-2019,2017.0,2019.0,3.0,22.0,20.0,1.0,632.0,117,117.0,0.0,33.26,649.0,97.38,1.0,4.0,2.0,28.73,4.55,18.18,58.908,2017-2019,2017,2019,2,22,,,,,-,,,,,,,,,,,,,,,,,,,,,,,,,,True,True,All-rounder
PT Collins (WI),1999-2005,1999.0,2005.0,7.0,30.0,12.0,5.0,30.0,10*,10.0,1.0,4.28,50.0,60.0,0.0,0.0,2.0,1.0,0.0,0.0,26.568,1999-2005,1999,2005,6,30,30.0,1577.0,1212.0,39.0,May-43,31.07,4.61,40.4,0.0,1.0,1.3,0.22,0.98,0.033,,,,,,,,,,,,,,,,,True,True,All-rounder
PV Mpitsang (SA),1999-1999,1999.0,1999.0,1.0,2.0,1.0,1.0,1.0,1*,1.0,1.0,,1.0,100.0,0.0,0.0,0.0,0.5,0.0,0.0,,1999-1999,1999,1999,0,2,2.0,60.0,63.0,2.0,Feb-49,31.5,6.3,30.0,0.0,0.0,1.0,0.16,0.75,0.0,,,,,,,,,,,,,,,,,True,True,All-rounder
PV Simmons (WI),1987-1999,1987.0,1999.0,13.0,143.0,138.0,11.0,3675.0,122,122.0,0.0,28.93,5407.0,67.96,5.0,18.0,14.0,25.7,3.5,12.59,44.542,1987-1999,1987,1999,12,143,103.0,3880.0,2876.0,83.0,04-Mar,34.65,4.44,46.7,2.0,0.0,0.58,0.23,0.47,0.0,,,,,,,,,,,,,,,,,True,True,All-rounder
PVD Chameera (SL),2015-2019,2015.0,2019.0,5.0,23.0,14.0,7.0,93.0,19*,19.0,1.0,13.28,150.0,62.0,0.0,0.0,1.0,4.04,0.0,0.0,32.768,2015-2019,2015,2019,4,23,23.0,895.0,796.0,19.0,Mar-20,41.89,5.33,47.1,0.0,0.0,0.83,0.19,0.63,0.0,,,,,,,,,,,,,,,,,True,True,All-rounder
PW Borren (NL),2006-2014,2006.0,2014.0,9.0,58.0,50.0,5.0,1004.0,96,96.0,0.0,22.31,1176.0,85.37,0.0,5.0,5.0,17.31,0.0,8.62,47.534,2006-2014,2006,2014,8,58,51.0,1979.0,1620.0,46.0,Apr-32,35.21,4.91,43.0,1.0,0.0,0.79,0.2,0.62,0.0,,,,,,,,,,,,,,,,,True,True,All-rounder
PW Gunaratne (SL),2002-2003,2002.0,2003.0,2.0,23.0,8.0,3.0,36.0,15*,15.0,1.0,7.2,63.0,57.14,0.0,0.0,2.0,1.57,0.0,0.0,27.176,2002-2003,2002,2003,1,23,23.0,959.0,908.0,27.0,Apr-44,33.62,5.68,35.5,1.0,0.0,1.17,0.18,0.87,0.0,,,,,,,,,,,,,,,,,True,True,All-rounder
PW Jarvis (ENG),1988-1993,1988.0,1993.0,6.0,16.0,8.0,2.0,31.0,16*,16.0,1.0,5.16,39.0,79.48,0.0,0.0,2.0,1.94,0.0,0.0,34.888,1988-1993,1988,1993,5,16,16.0,879.0,672.0,24.0,May-35,28.0,4.58,36.6,1.0,1.0,1.5,0.22,1.12,0.063,,,,,,,,,,,,,,,,,True,True,All-rounder
PWA Mulder (SA),2017-2019,2017.0,2019.0,3.0,10.0,8.0,3.0,74.0,19*,19.0,1.0,14.8,89.0,83.14,0.0,0.0,0.0,7.4,0.0,0.0,42.136,2017-2019,2017,2019,2,10,10.0,318.0,308.0,8.0,Feb-59,38.5,5.81,39.7,0.0,0.0,0.8,0.17,0.61,0.0,,,,,,,,,,,,,,,,,True,True,All-rounder
PWE Rawson (ZIM),1983-1987,1983.0,1987.0,5.0,10.0,8.0,3.0,80.0,24*,24.0,1.0,16.0,123.0,65.04,0.0,0.0,1.0,8.0,0.0,0.0,35.616,1983-1987,1983,1987,4,10,10.0,571.0,427.0,12.0,Mar-47,35.58,4.48,47.5,0.0,0.0,1.2,0.22,0.91,0.0,,,,,,,,,,,,,,,,,True,True,All-rounder
PWH de Silva (SL),2017-2019,2017.0,2019.0,3.0,12.0,10.0,2.0,115.0,30,30.0,0.0,14.37,111.0,103.6,0.0,0.0,2.0,9.58,0.0,0.0,50.062,2017-2019,2017,2019,2,12,12.0,403.0,429.0,13.0,Mar-15,33.0,6.38,31.0,0.0,0.0,1.08,0.16,0.81,0.0,,,,,,,,,,,,,,,,,True,True,All-rounder
Pankaj Singh (INDIA),2010-2010,2010.0,2010.0,1.0,1.0,1.0,1.0,3.0,3*,3.0,1.0,,3.0,100.0,0.0,0.0,0.0,3.0,0.0,0.0,,2010-2010,2010,2010,0,1,1.0,42.0,45.0,0.0,-,,6.42,,0.0,0.0,0.0,0.16,0.05,0.0,,,,,,,,,,,,,,,,,True,True,All-rounder
Parvez Rasool (INDIA),,,,,,,,,,,,,,,,,,,,,,2014-2014,2014,2014,0,1,1.0,60.0,60.0,2.0,Feb-60,30.0,6.0,30.0,0.0,0.0,2.0,0.17,1.45,0.0,,,,,,,,,,,,,,,,,False,True,Bowler
Pervez Mir (PAK),1975-1977,1975.0,1977.0,3.0,3.0,3.0,1.0,26.0,18,18.0,0.0,13.0,44.0,59.09,0.0,0.0,0.0,8.67,0.0,0.0,31.436,1975-1977,1975,1977,2,3,3.0,122.0,77.0,3.0,Jan-17,25.66,3.78,40.6,0.0,0.0,1.0,0.26,0.78,0.0,,,,,,,,,,,,,,,,,True,True,All-rounder
Q de Kock (SA),2013-2019,2013.0,2019.0,7.0,115.0,115.0,6.0,4907.0,178,178.0,0.0,45.01,5154.0,95.2,14.0,24.0,3.0,42.67,12.17,20.87,65.086,2013-2019,2013,2019,6,115,,,,,-,,,,,,,,,,2013-2019,2013.0,2019.0,6.0,115.0,111.0,166.0,158.0,8.0,158.0,0.0,,1.495,1.37,1.44,0.07,True,True,All-rounder
Qadeer Ahmed (UAE),2015-2019,2015.0,2019.0,5.0,11.0,6.0,4.0,9.0,4,4.0,0.0,4.5,31.0,29.03,0.0,0.0,0.0,0.82,0.0,0.0,14.312,2015-2019,2015,2019,4,11,11.0,516.0,467.0,8.0,Feb-38,58.37,5.43,64.5,0.0,0.0,0.73,0.18,0.56,0.0,,,,,,,,,,,,,,,,,True,True,All-rounder
Qaiser Ali (CAN),2006-2008,2006.0,2008.0,3.0,17.0,17.0,1.0,244.0,70,70.0,0.0,15.25,383.0,63.7,0.0,2.0,3.0,14.35,0.0,11.76,34.63,2006-2008,2006,2008,2,17,6.0,182.0,132.0,5.0,Mar-28,26.4,4.35,36.4,0.0,0.0,0.29,0.23,0.27,0.0,,,,,,,,,,,,,,,,,True,True,All-rounder
Qasim Umar (PAK),1983-1987,1983.0,1987.0,5.0,31.0,31.0,3.0,642.0,69,69.0,0.0,22.92,1125.0,57.06,0.0,4.0,3.0,20.71,0.0,12.9,36.576,1983-1987,1983,1987,4,31,,,,,-,,,,,,,,,,,,,,,,,,,,,,,,,,True,True,All-rounder
R Ashwin (INDIA),2010-2017,2010.0,2017.0,8.0,111.0,61.0,19.0,675.0,65,65.0,0.0,16.07,776.0,86.98,0.0,1.0,6.0,6.08,0.0,0.9,44.434,2010-2017,2010,2017,7,111,109.0,6021.0,4937.0,150.0,Apr-25,32.91,4.91,40.1,1.0,0.0,1.35,0.2,1.01,0.0,,,,,,,,,,,,,,,,,True,True,All-rounder
R Clarke (ENG),2003-2006,2003.0,2006.0,4.0,20.0,13.0,0.0,144.0,39,39.0,0.0,11.07,232.0,62.06,0.0,0.0,2.0,7.2,0.0,0.0,31.466,2003-2006,2003,2006,3,20,14.0,469.0,415.0,11.0,Feb-28,37.72,5.3,42.6,0.0,0.0,0.55,0.19,0.44,0.0,,,,,,,,,,,,,,,,,True,True,All-rounder
R Dhanraj (WI),1994-1995,1994.0,1995.0,2.0,6.0,2.0,1.0,8.0,8,8.0,0.0,8.0,32.0,25.0,0.0,0.0,0.0,1.33,0.0,0.0,14.8,1994-1995,1994,1995,1,6,5.0,264.0,170.0,10.0,Apr-26,17.0,3.86,26.4,1.0,0.0,1.67,0.26,1.24,0.0,,,,,,,,,,,,,,,,,True,True,All-rounder
R Dhawan (INDIA),2016-2016,2016.0,2016.0,1.0,3.0,2.0,1.0,12.0,9,9.0,0.0,12.0,13.0,92.3,0.0,0.0,0.0,4.0,0.0,0.0,44.12,2016-2016,2016,2016,0,3,3.0,150.0,160.0,1.0,Jan-74,160.0,6.4,150.0,0.0,0.0,0.33,0.16,0.28,0.0,,,,,,,,,,,,,,,,,True,True,All-rounder
R Dravid (Asia/ICC/INDIA),1996-2011,1996.0,2011.0,16.0,344.0,318.0,40.0,10889.0,153,153.0,0.0,39.16,15284.0,71.24,12.0,83.0,13.0,31.65,3.49,24.13,51.992,1996-2011,1996,2011,15,344,8.0,186.0,170.0,4.0,Feb-43,42.5,5.48,46.5,0.0,0.0,0.01,0.18,0.06,0.0,1996-2011,1996.0,2011.0,15.0,344.0,341.0,210.0,196.0,14.0,72.0,124.0,,0.615,0.57,0.61,0.04,True,True,All-rounder
R Edwards (AUS),1972-1975,1972.0,1975.0,4.0,9.0,8.0,1.0,255.0,80*,80.0,1.0,36.42,349.0,73.06,0.0,3.0,1.0,28.33,0.0,33.33,51.076,1972-1975,1972,1975,3,9,,,,,-,,,,,,,,,,,,,,,,,,,,,,,,,,True,True,All-rounder
R Flannigan (SCOT),2010-2010,2010.0,2010.0,1.0,1.0,1.0,0.0,0.0,0,0.0,0.0,0.0,2.0,0.0,0.0,0.0,1.0,0.0,0.0,0.0,0.0,2010-2010,2010,2010,0,1,,,,,-,,,,,,,,,,,,,,,,,,,,,,,,,,True,True,All-rounder
R Gunasekera (CAN),2008-2014,2008.0,2014.0,7.0,19.0,19.0,0.0,455.0,72,72.0,0.0,23.94,677.0,67.2,0.0,6.0,3.0,23.95,0.0,31.58,41.244,2008-2014,2008,2014,6,19,,,,,-,,,,,,,,,,,,,,,,,,,,,,,,,,True,True,All-rounder
R Hekure (PNG),2019-2019,2019.0,2019.0,1.0,1.0,1.0,0.0,2.0,2,2.0,0.0,2.0,8.0,25.0,0.0,0.0,0.0,2.0,0.0,0.0,11.2,2019-2019,2019,2019,0,1,1.0,60.0,32.0,2.0,Feb-32,16.0,3.2,30.0,0.0,0.0,2.0,0.31,1.49,0.0,,,,,,,,,,,,,,,,,True,True,All-rounder
R Illingworth (ENG),1971-1973,1971.0,1973.0,3.0,3.0,2.0,0.0,5.0,4,4.0,0.0,2.5,18.0,27.77,0.0,0.0,0.0,1.67,0.0,0.0,12.608,1971-1973,1971,1973,2,3,2.0,130.0,84.0,4.0,Mar-50,21.0,3.87,32.5,0.0,0.0,1.33,0.26,1.01,0.0,,,,,,,,,,,,,,,,,True,True,All-rounder
R Kaia (ZIM),,,,,,,,,,,,,,,,,,,,,,2015-2015,2015,2015,0,1,,,,,-,,,,,,,,,,,,,,,,,,,,,,,,,,False,True,Bowler
R Lamba (INDIA),1986-1989,1986.0,1989.0,4.0,32.0,31.0,2.0,783.0,102,102.0,0.0,27.0,1166.0,67.15,1.0,6.0,2.0,24.47,3.13,18.75,43.06,1986-1989,1986,1989,3,32,3.0,19.0,20.0,1.0,01-Sep,20.0,6.31,19.0,0.0,0.0,0.03,0.16,0.07,0.0,,,,,,,,,,,,,,,,,True,True,All-rounder
R McLaren (SA),2009-2014,2009.0,2014.0,6.0,54.0,41.0,15.0,485.0,71*,71.0,1.0,18.65,680.0,71.32,0.0,1.0,3.0,8.98,0.0,1.85,39.718,2009-2014,2009,2014,5,54,51.0,2403.0,2102.0,77.0,Apr-19,27.29,5.24,31.2,5.0,0.0,1.43,0.19,1.06,0.0,,,,,,,,,,,,,,,,,True,True,All-rounder
R Murray (ZIM),2018-2018,2018.0,2018.0,1.0,5.0,5.0,1.0,108.0,47,47.0,0.0,27.0,178.0,60.67,0.0,0.0,0.0,21.6,0.0,0.0,40.468,2018-2018,2018,2018,0,5,,,,,-,,,,,,,,,,,,,,,,,,,,,,,,,,True,True,All-rounder
R Mutumbami (ZIM),2014-2019,2014.0,2019.0,6.0,33.0,31.0,2.0,582.0,74,74.0,0.0,20.06,814.0,71.49,0.0,3.0,3.0,17.64,0.0,9.09,40.632,2014-2019,2014,2019,5,33,,,,,-,,,,,,,,,,,,,,,,,,,,,,,,,,True,True,All-rounder
R Ngarava (ZIM),2017-2018,2017.0,2018.0,2.0,9.0,6.0,1.0,14.0,10,10.0,0.0,2.8,30.0,46.66,0.0,0.0,2.0,1.56,0.0,0.0,20.344,2017-2018,2017,2018,1,9,9.0,377.0,409.0,8.0,Feb-37,51.12,6.5,47.1,0.0,0.0,0.89,0.15,0.67,0.0,,,,,,,,,,,,,,,,,True,True,All-rounder
R Pathan (CAN),2013-2013,2013.0,2013.0,1.0,1.0,1.0,0.0,2.0,2,2.0,0.0,2.0,9.0,22.22,0.0,0.0,0.0,2.0,0.0,0.0,10.088,2013-2013,2013,2013,0,1,1.0,36.0,50.0,2.0,Feb-50,25.0,8.33,18.0,0.0,0.0,2.0,0.12,1.44,0.0,,,,,,,,,,,,,,,,,True,True,All-rounder
R Powell (WI),2016-2018,2016.0,2018.0,3.0,34.0,31.0,3.0,670.0,101,101.0,0.0,23.92,806.0,83.12,1.0,2.0,2.0,19.71,2.94,5.88,47.6,2016-2018,2016,2018,2,34,13.0,245.0,243.0,3.0,01-Jul,81.0,5.95,81.6,0.0,0.0,0.09,0.17,0.11,0.0,,,,,,,,,,,,,,,,,True,True,All-rounder
R Rampaul (WI),2003-2015,2003.0,2015.0,13.0,92.0,40.0,11.0,362.0,86*,86.0,1.0,12.48,472.0,76.69,0.0,1.0,3.0,3.93,0.0,1.09,38.164,2003-2015,2003,2015,12,92,88.0,4033.0,3434.0,117.0,May-49,29.35,5.1,34.4,8.0,2.0,1.27,0.2,0.95,0.022,,,,,,,,,,,,,,,,,True,True,All-rounder
R Sharma (HKG),2004-2004,2004.0,2004.0,1.0,2.0,2.0,0.0,11.0,10,10.0,0.0,5.5,24.0,45.83,0.0,0.0,0.0,5.5,0.0,0.0,21.632,2004-2004,2004,2004,0,2,,,,,-,,,,,,,,,,,,,,,,,,,,,,,,,,True,True,All-rounder
R Sharma (INDIA),2011-2012,2011.0,2012.0,2.0,4.0,1.0,0.0,1.0,1,1.0,0.0,1.0,2.0,50.0,0.0,0.0,0.0,0.25,0.0,0.0,20.6,2011-2012,2011,2012,1,4,4.0,206.0,177.0,6.0,Mar-43,29.5,5.15,34.3,0.0,0.0,1.5,0.19,1.11,0.0,,,,,,,,,,,,,,,,,True,True,All-rounder
R Shepherd (WI),2019-2019,2019.0,2019.0,1.0,3.0,1.0,0.0,6.0,6,6.0,0.0,6.0,9.0,66.66,0.0,0.0,0.0,2.0,0.0,0.0,30.264,2019-2019,2019,2019,0,3,3.0,110.0,101.0,3.0,Feb-32,33.66,5.5,36.6,0.0,0.0,1.0,0.18,0.75,0.0,,,,,,,,,,,,,,,,,True,True,All-rounder
R Strydom (IRE),2008-2008,2008.0,2008.0,1.0,9.0,6.0,0.0,83.0,37,37.0,0.0,13.83,155.0,53.54,0.0,0.0,0.0,9.22,0.0,0.0,29.714,2008-2008,2008,2008,0,9,1.0,48.0,63.0,1.0,Jan-63,63.0,7.87,48.0,0.0,0.0,0.11,0.13,0.12,0.0,,,,,,,,,,,,,,,,,True,True,All-rounder
R Sudhakar Rao (INDIA),1976-1976,1976.0,1976.0,1.0,1.0,1.0,0.0,4.0,4,4.0,0.0,4.0,14.0,28.57,0.0,0.0,0.0,4.0,0.0,0.0,13.828,1976-1976,1976,1976,0,1,,,,,-,,,,,,,,,,,,,,,,,,,,,,,,,,True,True,All-rounder
R Telemachus (SA),1998-2006,1998.0,2006.0,9.0,37.0,15.0,3.0,73.0,29,29.0,0.0,6.08,94.0,77.65,0.0,0.0,2.0,1.97,0.0,0.0,34.708,1998-2006,1998,2006,8,37,37.0,1918.0,1565.0,56.0,Apr-43,27.94,4.89,34.2,1.0,0.0,1.51,0.2,1.12,0.0,,,,,,,,,,,,,,,,,True,True,All-rounder
R Vijay Bharadwaj (INDIA),1999-2002,1999.0,2002.0,4.0,10.0,9.0,4.0,136.0,41*,41.0,1.0,27.2,194.0,70.1,0.0,0.0,1.0,13.6,0.0,0.0,44.36,1999-2002,1999,2002,3,10,9.0,372.0,307.0,16.0,Mar-34,19.18,4.95,23.2,0.0,0.0,1.6,0.2,1.18,0.0,,,,,,,,,,,,,,,,,True,True,All-rounder
R Vinay Kumar (INDIA),2010-2013,2010.0,2013.0,4.0,31.0,13.0,4.0,86.0,27*,27.0,1.0,9.55,146.0,58.9,0.0,0.0,2.0,2.77,0.0,0.0,29.29,2010-2013,2010,2013,3,31,31.0,1436.0,1423.0,38.0,Apr-30,37.44,5.94,37.7,1.0,0.0,1.23,0.17,0.91,0.0,,,,,,,,,,,,,,,,,True,True,All-rounder
R Walters (NAM),2003-2003,2003.0,2003.0,1.0,2.0,2.0,0.0,0.0,0,0.0,0.0,0.0,5.0,0.0,0.0,0.0,2.0,0.0,0.0,0.0,0.0,2003-2003,2003,2003,0,2,,,,,-,,,,,,,,,,,,,,,,,,,,,,,,,,True,True,All-rounder
RA Austin (WI),1978-1978,1978.0,1978.0,1.0,1.0,1.0,0.0,8.0,8,8.0,0.0,8.0,13.0,61.53,0.0,0.0,0.0,8.0,0.0,0.0,29.412,1978-1978,1978,1978,0,1,1.0,6.0,13.0,0.0,-,,13.0,,0.0,0.0,0.0,0.08,0.02,0.0,,,,,,,,,,,,,,,,,True,True,All-rounder
RA Bhatti (CAN),2011-2011,2011.0,2011.0,1.0,1.0,1.0,1.0,3.0,3*,3.0,1.0,,4.0,75.0,0.0,0.0,0.0,3.0,0.0,0.0,,2011-2011,2011,2011,0,1,,,,,-,,,,,,,,,,,,,,,,,,,,,,,,,,True,True,All-rounder
RA Harper (WI),1983-1996,1983.0,1996.0,14.0,105.0,73.0,20.0,855.0,45*,45.0,1.0,16.13,1162.0,73.58,0.0,0.0,5.0,8.14,0.0,0.0,39.11,1983-1996,1983,1996,13,105,99.0,5175.0,3431.0,100.0,Apr-40,34.31,3.97,51.7,3.0,0.0,0.95,0.25,0.74,0.0,,,,,,,,,,,,,,,,,True,True,All-rounder
RA Jadeja (INDIA),2009-2019,2009.0,2019.0,11.0,159.0,106.0,36.0,2188.0,87,87.0,0.0,31.25,2543.0,86.04,0.0,11.0,6.0,13.76,0.0,6.92,53.166,2009-2019,2009,2019,10,159,155.0,8029.0,6552.0,181.0,May-36,36.19,4.89,44.3,7.0,1.0,1.14,0.2,0.86,0.006,,,,,,,,,,,,,,,,,True,True,All-rounder
RA Jones (NZ),2003-2003,2003.0,2003.0,1.0,5.0,5.0,0.0,168.0,63,63.0,0.0,33.6,329.0,51.06,0.0,1.0,0.0,33.6,0.0,20.0,40.584,2003-2003,2003,2003,0,5,,,,,-,,,,,,,,,,,,,,,,,,,,,,,,,,True,True,All-rounder
RA Reifer (WI),2019-2019,2019.0,2019.0,1.0,2.0,1.0,0.0,7.0,7,7.0,0.0,7.0,12.0,58.33,0.0,0.0,0.0,3.5,0.0,0.0,27.532,2019-2019,2019,2019,0,2,2.0,53.0,54.0,2.0,Feb-23,27.0,6.11,26.5,0.0,0.0,1.0,0.16,0.75,0.0,,,,,,,,,,,,,,,,,True,True,All-rounder
RA Smith (ENG),1988-1996,1988.0,1996.0,9.0,71.0,70.0,8.0,2419.0,167*,167.0,1.0,39.01,3473.0,69.65,4.0,15.0,4.0,34.07,5.63,21.13,51.266,1988-1996,1988,1996,8,71,,,,,-,,,,,,,,,,,,,,,,,,,,,,,,,,True,True,All-rounder
RA Woolmer (ENG),1972-1976,1972.0,1976.0,5.0,6.0,4.0,0.0,21.0,9,9.0,0.0,5.25,46.0,45.65,0.0,0.0,1.0,3.5,0.0,0.0,21.41,1972-1976,1972,1976,4,6,6.0,321.0,260.0,9.0,Mar-33,28.88,4.85,35.6,0.0,0.0,1.5,0.21,1.11,0.0,,,,,,,,,,,,,,,,,True,True,All-rounder
RAJ Smith (SCOT),2016-2016,2016.0,2016.0,1.0,2.0,1.0,0.0,10.0,10,10.0,0.0,10.0,6.0,166.66,0.0,0.0,0.0,5.0,0.0,0.0,72.664,2016-2016,2016,2016,0,2,2.0,90.0,97.0,1.0,Jan-34,97.0,6.46,90.0,0.0,0.0,0.5,0.15,0.4,0.0,,,,,,,,,,,,,,,,,True,True,All-rounder
RAL Massie (AUS),1972-1972,1972.0,1972.0,1.0,3.0,1.0,1.0,16.0,16*,16.0,1.0,,24.0,66.66,0.0,0.0,0.0,5.33,0.0,0.0,,1972-1972,1972,1972,0,3,3.0,183.0,129.0,3.0,Feb-35,43.0,4.22,61.0,0.0,0.0,1.0,0.24,0.77,0.0,,,,,,,,,,,,,,,,,True,True,All-rounder
RAP Nissanka (SL),2001-2003,2001.0,2003.0,3.0,23.0,13.0,5.0,53.0,11,11.0,0.0,6.62,140.0,37.85,0.0,0.0,2.0,2.3,0.0,0.0,19.112,2001-2003,2001,2003,2,23,23.0,997.0,857.0,27.0,04-Dec,31.74,5.15,36.9,1.0,0.0,1.17,0.19,0.88,0.0,,,,,,,,,,,,,,,,,True,True,All-rounder
RAS Lakmal (SL),2009-2019,2009.0,2019.0,11.0,85.0,48.0,22.0,244.0,26,26.0,0.0,9.38,404.0,60.39,0.0,0.0,9.0,2.87,0.0,0.0,29.784,2009-2019,2009,2019,10,85,83.0,3824.0,3478.0,107.0,Apr-13,32.5,5.45,35.7,3.0,0.0,1.26,0.18,0.94,0.0,,,,,,,,,,,,,,,,,True,True,All-rounder
RB Kanhai (WI),1973-1975,1973.0,1975.0,3.0,7.0,5.0,2.0,164.0,55,55.0,0.0,54.66,273.0,60.07,0.0,2.0,0.0,23.43,0.0,28.57,56.824,1973-1975,1973,1975,2,7,,,,,-,,,,,,,,,,,,,,,,,,,,,,,,,,True,True,All-rounder
RB Kerr (AUS),1985-1985,1985.0,1985.0,1.0,4.0,4.0,1.0,97.0,87*,87.0,1.0,32.33,159.0,61.0,0.0,1.0,0.0,24.25,0.0,25.0,43.798,1985-1985,1985,1985,0,4,,,,,-,,,,,,,,,,,,,,,,,,,,,,,,,,True,True,All-rounder
RB McCosker (AUS),1975-1982,1975.0,1982.0,8.0,14.0,14.0,0.0,320.0,95,95.0,0.0,22.85,623.0,51.36,0.0,2.0,2.0,22.86,0.0,14.29,34.254,1975-1982,1975,1982,7,14,,,,,-,,,,,,,,,,,,,,,,,,,,,,,,,,True,True,All-rounder
RB Reid (NZ),1988-1991,1988.0,1991.0,4.0,9.0,9.0,0.0,248.0,64,64.0,0.0,27.55,448.0,55.35,0.0,2.0,0.0,27.56,0.0,22.22,38.67,1988-1991,1988,1991,3,9,1.0,7.0,13.0,1.0,Jan-13,13.0,11.14,7.0,0.0,0.0,0.11,0.09,0.1,0.0,,,,,,,,,,,,,,,,,True,True,All-rounder
RB Richardson (WI),1983-1996,1983.0,1996.0,14.0,224.0,217.0,30.0,6248.0,122,122.0,0.0,33.41,9801.0,63.74,5.0,44.0,8.0,27.89,2.23,19.64,45.542,1983-1996,1983,1996,13,224,6.0,58.0,46.0,1.0,01-Apr,46.0,4.75,58.0,0.0,0.0,0.0,0.21,0.07,0.0,,,,,,,,,,,,,,,,,True,True,All-rounder
RB Simpson (AUS),1978-1978,1978.0,1978.0,1.0,2.0,2.0,0.0,36.0,23,23.0,0.0,18.0,53.0,67.92,0.0,0.0,0.0,18.0,0.0,0.0,37.968,1978-1978,1978,1978,0,2,2.0,102.0,95.0,2.0,Feb-30,47.5,5.58,51.0,0.0,0.0,1.0,0.18,0.75,0.0,,,,,,,,,,,,,,,,,True,True,All-rounder
RC Fredericks (WI),1973-1977,1973.0,1977.0,5.0,12.0,12.0,0.0,311.0,105,105.0,0.0,25.91,440.0,70.68,1.0,1.0,0.0,25.92,8.33,8.33,43.818,1973-1977,1973,1977,4,12,1.0,10.0,10.0,2.0,02-Oct,5.0,6.0,5.0,0.0,0.0,0.17,0.17,0.17,0.0,,,,,,,,,,,,,,,,,True,True,All-rounder
RC Haynes (WI),1989-1991,1989.0,1991.0,3.0,8.0,6.0,1.0,26.0,18,18.0,0.0,5.2,66.0,39.39,0.0,0.0,2.0,3.25,0.0,0.0,18.876,1989-1991,1989,1991,2,8,7.0,270.0,224.0,5.0,Feb-36,44.8,4.97,54.0,0.0,0.0,0.63,0.2,0.5,0.0,,,,,,,,,,,,,,,,,True,True,All-rounder
RC Irani (ENG),1996-2003,1996.0,2003.0,8.0,31.0,30.0,5.0,360.0,53,53.0,0.0,14.4,549.0,65.57,0.0,1.0,7.0,11.61,0.0,3.23,34.868,1996-2003,1996,2003,7,31,30.0,1283.0,989.0,24.0,May-26,41.2,4.62,53.4,1.0,1.0,0.77,0.22,0.61,0.032,,,,,,,,,,,,,,,,,True,True,All-rounder
RC Russell (ENG),1987-1998,1987.0,1998.0,12.0,40.0,31.0,7.0,423.0,50,50.0,0.0,17.62,638.0,66.3,0.0,1.0,0.0,10.58,0.0,2.5,37.092,1987-1998,1987,1998,11,40,,,,,-,,,,,,,,,,,,,,,,,,,,,,,,,,True,True,All-rounder
RD Berrington (SCOT),2008-2019,2008.0,2019.0,12.0,78.0,73.0,6.0,1882.0,101*,101.0,1.0,28.08,2535.0,74.24,1.0,13.0,3.0,24.13,1.28,16.67,46.544,2008-2019,2008,2019,11,78,51.0,1394.0,1228.0,32.0,Apr-40,38.37,5.28,43.5,1.0,0.0,0.41,0.19,0.34,0.0,,,,,,,,,,,,,,,,,True,True,All-rounder
RD Brown (ZIM),1983-1987,1983.0,1987.0,5.0,7.0,7.0,0.0,110.0,38,38.0,0.0,15.71,334.0,32.93,0.0,0.0,0.0,15.71,0.0,0.0,22.598,1983-1987,1983,1987,4,7,,,,,-,,,,,,,,,,,,,,,,,,,,,,,,,,True,True,All-rounder
RD Gudhka (KENYA),2011-2011,2011.0,2011.0,1.0,2.0,2.0,1.0,17.0,10,10.0,0.0,17.0,14.0,121.42,0.0,0.0,0.0,8.5,0.0,0.0,58.768,2011-2011,2011,2011,0,2,2.0,78.0,60.0,1.0,Jan-41,60.0,4.61,78.0,0.0,0.0,0.5,0.22,0.42,0.0,,,,,,,,,,,,,,,,,True,True,All-rounder
RD Jackman (ENG),1974-1983,1974.0,1983.0,10.0,15.0,9.0,1.0,54.0,14,14.0,0.0,6.75,93.0,58.06,0.0,0.0,1.0,3.6,0.0,0.0,27.274,1974-1983,1974,1983,9,15,15.0,873.0,598.0,19.0,Mar-41,31.47,4.1,45.9,0.0,0.0,1.27,0.24,0.96,0.0,,,,,,,,,,,,,,,,,True,True,All-rounder
RD Jacobs (WI),1996-2004,1996.0,2004.0,9.0,147.0,112.0,32.0,1865.0,80*,80.0,1.0,23.31,2662.0,70.06,0.0,9.0,11.0,12.69,0.0,6.12,42.01,1996-2004,1996,2004,8,147,,,,,-,,,,,,,,,,1996-2004,1996.0,2004.0,8.0,147.0,145.0,189.0,160.0,29.0,160.0,0.0,,1.3030000000000002,1.09,1.29,0.2,True,True,All-rounder
RD King (WI),1998-2005,1998.0,2005.0,8.0,50.0,23.0,14.0,65.0,12*,12.0,1.0,7.22,203.0,32.01,0.0,0.0,5.0,1.3,0.0,0.0,17.136,1998-2005,1998,2005,7,50,50.0,2603.0,1807.0,76.0,Apr-25,23.77,4.16,34.2,2.0,0.0,1.52,0.24,1.14,0.0,,,,,,,,,,,,,,,,,True,True,All-rounder
RD McCann (IRE),2010-2010,2010.0,2010.0,1.0,8.0,5.0,1.0,44.0,18,18.0,0.0,11.0,77.0,57.14,0.0,0.0,1.0,5.5,0.0,0.0,29.456,2010-2010,2010,2010,0,8,,,,,-,,,,,,,,,,,,,,,,,,,,,,,,,,True,True,All-rounder
RD Robinson (AUS),1977-1977,1977.0,1977.0,1.0,2.0,2.0,0.0,82.0,70,70.0,0.0,41.0,143.0,57.34,0.0,1.0,0.0,41.0,0.0,50.0,47.536,1977-1977,1977,1977,0,2,,,,,-,,,,,,,,,,,,,,,,,,,,,,,,,,True,True,All-rounder
RD Shah (KENYA),1998-2007,1998.0,2007.0,10.0,56.0,55.0,1.0,1506.0,113,113.0,0.0,27.88,2298.0,65.53,1.0,12.0,5.0,26.89,1.79,21.43,42.94,1998-2007,1998,2007,9,56,4.0,60.0,72.0,0.0,-,,7.2,,0.0,0.0,0.0,0.14,0.04,0.0,,,,,,,,,,,,,,,,,True,True,All-rounder
RD Steede (BMUDA),2006-2008,2006.0,2008.0,3.0,8.0,7.0,1.0,70.0,20,20.0,0.0,11.66,142.0,49.29,0.0,0.0,0.0,8.75,0.0,0.0,26.712,2006-2008,2006,2008,2,8,8.0,312.0,257.0,5.0,Jan-21,51.4,4.94,62.4,0.0,0.0,0.63,0.2,0.5,0.0,,,,,,,,,,,,,,,,,True,True,All-rounder
RD Woolley (AUS),1983-1983,1983.0,1983.0,1.0,4.0,3.0,2.0,31.0,16,16.0,0.0,31.0,38.0,81.57,0.0,0.0,0.0,7.75,0.0,0.0,51.228,1983-1983,1983,1983,0,4,,,,,-,,,,,,,,,,,,,,,,,,,,,,,,,,True,True,All-rounder
RDB Croft (ENG),1996-2001,1996.0,2001.0,6.0,50.0,36.0,12.0,345.0,32,32.0,0.0,14.37,519.0,66.47,0.0,0.0,4.0,6.9,0.0,0.0,35.21,1996-2001,1996,2001,5,50,49.0,2466.0,1743.0,45.0,Mar-51,38.73,4.24,54.8,0.0,0.0,0.9,0.24,0.7,0.0,,,,,,,,,,,,,,,,,True,True,All-rounder
RDM Leverock (BMUDA),2006-2009,2006.0,2009.0,4.0,32.0,19.0,9.0,111.0,20*,20.0,1.0,11.1,382.0,29.05,0.0,0.0,1.0,3.47,0.0,0.0,18.28,2006-2009,2006,2009,3,32,32.0,1684.0,1123.0,34.0,May-53,33.02,4.0,49.5,0.0,1.0,1.06,0.25,0.82,0.031,,,,,,,,,,,,,,,,,True,True,All-rounder
RE Bryson (SA),1997-1997,1997.0,1997.0,1.0,7.0,4.0,3.0,32.0,17*,17.0,1.0,32.0,25.0,128.0,0.0,0.0,0.0,4.57,0.0,0.0,70.4,1997-1997,1997,1997,0,7,7.0,378.0,323.0,7.0,Feb-34,46.14,5.12,54.0,0.0,0.0,1.0,0.2,0.76,0.0,,,,,,,,,,,,,,,,,True,True,All-rounder
RE Redmond (NZ),1973-1973,1973.0,1973.0,1.0,2.0,1.0,0.0,3.0,3,3.0,0.0,3.0,11.0,27.27,0.0,0.0,0.0,1.5,0.0,0.0,12.708,1973-1973,1973,1973,0,2,,,,,-,,,,,,,,,,,,,,,,,,,,,,,,,,True,True,All-rounder
RE van der Merwe (NL/SA),2009-2019,2009.0,2019.0,11.0,15.0,8.0,3.0,96.0,57,57.0,0.0,19.2,95.0,101.05,0.0,1.0,1.0,6.4,0.0,6.67,51.94,2009-2019,2009,2019,10,15,15.0,789.0,658.0,18.0,Mar-27,36.55,5.0,43.8,0.0,0.0,1.2,0.2,0.9,0.0,,,,,,,,,,,,,,,,,True,True,All-rounder
RF van Oosterom (NL),1996-2002,1996.0,2002.0,7.0,3.0,3.0,2.0,7.0,5*,5.0,1.0,7.0,27.0,25.92,0.0,0.0,1.0,2.33,0.0,0.0,14.568,1996-2002,1996,2002,6,3,,,,,-,,,,,,,,,,,,,,,,,,,,,,,,,,True,True,All-rounder
RG Aga (KENYA),2004-2014,2004.0,2014.0,11.0,12.0,9.0,0.0,150.0,86,86.0,0.0,16.66,209.0,71.77,0.0,1.0,1.0,12.5,0.0,8.33,38.704,2004-2014,2004,2014,10,12,11.0,402.0,320.0,8.0,Feb-17,40.0,4.77,50.2,0.0,0.0,0.67,0.21,0.53,0.0,,,,,,,,,,,,,,,,,True,True,All-rounder
RG Callender (CAN),1979-1979,1979.0,1979.0,1.0,2.0,2.0,0.0,0.0,0,0.0,0.0,0.0,5.0,0.0,0.0,0.0,2.0,0.0,0.0,0.0,0.0,1979-1979,1979,1979,0,2,2.0,54.0,26.0,1.0,Jan-14,26.0,2.88,54.0,0.0,0.0,0.5,0.35,0.45,0.0,,,,,,,,,,,,,,,,,True,True,All-rounder
RG Hart (NZ),2002-2002,2002.0,2002.0,1.0,2.0,1.0,0.0,0.0,0,0.0,0.0,0.0,9.0,0.0,0.0,0.0,1.0,0.0,0.0,0.0,0.0,2002-2002,2002,2002,0,2,,,,,-,,,,,,,,,,,,,,,,,,,,,,,,,,True,True,All-rounder
RG Holland (AUS),,,,,,,,,,,,,,,,,,,,,,1985-1985,1985,1985,0,2,2.0,126.0,99.0,2.0,Feb-49,49.5,4.71,63.0,0.0,0.0,1.0,0.21,0.76,0.0,,,,,,,,,,,,,,,,,False,True,Bowler
RG Nijman (NL),,,,,,,,,,,,,,,,,,,,,,2009-2009,2009,2009,0,1,1.0,49.0,31.0,3.0,Mar-31,10.33,3.79,16.3,0.0,0.0,3.0,0.26,2.18,0.0,,,,,,,,,,,,,,,,,False,True,Bowler
RG Petrie (NZ),1990-1991,1990.0,1991.0,2.0,12.0,8.0,3.0,65.0,21,21.0,0.0,13.0,109.0,59.63,0.0,0.0,1.0,5.42,0.0,0.0,31.652,1990-1991,1990,1991,1,12,12.0,660.0,449.0,12.0,Feb-25,37.41,4.08,55.0,0.0,0.0,1.0,0.25,0.77,0.0,,,,,,,,,,,,,,,,,True,True,All-rounder
RG Samuels (WI),1996-1997,1996.0,1997.0,2.0,8.0,5.0,2.0,54.0,36*,36.0,1.0,18.0,63.0,85.71,0.0,0.0,0.0,6.75,0.0,0.0,45.084,1996-1997,1996,1997,1,8,,,,,-,,,,,,,,,,,,,,,,,,,,,,,,,,True,True,All-rounder
RG Sharma (INDIA),2007-2019,2007.0,2019.0,13.0,221.0,214.0,32.0,8944.0,264,264.0,0.0,49.14,10063.0,88.88,28.0,43.0,13.0,40.47,12.67,19.46,65.036,2007-2019,2007,2019,12,221,38.0,593.0,515.0,8.0,Feb-27,64.37,5.21,74.1,0.0,0.0,0.04,0.19,0.08,0.0,,,,,,,,,,,,,,,,,True,True,All-rounder
RG Twose (NZ),1995-2001,1995.0,2001.0,7.0,87.0,81.0,11.0,2717.0,103,103.0,0.0,38.81,3603.0,75.4,1.0,20.0,5.0,31.23,1.15,22.99,53.446,1995-2001,1995,2001,6,87,11.0,272.0,235.0,4.0,Feb-31,58.75,5.18,68.0,0.0,0.0,0.05,0.19,0.09,0.0,,,,,,,,,,,,,,,,,True,True,All-rounder
RG de Alwis (SL),1983-1988,1983.0,1988.0,6.0,31.0,27.0,8.0,401.0,59*,59.0,1.0,21.1,512.0,78.32,0.0,2.0,2.0,12.94,0.0,6.45,43.988,1983-1988,1983,1988,5,31,,,,,-,,,,,,,,,,,,,,,,,,,,,,,,,,True,True,All-rounder
RGA Headley (WI),1973-1973,1973.0,1973.0,1.0,1.0,1.0,0.0,19.0,19,19.0,0.0,19.0,41.0,46.34,0.0,0.0,0.0,19.0,0.0,0.0,29.936,1973-1973,1973,1973,0,1,,,,,-,,,,,,,,,,,,,,,,,,,,,,,,,,True,True,All-rounder
RGCE Wijesuriya (SL),1982-1985,1982.0,1985.0,4.0,8.0,3.0,2.0,18.0,12*,12.0,1.0,18.0,48.0,37.5,0.0,0.0,1.0,2.25,0.0,0.0,25.8,1982-1985,1982,1985,3,8,8.0,312.0,287.0,8.0,Feb-25,35.87,5.51,39.0,0.0,0.0,1.0,0.18,0.75,0.0,,,,,,,,,,,,,,,,,True,True,All-rounder
RGD Willis (ENG),1973-1984,1973.0,1984.0,12.0,64.0,22.0,14.0,83.0,24,24.0,0.0,10.37,157.0,52.86,0.0,0.0,4.0,1.3,0.0,0.0,27.366,1973-1984,1973,1984,11,64,64.0,3595.0,1968.0,80.0,04-Nov,24.6,3.28,44.9,4.0,0.0,1.25,0.3,0.97,0.0,,,,,,,,,,,,,,,,,True,True,All-rounder
RGM Patel (INDIA),,,,,,,,,,,,,,,,,,,,,,1988-1988,1988,1988,0,1,1.0,60.0,58.0,0.0,-,,5.8,,0.0,0.0,0.0,0.17,0.05,0.0,,,,,,,,,,,,,,,,,False,True,Bowler
RH Poonawala (UAE),1994-1994,1994.0,1994.0,1.0,2.0,2.0,0.0,44.0,22,22.0,0.0,22.0,56.0,78.57,0.0,0.0,0.0,22.0,0.0,0.0,44.628,1994-1994,1994,1994,0,2,,,,,-,,,,,,,,,,,,,,,,,,,,,,,,,,True,True,All-rounder
RH Scholte (NL),2002-2003,2002.0,2003.0,2.0,5.0,5.0,0.0,39.0,12,12.0,0.0,7.8,135.0,28.88,0.0,0.0,0.0,7.8,0.0,0.0,16.232,2002-2003,2002,2003,1,5,,,,,-,,,,,,,,,,,,,,,,,,,,,,,,,,True,True,All-rounder
RH Vance (NZ),1988-1989,1988.0,1989.0,2.0,8.0,8.0,0.0,248.0,96,96.0,0.0,31.0,481.0,51.55,0.0,1.0,0.0,31.0,0.0,12.5,39.22,1988-1989,1988,1989,1,8,,,,,-,,,,,,,,,,,,,,,,,,,,,,,,,,True,True,All-rounder
RIC Holder (WI),1993-1997,1993.0,1997.0,5.0,37.0,31.0,6.0,599.0,65,65.0,0.0,23.96,876.0,68.37,0.0,2.0,4.0,16.19,0.0,5.41,41.724,1993-1997,1993,1997,4,37,,,,,-,,,,,,,,,,,,,,,,,,,,,,,,,,True,True,All-rounder
RJ Bailey (ENG),1985-1990,1985.0,1990.0,6.0,4.0,4.0,2.0,137.0,43*,43.0,1.0,68.5,196.0,69.89,0.0,0.0,0.0,34.25,0.0,0.0,69.056,1985-1990,1985,1990,5,4,1.0,36.0,25.0,0.0,-,,4.16,,0.0,0.0,0.0,0.24,0.07,0.0,,,,,,,,,,,,,,,,,True,True,All-rounder
RJ Blakey (ENG),1992-1993,1992.0,1993.0,2.0,3.0,2.0,0.0,25.0,25,25.0,0.0,12.5,50.0,50.0,0.0,0.0,1.0,8.33,0.0,0.0,27.5,1992-1993,1992,1993,1,3,,,,,-,,,,,,,,,,,,,,,,,,,,,,,,,,True,True,All-rounder
RJ Bright (AUS),1974-1986,1974.0,1986.0,13.0,11.0,8.0,4.0,66.0,19*,19.0,1.0,16.5,122.0,54.09,0.0,0.0,1.0,6.0,0.0,0.0,31.536,1974-1986,1974,1986,12,11,10.0,462.0,350.0,3.0,Jan-28,116.66,4.54,154.0,0.0,0.0,0.27,0.22,0.26,0.0,,,,,,,,,,,,,,,,,True,True,All-rounder
RJ Campbell (AUS),2002-2002,2002.0,2002.0,1.0,2.0,2.0,0.0,54.0,38,38.0,0.0,27.0,70.0,77.14,0.0,0.0,0.0,27.0,0.0,0.0,47.056,2002-2002,2002,2002,0,2,,,,,-,,,,,,,,,,,,,,,,,,,,,,,,,,True,True,All-rounder
RJ Harris (AUS),2009-2012,2009.0,2012.0,4.0,21.0,13.0,7.0,48.0,21,21.0,0.0,8.0,48.0,100.0,0.0,0.0,0.0,2.29,0.0,0.0,44.8,2009-2012,2009,2012,3,21,20.0,1031.0,832.0,44.0,May-19,18.9,4.84,23.4,0.0,3.0,2.1,0.21,1.53,0.143,,,,,,,,,,,,,,,,,True,True,All-rounder
RJ Kennedy (NZ),1996-1996,1996.0,1996.0,1.0,7.0,4.0,3.0,17.0,8*,8.0,1.0,17.0,15.0,113.33,0.0,0.0,0.0,2.43,0.0,0.0,55.532,1996-1996,1996,1996,0,7,7.0,312.0,283.0,5.0,Feb-36,56.6,5.44,62.4,0.0,0.0,0.71,0.18,0.56,0.0,,,,,,,,,,,,,,,,,True,True,All-rounder
RJ Kirtley (ENG),2001-2004,2001.0,2004.0,4.0,11.0,2.0,0.0,2.0,1,1.0,0.0,1.0,11.0,18.18,0.0,0.0,0.0,0.18,0.0,0.0,7.872,2001-2004,2001,2004,3,11,11.0,549.0,481.0,9.0,Feb-33,53.44,5.25,61.0,0.0,0.0,0.82,0.19,0.63,0.0,,,,,,,,,,,,,,,,,True,True,All-rounder
RJ McCurdy (AUS),1985-1985,1985.0,1985.0,1.0,11.0,6.0,2.0,33.0,13*,13.0,1.0,8.25,71.0,46.47,0.0,0.0,1.0,3.0,0.0,0.0,23.538,1985-1985,1985,1985,0,11,11.0,515.0,375.0,12.0,Mar-19,31.25,4.36,42.9,0.0,0.0,1.09,0.23,0.83,0.0,,,,,,,,,,,,,,,,,True,True,All-rounder
RJ Nicol (NZ),2011-2013,2011.0,2013.0,3.0,22.0,21.0,2.0,586.0,146,146.0,0.0,30.84,776.0,75.51,2.0,2.0,2.0,26.64,9.09,9.09,48.708,2011-2013,2011,2013,2,22,17.0,339.0,329.0,10.0,Apr-19,32.9,5.82,33.9,1.0,0.0,0.45,0.17,0.37,0.0,,,,,,,,,,,,,,,,,True,True,All-rounder
RJ Peterson (SA),2002-2014,2002.0,2014.0,13.0,79.0,41.0,14.0,556.0,68,68.0,0.0,20.59,688.0,80.81,0.0,1.0,4.0,7.04,0.0,1.27,44.678,2002-2014,2002,2014,12,79,74.0,3278.0,2680.0,75.0,04-Dec,35.73,4.9,43.7,3.0,0.0,0.95,0.2,0.73,0.0,,,,,,,,,,,,,,,,,True,True,All-rounder
RJ Ratnayake (SL),1982-1993,1982.0,1993.0,12.0,70.0,55.0,18.0,612.0,33*,33.0,1.0,16.54,705.0,86.8,0.0,0.0,4.0,8.74,0.0,0.0,44.644,1982-1993,1982,1993,11,70,70.0,3575.0,2712.0,76.0,May-32,35.68,4.55,47.0,1.0,1.0,1.09,0.22,0.83,0.014,,,,,,,,,,,,,,,,,True,True,All-rounder
RJ Robinson (BMUDA),2007-2009,2007.0,2009.0,3.0,3.0,2.0,0.0,27.0,17,17.0,0.0,13.5,40.0,67.5,0.0,0.0,0.0,9.0,0.0,0.0,35.1,2007-2009,2007,2009,2,3,3.0,138.0,170.0,1.0,Jan-57,170.0,7.39,138.0,0.0,0.0,0.33,0.14,0.27,0.0,,,,,,,,,,,,,,,,,True,True,All-rounder
RJ Shastri (INDIA),1981-1992,1981.0,1992.0,12.0,150.0,128.0,21.0,3108.0,109,109.0,0.0,29.04,5089.0,61.07,4.0,18.0,5.0,20.72,2.67,12.0,41.852,1981-1992,1981,1992,11,150,136.0,6613.0,4650.0,129.0,May-15,36.04,4.21,51.2,2.0,1.0,0.86,0.24,0.67,0.007,,,,,,,,,,,,,,,,,True,True,All-rounder
RJ Sidebottom (ENG),2001-2010,2001.0,2010.0,10.0,25.0,18.0,8.0,133.0,24,24.0,0.0,13.3,194.0,68.55,0.0,0.0,2.0,5.32,0.0,0.0,35.4,2001-2010,2001,2010,9,25,25.0,1277.0,1039.0,29.0,Mar-19,35.82,4.88,44.0,0.0,0.0,1.16,0.2,0.87,0.0,,,,,,,,,,,,,,,,,True,True,All-rounder
RJ Trott (BMUDA),2007-2009,2007.0,2009.0,3.0,11.0,10.0,4.0,130.0,48*,48.0,1.0,21.66,249.0,52.2,0.0,0.0,1.0,11.82,0.0,0.0,33.876,2007-2009,2007,2009,2,11,11.0,537.0,412.0,16.0,Apr-46,25.75,4.6,33.5,1.0,0.0,1.45,0.22,1.08,0.0,,,,,,,,,,,,,,,,,True,True,All-rounder
RJ Webb (NZ),1983-1983,1983.0,1983.0,1.0,3.0,1.0,1.0,6.0,6*,6.0,1.0,,10.0,60.0,0.0,0.0,0.0,2.0,0.0,0.0,,1983-1983,1983,1983,0,3,3.0,161.0,105.0,4.0,Feb-28,26.25,3.91,40.2,0.0,0.0,1.33,0.26,1.01,0.0,,,,,,,,,,,,,,,,,True,True,All-rounder
RJ van Vuuren (NAM),2003-2003,2003.0,2003.0,1.0,5.0,5.0,2.0,26.0,14,14.0,0.0,8.66,38.0,68.42,0.0,0.0,2.0,5.2,0.0,0.0,32.564,2003-2003,2003,2003,0,5,5.0,300.0,298.0,8.0,May-43,37.25,5.96,37.5,0.0,1.0,1.6,0.17,1.17,0.2,,,,,,,,,,,,,,,,,True,True,All-rounder
RJW Topley (ENG),2015-2016,2015.0,2016.0,2.0,10.0,5.0,4.0,7.0,6,6.0,0.0,7.0,40.0,17.5,0.0,0.0,0.0,0.7,0.0,0.0,11.2,2015-2016,2015,2016,1,10,10.0,463.0,410.0,16.0,Apr-50,25.62,5.31,28.9,1.0,0.0,1.6,0.19,1.18,0.0,,,,,,,,,,,,,,,,,True,True,All-rounder
RK Chauhan (INDIA),1993-1997,1993.0,1997.0,5.0,35.0,18.0,5.0,132.0,32,32.0,0.0,10.15,171.0,77.19,0.0,0.0,4.0,3.77,0.0,0.0,36.966,1993-1997,1993,1997,4,35,34.0,1634.0,1216.0,29.0,Mar-29,41.93,4.46,56.3,0.0,0.0,0.83,0.22,0.65,0.0,,,,,,,,,,,,,,,,,True,True,All-rounder
RK Illingworth (ENG),1991-1996,1991.0,1996.0,6.0,25.0,11.0,5.0,68.0,14,14.0,0.0,11.33,119.0,57.14,0.0,0.0,0.0,2.72,0.0,0.0,29.654,1991-1996,1991,1996,5,25,25.0,1501.0,1059.0,30.0,Mar-33,35.3,4.23,50.0,0.0,0.0,1.2,0.24,0.91,0.0,,,,,,,,,,,,,,,,,True,True,All-rounder
RK Kleinveldt (SA),2013-2013,2013.0,2013.0,1.0,10.0,7.0,0.0,105.0,43,43.0,0.0,15.0,124.0,84.67,0.0,0.0,1.0,10.5,0.0,0.0,42.868,2013-2013,2013,2013,0,10,10.0,513.0,448.0,12.0,Apr-22,37.33,5.23,42.7,1.0,0.0,1.2,0.19,0.9,0.0,,,,,,,,,,,,,,,,,True,True,All-rounder
RK Paudel (NEPAL),2018-2019,2018.0,2019.0,2.0,4.0,4.0,0.0,86.0,55,55.0,0.0,21.5,111.0,77.47,0.0,1.0,0.0,21.5,0.0,25.0,43.888,2018-2019,2018,2019,1,4,,,,,-,,,,,,,,,,,,,,,,,,,,,,,,,,True,True,All-rounder
RK Sethi (EAf),1975-1975,1975.0,1975.0,1.0,3.0,3.0,0.0,54.0,30,30.0,0.0,18.0,185.0,29.18,0.0,0.0,0.0,18.0,0.0,0.0,22.472,1975-1975,1975,1975,0,3,3.0,120.0,100.0,1.0,Jan-51,100.0,5.0,120.0,0.0,0.0,0.33,0.2,0.29,0.0,,,,,,,,,,,,,,,,,True,True,All-rounder
RK Whelan (IRE),2007-2007,2007.0,2007.0,1.0,2.0,2.0,0.0,5.0,5,5.0,0.0,2.5,12.0,41.66,0.0,0.0,1.0,2.5,0.0,0.0,18.164,2007-2007,2007,2007,0,2,2.0,90.0,99.0,2.0,Jan-43,49.5,6.6,45.0,0.0,0.0,1.0,0.15,0.75,0.0,,,,,,,,,,,,,,,,,True,True,All-rounder
RL Bhudia (KENYA),2008-2009,2008.0,2009.0,2.0,5.0,5.0,0.0,122.0,47,47.0,0.0,24.4,124.0,98.38,0.0,0.0,0.0,24.4,0.0,0.0,53.992,2008-2009,2008,2009,1,5,5.0,180.0,151.0,3.0,Feb-42,50.33,5.03,60.0,0.0,0.0,0.6,0.2,0.48,0.0,,,,,,,,,,,,,,,,,True,True,All-rounder
RL Chase (WI),2017-2019,2017.0,2019.0,3.0,25.0,18.0,2.0,438.0,94,94.0,0.0,27.37,575.0,76.17,0.0,2.0,2.0,17.52,0.0,8.0,46.89,2017-2019,2017,2019,2,25,18.0,641.0,511.0,11.0,Mar-30,46.45,4.78,58.2,0.0,0.0,0.44,0.21,0.37,0.0,,,,,,,,,,,,,,,,,True,True,All-rounder
RL Dias (SL),1979-1987,1979.0,1987.0,9.0,58.0,55.0,5.0,1573.0,121,121.0,0.0,31.46,2315.0,67.94,2.0,11.0,3.0,27.12,3.45,18.97,46.052,1979-1987,1979,1987,8,58,6.0,56.0,70.0,3.0,Mar-25,23.33,7.5,18.6,0.0,0.0,0.05,0.13,0.08,0.0,,,,,,,,,,,,,,,,,True,True,All-rounder
RL Hayes (NZ),1995-1995,1995.0,1995.0,1.0,1.0,1.0,0.0,13.0,13,13.0,0.0,13.0,25.0,52.0,0.0,0.0,0.0,13.0,0.0,0.0,28.6,1995-1995,1995,1995,0,1,1.0,42.0,31.0,0.0,-,,4.42,,0.0,0.0,0.0,0.23,0.07,0.0,,,,,,,,,,,,,,,,,True,True,All-rounder
RL Johnson (ENG),2003-2003,2003.0,2003.0,1.0,10.0,4.0,1.0,16.0,10,10.0,0.0,5.33,20.0,80.0,0.0,0.0,1.0,1.6,0.0,0.0,35.198,2003-2003,2003,2003,0,10,9.0,402.0,239.0,11.0,Mar-22,21.72,3.56,36.5,0.0,0.0,1.1,0.28,0.85,0.0,,,,,,,,,,,,,,,,,True,True,All-rounder
RL Powell (WI),1999-2005,1999.0,2005.0,7.0,109.0,100.0,16.0,2085.0,124,124.0,0.0,24.82,2157.0,96.66,1.0,8.0,8.0,19.13,0.92,7.34,53.556,1999-2005,1999,2005,6,109,25.0,473.0,491.0,11.0,02-May,44.63,6.22,43.0,0.0,0.0,0.1,0.16,0.12,0.0,,,,,,,,,,,,,,,,,True,True,All-rounder
RL Sanghvi (INDIA),1998-1998,1998.0,1998.0,1.0,10.0,2.0,0.0,8.0,8,8.0,0.0,4.0,11.0,72.72,0.0,0.0,1.0,0.8,0.0,0.0,31.488,1998-1998,1998,1998,0,10,10.0,498.0,399.0,10.0,Mar-29,39.9,4.8,49.8,0.0,0.0,1.0,0.21,0.76,0.0,,,,,,,,,,,,,,,,,True,True,All-rounder
RM Ellison (ENG),1984-1986,1984.0,1986.0,3.0,14.0,12.0,4.0,86.0,24,24.0,0.0,10.75,110.0,78.18,0.0,0.0,0.0,6.14,0.0,0.0,37.722,1984-1986,1984,1986,2,14,14.0,696.0,510.0,12.0,Mar-42,42.5,4.39,58.0,0.0,0.0,0.86,0.23,0.67,0.0,,,,,,,,,,,,,,,,,True,True,All-rounder
RM Haq (SCOT),2006-2015,2006.0,2015.0,10.0,54.0,40.0,6.0,566.0,71,71.0,0.0,16.64,931.0,60.79,0.0,3.0,6.0,10.48,0.0,5.56,34.3,2006-2015,2006,2015,9,54,51.0,2633.0,1975.0,60.0,May-54,32.91,4.5,43.8,2.0,1.0,1.11,0.22,0.84,0.019,,,,,,,,,,,,,,,,,True,True,All-rounder
RM Hogg (AUS),1979-1985,1979.0,1985.0,7.0,71.0,35.0,20.0,137.0,22,22.0,0.0,9.13,217.0,63.13,0.0,0.0,2.0,1.93,0.0,0.0,30.73,1979-1985,1979,1985,6,71,67.0,3677.0,2418.0,85.0,Apr-29,28.44,3.94,43.2,5.0,0.0,1.2,0.25,0.91,0.0,,,,,,,,,,,,,,,,,True,True,All-rounder
RM West (IRE),2008-2009,2008.0,2009.0,2.0,10.0,4.0,2.0,61.0,29*,29.0,1.0,30.5,41.0,148.78,0.0,0.0,1.0,6.1,0.0,0.0,77.812,2008-2009,2008,2009,1,10,9.0,447.0,279.0,9.0,Apr-26,31.0,3.74,49.6,1.0,0.0,0.9,0.27,0.71,0.0,,,,,,,,,,,,,,,,,True,True,All-rounder
RMH Binny (INDIA),1980-1987,1980.0,1987.0,8.0,72.0,49.0,10.0,629.0,57,57.0,0.0,16.12,1046.0,60.13,0.0,1.0,4.0,8.74,0.0,1.39,33.724,1980-1987,1980,1987,7,72,67.0,2957.0,2260.0,77.0,Apr-29,29.35,4.58,38.4,3.0,0.0,1.07,0.22,0.81,0.0,,,,,,,,,,,,,,,,,True,True,All-rounder
RML Taylor (SCOT),2013-2016,2013.0,2016.0,4.0,15.0,14.0,3.0,154.0,46*,46.0,1.0,14.0,172.0,89.53,0.0,0.0,1.0,10.27,0.0,0.0,44.212,2013-2016,2013,2016,3,15,15.0,713.0,617.0,20.0,Mar-39,30.85,5.19,35.6,0.0,0.0,1.33,0.19,0.99,0.0,,,,,,,,,,,,,,,,,True,True,All-rounder
RMS Eranga (SL),2011-2016,2011.0,2016.0,6.0,19.0,11.0,8.0,34.0,12*,12.0,1.0,11.33,64.0,53.12,0.0,0.0,1.0,1.79,0.0,0.0,28.046,2011-2016,2011,2016,5,19,17.0,716.0,686.0,21.0,Mar-46,32.66,5.74,34.0,0.0,0.0,1.11,0.17,0.83,0.0,,,,,,,,,,,,,,,,,True,True,All-rounder
RN Lewis (WI),1997-2009,1997.0,2009.0,13.0,28.0,21.0,5.0,291.0,49,49.0,0.0,18.18,367.0,79.29,0.0,0.0,1.0,10.39,0.0,0.0,42.624,1997-2009,1997,2009,12,28,25.0,1150.0,983.0,22.0,Mar-43,44.68,5.12,52.2,0.0,0.0,0.79,0.2,0.61,0.0,,,,,,,,,,,,,,,,,True,True,All-rounder
RN ten Doeschate (NL),2006-2011,2006.0,2011.0,6.0,33.0,32.0,9.0,1541.0,119,119.0,0.0,67.0,1757.0,87.7,5.0,9.0,1.0,46.7,15.15,27.27,75.28,2006-2011,2006,2011,5,33,33.0,1580.0,1327.0,55.0,Apr-31,24.12,5.03,28.7,3.0,0.0,1.67,0.2,1.23,0.0,,,,,,,,,,,,,,,,,True,True,All-rounder
RO Butcher (ENG),1980-1981,1980.0,1981.0,2.0,3.0,3.0,0.0,58.0,52,52.0,0.0,19.33,68.0,85.29,0.0,1.0,0.0,19.33,0.0,33.33,45.714,1980-1981,1980,1981,1,3,,,,,-,,,,,,,,,,,,,,,,,,,,,,,,,,True,True,All-rounder
RO Collinge (NZ),1973-1978,1973.0,1978.0,6.0,15.0,9.0,3.0,34.0,9,9.0,0.0,5.66,62.0,54.83,0.0,0.0,1.0,2.27,0.0,0.0,25.328,1973-1978,1973,1978,5,15,15.0,859.0,479.0,18.0,May-23,26.61,3.34,47.7,0.0,1.0,1.2,0.3,0.93,0.067,,,,,,,,,,,,,,,,,True,True,All-rounder
RO Hinds (WI),2001-2004,2001.0,2004.0,4.0,14.0,9.0,3.0,101.0,18*,18.0,1.0,16.83,170.0,59.41,0.0,0.0,0.0,7.21,0.0,0.0,33.862,2001-2004,2001,2004,3,14,12.0,407.0,350.0,6.0,Feb-19,58.33,5.15,67.8,0.0,0.0,0.43,0.19,0.36,0.0,,,,,,,,,,,,,,,,,True,True,All-rounder
RO Hurley (WI),2003-2004,2003.0,2004.0,2.0,9.0,4.0,0.0,13.0,6,6.0,0.0,3.25,32.0,40.62,0.0,0.0,1.0,1.44,0.0,0.0,18.198,2003-2004,2003,2004,1,9,7.0,378.0,313.0,5.0,Jan-25,62.6,4.96,75.6,0.0,0.0,0.56,0.2,0.45,0.0,,,,,,,,,,,,,,,,,True,True,All-rounder
RO Hussain (SCOT),2006-2010,2006.0,2010.0,5.0,8.0,8.0,1.0,63.0,17,17.0,0.0,9.0,143.0,44.05,0.0,0.0,0.0,7.88,0.0,0.0,23.02,2006-2010,2006,2010,4,8,,,,,-,,,,,,,,,,,,,,,,,,,,,,,,,,True,True,All-rounder
RP Alexander (USA),2004-2004,2004.0,2004.0,1.0,2.0,2.0,0.0,34.0,26,26.0,0.0,17.0,75.0,45.33,0.0,0.0,0.0,17.0,0.0,0.0,28.332,2004-2004,2004,2004,0,2,,,,,-,,,,,,,,,,,,,,,,,,,,,,,,,,True,True,All-rounder
RP Arnold (SL),1997-2007,1997.0,2007.0,11.0,180.0,155.0,43.0,3950.0,103,103.0,0.0,35.26,5443.0,72.57,1.0,28.0,7.0,21.94,0.56,15.56,50.184,1997-2007,1997,2007,10,180,84.0,2157.0,1739.0,40.0,Mar-47,43.47,4.83,53.9,0.0,0.0,0.22,0.21,0.22,0.0,,,,,,,,,,,,,,,,,True,True,All-rounder
RP Burl (ZIM),2017-2019,2017.0,2019.0,3.0,18.0,15.0,3.0,243.0,53,53.0,0.0,20.25,357.0,68.06,0.0,1.0,1.0,13.5,0.0,5.56,39.374,2017-2019,2017,2019,2,18,10.0,210.0,207.0,7.0,Apr-32,29.57,5.91,30.0,1.0,0.0,0.39,0.17,0.32,0.0,,,,,,,,,,,,,,,,,True,True,All-rounder
RP Lefebvre (NL),1996-2003,1996.0,2003.0,8.0,11.0,11.0,5.0,171.0,45,45.0,0.0,28.5,280.0,61.07,0.0,0.0,0.0,15.55,0.0,0.0,41.528,1996-2003,1996,2003,7,11,11.0,534.0,346.0,9.0,Feb-38,38.44,3.88,59.3,0.0,0.0,0.82,0.26,0.65,0.0,,,,,,,,,,,,,,,,,True,True,All-rounder
RP Singh (INDIA),2005-2011,2005.0,2011.0,7.0,58.0,20.0,10.0,104.0,23,23.0,0.0,10.4,242.0,42.97,0.0,0.0,3.0,1.79,0.0,0.0,23.428,2005-2011,2005,2011,6,58,57.0,2565.0,2343.0,69.0,Apr-35,33.95,5.48,37.1,2.0,0.0,1.19,0.18,0.89,0.0,,,,,,,,,,,,,,,,,True,True,All-rounder
RP Snell (SA),1991-1996,1991.0,1996.0,6.0,42.0,28.0,8.0,322.0,63,63.0,0.0,16.1,330.0,97.57,0.0,2.0,1.0,7.67,0.0,4.76,48.688,1991-1996,1991,1996,5,42,42.0,2095.0,1574.0,44.0,May-40,35.77,4.5,47.6,2.0,1.0,1.05,0.22,0.8,0.024,,,,,,,,,,,,,,,,,True,True,All-rounder
RP de Groen (NZ),1993-1994,1993.0,1994.0,2.0,12.0,8.0,3.0,12.0,7*,7.0,1.0,2.4,36.0,33.33,0.0,0.0,4.0,1.0,0.0,0.0,14.772,1993-1994,1993,1994,1,12,12.0,549.0,478.0,8.0,Feb-34,59.75,5.22,68.6,0.0,0.0,0.67,0.19,0.52,0.0,,,,,,,,,,,,,,,,,True,True,All-rounder
RPAH Wickramaratne (SL),1993-1993,1993.0,1993.0,1.0,3.0,2.0,0.0,4.0,3,3.0,0.0,2.0,6.0,66.66,0.0,0.0,0.0,1.33,0.0,0.0,27.864,1993-1993,1993,1993,0,3,,,,,-,,,,,,,,,,,,,,,,,,,,,,,,,,True,True,All-rounder
RR Beaton (WI),2017-2017,2017.0,2017.0,1.0,2.0,2.0,1.0,15.0,12*,12.0,1.0,15.0,51.0,29.41,0.0,0.0,0.0,7.5,0.0,0.0,20.764,2017-2017,2017,2017,0,2,2.0,102.0,102.0,1.0,Jan-60,102.0,6.0,102.0,0.0,0.0,0.5,0.17,0.4,0.0,,,,,,,,,,,,,,,,,True,True,All-rounder
RR David (CAN),2008-2010,2008.0,2010.0,3.0,4.0,3.0,0.0,82.0,48,48.0,0.0,27.33,170.0,48.23,0.0,0.0,0.0,20.5,0.0,0.0,35.69,2008-2010,2008,2010,2,4,4.0,96.0,74.0,2.0,Feb-30,37.0,4.62,48.0,0.0,0.0,0.5,0.22,0.41,0.0,,,,,,,,,,,,,,,,,True,True,All-rounder
RR Emrit (WI),2007-2007,2007.0,2007.0,1.0,2.0,2.0,1.0,13.0,13,13.0,0.0,13.0,35.0,37.14,0.0,0.0,0.0,6.5,0.0,0.0,22.656,2007-2007,2007,2007,0,2,2.0,84.0,99.0,0.0,-,,7.07,,0.0,0.0,0.0,0.14,0.04,0.0,,,,,,,,,,,,,,,,,True,True,All-rounder
RR Hendricks (SA),2018-2019,2018.0,2019.0,2.0,18.0,18.0,1.0,455.0,102,102.0,0.0,26.76,591.0,76.98,1.0,2.0,1.0,25.28,5.56,11.11,46.848,2018-2019,2018,2019,1,18,3.0,42.0,47.0,1.0,Jan-13,47.0,6.71,42.0,0.0,0.0,0.06,0.15,0.08,0.0,,,,,,,,,,,,,,,,,True,True,All-rounder
RR Kulkarni (INDIA),1983-1987,1983.0,1987.0,5.0,10.0,5.0,3.0,33.0,15,15.0,0.0,16.5,39.0,84.61,0.0,0.0,0.0,3.3,0.0,0.0,43.744,1983-1987,1983,1987,4,10,10.0,444.0,345.0,10.0,Mar-42,34.5,4.66,44.4,0.0,0.0,1.0,0.21,0.76,0.0,,,,,,,,,,,,,,,,,True,True,All-rounder
RR Pant (INDIA),2018-2019,2018.0,2019.0,2.0,15.0,13.0,0.0,346.0,71,71.0,0.0,26.61,328.0,105.48,0.0,1.0,1.0,23.07,0.0,6.67,58.158,2018-2019,2018,2019,1,15,,,,,-,,,,,,,,,,,,,,,,,,,,,,,,,,True,True,All-rounder
RR Patel (KENYA),2008-2014,2008.0,2014.0,7.0,39.0,35.0,4.0,621.0,92,92.0,0.0,20.03,978.0,63.49,0.0,2.0,3.0,15.92,0.0,5.13,37.414,2008-2014,2008,2014,6,39,7.0,168.0,135.0,2.0,Jan-14,67.5,4.82,84.0,0.0,0.0,0.05,0.21,0.1,0.0,,,,,,,,,,,,,,,,,True,True,All-rounder
RR Powar (INDIA),2004-2007,2004.0,2007.0,4.0,31.0,19.0,5.0,163.0,54,54.0,0.0,11.64,260.0,62.69,0.0,1.0,0.0,5.26,0.0,3.23,32.06,2004-2007,2004,2007,3,31,29.0,1536.0,1191.0,34.0,Mar-24,35.02,4.65,45.1,0.0,0.0,1.1,0.22,0.83,0.0,,,,,,,,,,,,,,,,,True,True,All-rounder
RR Ramdass (WI),2005-2005,2005.0,2005.0,1.0,1.0,1.0,0.0,1.0,1,1.0,0.0,1.0,9.0,11.11,0.0,0.0,0.0,1.0,0.0,0.0,5.044,2005-2005,2005,2005,0,1,,,,,-,,,,,,,,,,,,,,,,,,,,,,,,,,True,True,All-rounder
RR Rossouw (SA),2014-2016,2014.0,2016.0,3.0,36.0,35.0,3.0,1239.0,132,132.0,0.0,38.71,1313.0,94.36,3.0,7.0,5.0,34.42,8.33,19.44,60.97,2014-2016,2014,2016,2,36,3.0,45.0,44.0,1.0,Jan-17,44.0,5.86,45.0,0.0,0.0,0.03,0.17,0.07,0.0,,,,,,,,,,,,,,,,,True,True,All-rounder
RR Sarwan (WI),2000-2013,2000.0,2013.0,14.0,181.0,169.0,33.0,5804.0,120*,120.0,1.0,42.67,7663.0,75.74,5.0,38.0,8.0,32.07,2.76,20.99,55.898,2000-2013,2000,2013,13,181,25.0,581.0,586.0,16.0,Mar-31,36.62,6.05,36.3,0.0,0.0,0.09,0.17,0.11,0.0,,,,,,,,,,,,,,,,,True,True,All-rounder
RR Singh (INDIA),1989-2001,1989.0,2001.0,13.0,136.0,113.0,23.0,2336.0,100,100.0,0.0,25.95,3144.0,74.3,1.0,9.0,5.0,17.18,0.74,6.62,45.29,1989-2001,1989,2001,12,136,117.0,3734.0,2985.0,69.0,May-22,43.26,4.79,54.1,0.0,2.0,0.51,0.21,0.42,0.015,,,,,,,,,,,,,,,,,True,True,All-rounder
RR Watson (SCOT),2006-2010,2006.0,2010.0,5.0,35.0,35.0,4.0,956.0,123*,123.0,1.0,30.83,1286.0,74.33,1.0,6.0,4.0,27.31,2.86,17.14,48.23,2006-2010,2006,2010,4,35,17.0,570.0,528.0,12.0,Mar-18,44.0,5.55,47.5,0.0,0.0,0.34,0.18,0.29,0.0,,,,,,,,,,,,,,,,,True,True,All-rounder
RS Bopara (ENG),2007-2015,2007.0,2015.0,9.0,120.0,109.0,21.0,2695.0,101*,101.0,1.0,30.62,3462.0,77.84,1.0,14.0,4.0,22.46,0.83,11.67,49.508,2007-2015,2007,2015,8,120,74.0,1860.0,1523.0,40.0,Apr-38,38.07,4.91,46.5,1.0,0.0,0.33,0.2,0.29,0.0,,,,,,,,,,,,,,,,,True,True,All-rounder
RS Gabriel (WI),1984-1984,1984.0,1984.0,1.0,11.0,11.0,0.0,167.0,41,41.0,0.0,15.18,360.0,46.38,0.0,0.0,2.0,15.18,0.0,0.0,27.66,1984-1984,1984,1984,0,11,,,,,-,,,,,,,,,,,,,,,,,,,,,,,,,,True,True,All-rounder
RS Gavaskar (INDIA),2004-2004,2004.0,2004.0,1.0,11.0,10.0,2.0,151.0,54,54.0,0.0,18.87,234.0,64.52,0.0,1.0,0.0,13.73,0.0,9.09,37.13,2004-2004,2004,2004,0,11,2.0,72.0,74.0,1.0,Jan-56,74.0,6.16,72.0,0.0,0.0,0.09,0.16,0.11,0.0,,,,,,,,,,,,,,,,,True,True,All-rounder
RS Ghai (INDIA),1984-1986,1984.0,1986.0,3.0,6.0,1.0,0.0,1.0,1,1.0,0.0,1.0,3.0,33.33,0.0,0.0,0.0,0.17,0.0,0.0,13.932,1984-1986,1984,1986,2,6,6.0,275.0,260.0,3.0,Jan-38,86.66,5.67,91.6,0.0,0.0,0.5,0.18,0.4,0.0,,,,,,,,,,,,,,,,,True,True,All-rounder
RS Haire (IRE),2008-2008,2008.0,2008.0,1.0,2.0,2.0,0.0,56.0,54,54.0,0.0,28.0,72.0,77.77,0.0,1.0,0.0,28.0,0.0,50.0,47.908,2008-2008,2008,2008,0,2,,,,,-,,,,,,,,,,,,,,,,,,,,,,,,,,True,True,All-rounder
RS Higgins (ZIM),2006-2006,2006.0,2006.0,1.0,11.0,8.0,2.0,15.0,7*,7.0,1.0,2.5,63.0,23.8,0.0,0.0,3.0,1.36,0.0,0.0,11.02,2006-2006,2006,2006,0,11,11.0,544.0,380.0,13.0,Apr-21,29.23,4.19,41.8,1.0,0.0,1.18,0.24,0.9,0.0,,,,,,,,,,,,,,,,,True,True,All-rounder
RS Kalpage (SL),1992-1999,1992.0,1999.0,8.0,86.0,69.0,28.0,844.0,51,51.0,0.0,20.58,1320.0,63.93,0.0,1.0,2.0,9.81,0.0,1.16,37.92,1992-1999,1992,1999,7,86,81.0,3960.0,2975.0,73.0,Apr-36,40.75,4.5,54.2,2.0,0.0,0.85,0.22,0.66,0.0,,,,,,,,,,,,,,,,,True,True,All-rounder
RS Kaluwitharana (SL),1990-2004,1990.0,2004.0,15.0,189.0,181.0,14.0,3711.0,102*,102.0,1.0,22.22,4776.0,77.7,2.0,23.0,24.0,19.63,1.06,12.17,44.412,1990-2004,1990,2004,14,189,,,,,-,,,,,,,,,,1990-2004,1990.0,2004.0,14.0,189.0,188.0,207.0,132.0,75.0,131.0,1.0,,1.101,0.7,1.1,0.4,True,True,All-rounder
RS Madugalle (SL),1979-1988,1979.0,1988.0,10.0,63.0,56.0,5.0,950.0,73,73.0,0.0,18.62,1574.0,60.35,0.0,3.0,4.0,15.08,0.0,4.76,35.312,1979-1988,1979,1988,9,63,1.0,4.0,1.0,0.0,-,,1.5,,0.0,0.0,0.0,0.67,0.2,0.0,,,,,,,,,,,,,,,,,True,True,All-rounder
RS Mahanama (SL),1986-1999,1986.0,1999.0,14.0,213.0,198.0,23.0,5162.0,119*,119.0,1.0,29.49,8521.0,60.57,4.0,35.0,15.0,24.23,1.88,16.43,41.922,1986-1999,1986,1999,13,213,2.0,2.0,7.0,0.0,-,,21.0,,0.0,0.0,0.0,0.05,0.01,0.0,,,,,,,,,,,,,,,,,True,True,All-rounder
RS Morton (WI),2002-2010,2002.0,2010.0,9.0,56.0,51.0,6.0,1519.0,110*,110.0,1.0,33.75,2289.0,66.36,2.0,10.0,7.0,27.13,3.57,17.86,46.794,2002-2010,2002,2010,8,56,1.0,6.0,2.0,0.0,-,,2.0,,0.0,0.0,0.0,0.5,0.15,0.0,,,,,,,,,,,,,,,,,True,True,All-rounder
RS Sodhi (INDIA),2000-2002,2000.0,2002.0,3.0,18.0,14.0,3.0,280.0,67,67.0,0.0,25.45,381.0,73.49,0.0,2.0,0.0,15.56,0.0,11.11,44.666,2000-2002,2000,2002,2,18,14.0,462.0,365.0,5.0,Feb-31,73.0,4.74,92.4,0.0,0.0,0.28,0.21,0.26,0.0,,,,,,,,,,,,,,,,,True,True,All-rounder
RSA Jayasekera (SL),1982-1982,1982.0,1982.0,1.0,2.0,1.0,0.0,17.0,17,17.0,0.0,17.0,42.0,40.47,0.0,0.0,0.0,8.5,0.0,0.0,26.388,1982-1982,1982,1982,0,2,,,,,-,,,,,,,,,,,,,,,,,,,,,,,,,,True,True,All-rounder
RT Crandon (WI),2009-2009,2009.0,2009.0,1.0,1.0,1.0,0.0,5.0,5,5.0,0.0,5.0,9.0,55.55,0.0,0.0,0.0,5.0,0.0,0.0,25.22,2009-2009,2009,2009,0,1,,,,,-,,,,,,,,,,,,,,,,,,,,,,,,,,True,True,All-rounder
RT Hart (NZ),1985-1985,1985.0,1985.0,1.0,1.0,1.0,0.0,3.0,3,3.0,0.0,3.0,29.0,10.34,0.0,0.0,0.0,3.0,0.0,0.0,5.936,1985-1985,1985,1985,0,1,,,,,-,,,,,,,,,,,,,,,,,,,,,,,,,,True,True,All-rounder
RT Latham (NZ),1990-1994,1990.0,1994.0,5.0,33.0,33.0,4.0,583.0,60,60.0,0.0,20.1,1008.0,57.83,0.0,1.0,3.0,17.67,0.0,3.03,35.192,1990-1994,1990,1994,4,33,21.0,450.0,386.0,11.0,May-32,35.09,5.14,40.9,0.0,1.0,0.33,0.19,0.29,0.03,,,,,,,,,,,,,,,,,True,True,All-rounder
RT Lyons (SCOT),2006-2010,2006.0,2010.0,5.0,25.0,14.0,10.0,90.0,28,28.0,0.0,22.5,147.0,61.22,0.0,0.0,0.0,3.6,0.0,0.0,37.988,2006-2010,2006,2010,4,25,23.0,1093.0,901.0,20.0,Mar-21,45.05,4.94,54.6,0.0,0.0,0.8,0.2,0.62,0.0,,,,,,,,,,,,,,,,,True,True,All-rounder
RT Ponting (AUS/ICC),1995-2012,1995.0,2012.0,18.0,375.0,365.0,39.0,13704.0,164,164.0,0.0,42.03,17046.0,80.39,30.0,82.0,20.0,36.54,8.0,21.87,57.374,1995-2012,1995,2012,17,375,5.0,150.0,104.0,3.0,01-Dec,34.66,4.16,50.0,0.0,0.0,0.01,0.24,0.08,0.0,1995-2012,1995.0,2012.0,17.0,375.0,372.0,160.0,160.0,0.0,0.0,160.0,,0.43,0.43,0.43,0.0,True,True,All-rounder
RT Robinson (ENG),1984-1988,1984.0,1988.0,5.0,26.0,26.0,0.0,597.0,83,83.0,0.0,22.96,1026.0,58.18,0.0,3.0,2.0,22.96,0.0,11.54,37.048,1984-1988,1984,1988,4,26,,,,,-,,,,,,,,,,,,,,,,,,,,,,,,,,True,True,All-rounder
RV Uthappa (INDIA),2006-2015,2006.0,2015.0,10.0,46.0,42.0,6.0,934.0,86,86.0,0.0,25.94,1031.0,90.59,0.0,6.0,4.0,20.3,0.0,13.04,51.8,2006-2015,2006,2015,9,46,1.0,2.0,0.0,0.0,-,,0.0,,0.0,0.0,0.0,,,0.0,,,,,,,,,,,,,,,,,True,True,All-rounder
RW Ali (KENYA),1996-1997,1996.0,1997.0,2.0,9.0,3.0,3.0,7.0,6*,6.0,1.0,,28.0,25.0,0.0,0.0,0.0,0.78,0.0,0.0,,1996-1997,1996,1997,1,9,9.0,338.0,255.0,11.0,Mar-17,23.18,4.52,30.7,0.0,0.0,1.22,0.22,0.92,0.0,,,,,,,,,,,,,,,,,True,True,All-rounder
RW Anderson (NZ),1976-1978,1976.0,1978.0,3.0,2.0,2.0,1.0,16.0,12,12.0,0.0,16.0,46.0,34.78,0.0,0.0,0.0,8.0,0.0,0.0,23.512,1976-1978,1976,1978,2,2,,,,,-,,,,,,,,,,,,,,,,,,,,,,,,,,True,True,All-rounder
RW Chakabva (ZIM),2008-2019,2008.0,2019.0,12.0,38.0,35.0,2.0,599.0,78*,78.0,1.0,18.15,1017.0,58.89,0.0,1.0,2.0,15.76,0.0,2.63,34.446,2008-2019,2008,2019,11,38,,,,,-,,,,,,,,,,,,,,,,,,,,,,,,,,True,True,All-rounder
RW Marsh (AUS),1971-1984,1971.0,1984.0,14.0,92.0,76.0,15.0,1225.0,66,66.0,0.0,20.08,1489.0,82.26,0.0,4.0,7.0,13.32,0.0,4.35,44.952,1971-1984,1971,1984,13,92,,,,,-,,,,,,,,,,1971-1984,1971.0,1984.0,13.0,92.0,92.0,124.0,120.0,4.0,120.0,0.0,,1.347,1.3,1.35,0.04,True,True,All-rounder
RW Price (ZIM),2002-2012,2002.0,2012.0,11.0,102.0,59.0,17.0,406.0,46,46.0,0.0,9.66,701.0,57.91,0.0,0.0,10.0,3.98,0.0,0.0,28.96,2002-2012,2002,2012,10,102,99.0,5374.0,3575.0,100.0,Apr-22,35.75,3.99,53.7,1.0,0.0,0.98,0.25,0.76,0.0,,,,,,,,,,,,,,,,,True,True,All-rounder
RW Sims (ZIM),2002-2003,2002.0,2003.0,2.0,3.0,2.0,1.0,31.0,24,24.0,0.0,31.0,67.0,46.26,0.0,0.0,0.0,10.33,0.0,0.0,37.104,2002-2003,2002,2003,1,3,3.0,132.0,127.0,0.0,-,,5.77,,0.0,0.0,0.0,0.17,0.05,0.0,,,,,,,,,,,,,,,,,True,True,All-rounder
RW Staple (USA),2004-2004,2004.0,2004.0,1.0,2.0,2.0,0.0,4.0,4,4.0,0.0,2.0,11.0,36.36,0.0,0.0,1.0,2.0,0.0,0.0,15.744,2004-2004,2004,2004,0,2,1.0,60.0,76.0,2.0,Feb-76,38.0,7.6,30.0,0.0,0.0,1.0,0.13,0.74,0.0,,,,,,,,,,,,,,,,,True,True,All-rounder
RW Taylor (ENG),1973-1984,1973.0,1984.0,12.0,27.0,17.0,7.0,130.0,26*,26.0,1.0,13.0,312.0,41.66,0.0,0.0,2.0,4.81,0.0,0.0,24.464,1973-1984,1973,1984,11,27,,,,,-,,,,,,,,,,,,,,,,,,,,,,,,,,True,True,All-rounder
RW Tolchard (ENG),,,,,,,,,,,,,,,,,,,,,,1979-1979,1979,1979,0,1,,,,,-,,,,,,,,,,,,,,,,,,,,,,,,,,False,True,Bowler
RWT Key (ENG),2003-2004,2003.0,2004.0,2.0,5.0,5.0,0.0,54.0,19,19.0,0.0,10.8,135.0,40.0,0.0,0.0,1.0,10.8,0.0,0.0,22.48,2003-2004,2003,2004,1,5,,,,,-,,,,,,,,,,,,,,,,,,,,,,,,,,True,True,All-rounder
Raees Ahmadzai (AFG),2009-2010,2009.0,2010.0,2.0,5.0,4.0,1.0,88.0,39,39.0,0.0,29.33,137.0,64.23,0.0,0.0,0.0,17.6,0.0,0.0,43.29,2009-2010,2009,2010,1,5,1.0,24.0,16.0,0.0,-,,4.0,,0.0,0.0,0.0,0.25,0.08,0.0,,,,,,,,,,,,,,,,,True,True,All-rounder
Rafiqul Alam (BDESH),1986-1986,1986.0,1986.0,1.0,2.0,2.0,0.0,24.0,14,14.0,0.0,12.0,63.0,38.09,0.0,0.0,0.0,12.0,0.0,0.0,22.436,1986-1986,1986,1986,0,2,,,,,-,,,,,,,,,,,,,,,,,,,,,,,,,,True,True,All-rounder
Rafiqul Islam (BDESH),2002-2002,2002.0,2002.0,1.0,1.0,1.0,0.0,0.0,0,0.0,0.0,0.0,5.0,0.0,0.0,0.0,1.0,0.0,0.0,0.0,0.0,2002-2002,2002,2002,0,1,,,,,-,,,,,,,,,,,,,,,,,,,,,,,,,,True,True,All-rounder
Rahat Ali (PAK),2012-2016,2012.0,2016.0,5.0,14.0,7.0,4.0,8.0,6*,6.0,1.0,2.66,37.0,21.62,0.0,0.0,2.0,0.57,0.0,0.0,10.244,2012-2016,2012,2016,4,14,14.0,679.0,658.0,18.0,Mar-40,36.55,5.81,37.7,0.0,0.0,1.29,0.17,0.95,0.0,,,,,,,,,,,,,,,,,True,True,All-rounder
Rahmat Shah (AFG),2013-2019,2013.0,2019.0,7.0,73.0,69.0,2.0,2359.0,114,114.0,0.0,35.2,3366.0,70.08,4.0,16.0,3.0,32.32,5.48,21.92,49.152,2013-2019,2013,2019,6,73,26.0,524.0,504.0,14.0,May-32,36.0,5.77,37.4,0.0,1.0,0.19,0.17,0.19,0.014,,,,,,,,,,,,,,,,,True,True,All-rounder
Rajin Saleh (BDESH),2003-2006,2003.0,2006.0,4.0,43.0,43.0,1.0,1005.0,108*,108.0,1.0,23.92,1833.0,54.82,1.0,6.0,5.0,23.37,2.33,13.95,36.28,2003-2006,2003,2006,3,43,19.0,539.0,459.0,15.0,Apr-16,30.6,5.1,35.9,1.0,0.0,0.35,0.2,0.3,0.0,,,,,,,,,,,,,,,,,True,True,All-rounder
Rameez Raja (PAK),1985-1997,1985.0,1997.0,13.0,198.0,197.0,15.0,5841.0,119*,119.0,1.0,32.09,9226.0,63.31,9.0,31.0,15.0,29.5,4.55,15.66,44.578,1985-1997,1985,1997,12,198,1.0,6.0,10.0,0.0,-,,10.0,,0.0,0.0,0.0,0.1,0.03,0.0,,,,,,,,,,,,,,,,,True,True,All-rounder
Rameez Shahzad (UAE),2016-2018,2016.0,2018.0,3.0,15.0,15.0,2.0,691.0,121*,121.0,1.0,53.15,817.0,84.57,2.0,4.0,1.0,46.07,13.33,26.67,65.718,2016-2018,2016,2018,2,15,1.0,12.0,16.0,0.0,-,,8.0,,0.0,0.0,0.0,0.13,0.04,0.0,,,,,,,,,,,,,,,,,True,True,All-rounder
Ramveer Rai (UAE),2004-2004,2004.0,2004.0,1.0,1.0,1.0,0.0,39.0,39,39.0,0.0,39.0,124.0,31.45,0.0,0.0,0.0,39.0,0.0,0.0,35.98,2004-2004,2004,2004,0,1,,,,,-,,,,,,,,,,,,,,,,,,,,,,,,,,True,True,All-rounder
Randhir Singh (INDIA),,,,,,,,,,,,,,,,,,,,,,1981-1983,1981,1983,2,2,2.0,72.0,48.0,1.0,Jan-30,48.0,4.0,72.0,0.0,0.0,0.5,0.25,0.43,0.0,,,,,,,,,,,,,,,,,False,True,Bowler
Raqibul Hasan (BDESH),2008-2011,2008.0,2011.0,4.0,55.0,54.0,7.0,1308.0,89,89.0,0.0,27.82,2133.0,61.32,0.0,8.0,6.0,23.78,0.0,14.55,41.22,1986-1986,1986,1986,0,2,1.0,1.0,4.0,0.0,-,,24.0,,0.0,0.0,0.0,0.04,0.01,0.0,,,,,,,,,,,,,,,,,True,True,All-rounder
Rashid Khan (AFG),2015-2019,2015.0,2019.0,5.0,71.0,56.0,9.0,905.0,60*,60.0,1.0,19.25,906.0,99.88,0.0,4.0,6.0,12.75,0.0,5.63,51.502,2015-2019,2015,2019,4,71,67.0,3558.0,2467.0,133.0,Jul-18,18.54,4.16,26.7,4.0,4.0,1.87,0.24,1.38,0.056,,,,,,,,,,,,,,,,,True,True,All-rounder
Rashid Khan (PAK),1980-1985,1980.0,1985.0,6.0,29.0,15.0,7.0,110.0,17,17.0,0.0,13.75,173.0,63.58,0.0,0.0,0.0,3.79,0.0,0.0,33.682,1980-1985,1980,1985,5,29,28.0,1414.0,923.0,20.0,Mar-47,46.15,3.91,70.7,0.0,0.0,0.69,0.26,0.56,0.0,,,,,,,,,,,,,,,,,True,True,All-rounder
Rashid Latif (PAK),1992-2003,1992.0,2003.0,12.0,166.0,117.0,29.0,1709.0,79,79.0,0.0,19.42,2237.0,76.39,0.0,3.0,8.0,10.3,0.0,1.81,42.208,1992-2003,1992,2003,11,166,,,,,-,,,,,,,,,,1992-2003,1992.0,2003.0,11.0,166.0,164.0,220.0,182.0,38.0,182.0,0.0,,1.341,1.1,1.33,0.23,True,True,All-rounder
Rashid Zia (USA),2004-2004,2004.0,2004.0,1.0,2.0,2.0,0.0,9.0,8,8.0,0.0,4.5,57.0,15.78,0.0,0.0,0.0,4.5,0.0,0.0,9.012,2004-2004,2004,2004,0,2,2.0,59.0,69.0,0.0,-,,7.01,,0.0,0.0,0.0,0.14,0.04,0.0,,,,,,,,,,,,,,,,,True,True,All-rounder
Raza Hasan (PAK),2014-2014,2014.0,2014.0,1.0,1.0,1.0,0.0,0.0,0,0.0,0.0,0.0,2.0,0.0,0.0,0.0,1.0,0.0,0.0,0.0,0.0,2014-2014,2014,2014,0,1,1.0,60.0,68.0,1.0,Jan-68,68.0,6.8,60.0,0.0,0.0,1.0,0.15,0.74,0.0,,,,,,,,,,,,,,,,,True,True,All-rounder
Raza-ur-Rehman (CAN),2013-2014,2013.0,2014.0,2.0,6.0,5.0,0.0,225.0,88,88.0,0.0,45.0,262.0,85.87,0.0,3.0,1.0,37.5,0.0,50.0,61.348,2013-2014,2013,2014,1,6,5.0,122.0,128.0,1.0,Jan-59,128.0,6.29,122.0,0.0,0.0,0.17,0.16,0.16,0.0,,,,,,,,,,,,,,,,,True,True,All-rounder
Rizwan Ahmed (PAK),,,,,,,,,,,,,,,,,,,,,,2008-2008,2008,2008,0,1,1.0,24.0,26.0,0.0,-,,6.5,,0.0,0.0,0.0,0.15,0.05,0.0,,,,,,,,,,,,,,,,,False,True,Bowler
Rizwan Cheema (CAN),2008-2013,2008.0,2013.0,6.0,33.0,32.0,1.0,764.0,94,94.0,0.0,24.64,685.0,111.53,0.0,6.0,3.0,23.15,0.0,18.18,59.396,2008-2013,2008,2013,5,33,32.0,1330.0,1095.0,32.0,Mar-25,34.21,4.93,41.5,0.0,0.0,0.97,0.2,0.74,0.0,,,,,,,,,,,,,,,,,True,True,All-rounder
Rizwan Latif (UAE),2004-2004,2004.0,2004.0,1.0,1.0,1.0,0.0,0.0,0,0.0,0.0,0.0,2.0,0.0,0.0,0.0,1.0,0.0,0.0,0.0,0.0,2004-2004,2004,2004,0,1,1.0,54.0,69.0,2.0,Feb-69,34.5,7.66,27.0,0.0,0.0,2.0,0.13,1.44,0.0,,,,,,,,,,,,,,,,,True,True,All-rounder
Rizwan-uz-Zaman (PAK),1981-1987,1981.0,1987.0,7.0,3.0,3.0,0.0,20.0,14,14.0,0.0,6.66,129.0,15.5,0.0,0.0,0.0,6.67,0.0,0.0,10.196,1981-1987,1981,1987,6,3,,,,,-,,,,,,,,,,,,,,,,,,,,,,,,,,True,True,All-rounder
Robiul Islam (BDESH),2013-2013,2013.0,2013.0,1.0,3.0,1.0,1.0,0.0,0*,0.0,1.0,,1.0,0.0,0.0,0.0,0.0,0.0,0.0,0.0,,2013-2013,2013,2013,0,3,3.0,133.0,117.0,2.0,Jan-21,58.5,5.27,66.5,0.0,0.0,0.67,0.19,0.52,0.0,,,,,,,,,,,,,,,,,True,True,All-rounder
Rohan Mustafa (UAE),2014-2019,2014.0,2019.0,6.0,34.0,33.0,0.0,671.0,109,109.0,0.0,20.33,985.0,68.12,1.0,1.0,3.0,19.74,2.94,2.94,39.446,2014-2019,2014,2019,5,34,33.0,1583.0,1245.0,38.0,May-25,32.76,4.71,41.6,1.0,1.0,1.12,0.21,0.85,0.029,,,,,,,,,,,,,,,,,True,True,All-rounder
Rokhan Barakzai (AFG),,,,,,,,,,,,,,,,,,,,,,2015-2015,2015,2015,0,1,1.0,60.0,45.0,2.0,Feb-45,22.5,4.5,30.0,0.0,0.0,2.0,0.22,1.47,0.0,,,,,,,,,,,,,,,,,False,True,Bowler
Rubel Hossain (BDESH),2009-2019,2009.0,2019.0,11.0,101.0,52.0,24.0,140.0,17,17.0,0.0,5.0,249.0,56.22,0.0,0.0,11.0,1.39,0.0,0.0,25.488,2009-2019,2009,2019,10,101,99.0,4540.0,4300.0,126.0,Jun-26,34.12,5.68,36.0,7.0,1.0,1.25,0.18,0.93,0.01,,,,,,,,,,,,,,,,,True,True,All-rounder
Rumman Raees (PAK),2017-2018,2017.0,2018.0,2.0,9.0,4.0,1.0,27.0,16,16.0,0.0,9.0,24.0,112.5,0.0,0.0,1.0,3.0,0.0,0.0,50.4,2017-2018,2017,2018,1,9,9.0,463.0,464.0,14.0,Mar-49,33.14,6.01,33.0,0.0,0.0,1.56,0.17,1.14,0.0,,,,,,,,,,,,,,,,,True,True,All-rounder
S Abid Ali (INDIA),1974-1975,1974.0,1975.0,2.0,5.0,3.0,0.0,93.0,70,70.0,0.0,31.0,132.0,70.45,0.0,1.0,0.0,18.6,0.0,20.0,46.78,1974-1975,1974,1975,1,5,5.0,336.0,187.0,7.0,Feb-22,26.71,3.33,48.0,0.0,0.0,1.4,0.3,1.07,0.0,,,,,,,,,,,,,,,,,True,True,All-rounder
S Abrahams (SA),2000-2000,2000.0,2000.0,1.0,1.0,1.0,1.0,16.0,16*,16.0,1.0,,26.0,61.53,0.0,0.0,0.0,16.0,0.0,0.0,,2000-2000,2000,2000,0,1,1.0,60.0,40.0,0.0,-,,4.0,,0.0,0.0,0.0,0.25,0.08,0.0,,,,,,,,,,,,,,,,,True,True,All-rounder
S Amarnath (INDIA),1978-1978,1978.0,1978.0,1.0,3.0,3.0,0.0,100.0,62,62.0,0.0,33.33,119.0,84.03,0.0,1.0,0.0,33.33,0.0,33.33,53.61,1978-1978,1978,1978,0,3,,,,,-,,,,,,,,,,,,,,,,,,,,,,,,,,True,True,All-rounder
S Badrinath (INDIA),2008-2011,2008.0,2011.0,4.0,7.0,6.0,1.0,79.0,27*,27.0,1.0,15.8,172.0,45.93,0.0,0.0,0.0,11.29,0.0,0.0,27.852,2008-2011,2008,2011,3,7,,,,,-,,,,,,,,,,,,,,,,,,,,,,,,,,True,True,All-rounder
S Baksh (CAN),1979-1979,1979.0,1979.0,1.0,1.0,1.0,0.0,0.0,0,0.0,0.0,0.0,6.0,0.0,0.0,0.0,1.0,0.0,0.0,0.0,0.0,1979-1979,1979,1979,0,1,,,,,-,,,,,,,,,,,,,,,,,,,,,,,,,,True,True,All-rounder
S Bau (PNG),2016-2019,2016.0,2019.0,4.0,21.0,21.0,1.0,378.0,59,59.0,0.0,18.9,602.0,62.79,0.0,1.0,4.0,18.0,0.0,4.76,36.456,2016-2019,2016,2019,3,21,6.0,180.0,124.0,2.0,Feb-35,62.0,4.13,90.0,0.0,0.0,0.1,0.24,0.14,0.0,,,,,,,,,,,,,,,,,True,True,All-rounder
S Chanderpaul (WI),1994-2011,1994.0,2011.0,18.0,268.0,251.0,40.0,8778.0,150,150.0,0.0,41.6,12408.0,70.74,11.0,59.0,6.0,32.75,4.1,22.01,53.256,1994-2011,1994,2011,17,268,28.0,740.0,636.0,14.0,Mar-18,45.42,5.15,52.8,0.0,0.0,0.05,0.19,0.09,0.0,,,,,,,,,,,,,,,,,True,True,All-rounder
S Chattergoon (WI),2006-2009,2006.0,2009.0,4.0,18.0,17.0,2.0,370.0,54*,54.0,1.0,24.66,615.0,60.16,0.0,2.0,2.0,20.56,0.0,11.11,38.86,2006-2009,2006,2009,3,18,4.0,80.0,48.0,1.0,01-Jan,48.0,3.6,80.0,0.0,0.0,0.06,0.28,0.12,0.0,,,,,,,,,,,,,,,,,True,True,All-rounder
S Dhaniram (CAN),2006-2010,2006.0,2010.0,5.0,44.0,41.0,4.0,915.0,92,92.0,0.0,24.72,1126.0,81.26,0.0,6.0,2.0,20.8,0.0,13.64,47.336,2006-2010,2006,2010,4,44,41.0,1769.0,1240.0,41.0,May-32,30.24,4.2,43.1,1.0,1.0,0.93,0.24,0.72,0.023,,,,,,,,,,,,,,,,,True,True,All-rounder
S Dhawan (INDIA),2010-2019,2010.0,2019.0,10.0,133.0,131.0,7.0,5518.0,143,143.0,0.0,44.5,5869.0,94.01,17.0,27.0,5.0,41.49,12.78,20.3,64.304,2010-2019,2010,2019,9,133,,,,,-,,,,,,,,,,,,,,,,,,,,,,,,,,True,True,All-rounder
S Dube (INDIA),2019-2019,2019.0,2019.0,1.0,1.0,1.0,0.0,9.0,9,9.0,0.0,9.0,6.0,150.0,0.0,0.0,0.0,9.0,0.0,0.0,65.4,2019-2019,2019,2019,0,1,1.0,47.0,68.0,0.0,-,,8.68,,0.0,0.0,0.0,0.12,0.03,0.0,,,,,,,,,,,,,,,,,True,True,All-rounder
S Elworthy (SA),1998-2002,1998.0,2002.0,5.0,39.0,16.0,8.0,100.0,23,23.0,0.0,12.5,160.0,62.5,0.0,0.0,3.0,2.56,0.0,0.0,32.5,1998-2002,1998,2002,4,39,37.0,1702.0,1235.0,44.0,Mar-17,28.06,4.35,38.6,0.0,0.0,1.13,0.23,0.86,0.0,,,,,,,,,,,,,,,,,True,True,All-rounder
S Jeganathan (SL),1983-1988,1983.0,1988.0,6.0,5.0,4.0,1.0,25.0,20*,20.0,1.0,8.33,39.0,64.1,0.0,0.0,0.0,5.0,0.0,0.0,30.638,1983-1988,1983,1988,5,5,5.0,276.0,208.0,5.0,Feb-45,41.6,4.52,55.2,0.0,0.0,1.0,0.22,0.77,0.0,,,,,,,,,,,,,,,,,True,True,All-rounder
S Jora (NEPAL),2019-2019,2019.0,2019.0,1.0,1.0,1.0,0.0,19.0,19,19.0,0.0,19.0,20.0,95.0,0.0,0.0,0.0,19.0,0.0,0.0,49.4,2019-2019,2019,2019,0,1,,,,,-,,,,,,,,,,,,,,,,,,,,,,,,,,True,True,All-rounder
S Jyoti (CAN),2006-2010,2006.0,2010.0,5.0,14.0,13.0,1.0,264.0,117,117.0,0.0,22.0,442.0,59.72,1.0,0.0,3.0,18.86,7.14,0.0,37.088,2006-2010,2006,2010,4,14,4.0,120.0,90.0,1.0,Jan-26,90.0,4.5,120.0,0.0,0.0,0.07,0.22,0.12,0.0,,,,,,,,,,,,,,,,,True,True,All-rounder
S Kaul (INDIA),2018-2018,2018.0,2018.0,1.0,3.0,2.0,0.0,1.0,1,1.0,0.0,0.5,3.0,33.33,0.0,0.0,1.0,0.33,0.0,0.0,13.632,2018-2018,2018,2018,0,3,3.0,162.0,179.0,0.0,-,,6.62,,0.0,0.0,0.0,0.15,0.05,0.0,,,,,,,,,,,,,,,,,True,True,All-rounder
S Keshvani (CAN),2009-2009,2009.0,2009.0,1.0,5.0,2.0,0.0,21.0,17,17.0,0.0,10.5,38.0,55.26,0.0,0.0,0.0,4.2,0.0,0.0,28.404,2009-2009,2009,2009,0,5,2.0,48.0,48.0,0.0,-,,6.0,,0.0,0.0,0.0,0.17,0.05,0.0,,,,,,,,,,,,,,,,,True,True,All-rounder
S Lamichhane (NEPAL),2018-2019,2018.0,2019.0,2.0,6.0,5.0,1.0,40.0,15,15.0,0.0,10.0,69.0,57.97,0.0,0.0,0.0,6.67,0.0,0.0,29.188,2018-2019,2018,2019,1,6,6.0,319.0,222.0,15.0,Apr-24,14.8,4.17,21.2,2.0,0.0,2.5,0.24,1.82,0.0,,,,,,,,,,,,,,,,,True,True,All-rounder
S Lee (AUS),1995-2001,1995.0,2001.0,7.0,45.0,35.0,8.0,477.0,47,47.0,0.0,17.66,500.0,95.4,0.0,0.0,3.0,10.6,0.0,0.0,48.756,1995-2001,1995,2001,6,45,43.0,1706.0,1245.0,48.0,May-33,25.93,4.37,35.5,1.0,1.0,1.07,0.23,0.82,0.022,,,,,,,,,,,,,,,,,True,True,All-rounder
S Madan Lal (INDIA),1974-1987,1974.0,1987.0,14.0,67.0,35.0,14.0,401.0,53*,53.0,1.0,19.09,645.0,62.17,0.0,1.0,1.0,5.99,0.0,1.49,36.322,1974-1987,1974,1987,13,67,64.0,3164.0,2137.0,73.0,Apr-20,29.27,4.05,43.3,2.0,0.0,1.09,0.25,0.84,0.0,,,,,,,,,,,,,,,,,True,True,All-rounder
S Matsikenyeri (ZIM),2002-2015,2002.0,2015.0,14.0,113.0,110.0,9.0,2224.0,90,90.0,0.0,22.01,3072.0,72.39,0.0,13.0,8.0,19.68,0.0,11.5,42.162,2002-2015,2002,2015,13,113,38.0,920.0,778.0,16.0,Feb-25,48.62,5.07,57.5,0.0,0.0,0.14,0.2,0.16,0.0,,,,,,,,,,,,,,,,,True,True,All-rounder
S Mukuddem (BMUDA),2006-2007,2006.0,2007.0,2.0,20.0,18.0,4.0,331.0,57,57.0,0.0,23.64,650.0,50.92,0.0,1.0,2.0,16.55,0.0,5.0,34.552,2006-2007,2006,2007,1,20,20.0,960.0,752.0,23.0,Apr-40,32.69,4.7,41.7,1.0,0.0,1.15,0.21,0.87,0.0,,,,,,,,,,,,,,,,,True,True,All-rounder
S Prasanna (SL),2011-2019,2011.0,2019.0,9.0,40.0,37.0,3.0,421.0,95,95.0,0.0,12.38,445.0,94.6,0.0,2.0,7.0,10.53,0.0,5.0,45.268,2011-2019,2011,2019,8,40,39.0,1945.0,1767.0,32.0,Mar-32,55.21,5.45,60.7,0.0,0.0,0.8,0.18,0.62,0.0,,,,,,,,,,,,,,,,,True,True,All-rounder
S Ramesh (INDIA),1999-1999,1999.0,1999.0,1.0,24.0,24.0,1.0,646.0,82,82.0,0.0,28.08,1092.0,59.15,0.0,6.0,3.0,26.92,0.0,25.0,40.508,1999-1999,1999,1999,0,24,3.0,36.0,38.0,1.0,Jan-23,38.0,6.33,36.0,0.0,0.0,0.04,0.16,0.08,0.0,,,,,,,,,,,,,,,,,True,True,All-rounder
S Ranatunga (SL),1994-1996,1994.0,1996.0,3.0,13.0,11.0,0.0,253.0,70,70.0,0.0,23.0,526.0,48.09,0.0,2.0,0.0,19.46,0.0,15.38,33.036,1994-1996,1994,1996,2,13,,,,,-,,,,,,,,,,,,,,,,,,,,,,,,,,True,True,All-rounder
S Randiv (SL),2009-2016,2009.0,2016.0,8.0,31.0,18.0,2.0,280.0,56,56.0,0.0,17.5,382.0,73.29,0.0,1.0,2.0,9.03,0.0,3.23,39.816,2009-2016,2009,2016,7,31,29.0,1437.0,1214.0,36.0,May-42,33.72,5.06,39.9,0.0,1.0,1.16,0.2,0.87,0.032,,,,,,,,,,,,,,,,,True,True,All-rounder
S Samarawickrama (SL),2017-2019,2017.0,2019.0,3.0,7.0,7.0,0.0,138.0,54,54.0,0.0,19.71,165.0,83.63,0.0,1.0,2.0,19.71,0.0,14.29,45.278,2017-2019,2017,2019,2,7,,,,,-,,,,,,,,,,,,,,,,,,,,,,,,,,True,True,All-rounder
S Seeraj (CAN),2006-2006,2006.0,2006.0,1.0,1.0,1.0,1.0,13.0,13*,13.0,1.0,,12.0,108.33,0.0,0.0,0.0,13.0,0.0,0.0,,2006-2006,2006,2006,0,1,,,,,-,,,,,,,,,,,,,,,,,,,,,,,,,,True,True,All-rounder
S Shivnarine (WI),1978-1978,1978.0,1978.0,1.0,1.0,1.0,1.0,20.0,20*,20.0,1.0,,43.0,46.51,0.0,0.0,0.0,20.0,0.0,0.0,,1978-1978,1978,1978,0,1,1.0,18.0,16.0,0.0,-,,5.33,,0.0,0.0,0.0,0.19,0.06,0.0,,,,,,,,,,,,,,,,,True,True,All-rounder
S Snater (NL),2018-2018,2018.0,2018.0,1.0,2.0,2.0,0.0,12.0,12,12.0,0.0,6.0,14.0,85.71,0.0,0.0,1.0,6.0,0.0,0.0,37.884,2018-2018,2018,2018,0,2,2.0,71.0,63.0,1.0,Jan-41,63.0,5.32,71.0,0.0,0.0,0.5,0.19,0.41,0.0,,,,,,,,,,,,,,,,,True,True,All-rounder
S Somasunder (INDIA),1996-1996,1996.0,1996.0,1.0,2.0,2.0,0.0,16.0,9,9.0,0.0,8.0,63.0,25.39,0.0,0.0,0.0,8.0,0.0,0.0,14.956,1996-1996,1996,1996,0,2,,,,,-,,,,,,,,,,,,,,,,,,,,,,,,,,True,True,All-rounder
S Sreesanth (INDIA),2005-2011,2005.0,2011.0,7.0,53.0,21.0,10.0,44.0,10*,10.0,1.0,4.0,121.0,36.36,0.0,0.0,3.0,0.83,0.0,0.0,16.944,2005-2011,2005,2011,6,53,52.0,2476.0,2508.0,75.0,Jun-55,33.44,6.07,33.0,2.0,1.0,1.42,0.16,1.04,0.019,,,,,,,,,,,,,,,,,True,True,All-rounder
S Sriram (INDIA),2000-2004,2000.0,2004.0,5.0,8.0,7.0,1.0,81.0,57,57.0,0.0,13.5,135.0,60.0,0.0,1.0,1.0,10.13,0.0,12.5,32.1,2000-2004,2000,2004,4,8,8.0,324.0,274.0,9.0,Mar-43,30.44,5.07,36.0,0.0,0.0,1.13,0.2,0.85,0.0,,,,,,,,,,,,,,,,,True,True,All-rounder
S Sumar (EAf),1975-1975,1975.0,1975.0,1.0,1.0,1.0,0.0,4.0,4,4.0,0.0,4.0,11.0,36.36,0.0,0.0,0.0,4.0,0.0,0.0,16.944,1975-1975,1975,1975,0,1,,,,,-,,,,,,,,,,,,,,,,,,,,,,,,,,True,True,All-rounder
S Thuraisingam (CAN),2003-2008,2003.0,2008.0,6.0,10.0,9.0,2.0,45.0,13,13.0,0.0,6.42,108.0,41.66,0.0,0.0,1.0,4.5,0.0,0.0,20.516,2003-2008,2003,2008,5,10,10.0,421.0,305.0,13.0,Apr-35,23.46,4.34,32.3,1.0,0.0,1.3,0.23,0.98,0.0,,,,,,,,,,,,,,,,,True,True,All-rounder
S Tyagi (INDIA),2009-2010,2009.0,2010.0,2.0,4.0,1.0,1.0,1.0,1*,1.0,1.0,,2.0,50.0,0.0,0.0,0.0,0.25,0.0,0.0,,2009-2010,2009,2010,1,4,4.0,165.0,144.0,3.0,Jan-15,48.0,5.23,55.0,0.0,0.0,0.75,0.19,0.58,0.0,,,,,,,,,,,,,,,,,True,True,All-rounder
S Venkataraghavan (INDIA),1974-1983,1974.0,1983.0,10.0,15.0,9.0,4.0,54.0,26*,26.0,1.0,10.8,126.0,42.85,0.0,0.0,2.0,3.6,0.0,0.0,23.62,1974-1983,1974,1983,9,15,14.0,868.0,542.0,5.0,Feb-34,108.4,3.74,173.6,0.0,0.0,0.33,0.27,0.31,0.0,,,,,,,,,,,,,,,,,True,True,All-rounder
S Vesawkar (NEPAL),2018-2018,2018.0,2018.0,1.0,1.0,1.0,0.0,4.0,4,4.0,0.0,4.0,15.0,26.66,0.0,0.0,0.0,4.0,0.0,0.0,13.064,2018-2018,2018,2018,0,1,,,,,-,,,,,,,,,,,,,,,,,,,,,,,,,,True,True,All-rounder
S Viswanath (INDIA),1985-1988,1985.0,1988.0,4.0,22.0,12.0,4.0,72.0,23*,23.0,1.0,9.0,139.0,51.79,0.0,0.0,0.0,3.27,0.0,0.0,26.116,1985-1988,1985,1988,3,22,,,,,-,,,,,,,,,,,,,,,,,,,,,,,,,,True,True,All-rounder
S Walusimbi (EAf),1975-1975,1975.0,1975.0,1.0,3.0,3.0,0.0,38.0,16,16.0,0.0,12.66,126.0,30.15,0.0,0.0,0.0,12.67,0.0,0.0,19.656,1975-1975,1975,1975,0,3,,,,,-,,,,,,,,,,,,,,,,,,,,,,,,,,True,True,All-rounder
S Weerakoon (SL),,,,,,,,,,,,,,,,,,,,,,2012-2012,2012,2012,0,2,1.0,60.0,49.0,1.0,Jan-49,49.0,4.9,60.0,0.0,0.0,0.5,0.2,0.41,0.0,,,,,,,,,,,,,,,,,False,True,Bowler
S Wettimuny (SL),1982-1987,1982.0,1987.0,6.0,35.0,33.0,1.0,786.0,86*,86.0,1.0,24.56,1636.0,48.04,0.0,4.0,1.0,22.46,0.0,11.43,33.952,1982-1987,1982,1987,5,35,6.0,57.0,70.0,1.0,Jan-13,70.0,7.36,57.0,0.0,0.0,0.03,0.14,0.06,0.0,,,,,,,,,,,,,,,,,True,True,All-rounder
SA Abbott (AUS),2014-2014,2014.0,2014.0,1.0,1.0,1.0,0.0,3.0,3,3.0,0.0,3.0,7.0,42.85,0.0,0.0,0.0,3.0,0.0,0.0,18.94,2014-2014,2014,2014,0,1,1.0,30.0,25.0,1.0,Jan-25,25.0,5.0,30.0,0.0,0.0,1.0,0.2,0.76,0.0,,,,,,,,,,,,,,,,,True,True,All-rounder
SA Ankola (INDIA),1989-1997,1989.0,1997.0,9.0,20.0,13.0,4.0,34.0,9,9.0,0.0,3.77,42.0,80.95,0.0,0.0,5.0,1.7,0.0,0.0,34.642,1989-1997,1989,1997,8,20,20.0,807.0,615.0,13.0,Mar-33,47.3,4.57,62.0,0.0,0.0,0.65,0.22,0.52,0.0,,,,,,,,,,,,,,,,,True,True,All-rounder
SA Britton (IRE),,,,,,,,,,,,,,,,,,,,,,2009-2009,2009,2009,0,1,1.0,36.0,37.0,0.0,-,,6.16,,0.0,0.0,0.0,0.16,0.05,0.0,,,,,,,,,,,,,,,,,False,True,Bowler
SA Edwards (NL),2018-2019,2018.0,2019.0,2.0,4.0,3.0,1.0,71.0,44*,44.0,1.0,35.5,81.0,87.65,0.0,0.0,0.0,17.75,0.0,0.0,56.36,2018-2019,2018,2019,1,4,,,,,-,,,,,,,,,,,,,,,,,,,,,,,,,,True,True,All-rounder
SA Jayasinghe (SL),1979-1979,1979.0,1979.0,1.0,2.0,1.0,0.0,1.0,1,1.0,0.0,1.0,3.0,33.33,0.0,0.0,0.0,0.5,0.0,0.0,13.932,1979-1979,1979,1979,0,2,,,,,-,,,,,,,,,,,,,,,,,,,,,,,,,,True,True,All-rounder
SA Thomson (NZ),1990-1996,1990.0,1996.0,7.0,56.0,52.0,10.0,964.0,83,83.0,0.0,22.95,1427.0,67.55,0.0,5.0,2.0,17.21,0.0,8.93,40.79,1990-1996,1990,1996,6,56,51.0,2121.0,1602.0,42.0,Mar-14,38.14,4.53,50.5,0.0,0.0,0.75,0.22,0.59,0.0,,,,,,,,,,,,,,,,,True,True,All-rounder
SAR Silva (SL),1984-1985,1984.0,1985.0,2.0,20.0,20.0,0.0,441.0,85,85.0,0.0,22.05,838.0,52.62,0.0,3.0,1.0,22.05,0.0,15.0,34.278,1984-1985,1984,1985,1,20,,,,,-,,,,,,,,,,,,,,,,,,,,,,,,,,True,True,All-rounder
SB Bangar (INDIA),2002-2004,2002.0,2004.0,3.0,15.0,15.0,2.0,180.0,57*,57.0,1.0,13.84,239.0,75.31,0.0,1.0,3.0,12.0,0.0,6.67,38.428,2002-2004,2002,2004,2,15,14.0,442.0,384.0,7.0,Feb-39,54.85,5.21,63.1,0.0,0.0,0.47,0.19,0.38,0.0,,,,,,,,,,,,,,,,,True,True,All-rounder
SB Doull (NZ),1992-2000,1992.0,2000.0,9.0,42.0,27.0,13.0,172.0,22,22.0,0.0,12.28,188.0,91.48,0.0,0.0,2.0,4.1,0.0,0.0,43.96,1992-2000,1992,2000,8,42,42.0,1745.0,1459.0,36.0,Apr-25,40.52,5.01,48.4,1.0,0.0,0.86,0.2,0.66,0.0,,,,,,,,,,,,,,,,,True,True,All-rounder
SB Joshi (INDIA),1996-2001,1996.0,2001.0,6.0,69.0,45.0,11.0,584.0,61*,61.0,1.0,17.17,653.0,89.43,0.0,1.0,4.0,8.46,0.0,1.45,46.074,1996-2001,1996,2001,5,69,67.0,3386.0,2509.0,69.0,05-Jun,36.36,4.44,49.0,1.0,1.0,1.0,0.23,0.77,0.014,,,,,,,,,,,,,,,,,True,True,All-rounder
SB Lama (HKG),2004-2004,2004.0,2004.0,1.0,1.0,1.0,1.0,16.0,16*,16.0,1.0,,48.0,33.33,0.0,0.0,0.0,16.0,0.0,0.0,,2004-2004,2004,2004,0,1,,,,,-,,,,,,,,,,,,,,,,,,,,,,,,,,True,True,All-rounder
SB O'Connor (NZ),1997-2000,1997.0,2000.0,4.0,38.0,13.0,6.0,24.0,8,8.0,0.0,3.42,91.0,26.37,0.0,0.0,3.0,0.63,0.0,0.0,12.6,1997-2000,1997,2000,3,38,38.0,1487.0,1396.0,46.0,May-39,30.34,5.63,32.3,1.0,2.0,1.21,0.18,0.9,0.053,,,,,,,,,,,,,,,,,True,True,All-rounder
SB Smith (AUS),1983-1985,1983.0,1985.0,3.0,28.0,24.0,2.0,861.0,117,117.0,0.0,39.13,1319.0,65.27,2.0,8.0,1.0,30.75,7.14,28.57,49.586,1983-1985,1983,1985,2,28,2.0,7.0,5.0,0.0,-,,4.28,,0.0,0.0,0.0,0.23,0.07,0.0,,,,,,,,,,,,,,,,,True,True,All-rounder
SB Styris (NZ),1999-2011,1999.0,2011.0,13.0,188.0,161.0,23.0,4483.0,141,141.0,0.0,32.48,5645.0,79.41,4.0,28.0,9.0,23.85,2.13,14.89,51.252,1999-2011,1999,2011,12,188,161.0,6114.0,4839.0,137.0,Jun-25,35.32,4.74,44.6,4.0,1.0,0.73,0.21,0.57,0.005,,,,,,,,,,,,,,,,,True,True,All-rounder
SC Ganguly (Asia/INDIA),1992-2007,1992.0,2007.0,16.0,311.0,300.0,23.0,11363.0,183,183.0,0.0,41.02,15416.0,73.7,22.0,72.0,16.0,36.54,7.07,23.15,54.092,1992-2007,1992,2007,15,311,171.0,4561.0,3849.0,100.0,May-16,38.49,5.06,45.6,1.0,2.0,0.32,0.2,0.28,0.006,,,,,,,,,,,,,,,,,True,True,All-rounder
SC Getkate (IRE),2019-2019,2019.0,2019.0,1.0,3.0,2.0,1.0,23.0,16*,16.0,1.0,23.0,23.0,100.0,0.0,0.0,0.0,7.67,0.0,0.0,53.8,2019-2019,2019,2019,0,3,3.0,162.0,120.0,6.0,Feb-30,20.0,4.44,27.0,0.0,0.0,2.0,0.23,1.47,0.0,,,,,,,,,,,,,,,,,True,True,All-rounder
SC Joseph (WI),2000-2005,2000.0,2005.0,6.0,13.0,11.0,1.0,161.0,58,58.0,0.0,16.1,302.0,53.31,0.0,1.0,2.0,12.38,0.0,7.69,30.984,2000-2005,2000,2005,5,13,,,,,-,,,,,,,,,,,,,,,,,,,,,,,,,,True,True,All-rounder
SC Khanna (INDIA),1979-1984,1979.0,1984.0,6.0,10.0,10.0,2.0,176.0,56,56.0,0.0,22.0,265.0,66.41,0.0,2.0,1.0,17.6,0.0,20.0,39.764,1979-1984,1979,1984,5,10,,,,,-,,,,,,,,,,,,,,,,,,,,,,,,,,True,True,All-rounder
SC Kuggeleijn (NZ),2017-2017,2017.0,2017.0,1.0,2.0,1.0,1.0,11.0,11*,11.0,1.0,,6.0,183.33,0.0,0.0,0.0,5.5,0.0,0.0,,2017-2017,2017,2017,0,2,2.0,84.0,58.0,5.0,Mar-41,11.6,4.14,16.8,0.0,0.0,2.5,0.24,1.82,0.0,,,,,,,,,,,,,,,,,True,True,All-rounder
SC Meaker (ENG),2011-2011,2011.0,2011.0,1.0,2.0,2.0,0.0,2.0,1,1.0,0.0,1.0,16.0,12.5,0.0,0.0,0.0,1.0,0.0,0.0,5.6,2011-2011,2011,2011,0,2,2.0,114.0,110.0,2.0,Jan-45,55.0,5.78,57.0,0.0,0.0,1.0,0.17,0.75,0.0,,,,,,,,,,,,,,,,,True,True,All-rounder
SC Williams (WI),1994-1999,1994.0,1999.0,6.0,57.0,55.0,6.0,1586.0,105*,105.0,1.0,32.36,2402.0,66.02,1.0,12.0,6.0,27.82,1.75,21.05,45.824,1994-1999,1994,1999,5,57,1.0,24.0,30.0,1.0,Jan-30,30.0,7.5,24.0,0.0,0.0,0.02,0.13,0.05,0.0,,,,,,,,,,,,,,,,,True,True,All-rounder
SC Williams (ZIM),2005-2019,2005.0,2019.0,15.0,131.0,127.0,18.0,3717.0,129*,129.0,1.0,34.1,4546.0,81.76,3.0,31.0,7.0,28.37,2.29,23.66,53.164,2005-2019,2005,2019,14,131,107.0,4080.0,3300.0,71.0,Apr-43,46.47,4.85,57.4,1.0,0.0,0.54,0.21,0.44,0.0,,,,,,,,,,,,,,,,,True,True,All-rounder
SCG MacGill (AUS),2000-2000,2000.0,2000.0,1.0,3.0,2.0,1.0,1.0,1,1.0,0.0,1.0,3.0,33.33,0.0,0.0,0.0,0.33,0.0,0.0,13.932,2000-2000,2000,2000,0,3,3.0,180.0,105.0,6.0,Apr-19,17.5,3.5,30.0,1.0,0.0,2.0,0.29,1.49,0.0,,,,,,,,,,,,,,,,,True,True,All-rounder
SCJ Broad (ENG),2006-2016,2006.0,2016.0,11.0,121.0,68.0,25.0,529.0,45*,45.0,1.0,12.3,709.0,74.61,0.0,0.0,8.0,4.37,0.0,0.0,37.224,2006-2016,2006,2016,10,121,121.0,6109.0,5364.0,178.0,May-23,30.13,5.26,34.3,9.0,1.0,1.47,0.19,1.09,0.008,,,,,,,,,,,,,,,,,True,True,All-rounder
SD Anurasiri (SL),1986-1994,1986.0,1994.0,9.0,45.0,18.0,12.0,62.0,11,11.0,0.0,10.33,143.0,43.35,0.0,0.0,2.0,1.38,0.0,0.0,23.538,1986-1994,1986,1994,8,45,43.0,2100.0,1464.0,32.0,Mar-40,45.75,4.18,65.6,0.0,0.0,0.71,0.24,0.57,0.0,,,,,,,,,,,,,,,,,True,True,All-rounder
SD Heazlett (AUS),2017-2017,2017.0,2017.0,1.0,1.0,1.0,0.0,4.0,4,4.0,0.0,4.0,11.0,36.36,0.0,0.0,0.0,4.0,0.0,0.0,16.944,2017-2017,2017,2017,0,1,,,,,-,,,,,,,,,,,,,,,,,,,,,,,,,,True,True,All-rounder
SD Hope (WI),2016-2019,2016.0,2019.0,4.0,72.0,67.0,10.0,3007.0,170,170.0,0.0,52.75,4046.0,74.32,8.0,15.0,4.0,41.76,11.11,20.83,61.378,2016-2019,2016,2019,3,72,,,,,-,,,,,,,,,,,,,,,,,,,,,,,,,,True,True,All-rounder
SD Jack (SA),1994-1995,1994.0,1995.0,2.0,2.0,2.0,0.0,7.0,6,6.0,0.0,3.5,8.0,87.5,0.0,0.0,0.0,3.5,0.0,0.0,37.1,1994-1995,1994,1995,1,2,2.0,108.0,86.0,3.0,Feb-41,28.66,4.77,36.0,0.0,0.0,1.5,0.21,1.11,0.0,,,,,,,,,,,,,,,,,True,True,All-rounder
SD Outerbridge (BMUDA),2006-2009,2006.0,2009.0,4.0,23.0,23.0,0.0,336.0,56,56.0,0.0,14.6,612.0,54.9,0.0,1.0,4.0,14.61,0.0,4.35,30.72,2006-2009,2006,2009,3,23,7.0,120.0,94.0,1.0,01-Nov,94.0,4.7,120.0,0.0,0.0,0.04,0.21,0.09,0.0,,,,,,,,,,,,,,,,,True,True,All-rounder
SD Parry (ENG),,,,,,,,,,,,,,,,,,,,,,2014-2014,2014,2014,0,2,2.0,114.0,92.0,4.0,Mar-32,23.0,4.84,28.5,0.0,0.0,2.0,0.21,1.46,0.0,,,,,,,,,,,,,,,,,False,True,Bowler
SD Udal (ENG),1994-2005,1994.0,2005.0,12.0,11.0,7.0,4.0,35.0,11*,11.0,1.0,11.66,46.0,76.08,0.0,0.0,1.0,3.18,0.0,0.0,37.428,1994-2005,1994,2005,11,11,11.0,612.0,400.0,9.0,Feb-37,44.44,3.92,68.0,0.0,0.0,0.82,0.26,0.65,0.0,,,,,,,,,,,,,,,,,True,True,All-rounder
SE Bond (NZ),2002-2010,2002.0,2010.0,9.0,82.0,40.0,22.0,292.0,31*,31.0,1.0,16.22,384.0,76.04,0.0,0.0,2.0,3.56,0.0,0.0,40.148,2002-2010,2002,2010,8,82,80.0,4295.0,3070.0,147.0,Jun-19,20.88,4.28,29.2,7.0,4.0,1.79,0.23,1.32,0.049,,,,,,,,,,,,,,,,,True,True,All-rounder
SE Findlay (WI),2008-2009,2008.0,2009.0,2.0,9.0,8.0,1.0,146.0,59*,59.0,1.0,20.85,194.0,75.25,0.0,1.0,0.0,16.22,0.0,11.11,42.61,2008-2009,2008,2009,1,9,,,,,-,,,,,,,,,,,,,,,,,,,,,,,,,,True,True,All-rounder
SE Marsh (AUS),2008-2019,2008.0,2019.0,12.0,73.0,72.0,4.0,2773.0,151,151.0,0.0,40.77,3406.0,81.41,7.0,15.0,3.0,37.99,9.59,20.55,57.026,2008-2019,2008,2019,11,73,,,,,-,,,,,,,,,,,,,,,,,,,,,,,,,,True,True,All-rounder
SF Burger (NAM),2003-2003,2003.0,2003.0,1.0,2.0,2.0,0.0,11.0,6,6.0,0.0,5.5,20.0,55.0,0.0,0.0,0.0,5.5,0.0,0.0,25.3,2003-2003,2003,2003,0,2,2.0,66.0,67.0,0.0,-,,6.09,,0.0,0.0,0.0,0.16,0.05,0.0,,,,,,,,,,,,,,,,,True,True,All-rounder
SF Dukanwala (UAE),1996-1996,1996.0,1996.0,1.0,5.0,4.0,2.0,84.0,40*,40.0,1.0,42.0,139.0,60.43,0.0,0.0,0.0,16.8,0.0,0.0,49.372,1996-1996,1996,1996,0,5,4.0,198.0,153.0,6.0,May-29,25.5,4.63,33.0,0.0,1.0,1.2,0.22,0.9,0.2,,,,,,,,,,,,,,,,,True,True,All-rounder
SF Graf (AUS),1980-1981,1980.0,1981.0,2.0,11.0,6.0,0.0,24.0,8,8.0,0.0,4.0,50.0,48.0,0.0,0.0,1.0,2.18,0.0,0.0,21.6,1980-1981,1980,1981,1,11,10.0,522.0,345.0,8.0,Feb-23,43.12,3.96,65.2,0.0,0.0,0.73,0.25,0.58,0.0,,,,,,,,,,,,,,,,,True,True,All-rounder
SF Mire (ZIM),2014-2019,2014.0,2019.0,6.0,47.0,47.0,0.0,955.0,112,112.0,0.0,20.31,1190.0,80.25,1.0,3.0,4.0,20.32,2.13,6.38,44.286,2014-2019,2014,2019,5,47,19.0,507.0,515.0,12.0,Apr-43,42.91,6.09,42.2,1.0,0.0,0.26,0.16,0.23,0.0,,,,,,,,,,,,,,,,,True,True,All-rounder
SFAF Bacchus (WI),1978-1983,1978.0,1983.0,6.0,29.0,26.0,3.0,612.0,80*,80.0,1.0,26.6,928.0,65.94,0.0,3.0,2.0,21.1,0.0,10.34,42.336,1978-1983,1978,1983,5,29,,,,,-,,,,,,,,,,,,,,,,,,,,,,,,,,True,True,All-rounder
SG Borthwick (ENG),2011-2011,2011.0,2011.0,1.0,2.0,2.0,0.0,18.0,15,15.0,0.0,9.0,16.0,112.5,0.0,0.0,0.0,9.0,0.0,0.0,50.4,2011-2011,2011,2011,0,2,2.0,54.0,72.0,0.0,-,,8.0,,0.0,0.0,0.0,0.13,0.04,0.0,,,,,,,,,,,,,,,,,True,True,All-rounder
SG Davies (ZIM),1996-1996,1996.0,1996.0,1.0,4.0,4.0,0.0,67.0,45,45.0,0.0,16.75,173.0,38.72,0.0,0.0,0.0,16.75,0.0,0.0,25.538,1996-1996,1996,1996,0,4,,,,,-,,,,,,,,,,,,,,,,,,,,,,,,,,True,True,All-rounder
SG Law (AUS),1994-1999,1994.0,1999.0,6.0,54.0,51.0,5.0,1237.0,110,110.0,0.0,26.89,1643.0,75.28,1.0,7.0,3.0,22.91,1.85,12.96,46.246,1994-1999,1994,1999,5,54,25.0,807.0,635.0,12.0,Feb-22,52.91,4.72,67.2,0.0,0.0,0.22,0.21,0.22,0.0,,,,,,,,,,,,,,,,,True,True,All-rounder
SG Peall (ZIM),1992-1996,1992.0,1996.0,5.0,21.0,15.0,1.0,91.0,21,21.0,0.0,6.5,150.0,60.66,0.0,0.0,4.0,4.33,0.0,0.0,28.164,1992-1996,1992,1996,4,21,19.0,900.0,678.0,8.0,Mar-54,84.75,4.52,112.5,0.0,0.0,0.38,0.22,0.33,0.0,,,,,,,,,,,,,,,,,True,True,All-rounder
SG Whittingham (SCOT),2017-2019,2017.0,2019.0,3.0,5.0,4.0,2.0,7.0,3*,3.0,1.0,3.5,17.0,41.17,0.0,0.0,0.0,1.4,0.0,0.0,18.568,2017-2019,2017,2019,2,5,5.0,251.0,224.0,8.0,Mar-58,28.0,5.35,31.3,0.0,0.0,1.6,0.19,1.18,0.0,,,,,,,,,,,,,,,,,True,True,All-rounder
SHA Rance (NZ),,,,,,,,,,,,,,,,,,,,,,2017-2017,2017,2017,0,2,2.0,105.0,110.0,1.0,Jan-44,110.0,6.28,105.0,0.0,0.0,0.5,0.16,0.4,0.0,,,,,,,,,,,,,,,,,False,True,Bowler
SHT Kandamby (SL),2004-2014,2004.0,2014.0,11.0,39.0,36.0,6.0,870.0,93*,93.0,1.0,29.0,1250.0,69.6,0.0,5.0,2.0,22.31,0.0,12.82,45.24,2004-2014,2004,2014,10,39,9.0,174.0,173.0,2.0,Feb-37,86.5,5.96,87.0,0.0,0.0,0.05,0.17,0.09,0.0,,,,,,,,,,,,,,,,,True,True,All-rounder
SHU Karnain (SL),1984-1990,1984.0,1990.0,7.0,19.0,17.0,5.0,229.0,41*,41.0,1.0,19.08,386.0,59.32,0.0,0.0,2.0,12.05,0.0,0.0,35.176,1984-1990,1984,1990,6,19,14.0,635.0,505.0,16.0,May-26,31.56,4.77,39.6,0.0,1.0,0.84,0.21,0.65,0.053,,,,,,,,,,,,,,,,,True,True,All-rounder
SI Mahmood (ENG),2004-2009,2004.0,2009.0,6.0,26.0,15.0,4.0,85.0,22*,22.0,1.0,7.72,101.0,84.15,0.0,0.0,3.0,3.27,0.0,0.0,38.292,2004-2009,2004,2009,5,26,25.0,1197.0,1169.0,30.0,Apr-50,38.96,5.85,39.9,1.0,0.0,1.15,0.17,0.86,0.0,,,,,,,,,,,,,,,,,True,True,All-rounder
SI de Saram (SL),1999-2001,1999.0,2001.0,3.0,15.0,13.0,2.0,183.0,38,38.0,0.0,16.63,270.0,67.77,0.0,0.0,0.0,12.2,0.0,0.0,37.086,1999-2001,1999,2001,2,15,,,,,-,,,,,,,,,,,,,,,,,,,,,,,,,,True,True,All-rounder
SJ Baard (NAM),2019-2019,2019.0,2019.0,1.0,5.0,5.0,0.0,126.0,73,73.0,0.0,25.2,199.0,63.31,0.0,1.0,1.0,25.2,0.0,20.0,40.444,2019-2019,2019,2019,0,5,,,,,-,,,,,,,,,,,,,,,,,,,,,,,,,,True,True,All-rounder
SJ Benn (WI),2008-2016,2008.0,2016.0,9.0,47.0,30.0,7.0,182.0,31,31.0,0.0,7.91,240.0,75.83,0.0,0.0,5.0,3.87,0.0,0.0,35.078,2008-2016,2008,2016,8,47,46.0,2387.0,1913.0,39.0,Apr-18,49.05,4.8,61.2,3.0,0.0,0.83,0.21,0.64,0.0,,,,,,,,,,,,,,,,,True,True,All-rounder
SJ Cameron (SCOT),2018-2018,2018.0,2018.0,1.0,2.0,2.0,1.0,9.0,8*,8.0,1.0,9.0,13.0,69.23,0.0,0.0,0.0,4.5,0.0,0.0,33.092,2018-2018,2018,2018,0,2,2.0,109.0,123.0,3.0,Feb-64,41.0,6.77,36.3,0.0,0.0,1.5,0.15,1.09,0.0,,,,,,,,,,,,,,,,,True,True,All-rounder
SJ Chalmers (SCOT),2009-2009,2009.0,2009.0,1.0,2.0,1.0,1.0,9.0,9*,9.0,1.0,,14.0,64.28,0.0,0.0,0.0,4.5,0.0,0.0,,2009-2009,2009,2009,0,2,2.0,60.0,49.0,1.0,Jan-34,49.0,4.9,60.0,0.0,0.0,0.5,0.2,0.41,0.0,,,,,,,,,,,,,,,,,True,True,All-rounder
SJ Cook (SA),1991-1993,1991.0,1993.0,3.0,4.0,4.0,0.0,67.0,35,35.0,0.0,16.75,118.0,56.77,0.0,0.0,1.0,16.75,0.0,0.0,32.758,1991-1993,1991,1993,2,4,,,,,-,,,,,,,,,,,,,,,,,,,,,,,,,,True,True,All-rounder
SJ Harmison (ENG),2002-2009,2002.0,2009.0,8.0,58.0,25.0,14.0,91.0,18*,18.0,1.0,8.27,141.0,64.53,0.0,0.0,3.0,1.57,0.0,0.0,30.774,2002-2009,2002,2009,7,58,57.0,2899.0,2481.0,76.0,May-33,32.64,5.13,38.1,2.0,1.0,1.31,0.19,0.98,0.017,,,,,,,,,,,,,,,,,True,True,All-rounder
SJ Massiah (USA),2004-2004,2004.0,2004.0,1.0,2.0,2.0,0.0,23.0,23,23.0,0.0,11.5,44.0,52.27,0.0,0.0,1.0,11.5,0.0,0.0,27.808,2004-2004,2004,2004,0,2,,,,,-,,,,,,,,,,,,,,,,,,,,,,,,,,True,True,All-rounder
SJ Myburgh (NL),2011-2018,2011.0,2018.0,8.0,13.0,13.0,1.0,294.0,56,56.0,0.0,24.5,339.0,86.72,0.0,2.0,2.0,22.62,0.0,15.38,49.388,2011-2018,2011,2018,7,13,,,,,-,,,,,,,,,,,,,,,,,,,,,,,,,,True,True,All-rounder
SJ Palframan (SA),1996-1996,1996.0,1996.0,1.0,7.0,4.0,0.0,55.0,28,28.0,0.0,13.75,80.0,68.75,0.0,0.0,0.0,7.86,0.0,0.0,35.75,1996-1996,1996,1996,0,7,,,,,-,,,,,,,,,,,,,,,,,,,,,,,,,,True,True,All-rounder
SJ Rhodes (ENG),1989-1995,1989.0,1995.0,7.0,9.0,8.0,2.0,107.0,56,56.0,0.0,17.83,150.0,71.33,0.0,1.0,0.0,11.89,0.0,11.11,39.23,1989-1995,1989,1995,6,9,,,,,-,,,,,,,,,,,,,,,,,,,,,,,,,,True,True,All-rounder
SJ Rixon (AUS),1978-1985,1978.0,1985.0,8.0,6.0,6.0,3.0,40.0,20*,20.0,1.0,13.33,98.0,40.81,0.0,0.0,1.0,6.67,0.0,0.0,24.322,1978-1985,1978,1985,7,6,,,,,-,,,,,,,,,,,,,,,,,,,,,,,,,,True,True,All-rounder
SJ Roberts (NZ),1990-1990,1990.0,1990.0,1.0,2.0,1.0,1.0,1.0,1*,1.0,1.0,,2.0,50.0,0.0,0.0,0.0,0.5,0.0,0.0,,1990-1990,1990,1990,0,2,2.0,42.0,47.0,0.0,-,,6.71,,0.0,0.0,0.0,0.15,0.04,0.0,,,,,,,,,,,,,,,,,True,True,All-rounder
SJ Swanepoel (NAM),2003-2003,2003.0,2003.0,1.0,5.0,5.0,0.0,43.0,23,23.0,0.0,8.6,94.0,45.74,0.0,0.0,0.0,8.6,0.0,0.0,23.456,2003-2003,2003,2003,0,5,,,,,-,,,,,,,,,,,,,,,,,,,,,,,,,,True,True,All-rounder
SK Atai (PNG),2019-2019,2019.0,2019.0,1.0,2.0,1.0,0.0,24.0,24,24.0,0.0,24.0,57.0,42.1,0.0,0.0,0.0,12.0,0.0,0.0,31.24,2019-2019,2019,2019,0,2,,,,,-,,,,,,,,,,,,,,,,,,,,,,,,,,True,True,All-rounder
SK Gupta (KENYA),1996-2001,1996.0,2001.0,6.0,10.0,10.0,1.0,121.0,41,41.0,0.0,13.44,220.0,55.0,0.0,0.0,3.0,12.1,0.0,0.0,30.064,1996-2001,1996,2001,5,10,,,,,-,,,,,,,,,,,,,,,,,,,,,,,,,,True,True,All-rounder
SK Raina (INDIA),2005-2018,2005.0,2018.0,14.0,226.0,194.0,35.0,5615.0,116*,116.0,1.0,35.31,6005.0,93.5,5.0,36.0,14.0,24.85,2.21,15.93,58.586,2005-2018,2005,2018,13,226,101.0,2126.0,1811.0,36.0,Mar-34,50.3,5.11,59.0,0.0,0.0,0.16,0.2,0.17,0.0,,,,,,,,,,,,,,,,,True,True,All-rounder
SK Ranasinghe (SL),1986-1986,1986.0,1986.0,1.0,4.0,3.0,0.0,55.0,41,41.0,0.0,18.33,81.0,67.9,0.0,0.0,1.0,13.75,0.0,0.0,38.158,1986-1986,1986,1986,0,4,4.0,126.0,96.0,3.0,Jan-28,32.0,4.57,42.0,0.0,0.0,0.75,0.22,0.59,0.0,,,,,,,,,,,,,,,,,True,True,All-rounder
SK Sharma (INDIA),1988-1990,1988.0,1990.0,3.0,23.0,12.0,4.0,80.0,28,28.0,0.0,10.0,135.0,59.25,0.0,0.0,2.0,3.48,0.0,0.0,29.7,1988-1990,1988,1990,2,23,22.0,979.0,813.0,22.0,May-26,36.95,4.98,44.5,0.0,1.0,0.96,0.2,0.73,0.043,,,,,,,,,,,,,,,,,True,True,All-rounder
SK Warne (AUS/ICC),1993-2005,1993.0,2005.0,13.0,194.0,107.0,29.0,1018.0,55,55.0,0.0,13.05,1413.0,72.04,0.0,1.0,10.0,5.25,0.0,0.52,36.646,1993-2005,1993,2005,12,194,191.0,10642.0,7541.0,293.0,May-33,25.73,4.25,36.3,12.0,1.0,1.51,0.24,1.13,0.005,,,,,,,,,,,,,,,,,True,True,All-rounder
SKL de Silva (SL),1997-1997,1997.0,1997.0,1.0,11.0,6.0,3.0,161.0,57,57.0,0.0,53.66,193.0,83.41,0.0,2.0,0.0,14.64,0.0,18.18,65.56,1997-1997,1997,1997,0,11,,,,,-,,,,,,,,,,,,,,,,,,,,,,,,,,True,True,All-rounder
SKW Kelly (BMUDA),2006-2009,2006.0,2009.0,4.0,10.0,6.0,6.0,14.0,7*,7.0,1.0,,31.0,45.16,0.0,0.0,0.0,1.4,0.0,0.0,,2006-2009,2006,2009,3,10,10.0,389.0,371.0,14.0,Mar-36,26.5,5.72,27.7,0.0,0.0,1.4,0.17,1.03,0.0,,,,,,,,,,,,,,,,,True,True,All-rounder
SL Boock (NZ),1978-1987,1978.0,1987.0,10.0,14.0,7.0,4.0,30.0,12,12.0,0.0,10.0,31.0,96.77,0.0,0.0,1.0,2.14,0.0,0.0,44.708,1978-1987,1978,1987,9,14,13.0,700.0,513.0,15.0,Mar-28,34.2,4.39,46.6,0.0,0.0,1.07,0.23,0.82,0.0,,,,,,,,,,,,,,,,,True,True,All-rounder
SL Campbell (WI),1994-2001,1994.0,2001.0,8.0,90.0,87.0,0.0,2283.0,105,105.0,0.0,26.24,3853.0,59.25,2.0,14.0,9.0,25.37,2.22,15.56,39.444,1994-2001,1994,2001,7,90,8.0,196.0,170.0,8.0,Apr-30,21.25,5.2,24.5,1.0,0.0,0.09,0.19,0.12,0.0,,,,,,,,,,,,,,,,,True,True,All-rounder
SL Malinga (SL),2004-2019,2004.0,2019.0,16.0,226.0,119.0,36.0,567.0,56,56.0,0.0,6.83,761.0,74.5,0.0,1.0,26.0,2.51,0.0,0.44,33.898,2004-2019,2004,2019,15,226,220.0,10936.0,9760.0,338.0,Jun-38,28.87,5.35,32.3,11.0,8.0,1.5,0.19,1.1,0.035,,,,,,,,,,,,,,,,,True,True,All-rounder
SL Stewart (NZ),2010-2010,2010.0,2010.0,1.0,4.0,4.0,0.0,26.0,14,14.0,0.0,6.5,59.0,44.06,0.0,0.0,0.0,6.5,0.0,0.0,21.524,2010-2010,2010,2010,0,4,,,,,-,,,,,,,,,,,,,,,,,,,,,,,,,,True,True,All-rounder
SL Watkin (ENG),1994-1994,1994.0,1994.0,1.0,4.0,2.0,0.0,4.0,4,4.0,0.0,2.0,23.0,17.39,0.0,0.0,1.0,1.0,0.0,0.0,8.156,1994-1994,1994,1994,0,4,4.0,221.0,193.0,7.0,Apr-49,27.57,5.23,31.5,1.0,0.0,1.75,0.19,1.28,0.0,,,,,,,,,,,,,,,,,True,True,All-rounder
SLV Raju (INDIA),1990-1996,1990.0,1996.0,7.0,53.0,16.0,8.0,32.0,8,8.0,0.0,4.0,67.0,47.76,0.0,0.0,4.0,0.6,0.0,0.0,21.504,1990-1996,1990,1996,6,53,52.0,2770.0,2014.0,63.0,Apr-46,31.96,4.36,43.9,2.0,0.0,1.19,0.23,0.9,0.0,,,,,,,,,,,,,,,,,True,True,All-rounder
SM Boland (AUS),2016-2016,2016.0,2016.0,1.0,14.0,4.0,1.0,9.0,4,4.0,0.0,3.0,22.0,40.9,0.0,0.0,1.0,0.64,0.0,0.0,18.16,2016-2016,2016,2016,0,14,13.0,716.0,725.0,16.0,Mar-67,45.31,6.07,44.7,0.0,0.0,1.14,0.16,0.85,0.0,,,,,,,,,,,,,,,,,True,True,All-rounder
SM Curran (ENG),2018-2018,2018.0,2018.0,1.0,2.0,2.0,0.0,17.0,15,15.0,0.0,8.5,29.0,58.62,0.0,0.0,0.0,8.5,0.0,0.0,28.548,2018-2018,2018,2018,0,2,2.0,72.0,90.0,2.0,Feb-44,45.0,7.5,36.0,0.0,0.0,1.0,0.13,0.74,0.0,,,,,,,,,,,,,,,,,True,True,All-rounder
SM Davies (ENG),2009-2011,2009.0,2011.0,3.0,8.0,8.0,0.0,244.0,87,87.0,0.0,30.5,231.0,105.62,0.0,1.0,1.0,30.5,0.0,12.5,60.548,2009-2011,2009,2011,2,8,,,,,-,,,,,,,,,,,,,,,,,,,,,,,,,,True,True,All-rounder
SM Ervine (ZIM),2001-2004,2001.0,2004.0,4.0,42.0,34.0,7.0,698.0,100,100.0,0.0,25.85,816.0,85.53,1.0,2.0,5.0,16.62,2.38,4.76,49.722,2001-2004,2001,2004,3,42,40.0,1649.0,1561.0,41.0,Mar-29,38.07,5.67,40.2,0.0,0.0,0.98,0.18,0.74,0.0,,,,,,,,,,,,,,,,,True,True,All-rounder
SM Gavaskar (INDIA),1974-1987,1974.0,1987.0,14.0,108.0,102.0,14.0,3092.0,103*,103.0,1.0,35.13,4966.0,62.26,1.0,27.0,8.0,28.63,0.93,25.0,45.982,1974-1987,1974,1987,13,108,4.0,20.0,25.0,1.0,01-Oct,25.0,7.5,20.0,0.0,0.0,0.01,0.13,0.05,0.0,,,,,,,,,,,,,,,,,True,True,All-rounder
SM Harwood (AUS),2009-2009,2009.0,2009.0,1.0,1.0,1.0,0.0,0.0,0,0.0,0.0,0.0,4.0,0.0,0.0,0.0,1.0,0.0,0.0,0.0,0.0,2009-2009,2009,2009,0,1,1.0,60.0,57.0,2.0,Feb-57,28.5,5.7,30.0,0.0,0.0,2.0,0.18,1.45,0.0,,,,,,,,,,,,,,,,,True,True,All-rounder
SM Katich (AUS),2001-2006,2001.0,2006.0,6.0,45.0,42.0,5.0,1324.0,107*,107.0,1.0,35.78,1926.0,68.74,1.0,9.0,3.0,29.42,2.22,20.0,48.964,2001-2006,2001,2006,5,45,,,,,-,,,,,,,,,,,,,,,,,,,,,,,,,,True,True,All-rounder
SM Patil (INDIA),1980-1986,1980.0,1986.0,7.0,45.0,42.0,1.0,1005.0,84,84.0,0.0,24.51,1223.0,82.17,0.0,9.0,4.0,22.33,0.0,20.0,47.574,1980-1986,1980,1986,6,45,20.0,864.0,589.0,15.0,Feb-28,39.26,4.09,57.6,0.0,0.0,0.33,0.24,0.31,0.0,,,,,,,,,,,,,,,,,True,True,All-rounder
SM Pollock (Afr/ICC/SA),1996-2008,1996.0,2008.0,13.0,303.0,205.0,72.0,3519.0,130,130.0,0.0,26.45,4059.0,86.69,1.0,14.0,20.0,11.61,0.33,4.62,50.546,1996-2008,1996,2008,12,303,297.0,15712.0,9631.0,393.0,Jun-35,24.5,3.67,39.9,12.0,5.0,1.3,0.27,0.99,0.017,,,,,,,,,,,,,,,,,True,True,All-rounder
SM Sharif (SCOT),2011-2019,2011.0,2019.0,9.0,44.0,33.0,16.0,292.0,34,34.0,0.0,17.17,394.0,74.11,0.0,0.0,3.0,6.64,0.0,0.0,39.946,2011-2019,2011,2019,8,44,44.0,2129.0,1776.0,64.0,May-33,27.75,5.0,33.2,2.0,1.0,1.45,0.2,1.08,0.023,,,,,,,,,,,,,,,,,True,True,All-rounder
SM Warnapura (SL),2007-2008,2007.0,2008.0,2.0,3.0,3.0,0.0,35.0,30,30.0,0.0,11.66,76.0,46.05,0.0,0.0,1.0,11.67,0.0,0.0,25.416,2007-2008,2007,2008,1,3,,,,,-,,,,,,,,,,,,,,,,,,,,,,,,,,True,True,All-rounder
SMA Priyanjan (SL),2013-2015,2013.0,2015.0,3.0,23.0,20.0,2.0,420.0,74,74.0,0.0,23.33,522.0,80.45,0.0,2.0,0.0,18.26,0.0,8.7,46.178,2013-2015,2013,2015,2,23,14.0,265.0,233.0,5.0,02-Nov,46.6,5.27,53.0,0.0,0.0,0.22,0.19,0.21,0.0,,,,,,,,,,,,,,,,,True,True,All-rounder
SMH Kirmani (INDIA),1976-1986,1976.0,1986.0,11.0,49.0,31.0,13.0,373.0,48*,48.0,1.0,20.72,616.0,60.55,0.0,0.0,2.0,7.61,0.0,0.0,36.652,1976-1986,1976,1986,10,49,,,,,-,,,,,,,,,,,,,,,,,,,,,,,,,,True,True,All-rounder
SMS Kaluperuma (SL),1988-1988,1988.0,1988.0,1.0,2.0,2.0,0.0,11.0,7,7.0,0.0,5.5,41.0,26.82,0.0,0.0,0.0,5.5,0.0,0.0,14.028,1988-1988,1988,1988,0,2,1.0,6.0,3.0,0.0,-,,3.0,,0.0,0.0,0.0,0.33,0.1,0.0,,,,,,,,,,,,,,,,,True,True,All-rounder
SMSM Senanayake (SL),2012-2015,2012.0,2015.0,4.0,49.0,33.0,11.0,290.0,42,42.0,0.0,13.18,311.0,93.24,0.0,0.0,6.0,5.92,0.0,0.0,45.204,2012-2015,2012,2015,3,49,47.0,2358.0,1874.0,53.0,Apr-13,35.35,4.76,44.4,1.0,0.0,1.08,0.21,0.82,0.0,,,,,,,,,,,,,,,,,True,True,All-rounder
SN Netravalkar (USA),2019-2019,2019.0,2019.0,1.0,9.0,7.0,3.0,62.0,19*,19.0,1.0,15.5,91.0,68.13,0.0,0.0,0.0,6.89,0.0,0.0,36.552,2019-2019,2019,2019,0,9,9.0,403.0,210.0,13.0,May-32,16.15,3.12,31.0,0.0,1.0,1.44,0.32,1.11,0.111,,,,,,,,,,,,,,,,,True,True,All-rounder
SN Thakur (INDIA),2017-2019,2017.0,2019.0,3.0,7.0,3.0,2.0,39.0,22*,22.0,1.0,39.0,22.0,177.27,0.0,0.0,1.0,5.57,0.0,0.0,94.308,2017-2019,2017,2019,2,7,7.0,323.0,339.0,8.0,Apr-52,42.37,6.29,40.3,1.0,0.0,1.14,0.16,0.85,0.0,,,,,,,,,,,,,,,,,True,True,All-rounder
SO Dowrich (WI),2019-2019,2019.0,2019.0,1.0,1.0,1.0,0.0,6.0,6,6.0,0.0,6.0,8.0,75.0,0.0,0.0,0.0,6.0,0.0,0.0,33.6,2019-2019,2019,2019,0,1,,,,,-,,,,,,,,,,,,,,,,,,,,,,,,,,True,True,All-rounder
SO Hetmyer (WI),2017-2019,2017.0,2019.0,3.0,43.0,40.0,3.0,1416.0,139,139.0,0.0,38.27,1323.0,107.02,5.0,4.0,2.0,32.93,11.63,9.3,65.77,2017-2019,2017,2019,2,43,,,,,-,,,,,,,,,,,,,,,,,,,,,,,,,,True,True,All-rounder
SO Ngoche (KENYA),2010-2014,2010.0,2014.0,5.0,14.0,12.0,3.0,68.0,28,28.0,0.0,7.55,119.0,57.14,0.0,0.0,4.0,4.86,0.0,0.0,27.386,2010-2014,2010,2014,4,14,13.0,569.0,431.0,12.0,Feb-28,35.91,4.54,47.4,0.0,0.0,0.86,0.22,0.67,0.0,,,,,,,,,,,,,,,,,True,True,All-rounder
SO Tikolo (Afr/KENYA),1996-2014,1996.0,2014.0,19.0,135.0,130.0,12.0,3428.0,111,111.0,0.0,29.05,4524.0,75.77,3.0,24.0,13.0,25.39,2.22,17.78,47.738,1996-2014,1996,2014,18,135,99.0,4016.0,3215.0,94.0,Apr-41,34.2,4.8,42.7,2.0,0.0,0.7,0.21,0.55,0.0,,,,,,,,,,,,,,,,,True,True,All-rounder
SP Davis (AUS),1986-1988,1986.0,1988.0,3.0,39.0,11.0,7.0,20.0,6,6.0,0.0,5.0,34.0,58.82,0.0,0.0,1.0,0.51,0.0,0.0,26.528,1986-1988,1986,1988,2,39,39.0,2016.0,1133.0,44.0,03-Oct,25.75,3.37,45.8,0.0,0.0,1.13,0.3,0.88,0.0,,,,,,,,,,,,,,,,,True,True,All-rounder
SP Fleming (ICC/NZ),1994-2007,1994.0,2007.0,14.0,280.0,269.0,21.0,8037.0,134*,134.0,1.0,32.4,11242.0,71.49,8.0,49.0,17.0,28.7,2.86,17.5,48.036,1994-2007,1994,2007,13,280,3.0,29.0,28.0,1.0,01-Aug,28.0,5.79,29.0,0.0,0.0,0.0,0.17,0.05,0.0,1994-2007,1994.0,2007.0,13.0,280.0,276.0,133.0,133.0,0.0,0.0,133.0,,0.481,0.48,0.48,0.0,True,True,All-rounder
SP Gauchan (NEPAL),2018-2018,2018.0,2018.0,1.0,1.0,1.0,1.0,9.0,9*,9.0,1.0,,44.0,20.45,0.0,0.0,0.0,9.0,0.0,0.0,,2018-2018,2018,2018,0,1,1.0,24.0,15.0,0.0,-,,3.75,,0.0,0.0,0.0,0.27,0.08,0.0,,,,,,,,,,,,,,,,,True,True,All-rounder
SP Heaney (CAN),2006-2006,2006.0,2006.0,1.0,4.0,4.0,0.0,41.0,19,19.0,0.0,10.25,92.0,44.56,0.0,0.0,0.0,10.25,0.0,0.0,23.974,2006-2006,2006,2006,0,4,,,,,-,,,,,,,,,,,,,,,,,,,,,,,,,,True,True,All-rounder
SP Jones (ENG),2004-2005,2004.0,2005.0,2.0,8.0,1.0,0.0,1.0,1,1.0,0.0,1.0,2.0,50.0,0.0,0.0,0.0,0.13,0.0,0.0,20.6,2004-2005,2004,2005,1,8,7.0,348.0,275.0,7.0,Feb-43,39.28,4.74,49.7,0.0,0.0,0.88,0.21,0.68,0.0,,,,,,,,,,,,,,,,,True,True,All-rounder
SP Khakurel (NEPAL),2018-2018,2018.0,2018.0,1.0,2.0,2.0,0.0,69.0,50,50.0,0.0,34.5,130.0,53.07,0.0,1.0,0.0,34.5,0.0,50.0,41.928,2018-2018,2018,2018,0,2,,,,,-,,,,,,,,,,,,,,,,,,,,,,,,,,True,True,All-rounder
SP Mukherjee (INDIA),1990-1991,1990.0,1991.0,2.0,3.0,1.0,1.0,2.0,2*,2.0,1.0,,2.0,100.0,0.0,0.0,0.0,0.67,0.0,0.0,,1990-1991,1990,1991,1,3,3.0,174.0,98.0,2.0,Jan-30,49.0,3.37,87.0,0.0,0.0,0.67,0.3,0.56,0.0,,,,,,,,,,,,,,,,,True,True,All-rounder
SP Narine (WI),2011-2016,2011.0,2016.0,6.0,65.0,45.0,12.0,363.0,36,36.0,0.0,11.0,441.0,82.31,0.0,0.0,8.0,5.58,0.0,0.0,39.524,2011-2016,2011,2016,5,65,65.0,3540.0,2435.0,92.0,Jun-27,26.46,4.12,38.4,4.0,2.0,1.42,0.24,1.06,0.031,,,,,,,,,,,,,,,,,True,True,All-rounder
SP O'Donnell (AUS),1985-1991,1985.0,1991.0,7.0,87.0,64.0,15.0,1242.0,74*,74.0,1.0,25.34,1534.0,80.96,0.0,9.0,5.0,14.28,0.0,10.34,47.588,1985-1991,1985,1991,6,87,87.0,4350.0,3102.0,108.0,May-13,28.72,4.27,40.2,5.0,1.0,1.24,0.23,0.94,0.011,,,,,,,,,,,,,,,,,True,True,All-rounder
SP Pasqual (SL),1979-1979,1979.0,1979.0,1.0,2.0,2.0,1.0,24.0,23*,23.0,1.0,24.0,28.0,85.71,0.0,0.0,0.0,12.0,0.0,0.0,48.684,1979-1979,1979,1979,0,2,1.0,28.0,20.0,0.0,-,,4.28,,0.0,0.0,0.0,0.23,0.07,0.0,,,,,,,,,,,,,,,,,True,True,All-rounder
SP Patil (UAE),2014-2015,2014.0,2015.0,2.0,13.0,12.0,2.0,263.0,99*,99.0,1.0,26.3,404.0,65.09,0.0,2.0,1.0,20.23,0.0,15.38,41.816,2014-2015,2014,2015,1,13,,,,,-,,,,,,,,,,,,,,,,,,,,,,,,,,True,True,All-rounder
SP Terry (IRE),2016-2016,2016.0,2016.0,1.0,5.0,5.0,0.0,32.0,16,16.0,0.0,6.4,67.0,47.76,0.0,0.0,1.0,6.4,0.0,0.0,22.944,2016-2016,2016,2016,0,5,,,,,-,,,,,,,,,,,,,,,,,,,,,,,,,,True,True,All-rounder
SPD Smith (AUS),2010-2019,2010.0,2019.0,10.0,118.0,104.0,12.0,3810.0,164,164.0,0.0,41.41,4414.0,86.31,8.0,23.0,5.0,32.29,6.78,19.49,59.37,2010-2019,2010,2019,9,118,39.0,1070.0,963.0,28.0,Mar-16,34.39,5.4,38.2,0.0,0.0,0.24,0.19,0.22,0.0,,,,,,,,,,,,,,,,,True,True,All-rounder
SR Clark (AUS),2005-2009,2005.0,2009.0,5.0,39.0,12.0,7.0,69.0,16*,16.0,1.0,13.8,88.0,78.4,0.0,0.0,1.0,1.77,0.0,0.0,39.64,2005-2009,2005,2009,4,39,38.0,1829.0,1477.0,53.0,Apr-54,27.86,4.84,34.5,2.0,0.0,1.36,0.21,1.01,0.0,,,,,,,,,,,,,,,,,True,True,All-rounder
SR Gillespie (NZ),1986-1988,1986.0,1988.0,3.0,19.0,11.0,5.0,70.0,18*,18.0,1.0,11.66,106.0,66.03,0.0,0.0,1.0,3.68,0.0,0.0,33.408,1986-1988,1986,1988,2,19,19.0,963.0,736.0,23.0,Apr-30,32.0,4.58,41.8,1.0,0.0,1.21,0.22,0.91,0.0,,,,,,,,,,,,,,,,,True,True,All-rounder
SR Patel (ENG),2008-2013,2008.0,2013.0,6.0,36.0,22.0,7.0,482.0,70*,70.0,1.0,32.13,517.0,93.23,0.0,1.0,1.0,13.39,0.0,2.78,56.57,2008-2013,2008,2013,5,36,32.0,1187.0,1091.0,24.0,May-41,45.45,5.51,49.4,0.0,1.0,0.67,0.18,0.52,0.028,,,,,,,,,,,,,,,,,True,True,All-rounder
SR Taylor (USA),2019-2019,2019.0,2019.0,1.0,9.0,9.0,0.0,182.0,56,56.0,0.0,20.22,265.0,68.67,0.0,1.0,2.0,20.22,0.0,11.11,39.6,2019-2019,2019,2019,0,9,7.0,229.0,170.0,8.0,Apr-23,21.25,4.45,28.6,1.0,0.0,0.89,0.22,0.69,0.0,,,,,,,,,,,,,,,,,True,True,All-rounder
SR Tendulkar (INDIA),1989-2012,1989.0,2012.0,24.0,463.0,452.0,41.0,18426.0,200*,200.0,1.0,44.83,21367.0,86.23,49.0,96.0,20.0,39.8,10.58,20.73,61.39,1989-2012,1989,2012,23,463,270.0,8054.0,6850.0,154.0,May-32,44.48,5.1,52.2,4.0,2.0,0.33,0.2,0.29,0.004,1989-2012,1989.0,2012.0,23.0,463.0,456.0,140.0,140.0,0.0,0.0,140.0,,0.307,0.3,0.3,0.0,True,True,All-rounder
SR Thompson (IRE),2013-2017,2013.0,2017.0,5.0,20.0,15.0,1.0,228.0,39,39.0,0.0,16.28,251.0,90.83,0.0,0.0,0.0,11.4,0.0,0.0,46.1,2013-2017,2013,2017,4,20,16.0,559.0,490.0,12.0,Feb-17,40.83,5.25,46.5,0.0,0.0,0.6,0.19,0.48,0.0,,,,,,,,,,,,,,,,,True,True,All-rounder
SR Waters (KENYA),2008-2011,2008.0,2011.0,4.0,20.0,20.0,0.0,419.0,74,74.0,0.0,20.95,751.0,55.79,0.0,2.0,2.0,20.95,0.0,10.0,34.886,2008-2011,2008,2011,3,20,1.0,18.0,14.0,0.0,-,,4.66,,0.0,0.0,0.0,0.21,0.06,0.0,,,,,,,,,,,,,,,,,True,True,All-rounder
SR Watson (AUS),2002-2015,2002.0,2015.0,14.0,190.0,169.0,27.0,5757.0,185*,185.0,1.0,40.54,6365.0,90.44,9.0,33.0,12.0,30.3,4.74,17.37,60.5,2002-2015,2002,2015,13,190,163.0,6466.0,5342.0,168.0,Apr-36,31.79,4.95,38.4,3.0,0.0,0.88,0.2,0.68,0.0,,,,,,,,,,,,,,,,,True,True,All-rounder
SR Waugh (AUS),1986-2002,1986.0,2002.0,17.0,325.0,288.0,58.0,7569.0,120*,120.0,1.0,32.9,9971.0,75.91,3.0,45.0,15.0,23.29,0.92,13.85,50.104,1986-2002,1986,2002,16,325,207.0,8883.0,6761.0,195.0,Apr-33,34.67,4.56,45.5,3.0,0.0,0.6,0.22,0.49,0.0,1986-2002,1986.0,2002.0,16.0,325.0,324.0,111.0,111.0,0.0,0.0,111.0,,0.342,0.34,0.34,0.0,True,True,All-rounder
SR Welsh (CAN),2006-2008,2006.0,2008.0,3.0,3.0,3.0,1.0,41.0,32,32.0,0.0,20.5,78.0,52.56,0.0,0.0,0.0,13.67,0.0,0.0,33.324,2006-2008,2006,2008,2,3,3.0,120.0,147.0,0.0,-,,7.35,,0.0,0.0,0.0,0.14,0.04,0.0,,,,,,,,,,,,,,,,,True,True,All-rounder
SRD Wettimuny (SL),1975-1979,1975.0,1979.0,5.0,3.0,3.0,1.0,136.0,67,67.0,0.0,68.0,242.0,56.19,0.0,2.0,0.0,45.33,0.0,66.67,63.276,1975-1979,1975,1979,4,3,,,,,-,,,,,,,,,,,,,,,,,,,,,,,,,,True,True,All-rounder
SS Cottrell (WI),2015-2019,2015.0,2019.0,5.0,30.0,14.0,7.0,76.0,17,17.0,0.0,10.85,103.0,73.78,0.0,0.0,1.0,2.53,0.0,0.0,36.022,2015-2019,2015,2019,4,30,28.0,1314.0,1293.0,39.0,May-46,33.15,5.9,33.6,1.0,1.0,1.3,0.17,0.96,0.033,,,,,,,,,,,,,,,,,True,True,All-rounder
SS Das (INDIA),2001-2002,2001.0,2002.0,2.0,4.0,4.0,1.0,39.0,30,30.0,0.0,13.0,77.0,50.64,0.0,0.0,0.0,9.75,0.0,0.0,28.056,2001-2002,2001,2002,1,4,,,,,-,,,,,,,,,,,,,,,,,,,,,,,,,,True,True,All-rounder
SS Dighe (INDIA),2000-2001,2000.0,2001.0,2.0,23.0,17.0,6.0,256.0,94*,94.0,1.0,23.27,421.0,60.8,0.0,1.0,1.0,11.13,0.0,4.35,38.282,2000-2001,2000,2001,1,23,,,,,-,,,,,,,,,,,,,,,,,,,,,,,,,,True,True,All-rounder
SS Iyer (INDIA),2017-2019,2017.0,2019.0,3.0,12.0,10.0,0.0,476.0,88,88.0,0.0,47.6,454.0,104.84,0.0,6.0,0.0,39.67,0.0,50.0,70.496,2017-2019,2017,2019,2,12,2.0,12.0,15.0,0.0,-,,7.5,,0.0,0.0,0.0,0.13,0.04,0.0,,,,,,,,,,,,,,,,,True,True,All-rounder
SS Karim (INDIA),1997-2000,1997.0,2000.0,4.0,34.0,27.0,4.0,362.0,55,55.0,0.0,15.73,560.0,64.64,0.0,1.0,2.0,10.65,0.0,2.94,35.294,1997-2000,1997,2000,3,34,,,,,-,,,,,,,,,,,,,,,,,,,,,,,,,,True,True,All-rounder
SS McKechnie (HKG),2017-2018,2017.0,2018.0,2.0,8.0,8.0,1.0,108.0,29,29.0,0.0,15.42,193.0,55.95,0.0,0.0,2.0,13.5,0.0,0.0,31.632,2017-2018,2017,2018,1,8,,,,,-,,,,,,,,,,,,,,,,,,,,,,,,,,True,True,All-rounder
SS Naik (INDIA),1974-1974,1974.0,1974.0,1.0,2.0,2.0,0.0,38.0,20,20.0,0.0,19.0,68.0,55.88,0.0,0.0,0.0,19.0,0.0,0.0,33.752,1974-1974,1974,1974,0,2,,,,,-,,,,,,,,,,,,,,,,,,,,,,,,,,True,True,All-rounder
SS Pathirana (SL),2015-2017,2015.0,2017.0,3.0,18.0,14.0,1.0,332.0,56,56.0,0.0,25.53,383.0,86.68,0.0,1.0,0.0,18.44,0.0,5.56,49.99,2015-2017,2015,2017,2,18,18.0,765.0,720.0,15.0,Mar-37,48.0,5.64,51.0,0.0,0.0,0.83,0.18,0.64,0.0,,,,,,,,,,,,,,,,,True,True,All-rounder
SS Raul (INDIA),1998-1998,1998.0,1998.0,1.0,2.0,2.0,0.0,8.0,8,8.0,0.0,4.0,14.0,57.14,0.0,0.0,1.0,4.0,0.0,0.0,25.256,1998-1998,1998,1998,0,2,2.0,36.0,27.0,1.0,Jan-13,27.0,4.5,36.0,0.0,0.0,0.5,0.22,0.42,0.0,,,,,,,,,,,,,,,,,True,True,All-rounder
SS Tiwary (INDIA),2010-2010,2010.0,2010.0,1.0,3.0,2.0,2.0,49.0,37*,37.0,1.0,,56.0,87.5,0.0,0.0,0.0,16.33,0.0,0.0,,2010-2010,2010,2010,0,3,,,,,-,,,,,,,,,,,,,,,,,,,,,,,,,,True,True,All-rounder
ST Banerjee (INDIA),1991-1992,1991.0,1992.0,2.0,6.0,5.0,3.0,49.0,25*,25.0,1.0,24.5,42.0,116.66,0.0,0.0,0.0,8.17,0.0,0.0,61.364,1991-1992,1991,1992,1,6,6.0,240.0,202.0,5.0,Mar-30,40.4,5.05,48.0,0.0,0.0,0.83,0.2,0.64,0.0,,,,,,,,,,,,,,,,,True,True,All-rounder
ST Clarke (WI),1978-1982,1978.0,1982.0,5.0,10.0,8.0,2.0,60.0,20,20.0,0.0,10.0,58.0,103.44,0.0,0.0,1.0,6.0,0.0,0.0,47.376,1978-1982,1978,1982,4,10,10.0,524.0,245.0,13.0,Mar-22,18.84,2.8,40.3,0.0,0.0,1.3,0.36,1.02,0.0,,,,,,,,,,,,,,,,,True,True,All-rounder
ST Finn (ENG),2011-2017,2011.0,2017.0,7.0,69.0,30.0,13.0,136.0,35,35.0,0.0,8.0,223.0,60.98,0.0,0.0,7.0,1.97,0.0,0.0,29.192,2011-2017,2011,2017,6,69,67.0,3550.0,2996.0,102.0,May-33,29.37,5.06,34.8,4.0,2.0,1.48,0.2,1.09,0.029,,,,,,,,,,,,,,,,,True,True,All-rounder
ST Gabriel (WI),2016-2019,2016.0,2019.0,4.0,25.0,16.0,9.0,24.0,12*,12.0,1.0,3.42,63.0,38.09,0.0,0.0,4.0,0.96,0.0,0.0,17.288,2016-2019,2016,2019,3,25,25.0,1148.0,1134.0,33.0,Mar-17,34.36,5.92,34.7,0.0,0.0,1.32,0.17,0.97,0.0,,,,,,,,,,,,,,,,,True,True,All-rounder
ST Jayasuriya (Asia/SL),1989-2011,1989.0,2011.0,23.0,445.0,433.0,18.0,13430.0,189,189.0,0.0,32.36,14725.0,91.2,28.0,68.0,34.0,30.18,6.29,15.28,55.896,1989-2011,1989,2011,22,445,368.0,14874.0,11871.0,323.0,Jun-29,36.75,4.78,46.0,8.0,4.0,0.73,0.21,0.57,0.009,1989-2011,1989.0,2011.0,22.0,445.0,441.0,123.0,123.0,0.0,0.0,123.0,,0.278,0.28,0.28,0.0,True,True,All-rounder
STR Binny (INDIA),2014-2015,2014.0,2015.0,2.0,14.0,11.0,3.0,230.0,77,77.0,0.0,28.75,246.0,93.49,0.0,1.0,1.0,16.43,0.0,7.14,54.646,2014-2015,2014,2015,1,14,12.0,490.0,439.0,20.0,06-Apr,21.95,5.37,24.5,0.0,1.0,1.43,0.19,1.06,0.071,,,,,,,,,,,,,,,,,True,True,All-rounder
SV Bahutule (INDIA),1997-2003,1997.0,2003.0,7.0,8.0,4.0,1.0,23.0,11,11.0,0.0,7.66,29.0,79.31,0.0,0.0,0.0,2.88,0.0,0.0,36.32,1997-2003,1997,2003,6,8,7.0,294.0,283.0,2.0,Jan-31,141.5,5.77,147.0,0.0,0.0,0.25,0.17,0.23,0.0,,,,,,,,,,,,,,,,,True,True,All-rounder
SV Carlisle (ZIM),1995-2005,1995.0,2005.0,11.0,111.0,107.0,8.0,2740.0,121*,121.0,1.0,27.67,4325.0,63.35,3.0,9.0,11.0,24.68,2.7,8.11,41.942,1995-2005,1995,2005,10,111,,,,,-,,,,,,,,,,,,,,,,,,,,,,,,,,True,True,All-rounder
SV Manjrekar (INDIA),1988-1996,1988.0,1996.0,9.0,74.0,70.0,10.0,1994.0,105,105.0,0.0,33.23,3101.0,64.3,1.0,15.0,3.0,26.95,1.35,20.27,45.658,1988-1996,1988,1996,8,74,3.0,8.0,10.0,1.0,01-Feb,10.0,7.5,8.0,0.0,0.0,0.01,0.13,0.05,0.0,,,,,,,,,,,,,,,,,True,True,All-rounder
SV Nayak (INDIA),1981-1982,1981.0,1982.0,2.0,4.0,1.0,0.0,3.0,3,3.0,0.0,3.0,19.0,15.78,0.0,0.0,0.0,0.75,0.0,0.0,8.112,1981-1982,1981,1982,1,4,4.0,222.0,161.0,1.0,Jan-51,161.0,4.35,222.0,0.0,0.0,0.25,0.23,0.24,0.0,,,,,,,,,,,,,,,,,True,True,All-rounder
SW Ambris (WI),2017-2019,2017.0,2019.0,3.0,9.0,8.0,2.0,361.0,148,148.0,0.0,60.16,354.0,101.97,1.0,1.0,0.0,40.11,11.11,11.11,76.884,2017-2019,2017,2019,2,9,,,,,-,,,,,,,,,,,,,,,,,,,,,,,,,,True,True,All-rounder
SW Billings (ENG),2015-2018,2015.0,2018.0,4.0,15.0,12.0,0.0,271.0,62,62.0,0.0,22.58,298.0,90.93,0.0,2.0,1.0,18.07,0.0,13.33,49.92,2015-2018,2015,2018,3,15,,,,,-,,,,,,,,,,,,,,,,,,,,,,,,,,True,True,All-rounder
SW Lubbers (NL),1996-1996,1996.0,1996.0,1.0,4.0,4.0,1.0,24.0,9,9.0,0.0,8.0,37.0,64.86,0.0,0.0,0.0,6.0,0.0,0.0,30.744,1996-1996,1996,1996,0,4,4.0,216.0,187.0,5.0,Mar-48,37.4,5.19,43.2,0.0,0.0,1.25,0.19,0.93,0.0,,,,,,,,,,,,,,,,,True,True,All-rounder
SW Masakadza (ZIM),2010-2014,2010.0,2014.0,5.0,16.0,11.0,3.0,170.0,45*,45.0,1.0,21.25,177.0,96.04,0.0,0.0,1.0,10.63,0.0,0.0,51.166,2010-2014,2010,2014,4,16,16.0,791.0,891.0,25.0,Apr-46,35.64,6.75,31.6,3.0,0.0,1.56,0.15,1.14,0.0,,,,,,,,,,,,,,,,,True,True,All-rounder
SW Poynter (IRE),2014-2019,2014.0,2019.0,6.0,21.0,19.0,5.0,185.0,36,36.0,0.0,13.21,278.0,66.54,0.0,0.0,2.0,8.81,0.0,0.0,34.542,2014-2019,2014,2019,5,21,,,,,-,,,,,,,,,,,,,,,,,,,,,,,,,,True,True,All-rounder
SW Tait (AUS),2007-2011,2007.0,2011.0,5.0,35.0,7.0,5.0,25.0,11,11.0,0.0,12.5,29.0,86.2,0.0,0.0,1.0,0.71,0.0,0.0,41.98,2007-2011,2007,2011,4,35,34.0,1688.0,1461.0,62.0,Apr-39,23.56,5.19,27.2,2.0,0.0,1.77,0.19,1.3,0.0,,,,,,,,,,,,,,,,,True,True,All-rounder
Saad Ali (PAK),2019-2019,2019.0,2019.0,1.0,2.0,2.0,0.0,11.0,7,7.0,0.0,5.5,23.0,47.82,0.0,0.0,0.0,5.5,0.0,0.0,22.428,2019-2019,2019,2019,0,2,,,,,-,,,,,,,,,,,,,,,,,,,,,,,,,,True,True,All-rounder
Saad Nasim (PAK),2015-2015,2015.0,2015.0,1.0,3.0,3.0,1.0,99.0,77*,77.0,1.0,49.5,124.0,79.83,0.0,1.0,1.0,33.0,0.0,33.33,61.632,2015-2015,2015,2015,0,3,2.0,36.0,46.0,0.0,-,,7.66,,0.0,0.0,0.0,0.13,0.04,0.0,,,,,,,,,,,,,,,,,True,True,All-rounder
Saadat Ali (PAK),1984-1984,1984.0,1984.0,1.0,8.0,7.0,1.0,184.0,78*,78.0,1.0,30.66,341.0,53.95,0.0,1.0,0.0,23.0,0.0,12.5,39.976,1984-1984,1984,1984,0,8,2.0,27.0,29.0,2.0,Feb-24,14.5,6.44,13.5,0.0,0.0,0.25,0.16,0.22,0.0,,,,,,,,,,,,,,,,,True,True,All-rounder
Sabbir Rahman (BDESH),2014-2019,2014.0,2019.0,6.0,66.0,59.0,7.0,1333.0,102,102.0,0.0,25.63,1461.0,91.23,1.0,6.0,5.0,20.2,1.52,9.09,51.87,2014-2019,2014,2019,5,66,21.0,306.0,345.0,3.0,01-Dec,115.0,6.76,102.0,0.0,0.0,0.05,0.15,0.08,0.0,,,,,,,,,,,,,,,,,True,True,All-rounder
Sadiq Mohammad (PAK),1973-1980,1973.0,1980.0,8.0,19.0,19.0,1.0,383.0,74,74.0,0.0,21.27,755.0,50.72,0.0,2.0,0.0,20.16,0.0,10.53,33.05,1973-1980,1973,1980,7,19,2.0,38.0,26.0,2.0,Feb-20,13.0,4.1,19.0,0.0,0.0,0.11,0.24,0.15,0.0,,,,,,,,,,,,,,,,,True,True,All-rounder
Saeed Ajmal (PAK),2008-2015,2008.0,2015.0,8.0,113.0,70.0,24.0,324.0,33,33.0,0.0,7.04,535.0,60.56,0.0,0.0,11.0,2.87,0.0,0.0,28.448,2008-2015,2008,2015,7,113,112.0,6000.0,4182.0,184.0,May-24,22.72,4.18,32.6,6.0,2.0,1.63,0.24,1.21,0.018,,,,,,,,,,,,,,,,,True,True,All-rounder
Saeed Anwar (PAK),1989-2003,1989.0,2003.0,15.0,247.0,244.0,19.0,8824.0,194,194.0,0.0,39.21,10938.0,80.67,20.0,43.0,15.0,35.72,8.1,17.41,55.794,1989-2003,1989,2003,14,247,13.0,242.0,191.0,6.0,02-Sep,31.83,4.73,40.3,0.0,0.0,0.02,0.21,0.08,0.0,,,,,,,,,,,,,,,,,True,True,All-rounder
Saeed Azad (PAK),1995-1996,1995.0,1996.0,2.0,4.0,4.0,0.0,65.0,31,31.0,0.0,16.25,131.0,49.61,0.0,0.0,0.0,16.25,0.0,0.0,29.594,1995-1996,1995,1996,1,4,,,,,-,,,,,,,,,,,,,,,,,,,,,,,,,,True,True,All-rounder
Saeed-al-Saffar (UAE),,,,,,,,,,,,,,,,,,,,,,1996-1996,1996,1996,0,1,1.0,18.0,25.0,0.0,-,,8.33,,0.0,0.0,0.0,0.12,0.04,0.0,,,,,,,,,,,,,,,,,False,True,Bowler
Sagar Pun (NEPAL),2018-2018,2018.0,2018.0,1.0,1.0,1.0,0.0,3.0,3,3.0,0.0,3.0,20.0,15.0,0.0,0.0,0.0,3.0,0.0,0.0,7.8,2018-2018,2018,2018,0,1,,,,,-,,,,,,,,,,,,,,,,,,,,,,,,,,True,True,All-rounder
Saiful Islam (BDESH),1990-1997,1990.0,1997.0,8.0,7.0,4.0,2.0,37.0,22*,22.0,1.0,18.5,59.0,62.71,0.0,0.0,0.0,5.29,0.0,0.0,36.184,1990-1997,1990,1997,7,7,7.0,303.0,256.0,6.0,Apr-36,42.66,5.06,50.5,1.0,0.0,0.86,0.2,0.66,0.0,,,,,,,,,,,,,,,,,True,True,All-rounder
Sajid Ali (PAK),1984-1997,1984.0,1997.0,14.0,13.0,12.0,0.0,130.0,28,28.0,0.0,10.83,293.0,44.36,0.0,0.0,0.0,10.0,0.0,0.0,24.242,1984-1997,1984,1997,13,13,,,,,-,,,,,,,,,,,,,,,,,,,,,,,,,,True,True,All-rounder
Sajjad Ahmed (BDESH),1995-1995,1995.0,1995.0,1.0,2.0,2.0,0.0,15.0,11,11.0,0.0,7.5,46.0,32.6,0.0,0.0,0.0,7.5,0.0,0.0,17.54,1995-1995,1995,1995,0,2,,,,,-,,,,,,,,,,,,,,,,,,,,,,,,,,True,True,All-rounder
Sajjad Akbar (PAK),1990-1990,1990.0,1990.0,1.0,2.0,1.0,0.0,5.0,5,5.0,0.0,5.0,9.0,55.55,0.0,0.0,0.0,2.5,0.0,0.0,25.22,1990-1990,1990,1990,0,2,1.0,60.0,45.0,2.0,Feb-45,22.5,4.5,30.0,0.0,0.0,1.0,0.22,0.77,0.0,,,,,,,,,,,,,,,,,True,True,All-rounder
Saleem Altaf (PAK),1973-1978,1973.0,1978.0,6.0,6.0,2.0,1.0,25.0,21,21.0,0.0,25.0,53.0,47.16,0.0,0.0,0.0,4.17,0.0,0.0,33.864,1973-1978,1973,1978,5,6,6.0,285.0,151.0,5.0,02-Jul,30.2,3.17,57.0,0.0,0.0,0.83,0.32,0.68,0.0,,,,,,,,,,,,,,,,,True,True,All-rounder
Saleem Elahi (PAK),1995-2004,1995.0,2004.0,10.0,48.0,47.0,4.0,1579.0,135,135.0,0.0,36.72,2214.0,71.31,4.0,9.0,3.0,32.9,8.33,18.75,50.556,1995-2004,1995,2004,9,48,1.0,6.0,10.0,0.0,-,,10.0,,0.0,0.0,0.0,0.1,0.03,0.0,,,,,,,,,,,,,,,,,True,True,All-rounder
Saleem Jaffar (PAK),1986-1990,1986.0,1990.0,5.0,39.0,13.0,11.0,36.0,10*,10.0,1.0,18.0,73.0,49.31,0.0,0.0,2.0,0.92,0.0,0.0,30.524,1986-1990,1986,1990,4,39,39.0,1900.0,1382.0,40.0,Mar-25,34.55,4.36,47.5,0.0,0.0,1.03,0.23,0.79,0.0,,,,,,,,,,,,,,,,,True,True,All-rounder
Saleem Malik (PAK),1982-1999,1982.0,1999.0,18.0,283.0,256.0,38.0,7170.0,102,102.0,0.0,32.88,9383.0,76.41,5.0,47.0,19.0,25.34,1.77,16.61,50.292,1982-1999,1982,1999,17,283,120.0,3505.0,2959.0,89.0,May-35,33.24,5.06,39.3,1.0,1.0,0.31,0.2,0.28,0.004,,,,,,,,,,,,,,,,,True,True,All-rounder
Saleem Pervez (PAK),1980-1980,1980.0,1980.0,1.0,1.0,1.0,0.0,18.0,18,18.0,0.0,18.0,39.0,46.15,0.0,0.0,0.0,18.0,0.0,0.0,29.26,1980-1980,1980,1980,0,1,,,,,-,,,,,,,,,,,,,,,,,,,,,,,,,,True,True,All-rounder
Saleem Raza (UAE),1994-1996,1994.0,1996.0,3.0,6.0,6.0,0.0,159.0,84,84.0,0.0,26.5,173.0,91.9,0.0,1.0,0.0,26.5,0.0,16.67,52.66,1994-1996,1994,1996,2,6,6.0,192.0,179.0,3.0,Jan-17,59.66,5.59,64.0,0.0,0.0,0.5,0.18,0.4,0.0,,,,,,,,,,,,,,,,,True,True,All-rounder
Saleem Yousuf (PAK),1982-1990,1982.0,1990.0,9.0,86.0,62.0,19.0,768.0,62,62.0,0.0,17.86,1024.0,75.0,0.0,4.0,5.0,8.93,0.0,4.65,40.716,1982-1990,1982,1990,8,86,,,,,-,,,,,,,,,,,,,,,,,,,,,,,,,,True,True,All-rounder
Salman Butt (PAK),2004-2010,2004.0,2010.0,7.0,78.0,78.0,4.0,2725.0,136,136.0,0.0,36.82,3572.0,76.28,8.0,14.0,15.0,34.94,10.26,17.95,52.604,2004-2010,2004,2010,6,78,6.0,69.0,90.0,0.0,-,,7.82,,0.0,0.0,0.0,0.13,0.04,0.0,,,,,,,,,,,,,,,,,True,True,All-rounder
Salman Faris (UAE),2014-2014,2014.0,2014.0,1.0,3.0,3.0,0.0,43.0,27,27.0,0.0,14.33,79.0,54.43,0.0,0.0,1.0,14.33,0.0,0.0,30.37,2014-2014,2014,2014,0,3,,,,,-,,,,,,,,,,,,,,,,,,,,,,,,,,True,True,All-rounder
Salman Farooq (UAE),,,,,,,,,,,,,,,,,,,,,,2014-2014,2014,2014,0,1,1.0,36.0,23.0,0.0,-,,3.83,,0.0,0.0,0.0,0.26,0.08,0.0,,,,,,,,,,,,,,,,,False,True,Bowler
Sameer Zia (UAE),2004-2004,2004.0,2004.0,1.0,1.0,1.0,1.0,2.0,2*,2.0,1.0,,20.0,10.0,0.0,0.0,0.0,2.0,0.0,0.0,,2004-2004,2004,2004,0,1,1.0,60.0,44.0,1.0,Jan-44,44.0,4.4,60.0,0.0,0.0,1.0,0.23,0.77,0.0,,,,,,,,,,,,,,,,,True,True,All-rounder
Sami Aslam (PAK),2015-2016,2015.0,2016.0,2.0,4.0,4.0,0.0,78.0,45,45.0,0.0,19.5,117.0,66.66,0.0,0.0,0.0,19.5,0.0,0.0,38.364,2015-2016,2015,2016,1,4,,,,,-,,,,,,,,,,,,,,,,,,,,,,,,,,True,True,All-rounder
Sami Faridi (CAN),2008-2008,2008.0,2008.0,1.0,3.0,2.0,0.0,19.0,16,16.0,0.0,9.5,31.0,61.29,0.0,0.0,0.0,6.33,0.0,0.0,30.216,2008-2008,2008,2008,0,3,3.0,60.0,63.0,0.0,-,,6.3,,0.0,0.0,0.0,0.16,0.05,0.0,,,,,,,,,,,,,,,,,True,True,All-rounder
Samiullah Khan (PAK),,,,,,,,,,,,,,,,,,,,,,2008-2008,2008,2008,0,2,2.0,120.0,115.0,0.0,-,,5.75,,0.0,0.0,0.0,0.17,0.05,0.0,,,,,,,,,,,,,,,,,False,True,Bowler
Samiullah Shinwari (AFG),2009-2019,2009.0,2019.0,11.0,84.0,74.0,12.0,1811.0,96,96.0,0.0,29.2,2765.0,65.49,0.0,11.0,1.0,21.56,0.0,13.1,43.716,2009-2019,2009,2019,10,84,65.0,2111.0,1729.0,46.0,Apr-31,37.58,4.91,45.8,1.0,0.0,0.55,0.2,0.44,0.0,,,,,,,,,,,,,,,,,True,True,All-rounder
Samiur Rahman (BDESH),1986-1986,1986.0,1986.0,1.0,2.0,2.0,0.0,4.0,4,4.0,0.0,2.0,7.0,57.14,0.0,0.0,1.0,2.0,0.0,0.0,24.056,1986-1986,1986,1986,0,2,2.0,60.0,30.0,0.0,-,,3.0,,0.0,0.0,0.0,0.33,0.1,0.0,,,,,,,,,,,,,,,,,True,True,All-rounder
Sandeep Goud (OMAN),2019-2019,2019.0,2019.0,1.0,5.0,4.0,1.0,99.0,67*,67.0,1.0,33.0,112.0,88.39,0.0,1.0,2.0,19.8,0.0,20.0,55.156,2019-2019,2019,2019,0,5,,,,,-,,,,,,,,,,,,,,,,,,,,,,,,,,True,True,All-rounder
Sanwar Hossain (BDESH),1998-2003,1998.0,2003.0,6.0,27.0,27.0,2.0,290.0,52,52.0,0.0,11.6,597.0,48.57,0.0,1.0,2.0,10.74,0.0,3.7,26.388,1998-2003,1998,2003,5,27,13.0,383.0,327.0,10.0,Mar-49,32.7,5.12,38.3,0.0,0.0,0.37,0.2,0.32,0.0,,,,,,,,,,,,,,,,,True,True,All-rounder
Saqib Ali (UAE),2008-2014,2008.0,2014.0,7.0,5.0,5.0,1.0,84.0,25*,25.0,1.0,21.0,129.0,65.11,0.0,0.0,0.0,16.8,0.0,0.0,38.644,2008-2014,2008,2014,6,5,2.0,60.0,57.0,1.0,Jan-44,57.0,5.7,60.0,0.0,0.0,0.2,0.18,0.19,0.0,,,,,,,,,,,,,,,,,True,True,All-rounder
Saqib Zulfiqar (NL),2019-2019,2019.0,2019.0,1.0,1.0,1.0,0.0,0.0,0,0.0,0.0,0.0,4.0,0.0,0.0,0.0,1.0,0.0,0.0,0.0,0.0,2019-2019,2019,2019,0,1,1.0,42.0,49.0,1.0,Jan-49,49.0,7.0,42.0,0.0,0.0,1.0,0.14,0.74,0.0,,,,,,,,,,,,,,,,,True,True,All-rounder
Saqlain Haider (UAE),2014-2016,2014.0,2016.0,3.0,5.0,4.0,0.0,58.0,28,28.0,0.0,14.5,77.0,75.32,0.0,0.0,0.0,11.6,0.0,0.0,38.828,2014-2016,2014,2016,2,5,,,,,-,,,,,,,,,,,,,,,,,,,,,,,,,,True,True,All-rounder
Saqlain Mushtaq (PAK),1995-2003,1995.0,2003.0,9.0,169.0,98.0,38.0,711.0,37*,37.0,1.0,11.85,1434.0,49.58,0.0,0.0,13.0,4.21,0.0,0.0,26.942,1995-2003,1995,2003,8,169,165.0,8770.0,6275.0,288.0,May-20,21.78,4.29,30.4,11.0,6.0,1.7,0.23,1.26,0.036,,,,,,,,,,,,,,,,,True,True,All-rounder
Sarandeep Singh (INDIA),2002-2003,2002.0,2003.0,2.0,5.0,4.0,1.0,47.0,19,19.0,0.0,15.66,73.0,64.38,0.0,0.0,0.0,9.4,0.0,0.0,35.148,2002-2003,2002,2003,1,5,5.0,258.0,180.0,3.0,Feb-34,60.0,4.18,86.0,0.0,0.0,0.6,0.24,0.49,0.0,,,,,,,,,,,,,,,,,True,True,All-rounder
Sarfaraz Ahmed (PAK),2007-2019,2007.0,2019.0,13.0,116.0,90.0,22.0,2302.0,105,105.0,0.0,33.85,2622.0,87.79,2.0,11.0,1.0,19.84,1.72,9.48,55.426,2007-2019,2007,2019,12,116,1.0,12.0,15.0,0.0,-,,7.5,,0.0,0.0,0.0,0.13,0.04,0.0,2007-2019,2007.0,2019.0,12.0,116.0,114.0,140.0,116.0,24.0,116.0,0.0,,1.228,1.0,1.21,0.21,True,True,All-rounder
Sarfraz Nawaz (PAK),1973-1984,1973.0,1984.0,12.0,45.0,31.0,8.0,221.0,34*,34.0,1.0,9.6,345.0,64.05,0.0,0.0,5.0,4.91,0.0,0.0,31.38,1973-1984,1973,1984,11,45,45.0,2412.0,1463.0,63.0,Apr-27,23.22,3.63,38.2,4.0,0.0,1.4,0.28,1.06,0.0,,,,,,,,,,,,,,,,,True,True,All-rounder
Sayed Shirzad (AFG),2019-2019,2019.0,2019.0,1.0,2.0,1.0,0.0,25.0,25,25.0,0.0,25.0,17.0,147.05,0.0,0.0,0.0,12.5,0.0,0.0,73.82,2019-2019,2019,2019,0,2,1.0,48.0,56.0,1.0,Jan-56,56.0,7.0,48.0,0.0,0.0,0.5,0.14,0.39,0.0,,,,,,,,,,,,,,,,,True,True,All-rounder
Shabbir Ahmed (PAK),1999-2005,1999.0,2005.0,7.0,32.0,11.0,5.0,10.0,2,2.0,0.0,1.66,29.0,34.48,0.0,0.0,0.0,0.31,0.0,0.0,14.788,1999-2005,1999,2005,6,32,32.0,1642.0,1192.0,33.0,Mar-32,36.12,4.35,49.7,0.0,0.0,1.03,0.23,0.79,0.0,,,,,,,,,,,,,,,,,True,True,All-rounder
Shabir Noori (AFG),2010-2016,2010.0,2016.0,7.0,10.0,10.0,0.0,191.0,94,94.0,0.0,19.1,300.0,63.66,0.0,1.0,2.0,19.1,0.0,10.0,36.924,2010-2016,2010,2016,6,10,,,,,-,,,,,,,,,,,,,,,,,,,,,,,,,,True,True,All-rounder
Shadab Kabir (PAK),1996-1996,1996.0,1996.0,1.0,3.0,3.0,0.0,0.0,0,0.0,0.0,0.0,5.0,0.0,0.0,0.0,3.0,0.0,0.0,0.0,0.0,1996-1996,1996,1996,0,3,,,,,-,,,,,,,,,,,,,,,,,,,,,,,,,,True,True,All-rounder
Shadab Khan (PAK),2017-2019,2017.0,2019.0,3.0,43.0,22.0,9.0,337.0,54,54.0,0.0,25.92,491.0,68.63,0.0,3.0,2.0,7.84,0.0,6.98,43.004,2017-2019,2017,2019,2,43,41.0,2088.0,1750.0,59.0,Apr-28,29.66,5.02,35.3,3.0,0.0,1.37,0.2,1.02,0.0,,,,,,,,,,,,,,,,,True,True,All-rounder
Shafiq Ahmed (PAK),1977-1978,1977.0,1978.0,2.0,3.0,3.0,0.0,41.0,29,29.0,0.0,13.66,91.0,45.05,0.0,0.0,0.0,13.67,0.0,0.0,26.216,1977-1978,1977,1978,1,3,,,,,-,,,,,,,,,,,,,,,,,,,,,,,,,,True,True,All-rounder
Shafiqullah (AFG),2009-2018,2009.0,2018.0,10.0,24.0,21.0,2.0,430.0,56,56.0,0.0,22.63,408.0,105.39,0.0,2.0,4.0,17.92,0.0,8.33,55.734,2009-2018,2009,2018,9,24,,,,,-,,,,,,,,,,,,,,,,,,,,,,,,,,True,True,All-rounder
Shafiuddin Ahmed (BDESH),1997-2000,1997.0,2000.0,4.0,11.0,10.0,6.0,22.0,11,11.0,0.0,5.5,66.0,33.33,0.0,0.0,3.0,2.0,0.0,0.0,16.632,1997-2000,1997,2000,3,11,11.0,495.0,426.0,11.0,Mar-42,38.72,5.16,45.0,0.0,0.0,1.0,0.19,0.76,0.0,,,,,,,,,,,,,,,,,True,True,All-rounder
Shafiul Islam (BDESH),2010-2019,2010.0,2019.0,10.0,59.0,33.0,11.0,129.0,24*,24.0,1.0,5.86,235.0,54.89,0.0,0.0,9.0,2.19,0.0,0.0,25.472,2010-2019,2010,2019,9,59,59.0,2486.0,2453.0,69.0,Apr-21,35.55,5.92,36.0,4.0,0.0,1.17,0.17,0.87,0.0,,,,,,,,,,,,,,,,,True,True,All-rounder
Shahadat Hossain (BDESH),2006-2013,2006.0,2013.0,8.0,51.0,27.0,17.0,79.0,16*,16.0,1.0,7.9,151.0,52.31,0.0,0.0,3.0,1.55,0.0,0.0,25.664,2006-2013,2006,2013,7,51,50.0,2198.0,2143.0,47.0,Mar-34,45.59,5.84,46.7,0.0,0.0,0.92,0.17,0.7,0.0,,,,,,,,,,,,,,,,,True,True,All-rounder
Shaheedur Rahman (BDESH),1986-1986,1986.0,1986.0,1.0,2.0,2.0,0.0,62.0,37,37.0,0.0,31.0,108.0,57.4,0.0,0.0,0.0,31.0,0.0,0.0,41.56,1986-1986,1986,1986,0,2,,,,,-,,,,,,,,,,,,,,,,,,,,,,,,,,True,True,All-rounder
Shaheen Shah Afridi (PAK),2018-2019,2018.0,2019.0,2.0,19.0,8.0,6.0,42.0,19*,19.0,1.0,21.0,64.0,65.62,0.0,0.0,1.0,2.21,0.0,0.0,38.848,2018-2019,2018,2019,1,19,18.0,924.0,847.0,40.0,Jun-35,21.17,5.5,23.1,4.0,1.0,2.11,0.18,1.53,0.053,,,,,,,,,,,,,,,,,True,True,All-rounder
Shahid Afridi (Asia/ICC/PAK),1996-2015,1996.0,2015.0,20.0,398.0,369.0,27.0,8064.0,124,124.0,0.0,23.57,6892.0,117.0,6.0,39.0,30.0,20.26,1.51,9.8,60.942,1996-2015,1996,2015,19,398,372.0,17670.0,13632.0,395.0,07-Dec,34.51,4.62,44.7,4.0,9.0,0.99,0.22,0.76,0.023,1996-2015,1996.0,2015.0,19.0,398.0,392.0,127.0,127.0,0.0,0.0,127.0,,0.3229999999999999,0.32,0.32,0.0,True,True,All-rounder
Shahid Anwar (PAK),1996-1996,1996.0,1996.0,1.0,1.0,1.0,0.0,37.0,37,37.0,0.0,37.0,44.0,84.09,0.0,0.0,0.0,37.0,0.0,0.0,55.836,1996-1996,1996,1996,0,1,,,,,-,,,,,,,,,,,,,,,,,,,,,,,,,,True,True,All-rounder
Shahid Mahboob (PAK),1982-1984,1982.0,1984.0,3.0,10.0,6.0,1.0,119.0,77,77.0,0.0,23.8,194.0,61.34,0.0,1.0,1.0,11.9,0.0,10.0,38.816,1982-1984,1982,1984,2,10,10.0,540.0,382.0,7.0,Jan-23,54.57,4.24,77.1,0.0,0.0,0.7,0.24,0.56,0.0,,,,,,,,,,,,,,,,,True,True,All-rounder
Shahid Nazir (PAK),1996-2000,1996.0,2000.0,5.0,17.0,8.0,7.0,25.0,8,8.0,0.0,25.0,43.0,58.13,0.0,0.0,0.0,1.47,0.0,0.0,38.252,1996-2000,1996,2000,4,17,17.0,810.0,649.0,19.0,Mar-14,34.15,4.8,42.6,0.0,0.0,1.12,0.21,0.84,0.0,,,,,,,,,,,,,,,,,True,True,All-rounder
Shahid Saeed (PAK),1989-1993,1989.0,1993.0,5.0,10.0,10.0,0.0,141.0,50,50.0,0.0,14.1,316.0,44.62,0.0,1.0,0.0,14.1,0.0,10.0,26.308,1989-1993,1989,1993,4,10,7.0,222.0,159.0,3.0,Feb-20,53.0,4.29,74.0,0.0,0.0,0.3,0.23,0.28,0.0,,,,,,,,,,,,,,,,,True,True,All-rounder
Shahid Wasif (HKG),2016-2018,2016.0,2018.0,3.0,10.0,7.0,0.0,81.0,45,45.0,0.0,11.57,163.0,49.69,0.0,0.0,1.0,8.1,0.0,0.0,26.818,2016-2018,2016,2018,2,10,,,,,-,,,,,,,,,,,,,,,,,,,,,,,,,,True,True,All-rounder
Shahriar Hossain (BDESH),1997-2004,1997.0,2004.0,8.0,20.0,19.0,0.0,362.0,95,95.0,0.0,19.05,682.0,53.07,0.0,2.0,4.0,18.1,0.0,10.0,32.658,1997-2004,1997,2004,7,20,,,,,-,,,,,,,,,,,,,,,,,,,,,,,,,,True,True,All-rounder
Shahriar Nafees (BDESH),2005-2011,2005.0,2011.0,7.0,75.0,75.0,5.0,2201.0,123*,123.0,1.0,31.44,3167.0,69.49,4.0,13.0,11.0,29.35,5.33,17.33,46.66,2005-2011,2005,2011,6,75,,,,,-,,,,,,,,,,,,,,,,,,,,,,,,,,True,True,All-rounder
Shahzad Khan (CAN),2007-2007,2007.0,2007.0,1.0,1.0,1.0,0.0,4.0,4,4.0,0.0,4.0,12.0,33.33,0.0,0.0,0.0,4.0,0.0,0.0,15.732,2007-2007,2007,2007,0,1,,,,,-,,,,,,,,,,,,,,,,,,,,,,,,,,True,True,All-rounder
Shahzaib Hasan (PAK),2010-2010,2010.0,2010.0,1.0,3.0,3.0,0.0,100.0,50,50.0,0.0,33.33,113.0,88.49,0.0,1.0,0.0,33.33,0.0,33.33,55.394,2010-2010,2010,2010,0,3,,,,,-,,,,,,,,,,,,,,,,,,,,,,,,,,True,True,All-rounder
Shaiman Anwar (UAE),2014-2019,2014.0,2019.0,6.0,40.0,40.0,1.0,1219.0,106,106.0,0.0,31.25,1477.0,82.53,1.0,11.0,2.0,30.48,2.5,27.5,51.762,2014-2019,2014,2019,5,40,7.0,117.0,134.0,4.0,Mar-61,33.5,6.87,29.2,0.0,0.0,0.1,0.15,0.11,0.0,,,,,,,,,,,,,,,,,True,True,All-rounder
Shakeel Ahmed jnr (PAK),1995-1995,1995.0,1995.0,1.0,2.0,2.0,0.0,61.0,36,36.0,0.0,30.5,128.0,47.65,0.0,0.0,0.0,30.5,0.0,0.0,37.36,1995-1995,1995,1995,0,2,,,,,-,,,,,,,,,,,,,,,,,,,,,,,,,,True,True,All-rounder
Shakeel Khan (PAK),1987-1987,1987.0,1987.0,1.0,1.0,1.0,0.0,0.0,0,0.0,0.0,0.0,4.0,0.0,0.0,0.0,1.0,0.0,0.0,0.0,0.0,1987-1987,1987,1987,0,1,1.0,54.0,50.0,1.0,Jan-50,50.0,5.55,54.0,0.0,0.0,1.0,0.18,0.75,0.0,,,,,,,,,,,,,,,,,True,True,All-rounder
Shakib Al Hasan (BDESH),2006-2019,2006.0,2019.0,14.0,206.0,194.0,27.0,6323.0,134*,134.0,1.0,37.86,7641.0,82.75,9.0,47.0,10.0,30.69,4.37,22.82,55.816,2006-2019,2006,2019,13,206,203.0,10517.0,7857.0,260.0,May-29,30.21,4.48,40.4,8.0,2.0,1.26,0.22,0.95,0.01,,,,,,,,,,,,,,,,,True,True,All-rounder
Shamsur Rahman (BDESH),2013-2014,2013.0,2014.0,2.0,10.0,10.0,0.0,266.0,96,96.0,0.0,26.6,350.0,76.0,0.0,2.0,2.0,26.6,0.0,20.0,46.36,2013-2014,2013,2014,1,10,1.0,6.0,13.0,0.0,-,,13.0,,0.0,0.0,0.0,0.08,0.02,0.0,,,,,,,,,,,,,,,,,True,True,All-rounder
Shan Masood (PAK),2019-2019,2019.0,2019.0,1.0,5.0,5.0,0.0,111.0,50,50.0,0.0,22.2,145.0,76.55,0.0,1.0,1.0,22.2,0.0,20.0,43.94,2019-2019,2019,2019,0,5,,,,,-,,,,,,,,,,,,,,,,,,,,,,,,,,True,True,All-rounder
Shapoor Zadran (AFG),2009-2019,2009.0,2019.0,11.0,44.0,27.0,17.0,67.0,17,17.0,0.0,6.7,160.0,41.87,0.0,0.0,4.0,1.52,0.0,0.0,20.768,2009-2019,2009,2019,10,44,44.0,1983.0,1589.0,43.0,Apr-24,36.95,4.8,46.1,2.0,0.0,0.98,0.21,0.75,0.0,,,,,,,,,,,,,,,,,True,True,All-rounder
Sharafuddin Ashraf (AFG),2014-2019,2014.0,2019.0,6.0,17.0,10.0,3.0,66.0,21,21.0,0.0,9.42,100.0,66.0,0.0,0.0,2.0,3.88,0.0,0.0,32.052,2014-2019,2014,2019,5,17,17.0,764.0,559.0,13.0,Mar-29,43.0,4.39,58.7,0.0,0.0,0.76,0.23,0.6,0.0,,,,,,,,,,,,,,,,,True,True,All-rounder
Shariful Haque (BDESH),1998-1998,1998.0,1998.0,1.0,1.0,1.0,0.0,10.0,10,10.0,0.0,10.0,6.0,166.66,0.0,0.0,0.0,10.0,0.0,0.0,72.664,1998-1998,1998,1998,0,1,1.0,18.0,21.0,0.0,-,,7.0,,0.0,0.0,0.0,0.14,0.04,0.0,,,,,,,,,,,,,,,,,True,True,All-rounder
Sharjeel Khan (PAK),2013-2017,2013.0,2017.0,5.0,25.0,25.0,0.0,812.0,152,152.0,0.0,32.48,716.0,113.4,1.0,6.0,2.0,32.48,4.0,24.0,64.848,2013-2017,2013,2017,4,25,,,,,-,,,,,,,,,,,,,,,,,,,,,,,,,,True,True,All-rounder
Shehzad Altaf (UAE),,,,,,,,,,,,,,,,,,,,,,1996-1996,1996,1996,0,2,2.0,78.0,37.0,1.0,Jan-15,37.0,2.84,78.0,0.0,0.0,0.5,0.35,0.46,0.0,,,,,,,,,,,,,,,,,False,True,Bowler
Sheikh Salahuddin (BDESH),1997-1997,1997.0,1997.0,1.0,6.0,5.0,3.0,24.0,12,12.0,0.0,12.0,136.0,17.64,0.0,0.0,0.0,4.0,0.0,0.0,14.256,1997-1997,1997,1997,0,6,6.0,246.0,249.0,4.0,Feb-48,62.25,6.07,61.5,0.0,0.0,0.67,0.16,0.52,0.0,,,,,,,,,,,,,,,,,True,True,All-rounder
Shoaib Akhtar (Asia/ICC/PAK),1998-2011,1998.0,2011.0,14.0,163.0,84.0,40.0,394.0,43,43.0,0.0,8.95,538.0,73.23,0.0,0.0,11.0,2.42,0.0,0.0,34.662,1998-2011,1998,2011,13,163,162.0,7764.0,6169.0,247.0,Jun-16,24.97,4.76,31.4,6.0,4.0,1.52,0.21,1.12,0.025,,,,,,,,,,,,,,,,,True,True,All-rounder
Shoaib Malik (PAK),1999-2019,1999.0,2019.0,21.0,287.0,258.0,40.0,7534.0,143,143.0,0.0,34.55,9199.0,81.9,9.0,44.0,15.0,26.25,3.14,15.33,53.49,1999-2019,1999,2019,20,287,217.0,7958.0,6192.0,158.0,Apr-19,39.18,4.66,50.3,1.0,0.0,0.55,0.21,0.45,0.0,,,,,,,,,,,,,,,,,True,True,All-rounder
Shoaib Mohammad (PAK),1984-1993,1984.0,1993.0,10.0,63.0,58.0,6.0,1269.0,126*,126.0,1.0,24.4,2492.0,50.92,1.0,8.0,8.0,20.14,1.59,12.7,35.008,1984-1993,1984,1993,9,63,35.0,919.0,725.0,20.0,Mar-20,36.25,4.73,45.9,0.0,0.0,0.32,0.21,0.29,0.0,,,,,,,,,,,,,,,,,True,True,All-rounder
Shubman Gill (INDIA),2019-2019,2019.0,2019.0,1.0,2.0,2.0,0.0,16.0,9,9.0,0.0,8.0,32.0,50.0,0.0,0.0,0.0,8.0,0.0,0.0,24.8,2019-2019,2019,2019,0,2,,,,,-,,,,,,,,,,,,,,,,,,,,,,,,,,True,True,All-rounder
Shuvagata Hom (BDESH),2011-2011,2011.0,2011.0,1.0,4.0,3.0,1.0,70.0,35*,35.0,1.0,35.0,86.0,81.39,0.0,0.0,0.0,17.5,0.0,0.0,53.556,2011-2011,2011,2011,0,4,1.0,12.0,9.0,0.0,-,,4.5,,0.0,0.0,0.0,0.22,0.07,0.0,,,,,,,,,,,,,,,,,True,True,All-rounder
Sikandar Raza (ZIM),2013-2019,2013.0,2019.0,7.0,97.0,93.0,15.0,2656.0,141,141.0,0.0,34.05,3249.0,81.74,3.0,14.0,1.0,27.38,3.09,14.43,53.126,2013-2019,2013,2019,6,97,71.0,2846.0,2269.0,59.0,Mar-21,38.45,4.78,48.2,0.0,0.0,0.61,0.21,0.49,0.0,,,,,,,,,,,,,,,,,True,True,All-rounder
Sikander Bakht (PAK),1977-1989,1977.0,1989.0,13.0,27.0,11.0,7.0,31.0,16*,16.0,1.0,7.75,97.0,31.95,0.0,0.0,2.0,1.15,0.0,0.0,17.43,1977-1989,1977,1989,12,27,27.0,1277.0,860.0,33.0,Apr-34,26.06,4.04,38.6,1.0,0.0,1.22,0.25,0.93,0.0,,,,,,,,,,,,,,,,,True,True,All-rounder
Simandeep Singh (HKG),2018-2018,2018.0,2018.0,1.0,1.0,1.0,0.0,0.0,0,0.0,0.0,0.0,7.0,0.0,0.0,0.0,1.0,0.0,0.0,0.0,0.0,2018-2018,2018,2018,0,1,,,,,-,,,,,,,,,,,,,,,,,,,,,,,,,,True,True,All-rounder
Simi Singh (IRE),2017-2019,2017.0,2019.0,3.0,15.0,14.0,1.0,193.0,45,45.0,0.0,14.84,332.0,58.13,0.0,0.0,1.0,12.87,0.0,0.0,32.156,2017-2019,2017,2019,2,15,12.0,570.0,378.0,12.0,Mar-15,31.5,3.97,47.5,0.0,0.0,0.8,0.25,0.64,0.0,,,,,,,,,,,,,,,,,True,True,All-rounder
Sir RJ Hadlee (NZ),1973-1990,1973.0,1990.0,18.0,115.0,98.0,17.0,1751.0,79,79.0,0.0,21.61,2319.0,75.5,0.0,4.0,4.0,15.23,0.0,3.48,43.166,1973-1990,1973,1990,17,115,112.0,6182.0,3407.0,158.0,May-25,21.56,3.3,39.1,1.0,5.0,1.37,0.3,1.05,0.043,,,,,,,,,,,,,,,,,True,True,All-rounder
Skhawat Ali (HKG),2008-2014,2008.0,2014.0,7.0,4.0,4.0,0.0,46.0,28,28.0,0.0,11.5,109.0,42.2,0.0,0.0,1.0,11.5,0.0,0.0,23.78,2008-2014,2008,2014,6,4,1.0,48.0,68.0,0.0,-,,8.5,,0.0,0.0,0.0,0.12,0.04,0.0,,,,,,,,,,,,,,,,,True,True,All-rounder
Sohag Gazi (BDESH),2012-2014,2012.0,2014.0,3.0,20.0,16.0,4.0,184.0,30,30.0,0.0,15.33,213.0,86.38,0.0,0.0,0.0,9.2,0.0,0.0,43.75,2012-2014,2012,2014,2,20,19.0,919.0,722.0,22.0,Apr-29,32.81,4.71,41.7,1.0,0.0,1.1,0.21,0.83,0.0,,,,,,,,,,,,,,,,,True,True,All-rounder
Sohaib Maqsood (PAK),2013-2016,2013.0,2016.0,4.0,26.0,25.0,2.0,735.0,89*,89.0,1.0,31.95,881.0,83.42,0.0,5.0,1.0,28.27,0.0,19.23,52.538,2013-2016,2013,2016,3,26,4.0,54.0,42.0,1.0,Jan-16,42.0,4.66,54.0,0.0,0.0,0.04,0.21,0.09,0.0,,,,,,,,,,,,,,,,,True,True,All-rounder
Sohail Butt (UAE),1994-1994,1994.0,1994.0,1.0,2.0,2.0,1.0,8.0,6*,6.0,1.0,8.0,14.0,57.14,0.0,0.0,0.0,4.0,0.0,0.0,27.656,1994-1994,1994,1994,0,2,2.0,78.0,79.0,2.0,Feb-52,39.5,6.07,39.0,0.0,0.0,1.0,0.16,0.75,0.0,,,,,,,,,,,,,,,,,True,True,All-rounder
Sohail Fazal (PAK),1989-1989,1989.0,1989.0,1.0,2.0,2.0,0.0,56.0,32,32.0,0.0,28.0,59.0,94.91,0.0,0.0,0.0,28.0,0.0,0.0,54.764,1989-1989,1989,1989,0,2,1.0,6.0,4.0,0.0,-,,4.0,,0.0,0.0,0.0,0.25,0.08,0.0,,,,,,,,,,,,,,,,,True,True,All-rounder
Sohail Khan (PAK),2008-2016,2008.0,2016.0,9.0,13.0,6.0,1.0,25.0,7,7.0,0.0,5.0,51.0,49.01,0.0,0.0,0.0,1.92,0.0,0.0,22.604,2008-2016,2008,2016,8,13,13.0,666.0,597.0,19.0,May-55,31.42,5.37,35.0,0.0,1.0,1.46,0.19,1.08,0.077,,,,,,,,,,,,,,,,,True,True,All-rounder
Sohail Tanvir (PAK),2007-2014,2007.0,2014.0,8.0,62.0,40.0,11.0,399.0,59,59.0,0.0,13.75,458.0,87.11,0.0,1.0,3.0,6.44,0.0,1.61,43.094,2007-2014,2007,2014,7,62,60.0,2949.0,2566.0,71.0,May-48,36.14,5.22,41.5,3.0,1.0,1.15,0.19,0.86,0.016,,,,,,,,,,,,,,,,,True,True,All-rounder
Sohrawordi Shuvo (BDESH),2010-2011,2010.0,2011.0,2.0,17.0,10.0,3.0,98.0,20*,20.0,1.0,14.0,135.0,72.59,0.0,0.0,0.0,5.76,0.0,0.0,37.436,2010-2011,2010,2011,1,17,17.0,762.0,572.0,14.0,Mar-14,40.85,4.5,54.4,0.0,0.0,0.82,0.22,0.64,0.0,,,,,,,,,,,,,,,,,True,True,All-rounder
Sompal Kami (NEPAL),2018-2019,2018.0,2019.0,2.0,6.0,6.0,2.0,146.0,61,61.0,0.0,36.5,164.0,89.02,0.0,1.0,1.0,24.33,0.0,16.67,57.508,2018-2019,2018,2019,1,6,6.0,301.0,247.0,13.0,May-33,19.0,4.92,23.1,0.0,1.0,2.17,0.2,1.58,0.167,,,,,,,,,,,,,,,,,True,True,All-rounder
Soumya Sarkar (BDESH),2014-2019,2014.0,2019.0,6.0,55.0,54.0,3.0,1728.0,127*,127.0,1.0,33.88,1753.0,98.57,2.0,11.0,5.0,31.42,3.64,20.0,59.756,2014-2019,2014,2019,5,55,14.0,324.0,318.0,9.0,Mar-56,35.33,5.88,36.0,0.0,0.0,0.16,0.17,0.17,0.0,,,,,,,,,,,,,,,,,True,True,All-rounder
Subashis Roy (BDESH),2016-2016,2016.0,2016.0,1.0,1.0,1.0,1.0,1.0,1*,1.0,1.0,,9.0,11.11,0.0,0.0,0.0,1.0,0.0,0.0,,2016-2016,2016,2016,0,1,1.0,60.0,45.0,1.0,Jan-45,45.0,4.5,60.0,0.0,0.0,1.0,0.22,0.77,0.0,,,,,,,,,,,,,,,,,True,True,All-rounder
Sultan Ahmed (UAE),2019-2019,2019.0,2019.0,1.0,2.0,2.0,0.0,18.0,11,11.0,0.0,9.0,42.0,42.85,0.0,0.0,0.0,9.0,0.0,0.0,22.54,2019-2019,2019,2019,0,2,2.0,72.0,58.0,0.0,-,,4.83,,0.0,0.0,0.0,0.21,0.06,0.0,,,,,,,,,,,,,,,,,True,True,All-rounder
Sultan Zarawani (UAE),1994-1996,1994.0,1996.0,3.0,7.0,6.0,0.0,26.0,13,13.0,0.0,4.33,62.0,41.93,0.0,0.0,1.0,3.71,0.0,0.0,19.37,1994-1996,1994,1996,2,7,7.0,264.0,257.0,5.0,Feb-49,51.4,5.84,52.8,0.0,0.0,0.71,0.17,0.55,0.0,,,,,,,,,,,,,,,,,True,True,All-rounder
Sunzamul Islam (BDESH),2017-2018,2017.0,2018.0,2.0,3.0,1.0,0.0,19.0,19,19.0,0.0,19.0,24.0,79.16,0.0,0.0,0.0,6.33,0.0,0.0,43.064,2017-2018,2017,2018,1,3,3.0,150.0,79.0,5.0,Feb-22,15.8,3.16,30.0,0.0,0.0,1.67,0.32,1.26,0.0,,,,,,,,,,,,,,,,,True,True,All-rounder
Suraj Kumar (OMAN),2019-2019,2019.0,2019.0,1.0,5.0,4.0,1.0,87.0,35*,35.0,1.0,29.0,144.0,60.41,0.0,0.0,0.0,17.4,0.0,0.0,41.564,2019-2019,2019,2019,0,5,,,,,-,,,,,,,,,,,,,,,,,,,,,,,,,,True,True,All-rounder
Syed Maqsood (UAE),2004-2004,2004.0,2004.0,1.0,2.0,2.0,0.0,18.0,13,13.0,0.0,9.0,43.0,41.86,0.0,0.0,0.0,9.0,0.0,0.0,22.144,2004-2004,2004,2004,0,2,2.0,66.0,84.0,1.0,Jan-60,84.0,7.63,66.0,0.0,0.0,0.5,0.13,0.39,0.0,,,,,,,,,,,,,,,,,True,True,All-rounder
Syed Rasel (BDESH),2005-2010,2005.0,2010.0,6.0,52.0,27.0,11.0,81.0,15,15.0,0.0,5.06,185.0,43.78,0.0,0.0,5.0,1.56,0.0,0.0,20.548,2005-2010,2005,2010,5,52,52.0,2657.0,2051.0,61.0,Apr-22,33.62,4.63,43.5,1.0,0.0,1.17,0.22,0.89,0.0,,,,,,,,,,,,,,,,,True,True,All-rounder
T Bavuma (SA),2016-2017,2016.0,2017.0,2.0,2.0,2.0,0.0,161.0,113,113.0,0.0,80.5,170.0,94.7,1.0,0.0,0.0,80.5,50.0,0.0,86.18,2016-2017,2016,2017,1,2,,,,,-,,,,,,,,,,,,,,,,,,,,,,,,,,True,True,All-rounder
T Bosch (SA),,,,,,,,,,,,,,,,,,,,,,1992-1992,1992,1992,0,2,2.0,51.0,66.0,0.0,-,,7.76,,0.0,0.0,0.0,0.13,0.04,0.0,,,,,,,,,,,,,,,,,False,True,Bowler
T Duffin (ZIM),2006-2007,2006.0,2007.0,2.0,23.0,23.0,0.0,546.0,88,88.0,0.0,23.73,993.0,54.98,0.0,3.0,1.0,23.74,0.0,13.04,36.23,2006-2007,2006,2007,1,23,,,,,-,,,,,,,,,,,,,,,,,,,,,,,,,,True,True,All-rounder
T Gibbons (BMUDA),2006-2006,2006.0,2006.0,1.0,2.0,2.0,0.0,33.0,33,33.0,0.0,16.5,98.0,33.67,0.0,0.0,1.0,16.5,0.0,0.0,23.368,2006-2006,2006,2006,0,2,,,,,-,,,,,,,,,,,,,,,,,,,,,,,,,,True,True,All-rounder
T Kumaran (INDIA),1999-2000,1999.0,2000.0,2.0,8.0,3.0,0.0,19.0,8,8.0,0.0,6.33,27.0,70.37,0.0,0.0,0.0,2.38,0.0,0.0,31.946,1999-2000,1999,2000,1,8,8.0,378.0,348.0,9.0,Mar-24,38.66,5.52,42.0,0.0,0.0,1.13,0.18,0.84,0.0,,,,,,,,,,,,,,,,,True,True,All-rounder
T Maruma (ZIM),2007-2019,2007.0,2019.0,13.0,21.0,18.0,1.0,196.0,35,35.0,0.0,11.52,330.0,59.39,0.0,0.0,1.0,9.33,0.0,0.0,30.668,2007-2019,2007,2019,12,21,9.0,225.0,230.0,4.0,Feb-50,57.5,6.13,56.2,0.0,0.0,0.19,0.16,0.18,0.0,,,,,,,,,,,,,,,,,True,True,All-rounder
T Mishra (KENYA),2006-2013,2006.0,2013.0,8.0,42.0,40.0,7.0,1128.0,72,72.0,0.0,34.18,1534.0,73.53,0.0,8.0,4.0,26.86,0.0,19.05,49.92,2006-2013,2006,2013,7,42,2.0,9.0,12.0,1.0,01-Jun,12.0,8.0,9.0,0.0,0.0,0.02,0.13,0.05,0.0,,,,,,,,,,,,,,,,,True,True,All-rounder
T Mupariwa (ZIM),2004-2016,2004.0,2016.0,13.0,40.0,32.0,10.0,185.0,33,33.0,0.0,8.4,325.0,56.92,0.0,0.0,9.0,4.63,0.0,0.0,27.808,2004-2016,2004,2016,12,40,40.0,2019.0,1690.0,57.0,Apr-39,29.64,5.02,35.4,3.0,0.0,1.43,0.2,1.06,0.0,,,,,,,,,,,,,,,,,True,True,All-rounder
T Muzarabani (ZIM),2015-2016,2015.0,2016.0,2.0,8.0,7.0,3.0,12.0,5,5.0,0.0,3.0,40.0,30.0,0.0,0.0,1.0,1.5,0.0,0.0,13.8,2015-2016,2015,2016,1,8,8.0,323.0,262.0,7.0,Feb-32,37.42,4.86,46.1,0.0,0.0,0.88,0.21,0.67,0.0,,,,,,,,,,,,,,,,,True,True,All-rounder
T Panyangara (ZIM),2004-2016,2004.0,2016.0,13.0,65.0,49.0,13.0,239.0,33,33.0,0.0,6.63,463.0,51.61,0.0,0.0,9.0,3.68,0.0,0.0,24.622,2004-2016,2004,2016,12,65,65.0,3242.0,3024.0,65.0,Mar-28,46.52,5.59,49.8,0.0,0.0,1.0,0.18,0.75,0.0,,,,,,,,,,,,,,,,,True,True,All-rounder
T Shamsi (SA),2016-2019,2016.0,2019.0,4.0,17.0,3.0,2.0,0.0,0*,0.0,1.0,0.0,2.0,0.0,0.0,0.0,1.0,0.0,0.0,0.0,0.0,2016-2019,2016,2019,3,17,17.0,879.0,798.0,19.0,Apr-33,42.0,5.44,46.2,1.0,0.0,1.12,0.18,0.84,0.0,,,,,,,,,,,,,,,,,True,True,All-rounder
T Taibu (Afr/ZIM),2001-2012,2001.0,2012.0,12.0,150.0,137.0,21.0,3393.0,107*,107.0,1.0,29.25,5020.0,67.58,2.0,22.0,16.0,22.62,1.33,14.67,44.582,2001-2012,2001,2012,11,150,2.0,84.0,61.0,2.0,Feb-42,30.5,4.35,42.0,0.0,0.0,0.01,0.23,0.08,0.0,2001-2012,2001.0,2012.0,11.0,150.0,150.0,147.0,114.0,33.0,112.0,2.0,,0.98,0.76,0.98,0.22,True,True,All-rounder
T Thushara (SL),2008-2010,2008.0,2010.0,3.0,38.0,27.0,6.0,392.0,54*,54.0,1.0,18.66,424.0,92.45,0.0,1.0,4.0,10.32,0.0,2.63,48.176,2008-2010,2008,2010,2,38,38.0,1676.0,1393.0,50.0,May-47,27.86,4.98,33.5,0.0,1.0,1.32,0.2,0.98,0.026,,,,,,,,,,,,,,,,,True,True,All-rounder
T Yohannan (INDIA),2002-2002,2002.0,2002.0,1.0,3.0,2.0,2.0,7.0,5*,5.0,1.0,,11.0,63.63,0.0,0.0,0.0,2.33,0.0,0.0,,2002-2002,2002,2002,0,3,3.0,120.0,122.0,5.0,Mar-33,24.4,6.1,24.0,0.0,0.0,1.67,0.16,1.22,0.0,,,,,,,,,,,,,,,,,True,True,All-rounder
T van der Gugten (NL),2012-2013,2012.0,2013.0,2.0,4.0,2.0,0.0,4.0,2,2.0,0.0,2.0,6.0,66.66,0.0,0.0,0.0,1.0,0.0,0.0,27.864,2012-2013,2012,2013,1,4,4.0,126.0,85.0,8.0,May-24,10.62,4.04,15.7,0.0,1.0,2.0,0.25,1.47,0.25,,,,,,,,,,,,,,,,,True,True,All-rounder
TA Boult (NZ),2012-2019,2012.0,2019.0,8.0,89.0,39.0,23.0,154.0,21*,21.0,1.0,9.62,209.0,73.68,0.0,0.0,1.0,1.73,0.0,0.0,35.244,2012-2019,2012,2019,7,89,89.0,4884.0,4111.0,164.0,Jul-34,25.06,5.05,29.7,7.0,5.0,1.84,0.2,1.35,0.056,,,,,,,,,,,,,,,,,True,True,All-rounder
TA Lloyd (ENG),1984-1984,1984.0,1984.0,1.0,3.0,3.0,0.0,101.0,49,49.0,0.0,33.66,228.0,44.29,0.0,0.0,0.0,33.67,0.0,0.0,37.912,1984-1984,1984,1984,0,3,,,,,-,,,,,,,,,,,,,,,,,,,,,,,,,,True,True,All-rounder
TAM Siriwardana (SL),2015-2019,2015.0,2019.0,5.0,27.0,24.0,1.0,516.0,66,66.0,0.0,22.43,525.0,98.28,0.0,3.0,1.0,19.11,0.0,11.11,52.77,2015-2019,2015,2019,4,27,21.0,601.0,547.0,9.0,Feb-27,60.77,5.46,66.7,0.0,0.0,0.33,0.18,0.29,0.0,,,,,,,,,,,,,,,,,True,True,All-rounder
TAP Sekhar (INDIA),,,,,,,,,,,,,,,,,,,,,,1983-1985,1983,1985,2,4,4.0,156.0,128.0,5.0,Mar-23,25.6,4.92,31.2,0.0,0.0,1.25,0.2,0.94,0.0,,,,,,,,,,,,,,,,,False,True,Bowler
TB Sole (SCOT),2018-2019,2018.0,2019.0,2.0,10.0,7.0,1.0,46.0,20,20.0,0.0,7.66,43.0,106.97,0.0,0.0,0.0,4.6,0.0,0.0,47.384,2018-2019,2018,2019,1,10,10.0,504.0,387.0,10.0,Apr-15,38.7,4.6,50.4,1.0,0.0,1.0,0.22,0.77,0.0,,,,,,,,,,,,,,,,,True,True,All-rounder
TBA May (AUS),1987-1995,1987.0,1995.0,9.0,47.0,12.0,8.0,39.0,15,15.0,0.0,9.75,52.0,75.0,0.0,0.0,0.0,0.83,0.0,0.0,35.85,1987-1995,1987,1995,8,47,46.0,2504.0,1772.0,39.0,Mar-19,45.43,4.24,64.2,0.0,0.0,0.83,0.24,0.65,0.0,,,,,,,,,,,,,,,,,True,True,All-rounder
TBM de Leede (NL),1996-2007,1996.0,2007.0,12.0,29.0,25.0,1.0,400.0,58*,58.0,1.0,16.66,628.0,63.69,0.0,2.0,4.0,13.79,0.0,6.9,35.472,1996-2007,1996,2007,11,29,29.0,1139.0,999.0,29.0,Apr-35,34.44,5.26,39.2,1.0,0.0,1.0,0.19,0.76,0.0,,,,,,,,,,,,,,,,,True,True,All-rounder
TC Bastiampillai (CAN),2007-2014,2007.0,2014.0,8.0,13.0,13.0,0.0,175.0,49,49.0,0.0,13.46,301.0,58.13,0.0,0.0,2.0,13.46,0.0,0.0,31.328,2007-2014,2007,2014,7,13,3.0,24.0,31.0,0.0,-,,7.75,,0.0,0.0,0.0,0.13,0.04,0.0,,,,,,,,,,,,,,,,,True,True,All-rounder
TCB Fernando (SL),2001-2003,2001.0,2003.0,3.0,17.0,10.0,6.0,29.0,14*,14.0,1.0,7.25,59.0,49.15,0.0,0.0,1.0,1.71,0.0,0.0,24.01,2001-2003,2001,2003,2,17,17.0,700.0,586.0,15.0,May-67,39.06,5.02,46.6,0.0,1.0,0.88,0.2,0.68,0.059,,,,,,,,,,,,,,,,,True,True,All-rounder
TD Astle (NZ),2017-2019,2017.0,2019.0,3.0,9.0,5.0,2.0,79.0,49,49.0,0.0,26.33,77.0,102.59,0.0,0.0,0.0,8.78,0.0,0.0,56.834,2017-2019,2017,2019,2,9,8.0,270.0,246.0,10.0,Mar-33,24.6,5.46,27.0,0.0,0.0,1.11,0.18,0.83,0.0,,,,,,,,,,,,,,,,,True,True,All-rounder
TD Paine (AUS),2009-2018,2009.0,2018.0,10.0,35.0,35.0,3.0,890.0,111,111.0,0.0,27.81,1257.0,70.8,1.0,5.0,1.0,25.43,2.86,14.29,45.006,2009-2018,2009,2018,9,35,,,,,-,,,,,,,,,,,,,,,,,,,,,,,,,,True,True,All-rounder
TE Blain (NZ),1986-1994,1986.0,1994.0,9.0,38.0,38.0,11.0,442.0,49*,49.0,1.0,16.37,662.0,66.76,0.0,0.0,6.0,11.63,0.0,0.0,36.526,1986-1994,1986,1994,8,38,,,,,-,,,,,,,,,,,,,,,,,,,,,,,,,,True,True,All-rounder
TE Jesty (ENG),1983-1983,1983.0,1983.0,1.0,10.0,10.0,4.0,127.0,52*,52.0,1.0,21.16,182.0,69.78,0.0,1.0,2.0,12.7,0.0,10.0,40.608,1983-1983,1983,1983,0,10,4.0,108.0,93.0,1.0,Jan-23,93.0,5.16,108.0,0.0,0.0,0.1,0.19,0.13,0.0,,,,,,,,,,,,,,,,,True,True,All-rounder
TE Srinivasan (INDIA),1980-1981,1980.0,1981.0,2.0,2.0,2.0,0.0,10.0,6,6.0,0.0,5.0,35.0,28.57,0.0,0.0,0.0,5.0,0.0,0.0,14.428,1980-1981,1980,1981,1,2,,,,,-,,,,,,,,,,,,,,,,,,,,,,,,,,True,True,All-rounder
TE Tucker (BMUDA),,,,,,,,,,,,,,,,,,,,,,2008-2009,2008,2009,1,5,5.0,174.0,157.0,7.0,Apr-56,22.42,5.41,24.8,1.0,0.0,1.4,0.18,1.04,0.0,,,,,,,,,,,,,,,,,False,True,Bowler
TG Gordon (CAN),2011-2011,2011.0,2011.0,1.0,5.0,5.0,0.0,27.0,9,9.0,0.0,5.4,59.0,45.76,0.0,0.0,0.0,5.4,0.0,0.0,21.544,2011-2011,2011,2011,0,5,2.0,15.0,25.0,0.0,-,,10.0,,0.0,0.0,0.0,0.1,0.03,0.0,,,,,,,,,,,,,,,,,True,True,All-rounder
TG Hogan (AUS),1983-1984,1983.0,1984.0,2.0,16.0,12.0,4.0,72.0,27,27.0,0.0,9.0,95.0,75.78,0.0,0.0,1.0,4.5,0.0,0.0,35.712,1983-1984,1983,1984,1,16,15.0,917.0,574.0,23.0,Apr-33,24.95,3.75,39.8,1.0,0.0,1.44,0.27,1.09,0.0,,,,,,,,,,,,,,,,,True,True,All-rounder
TG Shaw (SA),1991-1994,1991.0,1994.0,4.0,9.0,6.0,4.0,26.0,17*,17.0,1.0,13.0,35.0,74.28,0.0,0.0,1.0,2.89,0.0,0.0,37.512,1991-1994,1991,1994,3,9,9.0,504.0,298.0,9.0,Feb-19,33.11,3.54,56.0,0.0,0.0,1.0,0.28,0.78,0.0,,,,,,,,,,,,,,,,,True,True,All-rounder
TG Southee (NZ),2008-2019,2008.0,2019.0,12.0,140.0,85.0,32.0,676.0,55,55.0,0.0,12.75,686.0,98.54,0.0,1.0,12.0,4.83,0.0,0.71,47.066,2008-2019,2008,2019,11,140,138.0,7021.0,6373.0,186.0,Jul-33,34.26,5.44,37.7,4.0,3.0,1.33,0.18,0.99,0.021,,,,,,,,,,,,,,,,,True,True,All-rounder
TGJ Gruijters (NL),2010-2013,2010.0,2013.0,4.0,5.0,4.0,1.0,68.0,32,32.0,0.0,22.66,116.0,58.62,0.0,0.0,0.0,13.6,0.0,0.0,37.044,2010-2013,2010,2013,3,5,4.0,120.0,79.0,2.0,Feb-37,39.5,3.95,60.0,0.0,0.0,0.4,0.25,0.36,0.0,,,,,,,,,,,,,,,,,True,True,All-rounder
TJ Franklin (NZ),1983-1988,1983.0,1988.0,6.0,3.0,3.0,0.0,27.0,21,21.0,0.0,9.0,89.0,30.33,0.0,0.0,1.0,9.0,0.0,0.0,17.532,1983-1988,1983,1988,5,3,,,,,-,,,,,,,,,,,,,,,,,,,,,,,,,,True,True,All-rounder
TJ Friend (ZIM),2000-2004,2000.0,2004.0,5.0,51.0,39.0,5.0,548.0,91,91.0,0.0,16.11,724.0,75.69,0.0,3.0,5.0,10.75,0.0,5.88,39.942,2000-2004,2000,2004,4,51,45.0,1930.0,1779.0,37.0,Apr-55,48.08,5.53,52.1,1.0,0.0,0.73,0.18,0.56,0.0,,,,,,,,,,,,,,,,,True,True,All-rounder
TJ Heggelman (NL),2010-2011,2010.0,2011.0,2.0,5.0,5.0,0.0,27.0,22,22.0,0.0,5.4,85.0,31.76,0.0,0.0,0.0,5.4,0.0,0.0,15.944,2010-2011,2010,2011,1,5,3.0,102.0,86.0,5.0,Mar-29,17.2,5.05,20.4,0.0,0.0,1.0,0.2,0.76,0.0,,,,,,,,,,,,,,,,,True,True,All-rounder
TJ Jenner (AUS),1975-1975,1975.0,1975.0,1.0,1.0,1.0,0.0,12.0,12,12.0,0.0,12.0,25.0,48.0,0.0,0.0,0.0,12.0,0.0,0.0,26.4,1975-1975,1975,1975,0,1,1.0,64.0,28.0,0.0,-,,2.62,,0.0,0.0,0.0,0.38,0.11,0.0,,,,,,,,,,,,,,,,,True,True,All-rounder
TJ Laughlin (AUS),1978-1979,1978.0,1979.0,2.0,6.0,5.0,1.0,105.0,74,74.0,0.0,26.25,160.0,65.62,0.0,1.0,0.0,17.5,0.0,16.67,41.998,1978-1979,1978,1979,1,6,6.0,308.0,224.0,8.0,Mar-54,28.0,4.36,38.5,0.0,0.0,1.33,0.23,1.0,0.0,,,,,,,,,,,,,,,,,True,True,All-rounder
TJ Murtagh (IRE),2012-2019,2012.0,2019.0,8.0,58.0,36.0,12.0,188.0,23*,23.0,1.0,7.83,298.0,63.08,0.0,0.0,7.0,3.24,0.0,0.0,29.93,2012-2019,2012,2019,7,58,57.0,3020.0,2290.0,74.0,May-21,30.94,4.54,40.8,4.0,1.0,1.28,0.22,0.96,0.017,,,,,,,,,,,,,,,,,True,True,All-rounder
TJ Zoehrer (AUS),1986-1994,1986.0,1994.0,9.0,22.0,15.0,3.0,130.0,50,50.0,0.0,10.83,183.0,71.03,0.0,1.0,2.0,5.91,0.0,4.55,34.91,1986-1994,1986,1994,8,22,,,,,-,,,,,,,,,,,,,,,,,,,,,,,,,,True,True,All-rounder
TK Canning (NZ),2003-2005,2003.0,2005.0,3.0,4.0,4.0,1.0,52.0,23*,23.0,1.0,17.33,73.0,71.23,0.0,0.0,1.0,13.0,0.0,0.0,38.89,2003-2005,2003,2005,2,4,4.0,204.0,203.0,5.0,Feb-30,40.6,5.97,40.8,0.0,0.0,1.25,0.17,0.93,0.0,,,,,,,,,,,,,,,,,True,True,All-rounder
TK Curran (ENG),2017-2019,2017.0,2019.0,3.0,17.0,11.0,7.0,178.0,47*,47.0,1.0,44.5,166.0,107.22,0.0,0.0,2.0,10.47,0.0,0.0,69.588,2017-2019,2017,2019,2,17,17.0,762.0,805.0,27.0,May-35,29.81,6.33,28.2,1.0,1.0,1.59,0.16,1.16,0.059,,,,,,,,,,,,,,,,,True,True,All-rounder
TK Musakanda (ZIM),2016-2018,2016.0,2018.0,3.0,15.0,15.0,1.0,304.0,60,60.0,0.0,21.71,382.0,79.58,0.0,1.0,1.0,20.27,0.0,6.67,44.858,2016-2018,2016,2018,2,15,1.0,12.0,11.0,0.0,-,,5.5,,0.0,0.0,0.0,0.18,0.05,0.0,,,,,,,,,,,,,,,,,True,True,All-rounder
TK Patel (USA),2019-2019,2019.0,2019.0,1.0,5.0,5.0,3.0,55.0,50*,50.0,1.0,27.5,102.0,53.92,0.0,1.0,0.0,11.0,0.0,20.0,38.068,2019-2019,2019,2019,0,5,4.0,192.0,114.0,6.0,Feb-25,19.0,3.56,32.0,0.0,0.0,1.2,0.28,0.92,0.0,,,,,,,,,,,,,,,,,True,True,All-rounder
TL Best (WI),2004-2014,2004.0,2014.0,11.0,26.0,16.0,8.0,76.0,24,24.0,0.0,9.5,125.0,60.8,0.0,0.0,1.0,2.92,0.0,0.0,30.02,2004-2014,2004,2014,10,26,26.0,1300.0,1157.0,34.0,Apr-35,34.02,5.34,38.2,2.0,0.0,1.31,0.19,0.97,0.0,,,,,,,,,,,,,,,,,True,True,All-rounder
TL Chatara (ZIM),2013-2019,2013.0,2019.0,7.0,70.0,45.0,20.0,165.0,23,23.0,0.0,6.6,336.0,49.1,0.0,0.0,8.0,2.36,0.0,0.0,23.6,2013-2019,2013,2019,6,70,70.0,3431.0,2905.0,95.0,Apr-33,30.57,5.08,36.1,1.0,0.0,1.36,0.2,1.01,0.0,,,,,,,,,,,,,,,,,True,True,All-rounder
TL Fernando (SL),1989-1989,1989.0,1989.0,1.0,1.0,1.0,0.0,8.0,8,8.0,0.0,8.0,6.0,133.33,0.0,0.0,0.0,8.0,0.0,0.0,58.132,1989-1989,1989,1989,0,1,1.0,18.0,16.0,1.0,Jan-16,16.0,5.33,18.0,0.0,0.0,1.0,0.19,0.76,0.0,,,,,,,,,,,,,,,,,True,True,All-rounder
TL Seifert (NZ),2019-2019,2019.0,2019.0,1.0,3.0,2.0,0.0,33.0,22,22.0,0.0,16.5,27.0,122.22,0.0,0.0,0.0,11.0,0.0,0.0,58.788,2019-2019,2019,2019,0,3,,,,,-,,,,,,,,,,,,,,,,,,,,,,,,,,True,True,All-rounder
TLW Cooper (NL),2010-2013,2010.0,2013.0,4.0,23.0,22.0,2.0,976.0,101,101.0,0.0,48.8,1391.0,70.16,1.0,8.0,0.0,42.43,4.35,34.78,57.344,2010-2013,2010,2013,3,23,19.0,553.0,438.0,13.0,03-Nov,33.69,4.75,42.5,0.0,0.0,0.57,0.21,0.46,0.0,,,,,,,,,,,,,,,,,True,True,All-rounder
TM Alderman (AUS),1981-1991,1981.0,1991.0,11.0,65.0,18.0,6.0,32.0,9*,9.0,1.0,2.66,97.0,32.98,0.0,0.0,6.0,0.49,0.0,0.0,14.788,1981-1991,1981,1991,10,65,65.0,3371.0,2056.0,88.0,May-17,23.36,3.65,38.3,1.0,2.0,1.35,0.27,1.03,0.031,,,,,,,,,,,,,,,,,True,True,All-rounder
TM Chappell (AUS),1980-1983,1980.0,1983.0,4.0,20.0,13.0,0.0,229.0,110,110.0,0.0,17.61,365.0,62.73,1.0,0.0,2.0,11.45,5.0,0.0,35.658,1980-1983,1980,1983,3,20,14.0,736.0,538.0,19.0,Mar-31,28.31,4.38,38.7,0.0,0.0,0.95,0.23,0.73,0.0,,,,,,,,,,,,,,,,,True,True,All-rounder
TM Dilshan (SL),1999-2016,1999.0,2016.0,18.0,330.0,303.0,41.0,10290.0,161*,161.0,1.0,39.27,11933.0,86.23,22.0,47.0,11.0,31.18,6.67,14.24,58.054,1999-2016,1999,2016,17,330,204.0,5880.0,4778.0,106.0,04-Apr,45.07,4.87,55.4,3.0,0.0,0.32,0.21,0.29,0.0,1999-2016,1999.0,2016.0,17.0,330.0,325.0,124.0,123.0,1.0,5.0,118.0,,0.381,0.37,0.38,0.0,True,True,All-rounder
TM Dowlin (WI),2009-2010,2009.0,2010.0,2.0,11.0,11.0,2.0,228.0,100*,100.0,1.0,25.33,348.0,65.51,1.0,1.0,2.0,20.73,9.09,9.09,41.402,2009-2010,2009,2010,1,11,,,,,-,,,,,,,,,,,,,,,,,,,,,,,,,,True,True,All-rounder
TM Head (AUS),2016-2018,2016.0,2018.0,3.0,42.0,39.0,2.0,1273.0,128,128.0,0.0,34.4,1414.0,90.02,1.0,10.0,1.0,30.31,2.38,23.81,56.648,2016-2018,2016,2018,2,42,26.0,765.0,737.0,12.0,Feb-22,61.41,5.78,63.7,0.0,0.0,0.29,0.17,0.25,0.0,,,,,,,,,,,,,,,,,True,True,All-rounder
TM Moody (AUS),1987-1999,1987.0,1999.0,13.0,76.0,64.0,12.0,1211.0,89,89.0,0.0,23.28,1747.0,69.31,0.0,10.0,6.0,15.93,0.0,13.16,41.692,1987-1999,1987,1999,12,76,66.0,2797.0,2014.0,52.0,Mar-25,38.73,4.32,53.7,0.0,0.0,0.68,0.23,0.55,0.0,,,,,,,,,,,,,,,,,True,True,All-rounder
TM Odoyo (Afr/KENYA),1996-2014,1996.0,2014.0,19.0,136.0,119.0,16.0,2420.0,111*,111.0,1.0,23.49,3438.0,70.38,1.0,8.0,13.0,17.79,0.74,5.88,42.246,1996-2014,1996,2014,18,136,129.0,5649.0,4335.0,145.0,Apr-25,29.89,4.6,38.9,5.0,0.0,1.07,0.22,0.81,0.0,,,,,,,,,,,,,,,,,True,True,All-rounder
TMK Mawoyo (ZIM),2006-2014,2006.0,2014.0,9.0,7.0,7.0,0.0,58.0,15,15.0,0.0,8.28,160.0,36.25,0.0,0.0,1.0,8.29,0.0,0.0,19.468,2006-2014,2006,2014,8,7,,,,,-,,,,,,,,,,,,,,,,,,,,,,,,,,True,True,All-rounder
TN Garwe (ZIM),,,,,,,,,,,,,,,,,,,,,,2009-2009,2009,2009,0,1,1.0,36.0,50.0,1.0,Jan-50,50.0,8.33,36.0,0.0,0.0,1.0,0.12,0.74,0.0,,,,,,,,,,,,,,,,,False,True,Bowler
TN Madondo (ZIM),1998-2001,1998.0,2001.0,4.0,13.0,13.0,1.0,191.0,71,71.0,0.0,15.91,331.0,57.7,0.0,1.0,2.0,14.69,0.0,7.69,32.626,1998-2001,1998,2001,3,13,,,,,-,,,,,,,,,,,,,,,,,,,,,,,,,,True,True,All-rounder
TN de Grooth (NL),2006-2013,2006.0,2013.0,8.0,34.0,32.0,4.0,480.0,97,97.0,0.0,17.14,774.0,62.01,0.0,1.0,1.0,14.12,0.0,2.94,35.088,2006-2013,2006,2013,7,34,1.0,6.0,2.0,1.0,01-Feb,2.0,2.0,6.0,0.0,0.0,0.03,0.5,0.17,0.0,,,,,,,,,,,,,,,,,True,True,All-rounder
TP Kamungozi (ZIM),2006-2015,2006.0,2015.0,10.0,14.0,11.0,6.0,27.0,12*,12.0,1.0,5.4,55.0,49.09,0.0,0.0,2.0,1.93,0.0,0.0,22.876,2006-2015,2006,2015,9,14,13.0,636.0,548.0,12.0,Feb-36,45.66,5.16,53.0,0.0,0.0,0.86,0.19,0.66,0.0,,,,,,,,,,,,,,,,,True,True,All-rounder
TP Ura (PNG),2014-2019,2014.0,2019.0,6.0,26.0,26.0,0.0,718.0,151,151.0,0.0,27.61,892.0,80.49,1.0,2.0,2.0,27.62,3.85,7.69,48.762,2014-2019,2014,2019,5,26,1.0,6.0,12.0,0.0,-,,12.0,,0.0,0.0,0.0,0.08,0.03,0.0,,,,,,,,,,,,,,,,,True,True,All-rounder
TP Visee (NL),2019-2019,2019.0,2019.0,1.0,2.0,2.0,0.0,69.0,41,41.0,0.0,34.5,56.0,123.21,0.0,0.0,0.0,34.5,0.0,0.0,69.984,2019-2019,2019,2019,0,2,,,,,-,,,,,,,,,,,,,,,,,,,,,,,,,,True,True,All-rounder
TR Ambrose (ENG),2008-2008,2008.0,2008.0,1.0,5.0,5.0,1.0,10.0,6,6.0,0.0,2.5,34.0,29.41,0.0,0.0,1.0,2.0,0.0,0.0,13.264,2008-2008,2008,2008,0,5,,,,,-,,,,,,,,,,,,,,,,,,,,,,,,,,True,True,All-rounder
TR Gripper (ZIM),2001-2003,2001.0,2003.0,3.0,8.0,8.0,0.0,80.0,26,26.0,0.0,10.0,187.0,42.78,0.0,0.0,1.0,10.0,0.0,0.0,23.112,2001-2003,2001,2003,2,8,6.0,120.0,76.0,2.0,Feb-28,38.0,3.8,60.0,0.0,0.0,0.25,0.26,0.25,0.0,,,,,,,,,,,,,,,,,True,True,All-rounder
TRO Payne (WI),1984-1987,1984.0,1987.0,4.0,7.0,4.0,0.0,126.0,60,60.0,0.0,31.5,240.0,52.5,0.0,1.0,0.0,18.0,0.0,14.29,39.9,1984-1987,1984,1987,3,7,,,,,-,,,,,,,,,,,,,,,,,,,,,,,,,,True,True,All-rounder
TS Chisoro (ZIM),2015-2018,2015.0,2018.0,4.0,18.0,15.0,6.0,134.0,42*,42.0,1.0,14.88,218.0,61.46,0.0,0.0,2.0,7.44,0.0,0.0,33.512,2015-2018,2015,2018,3,18,16.0,768.0,556.0,20.0,Mar-16,27.8,4.34,38.4,0.0,0.0,1.11,0.23,0.85,0.0,,,,,,,,,,,,,,,,,True,True,All-rounder
TS Kamunhukamwe (ZIM),2018-2019,2018.0,2019.0,2.0,3.0,3.0,0.0,37.0,34,34.0,0.0,12.33,50.0,74.0,0.0,0.0,1.0,12.33,0.0,0.0,36.998,2018-2019,2018,2019,1,3,,,,,-,,,,,,,,,,,,,,,,,,,,,,,,,,True,True,All-rounder
TS Nethula (NZ),2012-2012,2012.0,2012.0,1.0,5.0,3.0,1.0,12.0,9*,9.0,1.0,6.0,11.0,109.09,0.0,0.0,1.0,2.4,0.0,0.0,47.236,2012-2012,2012,2012,0,5,5.0,264.0,249.0,5.0,Feb-41,49.8,5.65,52.8,0.0,0.0,1.0,0.18,0.75,0.0,,,,,,,,,,,,,,,,,True,True,All-rounder
TS Roland-Jones (ENG),2017-2017,2017.0,2017.0,1.0,1.0,1.0,1.0,37.0,37*,37.0,1.0,,37.0,100.0,0.0,0.0,0.0,37.0,0.0,0.0,,2017-2017,2017,2017,0,1,1.0,42.0,34.0,1.0,Jan-34,34.0,4.85,42.0,0.0,0.0,1.0,0.21,0.76,0.0,,,,,,,,,,,,,,,,,True,True,All-rounder
TT Bresnan (ENG),2006-2015,2006.0,2015.0,10.0,85.0,64.0,20.0,871.0,80,80.0,0.0,19.79,965.0,90.25,0.0,1.0,6.0,10.25,0.0,1.18,47.974,2006-2015,2006,2015,9,85,84.0,4221.0,3813.0,109.0,May-48,34.98,5.42,38.7,3.0,1.0,1.28,0.18,0.95,0.012,,,,,,,,,,,,,,,,,True,True,All-rounder
TT Samaraweera (SL),1998-2011,1998.0,2011.0,14.0,53.0,42.0,11.0,862.0,105*,105.0,1.0,27.8,1244.0,69.29,2.0,0.0,4.0,16.26,3.77,0.0,44.396,1998-2011,1998,2011,13,53,17.0,702.0,542.0,11.0,Mar-34,49.27,4.63,63.8,0.0,0.0,0.21,0.22,0.21,0.0,,,,,,,,,,,,,,,,,True,True,All-rounder
TT Smart (HKG),2004-2004,2004.0,2004.0,1.0,2.0,2.0,0.0,34.0,25,25.0,0.0,17.0,94.0,36.17,0.0,0.0,0.0,17.0,0.0,0.0,24.668,2004-2004,2004,2004,0,2,,,,,-,,,,,,,,,,,,,,,,,,,,,,,,,,True,True,All-rounder
TV Mufambisi (ZIM),2006-2007,2006.0,2007.0,2.0,6.0,6.0,0.0,55.0,21,21.0,0.0,9.16,90.0,61.11,0.0,0.0,0.0,9.17,0.0,0.0,29.94,2006-2007,2006,2007,1,6,,,,,-,,,,,,,,,,,,,,,,,,,,,,,,,,True,True,All-rounder
TWM Latham (NZ),2012-2019,2012.0,2019.0,8.0,95.0,88.0,9.0,2550.0,137,137.0,0.0,32.27,3096.0,82.36,4.0,15.0,7.0,26.84,4.21,15.79,52.306,2012-2019,2012,2019,7,95,,,,,-,,,,,,,,,,,,,,,,,,,,,,,,,,True,True,All-rounder
Tabarak Dar (HKG),2004-2008,2004.0,2008.0,5.0,4.0,4.0,0.0,101.0,36,36.0,0.0,25.25,175.0,57.71,0.0,0.0,0.0,25.25,0.0,0.0,38.234,2004-2008,2004,2008,4,4,,,,,-,,,,,,,,,,,,,,,,,,,,,,,,,,True,True,All-rounder
Tahir Naqqash (PAK),1980-1985,1980.0,1985.0,6.0,40.0,23.0,9.0,210.0,61,61.0,0.0,15.0,242.0,86.77,0.0,1.0,4.0,5.25,0.0,2.5,43.708,1980-1985,1980,1985,5,40,37.0,1596.0,1240.0,34.0,Mar-23,36.47,4.66,46.9,0.0,0.0,0.85,0.21,0.66,0.0,,,,,,,,,,,,,,,,,True,True,All-rounder
Taijul Islam (BDESH),2014-2019,2014.0,2019.0,6.0,6.0,4.0,1.0,63.0,39*,39.0,1.0,21.0,77.0,81.81,0.0,0.0,0.0,10.5,0.0,0.0,45.324,2014-2019,2014,2019,5,6,6.0,342.0,220.0,6.0,04-Nov,36.66,3.85,57.0,1.0,0.0,1.0,0.26,0.78,0.0,,,,,,,,,,,,,,,,,True,True,All-rounder
Talha Jubair (BDESH),2002-2003,2002.0,2003.0,2.0,6.0,5.0,3.0,5.0,4*,4.0,1.0,2.5,15.0,33.33,0.0,0.0,2.0,0.83,0.0,0.0,14.832,2002-2003,2002,2003,1,6,6.0,204.0,255.0,6.0,Apr-65,42.5,7.5,34.0,1.0,0.0,1.0,0.13,0.74,0.0,,,,,,,,,,,,,,,,,True,True,All-rounder
Tamim Iqbal (BDESH),2007-2019,2007.0,2019.0,13.0,204.0,202.0,8.0,6892.0,154,154.0,0.0,35.52,8865.0,77.74,11.0,47.0,18.0,33.78,5.39,23.04,52.408,2007-2019,2007,2019,12,204,2.0,6.0,13.0,0.0,-,,13.0,,0.0,0.0,0.0,0.08,0.02,0.0,,,,,,,,,,,,,,,,,True,True,All-rounder
Tanbir Hayder (BDESH),2016-2016,2016.0,2016.0,1.0,2.0,2.0,0.0,5.0,3,3.0,0.0,2.5,16.0,31.25,0.0,0.0,0.0,2.5,0.0,0.0,14.0,2016-2016,2016,2016,0,2,2.0,60.0,67.0,0.0,-,,6.7,,0.0,0.0,0.0,0.15,0.04,0.0,,,,,,,,,,,,,,,,,True,True,All-rounder
Tanveer Ahmed (HKG),2016-2018,2016.0,2018.0,3.0,6.0,4.0,4.0,4.0,2*,2.0,1.0,,11.0,36.36,0.0,0.0,0.0,0.67,0.0,0.0,,2016-2018,2016,2018,2,6,6.0,229.0,208.0,5.0,Feb-49,41.6,5.44,45.8,0.0,0.0,0.83,0.18,0.64,0.0,,,,,,,,,,,,,,,,,True,True,All-rounder
Tanvir Ahmed (PAK),2011-2011,2011.0,2011.0,1.0,2.0,1.0,0.0,18.0,18,18.0,0.0,18.0,12.0,150.0,0.0,0.0,0.0,9.0,0.0,0.0,70.8,2011-2011,2011,2011,0,2,2.0,60.0,83.0,2.0,Jan-38,41.5,8.3,30.0,0.0,0.0,1.0,0.12,0.74,0.0,,,,,,,,,,,,,,,,,True,True,All-rounder
Tanvir Mehdi (PAK),1992-1992,1992.0,1992.0,1.0,1.0,1.0,0.0,0.0,0,0.0,0.0,0.0,5.0,0.0,0.0,0.0,1.0,0.0,0.0,0.0,0.0,1992-1992,1992,1992,0,1,1.0,66.0,72.0,1.0,Jan-72,72.0,6.54,66.0,0.0,0.0,1.0,0.15,0.75,0.0,,,,,,,,,,,,,,,,,True,True,All-rounder
Tanwir Afzal (HKG),2014-2018,2014.0,2018.0,5.0,20.0,19.0,3.0,292.0,73,73.0,0.0,18.25,255.0,114.5,0.0,1.0,3.0,14.6,0.0,5.0,56.75,2014-2018,2014,2018,4,20,19.0,852.0,601.0,19.0,Mar-20,31.63,4.23,44.8,0.0,0.0,0.95,0.24,0.74,0.0,,,,,,,,,,,,,,,,,True,True,All-rounder
Tapash Baisya (BDESH),2002-2007,2002.0,2007.0,6.0,56.0,41.0,13.0,336.0,35*,35.0,1.0,12.0,576.0,58.33,0.0,0.0,4.0,6.0,0.0,0.0,30.532,2002-2007,2002,2007,5,56,56.0,2608.0,2452.0,59.0,Apr-16,41.55,5.64,44.2,2.0,0.0,1.05,0.18,0.79,0.0,,,,,,,,,,,,,,,,,True,True,All-rounder
Tareq Aziz (BDESH),2002-2004,2002.0,2004.0,3.0,10.0,8.0,7.0,26.0,11*,11.0,1.0,26.0,73.0,35.61,0.0,0.0,1.0,2.6,0.0,0.0,29.844,2002-2004,2002,2004,2,10,10.0,465.0,424.0,13.0,Mar-19,32.61,5.47,35.7,0.0,0.0,1.3,0.18,0.96,0.0,,,,,,,,,,,,,,,,,True,True,All-rounder
Tariq Javed (CAN),1979-1979,1979.0,1979.0,1.0,3.0,3.0,0.0,15.0,8,8.0,0.0,5.0,77.0,19.48,0.0,0.0,0.0,5.0,0.0,0.0,10.792,1979-1979,1979,1979,0,3,,,,,-,,,,,,,,,,,,,,,,,,,,,,,,,,True,True,All-rounder
Taskin Ahmed (BDESH),2014-2017,2014.0,2017.0,4.0,32.0,16.0,6.0,41.0,14,14.0,0.0,4.1,99.0,41.41,0.0,0.0,3.0,1.28,0.0,0.0,19.024,2014-2017,2014,2017,3,32,31.0,1413.0,1401.0,45.0,May-28,31.13,5.94,31.4,2.0,1.0,1.41,0.17,1.03,0.031,,,,,,,,,,,,,,,,,True,True,All-rounder
Taslim Arif (PAK),1980-1980,1980.0,1980.0,1.0,2.0,2.0,0.0,28.0,24,24.0,0.0,14.0,58.0,48.27,0.0,0.0,0.0,14.0,0.0,0.0,27.708,1980-1980,1980,1980,0,2,,,,,-,,,,,,,,,,,,,,,,,,,,,,,,,,True,True,All-rounder
Taufeeq Umar (PAK),2001-2011,2001.0,2011.0,11.0,22.0,22.0,1.0,504.0,81*,81.0,1.0,24.0,895.0,56.31,0.0,3.0,0.0,22.91,0.0,13.64,36.924,2001-2011,2001,2011,10,22,3.0,72.0,85.0,1.0,Jan-49,85.0,7.08,72.0,0.0,0.0,0.05,0.14,0.07,0.0,,,,,,,,,,,,,,,,,True,True,All-rounder
Tauseef Ahmed (PAK),1982-1990,1982.0,1990.0,9.0,70.0,25.0,14.0,116.0,27*,27.0,1.0,10.54,216.0,53.7,0.0,0.0,3.0,1.66,0.0,0.0,27.804,1982-1990,1982,1990,8,70,67.0,3250.0,2247.0,55.0,Apr-38,40.85,4.14,59.0,1.0,0.0,0.79,0.24,0.62,0.0,,,,,,,,,,,,,,,,,True,True,All-rounder
Tushar Imran (BDESH),2001-2007,2001.0,2007.0,7.0,41.0,40.0,0.0,574.0,65,65.0,0.0,14.35,970.0,59.17,0.0,2.0,8.0,14.0,0.0,4.88,32.278,2001-2007,2001,2007,6,41,5.0,126.0,103.0,1.0,Jan-24,103.0,4.9,126.0,0.0,0.0,0.02,0.2,0.08,0.0,,,,,,,,,,,,,,,,,True,True,All-rounder
U Bhatti (CAN),2006-2010,2006.0,2010.0,5.0,36.0,30.0,8.0,378.0,46,46.0,0.0,17.18,513.0,73.68,0.0,0.0,2.0,10.5,0.0,0.0,39.78,2006-2010,2006,2010,4,36,35.0,1630.0,1149.0,33.0,Apr-45,34.81,4.22,49.3,1.0,0.0,0.92,0.24,0.71,0.0,,,,,,,,,,,,,,,,,True,True,All-rounder
U Chatterjee (INDIA),1995-1995,1995.0,1995.0,1.0,3.0,2.0,1.0,6.0,3*,3.0,1.0,6.0,30.0,20.0,0.0,0.0,0.0,2.0,0.0,0.0,11.6,1995-1995,1995,1995,0,3,3.0,161.0,117.0,3.0,Feb-35,39.0,4.36,53.6,0.0,0.0,1.0,0.23,0.77,0.0,,,,,,,,,,,,,,,,,True,True,All-rounder
U Ranchod (ZIM),1992-1993,1992.0,1993.0,2.0,3.0,1.0,1.0,3.0,3*,3.0,1.0,,6.0,50.0,0.0,0.0,0.0,1.0,0.0,0.0,,1992-1993,1992,1993,1,3,3.0,174.0,130.0,1.0,Jan-44,130.0,4.48,174.0,0.0,0.0,0.33,0.22,0.3,0.0,,,,,,,,,,,,,,,,,True,True,All-rounder
UC Hathurusingha (SL),1992-1999,1992.0,1999.0,8.0,35.0,33.0,1.0,669.0,66,66.0,0.0,20.9,1318.0,50.75,0.0,4.0,3.0,19.11,0.0,11.43,32.84,1992-1999,1992,1999,7,35,25.0,954.0,709.0,14.0,Apr-57,50.64,4.45,68.1,1.0,0.0,0.4,0.22,0.35,0.0,,,,,,,,,,,,,,,,,True,True,All-rounder
UDU Chandana (SL),1994-2007,1994.0,2007.0,14.0,147.0,111.0,17.0,1627.0,89,89.0,0.0,17.3,2229.0,72.99,0.0,5.0,8.0,11.07,0.0,3.4,39.576,1994-2007,1994,2007,13,147,136.0,6142.0,4818.0,151.0,May-61,31.9,4.7,40.6,4.0,1.0,1.03,0.21,0.78,0.007,,,,,,,,,,,,,,,,,True,True,All-rounder
UNK Fernando (SL),1994-1994,1994.0,1994.0,1.0,2.0,2.0,2.0,22.0,20*,20.0,1.0,,25.0,88.0,0.0,0.0,0.0,11.0,0.0,0.0,,1994-1994,1994,1994,0,2,,,,,-,,,,,,,,,,,,,,,,,,,,,,,,,,True,True,All-rounder
UT Khawaja (AUS),2013-2019,2013.0,2019.0,7.0,40.0,39.0,2.0,1554.0,104,104.0,0.0,42.0,1848.0,84.09,2.0,12.0,2.0,38.85,5.0,30.0,58.836,2013-2019,2013,2019,6,40,,,,,-,,,,,,,,,,,,,,,,,,,,,,,,,,True,True,All-rounder
UT Yadav (INDIA),2010-2018,2010.0,2018.0,9.0,75.0,24.0,14.0,79.0,18*,18.0,1.0,7.9,134.0,58.95,0.0,0.0,4.0,1.05,0.0,0.0,28.32,2010-2018,2010,2018,8,75,73.0,3558.0,3565.0,106.0,Apr-31,33.63,6.01,33.5,4.0,0.0,1.41,0.17,1.04,0.0,,,,,,,,,,,,,,,,,True,True,All-rounder
UWMBCA Welegedara (SL),2009-2010,2009.0,2010.0,2.0,10.0,3.0,2.0,4.0,2*,2.0,1.0,4.0,9.0,44.44,0.0,0.0,0.0,0.4,0.0,0.0,20.176,2009-2010,2009,2010,1,10,9.0,457.0,433.0,15.0,May-66,28.86,5.68,30.4,0.0,1.0,1.5,0.18,1.1,0.1,,,,,,,,,,,,,,,,,True,True,All-rounder
Umair Ali (UAE),2015-2015,2015.0,2015.0,1.0,2.0,2.0,0.0,20.0,10,10.0,0.0,10.0,30.0,66.66,0.0,0.0,0.0,10.0,0.0,0.0,32.664,2015-2015,2015,2015,0,2,2.0,108.0,125.0,1.0,Jan-65,125.0,6.94,108.0,0.0,0.0,0.5,0.14,0.39,0.0,,,,,,,,,,,,,,,,,True,True,All-rounder
Umar Akmal (PAK),2009-2019,2009.0,2019.0,11.0,121.0,110.0,17.0,3194.0,102*,102.0,1.0,34.34,3712.0,86.04,2.0,20.0,8.0,26.4,1.65,16.53,55.02,2009-2019,2009,2019,10,121,,,,,-,,,,,,,,,,,,,,,,,,,,,,,,,,True,True,All-rounder
Umar Amin (PAK),2010-2018,2010.0,2018.0,9.0,16.0,16.0,1.0,271.0,59,59.0,0.0,18.06,392.0,69.13,0.0,1.0,0.0,16.94,0.0,6.25,38.488,2010-2018,2010,2018,8,16,3.0,42.0,24.0,0.0,-,,3.42,,0.0,0.0,0.0,0.29,0.09,0.0,,,,,,,,,,,,,,,,,True,True,All-rounder
Umar Gul (PAK),2003-2016,2003.0,2016.0,14.0,130.0,65.0,18.0,457.0,39,39.0,0.0,9.72,642.0,71.18,0.0,0.0,10.0,3.52,0.0,0.0,34.304,2003-2016,2003,2016,13,130,128.0,6064.0,5253.0,179.0,Jun-42,29.34,5.19,33.8,4.0,2.0,1.38,0.19,1.02,0.015,,,,,,,,,,,,,,,,,True,True,All-rounder
Usman Ghani (AFG),2014-2017,2014.0,2017.0,4.0,15.0,15.0,0.0,411.0,118,118.0,0.0,27.4,520.0,79.03,1.0,2.0,2.0,27.4,6.67,13.33,48.052,2014-2017,2014,2017,3,15,2.0,38.0,34.0,1.0,Jan-21,34.0,5.36,38.0,0.0,0.0,0.07,0.19,0.1,0.0,,,,,,,,,,,,,,,,,True,True,All-rounder
Usman Limbada (CAN),2010-2014,2010.0,2014.0,5.0,11.0,11.0,1.0,189.0,50,50.0,0.0,18.9,284.0,66.54,0.0,1.0,1.0,17.18,0.0,9.09,37.956,2010-2014,2010,2014,4,11,,,,,-,,,,,,,,,,,,,,,,,,,,,,,,,,True,True,All-rounder
Usman Mushtaq (UAE),2015-2015,2015.0,2015.0,1.0,1.0,1.0,0.0,3.0,3,3.0,0.0,3.0,7.0,42.85,0.0,0.0,0.0,3.0,0.0,0.0,18.94,2015-2015,2015,2015,0,1,1.0,12.0,9.0,0.0,-,,4.5,,0.0,0.0,0.0,0.22,0.07,0.0,,,,,,,,,,,,,,,,,True,True,All-rounder
Usman Salahuddin (PAK),2011-2011,2011.0,2011.0,1.0,2.0,2.0,0.0,13.0,8,8.0,0.0,6.5,28.0,46.42,0.0,0.0,0.0,6.5,0.0,0.0,22.468,2011-2011,2011,2011,0,2,,,,,-,,,,,,,,,,,,,,,,,,,,,,,,,,True,True,All-rounder
Usman Shinwari (PAK),2017-2019,2017.0,2019.0,3.0,17.0,4.0,1.0,6.0,6,6.0,0.0,2.0,7.0,85.71,0.0,0.0,2.0,0.35,0.0,0.0,35.484,2017-2019,2017,2019,2,17,17.0,768.0,633.0,34.0,May-34,18.61,4.94,22.5,3.0,2.0,2.0,0.2,1.46,0.118,,,,,,,,,,,,,,,,,True,True,All-rounder
V Aravind (UAE),2019-2019,2019.0,2019.0,1.0,3.0,3.0,0.0,56.0,23,23.0,0.0,18.66,73.0,76.71,0.0,0.0,0.0,18.67,0.0,0.0,41.88,2019-2019,2019,2019,0,3,,,,,-,,,,,,,,,,,,,,,,,,,,,,,,,,True,True,All-rounder
V Dahiya (INDIA),2000-2001,2000.0,2001.0,2.0,19.0,15.0,2.0,216.0,51,51.0,0.0,16.61,267.0,80.89,0.0,1.0,2.0,11.37,0.0,5.26,42.322,2000-2001,2000,2001,1,19,,,,,-,,,,,,,,,,,,,,,,,,,,,,,,,,True,True,All-rounder
V Kohli (INDIA),2008-2019,2008.0,2019.0,12.0,242.0,233.0,39.0,11609.0,183,183.0,0.0,59.84,12445.0,93.28,43.0,55.0,13.0,47.97,17.77,22.73,73.216,2008-2019,2008,2019,11,242,48.0,641.0,665.0,4.0,Jan-15,166.25,6.22,160.2,0.0,0.0,0.02,0.16,0.06,0.0,2008-2019,2008.0,2019.0,11.0,242.0,240.0,124.0,124.0,0.0,0.0,124.0,,0.516,0.51,0.51,0.0,True,True,All-rounder
V Mehra (UAE),1994-1996,1994.0,1996.0,3.0,6.0,6.0,1.0,92.0,43,43.0,0.0,18.4,202.0,45.54,0.0,0.0,0.0,15.33,0.0,0.0,29.256,1994-1996,1994,1996,2,6,,,,,-,,,,,,,,,,,,,,,,,,,,,,,,,,True,True,All-rounder
V Permaul (WI),2012-2017,2012.0,2017.0,6.0,7.0,4.0,1.0,19.0,10,10.0,0.0,6.33,26.0,73.07,0.0,0.0,0.0,2.71,0.0,0.0,33.026,2012-2017,2012,2017,5,7,7.0,331.0,271.0,8.0,Mar-40,33.87,4.91,41.3,0.0,0.0,1.14,0.2,0.86,0.0,,,,,,,,,,,,,,,,,True,True,All-rounder
V Pollard (NZ),1973-1974,1973.0,1974.0,2.0,3.0,2.0,0.0,67.0,55,55.0,0.0,33.5,145.0,46.2,0.0,1.0,0.0,22.33,0.0,33.33,38.58,1973-1974,1973,1974,1,3,,,,,-,,,,,,,,,,,,,,,,,,,,,,,,,,True,True,All-rounder
V Rathour (INDIA),1996-1997,1996.0,1997.0,2.0,7.0,7.0,0.0,193.0,54,54.0,0.0,27.57,331.0,58.3,0.0,2.0,0.0,27.57,0.0,28.57,39.862,1996-1997,1996,1997,1,7,,,,,-,,,,,,,,,,,,,,,,,,,,,,,,,,True,True,All-rounder
V Razdan (INDIA),1989-1990,1989.0,1990.0,2.0,3.0,3.0,1.0,23.0,18,18.0,0.0,11.5,27.0,85.18,0.0,0.0,0.0,7.67,0.0,0.0,40.972,1989-1990,1989,1990,1,3,3.0,84.0,77.0,1.0,Jan-37,77.0,5.5,84.0,0.0,0.0,0.33,0.18,0.29,0.0,,,,,,,,,,,,,,,,,True,True,All-rounder
V Sehwag (Asia/ICC/INDIA),1999-2013,1999.0,2013.0,15.0,251.0,245.0,9.0,8273.0,219,219.0,0.0,35.05,7929.0,104.33,15.0,38.0,14.0,32.96,5.98,15.14,62.762,1999-2013,1999,2013,14,251,146.0,4392.0,3853.0,96.0,04-Jun,40.13,5.26,45.7,1.0,0.0,0.38,0.19,0.32,0.0,,,,,,,,,,,,,,,,,True,True,All-rounder
V Shankar (INDIA),2019-2019,2019.0,2019.0,1.0,12.0,8.0,1.0,223.0,46,46.0,0.0,31.85,246.0,90.65,0.0,0.0,0.0,18.58,0.0,0.0,55.37,2019-2019,2019,2019,0,12,9.0,233.0,210.0,4.0,Feb-15,52.5,5.4,58.2,0.0,0.0,0.33,0.19,0.29,0.0,,,,,,,,,,,,,,,,,True,True,All-rounder
V Shetty (UAE),2008-2014,2008.0,2014.0,7.0,2.0,2.0,0.0,16.0,9,9.0,0.0,8.0,29.0,55.17,0.0,0.0,0.0,8.0,0.0,0.0,26.868,2008-2014,2008,2014,6,2,,,,,-,,,,,,,,,,,,,,,,,,,,,,,,,,True,True,All-rounder
V Sibanda (Afr/ZIM),2003-2016,2003.0,2016.0,14.0,127.0,126.0,4.0,2994.0,116,116.0,0.0,24.54,4716.0,63.48,2.0,21.0,14.0,23.57,1.57,16.54,40.116,2003-2016,2003,2016,13,127,11.0,267.0,265.0,3.0,01-Dec,88.33,5.95,89.0,0.0,0.0,0.02,0.17,0.07,0.0,,,,,,,,,,,,,,,,,True,True,All-rounder
V Yadav (INDIA),1992-1994,1992.0,1994.0,3.0,19.0,12.0,2.0,118.0,34*,34.0,1.0,11.8,116.0,101.72,0.0,0.0,2.0,6.21,0.0,0.0,47.768,1992-1994,1992,1994,2,19,,,,,-,,,,,,,,,,,,,,,,,,,,,,,,,,True,True,All-rounder
VA Holder (WI),1973-1978,1973.0,1978.0,6.0,12.0,6.0,1.0,64.0,30,30.0,0.0,12.8,85.0,75.29,0.0,0.0,1.0,5.33,0.0,0.0,37.796,1973-1978,1973,1978,5,12,12.0,681.0,454.0,19.0,May-50,23.89,4.0,35.8,0.0,1.0,1.58,0.25,1.18,0.083,,,,,,,,,,,,,,,,,True,True,All-rounder
VAB Tewarie (NL),2011-2011,2011.0,2011.0,1.0,1.0,1.0,0.0,4.0,4,4.0,0.0,4.0,22.0,18.18,0.0,0.0,0.0,4.0,0.0,0.0,9.672,2011-2011,2011,2011,0,1,,,,,-,,,,,,,,,,,,,,,,,,,,,,,,,,True,True,All-rounder
VB Chandrasekhar (INDIA),1988-1990,1988.0,1990.0,3.0,7.0,7.0,0.0,88.0,53,53.0,0.0,12.57,162.0,54.32,0.0,1.0,0.0,12.57,0.0,14.29,29.27,1988-1990,1988,1990,2,7,,,,,-,,,,,,,,,,,,,,,,,,,,,,,,,,True,True,All-rounder
VB John (SL),1982-1987,1982.0,1987.0,6.0,45.0,19.0,10.0,84.0,15,15.0,0.0,9.33,152.0,55.26,0.0,0.0,3.0,1.87,0.0,0.0,27.702,1982-1987,1982,1987,5,45,45.0,2311.0,1655.0,34.0,Mar-28,48.67,4.29,67.9,0.0,0.0,0.76,0.23,0.6,0.0,,,,,,,,,,,,,,,,,True,True,All-rounder
VB van Jaarsveld (SA),2009-2009,2009.0,2009.0,1.0,2.0,2.0,0.0,9.0,5,5.0,0.0,4.5,15.0,60.0,0.0,0.0,0.0,4.5,0.0,0.0,26.7,2009-2009,2009,2009,0,2,,,,,-,,,,,,,,,,,,,,,,,,,,,,,,,,True,True,All-rounder
VC Drakes (WI),1995-2004,1995.0,2004.0,10.0,34.0,17.0,5.0,94.0,25,25.0,0.0,7.83,174.0,54.02,0.0,0.0,2.0,2.76,0.0,0.0,26.306,1995-2004,1995,2004,9,34,34.0,1640.0,1293.0,51.0,May-33,25.35,4.73,32.1,3.0,2.0,1.5,0.21,1.11,0.059,,,,,,,,,,,,,,,,,True,True,All-rounder
VD Grandia (NL),2002-2002,2002.0,2002.0,1.0,1.0,1.0,0.0,0.0,0,0.0,0.0,0.0,5.0,0.0,0.0,0.0,1.0,0.0,0.0,0.0,0.0,2002-2002,2002,2002,0,1,1.0,30.0,40.0,1.0,Jan-40,40.0,8.0,30.0,0.0,0.0,1.0,0.13,0.74,0.0,,,,,,,,,,,,,,,,,True,True,All-rounder
VD Philander (SA),2007-2015,2007.0,2015.0,9.0,30.0,19.0,7.0,151.0,30*,30.0,1.0,12.58,213.0,70.89,0.0,0.0,3.0,5.03,0.0,0.0,35.904,2007-2015,2007,2015,8,30,28.0,1279.0,986.0,41.0,04-Dec,24.04,4.62,31.1,2.0,0.0,1.37,0.22,1.02,0.0,,,,,,,,,,,,,,,,,True,True,All-rounder
VG Kambli (INDIA),1991-2000,1991.0,2000.0,10.0,104.0,97.0,21.0,2477.0,106,106.0,0.0,32.59,3443.0,71.94,2.0,14.0,4.0,23.82,1.92,13.46,48.33,1991-2000,1991,2000,9,104,1.0,4.0,7.0,1.0,01-Jul,7.0,10.5,4.0,0.0,0.0,0.01,0.1,0.04,0.0,,,,,,,,,,,,,,,,,True,True,All-rounder
VJ Kingma (NL),,,,,,,,,,,,,,,,,,,,,,2014-2019,2014,2019,5,3,3.0,126.0,107.0,2.0,Jan-47,53.5,5.09,63.0,0.0,0.0,0.67,0.2,0.53,0.0,,,,,,,,,,,,,,,,,False,True,Bowler
VJ Marks (ENG),1980-1988,1980.0,1988.0,9.0,34.0,24.0,3.0,285.0,44,44.0,0.0,13.57,434.0,65.66,0.0,0.0,0.0,8.38,0.0,0.0,34.406,1980-1988,1980,1988,8,34,32.0,1838.0,1135.0,44.0,May-20,25.79,3.7,41.7,0.0,2.0,1.29,0.27,0.99,0.059,,,,,,,,,,,,,,,,,True,True,All-rounder
VJ Wells (ENG),1999-1999,1999.0,1999.0,1.0,9.0,7.0,0.0,141.0,39,39.0,0.0,20.14,253.0,55.73,0.0,0.0,0.0,15.67,0.0,0.0,34.376,1999-1999,1999,1999,0,9,8.0,220.0,189.0,8.0,Mar-30,23.62,5.15,27.5,0.0,0.0,0.89,0.19,0.68,0.0,,,,,,,,,,,,,,,,,True,True,All-rounder
VR Aaron (INDIA),2011-2014,2011.0,2014.0,4.0,9.0,3.0,2.0,8.0,6*,6.0,1.0,8.0,15.0,53.33,0.0,0.0,1.0,0.89,0.0,0.0,26.132,2011-2014,2011,2014,3,9,9.0,380.0,419.0,11.0,Mar-24,38.09,6.61,34.5,0.0,0.0,1.22,0.15,0.9,0.0,,,,,,,,,,,,,,,,,True,True,All-rounder
VR Brown (NZ),1988-1988,1988.0,1988.0,1.0,3.0,3.0,0.0,44.0,32,32.0,0.0,14.66,85.0,51.76,0.0,0.0,0.0,14.67,0.0,0.0,29.5,1988-1988,1988,1988,0,3,2.0,66.0,75.0,1.0,Jan-24,75.0,6.81,66.0,0.0,0.0,0.33,0.15,0.28,0.0,,,,,,,,,,,,,,,,,True,True,All-rounder
VR Hogg (ZIM),1983-1983,1983.0,1983.0,1.0,2.0,1.0,1.0,7.0,7*,7.0,1.0,,19.0,36.84,0.0,0.0,0.0,3.5,0.0,0.0,,1983-1983,1983,1983,0,2,2.0,90.0,49.0,0.0,-,,3.26,,0.0,0.0,0.0,0.31,0.09,0.0,,,,,,,,,,,,,,,,,True,True,All-rounder
VRV Singh (INDIA),2006-2006,2006.0,2006.0,1.0,2.0,1.0,0.0,8.0,8,8.0,0.0,8.0,13.0,61.53,0.0,0.0,0.0,4.0,0.0,0.0,29.412,2006-2006,2006,2006,0,2,2.0,72.0,105.0,0.0,-,,8.75,,0.0,0.0,0.0,0.11,0.03,0.0,,,,,,,,,,,,,,,,,True,True,All-rounder
VS Solanki (ENG),2000-2006,2000.0,2006.0,7.0,51.0,46.0,5.0,1097.0,106,106.0,0.0,26.75,1504.0,72.93,2.0,5.0,2.0,21.51,3.92,9.8,45.222,2000-2006,2000,2006,6,51,7.0,111.0,105.0,1.0,Jan-17,105.0,5.67,111.0,0.0,0.0,0.02,0.18,0.07,0.0,,,,,,,,,,,,,,,,,True,True,All-rounder
VV Morea (PNG),2014-2018,2014.0,2018.0,5.0,13.0,13.0,1.0,313.0,65*,65.0,1.0,26.08,460.0,68.04,0.0,3.0,1.0,24.08,0.0,23.08,42.864,2014-2018,2014,2018,4,13,,,,,-,,,,,,,,,,,,,,,,,,,,,,,,,,True,True,All-rounder
VVS Laxman (INDIA),1998-2006,1998.0,2006.0,9.0,86.0,83.0,7.0,2338.0,131,131.0,0.0,30.76,3282.0,71.23,6.0,10.0,3.0,27.19,6.98,11.63,46.948,1998-2006,1998,2006,8,86,4.0,42.0,40.0,0.0,-,,5.71,,0.0,0.0,0.0,0.18,0.05,0.0,,,,,,,,,,,,,,,,,True,True,All-rounder
W Barresi (NL),2010-2019,2010.0,2019.0,10.0,32.0,31.0,5.0,927.0,137*,137.0,1.0,35.65,1225.0,75.67,1.0,6.0,4.0,28.97,3.13,18.75,51.658,2010-2019,2010,2019,9,32,3.0,30.0,37.0,0.0,-,,7.4,,0.0,0.0,0.0,0.14,0.04,0.0,,,,,,,,,,,,,,,,,True,True,All-rounder
W Jaffer (INDIA),2006-2006,2006.0,2006.0,1.0,2.0,2.0,0.0,10.0,10,10.0,0.0,5.0,23.0,43.47,0.0,0.0,1.0,5.0,0.0,0.0,20.388,2006-2006,2006,2006,0,2,,,,,-,,,,,,,,,,,,,,,,,,,,,,,,,,True,True,All-rounder
W Larkins (ENG),1979-1991,1979.0,1991.0,13.0,25.0,24.0,0.0,591.0,124,124.0,0.0,24.62,1047.0,56.44,1.0,0.0,3.0,23.64,4.0,0.0,37.348,1979-1991,1979,1991,12,25,2.0,15.0,22.0,0.0,-,,8.8,,0.0,0.0,0.0,0.11,0.03,0.0,,,,,,,,,,,,,,,,,True,True,All-rounder
W Mwayenga (ZIM),2002-2004,2002.0,2004.0,3.0,3.0,2.0,0.0,1.0,1,1.0,0.0,0.5,11.0,9.09,0.0,0.0,1.0,0.33,0.0,0.0,3.936,2002-2004,2002,2004,2,3,3.0,126.0,157.0,1.0,Jan-61,157.0,7.47,126.0,0.0,0.0,0.33,0.13,0.27,0.0,,,,,,,,,,,,,,,,,True,True,All-rounder
W Watson (NZ),1986-1994,1986.0,1994.0,9.0,61.0,24.0,13.0,86.0,21,21.0,0.0,7.81,180.0,47.77,0.0,0.0,3.0,1.41,0.0,0.0,23.794,1986-1994,1986,1994,8,61,61.0,3251.0,2247.0,74.0,Apr-27,30.36,4.14,43.9,1.0,0.0,1.21,0.24,0.92,0.0,,,,,,,,,,,,,,,,,True,True,All-rounder
WA Wisneski (NZ),2000-2000,2000.0,2000.0,1.0,3.0,2.0,1.0,10.0,6,6.0,0.0,10.0,17.0,58.82,0.0,0.0,0.0,3.33,0.0,0.0,29.528,2000-2000,2000,2000,0,3,3.0,114.0,123.0,0.0,-,,6.47,,0.0,0.0,0.0,0.15,0.05,0.0,,,,,,,,,,,,,,,,,True,True,All-rounder
WB Phillips (AUS),1982-1986,1982.0,1986.0,5.0,48.0,41.0,6.0,852.0,75*,75.0,1.0,24.34,994.0,85.71,0.0,6.0,1.0,17.75,0.0,12.5,48.888,1982-1986,1982,1986,4,48,,,,,-,,,,,,,,,,,,,,,,,,,,,,,,,,True,True,All-rounder
WB Rankin (ENG/IRE),2007-2019,2007.0,2019.0,13.0,73.0,32.0,19.0,86.0,18*,18.0,1.0,6.61,198.0,43.43,0.0,0.0,4.0,1.18,0.0,0.0,21.338,2007-2019,2007,2019,12,73,71.0,3600.0,2893.0,104.0,Apr-15,27.81,4.82,34.6,4.0,0.0,1.42,0.21,1.06,0.0,,,,,,,,,,,,,,,,,True,True,All-rounder
WCA Ganegama (SL),2001-2006,2001.0,2006.0,6.0,4.0,2.0,0.0,7.0,7,7.0,0.0,3.5,9.0,77.77,0.0,0.0,1.0,1.75,0.0,0.0,33.208,2001-2006,2001,2006,5,4,3.0,66.0,88.0,2.0,Feb-27,44.0,8.0,33.0,0.0,0.0,0.5,0.13,0.39,0.0,,,,,,,,,,,,,,,,,True,True,All-rounder
WD Balaji Rao (CAN),2008-2011,2008.0,2011.0,4.0,10.0,8.0,0.0,59.0,24,24.0,0.0,7.37,89.0,66.29,0.0,0.0,0.0,5.9,0.0,0.0,30.938,2008-2011,2008,2011,3,10,10.0,474.0,448.0,12.0,Apr-57,37.33,5.67,39.5,1.0,0.0,1.2,0.18,0.89,0.0,,,,,,,,,,,,,,,,,True,True,All-rounder
WD Parnell (SA),2009-2017,2009.0,2017.0,9.0,65.0,38.0,14.0,508.0,56,56.0,0.0,21.16,648.0,78.39,0.0,1.0,3.0,7.82,0.0,1.54,44.052,2009-2017,2009,2017,8,65,61.0,2911.0,2738.0,94.0,May-48,29.12,5.64,30.9,3.0,2.0,1.45,0.18,1.07,0.031,,,,,,,,,,,,,,,,,True,True,All-rounder
WF Stelling (NL),2006-2007,2006.0,2007.0,2.0,15.0,11.0,5.0,180.0,44,44.0,0.0,30.0,272.0,66.17,0.0,0.0,1.0,12.0,0.0,0.0,44.468,2006-2007,2006,2007,1,15,15.0,699.0,567.0,22.0,03-Dec,25.77,4.86,31.7,0.0,0.0,1.47,0.21,1.09,0.0,,,,,,,,,,,,,,,,,True,True,All-rounder
WIA Fernando (SL),2016-2019,2016.0,2019.0,4.0,15.0,15.0,0.0,447.0,104,104.0,0.0,29.8,464.0,96.33,1.0,2.0,2.0,29.8,6.67,13.33,56.412,2016-2019,2016,2019,3,15,,,,,-,,,,,,,,,,,,,,,,,,,,,,,,,,True,True,All-rounder
WJ Cronje (SA),1992-2000,1992.0,2000.0,9.0,188.0,175.0,31.0,5565.0,112,112.0,0.0,38.64,7277.0,76.47,2.0,39.0,8.0,29.6,1.06,20.74,53.772,1992-2000,1992,2000,8,188,153.0,5357.0,3966.0,114.0,May-32,34.78,4.44,46.9,1.0,1.0,0.61,0.23,0.49,0.005,,,,,,,,,,,,,,,,,True,True,All-rounder
WJ Edwards (AUS),1975-1975,1975.0,1975.0,1.0,1.0,1.0,0.0,2.0,2,2.0,0.0,2.0,14.0,14.28,0.0,0.0,0.0,2.0,0.0,0.0,6.912,1975-1975,1975,1975,0,1,1.0,1.0,0.0,0.0,-,,0.0,,0.0,0.0,0.0,,,0.0,,,,,,,,,,,,,,,,,True,True,All-rounder
WK Lees (NZ),1979-1983,1979.0,1983.0,5.0,31.0,24.0,5.0,215.0,26,26.0,0.0,11.31,307.0,70.03,0.0,0.0,1.0,6.94,0.0,0.0,34.798,1979-1983,1979,1983,4,31,,,,,-,,,,,,,,,,,,,,,,,,,,,,,,,,True,True,All-rounder
WK McCallan (IRE),2006-2009,2006.0,2009.0,4.0,39.0,28.0,10.0,361.0,50*,50.0,1.0,20.05,419.0,86.15,0.0,1.0,5.0,9.26,0.0,2.56,46.49,2006-2009,2006,2009,3,39,35.0,1804.0,1208.0,39.0,Apr-30,30.97,4.01,46.2,2.0,0.0,1.0,0.25,0.77,0.0,,,,,,,,,,,,,,,,,True,True,All-rounder
WKM Benjamin (WI),1986-1995,1986.0,1995.0,10.0,85.0,52.0,12.0,298.0,31,31.0,0.0,7.45,406.0,73.39,0.0,0.0,10.0,3.51,0.0,0.0,33.826,1986-1995,1986,1995,9,85,85.0,4442.0,3079.0,100.0,May-22,30.79,4.15,44.4,0.0,1.0,1.18,0.24,0.9,0.012,,,,,,,,,,,,,,,,,True,True,All-rounder
WM Clark (AUS),,,,,,,,,,,,,,,,,,,,,,1978-1978,1978,1978,0,2,2.0,100.0,61.0,3.0,Feb-39,20.33,3.66,33.3,0.0,0.0,1.5,0.27,1.13,0.0,,,,,,,,,,,,,,,,,False,True,Bowler
WM Darling (AUS),1978-1982,1978.0,1982.0,5.0,18.0,18.0,1.0,363.0,74,74.0,0.0,21.35,679.0,53.46,0.0,1.0,0.0,20.17,0.0,5.56,34.194,1978-1982,1978,1982,4,18,,,,,-,,,,,,,,,,,,,,,,,,,,,,,,,,True,True,All-rounder
WM Lawry (AUS),1971-1971,1971.0,1971.0,1.0,1.0,1.0,0.0,27.0,27,27.0,0.0,27.0,49.0,55.1,0.0,0.0,0.0,27.0,0.0,0.0,38.24,1971-1971,1971,1971,0,1,,,,,-,,,,,,,,,,,,,,,,,,,,,,,,,,True,True,All-rounder
WN Slack (ENG),1986-1986,1986.0,1986.0,1.0,2.0,2.0,0.0,43.0,34,34.0,0.0,21.5,85.0,50.58,0.0,0.0,0.0,21.5,0.0,0.0,33.132,1986-1986,1986,1986,0,2,,,,,-,,,,,,,,,,,,,,,,,,,,,,,,,,True,True,All-rounder
WP Diepeveen (NL),2011-2011,2011.0,2011.0,1.0,1.0,1.0,0.0,6.0,6,6.0,0.0,6.0,7.0,85.71,0.0,0.0,0.0,6.0,0.0,0.0,37.884,2011-2011,2011,2011,0,1,,,,,-,,,,,,,,,,,,,,,,,,,,,,,,,,True,True,All-rounder
WP Masakadza (ZIM),2015-2018,2015.0,2018.0,4.0,17.0,10.0,1.0,53.0,15,15.0,0.0,5.88,125.0,42.4,0.0,0.0,3.0,3.12,0.0,0.0,20.488,2015-2018,2015,2018,3,17,16.0,859.0,734.0,21.0,Apr-21,34.95,5.12,40.9,1.0,0.0,1.24,0.2,0.92,0.0,,,,,,,,,,,,,,,,,True,True,All-rounder
WP Saha (INDIA),2010-2014,2010.0,2014.0,5.0,9.0,5.0,2.0,41.0,16,16.0,0.0,13.66,56.0,73.21,0.0,0.0,0.0,4.56,0.0,0.0,37.48,2010-2014,2010,2014,4,9,,,,,-,,,,,,,,,,,,,,,,,,,,,,,,,,True,True,All-rounder
WPUJC Vaas (Asia/SL),1994-2008,1994.0,2008.0,15.0,322.0,220.0,72.0,2025.0,50*,50.0,1.0,13.68,2796.0,72.42,0.0,1.0,25.0,6.29,0.0,0.31,37.176,1994-2008,1994,2008,14,322,320.0,15775.0,11014.0,400.0,Aug-19,27.53,4.18,39.4,9.0,4.0,1.24,0.24,0.94,0.012,,,,,,,,,,,,,,,,,True,True,All-rounder
WR James (ZIM),1992-1996,1992.0,1996.0,5.0,11.0,8.0,1.0,101.0,29,29.0,0.0,14.42,255.0,39.6,0.0,0.0,1.0,9.18,0.0,0.0,24.492,1992-1996,1992,1996,4,11,,,,,-,,,,,,,,,,,,,,,,,,,,,,,,,,True,True,All-rounder
WS Jayantha (SL),2004-2004,2004.0,2004.0,1.0,17.0,17.0,2.0,400.0,74*,74.0,1.0,26.66,530.0,75.47,0.0,2.0,2.0,23.53,0.0,11.76,46.184,2004-2004,2004,2004,0,17,6.0,55.0,46.0,0.0,-,,5.01,,0.0,0.0,0.0,0.2,0.06,0.0,,,,,,,,,,,,,,,,,True,True,All-rounder
WT Gavera (PNG),2014-2017,2014.0,2017.0,4.0,4.0,1.0,1.0,4.0,4*,4.0,1.0,,6.0,66.66,0.0,0.0,0.0,1.0,0.0,0.0,,2014-2017,2014,2017,3,4,4.0,192.0,160.0,5.0,Mar-49,32.0,5.0,38.4,0.0,0.0,1.25,0.2,0.94,0.0,,,,,,,,,,,,,,,,,True,True,All-rounder
WTS Porterfield (IRE),2006-2019,2006.0,2019.0,14.0,136.0,133.0,3.0,4037.0,139,139.0,0.0,31.05,5818.0,69.38,11.0,17.0,9.0,29.68,8.09,12.5,46.382,2006-2019,2006,2019,13,136,,,,,-,,,,,,,,,,,,,,,,,,,,,,,,,,True,True,All-rounder
WU Tharanga (Asia/SL),2005-2019,2005.0,2019.0,15.0,235.0,223.0,17.0,6951.0,174*,174.0,1.0,33.74,9155.0,75.92,15.0,37.0,17.0,29.58,6.38,15.74,50.612,2005-2019,2005,2019,14,235,,,,,-,,,,,,,,,,,,,,,,,,,,,,,,,,True,True,All-rounder
WV Raman (INDIA),1988-1996,1988.0,1996.0,9.0,27.0,27.0,1.0,617.0,114,114.0,0.0,23.73,1109.0,55.63,1.0,3.0,6.0,22.85,3.7,11.11,36.49,1988-1996,1988,1996,8,27,7.0,162.0,170.0,2.0,Jan-23,85.0,6.29,81.0,0.0,0.0,0.07,0.16,0.1,0.0,,,,,,,,,,,,,,,,,True,True,All-rounder
WW Daniel (WI),1978-1984,1978.0,1984.0,7.0,18.0,5.0,4.0,49.0,16*,16.0,1.0,49.0,56.0,87.5,0.0,0.0,0.0,2.72,0.0,0.0,64.4,1978-1984,1978,1984,6,18,18.0,912.0,595.0,23.0,Mar-27,25.86,3.91,39.6,0.0,0.0,1.28,0.26,0.97,0.0,,,,,,,,,,,,,,,,,True,True,All-rounder
WW Davis (WI),1983-1988,1983.0,1988.0,6.0,35.0,5.0,3.0,28.0,10,10.0,0.0,14.0,53.0,52.83,0.0,0.0,0.0,0.8,0.0,0.0,29.532,1983-1988,1983,1988,5,35,35.0,1923.0,1302.0,39.0,Jul-51,33.38,4.06,49.3,0.0,1.0,1.11,0.25,0.85,0.029,,,,,,,,,,,,,,,,,True,True,All-rounder
WW Hinds (WI),1999-2010,1999.0,2010.0,12.0,119.0,111.0,10.0,2880.0,127*,127.0,1.0,28.51,4393.0,65.55,5.0,14.0,8.0,24.2,4.2,11.76,43.326,1999-2010,1999,2010,11,119,34.0,945.0,837.0,28.0,Mar-24,29.89,5.31,33.7,0.0,0.0,0.24,0.19,0.22,0.0,,,,,,,,,,,,,,,,,True,True,All-rounder
Wahab Riaz (PAK),2008-2019,2008.0,2019.0,12.0,89.0,64.0,15.0,680.0,54*,54.0,1.0,13.87,787.0,86.4,0.0,2.0,12.0,7.64,0.0,2.25,42.882,2008-2019,2008,2019,11,89,88.0,4209.0,4011.0,115.0,May-46,34.87,5.71,36.6,4.0,1.0,1.29,0.18,0.96,0.011,,,,,,,,,,,,,,,,,True,True,All-rounder
Waheed Ahmed (UAE),2019-2019,2019.0,2019.0,1.0,2.0,2.0,0.0,23.0,17,17.0,0.0,11.5,51.0,45.09,0.0,0.0,0.0,11.5,0.0,0.0,24.936,2019-2019,2019,2019,0,2,2.0,30.0,29.0,1.0,Jan-20,29.0,5.8,30.0,0.0,0.0,0.5,0.17,0.4,0.0,,,,,,,,,,,,,,,,,True,True,All-rounder
Wahidul Gani (BDESH),,,,,,,,,,,,,,,,,,,,,,1988-1988,1988,1988,0,1,1.0,36.0,32.0,0.0,-,,5.33,,0.0,0.0,0.0,0.19,0.06,0.0,,,,,,,,,,,,,,,,,False,True,Bowler
Wajahatullah Wasti (PAK),1999-2000,1999.0,2000.0,2.0,15.0,15.0,0.0,349.0,84,84.0,0.0,23.26,713.0,48.94,0.0,1.0,1.0,23.27,0.0,6.67,33.532,1999-2000,1999,2000,1,15,3.0,55.0,69.0,3.0,Mar-36,23.0,7.52,18.3,0.0,0.0,0.2,0.13,0.18,0.0,,,,,,,,,,,,,,,,,True,True,All-rounder
Waqar Younis (PAK),1989-2003,1989.0,2003.0,15.0,262.0,139.0,45.0,969.0,37,37.0,0.0,10.3,1445.0,67.05,0.0,0.0,15.0,3.7,0.0,0.0,33.0,1989-2003,1989,2003,14,262,258.0,12698.0,9919.0,416.0,Jul-36,23.84,4.68,30.5,14.0,13.0,1.59,0.21,1.18,0.05,,,,,,,,,,,,,,,,,True,True,All-rounder
Waqas Barkat (HKG),2014-2018,2014.0,2018.0,5.0,10.0,10.0,2.0,102.0,27,27.0,0.0,12.75,184.0,55.43,0.0,0.0,3.0,10.2,0.0,0.0,29.822,2014-2018,2014,2018,4,10,4.0,90.0,75.0,0.0,-,,5.0,,0.0,0.0,0.0,0.2,0.06,0.0,,,,,,,,,,,,,,,,,True,True,All-rounder
Waqas Khan (HKG),2015-2017,2015.0,2017.0,3.0,8.0,5.0,1.0,67.0,35*,35.0,1.0,16.75,137.0,48.9,0.0,0.0,0.0,8.38,0.0,0.0,29.61,2015-2017,2015,2017,2,8,,,,,-,,,,,,,,,,,,,,,,,,,,,,,,,,True,True,All-rounder
Washington Sundar (INDIA),,,,,,,,,,,,,,,,,,,,,,2017-2017,2017,2017,0,1,1.0,60.0,65.0,1.0,Jan-65,65.0,6.5,60.0,0.0,0.0,1.0,0.15,0.75,0.0,,,,,,,,,,,,,,,,,False,True,Bowler
Wasim Akram (PAK),1984-2003,1984.0,2003.0,20.0,356.0,280.0,55.0,3717.0,86,86.0,0.0,16.52,4208.0,88.33,0.0,6.0,28.0,10.44,0.0,1.69,45.244,1984-2003,1984,2003,19,356,351.0,18186.0,11812.0,502.0,May-15,23.52,3.89,36.2,17.0,6.0,1.41,0.26,1.06,0.017,,,,,,,,,,,,,,,,,True,True,All-rounder
Wasim Bari (PAK),1973-1984,1973.0,1984.0,12.0,51.0,26.0,13.0,221.0,34,34.0,0.0,17.0,431.0,51.27,0.0,0.0,0.0,4.33,0.0,0.0,30.708,1973-1984,1973,1984,11,51,,,,,-,,,,,,,,,,,,,,,,,,,,,,,,,,True,True,All-rounder
Wasim Haider (PAK),1992-1992,1992.0,1992.0,1.0,3.0,2.0,0.0,26.0,13,13.0,0.0,13.0,70.0,37.14,0.0,0.0,0.0,8.67,0.0,0.0,22.656,1992-1992,1992,1992,0,3,3.0,114.0,79.0,1.0,Jan-36,79.0,4.15,114.0,0.0,0.0,0.33,0.24,0.31,0.0,,,,,,,,,,,,,,,,,True,True,All-rounder
Wasim Raja (PAK),1973-1985,1973.0,1985.0,13.0,54.0,45.0,10.0,782.0,60,60.0,0.0,22.34,1168.0,66.95,0.0,2.0,6.0,14.48,0.0,3.7,40.184,1973-1985,1973,1985,12,54,29.0,1036.0,687.0,21.0,Apr-25,32.71,3.97,49.3,1.0,0.0,0.39,0.25,0.35,0.0,,,,,,,,,,,,,,,,,True,True,All-rounder
XJ Doherty (AUS),2010-2015,2010.0,2015.0,6.0,60.0,23.0,16.0,101.0,15*,15.0,1.0,14.42,184.0,54.89,0.0,0.0,2.0,1.68,0.0,0.0,30.608,2010-2015,2010,2015,5,60,56.0,2792.0,2224.0,55.0,Apr-28,40.43,4.77,50.7,3.0,0.0,0.92,0.21,0.7,0.0,,,,,,,,,,,,,,,,,True,True,All-rounder
XM Marshall (USA/WI),2005-2019,2005.0,2019.0,15.0,33.0,33.0,3.0,542.0,157*,157.0,1.0,18.06,810.0,66.91,1.0,1.0,6.0,16.42,3.03,3.03,37.6,2005-2019,2005,2019,14,33,2.0,9.0,6.0,0.0,-,,4.0,,0.0,0.0,0.0,0.25,0.08,0.0,,,,,,,,,,,,,,,,,True,True,All-rounder
Y Goonasekera (SL),1983-1983,1983.0,1983.0,1.0,3.0,3.0,0.0,69.0,35,35.0,0.0,23.0,104.0,66.34,0.0,0.0,0.0,23.0,0.0,0.0,40.336,1983-1983,1983,1983,0,3,2.0,36.0,35.0,1.0,Jan-24,35.0,5.83,36.0,0.0,0.0,0.33,0.17,0.28,0.0,,,,,,,,,,,,,,,,,True,True,All-rounder
Y Punja (UAE),2015-2015,2015.0,2015.0,1.0,1.0,1.0,0.0,1.0,1,1.0,0.0,1.0,6.0,16.66,0.0,0.0,0.0,1.0,0.0,0.0,7.264,2015-2015,2015,2015,0,1,1.0,36.0,49.0,0.0,-,,8.16,,0.0,0.0,0.0,0.12,0.04,0.0,,,,,,,,,,,,,,,,,True,True,All-rounder
Y Venugopal Rao (INDIA),2005-2006,2005.0,2006.0,2.0,16.0,11.0,2.0,218.0,61*,61.0,1.0,24.22,363.0,60.05,0.0,1.0,2.0,13.63,0.0,6.25,38.552,2005-2006,2005,2006,1,16,,,,,-,,,,,,,,,,,,,,,,,,,,,,,,,,True,True,All-rounder
YK Pathan (INDIA),2008-2012,2008.0,2012.0,5.0,57.0,41.0,11.0,810.0,123*,123.0,1.0,27.0,713.0,113.6,2.0,3.0,7.0,14.21,3.51,5.26,61.64,2008-2012,2008,2012,4,57,50.0,1490.0,1365.0,33.0,Mar-49,41.36,5.49,45.1,0.0,0.0,0.58,0.18,0.46,0.0,,,,,,,,,,,,,,,,,True,True,All-rounder
YS Chahal (INDIA),2016-2019,2016.0,2019.0,4.0,50.0,8.0,3.0,39.0,18*,18.0,1.0,7.8,72.0,54.16,0.0,0.0,1.0,0.78,0.0,0.0,26.344,2016-2019,2016,2019,3,50,49.0,2659.0,2246.0,85.0,Jun-42,26.42,5.06,31.2,2.0,2.0,1.7,0.2,1.25,0.04,,,,,,,,,,,,,,,,,True,True,All-rounder
Yamin Ahmadzai (AFG),2015-2019,2015.0,2019.0,5.0,4.0,2.0,1.0,3.0,3*,3.0,1.0,3.0,19.0,15.78,0.0,0.0,1.0,0.75,0.0,0.0,8.112,2015-2019,2015,2019,4,4,4.0,160.0,139.0,2.0,Jan-23,69.5,5.21,80.0,0.0,0.0,0.5,0.19,0.41,0.0,,,,,,,,,,,,,,,,,True,True,All-rounder
Yashpal Sharma (INDIA),1978-1985,1978.0,1985.0,8.0,42.0,40.0,9.0,883.0,89,89.0,0.0,28.48,1401.0,63.02,0.0,4.0,0.0,21.02,0.0,9.52,42.296,1978-1985,1978,1985,7,42,8.0,201.0,199.0,1.0,Jan-27,199.0,5.94,201.0,0.0,0.0,0.02,0.17,0.07,0.0,,,,,,,,,,,,,,,,,True,True,All-rounder
Yasir Arafat (PAK),2000-2009,2000.0,2009.0,10.0,11.0,8.0,3.0,74.0,27,27.0,0.0,14.8,110.0,67.27,0.0,0.0,0.0,6.73,0.0,0.0,35.788,2000-2009,2000,2009,9,11,10.0,414.0,373.0,4.0,Jan-28,93.25,5.4,103.5,0.0,0.0,0.36,0.19,0.31,0.0,,,,,,,,,,,,,,,,,True,True,All-rounder
Yasir Hameed (PAK),2003-2007,2003.0,2007.0,5.0,56.0,56.0,1.0,2028.0,127*,127.0,1.0,36.87,3029.0,66.95,3.0,12.0,2.0,36.21,5.36,21.43,48.902,2003-2007,2003,2007,4,56,3.0,18.0,26.0,0.0,-,,8.66,,0.0,0.0,0.0,0.12,0.03,0.0,,,,,,,,,,,,,,,,,True,True,All-rounder
Yasir Shah (PAK),2011-2019,2011.0,2019.0,9.0,25.0,13.0,6.0,127.0,32*,32.0,1.0,18.14,149.0,85.23,0.0,0.0,2.0,5.08,0.0,0.0,44.976,2011-2019,2011,2019,8,25,24.0,1293.0,1150.0,24.0,Jun-26,47.91,5.33,53.8,1.0,1.0,0.96,0.19,0.73,0.04,,,,,,,,,,,,,,,,,True,True,All-rounder
Younis Ahmed (PAK),1987-1987,1987.0,1987.0,1.0,2.0,2.0,0.0,84.0,58,58.0,0.0,42.0,151.0,55.62,0.0,1.0,0.0,42.0,0.0,50.0,47.448,1987-1987,1987,1987,0,2,,,,,-,,,,,,,,,,,,,,,,,,,,,,,,,,True,True,All-rounder
Younis Khan (PAK),2000-2015,2000.0,2015.0,16.0,265.0,255.0,23.0,7249.0,144,144.0,0.0,31.24,9628.0,75.29,7.0,48.0,22.0,27.35,2.64,18.11,48.86,2000-2015,2000,2015,15,265,20.0,284.0,288.0,3.0,01-Mar,96.0,6.08,94.6,0.0,0.0,0.01,0.16,0.06,0.0,2000-2015,2000.0,2015.0,15.0,265.0,260.0,135.0,135.0,0.0,5.0,130.0,,0.519,0.51,0.51,0.0,True,True,All-rounder
Yunus Badat (EAf),1975-1975,1975.0,1975.0,1.0,2.0,2.0,0.0,1.0,1,1.0,0.0,0.5,7.0,14.28,0.0,0.0,1.0,0.5,0.0,0.0,6.012,1975-1975,1975,1975,0,2,,,,,-,,,,,,,,,,,,,,,,,,,,,,,,,,True,True,All-rounder
Yuvraj Singh (Asia/INDIA),2000-2017,2000.0,2017.0,18.0,304.0,278.0,40.0,8701.0,150,150.0,0.0,36.55,9924.0,87.67,14.0,52.0,18.0,28.62,4.61,17.11,56.998,2000-2017,2000,2017,17,304,161.0,5048.0,4294.0,111.0,May-31,38.68,5.1,45.4,2.0,1.0,0.37,0.2,0.31,0.003,,,,,,,,,,,,,,,,,True,True,All-rounder
Z Groenewald (NAM),2019-2019,2019.0,2019.0,1.0,4.0,2.0,1.0,4.0,3,3.0,0.0,4.0,19.0,21.05,0.0,0.0,0.0,1.0,0.0,0.0,10.82,2019-2019,2019,2019,0,4,4.0,198.0,130.0,11.0,May-20,11.81,3.93,18.0,0.0,1.0,2.75,0.25,2.0,0.25,,,,,,,,,,,,,,,,,True,True,All-rounder
Z Khan (Asia/INDIA),2000-2012,2000.0,2012.0,13.0,200.0,101.0,35.0,792.0,34*,34.0,1.0,12.0,1078.0,73.46,0.0,0.0,15.0,3.96,0.0,0.0,36.584,2000-2012,2000,2012,12,200,197.0,10097.0,8301.0,282.0,May-42,29.43,4.93,35.8,7.0,1.0,1.41,0.2,1.05,0.005,,,,,,,,,,,,,,,,,True,True,All-rounder
ZE Green (NAM),2019-2019,2019.0,2019.0,1.0,5.0,5.0,0.0,124.0,41,41.0,0.0,24.8,182.0,68.13,0.0,0.0,0.0,24.8,0.0,0.0,42.132,2019-2019,2019,2019,0,5,,,,,-,,,,,,,,,,,,,,,,,,,,,,,,,,True,True,All-rounder
ZE Surkari (CAN),2008-2011,2008.0,2011.0,4.0,23.0,22.0,3.0,328.0,49,49.0,0.0,17.26,656.0,50.0,0.0,0.0,1.0,14.26,0.0,0.0,30.356,2008-2011,2008,2011,3,23,,,,,-,,,,,,,,,,,,,,,,,,,,,,,,,,True,True,All-rounder
ZS Ansari (ENG),,,,,,,,,,,,,,,,,,,,,,2015-2015,2015,2015,0,1,,,,,-,,,,,,,,,,,,,,,,,,,,,,,,,,False,True,Bowler
Zafar Gohar (PAK),2015-2015,2015.0,2015.0,1.0,1.0,1.0,0.0,15.0,15,15.0,0.0,15.0,15.0,100.0,0.0,0.0,0.0,15.0,0.0,0.0,49.0,2015-2015,2015,2015,0,1,1.0,60.0,54.0,2.0,Feb-54,27.0,5.4,30.0,0.0,0.0,2.0,0.19,1.46,0.0,,,,,,,,,,,,,,,,,True,True,All-rounder
Zafar Iqbal (PAK),1995-1995,1995.0,1995.0,1.0,8.0,6.0,0.0,48.0,18,18.0,0.0,8.0,62.0,77.41,0.0,0.0,1.0,6.0,0.0,0.0,35.764,1995-1995,1995,1995,0,8,7.0,198.0,137.0,3.0,Feb-37,45.66,4.15,66.0,0.0,0.0,0.38,0.24,0.33,0.0,,,,,,,,,,,,,,,,,True,True,All-rounder
Zaheer Abbas (PAK),1974-1985,1974.0,1985.0,12.0,62.0,60.0,6.0,2572.0,123,123.0,0.0,47.62,3033.0,84.8,7.0,13.0,2.0,41.48,11.29,20.97,62.492,1974-1985,1974,1985,11,62,12.0,280.0,223.0,7.0,Feb-26,31.85,4.77,40.0,0.0,0.0,0.11,0.21,0.14,0.0,,,,,,,,,,,,,,,,,True,True,All-rounder
Zaheer Maqsood (UAE),2015-2015,2015.0,2015.0,1.0,2.0,2.0,2.0,13.0,8*,8.0,1.0,,46.0,28.26,0.0,0.0,0.0,6.5,0.0,0.0,,2015-2015,2015,2015,0,2,2.0,120.0,116.0,4.0,Feb-56,29.0,5.8,30.0,0.0,0.0,2.0,0.17,1.45,0.0,,,,,,,,,,,,,,,,,True,True,All-rounder
Zahid Ahmed (PAK),1987-1987,1987.0,1987.0,1.0,2.0,2.0,1.0,3.0,3*,3.0,1.0,3.0,13.0,23.07,0.0,0.0,1.0,1.5,0.0,0.0,11.028,1987-1987,1987,1987,0,2,2.0,96.0,61.0,3.0,Feb-24,20.33,3.81,32.0,0.0,0.0,1.5,0.26,1.13,0.0,,,,,,,,,,,,,,,,,True,True,All-rounder
Zahid Fazal (PAK),1990-1994,1990.0,1994.0,5.0,19.0,18.0,3.0,348.0,98*,98.0,1.0,23.2,584.0,59.58,0.0,2.0,0.0,18.32,0.0,10.53,37.752,1990-1994,1990,1994,4,19,,,,,-,,,,,,,,,,,,,,,,,,,,,,,,,,True,True,All-rounder
Zahid Hussain (CAN),2011-2011,2011.0,2011.0,1.0,2.0,2.0,1.0,9.0,7*,7.0,1.0,9.0,31.0,29.03,0.0,0.0,0.0,4.5,0.0,0.0,17.012,2011-2011,2011,2011,0,2,2.0,120.0,94.0,2.0,Jan-37,47.0,4.7,60.0,0.0,0.0,1.0,0.21,0.76,0.0,,,,,,,,,,,,,,,,,True,True,All-rounder
Zahid Razzak (BDESH),1988-1990,1988.0,1990.0,3.0,3.0,3.0,0.0,14.0,6,6.0,0.0,4.66,44.0,31.81,0.0,0.0,0.0,4.67,0.0,0.0,15.52,1988-1990,1988,1990,2,3,,,,,-,,,,,,,,,,,,,,,,,,,,,,,,,,True,True,All-rounder
Zahid Shah (UAE),2008-2008,2008.0,2008.0,1.0,2.0,2.0,2.0,11.0,6*,6.0,1.0,,20.0,55.0,0.0,0.0,0.0,5.5,0.0,0.0,,2008-2008,2008,2008,0,2,2.0,120.0,98.0,6.0,Mar-49,16.33,4.9,20.0,0.0,0.0,3.0,0.2,2.16,0.0,,,,,,,,,,,,,,,,,True,True,All-rounder
Zahir Khan (AFG),,,,,,,,,,,,,,,,,,,,,,2019-2019,2019,2019,0,1,1.0,60.0,55.0,2.0,Feb-55,27.5,5.5,30.0,0.0,0.0,2.0,0.18,1.45,0.0,,,,,,,,,,,,,,,,,False,True,Bowler
Zahoor Elahi (PAK),1996-1997,1996.0,1997.0,2.0,14.0,14.0,1.0,297.0,86,86.0,0.0,22.84,507.0,58.57,0.0,3.0,3.0,21.21,0.0,21.43,37.132,1996-1997,1996,1997,1,14,,,,,-,,,,,,,,,,,,,,,,,,,,,,,,,,True,True,All-rounder
Zahoor Khan (UAE),2017-2019,2017.0,2019.0,3.0,17.0,13.0,4.0,52.0,16,16.0,0.0,5.77,77.0,67.53,0.0,0.0,3.0,3.06,0.0,0.0,30.474,2017-2019,2017,2019,2,17,17.0,750.0,703.0,31.0,Jun-34,22.67,5.62,24.1,0.0,1.0,1.82,0.18,1.33,0.059,,,,,,,,,,,,,,,,,True,True,All-rounder
Zain Abbas (HKG),2008-2008,2008.0,2008.0,1.0,1.0,1.0,1.0,26.0,26*,26.0,1.0,,54.0,48.14,0.0,0.0,0.0,26.0,0.0,0.0,,2008-2008,2008,2008,0,1,1.0,36.0,56.0,1.0,Jan-56,56.0,9.33,36.0,0.0,0.0,1.0,0.11,0.73,0.0,,,,,,,,,,,,,,,,,True,True,All-rounder
Zakir Hasan (BDESH),,,,,,,,,,,,,,,,,,,,,,1997-1997,1997,1997,0,1,1.0,12.0,17.0,0.0,-,,8.5,,0.0,0.0,0.0,0.12,0.04,0.0,,,,,,,,,,,,,,,,,False,True,Bowler
Zakir Hossain (BDESH),1998-1998,1998.0,1998.0,1.0,1.0,1.0,0.0,0.0,0,0.0,0.0,0.0,1.0,0.0,0.0,0.0,1.0,0.0,0.0,0.0,0.0,1998-1998,1998,1998,0,1,1.0,24.0,18.0,0.0,-,,4.5,,0.0,0.0,0.0,0.22,0.07,0.0,,,,,,,,,,,,,,,,,True,True,All-rounder
Zakir Khan (PAK),1984-1990,1984.0,1990.0,7.0,17.0,5.0,4.0,27.0,11*,11.0,1.0,27.0,63.0,42.85,0.0,0.0,0.0,1.59,0.0,0.0,33.34,1984-1990,1984,1990,6,17,16.0,646.0,494.0,16.0,Apr-19,30.87,4.58,40.3,1.0,0.0,0.94,0.22,0.72,0.0,,,,,,,,,,,,,,,,,True,True,All-rounder
Zakiullah Zaki (AFG),2012-2012,2012.0,2012.0,1.0,1.0,1.0,1.0,3.0,3*,3.0,1.0,,22.0,13.63,0.0,0.0,0.0,3.0,0.0,0.0,,2012-2012,2012,2012,0,1,1.0,24.0,27.0,0.0,-,,6.75,,0.0,0.0,0.0,0.15,0.04,0.0,,,,,,,,,,,,,,,,,True,True,All-rounder
Zeeshan Maqsood (OMAN),2019-2019,2019.0,2019.0,1.0,5.0,5.0,1.0,38.0,21,21.0,0.0,9.5,74.0,51.35,0.0,0.0,1.0,7.6,0.0,0.0,26.24,2019-2019,2019,2019,0,5,5.0,264.0,147.0,7.0,Mar-35,21.0,3.34,37.7,0.0,0.0,1.4,0.3,1.07,0.0,,,,,,,,,,,,,,,,,True,True,All-rounder
Zeeshan Siddiqi (CAN),2012-2014,2012.0,2014.0,3.0,2.0,2.0,0.0,50.0,43,43.0,0.0,25.0,111.0,45.04,0.0,0.0,0.0,25.0,0.0,0.0,33.016,2012-2014,2012,2014,2,2,,,,,-,,,,,,,,,,,,,,,,,,,,,,,,,,True,True,All-rounder
Ziaur Rahman (BDESH),2013-2014,2013.0,2014.0,2.0,13.0,11.0,0.0,124.0,41,41.0,0.0,11.27,110.0,112.72,0.0,0.0,3.0,9.54,0.0,0.0,51.85,2013-2014,2013,2014,1,13,11.0,390.0,301.0,10.0,May-30,30.1,4.63,39.0,0.0,1.0,0.77,0.22,0.6,0.077,,,,,,,,,,,,,,,,,True,True,All-rounder
Zulfiqar Ali (EAf),1975-1975,1975.0,1975.0,1.0,3.0,3.0,1.0,39.0,30,30.0,0.0,19.5,76.0,51.31,0.0,0.0,0.0,13.0,0.0,0.0,32.224,1975-1975,1975,1975,0,3,3.0,210.0,166.0,4.0,Mar-63,41.5,4.74,52.5,0.0,0.0,1.33,0.21,1.0,0.0,,,,,,,,,,,,,,,,,True,True,All-rounder
Zulfiqar Babar (PAK),2014-2015,2014.0,2015.0,2.0,5.0,5.0,3.0,35.0,14*,14.0,1.0,17.5,40.0,87.5,0.0,0.0,0.0,7.0,0.0,0.0,45.5,2014-2015,2014,2015,1,5,5.0,294.0,246.0,4.0,Feb-52,61.5,5.02,73.5,0.0,0.0,0.8,0.2,0.62,0.0,,,,,,,,,,,,,,,,,True,True,All-rounder
Zulqarnain (PAK),1985-1989,1985.0,1989.0,5.0,16.0,6.0,3.0,18.0,11*,11.0,1.0,6.0,30.0,60.0,0.0,0.0,2.0,1.13,0.0,0.0,27.6,1985-1989,1985,1989,4,16,,,,,-,,,,,,,,,,,,,,,,,,,,,,,,,,True,True,All-rounder
Zulqarnain Haider (PAK),2010-2010,2010.0,2010.0,1.0,4.0,4.0,2.0,48.0,19*,19.0,1.0,24.0,68.0,70.58,0.0,0.0,0.0,12.0,0.0,0.0,42.632,2010-2010,2010,2010,0,4,,,,,-,,,,,,,,,,,,,,,,,,,,,,,,,,True,True,All-rounder
