Player,Span,Start_Year,End_Year,Career_Length,Mat,Inns,NO,Runs,HS,HS_Numeric,HS_NotOut,Ave,BF,SR,100,50,0,Runs_Per_Match,Century_Rate,Fifty_Rate,Consistency_Score
SR Tendulkar (INDIA),1989-2012,1989,2012,24,463,452,41,18426,200*,200,1,44.83,21367,86.23,49,96,20,39.8,10.58,20.73,61.39
KC Sangakkara (Asia/ICC/SL),2000-2015,2000,2015,16,404,380,41,14234,169,169,0,41.98,18048,78.86,25,93,15,35.23,6.19,23.02,56.732
RT Ponting (AUS/ICC),1995-2012,1995,2012,18,375,365,39,13704,164,164,0,42.03,17046,80.39,30,82,20,36.54,8,21.87,57.374
ST Jayasuriya (Asia/SL),1989-2011,1989,2011,23,445,433,18,13430,189,189,0,32.36,14725,91.2,28,68,34,30.18,6.29,15.28,55.896
DPMD Jayawardene (Asia/SL),1998-2015,1998,2015,18,448,418,39,12650,144,144,0,33.37,16020,78.96,19,77,28,28.24,4.24,17.19,51.606
Inzamam-ul-Haq (Asia/PAK),1991-2007,1991,2007,17,378,350,53,11739,137*,137,1,39.52,15812,74.24,10,83,20,31.06,2.65,21.96,53.408
V Kohli (INDIA),2008-2019,2008,2019,12,242,233,39,11609,183,183,0,59.84,12445,93.28,43,55,13,47.97,17.77,22.73,73.216
JH Kallis (Afr/ICC/SA),1996-2014,1996,2014,19,328,314,53,11579,139,139,0,44.36,15885,72.89,17,86,17,35.3,5.18,26.22,55.772
SC Ganguly (Asia/INDIA),1992-2007,1992,2007,16,311,300,23,11363,183,183,0,41.02,15416,73.7,22,72,16,36.54,7.07,23.15,54.092
R Dravid (Asia/ICC/INDIA),1996-2011,1996,2011,16,344,318,40,10889,153,153,0,39.16,15284,71.24,12,83,13,31.65,3.49,24.13,51.992
MS Dhoni (Asia/INDIA),2004-2019,2004,2019,16,350,297,84,10773,183*,183,1,50.57,12303,87.56,10,73,10,30.78,2.86,20.86,65.366
CH Gayle (ICC/WI),1999-2019,1999,2019,21,301,294,17,10480,215,215,0,37.83,12019,87.19,25,54,25,34.82,8.31,17.94,57.574
BC Lara (ICC/WI),1990-2007,1990,2007,18,299,289,32,10405,169,169,0,40.48,13086,79.51,19,63,16,34.8,6.35,21.07,56.092
TM Dilshan (SL),1999-2016,1999,2016,18,330,303,41,10290,161*,161,1,39.27,11933,86.23,22,47,11,31.18,6.67,14.24,58.054
Mohammad Yousuf (Asia/PAK),1998-2010,1998,2010,13,288,273,40,9720,141*,141,1,41.71,12942,75.1,15,64,15,33.75,5.21,22.22,55.066
AC Gilchrist (AUS/ICC),1996-2008,1996,2008,13,287,279,11,9619,172,172,0,35.89,9922,96.94,16,55,19,33.52,5.57,19.16,60.31
AB de Villiers (Afr/SA),2005-2018,2005,2018,14,228,218,39,9577,176,176,0,53.5,9473,101.09,25,53,7,42,10.96,23.25,72.536
M Azharuddin (INDIA),1985-2000,1985,2000,16,334,308,54,9378,153*,153,1,36.92,12669,74.02,7,58,9,28.08,2.1,17.37,51.76
PA de Silva (SL),1984-2003,1984,2003,20,308,296,30,9284,145,145,0,34.9,11443,81.13,11,64,17,30.14,3.57,20.78,53.392
RG Sharma (INDIA),2007-2019,2007,2019,13,221,214,32,8944,264,264,0,49.14,10063,88.88,28,43,13,40.47,12.67,19.46,65.036
Saeed Anwar (PAK),1989-2003,1989,2003,15,247,244,19,8824,194,194,0,39.21,10938,80.67,20,43,15,35.72,8.1,17.41,55.794
S Chanderpaul (WI),1994-2011,1994,2011,18,268,251,40,8778,150,150,0,41.6,12408,70.74,11,59,6,32.75,4.1,22.01,53.256
Yuvraj Singh (Asia/INDIA),2000-2017,2000,2017,18,304,278,40,8701,150,150,0,36.55,9924,87.67,14,52,18,28.62,4.61,17.11,56.998
DL Haynes (WI),1978-1994,1978,1994,17,238,237,28,8648,152*,152,1,41.37,13707,63.09,17,57,13,36.34,7.14,23.95,50.058
MS Atapattu (SL),1990-2007,1990,2007,18,268,259,32,8529,132*,132,1,37.57,12594,67.72,11,59,13,31.82,4.1,22.01,49.63
ME Waugh (AUS),1988-2002,1988,2002,15,244,236,20,8500,173,173,0,39.35,11053,76.9,18,50,16,34.84,7.38,20.49,54.37
LRPL Taylor (NZ),2006-2019,2006,2019,14,228,212,37,8376,181*,181,1,47.86,10091,83,20,50,9,36.74,8.77,21.93,61.916
V Sehwag (Asia/ICC/INDIA),1999-2013,1999,2013,15,251,245,9,8273,219,219,0,35.05,7929,104.33,15,38,14,32.96,5.98,15.14,62.762
HM Amla (SA),2008-2019,2008,2019,12,181,178,14,8113,159,159,0,49.46,9178,88.39,27,39,4,44.82,14.92,21.55,65.032
HH Gibbs (SA),1996-2010,1996,2010,15,248,240,16,8094,175,175,0,36.13,9721,83.26,21,37,22,32.64,8.47,14.92,54.982
Shahid Afridi (Asia/ICC/PAK),1996-2015,1996,2015,20,398,369,27,8064,124,124,0,23.57,6892,117,6,39,30,20.26,1.51,9.8,60.942
SP Fleming (ICC/NZ),1994-2007,1994,2007,14,280,269,21,8037,134*,134,1,32.4,11242,71.49,8,49,17,28.7,2.86,17.5,48.036
MJ Clarke (AUS),2003-2015,2003,2015,13,245,223,44,7981,130,130,0,44.58,10104,78.98,8,58,10,32.58,3.27,23.67,58.34
SR Waugh (AUS),1986-2002,1986,2002,17,325,288,58,7569,120*,120,1,32.9,9971,75.91,3,45,15,23.29,0.92,13.85,50.104
Shoaib Malik (PAK),1999-2019,1999,2019,21,287,258,40,7534,143,143,0,34.55,9199,81.9,9,44,15,26.25,3.14,15.33,53.49
A Ranatunga (SL),1982-1999,1982,1999,18,269,255,47,7456,131*,131,1,35.84,9571,77.9,4,49,18,27.72,1.49,18.22,52.664
Javed Miandad (PAK),1975-1996,1975,1996,22,233,218,41,7381,119*,119,1,41.7,11014,67.01,8,50,8,31.68,3.43,21.46,51.824
EJG Morgan (ENG/IRE),2006-2019,2006,2019,14,233,217,32,7348,148,148,0,39.71,8053,91.24,13,46,15,31.54,5.58,19.74,60.322
Younis Khan (PAK),2000-2015,2000,2015,16,265,255,23,7249,144,144,0,31.24,9628,75.29,7,48,22,27.35,2.64,18.11,48.86
Saleem Malik (PAK),1982-1999,1982,1999,18,283,256,38,7170,102,102,0,32.88,9383,76.41,5,47,19,25.34,1.77,16.61,50.292
NJ Astle (NZ),1995-2007,1995,2007,13,223,217,14,7090,145*,145,1,34.92,9760,72.64,16,41,19,31.79,7.17,18.39,50.008
GC Smith (Afr/SA),2002-2013,2002,2013,12,197,194,10,6989,141,141,0,37.98,8648,80.81,10,47,8,35.48,5.08,23.86,55.112
WU Tharanga (Asia/SL),2005-2019,2005,2019,15,235,223,17,6951,174*,174,1,33.74,9155,75.92,15,37,17,29.58,6.38,15.74,50.612
MG Bevan (AUS),1994-2004,1994,2004,11,232,196,67,6912,108*,108,1,53.58,9320,74.16,6,46,5,29.79,2.59,19.83,61.812
Tamim Iqbal (BDESH),2007-2019,2007,2019,13,204,202,8,6892,154,154,0,35.52,8865,77.74,11,47,18,33.78,5.39,23.04,52.408
G Kirsten (SA),1993-2003,1993,2003,11,185,185,19,6798,188*,188,1,40.95,9436,72.04,13,45,11,36.75,7.03,24.32,53.386
A Flower (ZIM),1992-2003,1992,2003,12,213,208,16,6786,145,145,0,35.34,9097,74.59,4,55,13,31.86,1.88,25.82,51.04
IVA Richards (WI),1975-1991,1975,1991,17,187,167,24,6721,189*,189,1,47,7451,90.2,11,45,7,35.94,5.88,24.06,64.28
MJ Guptill (NZ),2009-2019,2009,2019,11,179,176,19,6626,237*,237,1,42.2,7586,87.34,16,35,15,37.02,8.94,19.55,60.256
Mohammad Hafeez (PAK),2003-2019,2003,2019,17,218,216,15,6614,140*,140,1,32.9,8633,76.61,11,38,19,30.34,5.05,17.43,50.384
GW Flower (ZIM),1992-2010,1992,2010,19,221,214,18,6571,142*,142,1,33.52,9723,67.58,6,40,18,29.73,2.71,18.1,47.144
Ijaz Ahmed (PAK),1986-2000,1986,2000,15,250,232,29,6564,139*,139,1,32.33,8174,80.3,10,37,14,26.26,4,14.8,51.518
AR Border (AUS),1979-1994,1979,1994,16,273,252,39,6524,127*,127,1,30.62,9134,71.42,3,39,11,23.9,1.1,14.29,46.94
Shakib Al Hasan (BDESH),2006-2019,2006,2019,14,206,194,27,6323,134*,134,1,37.86,7641,82.75,9,47,10,30.69,4.37,22.82,55.816
BRM Taylor (ZIM),2004-2019,2004,2019,16,193,192,15,6293,145*,145,1,35.55,8256,76.22,10,38,15,32.61,5.18,19.69,51.818
RB Richardson (WI),1983-1996,1983,1996,14,224,217,30,6248,122,122,0,33.41,9801,63.74,5,44,8,27.89,2.23,19.64,45.542
ML Hayden (AUS/ICC),1993-2008,1993,2008,16,161,155,15,6133,181*,181,1,43.8,7767,78.96,10,36,9,38.09,6.21,22.36,57.864
KS Williamson (NZ),2010-2019,2010,2019,10,149,142,14,6132,148,148,0,47.9,7494,81.82,13,39,5,41.15,8.72,26.17,61.468
Mushfiqur Rahim (BDESH),2006-2019,2006,2019,14,216,202,34,6100,144,144,0,36.3,7718,79.03,7,37,10,28.24,3.24,17.13,53.392
BB McCullum (NZ),2002-2016,2002,2016,15,260,228,28,6083,166,166,0,30.41,6312,96.37,5,32,20,23.4,1.92,12.31,56.794
DM Jones (AUS),1984-1994,1984,1994,11,164,161,25,6068,145,145,0,44.61,8362,72.56,7,46,6,37,4.27,28.05,55.79
DC Boon (AUS),1984-1995,1984,1995,12,181,177,16,5964,122,122,0,37.04,9157,65.13,5,37,6,32.95,2.76,20.44,48.276
JN Rhodes (SA),1992-2003,1992,2003,12,245,220,51,5935,121,121,0,35.11,7336,80.9,2,33,12,24.22,0.82,13.47,53.426
JE Root (ENG),2013-2019,2013,2019,7,143,135,21,5856,133*,133,1,51.36,6702,87.37,16,33,4,40.95,11.19,23.08,65.764
Rameez Raja (PAK),1985-1997,1985,1997,13,198,197,15,5841,119*,119,1,32.09,9226,63.31,9,31,15,29.5,4.55,15.66,44.578
AD Mathews (SL),2008-2019,2008,2019,12,214,184,48,5812,139*,139,1,42.73,6974,83.33,3,40,15,27.16,1.4,18.69,58.97
RR Sarwan (WI),2000-2013,2000,2013,14,181,169,33,5804,120*,120,1,42.67,7663,75.74,5,38,8,32.07,2.76,20.99,55.898
CL Hooper (WI),1987-2003,1987,2003,17,227,206,43,5761,113*,113,1,35.34,7517,76.63,7,29,7,25.38,3.08,12.78,51.856
SR Watson (AUS),2002-2015,2002,2015,14,190,169,27,5757,185*,185,1,40.54,6365,90.44,9,33,12,30.3,4.74,17.37,60.5
H Masakadza (ZIM),2001-2019,2001,2019,19,209,208,4,5658,178*,178,1,27.73,7728,73.21,5,34,15,27.07,2.39,16.27,45.922
SK Raina (INDIA),2005-2018,2005,2018,14,226,194,35,5615,116*,116,1,35.31,6005,93.5,5,36,14,24.85,2.21,15.93,58.586
MN Samuels (WI),2000-2018,2000,2018,19,207,196,26,5606,133*,133,1,32.97,7463,75.11,10,30,11,27.08,4.83,14.49,49.826
WJ Cronje (SA),1992-2000,1992,2000,9,188,175,31,5565,112,112,0,38.64,7277,76.47,2,39,8,29.6,1.06,20.74,53.772
S Dhawan (INDIA),2010-2019,2010,2019,10,133,131,7,5518,143,143,0,44.5,5869,94.01,17,27,5,41.49,12.78,20.3,64.304
F du Plessis (SA),2011-2019,2011,2019,9,143,136,20,5507,185,185,0,47.47,6215,88.6,12,35,3,38.51,8.39,24.48,63.922
MEK Hussey (AUS),2004-2012,2004,2012,9,185,157,44,5442,109*,109,1,48.15,6243,87.16,3,39,3,29.42,1.62,21.08,63.754
IR Bell (ENG),2004-2015,2004,2015,12,161,157,14,5416,141,141,0,37.87,7019,77.16,4,35,6,33.64,2.48,21.74,53.586
A Jadeja (INDIA),1992-2000,1992,2000,9,196,179,36,5359,119,119,0,37.47,7677,69.8,6,30,10,27.34,3.06,15.31,50.402
DR Martyn (AUS),1992-2006,1992,2006,15,208,182,51,5346,144*,144,1,40.8,6877,77.73,5,37,10,25.7,2.4,17.79,55.572
G Gambhir (INDIA),2003-2013,2003,2013,11,147,143,11,5238,150*,150,1,39.68,6144,85.25,11,34,11,35.63,7.48,23.13,57.908
ADR Campbell (ZIM),1992-2003,1992,2003,12,188,184,14,5185,131*,131,1,30.5,7834,66.18,7,30,11,27.58,3.72,15.96,44.772
RS Mahanama (SL),1986-1999,1986,1999,14,213,198,23,5162,119*,119,1,29.49,8521,60.57,4,35,15,24.23,1.88,16.43,41.922
CG Greenidge (WI),1975-1991,1975,1991,17,128,127,13,5134,133*,133,1,45.03,7908,64.92,11,31,3,40.11,8.59,24.22,52.986
Misbah-ul-Haq (PAK),2002-2015,2002,2015,14,162,149,31,5122,96*,96,1,43.4,6945,73.75,0,42,6,31.62,0,25.93,55.54
JP Duminy (SA),2004-2019,2004,2019,16,199,179,40,5117,150*,150,1,36.81,6052,84.55,4,27,7,25.71,2.01,13.57,55.906
PD Collingwood (ENG),2001-2011,2001,2011,11,197,181,37,5092,120*,120,1,35.36,6614,76.98,5,26,7,25.85,2.54,13.2,52.008
A Symonds (AUS),1998-2009,1998,2009,12,198,161,33,5088,156,156,0,39.75,5504,92.44,6,30,15,25.7,3.03,15.15,60.826
Abdul Razzaq (Asia/PAK),1996-2011,1996,2011,16,265,228,57,5080,112,112,0,29.7,6252,81.25,3,23,14,19.17,1.13,8.68,50.32
DA Warner (AUS),2009-2019,2009,2019,11,116,114,5,4990,179,179,0,45.77,5222,95.55,17,20,2,43.02,14.66,17.24,65.682
CL Cairns (ICC/NZ),1991-2006,1991,2006,16,215,193,25,4950,115,115,0,29.46,5874,84.26,4,26,9,23.02,1.86,12.09,51.38
Q de Kock (SA),2013-2019,2013,2019,7,115,115,6,4907,178,178,0,45.01,5154,95.2,14,24,3,42.67,12.17,20.87,65.086
Aamer Sohail (PAK),1990-2000,1990,2000,11,156,155,5,4780,134,134,0,31.86,7297,65.5,5,31,10,30.64,3.21,19.87,45.316
CD McMillan (NZ),1997-2007,1997,2007,11,197,183,16,4707,117,117,0,28.18,6198,75.94,3,28,9,23.89,1.52,14.21,47.284
MD Crowe (NZ),1982-1995,1982,1995,14,143,140,18,4704,107*,107,1,38.55,6476,72.63,4,34,3,32.9,2.8,23.78,52.182
MV Boucher (Afr/SA),1998-2011,1998,2011,14,295,221,57,4686,147*,147,1,28.57,5528,84.76,1,26,16,15.88,0.34,8.81,51.046
AJ Stewart (ENG),1989-2003,1989,2003,15,170,162,14,4677,116,116,0,31.6,6841,68.36,4,28,13,27.51,2.35,16.47,46.304
AJ Finch (AUS),2013-2019,2013,2019,7,119,115,2,4559,153*,153,1,40.34,5093,89.51,15,24,11,38.31,12.61,20.17,60.008
SB Styris (NZ),1999-2011,1999,2011,13,188,161,23,4483,141,141,0,32.48,5645,79.41,4,28,9,23.85,2.13,14.89,51.252
KP Pietersen (ENG/ICC),2004-2013,2004,2013,10,136,125,16,4440,130,130,0,40.73,5128,86.58,9,25,7,32.65,6.62,18.38,59.07
NS Sidhu (INDIA),1987-1998,1987,1998,12,136,127,8,4413,134*,134,1,37.08,6329,69.72,6,33,7,32.45,4.41,24.26,50.136
CZ Harris (NZ),1990-2004,1990,2004,15,250,213,62,4379,130,130,0,29,6583,66.51,1,16,12,17.52,0.4,6.4,44.004
GR Marsh (AUS),1986-1992,1986,1992,7,117,115,6,4357,126*,126,1,39.97,7790,55.93,9,22,4,37.24,7.69,18.8,46.354
E Chigumbura (Afr/ZIM),2004-2018,2004,2018,15,213,198,26,4340,117,117,0,25.23,5423,80.02,2,19,17,20.38,0.94,8.92,47.146
ME Trescothick (ENG),2000-2006,2000,2006,7,123,122,6,4335,137,137,0,37.37,5087,85.21,12,21,13,35.24,9.76,17.07,56.506
GA Gooch (ENG),1976-1995,1976,1995,20,125,122,6,4290,142,142,0,36.98,6932,61.88,8,23,4,34.32,6.4,18.4,46.94
AJ Strauss (ENG),2003-2011,2003,2011,9,127,126,8,4205,158,158,0,35.63,5195,80.94,6,27,9,33.11,4.72,21.26,53.754
K Srikkanth (INDIA),1981-1992,1981,1992,12,146,145,4,4091,123,123,0,29.01,5702,71.74,4,27,11,28.02,2.74,18.49,46.102
PR Stirling (IRE),2008-2019,2008,2019,12,114,111,2,4038,177,177,0,37.04,4627,87.27,8,23,10,35.42,7.02,20.18,57.132
WTS Porterfield (IRE),2006-2019,2006,2019,14,136,133,3,4037,139,139,0,31.05,5818,69.38,11,17,9,29.68,8.09,12.5,46.382
AJ Lamb (ENG),1982-1992,1982,1992,11,122,118,16,4010,118,118,0,39.31,5308,75.54,4,26,8,32.87,3.28,21.31,53.802
Mahmudullah (BDESH),2007-2019,2007,2019,13,185,160,42,3994,128*,128,1,33.84,5222,76.48,3,21,8,21.59,1.62,11.35,50.896
RP Arnold (SL),1997-2007,1997,2007,11,180,155,43,3950,103,103,0,35.26,5443,72.57,1,28,7,21.94,0.56,15.56,50.184
AP Gurusinha (SL),1985-1996,1985,1996,12,147,143,5,3902,117*,117,1,28.27,6409,60.88,2,22,12,26.54,1.36,14.97,41.314
JG Wright (NZ),1978-1992,1978,1992,15,149,148,1,3891,101,101,0,26.46,6804,57.18,1,24,9,26.11,0.67,16.11,38.748
DJ Cullinan (SA),1993-2000,1993,2000,8,138,133,16,3860,124,124,0,32.99,5492,70.28,3,23,10,27.97,2.17,16.67,47.906
GA Hick (ENG),1991-2001,1991,2001,11,120,118,15,3846,126*,126,1,37.33,5191,74.08,5,27,10,32.05,4.17,22.5,52.03
JC Buttler (ENG),2012-2019,2012,2019,8,142,117,23,3843,150,150,0,40.88,3207,119.83,9,20,12,27.06,6.34,14.08,72.46
SPD Smith (AUS),2010-2019,2010,2019,10,118,104,12,3810,164,164,0,41.41,4414,86.31,8,23,5,32.29,6.78,19.49,59.37
HP Tillakaratne (SL),1986-2003,1986,2003,18,200,168,40,3789,104,104,0,29.6,6588,57.51,2,13,10,18.95,1,6.5,40.764
N Kapil Dev (INDIA),1978-1994,1978,1994,17,225,198,39,3783,175*,175,1,23.79,3979,95.07,1,14,13,16.81,0.44,6.22,52.302
Wasim Akram (PAK),1984-2003,1984,2003,20,356,280,55,3717,86,86,0,16.52,4208,88.33,0,6,28,10.44,0,1.69,45.244
SC Williams (ZIM),2005-2019,2005,2019,15,131,127,18,3717,129*,129,1,34.1,4546,81.76,3,31,7,28.37,2.29,23.66,53.164
RS Kaluwitharana (SL),1990-2004,1990,2004,15,189,181,14,3711,102*,102,1,22.22,4776,77.7,2,23,24,19.63,1.06,12.17,44.412
Imran Khan (PAK),1974-1992,1974,1992,19,175,151,40,3709,102*,102,1,33.41,5105,72.65,1,19,6,21.19,0.57,10.86,49.106
PV Simmons (WI),1987-1999,1987,1999,13,143,138,11,3675,122,122,0,28.93,5407,67.96,5,18,14,25.7,3.5,12.59,44.542
NV Knight (ENG),1996-2003,1996,2003,8,100,100,10,3637,125*,125,1,40.41,5085,71.52,5,25,6,36.37,5,25,52.854
LD Chandimal (SL),2010-2019,2010,2019,10,146,132,21,3599,111,111,0,32.42,4855,74.12,4,22,11,24.65,2.74,15.07,49.1
L Klusener (SA),1996-2004,1996,2004,9,171,137,50,3576,103*,103,1,41.1,3977,89.91,2,19,13,20.91,1.17,11.11,60.624
SM Pollock (Afr/ICC/SA),1996-2008,1996,2008,13,303,205,72,3519,130,130,0,26.45,4059,86.69,1,14,20,11.61,0.33,4.62,50.546
MA Taylor (AUS),1989-1997,1989,1997,9,113,110,1,3514,105,105,0,32.23,5909,59.46,1,28,4,31.1,0.88,24.78,43.122
DB Vengsarkar (INDIA),1976-1991,1976,1991,16,129,120,19,3508,105,105,0,34.73,5179,67.73,1,23,7,27.19,0.78,17.83,47.93
KJ O'Brien (IRE),2006-2019,2006,2019,14,142,130,17,3490,142,142,0,30.88,3922,88.98,2,18,5,24.58,1.41,12.68,54.12
Mohammad Ashraful (Asia/BDESH),2001-2013,2001,2013,13,177,169,13,3468,109,109,0,22.23,4947,70.1,3,20,14,19.59,1.69,11.3,41.378
SO Tikolo (Afr/KENYA),1996-2014,1996,2014,19,135,130,12,3428,111,111,0,29.05,4524,75.77,3,24,13,25.39,2.22,17.78,47.738
HH Dippenaar (Afr/SA),1999-2007,1999,2007,9,107,95,14,3421,125*,125,1,42.23,5047,67.78,4,26,4,31.97,3.74,24.3,52.45
A Flintoff (ENG/ICC),1999-2009,1999,2009,11,141,122,16,3394,123,123,0,32.01,3821,88.82,3,18,9,24.07,2.13,12.77,54.734
T Taibu (Afr/ZIM),2001-2012,2001,2012,12,150,137,21,3393,107*,107,1,29.25,5020,67.58,2,22,16,22.62,1.33,14.67,44.582
JJ Roy (ENG),2015-2019,2015,2019,5,84,81,2,3381,180,180,0,42.79,3148,107.4,9,18,7,40.25,10.71,21.43,68.634
KC Wessels (AUS/SA),1983-1994,1983,1994,12,109,105,7,3367,107,107,0,34.35,6088,55.3,1,26,0,30.89,0.92,23.85,42.73
Babar Azam (PAK),2015-2019,2015,2019,5,74,72,10,3359,125*,125,1,54.17,3857,87.08,11,15,2,45.39,14.86,20.27,67.334
AC Parore (NZ),1992-2002,1992,2002,11,179,161,32,3314,108,108,0,25.68,4867,68.09,1,14,19,18.51,0.56,7.82,42.644
Moin Khan (PAK),1990-2004,1990,2004,15,219,183,41,3266,72*,72,1,23,4017,81.3,0,12,17,14.91,0,5.48,46.32
Kamran Akmal (PAK),2002-2017,2002,2017,16,157,138,14,3236,124,124,0,26.09,3855,83.94,5,10,10,20.61,3.18,6.37,49.23
AN Cook (ENG),2006-2014,2006,2014,9,92,92,4,3204,137,137,0,36.4,4154,77.13,5,19,7,34.83,5.43,20.65,52.692
HDRL Thirimanne (SL),2010-2019,2010,2019,10,127,106,14,3194,139*,139,1,34.71,4419,72.27,4,21,7,25.15,3.15,16.54,49.734
Umar Akmal (PAK),2009-2019,2009,2019,11,121,110,17,3194,102*,102,1,34.34,3712,86.04,2,20,8,26.4,1.65,16.53,55.02
DI Gower (ENG),1978-1991,1978,1991,14,114,111,8,3170,158,158,0,30.77,4218,75.15,7,12,6,27.81,6.14,10.53,48.522
KR Rutherford (NZ),1985-1995,1985,1995,11,121,115,9,3143,108,108,0,29.65,4888,64.3,2,18,6,25.98,1.65,14.88,43.51
BJ Haddin (AUS),2001-2015,2001,2015,15,126,115,16,3122,110,110,0,31.53,3706,84.24,2,16,2,24.78,1.59,12.7,52.614
RJ Shastri (INDIA),1981-1992,1981,1992,12,150,128,21,3108,109,109,0,29.04,5089,61.07,4,18,5,20.72,2.67,12,41.852
SM Gavaskar (INDIA),1974-1987,1974,1987,14,108,102,14,3092,103*,103,1,35.13,4966,62.26,1,27,8,28.63,0.93,25,45.982
DS Lehmann (AUS),1996-2005,1996,2005,10,117,101,22,3078,119,119,0,38.96,3784,81.34,4,17,4,26.31,3.42,14.53,55.912
DA Miller (SA),2010-2019,2010,2019,10,126,110,31,3058,139,139,0,38.7,3054,100.13,5,12,8,24.27,3.97,9.52,63.272
GJ Bailey (AUS),2012-2016,2012,2016,5,90,85,10,3044,156,156,0,40.58,3645,83.51,3,22,3,33.82,3.33,24.44,57.752
SD Hope (WI),2016-2019,2016,2019,4,72,67,10,3007,170,170,0,52.75,4046,74.32,8,15,4,41.76,11.11,20.83,61.378
V Sibanda (Afr/ZIM),2003-2016,2003,2016,14,127,126,4,2994,116,116,0,24.54,4716,63.48,2,21,14,23.57,1.57,16.54,40.116
DJ Bravo (WI),2004-2014,2004,2014,11,164,141,24,2968,112*,112,1,25.36,3606,82.3,2,10,11,18.1,1.22,6.1,48.136
AM Rahane (INDIA),2011-2018,2011,2018,8,90,87,3,2962,111,111,0,35.26,3767,78.63,3,24,6,32.91,3.33,26.67,52.608
HH Streak (Afr/ZIM),1993-2005,1993,2005,13,189,159,55,2943,79*,79,1,28.29,4008,73.42,0,13,6,15.57,0,6.88,46.342
WW Hinds (WI),1999-2010,1999,2010,12,119,111,10,2880,127*,127,1,28.51,4393,65.55,5,14,8,24.2,4.2,11.76,43.326
GJ Maxwell (AUS),2012-2019,2012,2019,8,110,100,11,2877,102,102,0,32.32,2332,123.37,1,19,9,26.15,0.91,17.27,68.74
JM Bairstow (ENG),2011-2019,2011,2019,9,74,68,8,2861,141*,141,1,47.68,2749,104.07,9,11,5,38.66,12.16,14.86,70.236
DM Bravo (WI),2009-2019,2009,2019,11,110,105,13,2839,124,124,0,30.85,4045,70.18,3,18,8,25.81,2.73,16.36,46.582
IJL Trott (ENG),2009-2013,2009,2013,5,68,65,10,2819,137,137,0,51.25,3658,77.06,4,22,5,41.46,5.88,32.35,61.574
AL Logie (WI),1981-1993,1981,1993,13,158,133,36,2809,109*,109,1,28.95,3801,73.9,1,14,13,17.78,0.63,8.86,46.93
AH Jones (NZ),1987-1995,1987,1995,9,87,87,9,2784,93,93,0,35.69,4811,57.86,0,25,4,32,0,28.74,44.558
Mohammad Nabi (AFG),2009-2019,2009,2019,11,124,112,12,2782,116,116,0,27.82,3252,85.54,1,15,6,22.44,0.81,12.1,50.908
SE Marsh (AUS),2008-2019,2008,2019,12,73,72,4,2773,151,151,0,40.77,3406,81.41,7,15,3,37.99,9.59,20.55,57.026
M Kaif (INDIA),2002-2006,2002,2006,5,125,110,24,2753,111*,111,1,32.01,3822,72.03,2,17,8,22.02,1.6,13.6,48.018
SV Carlisle (ZIM),1995-2005,1995,2005,11,111,107,8,2740,121*,121,1,27.67,4325,63.35,3,9,11,24.68,2.7,8.11,41.942
MDKJ Perera (SL),2013-2019,2013,2019,7,98,93,5,2739,135,135,0,31.12,2945,93,5,14,8,27.95,5.1,14.29,55.872
Mohammad Shahzad (AFG),2009-2019,2009,2019,11,84,84,3,2727,131*,131,1,33.66,3082,88.48,6,14,4,32.46,7.14,16.67,55.588
Salman Butt (PAK),2004-2010,2004,2010,7,78,78,4,2725,136,136,0,36.82,3572,76.28,8,14,15,34.94,10.26,17.95,52.604
RG Twose (NZ),1995-2001,1995,2001,7,87,81,11,2717,103,103,0,38.81,3603,75.4,1,20,5,31.23,1.15,22.99,53.446
GJ Whittall (ZIM),1993-2003,1993,2003,11,147,142,22,2705,83,83,0,22.54,4011,67.43,0,11,12,18.4,0,7.48,40.496
RS Bopara (ENG),2007-2015,2007,2015,9,120,109,21,2695,101*,101,1,30.62,3462,77.84,1,14,4,22.46,0.83,11.67,49.508
BA Stokes (ENG),2011-2019,2011,2019,9,95,81,15,2682,102*,102,1,40.63,2855,93.94,3,20,5,28.23,3.16,21.05,61.954
Sikandar Raza (ZIM),2013-2019,2013,2019,7,97,93,15,2656,141,141,0,34.05,3249,81.74,3,14,1,27.38,3.09,14.43,53.126
Mudassar Nazar (PAK),1977-1989,1977,1989,13,122,115,10,2653,95,95,0,25.26,5130,51.71,0,16,6,21.75,0,13.11,35.84
EC Joyce (ENG/IRE),2006-2018,2006,2018,13,78,77,8,2622,160*,160,1,38,3630,72.23,6,15,5,33.62,7.69,19.23,51.692
Ahmed Shehzad (PAK),2009-2017,2009,2017,9,81,81,1,2605,124,124,0,32.56,3614,72.08,6,14,7,32.16,7.41,17.28,48.368
NJ O'Brien (IRE),2006-2018,2006,2018,13,103,101,9,2581,109,109,0,28.05,3638,70.94,1,18,3,25.06,0.97,17.48,45.206
Zaheer Abbas (PAK),1974-1985,1974,1985,12,62,60,6,2572,123,123,0,47.62,3033,84.8,7,13,2,41.48,11.29,20.97,62.492
CR Ervine (ZIM),2010-2019,2010,2019,10,93,90,11,2571,130*,130,1,32.54,3406,75.48,3,15,7,27.65,3.23,16.13,49.716
AC Hudson (SA),1991-1997,1991,1997,7,89,88,1,2559,161,161,0,29.41,3960,64.62,2,18,6,28.75,2.25,20.22,43.494
TWM Latham (NZ),2012-2019,2012,2019,8,95,88,9,2550,137,137,0,32.27,3096,82.36,4,15,7,26.84,4.21,15.79,52.306
VG Kambli (INDIA),1991-2000,1991,2000,10,104,97,21,2477,106,106,0,32.59,3443,71.94,2,14,4,23.82,1.92,13.46,48.33
Imrul Kayes (BDESH),2008-2018,2008,2018,11,78,78,2,2434,144,144,0,32.02,3423,71.1,4,16,2,31.21,5.13,20.51,47.652
JDP Oram (NZ),2001-2012,2001,2012,12,160,116,15,2434,101*,101,1,24.09,2810,86.61,1,13,8,15.21,0.63,8.13,49.098
TM Odoyo (Afr/KENYA),1996-2014,1996,2014,19,136,119,16,2420,111*,111,1,23.49,3438,70.38,1,8,13,17.79,0.74,5.88,42.246
AD Hales (ENG),2014-2019,2014,2019,6,70,67,3,2419,171,171,0,37.79,2527,95.72,6,14,5,34.56,8.57,20,60.962
RA Smith (ENG),1988-1996,1988,1996,9,71,70,8,2419,167*,167,1,39.01,3473,69.65,4,15,4,34.07,5.63,21.13,51.266
L Vincent (NZ),2001-2007,2001,2007,7,102,99,10,2413,172,172,0,27.11,3453,69.88,3,11,8,23.66,2.94,10.78,44.218
KJ Coetzer (SCOT),2008-2019,2008,2019,12,59,57,2,2409,156,156,0,43.8,2795,86.18,4,17,5,40.83,6.78,28.81,60.752
KA Pollard (WI),2007-2019,2007,2019,13,107,99,7,2398,119,119,0,26.06,2547,94.14,3,10,13,22.41,2.8,9.35,53.292
CJ Chibhabha (ZIM),2005-2018,2005,2018,14,103,103,2,2389,99,99,0,23.65,3784,63.13,0,16,7,23.19,0,15.53,39.442
GP Thorpe (ENG),1993-2002,1993,2002,10,82,77,13,2380,89,89,0,37.18,3344,71.17,0,21,3,29.02,0,25.61,50.776
Rahmat Shah (AFG),2013-2019,2013,2019,7,73,69,2,2359,114,114,0,35.2,3366,70.08,4,16,3,32.32,5.48,21.92,49.152
Asghar Afghan (AFG),2009-2019,2009,2019,11,111,105,9,2356,101,101,0,24.54,3531,66.72,1,12,7,21.23,0.9,10.81,41.412
VVS Laxman (INDIA),1998-2006,1998,2006,9,86,83,7,2338,131,131,0,30.76,3282,71.23,6,10,3,27.19,6.98,11.63,46.948
RR Singh (INDIA),1989-2001,1989,2001,13,136,113,23,2336,100,100,0,25.95,3144,74.3,1,9,5,17.18,0.74,6.62,45.29
N Hussain (ENG),1989-2003,1989,2003,15,88,87,10,2332,115,115,0,30.28,3481,66.99,1,16,6,26.5,1.14,18.18,44.964
GS Chappell (AUS),1971-1983,1971,1983,13,74,72,14,2331,138*,138,1,40.18,3079,75.7,3,14,7,31.5,4.05,18.92,54.388
Sarfaraz Ahmed (PAK),2007-2019,2007,2019,13,116,90,22,2302,105,105,0,33.85,2622,87.79,2,11,1,19.84,1.72,9.48,55.426
SL Campbell (WI),1994-2001,1994,2001,8,90,87,0,2283,105,105,0,26.24,3853,59.25,2,14,9,25.37,2.22,15.56,39.444
DL Vettori (ICC/NZ),1997-2015,1997,2015,19,295,187,57,2253,83,83,0,17.33,2715,82.98,0,4,23,7.64,0,1.36,43.59
S Matsikenyeri (ZIM),2002-2015,2002,2015,14,113,110,9,2224,90,90,0,22.01,3072,72.39,0,13,8,19.68,0,11.5,42.162
GM Wood (AUS),1978-1989,1978,1989,12,83,77,11,2219,114*,114,1,33.62,3725,59.57,3,11,4,26.73,3.61,13.25,44
NLTC Perera (SL),2009-2019,2009,2019,11,161,128,16,2210,140,140,0,19.73,1979,111.67,1,10,11,13.73,0.62,6.21,56.506
MJ Greatbatch (NZ),1988-1996,1988,1996,9,84,83,5,2206,111,111,0,28.28,3099,71.18,2,13,7,26.26,2.38,15.48,45.44
JC Adams (WI),1992-2001,1992,2001,10,127,105,28,2204,82,82,0,28.62,3614,60.98,0,14,7,17.35,0,11.02,41.564
Shahriar Nafees (BDESH),2005-2011,2005,2011,7,75,75,5,2201,123*,123,1,31.44,3167,69.49,4,13,11,29.35,5.33,17.33,46.66
D Ramdin (WI),2005-2016,2005,2016,12,139,110,22,2200,169,169,0,25,2738,80.35,2,8,4,15.83,1.44,5.76,47.14
RA Jadeja (INDIA),2009-2019,2009,2019,11,159,106,36,2188,87,87,0,31.25,2543,86.04,0,11,6,13.76,0,6.92,53.166
CS MacLeod (SCOT),2008-2019,2008,2019,12,66,64,6,2175,175,175,0,37.5,2623,82.92,8,8,8,32.95,12.12,12.12,55.668
Habibul Bashar (BDESH),1995-2007,1995,2007,13,111,105,5,2168,78,78,0,21.68,3586,60.45,0,14,18,19.53,0,12.61,37.188
IT Botham (ENG),1976-1992,1976,1992,17,116,106,15,2113,79,79,0,23.21,2671,79.1,0,9,6,18.22,0,7.76,45.566
MW Gatting (ENG),1977-1993,1977,1993,17,92,88,17,2095,115*,115,1,29.5,2968,70.58,1,9,4,22.77,1.09,9.78,45.932
NH Fairbrother (ENG),1987-1999,1987,1999,13,75,71,18,2092,113,113,0,39.47,2903,72.06,1,16,2,27.89,1.33,21.33,52.506
RL Powell (WI),1999-2005,1999,2005,7,109,100,16,2085,124,124,0,24.82,2157,96.66,1,8,8,19.13,0.92,7.34,53.556
CL White (AUS),2005-2018,2005,2018,14,91,77,16,2072,105,105,0,33.96,2586,80.12,2,11,4,22.77,2.2,12.09,52.424
GC Wilson (IRE),2007-2019,2007,2019,13,105,99,12,2072,113,113,0,23.81,2880,71.94,1,12,6,19.73,0.95,11.43,43.062
CO Obuya (KENYA),2001-2014,2001,2014,14,104,89,9,2044,98*,98,1,25.55,2981,68.56,0,11,6,19.65,0,10.58,42.754
Yasir Hameed (PAK),2003-2007,2003,2007,5,56,56,1,2028,127*,127,1,36.87,3029,66.95,3,12,2,36.21,5.36,21.43,48.902
WPUJC Vaas (Asia/SL),1994-2008,1994,2008,15,322,220,72,2025,50*,50,1,13.68,2796,72.42,0,1,25,6.29,0,0.31,37.176
KO Otieno (KENYA),1996-2009,1996,2009,14,90,87,1,2016,144,144,0,23.44,3561,56.61,2,12,12,22.4,2.22,13.33,36.708
SV Manjrekar (INDIA),1988-1996,1988,1996,9,74,70,10,1994,105,105,0,33.23,3101,64.3,1,15,3,26.95,1.35,20.27,45.658
MP Vaughan (ENG),2001-2007,2001,2007,7,86,83,10,1982,90*,90,1,27.15,2898,68.39,0,16,9,23.05,0,18.6,43.646
CH Lloyd (WI),1973-1985,1973,1985,13,87,69,19,1977,102,102,0,39.54,2434,81.22,1,11,1,22.72,1.15,12.64,56.212
GD Elliott (NZ),2008-2016,2008,2016,9,83,69,11,1976,115,115,0,34.06,2416,81.78,2,11,6,23.81,2.41,13.25,53.148
BKG Mendis (SL),2016-2019,2016,2019,4,73,71,3,1973,102,102,0,29.01,2367,83.35,1,16,10,27.03,1.37,21.92,50.746
KJ Hughes (AUS),1977-1985,1977,1985,9,97,88,6,1968,98,98,0,24,2919,67.42,0,17,12,20.29,0,17.53,41.368
A Bagai (CAN),2003-2013,2003,2013,11,62,60,8,1964,137*,137,1,37.76,2995,65.57,2,16,2,31.68,3.23,25.81,48.884
Fakhar Zaman (PAK),2017-2019,2017,2019,3,46,46,4,1958,210*,210,1,46.61,2056,95.23,4,13,5,42.57,8.7,28.26,66.058
LMP Simmons (WI),2006-2015,2006,2015,10,68,65,3,1958,122,122,0,31.58,2680,73.05,2,16,9,28.79,2.94,23.53,48.168
Aftab Ahmed (BDESH),2004-2010,2004,2010,7,85,85,6,1954,92,92,0,24.73,2353,83.04,0,14,8,22.99,0,16.47,48.054
PJL Dujon (WI),1981-1991,1981,1991,11,169,120,36,1945,82*,82,1,23.15,2881,67.51,0,6,8,11.51,0,3.55,40.894
M Amarnath (INDIA),1975-1989,1975,1989,15,85,75,12,1924,102*,102,1,30.53,3334,57.7,2,13,2,22.64,2.35,15.29,41.398
KLT Arthurton (WI),1988-1999,1988,1999,12,105,93,20,1904,84,84,0,26.08,2822,67.46,0,9,12,18.13,0,8.57,42.632
Imran Nazir (PAK),1999-2009,1999,2009,11,79,79,2,1895,160,160,0,24.61,2339,81.01,2,9,10,23.99,2.53,11.39,47.17
RD Berrington (SCOT),2008-2019,2008,2019,12,78,73,6,1882,101*,101,1,28.08,2535,74.24,1,13,3,24.13,1.28,16.67,46.544
Mohsin Khan (PAK),1977-1986,1977,1986,10,75,75,5,1877,117*,117,1,26.81,3373,55.64,2,8,3,25.03,2.67,10.67,38.342
JV Coney (NZ),1979-1987,1979,1987,9,88,80,19,1874,66*,66,1,30.72,2885,64.95,0,8,1,21.3,0,9.09,44.412
DJG Sammy (WI),2004-2015,2004,2015,12,126,105,30,1871,89,89,0,24.94,1870,100.05,0,9,4,14.85,0,7.14,54.984
RD Jacobs (WI),1996-2004,1996,2004,9,147,112,32,1865,80*,80,1,23.31,2662,70.06,0,9,11,12.69,0,6.12,42.01
M Prabhakar (INDIA),1984-1996,1984,1996,13,130,98,21,1858,106,106,0,24.12,3083,60.26,2,11,8,14.29,1.54,8.46,38.576
Azhar Ali (PAK),2011-2018,2011,2018,8,53,53,3,1845,102,102,0,36.9,2478,74.45,3,12,3,34.81,5.66,22.64,51.92
OA Shah (ENG),2001-2009,2001,2009,9,71,66,6,1834,107*,107,1,30.56,2331,78.67,1,12,6,25.83,1.41,16.9,49.804
MW Goodwin (ZIM),1998-2000,1998,2000,3,71,70,3,1818,112*,112,1,27.13,2654,68.5,2,8,1,25.61,2.82,11.27,43.678
Khaled Mashud (BDESH),1995-2006,1995,2006,12,126,110,27,1818,71*,71,1,21.9,3315,54.84,0,7,8,14.43,0,5.56,35.076
BA Edgar (NZ),1978-1986,1978,1986,9,64,64,5,1814,102*,102,1,30.74,3685,49.22,1,10,3,28.34,1.56,15.63,38.132
A Balbirnie (IRE),2010-2019,2010,2019,10,64,61,4,1813,145*,145,1,31.8,2413,75.13,5,8,4,28.33,7.81,12.5,49.132
Samiullah Shinwari (AFG),2009-2019,2009,2019,11,84,74,12,1811,96,96,0,29.2,2765,65.49,0,11,1,21.56,0,13.1,43.716
JO Holder (WI),2013-2019,2013,2019,7,112,89,19,1798,99*,99,1,25.68,1907,94.28,0,9,9,16.05,0,8.04,53.12
DJ Hussey (AUS),2008-2013,2008,2013,6,69,61,6,1796,111,111,0,32.65,1980,90.7,1,14,4,26.03,1.45,20.29,55.87
MA Atherton (ENG),1990-1998,1990,1998,9,54,54,3,1791,127,127,0,35.11,3054,58.64,2,12,4,33.17,3.7,22.22,44.522
Mashrafe Mortaza (Asia/BDESH),2001-2019,2001,2019,19,217,156,27,1786,51*,51,1,13.84,2037,87.67,0,1,15,8.23,0,0.46,43.372
MS Wade (AUS),2012-2017,2012,2017,6,94,80,11,1777,100*,100,1,25.75,2164,82.11,1,10,5,18.9,1.06,10.64,48.294
MM Ali (ENG),2014-2019,2014,2019,6,101,82,13,1766,128,128,0,25.59,1697,104.06,3,5,5,17.49,2.97,4.95,56.978
IA Healy (AUS),1988-1997,1988,1997,10,168,120,36,1764,56,56,0,21,2104,83.84,0,4,9,10.5,0,2.38,46.136
KD Karthik (INDIA),2004-2019,2004,2019,16,94,79,21,1752,79,79,0,30.2,2392,73.24,0,9,6,18.64,0,9.57,47.416
Sir RJ Hadlee (NZ),1973-1990,1973,1990,18,115,98,17,1751,79,79,0,21.61,2319,75.5,0,4,4,15.23,0,3.48,43.166
Soumya Sarkar (BDESH),2014-2019,2014,2019,6,55,54,3,1728,127*,127,1,33.88,1753,98.57,2,11,5,31.42,3.64,20,59.756
Imam-ul-Haq (PAK),2017-2019,2017,2019,3,37,37,5,1723,151,151,0,53.84,2141,80.47,7,6,2,46.57,18.92,16.22,64.492
Imran Farhat (PAK),2001-2013,2001,2013,13,58,58,2,1719,107,107,0,30.69,2489,69.06,1,13,3,29.64,1.72,22.41,46.038
CB Wishart (ZIM),1996-2005,1996,2005,10,90,82,8,1719,172*,172,1,23.22,2436,70.56,2,5,8,19.1,2.22,5.56,42.156
Rashid Latif (PAK),1992-2003,1992,2003,12,166,117,29,1709,79,79,0,19.42,2237,76.39,0,3,8,10.3,0,1.81,42.208
DA Gunawardene (SL),1998-2006,1998,2006,9,61,61,1,1708,132,132,0,28.46,2389,71.49,1,12,5,28,1.64,19.67,45.672
AT Rayudu (INDIA),2013-2019,2013,2019,7,55,50,14,1694,124*,124,1,47.05,2143,79.04,3,10,3,30.8,5.45,18.18,59.846
ND McKenzie (SA),2000-2009,2000,2009,10,64,55,10,1688,131*,131,1,37.51,2432,69.4,2,10,2,26.38,3.13,15.63,50.266
NC Johnson (ZIM),1998-2000,1998,2000,3,48,48,2,1679,132*,132,1,36.5,2389,70.28,4,11,2,34.98,8.33,22.92,50.012
BA Young (NZ),1990-1999,1990,1999,10,74,73,5,1668,74,74,0,24.52,2733,61.03,0,9,5,22.54,0,12.16,39.124
UDU Chandana (SL),1994-2007,1994,2007,14,147,111,17,1627,89,89,0,17.3,2229,72.99,0,5,8,11.07,0,3.4,39.576
CK Kapugedera (SL),2006-2017,2006,2017,12,102,84,7,1624,95,95,0,21.09,2254,72.04,0,8,7,15.92,0,7.84,41.47
Haris Sohail (PAK),2013-2019,2013,2019,7,41,40,5,1614,130,130,0,46.11,1895,85.17,2,13,1,39.37,4.88,31.71,61.734
GM Turner (NZ),1973-1983,1973,1983,11,41,40,6,1598,171*,171,1,47,2348,68.05,3,9,1,38.98,7.32,21.95,55.42
LPC Silva (SL),1999-2011,1999,2011,13,75,62,7,1587,107*,107,1,28.85,2254,70.4,1,13,6,21.16,1.33,17.33,45.47
Najibullah Zadran (AFG),2012-2019,2012,2019,8,67,62,9,1586,104*,104,1,29.92,1765,89.85,1,11,3,23.67,1.49,16.42,53.892
SC Williams (WI),1994-1999,1994,1999,6,57,55,6,1586,105*,105,1,32.36,2402,66.02,1,12,6,27.82,1.75,21.05,45.824
Saleem Elahi (PAK),1995-2004,1995,2004,10,48,47,4,1579,135,135,0,36.72,2214,71.31,4,9,3,32.9,8.33,18.75,50.556
RL Dias (SL),1979-1987,1979,1987,9,58,55,5,1573,121,121,0,31.46,2315,67.94,2,11,3,27.12,3.45,18.97,46.052
N Dickwella (SL),2014-2019,2014,2019,6,52,49,1,1571,116,116,0,32.72,1679,93.56,2,9,1,30.21,3.85,17.31,57.056
DR Smith (WI),2004-2015,2004,2015,12,105,89,5,1560,97,97,0,18.57,1683,92.69,0,8,14,14.86,0,7.62,48.218
UT Khawaja (AUS),2013-2019,2013,2019,7,40,39,2,1554,104,104,0,42,1848,84.09,2,12,2,38.85,5,30,58.836
IK Pathan (INDIA),2004-2012,2004,2012,9,120,87,21,1544,83,83,0,23.39,1941,79.54,0,5,7,12.87,0,4.17,45.85
RN ten Doeschate (NL),2006-2011,2006,2011,6,33,32,9,1541,119,119,0,67,1757,87.7,5,9,1,46.7,15.15,27.27,75.28
DL Houghton (ZIM),1983-1997,1983,1997,15,63,60,2,1530,142,142,0,26.37,2155,70.99,1,12,5,24.29,1.59,19.05,44.218
LRD Mendis (SL),1975-1989,1975,1989,15,79,74,9,1527,80,80,0,23.49,2034,75.07,0,7,4,19.33,0,8.86,44.122
Azhar Mahmood (PAK),1996-2007,1996,2007,12,143,110,26,1521,67,67,0,18.1,1988,76.5,0,3,9,10.64,0,2.1,41.46
RS Morton (WI),2002-2010,2002,2010,9,56,51,6,1519,110*,110,1,33.75,2289,66.36,2,10,7,27.13,3.57,17.86,46.794
JJ Crowe (NZ),1983-1990,1983,1990,8,75,71,12,1518,88*,88,1,25.72,2456,61.8,0,7,6,20.24,0,9.33,40.152
JM Kemp (Afr/SA),2001-2007,2001,2007,7,85,66,18,1512,100*,100,1,31.5,1819,83.12,1,10,6,17.79,1.18,11.76,52.148
RD Shah (KENYA),1998-2007,1998,2007,10,56,55,1,1506,113,113,0,27.88,2298,65.53,1,12,5,26.89,1.79,21.43,42.94
MA Ouma (KENYA),2004-2014,2004,2014,11,80,77,5,1501,61,61,0,20.84,2525,59.44,0,7,6,18.76,0,8.75,36.28
HJH Marshall (NZ),2003-2007,2003,2007,5,66,62,9,1454,101*,101,1,27.43,1990,73.06,1,12,3,22.03,1.52,18.18,45.682
DD Ebrahim (ZIM),2001-2005,2001,2005,5,82,76,6,1443,121,121,0,20.61,2540,56.81,1,4,8,17.6,1.22,4.88,35.09
MR Marsh (AUS),2011-2018,2011,2018,8,53,49,9,1428,102*,102,1,35.7,1534,93.08,1,11,4,26.94,1.89,20.75,58.652
Nasir Jamshed (PAK),2008-2015,2008,2015,8,48,48,3,1418,112,112,0,31.51,1881,75.38,3,8,5,29.54,6.25,16.67,49.058
SO Hetmyer (WI),2017-2019,2017,2019,3,43,40,3,1416,139,139,0,38.27,1323,107.02,5,4,2,32.93,11.63,9.3,65.77
HA Gomes (WI),1978-1987,1978,1987,10,83,64,15,1415,101,101,0,28.87,2578,54.88,1,6,5,17.05,1.2,7.23,39.274
N Boje (Afr/SA),1995-2005,1995,2005,11,115,71,18,1414,129,129,0,26.67,1594,88.7,2,4,2,12.3,1.74,3.48,51.482
MO Odumbe (KENYA),1996-2003,1996,2003,8,61,59,5,1409,83,83,0,26.09,2014,69.96,0,11,6,23.1,0,18.03,43.638
P Utseya (ZIM),2004-2015,2004,2015,12,164,132,48,1406,68*,68,1,16.73,2410,58.34,0,4,16,8.57,0,2.44,33.374
E Lewis (WI),2016-2019,2016,2019,4,48,45,2,1402,176*,176,1,32.6,1704,82.27,2,7,2,29.21,4.17,14.58,52.468
L Ronchi (AUS/NZ),2008-2017,2008,2017,10,85,68,9,1397,170*,170,1,23.67,1220,114.5,1,4,7,16.44,1.18,4.71,60.002
GP Howarth (NZ),1975-1985,1975,1985,11,70,65,5,1384,76,76,0,23.06,2301,60.14,0,6,1,19.77,0,8.57,37.892
JD Ryder (NZ),2008-2014,2008,2014,7,48,42,1,1362,107,107,0,33.21,1429,95.31,3,6,5,28.38,6.25,12.5,58.05
BC Broad (ENG),1987-1988,1987,1988,2,34,34,0,1361,106,106,0,40.02,2447,55.61,1,11,2,40.03,2.94,32.35,46.256
DO Obuya (KENYA),2001-2012,2001,2012,12,74,73,3,1355,93,93,0,19.35,2135,63.46,0,6,10,18.31,0,8.11,36.994
KM Jadhav (INDIA),2014-2019,2014,2019,6,71,50,18,1354,120,120,0,42.31,1325,102.18,2,6,2,19.07,2.82,8.45,66.258
Asad Shafiq (PAK),2010-2017,2010,2017,8,60,58,4,1336,84,84,0,24.74,1979,67.5,0,9,5,22.27,0,15,41.844
PG Fulton (NZ),2004-2009,2004,2009,6,49,46,5,1334,112,112,0,32.53,1833,72.77,1,8,2,27.22,2.04,16.33,48.626
Sabbir Rahman (BDESH),2014-2019,2014,2019,6,66,59,7,1333,102,102,0,25.63,1461,91.23,1,6,5,20.2,1.52,9.09,51.87
KMDN Kulasekara (SL),2003-2017,2003,2017,15,184,123,37,1327,73,73,0,15.43,1629,81.46,0,4,13,7.21,0,2.17,41.842
JR Hopes (AUS),2005-2010,2005,2010,6,84,61,8,1326,63*,63,1,25.01,1415,93.71,0,3,1,15.79,0,3.57,52.49
SM Katich (AUS),2001-2006,2001,2006,6,45,42,5,1324,107*,107,1,35.78,1926,68.74,1,9,3,29.42,2.22,20,48.964
Javed Omar (BDESH),1995-2007,1995,2007,13,59,59,4,1312,85*,85,1,23.85,2528,51.89,0,10,2,22.24,0,16.95,35.066
Raqibul Hasan (BDESH),2008-2011,2008,2011,4,55,54,7,1308,89,89,0,27.82,2133,61.32,0,8,6,23.78,0,14.55,41.22
AA Obanda (KENYA),2007-2014,2007,2014,8,49,45,2,1306,96*,96,1,30.37,1764,74.03,0,9,2,26.65,0,18.37,47.834
MS Sinclair (NZ),2000-2009,2000,2009,10,54,50,4,1304,118*,118,1,28.34,2086,62.51,2,8,8,24.15,3.7,14.81,42.008
PN Kirsten (SA),1991-1994,1991,1994,4,40,40,6,1293,97,97,0,38.02,2308,56.02,0,9,0,32.33,0,22.5,45.22
J Charles (WI),2012-2016,2012,2016,5,48,48,0,1283,130,130,0,26.72,1531,83.8,2,4,7,26.73,4.17,8.33,49.552
MJ Prior (ENG),2004-2011,2004,2011,8,68,62,9,1282,87,87,0,24.18,1670,76.76,0,3,5,18.85,0,4.41,45.212
Nasir Hossain (BDESH),2011-2018,2011,2018,8,65,52,8,1281,100,100,0,29.11,1605,79.81,1,6,4,19.71,1.54,9.23,49.39
TM Head (AUS),2016-2018,2016,2018,3,42,39,2,1273,128,128,0,34.4,1414,90.02,1,10,1,30.31,2.38,23.81,56.648
NR Mongia (INDIA),1994-2000,1994,2000,7,140,96,33,1272,69,69,0,20.19,1846,68.9,0,2,4,9.09,0,1.43,39.674
C Munro (NZ),2013-2019,2013,2019,7,57,53,2,1271,87,87,0,24.92,1214,104.69,0,8,7,22.3,0,14.04,56.828
JEC Franklin (NZ),2001-2013,2001,2013,13,110,80,27,1270,98*,98,1,23.96,1651,76.92,0,4,5,11.55,0,3.64,45.144
AB Agarkar (INDIA),1998-2007,1998,2007,10,191,113,26,1269,95,95,0,14.58,1574,80.62,0,3,10,6.64,0,1.57,40.996
Shoaib Mohammad (PAK),1984-1993,1984,1993,10,63,58,6,1269,126*,126,1,24.4,2492,50.92,1,8,8,20.14,1.59,12.7,35.008
Basit Ali (PAK),1993-1996,1993,1996,4,50,43,6,1265,127*,127,1,34.18,1669,75.79,1,9,3,25.3,2,18,50.824
MN Waller (ZIM),2009-2018,2009,2018,10,79,72,6,1259,99*,99,1,19.07,1639,76.81,0,5,10,15.94,0,6.33,42.166
MD Gunathilaka (SL),2015-2019,2015,2019,5,38,37,1,1249,133,133,0,34.69,1454,85.9,2,8,1,32.87,5.26,21.05,55.174
JDS Neesham (NZ),2013-2019,2013,2019,7,59,50,10,1247,97*,97,1,31.17,1260,98.96,0,6,2,21.14,0,10.17,58.286
SP O'Donnell (AUS),1985-1991,1985,1991,7,87,64,15,1242,74*,74,1,25.34,1534,80.96,0,9,5,14.28,0,10.34,47.588
RR Rossouw (SA),2014-2016,2014,2016,3,36,35,3,1239,132,132,0,38.71,1313,94.36,3,7,5,34.42,8.33,19.44,60.97
Harbhajan Singh (Asia/INDIA),1998-2015,1998,2015,18,236,128,35,1237,49,49,0,13.3,1526,81.06,0,0,17,5.24,0,0,40.404
SG Law (AUS),1994-1999,1994,1999,6,54,51,5,1237,110,110,0,26.89,1643,75.28,1,7,3,22.91,1.85,12.96,46.246
Alok Kapali (BDESH),2002-2011,2002,2011,10,69,66,3,1235,115,115,0,19.6,1817,67.96,1,5,5,17.9,1.45,7.25,38.944
GM Hamilton (SCOT),1999-2010,1999,2010,12,38,38,3,1231,119,119,0,35.17,1847,66.64,2,7,1,32.39,5.26,18.42,47.758
D Mongia (INDIA),2001-2007,2001,2007,7,57,51,7,1230,159*,159,1,27.95,1721,71.47,1,4,4,21.58,1.75,7.02,45.358
RW Marsh (AUS),1971-1984,1971,1984,14,92,76,15,1225,66,66,0,20.08,1489,82.26,0,4,7,13.32,0,4.35,44.952
HDPK Dharmasena (SL),1994-2004,1994,2004,11,141,87,33,1222,69*,69,1,22.62,1879,65.03,0,4,2,8.67,0,2.84,39.584
Shaiman Anwar (UAE),2014-2019,2014,2019,6,40,40,1,1219,106,106,0,31.25,1477,82.53,1,11,2,30.48,2.5,27.5,51.762
Noor Ali Zadran (AFG),2009-2019,2009,2019,11,51,50,1,1216,114,114,0,24.81,1923,63.23,1,7,4,23.84,1.96,13.73,40.178
TM Moody (AUS),1987-1999,1987,1999,13,76,64,12,1211,89,89,0,23.28,1747,69.31,0,10,6,15.93,0,13.16,41.692
Junaid Siddique (BDESH),2007-2011,2007,2011,5,54,53,1,1196,100,100,0,23,1753,68.22,1,6,6,22.15,1.85,11.11,41.088
Mohammad Rafique (Asia/BDESH),1995-2007,1995,2007,13,125,106,17,1191,77,77,0,13.38,1663,71.61,0,2,15,9.53,0,1.6,36.672
CR Woakes (ENG),2011-2019,2011,2019,9,99,68,20,1186,95*,95,1,24.7,1316,90.12,0,4,6,11.98,0,4.04,50.868
B Lee (AUS),2000-2012,2000,2012,13,221,110,44,1176,59,59,0,17.81,1407,83.58,0,3,16,5.32,0,1.36,44.118
JA Rudolph (Afr/SA),2003-2006,2003,2006,4,45,39,6,1174,81,81,0,35.57,1725,68.05,0,7,0,26.09,0,15.56,48.562
Nawroz Mangal (AFG),2009-2016,2009,2016,8,49,48,6,1139,129,129,0,27.11,1512,75.33,2,4,4,23.24,4.08,8.16,46.398
MH Cross (SCOT),2014-2019,2014,2019,6,52,48,1,1136,114,114,0,24.17,1536,73.95,2,5,0,21.85,3.85,9.62,44.082
T Mishra (KENYA),2006-2013,2006,2013,8,42,40,7,1128,72,72,0,34.18,1534,73.53,0,8,4,26.86,0,19.05,49.92
HM Nicholls (NZ),2015-2019,2015,2019,5,45,43,10,1120,124*,124,1,33.93,1359,82.41,1,9,5,24.89,2.22,20,53.322
PL Mommsen (SCOT),2010-2017,2010,2017,8,44,42,6,1115,139*,139,1,30.97,1615,69.04,2,6,2,25.34,4.55,13.64,46.198
MF Maharoof (SL),2004-2016,2004,2016,13,109,75,18,1113,69*,69,1,19.52,1294,86.01,0,2,3,10.21,0,1.83,46.116
CJ Anderson (NZ),2013-2017,2013,2017,5,49,45,5,1109,131*,131,1,27.72,1020,108.72,1,4,4,22.63,2.04,8.16,60.12
HS Modi (KENYA),1996-2006,1996,2006,11,63,56,9,1109,78*,78,1,23.59,1906,58.18,0,5,5,17.6,0,7.94,37.426
ES Szwarczynski (NL),2006-2014,2006,2014,9,41,40,3,1102,98,98,0,29.78,1615,68.23,0,10,2,26.88,0,24.39,45.16
VS Solanki (ENG),2000-2006,2000,2006,7,51,46,5,1097,106,106,0,26.75,1504,72.93,2,5,2,21.51,3.92,9.8,45.222
B Zuiderent (NL),1996-2011,1996,2011,16,57,56,10,1097,77*,77,1,23.84,1873,58.56,0,8,7,19.25,0,14.04,37.728
PA Strang (ZIM),1994-2001,1994,2001,8,95,73,24,1090,47,47,0,22.24,1651,66.02,0,0,5,11.47,0,0,39.752
G Boycott (ENG),1971-1981,1971,1981,11,36,34,4,1082,105,105,0,36.06,2020,53.56,1,9,1,30.06,2.78,25,43.06
F Behardien (SA),2013-2018,2013,2018,6,59,49,14,1074,70,70,0,30.68,1097,97.9,0,6,4,18.2,0,10.17,57.568
NL McCullum (NZ),2009-2015,2009,2015,7,84,62,11,1070,65,65,0,20.98,1220,87.7,0,4,3,12.74,0,4.76,47.668
Asif Mujtaba (PAK),1986-1996,1986,1996,11,66,55,14,1068,113*,113,1,26.04,1671,63.91,1,6,8,16.18,1.52,9.09,41.188
DW Randall (ENG),1976-1985,1976,1985,10,49,45,5,1067,88,88,0,26.67,1702,62.69,0,5,4,21.78,0,10.2,41.078
Hashmatullah Shahidi (AFG),2013-2019,2013,2019,7,39,39,6,1062,97*,97,1,32.18,1667,63.7,0,9,4,27.23,0,23.08,44.788
DS Smith (WI),2003-2013,2003,2013,11,47,45,2,1059,107,107,0,24.62,1506,70.31,1,5,4,22.53,2.13,10.64,42.896
JK Kamande (KENYA),1999-2011,1999,2011,13,86,72,11,1055,74,74,0,17.29,1685,62.61,0,3,8,12.27,0,3.49,35.418
IDS Smith (NZ),1980-1992,1980,1992,13,98,77,16,1055,62*,62,1,17.29,1061,99.43,0,3,7,10.77,0,3.06,50.146
C Kieswetter (ENG),2010-2013,2010,2013,4,46,40,5,1054,107,107,0,30.11,1172,89.93,1,5,4,22.91,2.17,10.87,54.038
Anamul Haque (BDESH),2012-2019,2012,2019,8,38,35,0,1052,120,120,0,30.05,1488,70.69,3,3,6,27.68,7.89,7.89,46.306
MP Stoinis (AUS),2015-2019,2015,2019,5,41,38,7,1050,146*,146,1,33.87,1143,91.86,1,6,3,25.61,2.44,14.63,57.066
KD Mills (NZ),2001-2015,2001,2015,15,170,101,34,1047,54,54,0,15.62,1282,81.66,0,2,8,6.16,0,1.18,42.036
JM How (NZ),2005-2011,2005,2011,7,41,37,1,1046,139,139,0,29.05,1572,66.53,1,7,3,25.51,2.44,17.07,44.042
Gulbadin Naib (AFG),2011-2019,2011,2019,9,65,56,8,1041,82*,82,1,21.68,1424,73.1,0,5,5,16.02,0,7.69,42.248
AD Russell (WI),2011-2019,2011,2019,9,56,47,9,1034,92*,92,1,27.21,794,130.22,0,4,6,18.46,0,7.14,68.414
JP Faulkner (AUS),2013-2017,2013,2017,5,69,52,22,1032,116,116,0,34.4,990,104.24,1,4,4,14.96,1.45,5.8,62.336
DSBP Kuruppu (SL),1983-1990,1983,1990,8,54,52,1,1022,72,72,0,20.03,1978,51.66,0,4,3,18.93,0,7.41,32.682
AG Prince (Afr/SA),2002-2007,2002,2007,6,52,41,12,1018,89*,89,1,35.1,1502,67.77,0,3,4,19.58,0,5.77,48.168
SK Warne (AUS/ICC),1993-2005,1993,2005,13,194,107,29,1018,55,55,0,13.05,1413,72.04,0,1,10,5.25,0,0.52,36.646
SM Patil (INDIA),1980-1986,1980,1986,7,45,42,1,1005,84,84,0,24.51,1223,82.17,0,9,4,22.33,0,20,47.574
KOA Powell (WI),2009-2018,2009,2018,10,46,44,0,1005,83,83,0,22.84,1278,78.63,0,9,4,21.85,0,19.57,45.156
Rajin Saleh (BDESH),2003-2006,2003,2006,4,43,43,1,1005,108*,108,1,23.92,1833,54.82,1,6,5,23.37,2.33,13.95,36.28
PW Borren (NL),2006-2014,2006,2014,9,58,50,5,1004,96,96,0,22.31,1176,85.37,0,5,5,17.31,0,8.62,47.534
NFI McCallum (SCOT),2006-2011,2006,2011,6,43,42,6,1002,121*,121,1,27.83,1451,69.05,2,4,3,23.3,4.65,9.3,44.318
Khaled Mahmud (BDESH),1998-2006,1998,2006,9,77,72,3,991,50,50,0,14.36,1461,67.83,0,1,9,12.87,0,1.3,35.748
BL Cairns (NZ),1974-1985,1974,1985,12,78,65,6,987,60,60,0,16.72,941,104.88,0,2,6,12.65,0,2.56,51.984
MJ Slater (AUS),1993-1997,1993,1997,5,42,42,1,987,73,73,0,24.07,1634,60.4,0,9,3,23.5,0,21.43,38.602
MJ Horne (NZ),1997-2002,1997,2002,6,50,48,0,980,74,74,0,20.41,1515,64.68,0,5,3,19.6,0,10,38.118
Akram Khan (BDESH),1988-2003,1988,2003,16,44,44,2,976,65,65,0,23.23,1721,56.71,0,5,3,22.18,0,11.36,36.622
TLW Cooper (NL),2010-2013,2010,2013,4,23,22,2,976,101,101,0,48.8,1391,70.16,1,8,0,42.43,4.35,34.78,57.344
Javed Ahmadi (AFG),2010-2019,2010,2019,10,44,41,0,976,81,81,0,23.8,1291,75.6,0,7,2,22.18,0,15.91,44.52
Naeem Islam (BDESH),2008-2014,2008,2014,7,59,51,15,975,84,84,0,27.08,1473,66.19,0,5,5,16.53,0,8.47,42.724
DF Watts (SCOT),2006-2011,2006,2011,6,36,35,1,974,101,101,0,28.64,1559,62.47,1,9,4,27.06,2.78,25,42.172
Waqar Younis (PAK),1989-2003,1989,2003,15,262,139,45,969,37,37,0,10.3,1445,67.05,0,0,15,3.7,0,0,33
Fawad Alam (PAK),2007-2015,2007,2015,9,38,36,12,966,114*,114,1,40.25,1297,74.47,1,6,3,25.42,2.63,15.79,53.938
SA Thomson (NZ),1990-1996,1990,1996,7,56,52,10,964,83,83,0,22.95,1427,67.55,0,5,2,17.21,0,8.93,40.79
JF Mooney (IRE),2006-2015,2006,2015,10,64,55,14,963,96,96,0,23.48,1215,79.25,0,3,6,15.05,0,4.69,45.788
GM Ritchie (AUS),1982-1987,1982,1987,6,44,42,7,959,84,84,0,27.4,1479,64.84,0,6,2,21.8,0,13.64,42.376
HH Pandya (INDIA),2016-2019,2016,2019,4,54,38,6,957,83,83,0,29.9,828,115.57,0,4,3,17.72,0,7.41,64.168
RR Watson (SCOT),2006-2010,2006,2010,5,35,35,4,956,123*,123,1,30.83,1286,74.33,1,6,4,27.31,2.86,17.14,48.23
MD Marshall (WI),1980-1992,1980,1992,13,136,83,19,955,66,66,0,14.92,1246,76.64,0,2,5,7.02,0,1.47,39.608
SF Mire (ZIM),2014-2019,2014,2019,6,47,47,0,955,112,112,0,20.31,1190,80.25,1,3,4,20.32,2.13,6.38,44.286
Imad Wasim (PAK),2015-2019,2015,2019,5,53,39,16,952,63*,63,1,41.39,868,109.67,0,5,1,17.96,0,9.43,68.702
MG Johnson (AUS),2005-2015,2005,2015,11,153,91,32,951,73*,73,1,16.11,987,96.35,0,2,6,6.22,0,1.31,48.206
RS Madugalle (SL),1979-1988,1979,1988,10,63,56,5,950,73,73,0,18.62,1574,60.35,0,3,4,15.08,0,4.76,35.312
NT Broom (NZ),2009-2017,2009,2017,9,39,39,4,943,109*,109,1,26.94,1161,81.22,1,5,7,24.18,2.56,12.82,48.652
A Kumble (Asia/INDIA),1990-2007,1990,2007,18,271,136,47,938,26,26,0,10.53,1536,61.06,0,0,18,3.46,0,0,30.742
CM Spearman (NZ),1995-2001,1995,2001,7,51,50,0,936,86,86,0,18.72,1202,77.87,0,5,6,18.35,0,9.8,42.38
RV Uthappa (INDIA),2006-2015,2006,2015,10,46,42,6,934,86,86,0,25.94,1031,90.59,0,6,4,20.3,0,13.04,51.8
W Barresi (NL),2010-2019,2010,2019,10,32,31,5,927,137*,137,1,35.65,1225,75.67,1,6,4,28.97,3.13,18.75,51.658
AN Kervezee (NL),2006-2012,2006,2012,7,39,36,3,924,92,92,0,28,1263,73.15,0,4,2,23.69,0,10.26,46.06
S Dhaniram (CAN),2006-2010,2006,2010,5,44,41,4,915,92,92,0,24.72,1126,81.26,0,6,2,20.8,0,13.64,47.336
AJ Hall (SA),1999-2007,1999,2007,9,88,56,13,905,81,81,0,21.04,1206,75.04,0,3,5,10.28,0,3.41,42.64
Rashid Khan (AFG),2015-2019,2015,2019,5,71,56,9,905,60*,60,1,19.25,906,99.88,0,4,6,12.75,0,5.63,51.502
MJ Santner (NZ),2015-2019,2015,2019,5,69,54,21,898,67,67,0,27.21,1021,87.95,0,2,3,13.01,0,2.9,51.506
TD Paine (AUS),2009-2018,2009,2018,10,35,35,3,890,111,111,0,27.81,1257,70.8,1,5,1,25.43,2.86,14.29,45.006
KL Rahul (INDIA),2016-2019,2016,2019,4,26,25,4,889,111,111,0,42.33,1098,80.96,3,5,2,34.19,11.54,19.23,57.782
JWA Taylor (ENG),2011-2015,2011,2015,5,27,26,5,887,101,101,0,42.23,1107,80.12,1,7,2,32.85,3.7,25.93,57.386
J Srinath (INDIA),1991-2003,1991,2003,13,229,121,38,883,53,53,0,10.63,1109,79.62,0,1,19,3.86,0,0.44,38.226
Yashpal Sharma (INDIA),1978-1985,1978,1985,8,42,40,9,883,89,89,0,28.48,1401,63.02,0,4,0,21.02,0,9.52,42.296
TT Bresnan (ENG),2006-2015,2006,2015,10,85,64,20,871,80,80,0,19.79,965,90.25,0,1,6,10.25,0,1.18,47.974
SHT Kandamby (SL),2004-2014,2004,2014,11,39,36,6,870,93*,93,1,29,1250,69.6,0,5,2,22.31,0,12.82,45.24
AC Voges (AUS),2007-2013,2007,2013,7,31,28,9,870,112*,112,1,45.78,998,87.17,1,4,0,28.06,3.23,12.9,62.336
DJ Richardson (SA),1991-1998,1991,1998,8,122,77,33,868,53,53,0,19.72,1298,66.87,0,1,6,7.11,0,0.82,38.58
MA Vermeulen (ZIM),2000-2009,2000,2009,10,43,43,4,868,92,92,0,22.25,1227,70.74,0,6,4,20.19,0,13.95,41.646
HK Badani (INDIA),2000-2004,2000,2004,5,40,36,10,867,100,100,0,33.34,1180,73.47,1,4,1,21.68,2.5,10,49.392
GO Jones (ENG/PNG),2004-2014,2004,2014,11,51,43,8,862,80,80,0,24.62,1117,77.17,0,4,1,16.9,0,7.84,45.64
TT Samaraweera (SL),1998-2011,1998,2011,14,53,42,11,862,105*,105,1,27.8,1244,69.29,2,0,4,16.26,3.77,0,44.396
SB Smith (AUS),1983-1985,1983,1985,3,28,24,2,861,117,117,0,39.13,1319,65.27,2,8,1,30.75,7.14,28.57,49.586
DL Amiss (ENG),1972-1977,1972,1977,6,18,18,0,859,137,137,0,47.72,1185,72.48,4,1,0,47.72,22.22,5.56,57.624
RA Harper (WI),1983-1996,1983,1996,14,105,73,20,855,45*,45,1,16.13,1162,73.58,0,0,5,8.14,0,0,39.11
WB Phillips (AUS),1982-1986,1982,1986,5,48,41,6,852,75*,75,1,24.34,994,85.71,0,6,1,17.75,0,12.5,48.888
CWJ Athey (ENG),1980-1988,1980,1988,9,31,30,3,848,142*,142,1,31.4,1495,56.72,2,4,1,27.35,6.45,12.9,41.528
RS Kalpage (SL),1992-1999,1992,1999,8,86,69,28,844,51,51,0,20.58,1320,63.93,0,1,2,9.81,0,1.16,37.92
MAR Samarasekera (SL),1983-1994,1983,1994,12,39,39,2,844,76,76,0,22.81,1207,69.92,0,4,2,21.64,0,10.26,41.654
D Ganga (WI),1999-2006,1999,2006,8,35,34,1,843,71,71,0,25.54,1414,59.61,0,9,5,24.09,0,25.71,39.168
CA Ingram (SA),2010-2013,2010,2013,4,31,29,3,843,124,124,0,32.42,1024,82.32,3,3,5,27.19,9.68,9.68,52.38
BM McMillan (SA),1991-1998,1991,1998,8,78,52,16,841,127,127,0,23.36,1147,73.32,1,0,3,10.78,1.28,0,43.344
CK Coventry (ZIM),2003-2015,2003,2015,13,39,35,1,831,194*,194,1,24.44,937,88.68,1,3,5,21.31,2.56,7.69,50.136
Anshuman Rath (HKG),2014-2018,2014,2018,5,18,18,2,828,143*,143,1,51.75,1080,76.66,1,7,1,46,5.56,38.89,61.714
PJ Moor (ZIM),2014-2019,2014,2019,6,49,45,5,827,58*,58,1,20.67,1225,67.51,0,4,3,16.88,0,8.16,39.406
DW Hookes (AUS),1977-1986,1977,1986,10,39,36,2,826,76,76,0,24.29,1146,72.07,0,5,3,21.18,0,12.82,43.402
PJ Hughes (AUS),2013-2014,2013,2014,2,25,24,1,826,138*,138,1,35.91,1100,75.09,2,4,1,33.04,8,16,51.582
AI Kallicharran (WI),1973-1981,1973,1981,9,31,28,4,826,78,78,0,34.41,1329,62.15,0,6,0,26.65,0,19.35,45.506
JR Ratnayeke (SL),1982-1990,1982,1990,9,78,69,14,824,50,50,0,14.98,1571,52.45,0,1,4,10.56,0,1.28,29.968
GN Yallop (AUS),1978-1984,1978,1984,7,30,27,6,823,66*,66,1,39.19,1288,63.89,0,7,1,27.43,0,23.33,49.07
AC Waller (ZIM),1987-1997,1987,1997,11,39,38,3,818,83*,83,1,23.37,1172,69.79,0,4,4,20.97,0,10.26,41.938
DM de Silva (SL),2016-2019,2016,2019,4,42,39,7,814,84,84,0,25.43,1073,75.86,0,4,3,19.38,0,9.52,45.602
Sharjeel Khan (PAK),2013-2017,2013,2017,5,25,25,0,812,152,152,0,32.48,716,113.4,1,6,2,32.48,4,24,64.848
YK Pathan (INDIA),2008-2012,2008,2012,5,57,41,11,810,123*,123,1,27,713,113.6,2,3,7,14.21,3.51,5.26,61.64
AT Carey (AUS),2018-2019,2018,2019,2,29,26,6,804,85,85,0,40.2,874,91.99,0,4,1,27.72,0,13.79,60.916
JM Davison (CAN),2003-2011,2003,2011,9,32,32,2,799,111,111,0,26.63,767,104.17,1,5,5,24.97,3.13,15.63,57.646
Aminul Islam (BDESH),1988-2002,1988,2002,15,39,39,5,794,70,70,0,23.35,1403,56.59,0,3,5,20.36,0,7.69,36.646
Z Khan (Asia/INDIA),2000-2012,2000,2012,13,200,101,35,792,34*,34,1,12,1078,73.46,0,0,15,3.96,0,0,36.584
GB Hogg (AUS),1996-2008,1996,2008,13,123,65,26,790,71*,71,1,20.25,1004,78.68,0,2,9,6.42,0,1.63,43.622
Majid Khan (PAK),1973-1982,1973,1982,10,23,22,1,786,109,109,0,37.42,1052,74.71,1,7,1,34.17,4.35,30.43,52.336
S Wettimuny (SL),1982-1987,1982,1987,6,35,33,1,786,86*,86,1,24.56,1636,48.04,0,4,1,22.46,0,11.43,33.952
Babar Hayat (HKG),2014-2018,2014,2018,5,22,22,2,784,89,89,0,39.2,999,78.47,0,8,3,35.64,0,36.36,54.908
R Lamba (INDIA),1986-1989,1986,1989,4,32,31,2,783,102,102,0,27,1166,67.15,1,6,2,24.47,3.13,18.75,43.06
IH Romaine (BMUDA),2006-2009,2006,2009,4,35,34,3,783,101,101,0,25.25,1222,64.07,1,4,5,22.37,2.86,11.43,40.778
JA Morkel (Afr/SA),2004-2012,2004,2012,9,58,43,10,782,97,97,0,23.69,780,100.25,0,2,1,13.48,0,3.45,54.314
Wasim Raja (PAK),1973-1985,1973,1985,13,54,45,10,782,60,60,0,22.34,1168,66.95,0,2,6,14.48,0,3.7,40.184
Abdur Razzak (BDESH),2004-2014,2004,2014,11,153,97,39,779,53*,53,1,13.43,1020,76.37,0,1,12,5.09,0,0.65,38.606
AR White (IRE),2006-2014,2006,2014,9,61,46,3,776,79,79,0,18.04,1235,62.83,0,1,4,12.72,0,1.64,35.956
Liton Das (BDESH),2015-2019,2015,2019,5,33,33,2,768,121,121,0,24.77,871,88.17,1,3,4,23.27,3.03,9.09,50.13
Saleem Yousuf (PAK),1982-1990,1982,1990,9,86,62,19,768,62,62,0,17.86,1024,75,0,4,5,8.93,0,4.65,40.716
CN Evans (ZIM),1992-2002,1992,2002,11,53,47,5,764,96*,96,1,18.19,1006,75.94,0,2,3,14.42,0,3.77,41.29
Rizwan Cheema (CAN),2008-2013,2008,2013,6,33,32,1,764,94,94,0,24.64,685,111.53,0,6,3,23.15,0,18.18,59.396
KWR Fletcher (ENG),1971-1982,1971,1982,12,24,22,3,757,131,131,0,39.84,1134,66.75,1,5,0,31.54,4.17,20.83,50.604
J Dyson (AUS),1980-1983,1980,1983,4,29,27,4,755,79,79,0,32.82,1553,48.61,0,4,1,26.03,0,13.79,39.136
AR Cusack (IRE),2007-2015,2007,2015,9,59,47,14,745,71,71,0,22.57,1159,64.27,0,2,8,12.63,0,3.39,39.25
AG Cremer (ZIM),2009-2018,2009,2018,10,96,71,20,744,58,58,0,14.58,1196,62.2,0,1,7,7.75,0,1.04,33.628
G Fowler (ENG),1983-1986,1983,1986,4,26,26,2,744,81*,81,1,31,1321,56.32,0,4,2,28.62,0,15.38,41.128
DT Johnston (IRE),2006-2013,2006,2013,8,67,53,15,743,45*,45,1,19.55,785,94.64,0,0,3,11.09,0,0,49.586
Manzoor Elahi (PAK),1984-1995,1984,1995,12,54,46,13,741,50*,50,1,22.45,827,89.6,0,1,1,13.72,0,1.85,49.31
AM Samad (CAN),2003-2009,2003,2009,7,27,27,2,740,130,130,0,29.6,1045,70.81,1,2,2,27.41,3.7,7.41,46.084
A Vala (PNG),2014-2019,2014,2019,6,27,27,0,739,104,104,0,27.37,1082,68.29,1,2,1,27.37,3.7,7.41,43.738
PA Patel (INDIA),2003-2012,2003,2012,10,38,34,3,736,95,95,0,23.74,962,76.5,0,4,2,19.37,0,10.53,44.844
Sohaib Maqsood (PAK),2013-2016,2013,2016,4,26,25,2,735,89*,89,1,31.95,881,83.42,0,5,1,28.27,0,19.23,52.538
MW Machan (SCOT),2013-2016,2013,2016,4,23,22,0,734,114,114,0,33.36,952,77.1,1,3,1,31.91,4.35,13.04,50.856
CJ Nevin (NZ),2000-2003,2000,2003,4,37,36,0,732,74,74,0,20.33,1000,73.2,0,4,4,19.78,0,10.81,41.478
N Pooran (WI),2019-2019,2019,2019,1,19,17,3,728,118,118,0,52,661,110.13,1,5,1,38.32,5.26,26.32,75.252
CJ Tavare (ENG),1980-1984,1980,1984,5,29,28,2,720,83*,83,1,27.69,1471,48.94,0,4,1,24.83,0,13.79,36.19
TP Ura (PNG),2014-2019,2014,2019,6,26,26,0,718,151,151,0,27.61,892,80.49,1,2,2,27.62,3.85,7.69,48.762
MA Ealham (ENG),1996-2001,1996,2001,6,64,45,4,716,45,45,0,17.46,1092,65.56,0,0,4,11.19,0,0,36.7
IJ Harvey (AUS),1997-2004,1997,2004,8,73,51,11,715,48*,48,1,17.87,811,88.16,0,0,2,9.79,0,0,45.986
Muhammad Usman (UAE),2016-2019,2016,2019,4,30,30,4,713,80,80,0,27.42,928,76.83,0,3,2,23.77,0,10,47.184
Saqlain Mushtaq (PAK),1995-2003,1995,2003,9,169,98,38,711,37*,37,1,11.85,1434,49.58,0,0,13,4.21,0,0,26.942
LJ Wright (ENG),2007-2014,2007,2014,8,50,39,4,707,52,52,0,20.2,820,86.21,0,2,5,14.14,0,4,46.604
Mohammad Rizwan (PAK),2015-2019,2015,2019,5,32,28,7,705,115,115,0,33.57,787,89.58,2,3,1,22.03,6.25,9.38,55.974
J Mubarak (SL),2002-2013,2002,2013,12,40,37,6,704,72,72,0,22.7,1115,63.13,0,4,1,17.6,0,10,38.872
PA Wallace (WI),1991-2000,1991,2000,10,33,33,0,701,103,103,0,21.24,1151,60.9,1,2,4,21.24,3.03,6.06,37.104
SM Ervine (ZIM),2001-2004,2001,2004,4,42,34,7,698,100,100,0,25.85,816,85.53,1,2,5,16.62,2.38,4.76,49.722
PL Symcox (SA),1993-1999,1993,1999,7,80,54,13,694,61,61,0,16.92,830,83.61,0,3,6,8.68,0,3.75,43.596
Rameez Shahzad (UAE),2016-2018,2016,2018,3,15,15,2,691,121*,121,1,53.15,817,84.57,2,4,1,46.07,13.33,26.67,65.718
PAJ DeFreitas (ENG),1987-1997,1987,1997,11,103,66,23,690,67,67,0,16.04,823,83.83,0,1,4,6.7,0,0.97,43.156
N Deonarine (WI),2005-2015,2005,2015,11,31,29,3,682,65*,65,1,26.23,989,68.95,0,4,0,22,0,12.9,43.318
Wahab Riaz (PAK),2008-2019,2008,2019,12,89,64,15,680,54*,54,1,13.87,787,86.4,0,2,12,7.64,0,2.25,42.882
JR Murray (WI),1992-1999,1992,1999,8,55,36,6,678,86,86,0,22.6,929,72.98,0,5,4,12.33,0,9.09,42.752
TG Southee (NZ),2008-2019,2008,2019,12,140,85,32,676,55,55,0,12.75,686,98.54,0,1,12,4.83,0,0.71,47.066
R Ashwin (INDIA),2010-2017,2010,2017,8,111,61,19,675,65,65,0,16.07,776,86.98,0,1,6,6.08,0,0.9,44.434
Nizakat Khan (HKG),2014-2018,2014,2018,5,20,20,0,675,94,94,0,33.75,814,82.92,0,3,0,33.75,0,15,53.418
M Muralitharan (Asia/ICC/SL),1993-2011,1993,2011,19,350,162,63,674,33*,33,1,6.8,869,77.56,0,0,25,1.93,0,0,35.104
IM Chappell (AUS),1971-1980,1971,1980,10,16,16,2,673,86,86,0,48.07,874,77,0,8,0,42.06,0,50,59.642
DA Marillier (ZIM),2000-2003,2000,2003,4,48,41,4,672,100,100,0,18.16,949,70.81,1,3,4,14,2.08,6.25,39.22
Rohan Mustafa (UAE),2014-2019,2014,2019,6,34,33,0,671,109,109,0,20.33,985,68.12,1,1,3,19.74,2.94,2.94,39.446
R Powell (WI),2016-2018,2016,2018,3,34,31,3,670,101,101,0,23.92,806,83.12,1,2,2,19.71,2.94,5.88,47.6
UC Hathurusingha (SL),1992-1999,1992,1999,8,35,33,1,669,66,66,0,20.9,1318,50.75,0,4,3,19.11,0,11.43,32.84
AC Botha (IRE),2006-2011,2006,2011,6,42,38,4,666,56,56,0,19.58,970,68.65,0,2,5,15.86,0,4.76,39.208
HE van der Dussen (SA),2019-2019,2019,2019,1,18,14,5,664,95,95,0,73.77,811,81.87,0,7,0,36.89,0,38.89,77.01
CJ Ferguson (AUS),2009-2011,2009,2011,3,30,25,9,663,71*,71,1,41.43,777,85.32,0,5,0,22.1,0,16.67,58.986
LE Plunkett (ENG),2005-2019,2005,2019,15,89,50,19,646,56,56,0,20.83,629,102.7,0,1,3,7.26,0,1.12,53.578
S Ramesh (INDIA),1999-1999,1999,1999,1,24,24,1,646,82,82,0,28.08,1092,59.15,0,6,3,26.92,0,25,40.508
AK Markram (SA),2017-2019,2017,2019,3,26,24,1,643,67*,67,1,27.95,755,85.16,0,2,1,24.73,0,7.69,50.834
Qasim Umar (PAK),1983-1987,1983,1987,5,31,31,3,642,69,69,0,22.92,1125,57.06,0,4,3,20.71,0,12.9,36.576
Abdul Qadir (PAK),1983-1993,1983,1993,11,104,68,26,641,41*,41,1,15.26,849,75.5,0,0,6,6.16,0,0,39.356
DL Hemp (BMUDA),2006-2009,2006,2009,4,22,22,3,641,102*,102,1,33.73,912,70.28,1,4,4,29.14,4.55,18.18,48.35
CEL Ambrose (WI),1988-2000,1988,2000,13,176,96,36,639,31*,31,1,10.65,985,64.87,0,0,13,3.63,0,0,32.338
BMAJ Mendis (SL),2010-2019,2010,2019,10,58,44,10,636,72,72,0,18.7,769,82.7,0,1,2,10.97,0,1.72,44.3
C de Grandhomme (NZ),2012-2019,2012,2019,8,38,29,6,633,74*,74,1,27.52,590,107.28,0,3,2,16.66,0,7.89,59.424
JF Reid (NZ),1980-1986,1980,1986,7,25,24,1,633,88,88,0,27.52,1084,58.39,0,4,0,25.32,0,16,39.868
DLS van Bunge (NL),2002-2013,2002,2013,12,37,31,1,633,80,80,0,21.1,953,66.42,0,3,2,17.11,0,8.11,39.228
PSP Handscomb (AUS),2017-2019,2017,2019,3,22,20,1,632,117,117,0,33.26,649,97.38,1,4,2,28.73,4.55,18.18,58.908
RMH Binny (INDIA),1980-1987,1980,1987,8,72,49,10,629,57,57,0,16.12,1046,60.13,0,1,4,8.74,0,1.39,33.724
GR Larsen (NZ),1990-1999,1990,1999,10,121,70,27,629,37,37,0,14.62,970,64.84,0,0,6,5.2,0,0,34.708
AM Blignaut (ZIM),1999-2010,1999,2010,12,54,41,8,626,63*,63,1,18.96,589,106.28,0,5,3,11.59,0,9.26,53.888
DJ Nash (NZ),1992-2002,1992,2002,11,81,53,13,624,42,42,0,15.6,940,66.38,0,0,3,7.7,0,0,35.912
DN Patel (NZ),1987-1997,1987,1997,11,75,63,10,623,71,71,0,11.75,868,71.77,0,1,6,8.31,0,1.33,35.758
RR Patel (KENYA),2008-2014,2008,2014,7,39,35,4,621,92,92,0,20.03,978,63.49,0,2,3,15.92,0,5.13,37.414
GRJ Matthews (AUS),1984-1993,1984,1993,10,59,50,13,619,54,54,0,16.72,911,67.94,0,1,5,10.49,0,1.69,37.208
WV Raman (INDIA),1988-1996,1988,1996,9,27,27,1,617,114,114,0,23.73,1109,55.63,1,3,6,22.85,3.7,11.11,36.49
GJ Rennie (ZIM),1996-2003,1996,2003,8,40,37,6,617,76,76,0,19.9,928,66.48,0,2,5,15.43,0,5,38.532
SFAF Bacchus (WI),1978-1983,1978,1983,6,29,26,3,612,80*,80,1,26.6,928,65.94,0,3,2,21.1,0,10.34,42.336
RJ Ratnayake (SL),1982-1993,1982,1993,12,70,55,18,612,33*,33,1,16.54,705,86.8,0,0,4,8.74,0,0,44.644
J Botha (Afr/SA),2005-2012,2005,2012,8,78,50,18,609,46,46,0,19.03,710,85.77,0,0,2,7.81,0,0,45.726
D Gough (ENG/ICC),1994-2006,1994,2006,13,159,87,38,609,46*,46,1,12.42,947,64.3,0,0,10,3.83,0,0,33.172
AJ Hollioake (ENG),1996-1999,1996,1999,4,35,30,6,606,83*,83,1,25.25,807,75.09,0,3,1,17.31,0,8.57,45.186
RW Chakabva (ZIM),2008-2019,2008,2019,12,38,35,2,599,78*,78,1,18.15,1017,58.89,0,1,2,15.76,0,2.63,34.446
RIC Holder (WI),1993-1997,1993,1997,5,37,31,6,599,65,65,0,23.96,876,68.37,0,2,4,16.19,0,5.41,41.724
RT Robinson (ENG),1984-1988,1984,1988,5,26,26,0,597,83,83,0,22.96,1026,58.18,0,3,2,22.96,0,11.54,37.048
BM Laird (AUS),1979-1982,1979,1982,4,23,23,3,594,117*,117,1,29.7,1105,53.75,1,2,0,25.83,4.35,8.7,39.32
Mansoor Akhtar (PAK),1980-1990,1980,1990,11,41,35,1,593,47,47,0,17.44,1148,51.65,0,0,1,14.46,0,0,31.124
W Larkins (ENG),1979-1991,1979,1991,13,25,24,0,591,124,124,0,24.62,1047,56.44,1,0,3,23.64,4,0,37.348
LOB Cann (BMUDA),2006-2009,2006,2009,4,26,25,3,590,52,52,0,26.81,504,117.06,0,1,3,22.69,0,3.85,62.91
AU Rashid (ENG),2009-2019,2009,2019,11,99,43,12,588,69,69,0,18.96,574,102.43,0,1,4,5.94,0,1.01,52.348
FDM Karunaratne (SL),2011-2019,2011,2019,9,28,24,2,586,97,97,0,26.63,801,73.15,0,4,3,20.93,0,14.29,45.238
RJ Nicol (NZ),2011-2013,2011,2013,3,22,21,2,586,146,146,0,30.84,776,75.51,2,2,2,26.64,9.09,9.09,48.708
SB Joshi (INDIA),1996-2001,1996,2001,6,69,45,11,584,61*,61,1,17.17,653,89.43,0,1,4,8.46,0,1.45,46.074
RT Latham (NZ),1990-1994,1990,1994,5,33,33,4,583,60,60,0,20.1,1008,57.83,0,1,3,17.67,0,3.03,35.192
Khurram Khan (UAE),2004-2015,2004,2015,12,16,16,2,582,132*,132,1,41.57,725,80.27,1,3,0,36.38,6.25,18.75,57.05
R Mutumbami (ZIM),2014-2019,2014,2019,6,33,31,2,582,74,74,0,20.06,814,71.49,0,3,3,17.64,0,9.09,40.632
JL Carter (WI),2015-2019,2015,2019,5,33,28,3,581,54,54,0,23.24,822,70.68,0,3,1,17.61,0,9.09,42.216
GH Dockrell (IRE),2010-2019,2010,2019,10,87,57,22,579,62*,62,1,16.54,835,69.34,0,2,5,6.66,0,2.3,37.66
DAS Gunaratne (SL),2016-2019,2016,2019,4,31,25,4,575,114*,114,1,27.38,724,79.41,1,1,0,18.55,3.23,3.23,48.192
BJ Hodge (AUS),2005-2007,2005,2007,3,25,21,2,575,123,123,0,30.26,657,87.51,1,3,3,23,4,12,53.16
MJR Rindel (SA),1994-1999,1994,1999,6,22,22,1,575,106,106,0,27.38,860,66.86,1,2,1,26.14,4.55,9.09,43.172
Tushar Imran (BDESH),2001-2007,2001,2007,7,41,40,0,574,65,65,0,14.35,970,59.17,0,2,8,14,0,4.88,32.278
BJ Watling (NZ),2010-2018,2010,2018,9,28,25,2,573,96*,96,1,24.91,838,68.37,0,5,3,20.46,0,17.86,42.294
C White (ENG),1994-2003,1994,2003,10,51,41,5,568,57*,57,1,15.77,928,61.2,0,1,9,11.14,0,1.96,33.942
SL Malinga (SL),2004-2019,2004,2019,16,226,119,36,567,56,56,0,6.83,761,74.5,0,1,26,2.51,0,0.44,33.898
RM Haq (SCOT),2006-2015,2006,2015,10,54,40,6,566,71,71,0,16.64,931,60.79,0,3,6,10.48,0,5.56,34.3
KS More (INDIA),1984-1993,1984,1993,10,94,65,22,563,42*,42,1,13.09,808,69.67,0,0,5,5.99,0,0,35.722
HG Munsey (SCOT),2017-2019,2017,2019,3,25,25,3,562,61,61,0,25.54,732,76.77,0,2,3,22.48,0,8,46.032
CR Brathwaite (WI),2011-2019,2011,2019,9,44,37,3,559,101,101,0,16.44,614,91.04,1,1,2,12.7,2.27,2.27,46.28
Mominul Haque (BDESH),2012-2018,2012,2018,7,28,26,1,557,60,60,0,22.28,749,74.36,0,3,1,19.89,0,10.71,43.112
Aamer Malik (PAK),1988-1994,1988,1994,7,24,23,1,556,90,90,0,25.27,989,56.21,0,5,1,23.17,0,20.83,37.646
RJ Peterson (SA),2002-2014,2002,2014,13,79,41,14,556,68,68,0,20.59,688,80.81,0,1,4,7.04,0,1.27,44.678
GS Blewett (AUS),1995-1999,1995,1999,5,32,30,3,551,57*,57,1,20.4,889,61.97,0,2,3,17.22,0,6.25,37.028
JN Mohammed (WI),2011-2018,2011,2018,8,28,24,1,551,91*,91,1,23.95,795,69.3,0,4,2,19.68,0,14.29,42.09
Mosaddek Hossain (BDESH),2016-2019,2016,2019,4,35,30,10,549,52*,52,1,27.45,633,86.72,0,2,1,15.69,0,5.71,51.158
AL Phehlukwayo (SA),2016-2019,2016,2019,4,52,32,15,549,69*,69,1,32.29,610,90,0,1,3,10.56,0,1.92,55.374
TJ Friend (ZIM),2000-2004,2000,2004,5,51,39,5,548,91,91,0,16.11,724,75.69,0,3,5,10.75,0,5.88,39.942
T Duffin (ZIM),2006-2007,2006,2007,2,23,23,0,546,88,88,0,23.73,993,54.98,0,3,1,23.74,0,13.04,36.23
Mohammad Wasim (PAK),1996-2000,1996,2000,5,25,25,2,543,76,76,0,23.6,1043,52.06,0,3,4,21.72,0,12,34.984
XM Marshall (USA/WI),2005-2019,2005,2019,15,33,33,3,542,157*,157,1,18.06,810,66.91,1,1,6,16.42,3.03,3.03,37.6
AP Kuiper (SA),1991-1996,1991,1996,6,25,23,7,539,63*,63,1,33.68,662,81.41,0,3,0,21.56,0,12,52.772
P Willey (ENG),1977-1986,1977,1986,10,26,24,1,538,64,64,0,23.39,855,62.92,0,5,3,20.69,0,19.23,39.202
MC Snedden (NZ),1980-1990,1980,1990,11,93,54,19,535,64,64,0,15.28,843,63.46,0,1,4,5.75,0,1.08,34.552
Athar Ali Khan (BDESH),1988-1998,1988,1998,11,19,19,1,532,82,82,0,29.55,945,56.29,0,3,3,28,0,15.79,40.246
IS Billcliff (CAN),2003-2009,2003,2009,7,19,19,0,529,93,93,0,27.84,793,66.7,0,4,0,27.84,0,21.05,43.384
SCJ Broad (ENG),2006-2016,2006,2016,11,121,68,25,529,45*,45,1,12.3,709,74.61,0,0,8,4.37,0,0,37.224
NN Odhiambo (KENYA),2006-2014,2006,2014,9,69,53,9,528,66,66,0,12,737,71.64,0,1,9,7.65,0,1.45,35.856
B Kumar (INDIA),2012-2019,2012,2019,8,114,52,15,526,53*,53,1,14.21,703,74.82,0,1,8,4.61,0,0.88,38.454
Naved-ul-Hasan (PAK),2003-2010,2003,2010,8,74,51,18,524,33,33,0,15.87,620,84.51,0,0,4,7.08,0,0,43.326
Amjad Ali (UAE),2008-2015,2008,2015,8,17,17,0,520,98,98,0,30.58,680,76.47,0,3,0,30.59,0,17.65,48.936
LK Germon (NZ),1994-1997,1994,1997,4,37,31,5,519,89,89,0,19.96,787,65.94,0,3,2,14.03,0,8.11,38.352
Mudassar Bukhari (NL),2007-2014,2007,2014,8,46,34,4,516,71,71,0,17.2,671,76.9,0,2,4,11.22,0,4.35,41.08
TAM Siriwardana (SL),2015-2019,2015,2019,5,27,24,1,516,66,66,0,22.43,525,98.28,0,3,1,19.11,0,11.11,52.77
KM Dabengwa (ZIM),2005-2010,2005,2010,6,37,34,7,514,45,45,0,19.03,851,60.39,0,0,4,13.89,0,0,35.574
PK Amre (INDIA),1991-1994,1991,1994,4,37,30,5,513,84*,84,1,20.52,799,64.2,0,2,1,13.86,0,5.41,37.992
Dawlat Zadran (AFG),2011-2019,2011,2019,9,82,56,27,513,47*,47,1,17.68,664,77.25,0,0,7,6.26,0,0,41.508
KD Walters (AUS),1971-1981,1971,1981,11,28,24,6,513,59,59,0,28.5,732,70.08,0,2,1,18.32,0,7.14,45.132
JG Bracewell (NZ),1983-1990,1983,1990,8,53,43,12,512,43,43,0,16.51,717,71.4,0,0,6,9.66,0,0,38.466
DP Viljoen (ZIM),1997-2001,1997,2001,5,53,43,7,512,63*,63,1,14.22,827,61.91,0,2,5,9.66,0,3.77,33.296
JM Brearley (ENG),1977-1980,1977,1980,4,25,24,3,510,78,78,0,24.28,1120,45.53,0,3,6,20.4,0,12,32.78
WD Parnell (SA),2009-2017,2009,2017,9,65,38,14,508,56,56,0,21.16,648,78.39,0,1,3,7.82,0,1.54,44.052
AO Suji (KENYA),1996-2008,1996,2008,13,60,46,7,506,67,67,0,12.97,977,51.79,0,1,1,8.43,0,1.67,28.498
AN Petersen (SA),2006-2013,2006,2013,8,21,19,1,504,80,80,0,28,610,82.62,0,4,0,24,0,19.05,49.848
Taufeeq Umar (PAK),2001-2011,2001,2011,11,22,22,1,504,81*,81,1,24,895,56.31,0,3,0,22.91,0,13.64,36.924
PR Reiffel (AUS),1992-1999,1992,1999,8,92,57,21,503,58,58,0,13.97,709,70.94,0,1,5,5.47,0,1.09,36.758
AR Nurse (WI),2016-2019,2016,2019,4,54,40,14,502,44,44,0,19.3,513,97.85,0,0,2,9.3,0,0,50.72
JE Emburey (ENG),1980-1993,1980,1993,14,61,45,10,501,34,34,0,14.31,664,75.45,0,0,3,8.21,0,0,38.766
Ghulam Shabber (UAE),2017-2019,2017,2019,3,23,23,0,500,90,90,0,21.73,800,62.5,0,4,2,21.74,0,17.39,38.038
GP Swann (ENG),2000-2013,2000,2013,14,79,48,12,500,34,34,0,13.88,553,90.41,0,0,3,6.33,0,0,44.492
JH Davey (SCOT),2010-2019,2010,2019,10,31,28,6,497,64,64,0,22.59,742,66.98,0,2,2,16.03,0,6.45,40.346
JJ Tucker (BMUDA),2006-2009,2006,2009,4,26,26,1,496,52,52,0,19.84,726,68.31,0,1,1,19.08,0,3.85,39.228
DJ Callaghan (SA),1992-2000,1992,2000,9,29,25,6,493,169*,169,1,25.94,726,67.9,1,0,2,17,3.45,0,42.724
Mohammad Mithun (BDESH),2014-2019,2014,2019,6,24,21,2,493,63,63,0,25.94,659,74.81,0,4,1,20.54,0,16.67,45.488
Naimur Rahman (BDESH),1995-2002,1995,2002,8,29,27,2,488,47,47,0,19.52,771,63.29,0,0,3,16.83,0,0,37.028
JWM Dalrymple (ENG),2006-2007,2006,2007,2,27,26,1,487,67,67,0,19.48,672,72.47,0,2,2,18.04,0,7.41,40.676
AC Cummins (CAN/WI),1991-2007,1991,2007,17,76,49,13,486,44*,44,1,13.5,586,82.93,0,0,4,6.39,0,0,41.272
R McLaren (SA),2009-2014,2009,2014,6,54,41,15,485,71*,71,1,18.65,680,71.32,0,1,3,8.98,0,1.85,39.718
MRJ Veletta (AUS),1987-1989,1987,1989,3,20,19,4,484,68*,68,1,32.26,642,75.38,0,2,2,24.2,0,10,49.508
CS Baugh (WI),2003-2012,2003,2012,10,47,35,11,482,49,49,0,20.08,719,67.03,0,0,2,10.26,0,0,38.86
AA Mulla (CAN),2006-2009,2006,2009,4,24,24,0,482,58,58,0,20.08,595,81,0,1,2,20.08,0,4.17,44.448
SR Patel (ENG),2008-2013,2008,2013,6,36,22,7,482,70*,70,1,32.13,517,93.23,0,1,1,13.39,0,2.78,56.57
CD Wallace (SCOT),2012-2019,2012,2019,8,28,24,1,482,58,58,0,20.95,527,91.46,0,4,1,17.21,0,14.29,49.154
DJ Reekers (NL),2006-2009,2006,2009,4,19,19,0,481,104,104,0,25.31,411,117.03,1,0,3,25.32,5.26,0,61.998
TN de Grooth (NL),2006-2013,2006,2013,8,34,32,4,480,97,97,0,17.14,774,62.01,0,1,1,14.12,0,2.94,35.088
DA Minors (BMUDA),2006-2007,2006,2007,2,20,20,2,478,68,68,0,26.55,791,60.42,0,3,1,23.9,0,15,40.098
BG Rogers (ZIM),2002-2005,2002,2005,4,15,15,0,478,84,84,0,31.86,689,69.37,0,5,2,31.87,0,33.33,46.864
S Lee (AUS),1995-2001,1995,2001,7,45,35,8,477,47,47,0,17.66,500,95.4,0,0,3,10.6,0,0,48.756
SS Iyer (INDIA),2017-2019,2017,2019,3,12,10,0,476,88,88,0,47.6,454,104.84,0,6,0,39.67,0,50,70.496
Karim Sadiq (AFG),2009-2016,2009,2016,8,24,22,2,475,114*,114,1,23.75,587,80.91,2,0,3,19.79,8.33,0,46.614
MA Leask (SCOT),2014-2019,2014,2019,6,34,28,6,474,59*,59,1,21.54,437,108.46,0,3,1,13.94,0,8.82,56.308
CA Best (WI),1986-1992,1986,1992,7,24,23,4,473,100,100,0,24.89,690,68.55,1,2,2,19.71,4.17,8.33,42.354
AJ Bichel (AUS),1997-2004,1997,2004,8,67,36,13,471,64,64,0,20.47,600,78.5,0,1,5,7.03,0,1.49,43.682
L Siaka (PNG),2014-2019,2014,2019,6,25,25,0,471,109,109,0,18.84,626,75.23,1,1,4,18.84,4,4,41.396
H Patel (CAN),2009-2013,2009,2013,5,23,23,1,468,62,62,0,21.27,584,80.13,0,2,3,20.35,0,8.7,44.814
MD Shanaka (SL),2016-2019,2016,2019,4,22,19,1,468,68,68,0,26,404,115.84,0,3,1,21.27,0,13.64,61.936
CH Morris (SA),2013-2019,2013,2019,7,42,27,4,467,62,62,0,20.3,465,100.43,0,1,0,11.12,0,2.38,52.352
ALF de Mel (SL),1982-1987,1982,1987,6,57,41,9,466,36,36,0,14.56,595,78.31,0,0,6,8.18,0,0,40.06
AO Malhotra (INDIA),1982-1986,1982,1986,5,20,19,4,457,65,65,0,30.46,645,70.85,0,1,0,22.85,0,5,46.616
Umar Gul (PAK),2003-2016,2003,2016,14,130,65,18,457,39,39,0,9.72,642,71.18,0,0,10,3.52,0,0,34.304
C Sharma (INDIA),1983-1994,1983,1994,12,65,35,16,456,101*,101,1,24,504,90.47,1,0,3,7.02,1.54,0,50.588
GEF Barnett (CAN),2006-2010,2006,2010,5,22,22,0,455,77,77,0,20.68,745,61.07,0,1,1,20.68,0,4.55,36.836
R Gunasekera (CAN),2008-2014,2008,2014,7,19,19,0,455,72,72,0,23.94,677,67.2,0,6,3,23.95,0,31.58,41.244
RR Hendricks (SA),2018-2019,2018,2019,2,18,18,1,455,102,102,0,26.76,591,76.98,1,2,1,25.28,5.56,11.11,46.848
MD Dai (PNG),2014-2018,2014,2018,5,18,18,2,454,76*,76,1,28.37,585,77.6,0,3,1,25.22,0,16.67,48.062
Minhajul Abedin (BDESH),1986-1999,1986,1999,14,27,26,2,453,68*,68,1,18.87,909,49.83,0,2,3,16.78,0,7.41,31.254
Mehrab Hossain (BDESH),1998-2003,1998,2003,6,18,18,0,449,101,101,0,24.94,763,58.84,1,2,2,24.94,5.56,11.11,38.5
WIA Fernando (SL),2016-2019,2016,2019,4,15,15,0,447,104,104,0,29.8,464,96.33,1,2,2,29.8,6.67,13.33,56.412
TE Blain (NZ),1986-1994,1986,1994,9,38,38,11,442,49*,49,1,16.37,662,66.76,0,0,6,11.63,0,0,36.526
SAR Silva (SL),1984-1985,1984,1985,2,20,20,0,441,85,85,0,22.05,838,52.62,0,3,1,22.05,0,15,34.278
MK Pandey (INDIA),2015-2018,2015,2018,4,23,18,6,440,104*,104,1,36.66,479,91.85,1,2,2,19.13,4.35,8.7,58.736
GR Viswanath (INDIA),1974-1982,1974,1982,9,25,23,1,439,75,75,0,19.95,830,52.89,0,2,1,17.56,0,8,33.126
RL Chase (WI),2017-2019,2017,2019,3,25,18,2,438,94,94,0,27.37,575,76.17,0,2,2,17.52,0,8,46.89
JP Maher (AUS),1998-2003,1998,2003,6,26,20,3,438,95,95,0,25.76,673,65.08,0,1,1,16.85,0,3.85,41.488
AH Omarshah (ZIM),1983-1996,1983,1996,14,28,28,2,437,60*,60,1,16.8,860,50.81,0,1,4,15.61,0,3.57,30.404
PL Taylor (AUS),1987-1992,1987,1992,6,83,47,25,437,54*,54,1,19.86,583,74.95,0,1,4,5.27,0,1.2,41.896
DN Chudasama (KENYA),1996-1999,1996,1999,4,20,19,0,434,122,122,0,22.84,685,63.35,1,1,2,21.7,5,5,39.044
CJ McDermott (AUS),1985-1996,1985,1996,12,138,78,17,432,37,37,0,7.08,492,87.8,0,0,15,3.13,0,0,39.368
CJO Smith (SCOT),2006-2009,2006,2009,4,27,26,4,432,59,59,0,19.63,640,67.5,0,2,3,16,0,7.41,38.778
Shafiqullah (AFG),2009-2018,2009,2018,10,24,21,2,430,56,56,0,22.63,408,105.39,0,2,4,17.92,0,8.33,55.734
DR Pringle (ENG),1982-1993,1982,1993,12,44,30,12,425,49*,49,1,23.61,616,68.99,0,0,1,9.66,0,0,41.762
MN van Wyk (SA),2003-2015,2003,2015,13,17,17,1,425,82,82,0,26.56,617,68.88,0,4,2,25,0,23.53,43.488
AK Sharma (INDIA),1988-1993,1988,1993,6,31,27,6,424,59*,59,1,20.19,469,90.4,0,3,2,13.68,0,9.68,48.274
RC Russell (ENG),1987-1998,1987,1998,12,40,31,7,423,50,50,0,17.62,638,66.3,0,1,0,10.58,0,2.5,37.092
AS Hansra (CAN),2010-2014,2010,2014,5,24,22,4,421,70*,70,1,23.38,725,58.06,0,2,2,17.54,0,8.33,37.252
S Prasanna (SL),2011-2019,2011,2019,9,40,37,3,421,95,95,0,12.38,445,94.6,0,2,7,10.53,0,5,45.268
SMA Priyanjan (SL),2013-2015,2013,2015,3,23,20,2,420,74,74,0,23.33,522,80.45,0,2,0,18.26,0,8.7,46.178
AR Adams (NZ),2001-2007,2001,2007,7,42,34,10,419,45,45,0,17.45,417,100.47,0,0,1,9.98,0,0,50.658
SR Waters (KENYA),2008-2011,2008,2011,4,20,20,0,419,74,74,0,20.95,751,55.79,0,2,2,20.95,0,10,34.886
CO Browne (WI),1995-2005,1995,2005,11,46,32,8,415,46*,46,1,17.29,590,70.33,0,0,3,9.02,0,0,38.506
Farhad Reza (BDESH),2006-2011,2006,2011,6,34,31,6,412,50,50,0,16.48,636,64.77,0,1,2,12.12,0,2.94,35.796
Usman Ghani (AFG),2014-2017,2014,2017,4,15,15,0,411,118,118,0,27.4,520,79.03,1,2,2,27.4,6.67,13.33,48.052
GB Brent (ZIM),1996-2008,1996,2008,13,70,54,20,408,59*,59,1,12,698,58.45,0,1,3,5.83,0,1.43,30.58
CB Lambert (USA/WI),1990-2004,1990,2004,15,12,12,0,407,119,119,0,33.91,540,75.37,1,2,1,33.92,8.33,16.67,50.494
RW Price (ZIM),2002-2012,2002,2012,11,102,59,17,406,46,46,0,9.66,701,57.91,0,0,10,3.98,0,0,28.96
IR Bishop (WI),1988-1997,1988,1997,10,84,44,19,405,33*,33,1,16.2,776,52.19,0,0,3,4.82,0,0,30.596
EA Brandes (ZIM),1987-1999,1987,1999,13,59,41,10,404,55,55,0,13.03,448,90.17,0,2,3,6.85,0,3.39,43.886
ID Blackwell (ENG),2002-2006,2002,2006,5,34,29,2,403,82,82,0,14.92,465,86.66,0,1,6,11.85,0,2.94,43.616
F Mutizwa (ZIM),2009-2011,2009,2011,3,17,15,2,403,79,79,0,31,502,80.27,0,4,2,23.71,0,23.53,50.708
JP Bray (IRE),2006-2007,2006,2007,2,15,15,1,401,116,116,0,28.64,594,67.5,2,0,2,26.73,13.33,0,44.184
RG de Alwis (SL),1983-1988,1983,1988,6,31,27,8,401,59*,59,1,21.1,512,78.32,0,2,2,12.94,0,6.45,43.988
S Madan Lal (INDIA),1974-1987,1974,1987,14,67,35,14,401,53*,53,1,19.09,645,62.17,0,1,1,5.99,0,1.49,36.322
TBM de Leede (NL),1996-2007,1996,2007,12,29,25,1,400,58*,58,1,16.66,628,63.69,0,2,4,13.79,0,6.9,35.472
WS Jayantha (SL),2004-2004,2004,2004,1,17,17,2,400,74*,74,1,26.66,530,75.47,0,2,2,23.53,0,11.76,46.184
Mushtaq Ahmed (PAK),1989-2003,1989,2003,15,144,76,34,399,34*,34,1,9.5,698,57.16,0,0,10,2.77,0,0,28.564
Sohail Tanvir (PAK),2007-2014,2007,2014,8,62,40,11,399,59,59,0,13.75,458,87.11,0,1,3,6.44,0,1.61,43.094
DR Chumney (CAN),2003-2007,2003,2007,5,21,21,2,397,48,48,0,20.89,595,66.72,0,0,0,18.9,0,0,39.222
Mohammad Naveed (UAE),2014-2019,2014,2019,6,39,34,10,397,45,45,0,16.54,323,122.91,0,0,2,10.18,0,0,59.088
IA Karim (KENYA),2011-2014,2011,2014,4,9,9,0,396,112,112,0,44,522,75.86,2,1,0,44,22.22,11.11,56.744
AB Barath (WI),2010-2012,2010,2012,3,14,14,1,394,113,113,0,30.3,612,64.37,1,1,2,28.14,7.14,7.14,43.928
Shoaib Akhtar (Asia/ICC/PAK),1998-2011,1998,2011,14,163,84,40,394,43,43,0,8.95,538,73.23,0,0,11,2.42,0,0,34.662
T Thushara (SL),2008-2010,2008,2010,3,38,27,6,392,54*,54,1,18.66,424,92.45,0,1,4,10.32,0,2.63,48.176
PJ Ongondo (Afr/KENYA),1999-2011,1999,2011,13,79,62,19,391,36,36,0,9.09,621,62.96,0,0,9,4.95,0,0,30.638
Mirwais Ashraf (AFG),2009-2016,2009,2016,8,46,38,11,387,52*,52,1,14.33,543,71.27,0,1,3,8.41,0,2.17,37.106
AF Giles (ENG),1997-2005,1997,2005,9,62,35,13,385,41,41,0,17.5,551,69.87,0,0,2,6.21,0,0,38.448
Hannan Sarkar (BDESH),2002-2004,2002,2004,3,20,20,0,383,61,61,0,19.15,713,53.71,0,3,2,19.15,0,15,32.974
Sadiq Mohammad (PAK),1973-1980,1973,1980,8,19,19,1,383,74,74,0,21.27,755,50.72,0,2,0,20.16,0,10.53,33.05
Mehidy Hasan Miraz (BDESH),2017-2019,2017,2019,3,38,24,4,381,51,51,0,19.05,498,76.5,0,1,0,10.03,0,2.63,42.03
MH Dekker (ZIM),1992-1996,1992,1996,5,23,22,2,379,79,79,0,18.95,798,47.49,0,2,0,16.48,0,8.7,30.366
DM Wellham (AUS),1981-1987,1981,1987,7,17,17,2,379,97,97,0,25.26,699,54.22,0,1,0,22.29,0,5.88,36.844
S Bau (PNG),2016-2019,2016,2019,4,21,21,1,378,59,59,0,18.9,602,62.79,0,1,4,18,0,4.76,36.456
U Bhatti (CAN),2006-2010,2006,2010,5,36,30,8,378,46,46,0,17.18,513,73.68,0,0,2,10.5,0,0,39.78
GF Lawson (AUS),1980-1989,1980,1989,10,79,52,18,378,33*,33,1,11.11,500,75.6,0,0,9,4.78,0,0,36.906
MR Ramprakash (ENG),1991-2001,1991,2001,11,18,18,4,376,51,51,0,26.85,544,69.11,0,1,0,20.89,0,5.56,43.754
Al Sahariar (BDESH),1999-2003,1999,2003,5,29,29,1,374,62*,62,1,13.35,709,52.75,0,2,6,12.9,0,6.9,29.11
CC Lewis (ENG),1990-1998,1990,1998,9,53,40,14,374,33,33,0,14.38,459,81.48,0,0,6,7.06,0,0,41.22
SMH Kirmani (INDIA),1976-1986,1976,1986,11,49,31,13,373,48*,48,1,20.72,616,60.55,0,0,2,7.61,0,0,36.652
DS de Silva (SL),1975-1985,1975,1985,11,41,29,10,371,37*,37,1,19.52,691,53.69,0,0,0,9.05,0,0,33.188
S Chattergoon (WI),2006-2009,2006,2009,4,18,17,2,370,54*,54,1,24.66,615,60.16,0,2,2,20.56,0,11.11,38.86
PJ Forrest (AUS),2012-2012,2012,2012,1,15,14,0,368,104,104,0,26.28,561,65.59,1,3,2,24.53,6.67,20,42.004
DW Steyn (Afr/SA),2005-2019,2005,2019,15,125,51,12,365,60,60,0,9.35,562,64.94,0,1,8,2.92,0,0.8,31.586
WM Darling (AUS),1978-1982,1978,1982,5,18,18,1,363,74,74,0,21.35,679,53.46,0,1,0,20.17,0,5.56,34.194
Mohammad Amir (PAK),2009-2019,2009,2019,11,61,30,10,363,73*,73,1,18.15,444,81.75,0,2,5,5.95,0,3.28,43.59
SP Narine (WI),2011-2016,2011,2016,6,65,45,12,363,36,36,0,11,441,82.31,0,0,8,5.58,0,0,39.524
SS Karim (INDIA),1997-2000,1997,2000,4,34,27,4,362,55,55,0,15.73,560,64.64,0,1,2,10.65,0,2.94,35.294
R Rampaul (WI),2003-2015,2003,2015,13,92,40,11,362,86*,86,1,12.48,472,76.69,0,1,3,3.93,0,1.09,38.164
Shahriar Hossain (BDESH),1997-2004,1997,2004,8,20,19,0,362,95,95,0,19.05,682,53.07,0,2,4,18.1,0,10,32.658
SW Ambris (WI),2017-2019,2017,2019,3,9,8,2,361,148,148,0,60.16,354,101.97,1,1,0,40.11,11.11,11.11,76.884
Asif Ali (PAK),2018-2019,2018,2019,2,18,14,1,361,52,52,0,27.76,280,128.92,0,3,0,20.06,0,16.67,68.224
DG Brownlie (NZ),2012-2017,2012,2017,6,16,15,1,361,63,63,0,25.78,486,74.27,0,1,0,22.56,0,6.25,45.176
Hazratullah Zazai (AFG),2018-2019,2018,2019,2,16,16,0,361,67,67,0,22.56,409,88.26,0,2,1,22.56,0,12.5,48.84
WK McCallan (IRE),2006-2009,2006,2009,4,39,28,10,361,50*,50,1,20.05,419,86.15,0,1,5,9.26,0,2.56,46.49
RC Irani (ENG),1996-2003,1996,2003,8,31,30,5,360,53,53,0,14.4,549,65.57,0,1,7,11.61,0,3.23,34.868
Mushfiqur Rahman (BDESH),2000-2004,2000,2004,5,28,25,3,360,49,49,0,16.36,690,52.17,0,0,4,12.86,0,0,30.684
BJ Patel (KENYA),2001-2006,2001,2006,6,31,25,3,360,44,44,0,16.36,736,48.91,0,0,4,11.61,0,0,29.38
AD Brown (ENG),1996-2001,1996,2001,6,16,16,0,354,118,118,0,22.12,427,82.9,1,1,2,22.13,6.25,6.25,46.432
ADS Fletcher (WI),2008-2016,2008,2016,9,25,25,0,354,54,54,0,14.16,549,64.48,0,2,3,14.16,0,8,34.288
Nasir Jamal (AFG),2014-2018,2014,2018,5,16,14,1,352,53,53,0,27.07,537,65.54,0,3,1,22,0,18.75,42.458
Wajahatullah Wasti (PAK),1999-2000,1999,2000,2,15,15,0,349,84,84,0,23.26,713,48.94,0,1,1,23.27,0,6.67,33.532
Aaron Jones (USA),2019-2019,2019,2019,1,9,9,0,348,95,95,0,38.66,521,66.79,0,3,1,38.67,0,33.33,49.912
MA Starc (AUS),2010-2019,2010,2019,10,85,46,18,348,52*,52,1,12.42,389,89.46,0,1,7,4.09,0,1.18,43.236
Zahid Fazal (PAK),1990-1994,1990,1994,5,19,18,3,348,98*,98,1,23.2,584,59.58,0,2,0,18.32,0,10.53,37.752
RR Pant (INDIA),2018-2019,2018,2019,2,15,13,0,346,71,71,0,26.61,328,105.48,0,1,1,23.07,0,6.67,58.158
RDB Croft (ENG),1996-2001,1996,2001,6,50,36,12,345,32,32,0,14.37,519,66.47,0,0,4,6.9,0,0,35.21
Ashfaq Ahmed (UAE),2018-2019,2018,2019,2,16,16,0,344,92,92,0,21.5,387,88.88,0,2,1,21.5,0,12.5,48.452
GP Wickramasinghe (SL),1990-2002,1990,2002,13,134,64,24,344,32,32,0,8.6,543,63.35,0,0,12,2.57,0,0,30.5
DNT Zoysa (SL),1997-2007,1997,2007,11,95,47,21,343,47*,47,1,13.19,358,95.81,0,0,5,3.61,0,0,46.238
HH Kanitkar (INDIA),1997-2000,1997,2000,4,34,27,8,339,57,57,0,17.84,512,66.21,0,1,2,9.97,0,2.94,37.188
M Vijay (INDIA),2010-2015,2010,2015,6,17,16,0,339,72,72,0,21.18,506,66.99,0,1,0,19.94,0,5.88,39.504
BE Congdon (NZ),1973-1978,1973,1978,6,11,9,3,338,101,101,0,56.33,472,71.61,1,2,0,30.73,9.09,18.18,62.442
CM Old (ENG),1973-1981,1973,1981,9,32,25,7,338,51*,51,1,18.77,401,84.28,0,1,4,10.56,0,3.13,44.974
Shadab Khan (PAK),2017-2019,2017,2019,3,43,22,9,337,54,54,0,25.92,491,68.63,0,3,2,7.84,0,6.98,43.004
MG Burgess (NZ),1973-1981,1973,1981,9,26,20,0,336,47,47,0,16.8,515,65.24,0,0,1,12.92,0,0,36.176
NM Hauritz (AUS),2002-2011,2002,2011,10,58,32,17,336,53*,53,1,22.4,349,96.27,0,1,0,5.79,0,1.72,51.948
SD Outerbridge (BMUDA),2006-2009,2006,2009,4,23,23,0,336,56,56,0,14.6,612,54.9,0,1,4,14.61,0,4.35,30.72
Tapash Baisya (BDESH),2002-2007,2002,2007,6,56,41,13,336,35*,35,1,12,576,58.33,0,0,4,6,0,0,30.532
SS Pathirana (SL),2015-2017,2015,2017,3,18,14,1,332,56,56,0,25.53,383,86.68,0,1,0,18.44,0,5.56,49.99
KA Edwards (WI),2011-2014,2011,2014,4,16,16,2,331,123*,123,1,23.64,494,67,1,0,3,20.69,6.25,0,40.984
Manjural Islam Rana (BDESH),2003-2006,2003,2006,4,25,21,5,331,63,63,0,20.68,668,49.55,0,1,1,13.24,0,4,32.228
S Mukuddem (BMUDA),2006-2007,2006,2007,2,20,18,4,331,57,57,0,23.64,650,50.92,0,1,2,16.55,0,5,34.552
Adnan Mufti (UAE),2017-2018,2017,2018,2,18,16,4,330,57*,57,1,27.5,409,80.68,0,1,0,18.33,0,5.56,48.772
Asif Iqbal (PAK),1973-1979,1973,1979,7,10,8,2,330,62,62,0,55,466,70.81,0,5,0,33,0,50,61.324
ZE Surkari (CAN),2008-2011,2008,2011,4,23,22,3,328,49,49,0,17.26,656,50,0,0,1,14.26,0,0,30.356
DJ Capel (ENG),1987-1990,1987,1990,4,23,19,2,327,50*,50,1,19.23,479,68.26,0,1,0,14.22,0,4.35,38.842
MH Yardy (ENG),2006-2011,2006,2011,6,28,24,8,326,60*,60,1,20.37,472,69.06,0,2,1,11.64,0,7.14,39.846
ML Nkala (ZIM),1998-2006,1998,2006,9,50,35,5,324,47,47,0,10.8,526,61.59,0,0,5,6.48,0,0,31.116
Saeed Ajmal (PAK),2008-2015,2008,2015,8,113,70,24,324,33,33,0,7.04,535,60.56,0,0,11,2.87,0,0,28.448
RP Snell (SA),1991-1996,1991,1996,6,42,28,8,322,63,63,0,16.1,330,97.57,0,2,1,7.67,0,4.76,48.688
KJJ van Noortwijk (NL),1996-2003,1996,2003,8,9,9,2,322,134*,134,1,46,428,75.23,1,1,1,35.78,11.11,11.11,57.692
Anwar Ali (PAK),2013-2016,2013,2016,4,22,16,5,321,43*,43,1,29.18,367,87.46,0,0,0,14.59,0,0,52.492
CA Walsh (WI),1985-2000,1985,2000,16,205,79,33,321,30,30,0,6.97,451,71.17,0,0,11,1.57,0,0,32.65
RB McCosker (AUS),1975-1982,1975,1982,8,14,14,0,320,95,95,0,22.85,623,51.36,0,2,2,22.86,0,14.29,34.254
DR Brown (ENG/SCOT),1997-2007,1997,2007,11,25,24,6,319,50*,50,1,17.72,481,66.32,0,1,3,12.76,0,4,37.16
HP Rinke (ZIM),2006-2006,2006,2006,1,18,18,0,317,72,72,0,17.61,378,83.86,0,3,2,17.61,0,16.67,44.11
Faisal Iqbal (PAK),2000-2006,2000,2006,7,18,16,2,314,100*,100,1,22.42,519,60.5,1,0,3,17.44,5.56,0,37.652
NAM McLean (WI),1996-2003,1996,2003,8,45,34,8,314,50*,50,1,12.07,383,81.98,0,1,7,6.98,0,2.22,40.034
Mohammad Sami (PAK),2001-2015,2001,2015,15,87,46,19,314,46,46,0,11.62,490,64.08,0,0,5,3.61,0,0,32.604
B Wood (ENG),1972-1982,1972,1982,11,13,12,2,314,78*,78,1,31.4,647,48.53,0,2,1,24.15,0,15.38,38.252
VV Morea (PNG),2014-2018,2014,2018,5,13,13,1,313,65*,65,1,26.08,460,68.04,0,3,1,24.08,0,23.08,42.864
RC Fredericks (WI),1973-1977,1973,1977,5,12,12,0,311,105,105,0,25.91,440,70.68,1,1,0,25.92,8.33,8.33,43.818
BR Hartland (NZ),1992-1994,1992,1994,3,16,16,1,311,68*,68,1,20.73,623,49.91,0,2,1,19.44,0,12.5,32.402
Chirag Suri (UAE),2018-2019,2018,2019,2,14,14,0,310,67,67,0,22.14,545,56.88,0,2,3,22.14,0,14.29,36.036
N Chopra (INDIA),1998-2000,1998,2000,3,39,26,6,310,61,61,0,15.5,498,62.24,0,1,1,7.95,0,2.56,34.196
BC Hollioake (ENG),1997-2002,1997,2002,6,20,17,2,309,63,63,0,20.6,381,81.1,0,2,3,15.45,0,10,44.8
Nafees Iqbal (BDESH),2003-2005,2003,2005,3,16,16,0,309,58,58,0,19.31,568,54.4,0,2,1,19.31,0,12.5,33.346
KAJ Roach (WI),2008-2019,2008,2019,12,92,57,34,308,34,34,0,13.39,576,53.47,0,0,8,3.35,0,0,29.422
Ihsanullah (AFG),2017-2018,2017,2018,2,16,16,2,307,57*,57,1,21.92,440,69.77,0,3,2,19.19,0,18.75,41.06
DM Benkenstein (SA),1998-2002,1998,2002,5,23,20,3,305,69,69,0,17.94,463,65.87,0,1,3,13.26,0,4.35,37.112
TK Musakanda (ZIM),2016-2018,2016,2018,3,15,15,1,304,60,60,0,21.71,382,79.58,0,1,1,20.27,0,6.67,44.858
LE Bosman (Afr/SA),2006-2010,2006,2010,5,14,12,0,301,88,88,0,25.08,305,98.68,0,2,2,21.5,0,14.29,54.52
CMW Read (ENG),2000-2006,2000,2006,7,36,24,7,300,30*,30,1,17.64,410,73.17,0,0,4,8.33,0,0,39.852
WKM Benjamin (WI),1986-1995,1986,1995,10,85,52,12,298,31,31,0,7.45,406,73.39,0,0,10,3.51,0,0,33.826
GS Ballance (ENG),2013-2015,2013,2015,3,16,15,1,297,79,79,0,21.21,443,67.04,0,2,1,18.56,0,12.5,39.542
PA Nixon (ENG),2007-2007,2007,2007,1,19,18,4,297,49,49,0,21.21,347,85.59,0,0,2,15.63,0,0,46.962
Zahoor Elahi (PAK),1996-1997,1996,1997,2,14,14,1,297,86,86,0,22.84,507,58.57,0,3,3,21.21,0,21.43,37.132
CJA Amini (PNG),2014-2019,2014,2019,6,15,15,1,296,61*,61,1,21.14,430,68.83,0,2,1,19.73,0,13.33,40.216
DN Crookes (SA),1994-2000,1994,2000,7,32,23,3,296,54,54,0,14.8,412,71.84,0,1,3,9.25,0,3.13,37.616
AJ Pycroft (ZIM),1983-1992,1983,1992,10,20,19,2,295,61,61,0,17.35,560,52.67,0,2,2,14.75,0,10,31.478
DR Tuffey (NZ),2000-2010,2000,2010,11,94,52,21,295,36,36,0,9.51,372,79.3,0,0,7,3.14,0,0,37.426
DL Murray (WI),1973-1980,1973,1980,8,26,17,5,294,61*,61,1,24.5,468,62.82,0,2,0,11.31,0,7.69,39.828
SJ Myburgh (NL),2011-2018,2011,2018,8,13,13,1,294,56,56,0,24.5,339,86.72,0,2,2,22.62,0,15.38,49.388
JL Denly (ENG),2009-2019,2009,2019,11,13,11,0,293,67,67,0,26.63,447,65.54,0,2,0,22.54,0,15.38,42.194
SE Bond (NZ),2002-2010,2002,2010,9,82,40,22,292,31*,31,1,16.22,384,76.04,0,0,2,3.56,0,0,40.148
P Kumar (INDIA),2007-2012,2007,2012,6,68,33,12,292,54*,54,1,13.9,331,88.21,0,1,2,4.29,0,1.47,43.624
SM Sharif (SCOT),2011-2019,2011,2019,9,44,33,16,292,34,34,0,17.17,394,74.11,0,0,3,6.64,0,0,39.946
Tanwir Afzal (HKG),2014-2018,2014,2018,5,20,19,3,292,73,73,0,18.25,255,114.5,0,1,3,14.6,0,5,56.75
RN Lewis (WI),1997-2009,1997,2009,13,28,21,5,291,49,49,0,18.18,367,79.29,0,0,1,10.39,0,0,42.624
DA Reeve (ENG),1991-1996,1991,1996,6,29,21,9,291,35,35,0,24.25,389,74.8,0,0,0,10.03,0,0,44.47
CS Pandit (INDIA),1986-1992,1986,1992,7,36,23,9,290,33*,33,1,20.71,400,72.5,0,0,2,8.06,0,0,41.426
Sanwar Hossain (BDESH),1998-2003,1998,2003,6,27,27,2,290,52,52,0,11.6,597,48.57,0,1,2,10.74,0,3.7,26.388
SMSM Senanayake (SL),2012-2015,2012,2015,4,49,33,11,290,42,42,0,13.18,311,93.24,0,0,6,5.92,0,0,45.204
JN Gillespie (AUS),1996-2005,1996,2005,10,97,39,16,289,44*,44,1,12.56,368,78.53,0,0,8,2.98,0,0,38.948
IDR Bradshaw (WI),2004-2007,2004,2007,4,62,34,11,287,37,37,0,12.47,480,59.79,0,0,6,4.63,0,0,31.398
KM Curran (ZIM),1983-1987,1983,1987,5,11,11,0,287,73,73,0,26.09,430,66.74,0,2,1,26.09,0,18.18,42.35
LG Howell (NZ),1998-1998,1998,1998,1,12,12,0,287,68,68,0,23.91,388,73.96,0,4,1,23.92,0,33.33,43.93
MK Tiwary (INDIA),2008-2015,2008,2015,8,12,12,1,287,104*,104,1,26.09,403,71.21,1,1,0,23.92,8.33,8.33,44.138
D Lloyd (ENG),1973-1980,1973,1980,8,8,8,1,285,116*,116,1,40.71,526,54.18,1,0,0,35.63,12.5,0,46.098
VJ Marks (ENG),1980-1988,1980,1988,9,34,24,3,285,44,44,0,13.57,434,65.66,0,0,0,8.38,0,0,34.406
JAR Blain (SCOT),1999-2009,1999,2009,11,33,25,6,284,41,41,0,14.94,517,54.93,0,0,3,8.61,0,0,30.936
NO Miller (WI),2008-2018,2008,2018,11,50,27,13,284,51,51,0,20.28,359,79.1,0,1,4,5.68,0,2,43.808
LP van Troost (NL),2002-2007,2002,2007,6,23,20,2,284,40,40,0,15.77,456,62.28,0,0,2,12.35,0,0,34.374
A Dananjaya (SL),2012-2019,2012,2019,8,36,27,5,283,50*,50,1,12.86,411,68.85,0,1,2,7.86,0,2.78,35.256
MA Holding (WI),1976-1987,1976,1987,12,102,42,11,282,64,64,0,9.09,377,74.8,0,2,9,2.76,0,1.96,35.374
MA Jones (SCOT),2018-2019,2018,2019,2,8,8,0,281,87,87,0,35.12,401,70.07,0,3,0,35.13,0,37.5,49.1
Hasan Ali (PAK),2016-2019,2016,2019,4,53,29,9,280,59,59,0,14,247,113.36,0,2,3,5.28,0,3.77,53.744
S Randiv (SL),2009-2016,2009,2016,8,31,18,2,280,56,56,0,17.5,382,73.29,0,1,2,9.03,0,3.23,39.816
CL King (WI),1976-1980,1976,1980,5,18,14,2,280,86,86,0,23.33,267,104.86,0,1,2,15.56,0,5.56,55.942
RS Sodhi (INDIA),2000-2002,2000,2002,3,18,14,3,280,67,67,0,25.45,381,73.49,0,2,0,15.56,0,11.11,44.666
DJ Willey (ENG),2015-2019,2015,2019,5,46,27,12,279,50,50,0,18.6,339,82.3,0,1,1,6.07,0,2.17,44.08
KC Brathwaite (WI),2016-2017,2016,2017,2,10,10,0,278,78,78,0,27.8,483,57.55,0,1,0,27.8,0,10,39.7
JE Taylor (WI),2003-2017,2003,2017,15,90,42,9,278,43*,43,1,8.42,323,86.06,0,0,7,3.09,0,0,39.476
AV Vadher (KENYA),1997-1999,1997,1999,3,18,16,6,278,73*,73,1,27.8,512,54.29,0,2,1,15.44,0,11.11,38.396
Mehrab Hossain jnr (BDESH),2006-2009,2006,2009,4,18,16,0,276,54,54,0,17.25,642,42.99,0,1,1,15.33,0,5.56,27.546
JM Anderson (ENG),2002-2015,2002,2015,14,194,79,43,273,28,28,0,7.58,561,48.66,0,0,10,1.41,0,0,24.012
DT Christian (AUS),2012-2014,2012,2014,3,19,18,5,273,39,39,0,21,307,88.92,0,0,0,14.37,0,0,48.168
GH Worker (NZ),2015-2018,2015,2018,4,10,10,2,272,58,58,0,34,379,71.76,0,3,0,27.2,0,30,49.104
SW Billings (ENG),2015-2018,2015,2018,4,15,12,0,271,62,62,0,22.58,298,90.93,0,2,1,18.07,0,13.33,49.92
JW Hastings (AUS),2010-2017,2010,2017,8,29,21,11,271,51,51,0,27.1,273,99.26,0,1,1,9.34,0,3.45,55.964
DT Tiripano (ZIM),2014-2019,2014,2019,6,31,22,6,271,44,44,0,16.93,468,57.9,0,0,1,8.74,0,0,33.318
Umar Amin (PAK),2010-2018,2010,2018,9,16,16,1,271,59,59,0,18.06,392,69.13,0,1,0,16.94,0,6.25,38.488
AM Bacher (SA),1997-2005,1997,2005,9,13,13,0,270,56,56,0,20.76,469,57.56,0,1,0,20.77,0,7.69,35.48
Jahurul Islam (BDESH),2010-2013,2010,2013,4,14,13,1,270,53,53,0,22.5,371,72.77,0,1,2,19.29,0,7.14,42.608
KBJ Azad (INDIA),1980-1986,1980,1986,7,25,21,2,269,39*,39,1,14.15,400,67.25,0,0,3,10.76,0,0,35.39
AD Gaekwad (INDIA),1975-1987,1975,1987,13,15,14,1,269,78*,78,1,20.69,509,52.84,0,1,2,17.93,0,6.67,33.55
AW Greig (ENG),1972-1977,1972,1977,6,22,19,3,269,48,48,0,16.81,378,71.16,0,0,1,12.23,0,0,38.55
M Morkel (Afr/SA),2007-2018,2007,2018,12,117,47,18,268,32*,32,1,9.24,354,75.7,0,0,9,2.29,0,0,35.824
Aaqib Javed (PAK),1988-1998,1988,1998,11,163,51,26,267,45*,45,1,10.68,456,58.55,0,0,7,1.64,0,0,29.828
Shamsur Rahman (BDESH),2013-2014,2013,2014,2,10,10,0,266,96,96,0,26.6,350,76,0,2,2,26.6,0,20,46.36
CA Soper (PNG),2016-2019,2016,2019,4,20,19,4,265,39,39,0,17.66,496,53.42,0,0,1,13.25,0,0,31.964
JM Vince (ENG),2015-2019,2015,2019,5,13,11,0,265,51,51,0,24.09,299,88.62,0,1,1,20.38,0,7.69,49.902
Afsar Zazai (AFG),2014-2017,2014,2017,4,17,16,1,264,60,60,0,17.6,488,54.09,0,2,3,15.53,0,11.76,32.196
MH Denness (ENG),1973-1975,1973,1975,3,12,11,2,264,66,66,0,29.33,417,63.3,0,1,1,22,0,8.33,42.918
S Jyoti (CAN),2006-2010,2006,2010,5,14,13,1,264,117,117,0,22,442,59.72,1,0,3,18.86,7.14,0,37.088
SP Patil (UAE),2014-2015,2014,2015,2,13,12,2,263,99*,99,1,26.3,404,65.09,0,2,1,20.23,0,15.38,41.816
HJW Gardiner (SCOT),2013-2015,2013,2015,3,11,11,0,262,96,96,0,23.81,396,66.16,0,2,1,23.82,0,18.18,40.75
Mohammad Saifuddin (BDESH),2017-2019,2017,2019,3,20,12,3,262,51*,51,1,29.11,322,81.36,0,2,1,13.1,0,10,50.01
Naved Latif (PAK),2001-2003,2001,2003,3,11,11,0,262,113,113,0,23.81,417,62.82,1,0,1,23.82,9.09,0,39.414
Aizaz Khan (HKG),2014-2018,2014,2018,5,19,15,2,260,44,44,0,20,374,69.51,0,0,1,13.68,0,0,39.804
MD Patel (USA),2019-2019,2019,2019,1,9,9,1,260,82,82,0,32.5,392,66.32,0,2,3,28.89,0,22.22,46.028
AR McBrine (IRE),2014-2019,2014,2019,6,42,25,9,259,79,79,0,16.18,356,72.75,0,1,1,6.17,0,2.38,38.808
K Rabada (SA),2015-2019,2015,2019,5,75,28,12,259,31*,31,1,16.18,333,77.77,0,0,2,3.45,0,0,40.816
Ahmed Raza (UAE),2014-2019,2014,2019,6,28,24,4,258,50,50,0,12.9,463,55.72,0,1,4,9.21,0,3.57,30.028
KJ Wadsworth (NZ),1973-1976,1973,1976,4,13,10,1,258,104,104,0,28.66,334,77.24,1,0,1,19.85,7.69,0,48.092
ML Udawatte (SL),2008-2008,2008,2008,1,9,9,0,257,73,73,0,28.55,383,67.1,0,2,1,28.56,0,22.22,43.97
SS Dighe (INDIA),2000-2001,2000,2001,2,23,17,6,256,94*,94,1,23.27,421,60.8,0,1,1,11.13,0,4.35,38.282
R Edwards (AUS),1972-1975,1972,1975,4,9,8,1,255,80*,80,1,36.42,349,73.06,0,3,1,28.33,0,33.33,51.076
AD Poynter (IRE),2008-2014,2008,2014,7,19,16,3,255,78,78,0,19.61,412,61.89,0,2,3,13.42,0,10.53,36.522
N Vanua (PNG),2014-2019,2014,2019,6,23,20,3,254,35,35,0,14.94,289,87.88,0,0,2,11.04,0,0,44.116
S Ranatunga (SL),1994-1996,1994,1996,3,13,11,0,253,70,70,0,23,526,48.09,0,2,0,19.46,0,15.38,33.036
IP Butchart (ZIM),1983-1995,1983,1995,13,20,16,2,252,54,54,0,18,395,63.79,0,1,2,12.6,0,5,36.316
NM Coulter-Nile (AUS),2013-2019,2013,2019,7,32,21,6,252,92,92,0,16.8,262,96.18,0,1,2,7.88,0,3.13,48.552
J Edness (BMUDA),2007-2008,2007,2008,2,11,11,2,252,72,72,0,28,403,62.53,0,1,1,22.91,0,9.09,41.812
JFM Morrison (NZ),1975-1983,1975,1983,9,18,15,3,252,55,55,0,21,472,53.38,0,1,0,14,0,5.56,33.952
HA Varaiya (KENYA),2006-2014,2006,2014,9,63,38,17,252,34,34,0,12,489,51.53,0,0,3,4,0,0,27.812
H Klaasen (SA),2018-2019,2018,2019,2,14,13,2,251,59,59,0,22.81,291,86.25,0,1,1,17.93,0,7.14,48.186
JJ Atkinson (HKG),2008-2017,2008,2017,10,9,9,0,250,59,59,0,27.77,398,62.81,0,1,0,27.78,0,11.11,41.786
JAH Marshall (NZ),2005-2008,2005,2008,4,10,10,0,250,161,161,0,25,313,79.87,1,1,2,25,10,10,46.948
CT Radley (ENG),1978-1978,1978,1978,1,4,4,1,250,117*,117,1,83.33,367,68.11,1,1,0,62.5,25,25,77.242
AR Caddick (ENG),1993-2003,1993,2003,11,54,38,18,249,36,36,0,12.45,395,63.03,0,0,6,4.61,0,0,32.682
GF Labrooy (SL),1986-1992,1986,1992,7,44,36,7,249,33,33,0,8.58,350,71.14,0,0,6,5.66,0,0,33.604
JD Campbell (WI),2019-2019,2019,2019,1,6,5,0,248,179,179,0,49.6,214,115.88,1,0,0,41.33,16.67,0,76.112
JM Parker (NZ),1974-1981,1974,1981,8,24,20,0,248,66,66,0,12.4,403,61.53,0,1,1,10.33,0,4.17,32.052
RB Reid (NZ),1988-1991,1988,1991,4,9,9,0,248,64,64,0,27.55,448,55.35,0,2,0,27.56,0,22.22,38.67
RH Vance (NZ),1988-1989,1988,1989,2,8,8,0,248,96,96,0,31,481,51.55,0,1,0,31,0,12.5,39.22
MA Suji (KENYA),1996-2006,1996,2006,11,64,52,22,247,16*,16,1,8.23,526,46.95,0,0,9,3.86,0,0,23.718
A Turner (AUS),1975-1975,1975,1975,1,6,6,0,247,101,101,0,41.16,309,79.93,1,0,0,41.17,16.67,0,56.668
K Doriga (PNG),2017-2019,2017,2019,3,14,13,2,246,89*,89,1,22.36,388,63.4,0,1,1,17.57,0,7.14,38.776
AD Mascarenhas (ENG),2007-2009,2007,2009,3,20,13,2,245,52,52,0,22.27,257,95.33,0,1,2,12.25,0,5,51.494
SM Davies (ENG),2009-2011,2009,2011,3,8,8,0,244,87,87,0,30.5,231,105.62,0,1,1,30.5,0,12.5,60.548
JP Kotze (NAM),2019-2019,2019,2019,1,5,5,0,244,136,136,0,48.8,267,91.38,1,0,0,48.8,20,0,65.832
RAS Lakmal (SL),2009-2019,2009,2019,11,85,48,22,244,26,26,0,9.38,404,60.39,0,0,9,2.87,0,0,29.784
Qaiser Ali (CAN),2006-2008,2006,2008,3,17,17,1,244,70,70,0,15.25,383,63.7,0,2,3,14.35,0,11.76,34.63
RP Burl (ZIM),2017-2019,2017,2019,3,18,15,3,243,53,53,0,20.25,357,68.06,0,1,1,13.5,0,5.56,39.374
BP Patel (INDIA),1974-1979,1974,1979,6,10,9,1,243,82,82,0,30.37,399,60.9,0,1,0,24.3,0,10,42.582
PR Downton (ENG),1977-1988,1977,1988,12,28,20,5,242,44*,44,1,16.13,358,67.59,0,0,2,8.64,0,0,36.714
Hasan Raza (PAK),1996-1999,1996,1999,4,16,13,0,242,77,77,0,18.61,480,50.41,0,1,1,15.13,0,6.25,31.33
MJ Di Venuto (AUS),1997-1997,1997,1997,1,9,9,0,241,89,89,0,26.77,281,85.76,0,2,0,26.78,0,22.22,50.366
GD Drummond (SCOT),2007-2013,2007,2013,7,30,20,7,240,35*,35,1,18.46,262,91.6,0,0,2,8,0,0,47.716
DK Lillee (AUS),1972-1983,1972,1983,12,63,34,8,240,42*,42,1,9.23,320,75,0,0,6,3.81,0,0,35.538
CM Wright (SCOT),2006-2009,2006,2009,4,20,18,3,240,37,37,0,16,351,68.37,0,0,2,12,0,0,36.948
Amjad Javed (UAE),2008-2017,2008,2017,10,15,13,1,239,56,56,0,19.91,267,89.51,0,1,1,15.93,0,6.67,47.75
CRD Fernando (Asia/SL),2001-2012,2001,2012,12,147,61,35,239,20,20,0,9.19,392,60.96,0,0,9,1.63,0,0,29.898
J Garner (WI),1977-1987,1977,1987,11,98,41,15,239,37,37,0,9.19,360,66.38,0,0,5,2.44,0,0,32.066
T Panyangara (ZIM),2004-2016,2004,2016,13,65,49,13,239,33,33,0,6.63,463,51.61,0,0,9,3.68,0,0,24.622
KJ Arnott (ZIM),1987-1993,1987,1993,7,13,12,2,238,60,60,0,23.8,491,48.47,0,3,0,18.31,0,23.08,33.668
DC Thomas (WI),2009-2013,2009,2013,5,21,19,2,238,37,37,0,14,364,65.38,0,0,3,11.33,0,0,34.552
NS Poonia (SCOT),2006-2009,2006,2009,4,21,21,0,237,67,67,0,11.28,377,62.86,0,1,7,11.29,0,4.76,31.912
Enamul Haque (BDESH),1990-2002,1990,2002,13,29,26,5,236,32,32,0,11.23,479,49.26,0,0,1,8.14,0,0,26.442
GJ Hopkins (NZ),2004-2010,2004,2010,7,25,17,1,236,45,45,0,14.75,311,75.88,0,0,3,9.44,0,0,39.202
LM Jongwe (ZIM),2014-2016,2014,2016,3,22,19,3,236,46,46,0,14.75,303,77.88,0,0,2,10.73,0,0,40.002
Khurram Manzoor (PAK),2008-2009,2008,2009,2,7,7,0,236,83,83,0,33.71,375,62.93,0,3,1,33.71,0,42.86,45.398
GR Codrington (CAN),2006-2007,2006,2007,2,17,15,3,235,45*,45,1,19.58,372,63.17,0,0,1,13.82,0,0,37.016
JP Crawley (ENG),1994-1999,1994,1999,6,13,12,1,235,73,73,0,21.36,408,57.59,0,2,2,18.08,0,15.38,35.852
P Khadka (NEPAL),2018-2019,2018,2019,2,6,6,0,235,115,115,0,39.16,286,82.16,1,1,0,39.17,16.67,16.67,56.36
PJ Cummins (AUS),2011-2019,2011,2019,9,58,35,12,234,36,36,0,10.17,328,71.34,0,0,5,4.03,0,0,34.638
Iftikhar Anjum (PAK),2004-2010,2004,2010,7,62,34,19,234,32,32,0,15.6,378,61.9,0,0,4,3.77,0,0,34.12
Ikram Alikhil (AFG),2019-2019,2019,2019,1,12,12,3,234,86,86,0,26,386,60.62,0,2,0,19.5,0,16.67,39.848
P Mustard (ENG),2007-2008,2007,2008,2,10,10,0,233,83,83,0,23.3,252,92.46,0,1,0,23.3,0,10,50.964
AME Roberts (WI),1975-1983,1975,1983,9,56,32,9,231,37*,37,1,10.04,357,64.7,0,0,3,4.13,0,0,31.904
STR Binny (INDIA),2014-2015,2014,2015,2,14,11,3,230,77,77,0,28.75,246,93.49,0,1,1,16.43,0,7.14,54.646
TM Chappell (AUS),1980-1983,1980,1983,4,20,13,0,229,110,110,0,17.61,365,62.73,1,0,2,11.45,5,0,35.658
SHU Karnain (SL),1984-1990,1984,1990,7,19,17,5,229,41*,41,1,19.08,386,59.32,0,0,2,12.05,0,0,35.176
TM Dowlin (WI),2009-2010,2009,2010,2,11,11,2,228,100*,100,1,25.33,348,65.51,1,1,2,20.73,9.09,9.09,41.402
DR Flynn (NZ),2008-2012,2008,2012,5,20,17,2,228,35,35,0,15.2,360,63.33,0,0,3,11.4,0,0,34.452
AY Karim (KENYA),1996-2003,1996,2003,8,34,24,6,228,53,53,0,12.66,375,60.8,0,1,5,6.71,0,2.94,31.916
SR Thompson (IRE),2013-2017,2013,2017,5,20,15,1,228,39,39,0,16.28,251,90.83,0,0,0,11.4,0,0,46.1
M Dillon (WI),1997-2005,1997,2005,9,108,51,20,227,21*,21,1,7.32,411,55.23,0,0,9,2.1,0,0,26.484
AMJ Hilditch (AUS),1979-1985,1979,1985,7,8,8,0,226,72,72,0,28.25,476,47.47,0,1,0,28.25,0,12.5,35.938
Raza-ur-Rehman (CAN),2013-2014,2013,2014,2,6,5,0,225,88,88,0,45,262,85.87,0,3,1,37.5,0,50,61.348
BP Julian (AUS),1993-1999,1993,1999,7,25,17,0,224,35,35,0,13.17,250,89.6,0,0,4,8.96,0,0,43.742
KR Stackpole (AUS),1971-1974,1971,1974,4,6,6,0,224,61,61,0,37.33,387,57.88,0,3,0,37.33,0,50,45.55
JH Edrich (ENG),1971-1975,1971,1975,5,7,6,0,223,90,90,0,37.16,325,68.61,0,2,0,31.86,0,28.57,49.74
V Shankar (INDIA),2019-2019,2019,2019,1,12,8,1,223,46,46,0,31.85,246,90.65,0,0,0,18.58,0,0,55.37
KM Jarvis (ZIM),2009-2019,2009,2019,11,49,33,10,222,37,37,0,9.65,337,65.87,0,0,4,4.53,0,0,32.138
Aqib Ilyas (OMAN),2019-2019,2019,2019,1,5,5,0,221,63,63,0,44.2,282,78.36,0,2,0,44.2,0,40,57.864
BKV Prasad (INDIA),1994-2001,1994,2001,8,161,63,31,221,19,19,0,6.9,367,60.21,0,0,8,1.37,0,0,28.224
Sarfraz Nawaz (PAK),1973-1984,1973,1984,12,45,31,8,221,34*,34,1,9.6,345,64.05,0,0,5,4.91,0,0,31.38
Wasim Bari (PAK),1973-1984,1973,1984,12,51,26,13,221,34,34,0,17,431,51.27,0,0,0,4.33,0,0,30.708
HS Baidwan (CAN),2008-2014,2008,2014,7,32,22,7,220,33,33,0,14.66,339,64.89,0,0,3,6.88,0,0,34.752
DR Lockhart (SCOT),2006-2010,2006,2010,5,14,11,2,218,46,46,0,24.22,341,63.92,0,0,1,15.57,0,0,40.1
Y Venugopal Rao (INDIA),2005-2006,2005,2006,2,16,11,2,218,61*,61,1,24.22,363,60.05,0,1,2,13.63,0,6.25,38.552
NR Kumar (CAN),2010-2014,2010,2014,5,16,15,1,217,38,38,0,15.5,397,54.65,0,0,1,13.56,0,0,31.16
FA Rose (WI),1997-2000,1997,2000,4,27,23,5,217,30,30,0,12.05,265,81.88,0,0,2,8.04,0,0,39.982
EO Simons (SA),1994-1995,1994,1995,2,23,18,4,217,24,24,0,15.5,295,73.55,0,0,1,9.43,0,0,38.72
V Dahiya (INDIA),2000-2001,2000,2001,2,19,15,2,216,51,51,0,16.61,267,80.89,0,1,2,11.37,0,5.26,42.322
WK Lees (NZ),1979-1983,1979,1983,5,31,24,5,215,26,26,0,11.31,307,70.03,0,0,1,6.94,0,0,34.798
NO Perry (WI),1999-2000,1999,2000,2,21,16,8,212,52*,52,1,26.5,340,62.35,0,1,2,10.1,0,4.76,40.84
FRJ Coleman (SCOT),2013-2015,2013,2015,3,16,14,0,211,70,70,0,15.07,344,61.33,0,1,2,13.19,0,6.25,33.574
MJ Henry (NZ),2014-2019,2014,2019,6,52,21,7,211,48*,48,1,15.07,211,100,0,0,3,4.06,0,0,49.042
KS Lokuarachchi (SL),2003-2007,2003,2007,5,21,18,3,210,69,69,0,14,262,80.15,0,1,2,10,0,4.76,40.46
CPH Ramanayake (SL),1986-1995,1986,1995,10,62,35,14,210,26,26,0,10,374,56.14,0,0,7,3.39,0,0,28.456
Tahir Naqqash (PAK),1980-1985,1980,1985,6,40,23,9,210,61,61,0,15,242,86.77,0,1,4,5.25,0,2.5,43.708
Mushtaq Mohammad (PAK),1973-1978,1973,1978,6,10,9,3,209,55,55,0,34.83,353,59.2,0,1,0,20.9,0,10,44.578
MHW Papps (NZ),2004-2005,2004,2005,2,6,6,2,207,92*,92,1,51.75,342,60.52,0,2,0,34.5,0,33.33,55.258
DL Bairstow (ENG),1979-1984,1979,1984,6,21,20,6,206,23*,23,1,14.71,390,52.82,0,0,1,9.81,0,0,29.954
AR Berenger (UAE),2014-2015,2014,2015,2,10,10,0,205,66,66,0,20.5,304,67.43,0,2,0,20.5,0,20,39.272
PE McEwan (NZ),1980-1985,1980,1985,6,17,15,0,204,41,41,0,13.6,346,58.95,0,0,0,12,0,0,31.74
JA Rennie (ZIM),1993-2000,1993,2000,8,44,27,12,201,27,27,0,13.4,391,51.4,0,0,6,4.57,0,0,28.6
APE Knott (ENG),1971-1977,1971,1977,7,20,14,4,200,50,50,0,20,247,80.97,0,1,2,10,0,5,44.388
NW Bracken (AUS),2001-2009,2001,2009,9,116,35,18,199,21*,21,1,11.7,282,70.56,0,0,5,1.72,0,0,35.244
AJ Burger (NAM),2003-2003,2003,2003,1,6,6,0,199,85,85,0,33.16,198,100.5,0,1,0,33.17,0,16.67,60.096
Mohammad Nawaz (3) (PAK),2016-2019,2016,2019,4,15,12,3,199,53,53,0,22.11,213,93.42,0,1,0,13.27,0,6.67,50.634
Moin-ul-Atiq (PAK),1988-1989,1988,1989,2,5,5,0,199,105,105,0,39.8,279,71.32,1,0,0,39.8,20,0,52.408
M Ntini (ICC/SA),1998-2009,1998,2009,12,173,47,24,199,42*,42,1,8.65,298,66.77,0,0,9,1.15,0,0,31.898
Ijaz Faqih (PAK),1980-1988,1980,1988,9,27,19,3,197,42*,42,1,12.31,351,56.12,0,0,4,7.3,0,0,29.834
GA Lamb (ZIM),2010-2011,2010,2011,2,15,14,3,197,37,37,0,17.9,381,51.7,0,0,1,13.13,0,0,31.42
MR Swart (NL),2011-2014,2011,2014,4,12,11,1,197,52,52,0,19.7,272,72.42,0,1,1,16.42,0,8.33,40.788
T Maruma (ZIM),2007-2019,2007,2019,13,21,18,1,196,35,35,0,11.52,330,59.39,0,0,1,9.33,0,0,30.668
AP Devcich (NZ),2013-2016,2013,2016,4,12,11,0,195,58,58,0,17.72,253,77.07,0,1,2,16.25,0,8.33,41.46
GSNFG Jayasuriya (SL),2015-2019,2015,2019,5,12,10,1,195,96,96,0,21.66,273,71.42,0,1,2,16.25,0,8.33,41.564
ASA Perera (SL),1998-2001,1998,2001,4,20,13,2,195,56*,56,1,17.72,257,75.87,0,1,1,9.75,0,5,40.98
Akram Raza (PAK),1989-1995,1989,1995,7,49,25,14,193,33*,33,1,17.54,310,62.25,0,0,4,3.94,0,0,35.424
PJ Ingram (NZ),2010-2010,2010,2010,1,8,7,0,193,69,69,0,27.57,238,81.09,0,1,0,24.13,0,12.5,48.978
C Pringle (NZ),1990-1995,1990,1995,6,64,41,19,193,34*,34,1,8.77,256,75.39,0,0,3,3.02,0,0,35.418
V Rathour (INDIA),1996-1997,1996,1997,2,7,7,0,193,54,54,0,27.57,331,58.3,0,2,0,27.57,0,28.57,39.862
Simi Singh (IRE),2017-2019,2017,2019,3,15,14,1,193,45,45,0,14.84,332,58.13,0,0,1,12.87,0,0,32.156
MM Iqbal (SCOT),2009-2014,2009,2014,6,13,12,4,192,63,63,0,24,360,53.33,0,1,2,14.77,0,7.69,35.732
CJ Smith (BMUDA),2006-2007,2006,2007,2,12,12,0,192,52,52,0,16,245,78.36,0,1,3,16,0,8.33,40.944
Abid Ali (PAK),2019-2019,2019,2019,1,4,4,0,191,112,112,0,47.75,196,97.44,1,1,1,47.75,25,25,67.626
DAG Fletcher (ZIM),1983-1983,1983,1983,1,6,6,2,191,71*,71,1,47.75,289,66.08,0,2,0,31.83,0,33.33,55.082
TN Madondo (ZIM),1998-2001,1998,2001,4,13,13,1,191,71,71,0,15.91,331,57.7,0,1,2,14.69,0,7.69,32.626
Mohammad Boota (UAE),2018-2019,2018,2019,2,9,9,1,191,59*,59,1,23.87,252,75.79,0,1,0,21.22,0,11.11,44.638
Shabir Noori (AFG),2010-2016,2010,2016,7,10,10,0,191,94,94,0,19.1,300,63.66,0,1,2,19.1,0,10,36.924
CJ McKay (AUS),2009-2014,2009,2014,6,59,31,10,190,30,30,0,9.04,337,56.37,0,0,3,3.22,0,0,27.972
Mohammad Shahzad (UAE),2014-2016,2014,2016,3,6,6,0,190,79,79,0,31.66,225,84.44,0,2,2,31.67,0,33.33,52.772
Usman Limbada (CAN),2010-2014,2010,2014,5,11,11,1,189,50,50,0,18.9,284,66.54,0,1,1,17.18,0,9.09,37.956
BAW Mendis (SL),2008-2015,2008,2015,8,87,42,19,188,21*,21,1,8.17,263,71.48,0,0,10,2.16,0,0,33.494
TJ Murtagh (IRE),2012-2019,2012,2019,8,58,36,12,188,23*,23,1,7.83,298,63.08,0,0,7,3.24,0,0,29.93
T Mupariwa (ZIM),2004-2016,2004,2016,13,40,32,10,185,33,33,0,8.4,325,56.92,0,0,9,4.63,0,0,27.808
SW Poynter (IRE),2014-2019,2014,2019,6,21,19,5,185,36,36,0,13.21,278,66.54,0,0,2,8.81,0,0,34.542
EAE Baptiste (WI),1983-1990,1983,1990,8,43,16,4,184,31,31,0,15.33,241,76.34,0,0,0,4.28,0,0,39.734
JL Ontong (Afr/SA),2001-2012,2001,2012,12,28,16,2,184,32,32,0,13.14,267,68.91,0,0,1,6.57,0,0,35.448
Saadat Ali (PAK),1984-1984,1984,1984,1,8,7,1,184,78*,78,1,30.66,341,53.95,0,1,0,23,0,12.5,39.976
Sohag Gazi (BDESH),2012-2014,2012,2014,3,20,16,4,184,30,30,0,15.33,213,86.38,0,0,0,9.2,0,0,43.75
SI de Saram (SL),1999-2001,1999,2001,3,15,13,2,183,38,38,0,16.63,270,67.77,0,0,0,12.2,0,0,37.086
SJ Benn (WI),2008-2016,2008,2016,9,47,30,7,182,31,31,0,7.91,240,75.83,0,0,5,3.87,0,0,35.078
SR Taylor (USA),2019-2019,2019,2019,1,9,9,0,182,56,56,0,20.22,265,68.67,0,1,2,20.22,0,11.11,39.6
AR Patel (INDIA),2014-2017,2014,2017,4,38,20,6,181,38,38,0,12.92,190,95.26,0,0,3,4.76,0,0,45.856
JR Thomson (AUS),1975-1985,1975,1985,11,50,30,6,181,21,21,0,7.54,280,64.64,0,0,5,3.62,0,0,30.38
SB Bangar (INDIA),2002-2004,2002,2004,3,15,15,2,180,57*,57,1,13.84,239,75.31,0,1,3,12,0,6.67,38.428
DG Cork (ENG),1992-2002,1992,2002,11,32,21,3,180,31*,31,1,10,271,66.42,0,0,4,5.63,0,0,32.568
WF Stelling (NL),2006-2007,2006,2007,2,15,11,5,180,44,44,0,30,272,66.17,0,0,1,12,0,0,44.468
B Warnapura (SL),1975-1982,1975,1982,8,12,12,0,180,77,77,0,15,415,43.37,0,1,1,15,0,8.33,26.348
Mazhar Hussain (UAE),1994-1996,1994,1996,3,7,7,0,179,70,70,0,25.57,334,53.59,0,1,0,25.57,0,14.29,36.778
DM Richards (WI),2009-2010,2009,2010,2,8,7,0,179,59,59,0,25.57,251,71.31,0,2,0,22.38,0,25,43.866
TK Curran (ENG),2017-2019,2017,2019,3,17,11,7,178,47*,47,1,44.5,166,107.22,0,0,2,10.47,0,0,69.588
SC Khanna (INDIA),1979-1984,1979,1984,6,10,10,2,176,56,56,0,22,265,66.41,0,2,1,17.6,0,20,39.764
TC Bastiampillai (CAN),2007-2014,2007,2014,8,13,13,0,175,49,49,0,13.46,301,58.13,0,0,2,13.46,0,0,31.328
BR Blair (NZ),1982-1986,1982,1986,5,14,14,2,174,29*,29,1,14.5,253,68.77,0,0,2,12.43,0,0,36.208
GC Dyer (AUS),1986-1988,1986,1988,3,23,13,2,174,45*,45,1,15.81,227,76.65,0,0,1,7.57,0,0,40.146
MD Moxon (ENG),1985-1988,1985,1988,4,8,8,0,174,70,70,0,21.75,325,53.53,0,1,1,21.75,0,12.5,34.462
GRJ Roope (ENG),1973-1978,1973,1978,6,8,8,0,173,44,44,0,21.62,342,50.58,0,0,1,21.63,0,0,33.204
SB Doull (NZ),1992-2000,1992,2000,9,42,27,13,172,22,22,0,12.28,188,91.48,0,0,2,4.1,0,0,43.96
Hasibul Hossain (BDESH),1995-2004,1995,2004,10,32,26,6,172,21*,21,1,8.6,247,69.63,0,0,3,5.38,0,0,33.012
BN Cooper (NL),2013-2019,2013,2019,7,8,6,0,171,74,74,0,28.5,184,92.93,0,1,0,21.38,0,12.5,54.272
RP Lefebvre (NL),1996-2003,1996,2003,8,11,11,5,171,45,45,0,28.5,280,61.07,0,0,0,15.55,0,0,41.528
DK Morrison (NZ),1987-1996,1987,1996,10,96,43,24,171,20*,20,1,9,400,42.75,0,0,7,1.78,0,0,22.5
I Udana (SL),2012-2019,2012,2019,8,15,12,2,171,78,78,0,17.1,181,94.47,0,1,1,11.4,0,6.67,48.048
D Bau (PNG),2016-2017,2016,2017,2,10,10,1,170,46,46,0,18.88,319,53.29,0,0,2,17,0,0,32.644
PS de Villiers (SA),1992-1997,1992,1997,6,83,36,15,170,20*,20,1,8.09,218,77.98,0,0,7,2.05,0,0,36.046
SW Masakadza (ZIM),2010-2014,2010,2014,5,16,11,3,170,45*,45,1,21.25,177,96.04,0,0,1,10.63,0,0,51.166
CJ Jordan (ENG),2013-2016,2013,2016,4,31,21,7,169,38*,38,1,12.07,188,89.89,0,0,3,5.45,0,0,43.198
J Smits (NL),2003-2009,2003,2009,7,38,19,9,169,29*,29,1,16.9,360,46.94,0,0,2,4.45,0,0,28.916
RA Jones (NZ),2003-2003,2003,2003,1,5,5,0,168,63,63,0,33.6,329,51.06,0,1,0,33.6,0,20,40.584
AF Milne (NZ),2012-2017,2012,2017,6,40,17,7,168,36,36,0,16.8,165,101.81,0,0,2,4.2,0,0,50.804
CP Rizwan (UAE),2019-2019,2019,2019,1,7,6,0,168,47,47,0,28,325,51.69,0,0,1,24,0,0,37.476
AR Whittall (ZIM),1996-2000,1996,2000,5,63,35,13,168,29,29,0,7.63,310,54.19,0,0,6,2.67,0,0,26.254
RS Gabriel (WI),1984-1984,1984,1984,1,11,11,0,167,41,41,0,15.18,360,46.38,0,0,2,15.18,0,0,27.66
JE Morris (ENG),1990-1991,1990,1991,2,8,8,1,167,63*,63,1,23.85,225,74.22,0,1,0,20.88,0,12.5,43.998
Haroon Rasheed (PAK),1977-1982,1977,1982,6,12,10,2,166,63*,63,1,20.75,316,52.53,0,1,0,13.83,0,8.33,33.462
A McGrath (ENG),2003-2004,2003,2004,2,14,12,2,166,52,52,0,16.6,353,47.02,0,1,1,11.86,0,7.14,28.768
DES Maxwell (CAN),2006-2007,2006,2007,2,10,10,4,166,59,59,0,27.66,238,69.74,0,1,1,16.6,0,10,44.492
TL Chatara (ZIM),2013-2019,2013,2019,7,70,45,20,165,23,23,0,6.6,336,49.1,0,0,8,2.36,0,0,23.6
Khurram Chohan (CAN),2009-2014,2009,2014,6,25,19,6,165,35*,35,1,12.69,285,57.89,0,0,2,6.6,0,0,30.77
JF Kloppenburg (NL),2002-2003,2002,2003,2,6,6,0,165,121,121,0,27.5,265,62.26,1,0,1,27.5,16.67,0,41.404
MJ Lumb (ENG),2014-2014,2014,2014,1,3,3,0,165,106,106,0,55,203,81.28,1,0,0,55,33.33,0,65.512
JA McCollum (IRE),2019-2019,2019,2019,1,8,8,0,165,73,73,0,20.62,240,68.75,0,2,1,20.63,0,25,39.872
GAHM Parkar (INDIA),1982-1984,1982,1984,3,10,10,1,165,42,42,0,18.33,332,49.69,0,0,0,16.5,0,0,30.874
D Bishoo (WI),2011-2019,2011,2019,9,42,25,10,164,29*,29,1,10.93,263,62.35,0,0,8,3.9,0,0,31.498
RB Kanhai (WI),1973-1975,1973,1975,3,7,5,2,164,55,55,0,54.66,273,60.07,0,2,0,23.43,0,28.57,56.824
RR Powar (INDIA),2004-2007,2004,2007,4,31,19,5,163,54,54,0,11.64,260,62.69,0,1,0,5.26,0,3.23,32.06
JC Tredwell (ENG),2010-2015,2010,2015,6,45,25,11,163,30,30,0,11.64,242,67.35,0,0,3,3.62,0,0,33.924
Faheem Ashraf (PAK),2017-2019,2017,2019,3,23,15,2,162,28,28,0,12.46,195,83.07,0,0,2,7.04,0,0,40.704
MV Nagamootoo (WI),2000-2002,2000,2002,3,24,18,6,162,33,33,0,13.5,270,60,0,0,1,6.75,0,0,32.1
JTC Vaughan (NZ),1992-1996,1992,1996,5,18,16,7,162,33,33,0,18,261,62.06,0,0,0,9,0,0,35.624
T Bavuma (SA),2016-2017,2016,2017,2,2,2,0,161,113,113,0,80.5,170,94.7,1,0,0,80.5,50,0,86.18
CD Cumming (NZ),2003-2009,2003,2009,7,13,13,1,161,45*,45,1,13.41,301,53.48,0,0,3,12.38,0,0,29.438
SKL de Silva (SL),1997-1997,1997,1997,1,11,6,3,161,57,57,0,53.66,193,83.41,0,2,0,14.64,0,18.18,65.56
SC Joseph (WI),2000-2005,2000,2005,6,13,11,1,161,58,58,0,16.1,302,53.31,0,1,2,12.38,0,7.69,30.984
KMA Paul (WI),2018-2019,2018,2019,2,16,11,3,161,46,46,0,20.12,194,82.98,0,0,1,10.06,0,0,45.264
E Schiferli (NL),2002-2013,2002,2013,12,30,22,6,161,41,41,0,10.06,218,73.85,0,0,4,5.37,0,0,35.576
HMCM Bandara (SL),2006-2010,2006,2010,5,31,17,4,160,31,31,0,12.3,224,71.42,0,0,3,5.16,0,0,35.948
PE Cantrell (NL),1996-1996,1996,1996,1,5,5,0,160,47,47,0,32,307,52.11,0,0,0,32,0,0,40.044
MS Chapman (HKG/NZ),2015-2018,2015,2018,4,5,5,1,160,124*,124,1,40,174,91.95,1,0,1,32,20,0,60.78
JL Langer (AUS),1994-1997,1994,1997,4,8,7,2,160,36,36,0,32,180,88.88,0,0,0,20,0,0,54.752
K Weeraratne (SL),2000-2008,2000,2008,9,15,9,1,160,41,41,0,20,177,90.39,0,0,0,10.67,0,0,48.156
Saleem Raza (UAE),1994-1996,1994,1996,3,6,6,0,159,84,84,0,26.5,173,91.9,0,1,0,26.5,0,16.67,52.66
AC Bedade (INDIA),1994-1994,1994,1994,1,13,10,3,158,51,51,0,22.57,183,86.33,0,1,0,12.15,0,7.69,48.074
DAJ Bracewell (NZ),2011-2019,2011,2019,9,19,12,2,158,57,57,0,15.8,214,73.83,0,1,1,8.32,0,5.26,39.012
JJ Martin (INDIA),1999-2001,1999,2001,3,10,8,1,158,39,39,0,22.57,331,47.73,0,0,1,15.8,0,0,32.634
Imran Tahir (SA),2011-2019,2011,2019,9,107,36,16,157,29,29,0,7.85,225,69.77,0,0,6,1.47,0,0,32.618
MP Maynard (ENG),1994-2000,1994,2000,7,14,12,1,156,41,41,0,14.18,225,69.33,0,0,1,11.14,0,0,36.24
IJ Gould (ENG),1983-1983,1983,1983,1,18,14,2,155,42,42,0,12.91,243,63.78,0,0,2,8.61,0,0,33.258
PM Seelaar (NL),2006-2019,2006,2019,14,41,24,10,155,34*,34,1,11.07,244,63.52,0,0,5,3.78,0,0,32.05
TA Boult (NZ),2012-2019,2012,2019,8,89,39,23,154,21*,21,1,9.62,209,73.68,0,0,1,1.73,0,0,35.244
GJ Cosier (AUS),1975-1979,1975,1979,5,9,7,2,154,84,84,0,30.8,166,92.77,0,1,1,17.11,0,11.11,55.588
AM Ellis (NZ),2012-2013,2012,2013,2,15,12,1,154,33,33,0,14,184,83.69,0,0,1,10.27,0,0,41.876
Mohammad Hussain (PAK),1997-1998,1997,1998,2,14,12,7,154,31*,31,1,30.8,136,113.23,0,0,0,11,0,0,63.772
CJ Richards (ENG),1981-1988,1981,1988,8,22,16,3,154,50,50,0,11.84,264,58.33,0,1,3,7,0,4.55,30.436
RML Taylor (SCOT),2013-2016,2013,2016,4,15,14,3,154,46*,46,1,14,172,89.53,0,0,1,10.27,0,0,44.212
C Zhuwao (ZIM),2008-2018,2008,2018,11,9,9,0,154,45,45,0,17.11,132,116.66,0,0,3,17.11,0,0,56.93
CPS Chauhan (INDIA),1978-1981,1978,1981,4,7,7,0,153,46,46,0,21.85,301,50.83,0,0,0,21.86,0,0,33.442
AN Ranasinghe (SL),1975-1982,1975,1982,8,9,8,1,153,51,51,0,21.85,147,104.08,0,1,2,17,0,11.11,54.742
DW Fleming (AUS),1994-2001,1994,2001,8,88,31,18,152,29,29,0,11.69,221,68.77,0,0,5,1.73,0,0,34.522
MDK Perera (SL),2007-2018,2007,2018,12,13,12,0,152,30,30,0,12.66,199,76.38,0,0,0,11.69,0,0,38.148
AJ Redmond (NZ),2009-2010,2009,2010,2,6,6,0,152,52,52,0,25.33,259,58.68,0,1,0,25.33,0,16.67,38.67
MW Alleyne (ENG),1999-2000,1999,2000,2,10,8,1,151,53,53,0,21.57,255,59.21,0,1,0,15.1,0,10,36.626
J Anderson (IRE),2014-2016,2014,2016,3,8,8,0,151,39,39,0,18.87,267,56.55,0,0,0,18.88,0,0,33.942
RS Gavaskar (INDIA),2004-2004,2004,2004,1,11,10,2,151,54,54,0,18.87,234,64.52,0,1,0,13.73,0,9.09,37.13
BF Hastings (NZ),1973-1975,1973,1975,3,11,9,1,151,37,37,0,18.87,271,55.71,0,0,1,13.73,0,0,33.606
VD Philander (SA),2007-2015,2007,2015,9,30,19,7,151,30*,30,1,12.58,213,70.89,0,0,3,5.03,0,0,35.904
RG Aga (KENYA),2004-2014,2004,2014,11,12,9,0,150,86,86,0,16.66,209,71.77,0,1,1,12.5,0,8.33,38.704
BB Chari (ZIM),2015-2019,2015,2019,5,11,11,0,150,39,39,0,13.63,332,45.18,0,0,0,13.64,0,0,26.25
NA Foster (ENG),1984-1989,1984,1989,6,48,25,12,150,24,24,0,11.53,244,61.47,0,0,3,3.13,0,0,31.506
GD Barlow (ENG),1976-1977,1976,1977,2,6,6,1,149,80*,80,1,29.8,255,58.43,0,1,2,24.83,0,16.67,41.252
AR Khurasiya (INDIA),1999-2001,1999,2001,3,12,11,0,149,57,57,0,13.54,188,79.25,0,1,1,12.42,0,8.33,39.824
Khalid Latif (PAK),2008-2010,2008,2010,3,5,5,0,147,64,64,0,29.4,228,64.47,0,1,1,29.4,0,20,43.428
Nazimuddin (BDESH),2008-2012,2008,2012,5,11,11,0,147,47,47,0,13.36,237,62.02,0,0,0,13.36,0,0,32.824
GM Strydom (ZIM),2006-2006,2006,2006,1,12,10,0,147,58,58,0,14.7,225,65.33,0,1,2,12.25,0,8.33,34.952
MRJ Watt (SCOT),2016-2019,2016,2019,4,27,17,7,147,31*,31,1,14.7,202,72.77,0,0,0,5.44,0,0,37.928
D Williams (WI),1988-1997,1988,1997,10,36,23,7,147,32*,32,1,9.18,242,60.74,0,0,4,4.08,0,0,29.804
JA Burns (AUS),2015-2015,2015,2015,1,6,6,0,146,69,69,0,24.33,184,79.34,0,1,1,24.33,0,16.67,46.334
SE Findlay (WI),2008-2009,2008,2009,2,9,8,1,146,59*,59,1,20.85,194,75.25,0,1,0,16.22,0,11.11,42.61
Sompal Kami (NEPAL),2018-2019,2018,2019,2,6,6,2,146,61,61,0,36.5,164,89.02,0,1,1,24.33,0,16.67,57.508
MP O'Dowd (NL),2019-2019,2019,2019,1,2,2,1,145,86*,86,1,145,200,72.5,0,2,0,72.5,0,100,116
AC Agar (AUS),2015-2018,2015,2018,4,9,8,1,144,46,46,0,20.57,166,86.74,0,0,2,16,0,0,47.038
R Clarke (ENG),2003-2006,2003,2006,4,20,13,0,144,39,39,0,11.07,232,62.06,0,0,2,7.2,0,0,31.466
DK Liyanage (SL),1992-2001,1992,2001,10,16,11,2,144,43,43,0,16,207,69.56,0,0,0,9,0,0,37.424
LN Onyango (KENYA),1996-2014,1996,2014,19,29,18,7,144,34*,34,1,13.09,188,76.59,0,0,2,4.97,0,0,38.49
G Malla (NEPAL),2018-2019,2018,2019,2,6,6,0,143,51,51,0,23.83,189,75.66,0,1,1,23.83,0,16.67,44.562
Abdur Rehman (PAK),2006-2014,2006,2014,9,31,23,6,142,31,31,0,8.35,263,53.99,0,0,4,4.58,0,0,26.606
CM Kuggeleijn (NZ),1988-1989,1988,1989,2,16,11,2,142,40,40,0,15.77,223,63.67,0,0,1,8.88,0,0,34.93
D Langford-Smith (IRE),2006-2008,2006,2008,3,22,17,8,142,31*,31,1,15.77,133,106.76,0,0,2,6.45,0,0,52.166
MB Loye (ENG),2007-2007,2007,2007,1,7,7,0,142,45,45,0,20.28,184,77.17,0,0,1,20.29,0,0,43.036
K Zondo (SA),2018-2018,2018,2018,1,5,5,1,142,54,54,0,35.5,224,63.39,0,1,0,28.4,0,20,46.656
DE Bernard (WI),2003-2010,2003,2010,8,20,12,2,141,38,38,0,14.1,219,64.38,0,0,1,7.05,0,0,34.212
ARC Fraser (ENG),1989-1999,1989,1999,11,42,20,9,141,38*,38,1,12.81,208,67.78,0,0,1,3.36,0,0,34.798
OD Gibson (WI),1995-1997,1995,1997,3,15,11,1,141,52,52,0,14.1,138,102.17,0,1,1,9.4,0,6.67,49.328
CR Matthews (SA),1991-1997,1991,1997,7,56,22,9,141,26,26,0,10.84,202,69.8,0,0,3,2.52,0,0,34.424
A Nehra (Asia/INDIA),2001-2011,2001,2011,11,120,46,21,141,24,24,0,5.64,246,57.31,0,0,9,1.18,0,0,26.308
Shahid Saeed (PAK),1989-1993,1989,1993,5,10,10,0,141,50,50,0,14.1,316,44.62,0,1,0,14.1,0,10,26.308
VJ Wells (ENG),1999-1999,1999,1999,1,9,7,0,141,39,39,0,20.14,253,55.73,0,0,0,15.67,0,0,34.376
AF Buurman (NL),2007-2011,2007,2011,5,17,11,2,140,34,34,0,15.55,179,78.21,0,0,2,8.24,0,0,40.614
HMRKB Herath (SL),2004-2015,2004,2015,12,71,30,15,140,17*,17,1,9.33,217,64.51,0,0,3,1.97,0,0,31.402
Rubel Hossain (BDESH),2009-2019,2009,2019,11,101,52,24,140,17,17,0,5,249,56.22,0,0,11,1.39,0,0,25.488
JM Wiener (AUS),1979-1980,1979,1980,2,7,7,0,140,50,50,0,20,324,43.2,0,1,0,20,0,14.29,29.28
MV Fleming (ENG),1997-1998,1997,1998,2,11,10,1,139,33,33,0,15.44,137,101.45,0,0,1,12.64,0,0,49.844
KH MacLeay (AUS),1983-1987,1983,1987,5,16,13,2,139,41,41,0,12.63,170,81.76,0,0,0,8.69,0,0,40.282
EAR de Silva (SL),1986-1992,1986,1992,7,28,20,6,138,19*,19,1,9.85,241,57.26,0,0,2,4.93,0,0,28.814
GN Edwards (NZ),1976-1981,1976,1981,6,6,6,0,138,41,41,0,23,191,72.25,0,0,1,23,0,0,42.7
KA Hope (WI),2017-2017,2017,2017,1,7,6,0,138,46,46,0,23,192,71.87,0,0,0,19.71,0,0,42.548
S Samarawickrama (SL),2017-2019,2017,2019,3,7,7,0,138,54,54,0,19.71,165,83.63,0,1,2,19.71,0,14.29,45.278
RJ Bailey (ENG),1985-1990,1985,1990,6,4,4,2,137,43*,43,1,68.5,196,69.89,0,0,0,34.25,0,0,69.056
RM Hogg (AUS),1979-1985,1979,1985,7,71,35,20,137,22,22,0,9.13,217,63.13,0,0,2,1.93,0,0,30.73
APB Tennekoon (SL),1975-1979,1975,1979,5,4,4,0,137,59,59,0,34.25,207,66.18,0,1,1,34.25,0,25,47.022
ST Finn (ENG),2011-2017,2011,2017,7,69,30,13,136,35,35,0,8,223,60.98,0,0,7,1.97,0,0,29.192
G Miller (ENG),1977-1984,1977,1984,8,25,18,2,136,46,46,0,8.5,265,51.32,0,0,3,5.44,0,0,25.628
Mohammed Shami (INDIA),2013-2019,2013,2019,7,73,34,16,136,25,25,0,7.55,164,82.92,0,0,5,1.86,0,0,37.698
LG Rowe (WI),1975-1980,1975,1980,6,11,8,0,136,60,60,0,17,244,55.73,0,1,0,12.36,0,9.09,32.492
KD Shah (HKG),2014-2018,2014,2018,5,10,10,1,136,34*,34,1,15.11,238,57.14,0,0,2,13.6,0,0,31.922
R Vijay Bharadwaj (INDIA),1999-2002,1999,2002,4,10,9,4,136,41*,41,1,27.2,194,70.1,0,0,1,13.6,0,0,44.36
SRD Wettimuny (SL),1975-1979,1975,1979,5,3,3,1,136,67,67,0,68,242,56.19,0,2,0,45.33,0,66.67,63.276
D Pretorius (SA),2016-2019,2016,2019,4,22,10,1,135,50,50,0,15,145,93.1,0,1,1,6.14,0,4.55,46.24
PA Browne (WI),2008-2008,2008,2008,1,5,5,1,134,49*,49,1,33.5,179,74.86,0,0,0,26.8,0,0,50.044
TS Chisoro (ZIM),2015-2018,2015,2018,4,18,15,6,134,42*,42,1,14.88,218,61.46,0,0,2,7.44,0,0,33.512
Krishna Chandran (UAE),2014-2016,2014,2016,3,12,10,2,134,43,43,0,16.75,274,48.9,0,0,3,11.17,0,0,29.61
Arshad Khan (PAK),1993-2006,1993,2006,14,58,29,18,133,20,20,0,12.09,217,61.29,0,0,5,2.29,0,0,31.77
MD Bell (NZ),1998-2001,1998,2001,4,7,7,0,133,66,66,0,19,268,49.62,0,1,0,19,0,14.29,31.248
RJ Sidebottom (ENG),2001-2010,2001,2010,10,25,18,8,133,24,24,0,13.3,194,68.55,0,0,2,5.32,0,0,35.4
RK Chauhan (INDIA),1993-1997,1993,1997,5,35,18,5,132,32,32,0,10.15,171,77.19,0,0,4,3.77,0,0,36.966
D Keulder (NAM),2003-2003,2003,2003,1,6,6,0,132,52,52,0,22,220,60,0,1,1,22,0,16.67,37.2
Bazid Khan (PAK),2004-2008,2004,2008,5,5,5,0,131,66,66,0,26.2,232,56.46,0,2,1,26.2,0,40,38.304
MSK Prasad (INDIA),1998-1999,1998,1999,2,17,11,2,131,63,63,0,14.55,225,58.22,0,1,2,7.71,0,5.88,32.018
Sajid Ali (PAK),1984-1997,1984,1997,14,13,12,0,130,28,28,0,10.83,293,44.36,0,0,0,10,0,0,24.242
RW Taylor (ENG),1973-1984,1973,1984,12,27,17,7,130,26*,26,1,13,312,41.66,0,0,2,4.81,0,0,24.464
RJ Trott (BMUDA),2007-2009,2007,2009,3,11,10,4,130,48*,48,1,21.66,249,52.2,0,0,1,11.82,0,0,33.876
TJ Zoehrer (AUS),1986-1994,1986,1994,9,22,15,3,130,50,50,0,10.83,183,71.03,0,1,2,5.91,0,4.55,34.91
KTGD Prasad (SL),2006-2015,2006,2015,10,24,12,6,129,31*,31,1,21.5,146,88.35,0,0,1,5.38,0,0,48.24
Shafiul Islam (BDESH),2010-2019,2010,2019,10,59,33,11,129,24*,24,1,5.86,235,54.89,0,0,9,2.19,0,0,25.472
BOP Fernando (SL),2019-2019,2019,2019,1,6,6,0,128,49,49,0,21.33,203,63.05,0,0,1,21.33,0,0,38.018
FC Hayes (ENG),1973-1975,1973,1975,3,6,6,1,128,52,52,0,25.6,235,54.46,0,1,0,21.33,0,16.67,37.144
Khawar Ali (OMAN),2019-2019,2019,2019,1,5,5,1,128,79*,79,1,32,256,50,0,1,0,25.6,0,20,39.2
DT Hondo (ZIM),2001-2005,2001,2005,5,56,29,12,127,17,17,0,7.47,249,51,0,0,4,2.27,0,0,24.882
TE Jesty (ENG),1983-1983,1983,1983,1,10,10,4,127,52*,52,1,21.16,182,69.78,0,1,2,12.7,0,10,40.608
A Nel (SA),2001-2008,2001,2008,8,79,22,12,127,30*,30,1,12.7,166,76.5,0,0,2,1.61,0,0,38.22
Yasir Shah (PAK),2011-2019,2011,2019,9,25,13,6,127,32*,32,1,18.14,149,85.23,0,0,2,5.08,0,0,44.976
SJ Baard (NAM),2019-2019,2019,2019,1,5,5,0,126,73,73,0,25.2,199,63.31,0,1,1,25.2,0,20,40.444
Basil Hameed (UAE),2019-2019,2019,2019,1,3,3,1,126,63*,63,1,63,177,71.18,0,1,0,42,0,33.33,66.272
Dhiman Ghosh (BDESH),2008-2008,2008,2008,1,14,12,3,126,30,30,0,14,201,62.68,0,0,3,9,0,0,33.472
MG Erasmus (NAM),2019-2019,2019,2019,1,5,5,0,126,88,88,0,25.2,169,74.55,0,1,1,25.2,0,20,44.94
M Kartik (INDIA),2002-2007,2002,2007,6,37,14,5,126,32*,32,1,14,178,70.78,0,0,1,3.41,0,0,36.712
TRO Payne (WI),1984-1987,1984,1987,4,7,4,0,126,60,60,0,31.5,240,52.5,0,1,0,18,0,14.29,39.9
CP Senanayake (SL),1990-1991,1990,1991,2,7,7,0,126,27,27,0,18,211,59.71,0,0,1,18,0,0,34.684
PA Jaques (AUS),2006-2007,2006,2007,2,6,6,0,125,94,94,0,20.83,176,71.02,0,1,1,20.83,0,16.67,40.906
MC Sorensen (IRE),2013-2016,2013,2016,4,13,8,2,125,31,31,0,20.83,155,80.64,0,0,0,9.62,0,0,44.754
AJ Turner (AUS),2019-2019,2019,2019,1,3,3,1,125,84*,84,1,62.5,86,145.34,0,1,0,41.67,0,33.33,95.636
AIC Dodemaide (AUS),1988-1993,1988,1993,6,24,16,7,124,30,30,0,13.77,159,77.98,0,0,1,5.17,0,0,39.454
ZE Green (NAM),2019-2019,2019,2019,1,5,5,0,124,41,41,0,24.8,182,68.13,0,0,0,24.8,0,0,42.132
A Maregwede (ZIM),2003-2005,2003,2005,3,11,11,1,124,37,37,0,12.4,218,56.88,0,0,1,11.27,0,0,30.192
JA Samarasekera (UAE),1994-1996,1994,1996,3,7,6,2,124,47*,47,1,31,215,57.67,0,0,0,17.71,0,0,41.668
M van Jaarsveld (SA),2002-2004,2002,2004,3,11,7,1,124,45,45,0,20.66,169,73.37,0,0,1,11.27,0,0,41.744
LR Williams (WI),1996-2001,1996,2001,6,15,13,2,124,41,41,0,11.27,186,66.66,0,0,2,8.27,0,0,33.426
Ziaur Rahman (BDESH),2013-2014,2013,2014,2,13,11,0,124,41,41,0,11.27,110,112.72,0,0,3,9.54,0,0,51.85
CD de Lange (SCOT),2016-2017,2016,2017,2,13,10,4,123,26*,26,1,20.5,200,61.5,0,0,0,9.46,0,0,36.9
BM Duckett (ENG),2016-2016,2016,2016,1,3,3,0,123,63,63,0,41,152,80.92,0,2,1,41,0,66.67,56.968
GA Paterson (ZIM),1983-1987,1983,1987,5,10,10,0,123,27,27,0,12.3,327,37.61,0,0,1,12.3,0,0,22.424
J Arun Lal (INDIA),1982-1989,1982,1989,8,13,13,0,122,51,51,0,9.38,232,52.58,0,1,4,9.38,0,7.69,26.66
RL Bhudia (KENYA),2008-2009,2008,2009,2,5,5,0,122,47,47,0,24.4,124,98.38,0,0,0,24.4,0,0,53.992
CRM Douglas (BMUDA),2008-2008,2008,2008,1,2,2,0,122,69,69,0,61,218,55.96,0,2,0,61,0,100,58.984
BA Parchment (WI),2007-2008,2007,2008,2,7,7,0,122,48,48,0,17.42,217,56.22,0,0,0,17.43,0,0,32.94
SK Gupta (KENYA),1996-2001,1996,2001,6,10,10,1,121,41,41,0,13.44,220,55,0,0,3,12.1,0,0,30.064
GJAF Aponso (NL),1996-1996,1996,1996,1,5,4,0,120,58,58,0,30,247,48.58,0,1,0,24,0,20,37.432
L Balaji (INDIA),2002-2009,2002,2009,8,30,16,6,120,21*,21,1,12,152,78.94,0,0,2,4,0,0,38.776
Shahid Mahboob (PAK),1982-1984,1982,1984,3,10,6,1,119,77,77,0,23.8,194,61.34,0,1,1,11.9,0,10,38.816
EJ Chatfield (NZ),1979-1989,1979,1989,11,114,48,37,118,19*,19,1,10.72,346,34.1,0,0,6,1.04,0,0,20.072
DBL Powell (WI),2002-2009,2002,2009,8,55,25,3,118,48*,48,1,5.36,164,71.95,0,0,8,2.15,0,0,31.996
JN Snape (ENG),2001-2002,2001,2002,2,10,7,3,118,38,38,0,29.5,173,68.2,0,0,0,11.8,0,0,44.98
V Yadav (INDIA),1992-1994,1992,1994,3,19,12,2,118,34*,34,1,11.8,116,101.72,0,0,2,6.21,0,0,47.768
MR Adair (IRE),2019-2019,2019,2019,1,9,8,2,117,32,32,0,19.5,101,115.84,0,0,0,13,0,0,58.036
DH Brain (ZIM),1992-1995,1992,1995,4,23,18,4,117,27,27,0,8.35,171,68.42,0,0,2,5.09,0,0,32.378
NB Mahwire (ZIM),2004-2006,2004,2006,3,23,19,8,117,22*,22,1,10.63,249,46.98,0,0,2,5.09,0,0,25.17
FL Reifer (WI),1997-2009,1997,2009,13,8,8,0,117,40,40,0,14.62,229,51.09,0,0,0,14.63,0,0,29.208
Arshad Ayub (INDIA),1987-1990,1987,1990,4,32,17,7,116,31*,31,1,11.6,162,71.6,0,0,1,3.63,0,0,35.6
Azam Khan (PAK),1996-1998,1996,1998,3,6,5,0,116,72,72,0,23.2,177,65.53,0,1,0,19.33,0,16.67,40.132
PH Edmonds (ENG),1977-1987,1977,1987,11,29,18,7,116,20,20,0,10.54,232,50,0,0,3,4,0,0,26.324
Hamza Tariq (CAN),2011-2014,2011,2014,4,7,7,0,116,71,71,0,16.57,157,73.88,0,1,2,16.57,0,14.29,39.494
Tauseef Ahmed (PAK),1982-1990,1982,1990,9,70,25,14,116,27*,27,1,10.54,216,53.7,0,0,3,1.66,0,0,27.804
PWH de Silva (SL),2017-2019,2017,2019,3,12,10,2,115,30,30,0,14.37,111,103.6,0,0,2,9.58,0,0,50.062
GK Khoda (INDIA),1998-1998,1998,1998,1,2,2,0,115,89,89,0,57.5,185,62.16,0,1,0,57.5,0,50,59.364
GD McGrath (AUS/ICC),1993-2007,1993,2007,15,250,68,38,115,11,11,0,3.83,236,48.72,0,0,14,0.46,0,0,21.786
MA Carberry (ENG),2013-2014,2013,2014,2,6,6,0,114,63,63,0,19,180,63.33,0,1,0,19,0,16.67,36.732
C Carter (HKG),2015-2018,2015,2018,4,11,9,0,114,43,43,0,12.66,186,61.29,0,0,0,10.36,0,0,32.112
GR Dilley (ENG),1979-1988,1979,1988,10,36,18,8,114,31*,31,1,11.4,133,85.71,0,0,2,3.17,0,0,41.124
FM Engineer (INDIA),1974-1975,1974,1975,2,5,4,1,114,54*,54,1,38,195,58.46,0,1,0,22.8,0,20,46.184
KD Ghavri (INDIA),1975-1981,1975,1981,7,19,16,6,114,20,20,0,11.4,194,58.76,0,0,1,6,0,0,30.344
MO Jones (BMUDA),2006-2007,2006,2007,2,12,12,2,113,27,27,0,11.3,149,75.83,0,0,1,9.42,0,0,37.112
DL Maddy (ENG),1998-2000,1998,2000,3,8,6,0,113,53,53,0,18.83,206,54.85,0,1,1,14.13,0,12.5,33.238
Naved Anjum (PAK),1984-1992,1984,1992,9,13,12,3,113,30,30,0,12.55,154,73.37,0,0,1,8.69,0,0,36.878
MJ Cosgrove (AUS),2006-2006,2006,2006,1,3,3,0,112,74,74,0,37.33,116,96.55,0,1,0,37.33,0,33.33,61.018
JN Frylinck (NAM),2019-2019,2019,2019,1,5,5,2,112,60,60,0,37.33,97,115.46,0,1,0,22.4,0,20,68.582
K Gore (USA),2019-2019,2019,2019,1,7,7,2,112,31,31,0,22.4,171,65.49,0,0,0,16,0,0,39.636
Haseeb Amjad (HKG),2014-2016,2014,2016,3,7,6,1,112,42,42,0,22.4,85,131.76,0,0,1,16,0,0,66.144
DP Hyatt (WI),2011-2011,2011,2011,1,9,9,1,112,39,39,0,14,188,59.57,0,0,1,12.44,0,0,32.228
CT Mutombodzi (ZIM),2013-2015,2013,2015,3,11,10,1,112,27,27,0,12.44,160,70,0,0,0,10.18,0,0,35.464
Hasan Jamil (PAK),1977-1978,1977,1978,2,6,5,0,111,28,28,0,22.2,120,92.5,0,0,0,18.5,0,0,50.32
RDM Leverock (BMUDA),2006-2009,2006,2009,4,32,19,9,111,20*,20,1,11.1,382,29.05,0,0,1,3.47,0,0,18.28
Shan Masood (PAK),2019-2019,2019,2019,1,5,5,0,111,50,50,0,22.2,145,76.55,0,1,1,22.2,0,20,43.94
RD Brown (ZIM),1983-1987,1983,1987,5,7,7,0,110,38,38,0,15.71,334,32.93,0,0,0,15.71,0,0,22.598
BJ McCarthy (IRE),2016-2019,2016,2019,4,27,18,4,110,18,18,0,7.85,201,54.72,0,0,2,4.07,0,0,26.598
Rashid Khan (PAK),1980-1985,1980,1985,6,29,15,7,110,17,17,0,13.75,173,63.58,0,0,0,3.79,0,0,33.682
MG Burmester (ZIM),1992-1995,1992,1995,4,8,7,1,109,39,39,0,18.16,207,52.65,0,0,0,13.63,0,0,31.956
CL Smith (ENG),1984-1984,1984,1984,1,4,4,0,109,70,70,0,27.25,240,45.41,0,1,0,27.25,0,25,34.514
CG Williams (NAM),2019-2019,2019,2019,1,5,5,1,109,36*,36,1,27.25,181,60.22,0,0,0,21.8,0,0,40.438
DS Airee (NEPAL),2018-2019,2018,2019,2,6,6,0,108,40,40,0,18,158,68.35,0,0,1,18,0,0,38.14
MJ McClenaghan (NZ),2013-2016,2013,2016,4,48,14,10,108,34*,34,1,27,138,78.26,0,0,0,2.25,0,0,47.504
SS McKechnie (HKG),2017-2018,2017,2018,2,8,8,1,108,29,29,0,15.42,193,55.95,0,0,2,13.5,0,0,31.632
R Murray (ZIM),2018-2018,2018,2018,1,5,5,1,108,47,47,0,27,178,60.67,0,0,0,21.6,0,0,40.468
Hamid Hassan (AFG),2009-2019,2009,2019,11,38,22,6,107,17,17,0,6.68,195,54.87,0,0,4,2.82,0,0,25.956
SJ Rhodes (ENG),1989-1995,1989,1995,7,9,8,2,107,56,56,0,17.83,150,71.33,0,1,0,11.89,0,11.11,39.23
G Cook (ENG),1981-1983,1981,1983,3,6,6,0,106,32,32,0,17.66,261,40.61,0,0,0,17.67,0,0,26.84
CR Foggo (BMUDA),2008-2008,2008,2008,1,4,4,0,106,60,60,0,26.5,174,60.91,0,1,0,26.5,0,25,40.264
KO Meth (ZIM),2006-2012,2006,2012,7,11,8,0,106,53,53,0,13.25,183,57.92,0,1,2,9.64,0,9.09,31.118
Faruk Ahmed (BDESH),1988-1999,1988,1999,12,7,7,0,105,57,57,0,15,273,38.46,0,1,1,15,0,14.29,24.384
AS Joseph (WI),2016-2019,2016,2019,4,22,10,6,105,29*,29,1,26.25,126,83.33,0,0,1,4.77,0,0,49.082
RK Kleinveldt (SA),2013-2013,2013,2013,1,10,7,0,105,43,43,0,15,124,84.67,0,0,1,10.5,0,0,42.868
TJ Laughlin (AUS),1978-1979,1978,1979,2,6,5,1,105,74,74,0,26.25,160,65.62,0,1,0,17.5,0,16.67,41.998
PM Toohey (AUS),1978-1979,1978,1979,2,5,4,2,105,54*,54,1,52.5,133,78.94,0,1,0,21,0,20,63.076
CD Collymore (WI),1999-2007,1999,2007,9,84,35,17,104,13*,13,1,5.77,261,39.84,0,0,8,1.24,0,0,19.398
D Elgar (SA),2012-2018,2012,2018,7,8,7,1,104,42,42,0,17.33,177,58.75,0,0,0,13,0,0,33.898
BP Nash (WI),2008-2009,2008,2009,2,9,7,3,104,39*,39,1,26,141,73.75,0,0,0,11.56,0,0,45.1
RP Singh (INDIA),2005-2011,2005,2011,7,58,20,10,104,23,23,0,10.4,242,42.97,0,0,3,1.79,0,0,23.428
K Birkenstock (NAM),2019-2019,2019,2019,1,5,5,0,103,61,61,0,20.6,193,53.36,0,1,2,20.6,0,20,33.704
MW Priest (NZ),1990-1998,1990,1998,9,18,14,4,103,24,24,0,10.3,225,45.77,0,0,2,5.72,0,0,24.488
G Toka (PNG),2019-2019,2019,2019,1,7,6,0,103,29,29,0,17.16,190,54.21,0,0,0,14.71,0,0,31.98
JW Wilson (NZ),1993-2005,1993,2005,13,6,6,1,103,44*,44,1,20.6,112,91.96,0,0,1,17.17,0,0,49.144
Ehsan Khan (HKG),2016-2018,2016,2018,3,15,12,3,102,27*,27,1,11.33,228,44.73,0,0,2,6.8,0,0,24.69
Waqas Barkat (HKG),2014-2018,2014,2018,5,10,10,2,102,27,27,0,12.75,184,55.43,0,0,3,10.2,0,0,29.822
D Wiese (SA),2015-2016,2015,2016,2,6,6,1,102,41*,41,1,20.4,115,88.69,0,0,0,17,0,0,47.716
Arshad Laeeq (UAE),1994-1996,1994,1996,3,6,6,1,101,43*,43,1,20.2,215,46.97,0,0,1,16.83,0,0,30.908
XJ Doherty (AUS),2010-2015,2010,2015,6,60,23,16,101,15*,15,1,14.42,184,54.89,0,0,2,1.68,0,0,30.608
ERNS Fernando (SL),1983-1983,1983,1983,1,7,5,0,101,36,36,0,20.2,216,46.75,0,0,2,14.43,0,0,30.82
RO Hinds (WI),2001-2004,2001,2004,4,14,9,3,101,18*,18,1,16.83,170,59.41,0,0,0,7.21,0,0,33.862
WR James (ZIM),1992-1996,1992,1996,5,11,8,1,101,29,29,0,14.42,255,39.6,0,0,1,9.18,0,0,24.492
Kuldeep Yadav (INDIA),2017-2019,2017,2019,3,56,20,12,101,19,19,0,12.62,173,58.38,0,0,1,1.8,0,0,30.924
TA Lloyd (ENG),1984-1984,1984,1984,1,3,3,0,101,49,49,0,33.66,228,44.29,0,0,0,33.67,0,0,37.912
Tabarak Dar (HKG),2004-2008,2004,2008,5,4,4,0,101,36,36,0,25.25,175,57.71,0,0,0,25.25,0,0,38.234
GB Troup (NZ),1976-1985,1976,1985,10,22,12,8,101,39,39,0,25.25,140,72.14,0,0,0,4.59,0,0,44.006
S Amarnath (INDIA),1978-1978,1978,1978,1,3,3,0,100,62,62,0,33.33,119,84.03,0,1,0,33.33,0,33.33,53.61
S Elworthy (SA),1998-2002,1998,2002,5,39,16,8,100,23,23,0,12.5,160,62.5,0,0,3,2.56,0,0,32.5
AC Evans (SCOT),2009-2019,2009,2019,11,36,18,8,100,28,28,0,10,157,63.69,0,0,2,2.78,0,0,31.476
MG Hughes (AUS),1988-1993,1988,1993,6,33,17,8,100,20,20,0,11.11,134,74.62,0,0,3,3.03,0,0,36.514
Shahzaib Hasan (PAK),2010-2010,2010,2010,1,3,3,0,100,50,50,0,33.33,113,88.49,0,1,0,33.33,0,33.33,55.394
NMK Smith (ENG),1996-1996,1996,1996,1,7,6,1,100,31,31,0,20,132,75.75,0,0,0,14.29,0,0,42.3
A Zampa (AUS),2016-2019,2016,2019,4,48,20,5,100,22,22,0,6.66,159,62.89,0,0,3,2.08,0,0,29.152
Akshay Homraj (USA),2019-2019,2019,2019,1,4,4,0,99,34,34,0,24.75,135,73.33,0,0,0,24.75,0,0,44.182
LV Garrick (WI),2001-2001,2001,2001,1,3,3,0,99,76,76,0,33,204,48.52,0,1,0,33,0,33.33,39.208
AFG Griffith (WI),1996-2000,1996,2000,5,9,8,1,99,47,47,0,14.14,177,55.93,0,0,0,11,0,0,30.856
Irfan Ahmed (HKG),2008-2014,2008,2014,7,6,6,0,99,37,37,0,16.5,125,79.2,0,0,1,16.5,0,0,41.58
BC Rose (ENG),1977-1977,1977,1977,1,2,2,0,99,54,54,0,49.5,210,47.14,0,1,0,49.5,0,50,48.556
Saad Nasim (PAK),2015-2015,2015,2015,1,3,3,1,99,77*,77,1,49.5,124,79.83,0,1,1,33,0,33.33,61.632
Sandeep Goud (OMAN),2019-2019,2019,2019,1,5,4,1,99,67*,67,1,33,112,88.39,0,1,2,19.8,0,20,55.156
DCC Borden (BMUDA),2006-2008,2006,2008,3,12,11,4,98,24,24,0,14,195,50.25,0,0,2,8.17,0,0,28.5
GJ Crocker (ZIM),1992-1993,1992,1993,2,6,5,1,98,50,50,0,24.5,105,93.33,0,1,0,16.33,0,16.67,52.032
EJ Gray (NZ),1984-1988,1984,1988,5,10,7,1,98,38,38,0,16.33,230,42.6,0,0,0,9.8,0,0,26.838
LR Johnson (WI),2008-2015,2008,2015,8,6,6,0,98,51,51,0,16.33,175,56,0,1,1,16.33,0,16.67,32.198
I Maraj (CAN),2003-2003,2003,2003,1,6,6,1,98,53*,53,1,19.6,264,37.12,0,1,2,16.33,0,16.67,26.608
Mohammad Ishaq (UAE),1994-1996,1994,1996,3,5,5,1,98,51*,51,1,24.5,130,75.38,0,1,0,19.6,0,20,44.852
GC Small (ENG),1987-1992,1987,1992,6,53,24,9,98,18*,18,1,6.53,188,52.12,0,0,6,1.85,0,0,24.766
Sohrawordi Shuvo (BDESH),2010-2011,2010,2011,2,17,10,3,98,20*,20,1,14,135,72.59,0,0,0,5.76,0,0,37.436
GM Ewing (ZIM),2004-2005,2004,2005,2,7,7,0,97,46,46,0,13.85,137,70.8,0,0,2,13.86,0,0,36.63
AL Kandappah (CAN),2007-2007,2007,2007,1,2,2,1,97,69*,69,1,97,156,62.17,0,1,0,48.5,0,50,83.068
RB Kerr (AUS),1985-1985,1985,1985,1,4,4,1,97,87*,87,1,32.33,159,61,0,1,0,24.25,0,25,43.798
Manzoor Akhtar (PAK),1997-1998,1997,1998,2,7,4,0,97,44,44,0,24.25,147,65.98,0,0,0,13.86,0,0,40.942
Azhar Hossain (BDESH),1988-1990,1988,1990,3,7,7,0,96,54,54,0,13.71,266,36.09,0,1,0,13.71,0,14.29,22.662
MP Bicknell (ENG),1990-1991,1990,1991,2,7,6,2,96,31*,31,1,24,104,92.3,0,0,0,13.71,0,0,51.32
RE van der Merwe (NL/SA),2009-2019,2009,2019,11,15,8,3,96,57,57,0,19.2,95,101.05,0,1,1,6.4,0,6.67,51.94
Aamer Yamin (PAK),2015-2018,2015,2018,4,4,3,2,95,62,62,0,95,96,98.95,0,1,0,23.75,0,25,96.58
D Daesrath (CAN),2012-2013,2012,2013,2,4,3,0,95,40,40,0,31.66,137,69.34,0,0,0,23.75,0,0,46.732
AA Donald (SA),1991-2003,1991,2003,13,164,40,18,95,13,13,0,4.31,279,34.05,0,0,12,0.58,0,0,16.206
Mohammad Tauqir (UAE),2004-2015,2004,2015,12,11,9,2,95,55,55,0,13.57,164,57.92,0,1,0,8.64,0,9.09,31.31
HK Olonga (ZIM),1995-2003,1995,2003,9,50,27,14,95,31,31,0,7.3,163,58.28,0,0,6,1.9,0,0,27.692
JS Patel (NZ),2005-2017,2005,2017,13,43,15,8,95,34,34,0,13.57,162,58.64,0,0,1,2.21,0,0,31.598
KL Tucker (BMUDA),2006-2007,2006,2007,2,12,12,2,95,34,34,0,9.5,246,38.61,0,0,1,7.92,0,0,21.144
Aarif Sheikh (NEPAL),2018-2019,2018,2019,2,6,6,1,94,29,29,0,18.8,176,53.4,0,0,1,15.67,0,0,32.64
PC de Silva (SL),2014-2017,2014,2017,4,7,7,1,94,44,44,0,15.66,112,83.92,0,0,0,13.43,0,0,42.964
VC Drakes (WI),1995-2004,1995,2004,10,34,17,5,94,25,25,0,7.83,174,54.02,0,0,2,2.76,0,0,26.306
GFJ Liebenberg (SA),1995-1998,1995,1998,4,4,4,0,94,39,39,0,23.5,199,47.23,0,0,0,23.5,0,0,32.992
Mohammed Qasim (UAE),2017-2017,2017,2017,1,5,5,0,94,41,41,0,18.8,188,50,0,0,0,18.8,0,0,31.28
LJ Tucker (IRE),2019-2019,2019,2019,1,5,5,1,94,56,56,0,23.5,103,91.26,0,1,1,18.8,0,20,50.604
S Abid Ali (INDIA),1974-1975,1974,1975,2,5,3,0,93,70,70,0,31,132,70.45,0,1,0,18.6,0,20,46.78
Kabir Ali (ENG),2003-2006,2003,2006,4,14,9,3,93,39*,39,1,15.5,108,86.11,0,0,2,6.64,0,0,43.744
PVD Chameera (SL),2015-2019,2015,2019,5,23,14,7,93,19*,19,1,13.28,150,62,0,0,1,4.04,0,0,32.768
MR Gillespie (NZ),2006-2009,2006,2009,4,32,14,8,93,28,28,0,15.5,118,78.81,0,0,1,2.91,0,0,40.824
V Mehra (UAE),1994-1996,1994,1996,3,6,6,1,92,43,43,0,18.4,202,45.54,0,0,0,15.33,0,0,29.256
BC Strang (ZIM),1995-2001,1995,2001,7,49,26,8,92,18,18,0,5.11,220,41.81,0,0,5,1.88,0,0,19.79
SJ Harmison (ENG),2002-2009,2002,2009,8,58,25,14,91,18*,18,1,8.27,141,64.53,0,0,3,1.57,0,0,30.774
JV Harris (CAN),2003-2003,2003,2003,1,6,6,0,91,31,31,0,15.16,204,44.6,0,0,0,15.17,0,0,26.936
SG Peall (ZIM),1992-1996,1992,1996,5,21,15,1,91,21,21,0,6.5,150,60.66,0,0,4,4.33,0,0,28.164
DP Samaraweera (SL),1993-1994,1993,1994,2,5,4,0,91,49,49,0,22.75,169,53.84,0,0,0,18.2,0,0,35.186
RT Lyons (SCOT),2006-2010,2006,2010,5,25,14,10,90,28,28,0,22.5,147,61.22,0,0,0,3.6,0,0,37.988
GB Murgatroyd (NAM),2003-2003,2003,2003,1,6,6,0,90,52,52,0,15,145,62.06,0,1,2,15,0,16.67,33.824
A Nao (PNG),2017-2019,2017,2019,3,13,11,9,90,46,46,0,45,83,108.43,0,0,0,6.92,0,0,70.372
A Ratra (INDIA),2002-2002,2002,2002,1,12,8,1,90,30,30,0,12.85,127,70.86,0,0,0,7.5,0,0,36.054
Aamer Hanif (PAK),1993-1995,1993,1995,3,5,4,2,89,36*,36,1,44.5,128,69.53,0,0,0,17.8,0,0,54.512
FA Allen (WI),2018-2019,2018,2019,2,12,10,3,89,51,51,0,12.71,101,88.11,0,1,1,7.42,0,8.33,42.87
Bilawal Bhatti (PAK),2013-2015,2013,2015,3,10,7,1,89,39,39,0,14.83,75,118.66,0,0,1,8.9,0,0,56.362
JJ van der Wath (SA),2006-2007,2006,2007,2,10,8,2,89,37*,37,1,14.83,70,127.14,0,0,3,8.9,0,0,59.754
VB Chandrasekhar (INDIA),1988-1990,1988,1990,3,7,7,0,88,53,53,0,12.57,162,54.32,0,1,0,12.57,0,14.29,29.27
NK Patel (USA),2019-2019,2019,2019,1,6,5,0,88,40,40,0,17.6,134,65.67,0,0,0,14.67,0,0,36.828
Raees Ahmadzai (AFG),2009-2010,2009,2010,2,5,4,1,88,39,39,0,29.33,137,64.23,0,0,0,17.6,0,0,43.29
AJ Traicos (ZIM),1983-1993,1983,1993,11,27,17,9,88,19,19,0,11,175,50.28,0,0,1,3.26,0,0,26.712
Anil Dalpat (PAK),1984-1986,1984,1986,3,15,10,3,87,37,37,0,12.42,136,63.97,0,0,1,5.8,0,0,33.04
H Hiri (PNG),2016-2019,2016,2019,4,7,7,3,87,31*,31,1,21.75,137,63.5,0,0,1,12.43,0,0,38.45
K Jethi (CAN),2008-2008,2008,2008,1,3,3,1,87,46*,46,1,43.5,79,110.12,0,0,0,29,0,0,70.148
Suraj Kumar (OMAN),2019-2019,2019,2019,1,5,4,1,87,35*,35,1,29,144,60.41,0,0,0,17.4,0,0,41.564
RM Ellison (ENG),1984-1986,1984,1986,3,14,12,4,86,24,24,0,10.75,110,78.18,0,0,0,6.14,0,0,37.722
BD Julien (WI),1973-1977,1973,1977,5,12,8,2,86,26*,26,1,14.33,148,58.1,0,0,1,7.17,0,0,31.838
EH Mattis (WI),1981-1981,1981,1981,1,2,2,0,86,62,62,0,43,190,45.26,0,1,0,43,0,50,43.904
AD Mullally (ENG),1996-2001,1996,2001,6,50,25,10,86,20,20,0,5.73,238,36.13,0,0,6,1.72,0,0,17.89
RK Paudel (NEPAL),2018-2019,2018,2019,2,4,4,0,86,55,55,0,21.5,111,77.47,0,1,0,21.5,0,25,43.888
WB Rankin (ENG/IRE),2007-2019,2007,2019,13,73,32,19,86,18*,18,1,6.61,198,43.43,0,0,4,1.18,0,0,21.338
R Vinay Kumar (INDIA),2010-2013,2010,2013,4,31,13,4,86,27*,27,1,9.55,146,58.9,0,0,2,2.77,0,0,29.29
BV Vitori (ZIM),2011-2018,2011,2018,8,24,14,3,86,20*,20,1,7.81,90,95.55,0,0,5,3.58,0,0,42.906
W Watson (NZ),1986-1994,1986,1994,9,61,24,13,86,21,21,0,7.81,180,47.77,0,0,3,1.41,0,0,23.794
PB Dassanayake (SL),1993-1994,1993,1994,2,16,10,2,85,20*,20,1,10.62,142,59.85,0,0,0,5.31,0,0,30.312
PJC Hoffmann (SCOT),2006-2007,2006,2007,2,18,14,3,85,31,31,0,7.72,69,123.18,0,0,3,4.72,0,0,53.904
KAD Hurdle (BMUDA),2006-2007,2006,2007,2,19,13,5,85,22,22,0,10.62,101,84.15,0,0,2,4.47,0,0,40.032
SI Mahmood (ENG),2004-2009,2004,2009,6,26,15,4,85,22*,22,1,7.72,101,84.15,0,0,3,3.27,0,0,38.292
KJ Barnett (ENG),1988-1988,1988,1988,1,1,1,0,84,84,84,0,84,146,57.53,0,1,0,84,0,100,73.412
IG Butler (NZ),2002-2010,2002,2010,9,26,13,5,84,25,25,0,10.5,154,54.54,0,0,2,3.23,0,0,28.116
SF Dukanwala (UAE),1996-1996,1996,1996,1,5,4,2,84,40*,40,1,42,139,60.43,0,0,0,16.8,0,0,49.372
VB John (SL),1982-1987,1982,1987,6,45,19,10,84,15,15,0,9.33,152,55.26,0,0,3,1.87,0,0,27.702
GI Maiden (SCOT),2010-2011,2010,2011,2,7,6,2,84,31,31,0,21,133,63.15,0,0,1,12,0,0,37.86
Saqib Ali (UAE),2008-2014,2008,2014,7,5,5,1,84,25*,25,1,21,129,65.11,0,0,0,16.8,0,0,38.644
Younis Ahmed (PAK),1987-1987,1987,1987,1,2,2,0,84,58,58,0,42,151,55.62,0,1,0,42,0,50,47.448
OAC Banks (WI),2003-2005,2003,2005,3,5,5,0,83,33,33,0,16.6,149,55.7,0,0,0,16.6,0,0,32.24
GH Bodi (SA),2007-2007,2007,2007,1,2,2,0,83,51,51,0,41.5,132,62.87,0,1,0,41.5,0,50,50.048
AG Davies (SCOT),1999-1999,1999,1999,1,5,5,1,83,32,32,0,20.75,154,53.89,0,0,1,16.6,0,0,34.006
LHD Dilhara (SL),2005-2013,2005,2013,9,9,9,0,83,29,29,0,9.22,107,77.57,0,0,1,9.22,0,0,36.56
DJM Short (AUS),2018-2018,2018,2018,1,4,4,1,83,47*,47,1,27.66,99,83.83,0,0,1,20.75,0,0,50.128
R Strydom (IRE),2008-2008,2008,2008,1,9,6,0,83,37,37,0,13.83,155,53.54,0,0,0,9.22,0,0,29.714
RGD Willis (ENG),1973-1984,1973,1984,12,64,22,14,83,24,24,0,10.37,157,52.86,0,0,4,1.3,0,0,27.366
RR David (CAN),2008-2010,2008,2010,3,4,3,0,82,48,48,0,27.33,170,48.23,0,0,0,20.5,0,0,35.69
C Hemraj (WI),2018-2018,2018,2018,1,6,6,0,82,32,32,0,13.66,98,83.67,0,0,0,13.67,0,0,41.664
LJ Koen (SA),1997-2000,1997,2000,4,5,5,0,82,28,28,0,16.4,169,48.52,0,0,1,16.4,0,0,29.248
DB Kotze (NAM),2003-2003,2003,2003,1,6,6,1,82,27,27,0,16.4,135,60.74,0,0,0,13.67,0,0,34.136
Nasir Aziz (UAE),2014-2015,2014,2015,2,5,3,0,82,60,60,0,27.33,125,65.6,0,1,0,16.4,0,20,42.638
RD Robinson (AUS),1977-1977,1977,1977,1,2,2,0,82,70,70,0,41,143,57.34,0,1,0,41,0,50,47.536
MC Henriques (AUS),2009-2017,2009,2017,9,11,10,1,81,18,18,0,9,119,68.06,0,0,0,7.36,0,0,32.624
Mahbubul Alam (BDESH),2009-2009,2009,2009,1,5,2,0,81,59,59,0,40.5,71,114.08,0,1,0,16.2,0,20,69.932
AM Phangiso (SA),2013-2016,2013,2016,4,21,13,2,81,20,20,0,7.36,162,50,0,0,3,3.86,0,0,24.416
GA Rogers (SCOT),2006-2008,2006,2008,3,13,8,3,81,26,26,0,16.2,169,47.92,0,0,1,6.23,0,0,28.888
Shahid Wasif (HKG),2016-2018,2016,2018,3,10,7,0,81,45,45,0,11.57,163,49.69,0,0,1,8.1,0,0,26.818
JJ Smit (NAM),2019-2019,2019,2019,1,5,5,1,81,33,33,0,20.25,114,71.05,0,0,0,16.2,0,0,40.57
S Sriram (INDIA),2000-2004,2000,2004,5,8,7,1,81,57,57,0,13.5,135,60,0,1,1,10.13,0,12.5,32.1
Syed Rasel (BDESH),2005-2010,2005,2010,6,52,27,11,81,15,15,0,5.06,185,43.78,0,0,5,1.56,0,0,20.548
JNT Vare (PNG),2014-2018,2014,2018,5,9,9,1,81,28,28,0,10.12,110,73.63,0,0,0,9,0,0,35.524
Jai P Yadav (INDIA),2002-2005,2002,2005,4,12,7,3,81,69,69,0,20.25,123,65.85,0,1,2,6.75,0,8.33,38.49
Aftab Alam (AFG),2010-2019,2010,2019,10,27,17,10,80,16*,16,1,11.42,107,74.76,0,0,3,2.96,0,0,36.756
G Goudie (SCOT),2008-2013,2008,2013,6,16,11,3,80,23,23,0,10,99,80.8,0,0,2,5,0,0,38.32
TR Gripper (ZIM),2001-2003,2001,2003,3,8,8,0,80,26,26,0,10,187,42.78,0,0,1,10,0,0,23.112
Hammad Azam (PAK),2011-2015,2011,2015,5,11,7,2,80,36,36,0,16,131,61.06,0,0,0,7.27,0,0,34.024
PWE Rawson (ZIM),1983-1987,1983,1987,5,10,8,3,80,24*,24,1,16,123,65.04,0,0,1,8,0,0,35.616
SK Sharma (INDIA),1988-1990,1988,1990,3,23,12,4,80,28,28,0,10,135,59.25,0,0,2,3.48,0,0,29.7
TD Astle (NZ),2017-2019,2017,2019,3,9,5,2,79,49,49,0,26.33,77,102.59,0,0,0,8.78,0,0,56.834
S Badrinath (INDIA),2008-2011,2008,2011,4,7,6,1,79,27*,27,1,15.8,172,45.93,0,0,0,11.29,0,0,27.852
Shahadat Hossain (BDESH),2006-2013,2006,2013,8,51,27,17,79,16*,16,1,7.9,151,52.31,0,0,3,1.55,0,0,25.664
MHN Walker (AUS),1974-1981,1974,1981,8,17,11,3,79,20,20,0,9.87,170,46.47,0,0,1,4.65,0,0,24.51
UT Yadav (INDIA),2010-2018,2010,2018,9,75,24,14,79,18*,18,1,7.9,134,58.95,0,0,4,1.05,0,0,28.32
AC Dale (AUS),1997-2000,1997,2000,4,30,12,8,78,15*,15,1,19.5,136,57.35,0,0,1,2.6,0,0,34.64
MF Kent (AUS),1981-1981,1981,1981,1,5,5,1,78,33,33,0,19.5,133,58.64,0,0,0,15.6,0,0,35.156
Mustafizur Rahman (BDESH),2015-2019,2015,2019,5,56,27,17,78,18*,18,1,7.8,136,57.35,0,0,4,1.39,0,0,27.62
MW Rushmere (SA),1992-1992,1992,1992,1,4,4,0,78,35,35,0,19.5,174,44.82,0,0,0,19.5,0,0,29.628
Sami Aslam (PAK),2015-2016,2015,2016,2,4,4,0,78,45,45,0,19.5,117,66.66,0,0,0,19.5,0,0,38.364
MH Tissera (SL),1975-1975,1975,1975,1,3,3,0,78,52,52,0,26,147,53.06,0,1,0,26,0,33.33,36.824
NM Lyon (AUS),2012-2019,2012,2019,8,29,14,10,77,30,30,0,19.25,83,92.77,0,0,1,2.66,0,0,48.658
KJ Abbott (SA),2013-2016,2013,2016,4,28,13,4,76,23,23,0,8.44,126,60.31,0,0,1,2.71,0,0,29.188
TL Best (WI),2004-2014,2004,2014,11,26,16,8,76,24,24,0,9.5,125,60.8,0,0,1,2.92,0,0,30.02
SS Cottrell (WI),2015-2019,2015,2019,5,30,14,7,76,17,17,0,10.85,103,73.78,0,0,1,2.53,0,0,36.022
IG Holland (USA),2019-2019,2019,2019,1,4,4,0,76,44,44,0,19,92,82.6,0,0,0,19,0,0,44.44
CA Lynn (AUS),2017-2018,2017,2018,2,4,4,0,75,44,44,0,18.75,89,84.26,0,0,1,18.75,0,0,44.954
AP Sheahan (AUS),1972-1972,1972,1972,1,3,3,0,75,50,50,0,25,124,60.48,0,1,0,25,0,33.33,39.192
KDK Vithanage (SL),2013-2014,2013,2014,2,6,6,1,75,27,27,0,15,90,83.33,0,0,0,12.5,0,0,42.332
NG Jones (IRE),2010-2011,2010,2011,2,14,9,4,74,25*,25,1,14.8,102,72.54,0,0,0,5.29,0,0,37.896
MS Kasprowicz (AUS),1995-2005,1995,2005,11,43,13,9,74,28*,28,1,18.5,89,83.14,0,0,2,1.72,0,0,44.356
PWA Mulder (SA),2017-2019,2017,2019,3,10,8,3,74,19*,19,1,14.8,89,83.14,0,0,0,7.4,0,0,42.136
MM Patel (INDIA),2006-2011,2006,2011,6,70,27,16,74,15,15,0,6.72,112,66.07,0,0,4,1.06,0,0,30.46
Yasir Arafat (PAK),2000-2009,2000,2009,10,11,8,3,74,27,27,0,14.8,110,67.27,0,0,0,6.73,0,0,35.788
FH Edwards (WI),2003-2009,2003,2009,7,50,22,14,73,13,13,0,9.12,160,45.62,0,0,2,1.46,0,0,23.72
CK Langeveldt (SA),2001-2010,2001,2010,10,72,21,10,73,12,12,0,6.63,124,58.87,0,0,1,1.01,0,0,27.526
EB McSweeney (NZ),1986-1987,1986,1987,2,16,14,5,73,18*,18,1,8.11,119,61.34,0,0,2,4.56,0,0,29.402
GR Sealy (CAN),1979-1979,1979,1979,1,3,3,0,73,45,45,0,24.33,149,48.99,0,0,0,24.33,0,0,34.194
CS Serjeant (AUS),1977-1978,1977,1978,2,3,3,0,73,46,46,0,24.33,158,46.2,0,0,0,24.33,0,0,33.078
R Telemachus (SA),1998-2006,1998,2006,9,37,15,3,73,29,29,0,6.08,94,77.65,0,0,2,1.97,0,0,34.708
AL Wadekar (INDIA),1974-1974,1974,1974,1,2,2,0,73,67,67,0,36.5,90,81.11,0,1,0,36.5,0,50,54.344
DS Weerakkody (SL),2017-2017,2017,2017,1,3,3,0,73,58,58,0,24.33,66,110.6,0,1,0,24.33,0,33.33,58.838
G Blakeney (BMUDA),2009-2009,2009,2009,1,2,2,0,72,42,42,0,36,69,104.34,0,0,0,36,0,0,63.336
TG Hogan (AUS),1983-1984,1983,1984,2,16,12,4,72,27,27,0,9,95,75.78,0,0,1,4.5,0,0,35.712
BA Murphy (ZIM),2000-2003,2000,2003,4,31,17,8,72,20*,20,1,8,130,55.38,0,0,1,2.32,0,0,26.952
OL Pitcher (BMUDA),2007-2007,2007,2007,1,5,5,0,72,30,30,0,14.4,217,33.17,0,0,1,14.4,0,0,21.908
I Sharma (INDIA),2007-2016,2007,2016,10,80,28,13,72,13,13,0,4.8,203,35.46,0,0,5,0.9,0,0,17.064
S Viswanath (INDIA),1985-1988,1985,1988,4,22,12,4,72,23*,23,1,9,139,51.79,0,0,0,3.27,0,0,26.116
CJ Adams (ENG),1998-2000,1998,2000,3,5,4,0,71,42,42,0,17.75,144,49.3,0,0,0,14.2,0,0,30.37
DI Allan (KENYA),2011-2013,2011,2013,3,5,5,0,71,27,27,0,14.2,153,46.4,0,0,0,14.2,0,0,27.08
SA Edwards (NL),2018-2019,2018,2019,2,4,3,1,71,44*,44,1,35.5,81,87.65,0,0,0,17.75,0,0,56.36
EH Hutchinson (USA),2019-2019,2019,2019,1,4,3,1,71,42*,42,1,35.5,49,144.89,0,0,0,17.75,0,0,79.256
MJG Rippon (NL),2013-2018,2013,2018,6,6,4,1,71,51,51,0,23.66,112,63.39,0,1,0,11.83,0,16.67,39.552
JDF Vandersay (SL),2015-2019,2015,2019,5,12,7,1,71,25,25,0,11.83,166,42.77,0,0,1,5.92,0,0,24.206
KED Carroll (IRE),2007-2007,2007,2007,1,6,6,0,70,28,28,0,11.66,126,55.55,0,0,1,11.67,0,0,29.216
SR Gillespie (NZ),1986-1988,1986,1988,3,19,11,5,70,18*,18,1,11.66,106,66.03,0,0,1,3.68,0,0,33.408
Shuvagata Hom (BDESH),2011-2011,2011,2011,1,4,3,1,70,35*,35,1,35,86,81.39,0,0,0,17.5,0,0,53.556
MJ Smith (ENG),1973-1974,1973,1974,2,5,5,0,70,31,31,0,14,159,44.02,0,0,1,14,0,0,26.008
RD Steede (BMUDA),2006-2008,2006,2008,3,8,7,1,70,20,20,0,11.66,142,49.29,0,0,0,8.75,0,0,26.712
Ashraf Ali (PAK),1980-1985,1980,1985,6,16,9,5,69,19*,19,1,17.25,135,51.11,0,0,1,4.31,0,0,30.794
SR Clark (AUS),2005-2009,2005,2009,5,39,12,7,69,16*,16,1,13.8,88,78.4,0,0,1,1.77,0,0,39.64
AC Dawson (SA),1998-2004,1998,2004,7,19,7,4,69,23*,23,1,23,67,102.98,0,0,0,3.63,0,0,54.992
Y Goonasekera (SL),1983-1983,1983,1983,1,3,3,0,69,35,35,0,23,104,66.34,0,0,0,23,0,0,40.336
SP Khakurel (NEPAL),2018-2018,2018,2018,1,2,2,0,69,50,50,0,34.5,130,53.07,0,1,0,34.5,0,50,41.928
Mujeeb Ur Rahman (AFG),2017-2019,2017,2019,3,40,21,10,69,15,15,0,6.27,79,87.34,0,0,7,1.73,0,0,38.698
TP Visee (NL),2019-2019,2019,2019,1,2,2,0,69,41,41,0,34.5,56,123.21,0,0,0,34.5,0,0,69.984
FS Crockwell (BMUDA),2009-2009,2009,2009,1,2,2,0,68,45,45,0,34,104,65.38,0,0,0,34,0,0,46.552
TGJ Gruijters (NL),2010-2013,2010,2013,4,5,4,1,68,32,32,0,22.66,116,58.62,0,0,0,13.6,0,0,37.044
OJ Hairs (SCOT),2010-2010,2010,2010,1,5,5,0,68,27,27,0,13.6,100,68,0,0,0,13.6,0,0,35.36
Iftikhar Ahmed (PAK),2015-2019,2015,2019,5,4,4,2,68,32*,32,1,34,73,93.15,0,0,0,17,0,0,57.66
RK Illingworth (ENG),1991-1996,1991,1996,6,25,11,5,68,14,14,0,11.33,119,57.14,0,0,0,2.72,0,0,29.654
Jatinder Singh (OMAN),2019-2019,2019,2019,1,5,5,0,68,23,23,0,13.6,137,49.63,0,0,1,13.6,0,0,28.012
Junaid Khan (PAK),2011-2019,2011,2019,9,76,31,17,68,25,25,0,4.85,127,53.54,0,0,6,0.89,0,0,24.326
SO Ngoche (KENYA),2010-2014,2010,2014,5,14,12,3,68,28,28,0,7.55,119,57.14,0,0,4,4.86,0,0,27.386
Nurul Hasan (BDESH),2016-2016,2016,2016,1,2,2,0,68,44,44,0,34,70,97.14,0,0,0,34,0,0,59.256
JA Richardson (AUS),2018-2019,2018,2019,2,12,7,2,68,29,29,0,13.6,84,80.95,0,0,0,5.67,0,0,40.54
M Sheikh (KENYA),1997-2000,1997,2000,4,21,15,5,68,15*,15,1,6.8,123,55.28,0,0,2,3.24,0,0,26.192
SJ Cook (SA),1991-1993,1991,1993,3,4,4,0,67,35,35,0,16.75,118,56.77,0,0,1,16.75,0,0,32.758
SG Davies (ZIM),1996-1996,1996,1996,1,4,4,0,67,45,45,0,16.75,173,38.72,0,0,0,16.75,0,0,25.538
Junaid Siddiqui (CAN),2011-2014,2011,2014,4,9,8,3,67,25,25,0,13.4,144,46.52,0,0,1,7.44,0,0,26.648
N Madziva (ZIM),2014-2016,2014,2016,3,12,12,3,67,25,25,0,7.44,138,48.55,0,0,2,5.58,0,0,23.884
HJC Mol (NL),2002-2008,2002,2008,7,11,9,1,67,23,23,0,8.37,183,36.61,0,0,2,6.09,0,0,19.666
Nadeem Ahmed (HKG),2004-2018,2004,2018,15,25,16,4,67,14,14,0,5.58,151,44.37,0,0,1,2.68,0,0,21.096
V Pollard (NZ),1973-1974,1973,1974,2,3,2,0,67,55,55,0,33.5,145,46.2,0,1,0,22.33,0,33.33,38.58
Shapoor Zadran (AFG),2009-2019,2009,2019,11,44,27,17,67,17,17,0,6.7,160,41.87,0,0,4,1.52,0,0,20.768
IS Sodhi (NZ),2015-2019,2015,2019,5,31,13,2,67,24,24,0,6.09,88,76.13,0,0,4,2.16,0,0,34.106
Waqas Khan (HKG),2015-2017,2015,2017,3,8,5,1,67,35*,35,1,16.75,137,48.9,0,0,0,8.38,0,0,29.61
PR Adams (SA),1996-2003,1996,2003,8,24,9,5,66,33*,33,1,16.5,124,53.22,0,0,2,2.75,0,0,31.188
Akhtar Sarfraz (PAK),1997-1998,1997,1998,2,4,4,0,66,25,25,0,16.5,99,66.66,0,0,0,16.5,0,0,36.564
RJ Bright (AUS),1974-1986,1974,1986,13,11,8,4,66,19*,19,1,16.5,122,54.09,0,0,1,6,0,0,31.536
Sharafuddin Ashraf (AFG),2014-2019,2014,2019,6,17,10,3,66,21,21,0,9.42,100,66,0,0,2,3.88,0,0,32.052
OO Bascome (BMUDA),2008-2008,2008,2008,1,6,6,0,65,20,20,0,10.83,145,44.82,0,0,0,10.83,0,0,24.426
KCG Benjamin (WI),1992-1996,1992,1996,5,26,13,7,65,17,17,0,10.83,80,81.25,0,0,1,2.5,0,0,38.998
RD King (WI),1998-2005,1998,2005,8,50,23,14,65,12*,12,1,7.22,203,32.01,0,0,5,1.3,0,0,17.136
RG Petrie (NZ),1990-1991,1990,1991,2,12,8,3,65,21,21,0,13,109,59.63,0,0,1,5.42,0,0,31.652
Saeed Azad (PAK),1995-1996,1995,1996,2,4,4,0,65,31,31,0,16.25,131,49.61,0,0,0,16.25,0,0,29.594
VA Holder (WI),1973-1978,1973,1978,6,12,6,1,64,30,30,0,12.8,85,75.29,0,0,1,5.33,0,0,37.796
H Osinde (CAN),2006-2013,2006,2013,8,42,28,13,64,21*,21,1,4.26,130,49.23,0,0,7,1.52,0,0,22.248
KF Semple (WI),1999-1999,1999,1999,1,7,6,0,64,23,23,0,10.66,165,38.78,0,0,0,9.14,0,0,21.908
RO Hussain (SCOT),2006-2010,2006,2010,5,8,8,1,63,17,17,0,9,143,44.05,0,0,0,7.88,0,0,23.02
PD McGlashan (NZ),2009-2009,2009,2009,1,4,2,1,63,56*,56,1,63,51,123.52,0,1,0,15.75,0,25,87.208
MQ Sheikh (SCOT),2008-2010,2008,2010,3,7,7,1,63,23,23,0,10.5,140,45,0,0,0,9,0,0,24.3
Taijul Islam (BDESH),2014-2019,2014,2019,6,6,4,1,63,39*,39,1,21,77,81.81,0,0,0,10.5,0,0,45.324
Adnan Akmal (PAK),2011-2012,2011,2012,2,5,4,1,62,27,27,0,20.66,89,69.66,0,0,0,12.4,0,0,40.26
SD Anurasiri (SL),1986-1994,1986,1994,9,45,18,12,62,11,11,0,10.33,143,43.35,0,0,2,1.38,0,0,23.538
DE Budge (SCOT),2018-2019,2018,2019,2,3,3,0,62,27,27,0,20.66,70,88.57,0,0,0,20.67,0,0,47.824
PG Coman (NZ),1973-1974,1973,1974,2,3,3,0,62,38,38,0,20.66,104,59.61,0,0,1,20.67,0,0,36.24
CE Cuffy (WI),1994-2002,1994,2002,9,41,22,8,62,17*,17,1,4.42,125,49.6,0,0,5,1.51,0,0,22.492
LH Ferguson (NZ),2016-2019,2016,2019,4,36,15,7,62,19,19,0,7.75,125,49.6,0,0,4,1.72,0,0,24.49
SN Netravalkar (USA),2019-2019,2019,2019,1,9,7,3,62,19*,19,1,15.5,91,68.13,0,0,0,6.89,0,0,36.552
JB Reva (PNG),2016-2018,2016,2018,3,9,7,1,62,36,36,0,10.33,83,74.69,0,0,1,6.89,0,0,36.074
Shaheedur Rahman (BDESH),1986-1986,1986,1986,1,2,2,0,62,37,37,0,31,108,57.4,0,0,0,31,0,0,41.56
Azhar Saeed (UAE),1994-1996,1994,1996,3,7,7,0,61,32,32,0,8.71,195,31.28,0,0,1,8.71,0,0,17.738
Dolar Mahmud (BDESH),2008-2009,2008,2009,2,7,4,0,61,41,41,0,15.25,44,138.63,0,0,2,8.71,0,0,64.602
BT Foakes (ENG),2019-2019,2019,2019,1,1,1,1,61,61*,61,1,-,76,80.26,0,1,0,61,0,100,#VALUE!
MN Hart (NZ),1994-2002,1994,2002,9,13,8,0,61,16,16,0,7.62,101,60.39,0,0,1,4.69,0,0,28.728
JD Love (ENG),1981-1981,1981,1981,1,3,3,0,61,43,43,0,20.33,100,61,0,0,0,20.33,0,0,36.598
EO Odumbe (KENYA),1996-1996,1996,1996,1,8,7,1,61,20,20,0,10.16,150,40.66,0,0,0,7.63,0,0,22.36
DR Parry (WI),1978-1980,1978,1980,3,6,5,1,61,32,32,0,15.25,77,79.22,0,0,0,10.17,0,0,40.838
Shakeel Ahmed jnr (PAK),1995-1995,1995,1995,1,2,2,0,61,36,36,0,30.5,128,47.65,0,0,0,30.5,0,0,37.36
L Sreekumar (UAE),2015-2016,2015,2016,2,4,4,0,61,28,28,0,15.25,73,83.56,0,0,0,15.25,0,0,42.574
ELR Stewart (SA),1993-2002,1993,2002,10,6,6,2,61,23*,23,1,15.25,116,52.58,0,0,0,10.17,0,0,30.182
DS Wesonga (KENYA),2010-2011,2010,2011,2,4,4,1,61,33,33,0,20.33,108,56.48,0,0,0,15.25,0,0,34.79
RM West (IRE),2008-2009,2008,2009,2,10,4,2,61,29*,29,1,30.5,41,148.78,0,0,1,6.1,0,0,77.812
GE Bradburn (NZ),1990-2001,1990,2001,12,11,10,3,60,30,30,0,8.57,130,46.15,0,0,1,5.45,0,0,23.602
JJ Celestine (BMUDA),2007-2008,2007,2008,2,8,8,0,60,20,20,0,7.5,135,44.44,0,0,1,7.5,0,0,22.276
ST Clarke (WI),1978-1982,1978,1982,5,10,8,2,60,20,20,0,10,58,103.44,0,0,1,6,0,0,47.376
Humayun Farhat (PAK),2001-2001,2001,2001,1,5,3,0,60,39,39,0,20,56,107.14,0,0,0,12,0,0,54.856
JA Jameson (ENG),1973-1975,1973,1975,3,3,3,0,60,28,28,0,20,158,37.97,0,0,0,20,0,0,27.188
NC McGarrell (WI),1998-2001,1998,2001,4,17,10,2,60,19,19,0,7.5,98,61.22,0,0,2,3.53,0,0,28.988
Abdul Jabbar (CAN),2007-2007,2007,2007,1,2,2,0,59,44,44,0,29.5,82,71.95,0,0,0,29.5,0,0,46.48
WD Balaji Rao (CAN),2008-2011,2008,2011,4,10,8,0,59,24,24,0,7.37,89,66.29,0,0,0,5.9,0,0,30.938
Gazi Ashraf (BDESH),1986-1990,1986,1990,5,7,7,0,59,18,18,0,8.42,239,24.68,0,0,1,8.43,0,0,14.924
MBS Jonkman (NL),2006-2010,2006,2010,5,16,9,4,59,16,16,0,11.8,79,74.68,0,0,1,3.69,0,0,36.952
MA Parker (SCOT),2010-2010,2010,2010,1,10,8,2,59,22,22,0,9.83,104,56.73,0,0,0,5.9,0,0,28.59
RO Butcher (ENG),1980-1981,1980,1981,2,3,3,0,58,52,52,0,19.33,68,85.29,0,1,0,19.33,0,33.33,45.714
Imran Haider (UAE),2017-2019,2017,2019,3,20,14,7,58,18*,18,1,8.28,136,42.64,0,0,3,2.9,0,0,22.024
TMK Mawoyo (ZIM),2006-2014,2006,2014,9,7,7,0,58,15,15,0,8.28,160,36.25,0,0,1,8.29,0,0,19.468
D Murphy (SCOT),2013-2013,2013,2013,1,8,7,2,58,20*,20,1,11.6,118,49.15,0,0,0,7.25,0,0,26.62
Saqlain Haider (UAE),2014-2016,2014,2016,3,5,4,0,58,28,28,0,14.5,77,75.32,0,0,0,11.6,0,0,38.828
M van Schoor (NAM),2003-2003,2003,2003,1,5,5,1,58,24,24,0,14.5,111,52.25,0,0,0,11.6,0,0,29.6
BM Wheeler (NZ),2015-2015,2015,2015,1,6,4,4,58,39*,39,1,-,47,123.4,0,0,0,9.67,0,0,#VALUE!
B Yardley (AUS),1978-1983,1978,1983,6,7,4,0,58,28,28,0,14.5,98,59.18,0,0,1,8.29,0,0,32.372
KD Boyce (WI),1973-1975,1973,1975,3,8,4,0,57,34,34,0,14.25,77,74.02,0,0,0,7.13,0,0,38.158
Ehsanul Haque (BDESH),2002-2003,2002,2003,2,6,6,0,57,20,20,0,9.5,129,44.18,0,0,1,9.5,0,0,23.372
Frasat Ali (EAf),1975-1975,1975,1975,1,3,3,0,57,45,45,0,19,176,32.38,0,0,1,19,0,0,24.352
G Salmond (SCOT),1999-1999,1999,1999,1,5,5,0,57,31,31,0,11.4,109,52.29,0,0,0,11.4,0,0,27.756
AJ Tye (AUS),2018-2018,2018,2018,1,7,7,3,57,19,19,0,14.25,48,118.75,0,0,0,8.14,0,0,56.05
V Aravind (UAE),2019-2019,2019,2019,1,3,3,0,56,23,23,0,18.66,73,76.71,0,0,0,18.67,0,0,41.88
RS Haire (IRE),2008-2008,2008,2008,1,2,2,0,56,54,54,0,28,72,77.77,0,1,0,28,0,50,47.908
JK Lever (ENG),1976-1982,1976,1982,7,22,11,4,56,27*,27,1,8,152,36.84,0,0,1,2.55,0,0,19.536
NM Odhiambo (KENYA),2010-2013,2010,2013,4,8,6,0,56,29,29,0,9.33,121,46.28,0,0,0,7,0,0,24.11
Sohail Fazal (PAK),1989-1989,1989,1989,1,2,2,0,56,32,32,0,28,59,94.91,0,0,0,28,0,0,54.764
LL Tsotsobe (SA),2009-2013,2009,2013,5,61,21,13,56,16*,16,1,7,109,51.37,0,0,3,0.92,0,0,24.748
MA Wood (ENG),2015-2019,2015,2019,5,51,17,10,56,13,13,0,8,63,88.88,0,0,3,1.1,0,0,40.352
MW Douglas (NZ),1994-1995,1994,1995,2,6,6,0,55,30,30,0,9.16,123,44.71,0,0,1,9.17,0,0,23.38
FY Fazal (INDIA),2016-2016,2016,2016,1,1,1,1,55,55*,55,1,-,61,90.16,0,1,0,55,0,100,#VALUE!
TV Mufambisi (ZIM),2006-2007,2006,2007,2,6,6,0,55,21,21,0,9.16,90,61.11,0,0,0,9.17,0,0,29.94
SJ Palframan (SA),1996-1996,1996,1996,1,7,4,0,55,28,28,0,13.75,80,68.75,0,0,0,7.86,0,0,35.75
TK Patel (USA),2019-2019,2019,2019,1,5,5,3,55,50*,50,1,27.5,102,53.92,0,1,0,11,0,20,38.068
EC Rainsford (ZIM),2004-2010,2004,2010,7,39,23,13,55,9*,9,1,5.5,134,41.04,0,0,2,1.41,0,0,19.716
SK Ranasinghe (SL),1986-1986,1986,1986,1,4,3,0,55,41,41,0,18.33,81,67.9,0,0,1,13.75,0,0,38.158
Abdul Shakoor (UAE),2015-2018,2015,2018,4,3,3,0,54,24,24,0,18,102,52.94,0,0,0,18,0,0,31.976
Arshad Ali (UAE),2004-2008,2004,2008,5,4,4,0,54,41,41,0,13.5,102,52.94,0,0,1,13.5,0,0,29.276
RJ Campbell (AUS),2002-2002,2002,2002,1,2,2,0,54,38,38,0,27,70,77.14,0,0,0,27,0,0,47.056
RD Jackman (ENG),1974-1983,1974,1983,10,15,9,1,54,14,14,0,6.75,93,58.06,0,0,1,3.6,0,0,27.274
RWT Key (ENG),2003-2004,2003,2004,2,5,5,0,54,19,19,0,10.8,135,40,0,0,1,10.8,0,0,22.48
J Kila (PNG),2018-2019,2018,2019,2,6,6,2,54,21,21,0,13.5,63,85.71,0,0,1,9,0,0,42.384
BJ McKechnie (NZ),1975-1981,1975,1981,7,14,8,4,54,27,27,0,13.5,145,37.24,0,0,1,3.86,0,0,22.996
Mohammad Iqbal (CAN),2007-2008,2007,2008,2,5,5,0,54,30,30,0,10.8,80,67.5,0,0,1,10.8,0,0,33.48
JV Paranjpe (INDIA),1998-1998,1998,1998,1,4,4,1,54,27,27,0,18,91,59.34,0,0,0,13.5,0,0,34.536
RG Samuels (WI),1996-1997,1996,1997,2,8,5,2,54,36*,36,1,18,63,85.71,0,0,0,6.75,0,0,45.084
RK Sethi (EAf),1975-1975,1975,1975,1,3,3,0,54,30,30,0,18,185,29.18,0,0,0,18,0,0,22.472
S Venkataraghavan (INDIA),1974-1983,1974,1983,10,15,9,4,54,26*,26,1,10.8,126,42.85,0,0,2,3.6,0,0,23.62
BCJ Cutting (AUS),2013-2014,2013,2014,2,4,2,0,53,27,27,0,26.5,67,79.1,0,0,0,13.25,0,0,47.54
Ghulam Ali (PAK),1993-1995,1993,1995,3,3,3,0,53,38,38,0,17.66,121,43.8,0,0,0,17.67,0,0,28.116
Mafizur Rahman (BDESH),1997-1997,1997,1997,1,4,4,1,53,16,16,0,17.66,104,50.96,0,0,0,13.25,0,0,30.98
Manjural Islam (BDESH),1999-2003,1999,2003,5,34,22,13,53,13,13,0,5.88,134,39.55,0,0,4,1.56,0,0,19.348
WP Masakadza (ZIM),2015-2018,2015,2018,4,17,10,1,53,15,15,0,5.88,125,42.4,0,0,3,3.12,0,0,20.488
Mohammad Sharif (BDESH),2001-2007,2001,2007,7,9,9,5,53,13*,13,1,13.25,102,51.96,0,0,1,5.89,0,0,28.734
RAP Nissanka (SL),2001-2003,2001,2003,3,23,13,5,53,11,11,0,6.62,140,37.85,0,0,2,2.3,0,0,19.112
DL Underwood (ENG),1973-1982,1973,1982,10,26,13,4,53,17,17,0,5.88,133,39.84,0,0,2,2.04,0,0,19.464
CAK Walton (WI),2009-2017,2009,2017,9,9,8,0,53,19,19,0,6.62,86,61.62,0,0,4,5.89,0,0,28.62
AJ Woodcock (AUS),1974-1974,1974,1974,1,1,1,0,53,53,53,0,53,67,79.1,0,1,0,53,0,100,63.44
JE Brinkley (SCOT),1999-1999,1999,1999,1,5,5,0,52,23,23,0,10.4,118,44.06,0,0,1,10.4,0,0,23.864
TK Canning (NZ),2003-2005,2003,2005,3,4,4,1,52,23*,23,1,17.33,73,71.23,0,0,1,13,0,0,38.89
JS Malhotra (USA),2019-2019,2019,2019,1,5,5,0,52,18,18,0,10.4,71,73.23,0,0,1,10.4,0,0,35.532
B Mavuta (ZIM),2018-2019,2018,2019,2,7,5,1,52,20,20,0,13,47,110.63,0,0,1,7.43,0,0,52.052
AK Perera (SL),2013-2019,2013,2019,7,6,4,0,52,31,31,0,13,83,62.65,0,0,0,8.67,0,0,32.86
N Pokana (PNG),2017-2019,2017,2019,3,14,9,4,52,11*,11,1,10.4,106,49.05,0,0,1,3.71,0,0,25.86
Zahoor Khan (UAE),2017-2019,2017,2019,3,17,13,4,52,16,16,0,5.77,77,67.53,0,0,3,3.06,0,0,30.474
CS Cowdrey (ENG),1985-1985,1985,1985,1,3,3,1,51,46*,46,1,25.5,46,110.86,0,0,1,17,0,0,59.644
D Dasgupta (INDIA),2001-2001,2001,2001,1,5,4,1,51,24*,24,1,17,82,62.19,0,0,1,10.2,0,0,35.076
AH Gray (WI),1985-1991,1985,1991,7,25,11,5,51,10*,10,1,8.5,77,66.23,0,0,1,2.04,0,0,31.592
A Mithun (INDIA),2010-2011,2010,2011,2,5,3,0,51,24,24,0,17,55,92.72,0,0,0,10.2,0,0,47.288
CA Pujara (INDIA),2013-2014,2013,2014,2,5,5,0,51,27,27,0,10.2,130,39.23,0,0,2,10.2,0,0,21.812
KW Richardson (AUS),2013-2019,2013,2019,7,22,10,5,51,19,19,0,10.2,56,91.07,0,0,2,2.32,0,0,42.548
BS Sandhu (INDIA),1982-1984,1982,1984,3,22,7,3,51,16*,16,1,12.75,97,52.57,0,0,2,2.32,0,0,28.678
DE Bollinger (AUS),2009-2011,2009,2011,3,39,8,2,50,30,30,0,8.33,54,92.59,0,0,1,1.28,0,0,42.034
NE Clarke (NL),1996-1996,1996,1996,1,5,5,0,50,32,32,0,10,112,44.64,0,0,2,10,0,0,23.856
JG Heron (ZIM),1983-1983,1983,1983,1,6,6,0,50,18,18,0,8.33,163,30.67,0,0,1,8.33,0,0,17.266
PA Horne (NZ),1987-1987,1987,1987,1,4,4,0,50,18,18,0,12.5,122,40.98,0,0,1,12.5,0,0,23.892
J Lewis (ENG),2005-2007,2005,2007,3,13,8,2,50,17,17,0,8.33,63,79.36,0,0,0,3.85,0,0,36.742
D Ravu (PNG),2017-2019,2017,2019,3,8,7,3,50,38*,38,1,12.5,79,63.29,0,0,2,6.25,0,0,32.816
IM Stanger (SCOT),1999-2006,1999,2006,8,5,5,0,50,27,27,0,10,150,33.33,0,0,0,10,0,0,19.332
CT Tremlett (ENG),2005-2011,2005,2011,7,15,11,4,50,19*,19,1,7.14,89,56.17,0,0,1,3.33,0,0,26.752
Zeeshan Siddiqi (CAN),2012-2014,2012,2014,3,2,2,0,50,43,43,0,25,111,45.04,0,0,0,25,0,0,33.016
ST Banerjee (INDIA),1991-1992,1991,1992,2,6,5,3,49,25*,25,1,24.5,42,116.66,0,0,0,8.17,0,0,61.364
DB Close (ENG),1972-1972,1972,1972,1,3,3,0,49,43,43,0,16.33,50,98,0,0,0,16.33,0,0,48.998
WW Daniel (WI),1978-1984,1978,1984,7,18,5,4,49,16*,16,1,49,56,87.5,0,0,0,2.72,0,0,64.4
DJ Gandhi (INDIA),1999-2000,1999,2000,2,3,3,0,49,30,30,0,16.33,97,50.51,0,0,0,16.33,0,0,30.002
CK Hooper (CAN),2007-2010,2007,2010,4,5,5,2,49,27,27,0,16.33,60,81.66,0,0,1,9.8,0,0,42.462
Maninder Singh (INDIA),1983-1993,1983,1993,11,59,18,14,49,8*,8,1,12.25,90,54.44,0,0,1,0.83,0,0,29.126
E Otieno (KENYA),2007-2014,2007,2014,8,26,17,7,49,11,11,0,4.9,136,36.02,0,0,5,1.88,0,0,17.348
D Ranatunga (SL),1990-1990,1990,1990,1,4,4,0,49,25,25,0,12.25,156,31.41,0,0,1,12.25,0,0,19.914
BA Reid (AUS),1986-1992,1986,1992,7,61,21,8,49,10,10,0,3.76,117,41.88,0,0,1,0.8,0,0,19.008
GK Robertson (NZ),1981-1989,1981,1989,9,10,6,0,49,17,17,0,8.16,48,102.08,0,0,1,4.9,0,0,45.728
MMC Schewe (NL),1996-1996,1996,1996,1,5,4,1,49,20,20,0,16.33,68,72.05,0,0,0,9.8,0,0,38.618
SS Tiwary (INDIA),2010-2010,2010,2010,1,3,2,2,49,37*,37,1,-,56,87.5,0,0,0,16.33,0,0,#VALUE!
KEA Upashantha (SL),1995-2001,1995,2001,7,12,8,1,49,15,15,0,7,86,56.97,0,0,0,4.08,0,0,26.988
Arafat Sunny (BDESH),2014-2015,2014,2015,2,16,11,7,48,15,15,0,12,92,52.17,0,0,1,3,0,0,28.068
GG Arnold (ENG),1972-1975,1972,1975,4,14,6,3,48,18*,18,1,16,75,64,0,0,1,3.43,0,0,35.2
JH Hampshire (ENG),1971-1972,1971,1972,2,3,3,1,48,25*,25,1,24,86,55.81,0,0,0,16,0,0,36.724
RJ Harris (AUS),2009-2012,2009,2012,4,21,13,7,48,21,21,0,8,48,100,0,0,0,2.29,0,0,44.8
Mohammad Irfan (PAK),2010-2016,2010,2016,7,60,33,21,48,12,12,0,4,149,32.21,0,0,8,0.8,0,0,15.284
CB Mpofu (ZIM),2004-2019,2004,2019,16,83,40,20,48,6,6,0,2.4,202,23.76,0,0,7,0.58,0,0,10.944
MW Pringle (SA),1992-1994,1992,1994,3,17,8,3,48,13*,13,1,9.6,56,85.71,0,0,1,2.82,0,0,40.044
PC Strydom (SA),2000-2000,2000,2000,1,10,8,3,48,34,34,0,9.6,94,51.06,0,0,1,4.8,0,0,26.184
MG Vandort (SL),2006-2006,2006,2006,1,1,1,0,48,48,48,0,48,117,41.02,0,0,0,48,0,0,45.208
JJ Whitaker (ENG),1987-1987,1987,1987,1,2,2,1,48,44*,44,1,48,65,73.84,0,0,0,24,0,0,58.336
Zafar Iqbal (PAK),1995-1995,1995,1995,1,8,6,0,48,18,18,0,8,62,77.41,0,0,1,6,0,0,35.764
Zulqarnain Haider (PAK),2010-2010,2010,2010,1,4,4,2,48,19*,19,1,24,68,70.58,0,0,0,12,0,0,42.632
A Codrington (CAN),2003-2007,2003,2007,5,9,8,0,47,16,16,0,5.87,92,51.08,0,0,2,5.22,0,0,23.954
FA Dennis (CAN),1979-1979,1979,1979,1,3,3,0,47,25,25,0,15.66,171,27.48,0,0,0,15.67,0,0,20.388
Fayyaz Ahmed (UAE),2014-2016,2014,2016,3,3,3,2,47,37*,37,1,47,100,47,0,0,0,15.67,0,0,47
ER Fernando (SL),1975-1975,1975,1975,1,3,3,0,47,22,22,0,15.66,66,71.21,0,0,0,15.67,0,0,37.88
L Ngidi (SA),2018-2019,2018,2019,2,22,9,6,47,19*,19,1,15.66,66,71.21,0,0,0,2.14,0,0,37.88
Sarandeep Singh (INDIA),2002-2003,2002,2003,2,5,4,1,47,19,19,0,15.66,73,64.38,0,0,0,9.4,0,0,35.148
BGK Walker (NZ),2000-2002,2000,2002,3,11,7,4,47,16*,16,1,15.66,79,59.49,0,0,0,4.27,0,0,33.192
Jawahir Shah (EAf),1975-1975,1975,1975,1,3,3,0,46,37,37,0,15.33,114,40.35,0,0,0,15.33,0,0,25.338
KK Nair (INDIA),2016-2016,2016,2016,1,2,2,0,46,39,39,0,23,88,52.27,0,0,0,23,0,0,34.708
J Nyumbu (ZIM),2014-2015,2014,2015,2,19,14,4,46,18,18,0,4.6,89,51.68,0,0,3,2.42,0,0,23.432
PP Ojha (INDIA),2008-2012,2008,2012,5,18,10,8,46,16*,16,1,23,112,41.07,0,0,0,2.56,0,0,30.228
IR Redpath (AUS),1971-1975,1971,1975,5,5,5,0,46,24,24,0,9.2,67,68.65,0,0,1,9.2,0,0,32.98
Skhawat Ali (HKG),2008-2014,2008,2014,7,4,4,0,46,28,28,0,11.5,109,42.2,0,0,1,11.5,0,0,23.78
TB Sole (SCOT),2018-2019,2018,2019,2,10,7,1,46,20,20,0,7.66,43,106.97,0,0,0,4.6,0,0,47.384
Azeem Hafeez (PAK),1983-1985,1983,1985,3,15,10,7,45,15,15,0,15,104,43.26,0,0,1,3,0,0,26.304
M Karg (NAM),2003-2003,2003,2003,1,3,2,0,45,41,41,0,22.5,65,69.23,0,0,0,15,0,0,41.192
DA Murray (WI),1973-1981,1973,1981,9,10,7,2,45,35,35,0,9,140,32.14,0,0,1,4.5,0,0,18.256
GR Robertson (AUS),1994-1998,1994,1998,5,13,7,4,45,15,15,0,15,55,81.81,0,0,0,3.46,0,0,41.724
S Thuraisingam (CAN),2003-2008,2003,2008,6,10,9,2,45,13,13,0,6.42,108,41.66,0,0,1,4.5,0,0,20.516
PJ Wiseman (NZ),1998-2003,1998,2003,6,15,7,5,45,16,16,0,22.5,83,54.21,0,0,0,3,0,0,35.184
VR Brown (NZ),1988-1988,1988,1988,1,3,3,0,44,32,32,0,14.66,85,51.76,0,0,0,14.67,0,0,29.5
NA de Groot (CAN),2003-2003,2003,2003,1,6,6,0,44,17,17,0,7.33,127,34.64,0,0,3,7.33,0,0,18.254
Golam Faruq (BDESH),1986-1990,1986,1990,5,5,4,2,44,23*,23,1,22,104,42.3,0,0,0,8.8,0,0,30.12
AV Mankad (INDIA),1974-1974,1974,1974,1,1,1,0,44,44,44,0,44,61,72.13,0,0,0,44,0,0,55.252
RD McCann (IRE),2010-2010,2010,2010,1,8,5,1,44,18,18,0,11,77,57.14,0,0,1,5.5,0,0,29.456
BP Patterson (WI),1986-1993,1986,1993,8,59,20,15,44,13*,13,1,8.8,101,43.56,0,0,1,0.75,0,0,22.704
RH Poonawala (UAE),1994-1994,1994,1994,1,2,2,0,44,22,22,0,22,56,78.57,0,0,0,22,0,0,44.628
S Sreesanth (INDIA),2005-2011,2005,2011,7,53,21,10,44,10*,10,1,4,121,36.36,0,0,3,0.83,0,0,16.944
JH Stander (SCOT),2009-2012,2009,2012,4,5,5,1,44,22*,22,1,11,75,58.66,0,0,1,8.8,0,0,30.064
HR Bryan (WI),1999-1999,1999,1999,1,15,8,2,43,11,11,0,7.16,71,60.56,0,0,1,2.87,0,0,28.52
Faisal Hossain (BDESH),2004-2010,2004,2010,7,6,5,1,43,17,17,0,10.75,91,47.25,0,0,1,7.17,0,0,25.35
KHRK Fernando (SL),2002-2006,2002,2006,5,7,5,3,43,23*,23,1,21.5,72,59.72,0,0,0,6.14,0,0,36.788
AR Kapoor (INDIA),1995-2000,1995,2000,6,17,6,0,43,19,19,0,7.16,63,68.25,0,0,3,2.53,0,0,31.596
A Mishra (INDIA),2003-2016,2003,2016,14,36,11,3,43,14,14,0,5.37,82,52.43,0,0,2,1.19,0,0,24.194
Salman Faris (UAE),2014-2014,2014,2014,1,3,3,0,43,27,27,0,14.33,79,54.43,0,0,1,14.33,0,0,30.37
WN Slack (ENG),1986-1986,1986,1986,1,2,2,0,43,34,34,0,21.5,85,50.58,0,0,0,21.5,0,0,33.132
GB Stevenson (ENG),1980-1981,1980,1981,2,4,4,3,43,28*,28,1,43,56,76.78,0,0,0,10.75,0,0,56.512
SJ Swanepoel (NAM),2003-2003,2003,2003,1,5,5,0,43,23,23,0,8.6,94,45.74,0,0,0,8.6,0,0,23.456
Anwar Hossain (BDESH),2002-2002,2002,2002,1,1,1,0,42,42,42,0,42,107,39.25,0,0,0,42,0,0,40.9
Azmat Rana (PAK),1978-1978,1978,1978,1,2,2,1,42,22*,22,1,42,73,57.53,0,0,0,21,0,0,48.212
MJ Fourie (IRE),2007-2008,2007,2008,2,7,5,3,42,19*,19,1,21,51,82.35,0,0,0,6,0,0,45.54
GJ Gilmour (AUS),1974-1975,1974,1975,2,5,2,1,42,28*,28,1,42,39,107.69,0,0,0,8.4,0,0,68.276
JN Maguire (AUS),1983-1984,1983,1984,2,23,11,5,42,14*,14,1,7,71,59.15,0,0,1,1.83,0,0,27.86
JL Pattinson (AUS),2011-2015,2011,2015,5,15,8,4,42,13,13,0,10.5,80,52.5,0,0,0,2.8,0,0,27.3
MH Richardson (NZ),2002-2002,2002,2002,1,4,4,0,42,26,26,0,10.5,97,43.29,0,0,1,10.5,0,0,23.616
Shaheen Shah Afridi (PAK),2018-2019,2018,2019,2,19,8,6,42,19*,19,1,21,64,65.62,0,0,1,2.21,0,0,38.848
JS Foster (ENG),2001-2002,2001,2002,2,11,6,3,41,13,13,0,13.66,71,57.74,0,0,0,3.73,0,0,31.292
SP Heaney (CAN),2006-2006,2006,2006,1,4,4,0,41,19,19,0,10.25,92,44.56,0,0,0,10.25,0,0,23.974
PA Hitchcock (NZ),2002-2008,2002,2008,7,14,7,3,41,11*,11,1,10.25,61,67.21,0,0,1,2.93,0,0,33.034
Mehmood Quaraishy (EAf),1975-1975,1975,1975,1,3,3,1,41,19,19,0,20.5,154,26.62,0,0,0,13.67,0,0,22.948
WP Saha (INDIA),2010-2014,2010,2014,5,9,5,2,41,16,16,0,13.66,56,73.21,0,0,0,4.56,0,0,37.48
Shafiq Ahmed (PAK),1977-1978,1977,1978,2,3,3,0,41,29,29,0,13.66,91,45.05,0,0,0,13.67,0,0,26.216
Taskin Ahmed (BDESH),2014-2017,2014,2017,4,32,16,6,41,14,14,0,4.1,99,41.41,0,0,3,1.28,0,0,19.024
SR Welsh (CAN),2006-2008,2006,2008,3,3,3,1,41,32,32,0,20.5,78,52.56,0,0,0,13.67,0,0,33.324
Bilal Asif (PAK),2015-2015,2015,2015,1,3,3,0,40,38,38,0,13.33,49,81.63,0,0,1,13.33,0,0,40.65
PC Connell (IRE),2008-2010,2008,2010,3,13,5,3,40,22*,22,1,20,73,54.79,0,0,1,3.08,0,0,33.916
DR Hadlee (NZ),1973-1976,1973,1976,4,11,7,2,40,20,20,0,8,85,47.05,0,0,3,3.64,0,0,23.62
Khaliq Dad (AFG),2009-2010,2009,2010,2,6,4,1,40,20,20,0,13.33,69,57.97,0,0,1,6.67,0,0,31.186
S Lamichhane (NEPAL),2018-2019,2018,2019,2,6,5,1,40,15,15,0,10,69,57.97,0,0,0,6.67,0,0,29.188
PS Masvaure (ZIM),2018-2018,2018,2018,1,2,2,0,40,39,39,0,20,60,66.66,0,0,0,20,0,0,38.664
Mohammad Nadeem (OMAN),2019-2019,2019,2019,1,4,3,1,40,29*,29,1,20,89,44.94,0,0,0,10,0,0,29.976
ML Patel (KENYA),2004-2006,2004,2006,3,3,3,0,40,25,25,0,13.33,95,42.1,0,0,1,13.33,0,0,24.838
SJ Rixon (AUS),1978-1985,1978,1985,8,6,6,3,40,20*,20,1,13.33,98,40.81,0,0,1,6.67,0,0,24.322
DJ ter Braak (NL),2018-2018,2018,2018,1,2,2,0,40,39,39,0,20,94,42.55,0,0,0,20,0,0,29.02
MR Whitney (AUS),1983-1993,1983,1993,11,38,13,7,40,9*,9,1,6.66,90,44.44,0,0,1,1.05,0,0,21.772
GA Briant (ZIM),1993-1993,1993,1993,1,5,5,2,39,16,16,0,13,69,56.52,0,0,1,7.8,0,0,30.408
YS Chahal (INDIA),2016-2019,2016,2019,4,50,8,3,39,18*,18,1,7.8,72,54.16,0,0,1,0.78,0,0,26.344
SS Das (INDIA),2001-2002,2001,2002,2,4,4,1,39,30,30,0,13,77,50.64,0,0,0,9.75,0,0,28.056
KSC de Silva (SL),1996-2000,1996,2000,5,38,19,13,39,13*,13,1,6.5,92,42.39,0,0,4,1.03,0,0,20.856
DR Gilbert (AUS),1986-1986,1986,1986,1,14,8,3,39,8,8,0,7.8,102,38.23,0,0,0,2.79,0,0,19.972
Iqbal Qasim (PAK),1977-1988,1977,1988,12,15,7,1,39,13,13,0,6.5,90,43.33,0,0,2,2.6,0,0,21.232
BA King (WI),2019-2019,2019,2019,1,1,1,0,39,39,39,0,39,56,69.64,0,0,0,39,0,0,51.256
N Kruger (NL),2011-2011,2011,2011,1,2,2,0,39,34,34,0,19.5,75,52,0,0,0,19.5,0,0,32.5
GD Lloyd (ENG),1996-1998,1996,1998,3,6,5,1,39,22,22,0,9.75,80,48.75,0,0,2,6.5,0,0,25.35
TBA May (AUS),1987-1995,1987,1995,9,47,12,8,39,15,15,0,9.75,52,75,0,0,0,0.83,0,0,35.85
LS Pascoe (AUS),1977-1982,1977,1982,6,29,11,7,39,15*,15,1,9.75,102,38.23,0,0,2,1.34,0,0,21.142
Ramveer Rai (UAE),2004-2004,2004,2004,1,1,1,0,39,39,39,0,39,124,31.45,0,0,0,39,0,0,35.98
RH Scholte (NL),2002-2003,2002,2003,2,5,5,0,39,12,12,0,7.8,135,28.88,0,0,0,7.8,0,0,16.232
A Shahzad (ENG),2010-2011,2010,2011,2,11,8,2,39,9,9,0,6.5,60,65,0,0,0,3.55,0,0,29.9
SN Thakur (INDIA),2017-2019,2017,2019,3,7,3,2,39,22*,22,1,39,22,177.27,0,0,1,5.57,0,0,94.308
Zulfiqar Ali (EAf),1975-1975,1975,1975,1,3,3,1,39,30,30,0,19.5,76,51.31,0,0,0,13,0,0,32.224
JT Ball (ENG),2016-2018,2016,2018,3,18,6,2,38,28,28,0,9.5,49,77.55,0,0,2,2.11,0,0,36.72
CJD Chappell (CAN),1979-1979,1979,1979,1,3,3,0,38,19,19,0,12.66,143,26.57,0,0,0,12.67,0,0,18.224
PP Chawla (INDIA),2007-2011,2007,2011,5,25,12,5,38,13*,13,1,5.42,58,65.51,0,0,1,1.52,0,0,29.456
CKB Kulasekara (SL),2011-2012,2011,2012,2,4,3,0,38,19,19,0,12.66,72,52.77,0,0,1,9.5,0,0,28.704
PJ Martin (ENG),1995-1998,1995,1998,4,20,13,7,38,6,6,0,6.33,53,71.69,0,0,0,1.9,0,0,32.474
Mohammad Aslam (UAE),1996-1996,1996,1996,1,4,4,0,38,23,23,0,9.5,73,52.05,0,0,0,9.5,0,0,26.52
N M'shangwe (ZIM),2011-2014,2011,2014,4,6,6,1,38,16,16,0,7.6,45,84.44,0,0,1,6.33,0,0,38.336
SS Naik (INDIA),1974-1974,1974,1974,1,2,2,0,38,20,20,0,19,68,55.88,0,0,0,19,0,0,33.752
Najeeb Amar (HKG),2004-2008,2004,2008,5,4,4,1,38,21,21,0,12.66,64,59.37,0,0,1,9.5,0,0,31.344
GH O'Brien (BMUDA),2006-2008,2006,2008,3,9,7,0,38,16,16,0,5.42,54,70.37,0,0,2,4.22,0,0,31.4
CAH Stevenson (USA),2019-2019,2019,2019,1,4,4,1,38,34*,34,1,12.66,44,86.36,0,0,1,9.5,0,0,42.14
S Walusimbi (EAf),1975-1975,1975,1975,1,3,3,0,38,16,16,0,12.66,126,30.15,0,0,0,12.67,0,0,19.656
PN Webb (NZ),1983-1984,1983,1984,2,5,5,1,38,10*,10,1,9.5,101,37.62,0,0,0,7.6,0,0,20.748
Zeeshan Maqsood (OMAN),2019-2019,2019,2019,1,5,5,1,38,21,21,0,9.5,74,51.35,0,0,1,7.6,0,0,26.24
JR Hazlewood (AUS),2010-2018,2010,2018,9,44,13,11,37,11*,11,1,18.5,57,64.91,0,0,1,0.84,0,0,37.064
MP Jarvis (ZIM),1987-1995,1987,1995,9,12,5,3,37,17,17,0,18.5,67,55.22,0,0,0,3.08,0,0,33.188
TS Kamunhukamwe (ZIM),2018-2019,2018,2019,2,3,3,0,37,34,34,0,12.33,50,74,0,0,1,12.33,0,0,36.998
TS Roland-Jones (ENG),2017-2017,2017,2017,1,1,1,1,37,37*,37,1,-,37,100,0,0,0,37,0,0,#VALUE!
Saiful Islam (BDESH),1990-1997,1990,1997,8,7,4,2,37,22*,22,1,18.5,59,62.71,0,0,0,5.29,0,0,36.184
Shahid Anwar (PAK),1996-1996,1996,1996,1,1,1,0,37,37,37,0,37,44,84.09,0,0,0,37,0,0,55.836
DJ White (NZ),1990-1990,1990,1990,1,3,3,0,37,15,15,0,12.33,97,38.14,0,0,0,12.33,0,0,22.654
Ankur Vasishta (HKG),2014-2014,2014,2014,1,4,4,1,36,18,18,0,12,69,52.17,0,0,0,9,0,0,28.068
M Bhanuka (SL),2019-2019,2019,2019,1,1,1,0,36,36,36,0,36,39,92.3,0,0,0,36,0,0,58.52
PW Gunaratne (SL),2002-2003,2002,2003,2,23,8,3,36,15*,15,1,7.2,63,57.14,0,0,2,1.57,0,0,27.176
MF Malone (AUS),1977-1982,1977,1982,6,10,7,3,36,15*,15,1,9,63,57.14,0,0,0,3.6,0,0,28.256
G Mylvaganam (UAE),1996-1996,1996,1996,1,3,3,0,36,23,23,0,12,92,39.13,0,0,1,12,0,0,22.852
AR Pitcher (BMUDA),2006-2007,2006,2007,2,4,4,0,36,30,30,0,9,89,40.44,0,0,0,9,0,0,21.576
KR Pushpakumara (SL),1994-1999,1994,1999,6,31,9,5,36,14*,14,1,9,52,69.23,0,0,2,1.16,0,0,33.092
Saleem Jaffar (PAK),1986-1990,1986,1990,5,39,13,11,36,10*,10,1,18,73,49.31,0,0,2,0.92,0,0,30.524
RB Simpson (AUS),1978-1978,1978,1978,1,2,2,0,36,23,23,0,18,53,67.92,0,0,0,18,0,0,37.968
LO Tikolo (KENYA),1996-1996,1996,1996,1,3,2,2,36,25*,25,1,-,75,48,0,0,0,12,0,0,#VALUE!
JO Troughton (ENG),2003-2003,2003,2003,1,6,5,1,36,20,20,0,9,76,47.36,0,0,1,6,0,0,24.344
B Bhandari (NEPAL),2019-2019,2019,2019,1,3,3,0,35,21,21,0,11.66,77,45.45,0,0,0,11.67,0,0,25.176
PKD Chase (IRE),2015-2018,2015,2018,4,25,16,6,35,14,14,0,3.5,56,62.5,0,0,7,1.4,0,0,27.1
H Durham (BMUDA),2006-2006,2006,2006,1,9,7,3,35,11,11,0,8.75,105,33.33,0,0,0,3.89,0,0,18.582
G Dymock (AUS),1974-1980,1974,1980,7,15,7,4,35,14*,14,1,11.66,82,42.68,0,0,1,2.33,0,0,24.068
Joginder Sharma (INDIA),2004-2007,2004,2007,4,4,3,2,35,29*,29,1,35,30,116.66,0,0,0,8.75,0,0,67.664
C McAuslan (HKG),2017-2017,2017,2017,1,2,2,0,35,27,27,0,17.5,72,48.61,0,0,0,17.5,0,0,29.944
Nazmul Hossain (BDESH),2004-2012,2004,2012,9,38,21,13,35,6*,6,1,4.37,128,27.34,0,0,4,0.92,0,0,13.558
JO Ngoche (KENYA),2010-2013,2010,2013,4,17,11,4,35,21*,21,1,5,85,41.17,0,0,4,2.06,0,0,19.468
KT Sandher (CAN),2006-2007,2006,2007,2,15,10,4,35,12,12,0,5.83,107,32.71,0,0,1,2.33,0,0,16.582
AR Tait (NZ),1998-1999,1998,1999,2,5,5,2,35,13*,13,1,11.66,32,109.37,0,0,0,7,0,0,50.744
SD Udal (ENG),1994-2005,1994,2005,12,11,7,4,35,11*,11,1,11.66,46,76.08,0,0,1,3.18,0,0,37.428
MWA van Nierop (NL),2006-2006,2006,2006,1,2,2,1,35,31*,31,1,35,49,71.42,0,0,0,17.5,0,0,49.568
SM Warnapura (SL),2007-2008,2007,2008,2,3,3,0,35,30,30,0,11.66,76,46.05,0,0,1,11.67,0,0,25.416
Zulfiqar Babar (PAK),2014-2015,2014,2015,2,5,5,3,35,14*,14,1,17.5,40,87.5,0,0,0,7,0,0,45.5
RP Alexander (USA),2004-2004,2004,2004,1,2,2,0,34,26,26,0,17,75,45.33,0,0,0,17,0,0,28.332
SA Ankola (INDIA),1989-1997,1989,1997,9,20,13,4,34,9,9,0,3.77,42,80.95,0,0,5,1.7,0,0,34.642
Ata-ur-Rehman (PAK),1992-1996,1992,1996,5,30,13,6,34,11*,11,1,4.85,76,44.73,0,0,2,1.13,0,0,20.802
Atiq-uz-Zaman (PAK),2000-2000,2000,2000,1,3,3,1,34,18,18,0,17,36,94.44,0,0,0,11.33,0,0,47.976
ID Austin (ENG),1998-1999,1998,1999,2,9,6,1,34,11*,11,1,6.8,49,69.38,0,0,0,3.78,0,0,31.832
RO Collinge (NZ),1973-1978,1973,1978,6,15,9,3,34,9,9,0,5.66,62,54.83,0,0,1,2.27,0,0,25.328
RMS Eranga (SL),2011-2016,2011,2016,6,19,11,8,34,12*,12,1,11.33,64,53.12,0,0,1,1.79,0,0,28.046
BN French (ENG),1985-1988,1985,1988,4,13,8,3,34,9*,9,1,6.8,71,47.88,0,0,2,2.62,0,0,23.232
AS Luseno (KENYA),2003-2010,2003,2010,8,10,9,7,34,16*,16,1,17,50,68,0,0,1,3.4,0,0,37.4
M Mbangwa (ZIM),1996-2002,1996,2002,7,29,13,6,34,11,11,0,4.85,56,60.71,0,0,2,1.17,0,0,27.194
Mohammad Asif (Asia/PAK),2005-2010,2005,2010,6,38,16,7,34,6,6,0,3.77,100,34,0,0,3,0.89,0,0,15.862
CG Rackemann (AUS),1983-1991,1983,1991,9,52,18,6,34,9*,9,1,2.83,77,44.15,0,0,6,0.65,0,0,19.358
TT Smart (HKG),2004-2004,2004,2004,1,2,2,0,34,25,25,0,17,94,36.17,0,0,0,17,0,0,24.668
Fayyaz Butt (OMAN),2019-2019,2019,2019,1,5,3,1,33,32*,32,1,16.5,42,78.57,0,0,1,6.6,0,0,41.328
T Gibbons (BMUDA),2006-2006,2006,2006,1,2,2,0,33,33,33,0,16.5,98,33.67,0,0,1,16.5,0,0,23.368
LWS Kaluperuma (SL),1975-1982,1975,1982,8,4,3,3,33,14*,14,1,-,60,55,0,0,0,8.25,0,0,#VALUE!
RR Kulkarni (INDIA),1983-1987,1983,1987,5,10,5,3,33,15,15,0,16.5,39,84.61,0,0,0,3.3,0,0,43.744
RJ McCurdy (AUS),1985-1985,1985,1985,1,11,6,2,33,13*,13,1,8.25,71,46.47,0,0,1,3,0,0,23.538
GE Peckover (ZIM),1983-1983,1983,1983,1,3,3,1,33,16*,16,1,16.5,54,61.11,0,0,0,11,0,0,34.344
PARP Perera (SL),2019-2019,2019,2019,1,2,2,0,33,33,33,0,16.5,58,56.89,0,0,1,16.5,0,0,32.656
TL Seifert (NZ),2019-2019,2019,2019,1,3,2,0,33,22,22,0,16.5,27,122.22,0,0,0,11,0,0,58.788
AS Wassan (INDIA),1990-1991,1990,1991,2,9,6,2,33,16,16,0,8.25,56,58.92,0,0,1,3.67,0,0,28.518
TM Alderman (AUS),1981-1991,1981,1991,11,65,18,6,32,9*,9,1,2.66,97,32.98,0,0,6,0.49,0,0,14.788
RE Bryson (SA),1997-1997,1997,1997,1,7,4,3,32,17*,17,1,32,25,128,0,0,0,4.57,0,0,70.4
BFW de Leede (NL),2018-2019,2018,2019,2,3,3,0,32,30,30,0,10.66,75,42.66,0,0,1,10.67,0,0,23.46
BP Kruger (NL),2010-2011,2010,2011,2,5,3,0,32,15,15,0,10.66,50,64,0,0,0,6.4,0,0,31.996
SLV Raju (INDIA),1990-1996,1990,1996,7,53,16,8,32,8,8,0,4,67,47.76,0,0,4,0.6,0,0,21.504
JD Siddons (AUS),1988-1988,1988,1988,1,1,1,0,32,32,32,0,32,37,86.48,0,0,0,32,0,0,53.792
SP Terry (IRE),2016-2016,2016,2016,1,5,5,0,32,16,16,0,6.4,67,47.76,0,0,1,6.4,0,0,22.944
Amir Hayat (UAE),2018-2019,2018,2019,2,9,6,3,31,24*,24,1,10.33,73,42.46,0,0,1,3.44,0,0,23.182
BS Bedi (INDIA),1974-1979,1974,1979,6,10,7,2,31,13,13,0,6.2,70,44.28,0,0,1,3.1,0,0,21.432
HM Goonatilleke (SL),1982-1982,1982,1982,1,6,4,3,31,14*,14,1,31,58,53.44,0,0,0,5.17,0,0,39.976
PW Jarvis (ENG),1988-1993,1988,1993,6,16,8,2,31,16*,16,1,5.16,39,79.48,0,0,2,1.94,0,0,34.888
C Jonker (SA),2018-2018,2018,2018,1,2,2,0,31,25,25,0,15.5,33,93.93,0,0,0,15.5,0,0,46.872
GC Martin (ZIM),1994-1995,1994,1995,2,5,4,0,31,16,16,0,7.75,65,47.69,0,0,0,6.2,0,0,23.726
MN Nawaz (SL),1998-2002,1998,2002,5,3,3,1,31,15*,15,1,15.5,71,43.66,0,0,0,10.33,0,0,26.764
JD Nel (SCOT),2006-2010,2006,2010,5,19,10,8,31,11*,11,1,15.5,54,57.4,0,0,1,1.63,0,0,32.26
PADLR Sandakan (SL),2016-2019,2016,2019,4,21,12,4,31,6,6,0,3.87,88,35.22,0,0,2,1.48,0,0,16.41
MM Sharma (INDIA),2013-2015,2013,2015,3,26,9,5,31,11,11,0,7.75,66,46.96,0,0,1,1.19,0,0,23.434
PM Siddle (AUS),2009-2019,2009,2019,11,20,6,3,31,10*,10,1,10.33,30,103.33,0,0,1,1.55,0,0,47.53
Sikander Bakht (PAK),1977-1989,1977,1989,13,27,11,7,31,16*,16,1,7.75,97,31.95,0,0,2,1.15,0,0,17.43
RW Sims (ZIM),2002-2003,2002,2003,2,3,2,1,31,24,24,0,31,67,46.26,0,0,0,10.33,0,0,37.104
HR Walsh (USA/WI),2019-2019,2019,2019,1,5,2,0,31,27,27,0,15.5,37,83.78,0,0,0,6.2,0,0,42.812
RD Woolley (AUS),1983-1983,1983,1983,1,4,3,2,31,16,16,0,31,38,81.57,0,0,0,7.75,0,0,51.228
M Yachad (SA),1991-1991,1991,1991,1,1,1,0,31,31,31,0,31,77,40.25,0,0,0,31,0,0,34.7
BE Young (AUS),1998-1999,1998,1999,2,6,3,1,31,18,18,0,15.5,47,65.95,0,0,0,5.17,0,0,35.68
GJ Batty (ENG),2002-2009,2002,2009,8,10,8,2,30,17,17,0,5,73,41.09,0,0,1,3,0,0,19.436
SL Boock (NZ),1978-1987,1978,1987,10,14,7,4,30,12,12,0,10,31,96.77,0,0,1,2.14,0,0,44.708
M Cheruparambil (HKG),2004-2004,2004,2004,1,2,2,0,30,30,30,0,15,52,57.69,0,0,1,15,0,0,32.076
PT Collins (WI),1999-2005,1999,2005,7,30,12,5,30,10*,10,1,4.28,50,60,0,0,2,1,0,0,26.568
BL D'Oliveira (ENG),1971-1972,1971,1972,2,4,4,1,30,17,17,0,10,43,69.76,0,0,0,7.5,0,0,33.904
Ehsan Nawaz (HKG),2014-2018,2014,2018,5,12,10,4,30,11,11,0,5,87,34.48,0,0,3,2.5,0,0,16.792
MVT Fernando (SL),2017-2019,2017,2019,3,8,8,6,30,7*,7,1,15,61,49.18,0,0,1,3.75,0,0,28.672
EE Hemmings (ENG),1982-1991,1982,1991,10,33,12,6,30,8*,8,1,5,61,49.18,0,0,1,0.91,0,0,22.672
AJ Ireland (ZIM),2005-2007,2005,2007,3,26,13,5,30,8*,8,1,3.75,101,29.7,0,0,3,1.15,0,0,14.13
FJ Klaassen (NL),2018-2019,2018,2019,2,4,3,1,30,13,13,0,15,52,57.69,0,0,0,7.5,0,0,32.076
IT Shillingford (WI),1978-1978,1978,1978,1,2,2,0,30,24,24,0,15,38,78.94,0,0,0,15,0,0,40.576
PA van Meekeren (NL),2013-2019,2013,2019,7,5,3,3,30,15*,15,1,-,40,75,0,0,0,6,0,0,#VALUE!
JCB Vaughan (CAN),1979-1979,1979,1979,1,3,3,0,30,29,29,0,10,55,54.54,0,0,1,10,0,0,27.816
JS Ababu (KENYA),1999-2006,1999,2006,8,9,5,2,29,17,17,0,9.66,63,46.03,0,0,0,3.22,0,0,24.208
N Pradeep (SL),2012-2019,2012,2019,8,42,21,14,29,7,7,0,4.14,77,37.66,0,0,4,0.69,0,0,17.548
TCB Fernando (SL),2001-2003,2001,2003,3,17,10,6,29,14*,14,1,7.25,59,49.15,0,0,1,1.71,0,0,24.01
BW Hilfenhaus (AUS),2007-2012,2007,2012,6,25,11,8,29,16,16,0,9.66,69,42.02,0,0,0,1.16,0,0,22.604
Imran Abbas (PAK),2000-2000,2000,2000,1,2,2,0,29,28,28,0,14.5,63,46.03,0,0,0,14.5,0,0,27.112
DI Joyce (IRE),2006-2007,2006,2007,2,3,3,0,29,18,18,0,9.66,56,51.78,0,0,1,9.67,0,0,26.508
ARM Opatha (SL),1975-1979,1975,1979,5,5,3,0,29,18,18,0,9.66,55,52.72,0,0,1,5.8,0,0,26.884
KJ Wright (AUS),1979-1979,1979,1979,1,5,2,0,29,23,23,0,14.5,52,55.76,0,0,0,5.8,0,0,31.004
Adeel Raja (NL),2002-2011,2002,2011,10,21,12,2,28,8*,8,1,2.8,139,20.14,0,0,4,1.33,0,0,9.736
WW Davis (WI),1983-1988,1983,1988,6,35,5,3,28,10,10,0,14,53,52.83,0,0,0,0.8,0,0,29.532
JD Hall (IRE),2010-2010,2010,2010,1,3,3,0,28,15,15,0,9.33,75,37.33,0,0,0,9.33,0,0,20.53
Kamran Hussain (PAK),2008-2008,2008,2008,1,2,1,1,28,28*,28,1,-,21,133.33,0,0,0,14,0,0,#VALUE!
Mohammad Hasnain (PAK),2019-2019,2019,2019,1,5,2,0,28,28,28,0,14,18,155.55,0,0,1,5.6,0,0,70.62
DS Mohanty (INDIA),1997-2001,1997,2001,5,45,11,6,28,18*,18,1,5.6,57,49.12,0,0,3,0.62,0,0,23.008
Taslim Arif (PAK),1980-1980,1980,1980,1,2,2,0,28,24,24,0,14,58,48.27,0,0,0,14,0,0,27.708
Ehsan Adil (PAK),2013-2015,2013,2015,3,6,4,1,27,15,15,0,9,42,64.28,0,0,0,4.5,0,0,31.112
TJ Franklin (NZ),1983-1988,1983,1988,6,3,3,0,27,21,21,0,9,89,30.33,0,0,1,9,0,0,17.532
TG Gordon (CAN),2011-2011,2011,2011,1,5,5,0,27,9,9,0,5.4,59,45.76,0,0,0,5.4,0,0,21.544
TJ Heggelman (NL),2010-2011,2010,2011,2,5,5,0,27,22,22,0,5.4,85,31.76,0,0,0,5.4,0,0,15.944
HAPW Jayawardene (SL),2003-2007,2003,2007,5,6,5,0,27,20,20,0,5.4,44,61.36,0,0,1,4.5,0,0,27.784
TP Kamungozi (ZIM),2006-2015,2006,2015,10,14,11,6,27,12*,12,1,5.4,55,49.09,0,0,2,1.93,0,0,22.876
BL Kotze (NAM),2003-2003,2003,2003,1,5,4,1,27,24*,24,1,9,51,52.94,0,0,2,5.4,0,0,26.576
DS Kulkarni (INDIA),2014-2016,2014,2016,3,12,2,2,27,25*,25,1,-,28,96.42,0,0,0,2.25,0,0,#VALUE!
WM Lawry (AUS),1971-1971,1971,1971,1,1,1,0,27,27,27,0,27,49,55.1,0,0,0,27,0,0,38.24
Mohsin Kamal (PAK),1984-1989,1984,1989,6,19,6,3,27,11*,11,1,9,40,67.5,0,0,0,1.42,0,0,32.4
Mujahid Jamshed (PAK),1997-1997,1997,1997,1,4,3,1,27,23,23,0,13.5,54,50,0,0,0,6.75,0,0,28.1
RJ Robinson (BMUDA),2007-2009,2007,2009,3,3,2,0,27,17,17,0,13.5,40,67.5,0,0,0,9,0,0,35.1
Rumman Raees (PAK),2017-2018,2017,2018,2,9,4,1,27,16,16,0,9,24,112.5,0,0,1,3,0,0,50.4
ED Solkar (INDIA),1974-1976,1974,1976,3,7,6,0,27,13,13,0,4.5,79,34.17,0,0,1,3.86,0,0,16.368
BA Williams (AUS),2002-2004,2002,2004,3,25,6,4,27,13*,13,1,13.5,46,58.69,0,0,2,1.08,0,0,31.576
Zakir Khan (PAK),1984-1990,1984,1990,7,17,5,4,27,11*,11,1,27,63,42.85,0,0,0,1.59,0,0,33.34
Aizaz Cheema (PAK),2011-2012,2011,2012,2,14,6,3,26,9*,9,1,8.66,45,57.77,0,0,0,1.86,0,0,28.304
BJ Diamanti (NZ),2009-2009,2009,2009,1,1,1,1,26,26*,26,1,-,22,118.18,0,0,0,26,0,0,#VALUE!
BG Hadlee (NZ),1975-1975,1975,1975,1,2,2,1,26,19,19,0,26,93,27.95,0,0,0,13,0,0,26.78
RC Haynes (WI),1989-1991,1989,1991,3,8,6,1,26,18,18,0,5.2,66,39.39,0,0,2,3.25,0,0,18.876
Khurram Nawaz (OMAN),2019-2019,2019,2019,1,3,2,1,26,17*,17,1,26,49,53.06,0,0,0,8.67,0,0,36.824
A Kuruvilla (INDIA),1997-1997,1997,1997,1,25,11,4,26,7,7,0,3.71,43,60.46,0,0,1,1.04,0,0,26.41
Mosharraf Hossain (BDESH),2008-2016,2008,2016,9,5,5,1,26,8,8,0,6.5,75,34.66,0,0,0,5.2,0,0,17.764
MS Panesar (ENG),2007-2007,2007,2007,1,26,8,3,26,13,13,0,5.2,91,28.57,0,0,0,1,0,0,14.548
Pervez Mir (PAK),1975-1977,1975,1977,3,3,3,1,26,18,18,0,13,44,59.09,0,0,0,8.67,0,0,31.436
CEB Rice (SA),1991-1991,1991,1991,1,3,2,0,26,14,14,0,13,37,70.27,0,0,0,8.67,0,0,35.908
TG Shaw (SA),1991-1994,1991,1994,4,9,6,4,26,17*,17,1,13,35,74.28,0,0,1,2.89,0,0,37.512
SL Stewart (NZ),2010-2010,2010,2010,1,4,4,0,26,14,14,0,6.5,59,44.06,0,0,0,6.5,0,0,21.524
Tareq Aziz (BDESH),2002-2004,2002,2004,3,10,8,7,26,11*,11,1,26,73,35.61,0,0,1,2.6,0,0,29.844
BO van Rooi (NAM),2003-2003,2003,2003,1,3,3,2,26,17,17,0,26,38,68.42,0,0,0,8.67,0,0,42.968
RJ van Vuuren (NAM),2003-2003,2003,2003,1,5,5,2,26,14,14,0,8.66,38,68.42,0,0,2,5.2,0,0,32.564
Wasim Haider (PAK),1992-1992,1992,1992,1,3,2,0,26,13,13,0,13,70,37.14,0,0,0,8.67,0,0,22.656
Zain Abbas (HKG),2008-2008,2008,2008,1,1,1,1,26,26*,26,1,-,54,48.14,0,0,0,26,0,0,#VALUE!
Sultan Zarawani (UAE),1994-1996,1994,1996,3,7,6,0,26,13,13,0,4.33,62,41.93,0,0,1,3.71,0,0,19.37
RJ Blakey (ENG),1992-1993,1992,1993,2,3,2,0,25,25,25,0,12.5,50,50,0,0,1,8.33,0,0,27.5
DK Butler (WI),2005-2006,2005,2006,2,5,4,3,25,13*,13,1,25,34,73.52,0,0,0,5,0,0,44.408
JJ Dawood (CAN),2009-2010,2009,2010,2,2,1,1,25,25*,25,1,-,19,131.57,0,0,0,12.5,0,0,#VALUE!
MLC Foster (WI),1973-1973,1973,1973,1,2,1,0,25,25,25,0,25,62,40.32,0,0,0,12.5,0,0,31.128
S Jeganathan (SL),1983-1988,1983,1988,6,5,4,1,25,20*,20,1,8.33,39,64.1,0,0,0,5,0,0,30.638
KA Maharaj (SA),2017-2018,2017,2018,2,4,2,0,25,17,17,0,12.5,26,96.15,0,0,0,6.25,0,0,45.96
GMC Mol (NL),2007-2008,2007,2008,2,6,4,2,25,14,14,0,12.5,54,46.29,0,0,0,4.17,0,0,26.016
Nasir Ahmed (BDESH),1988-1990,1988,1990,3,7,4,2,25,11,11,0,12.5,62,40.32,0,0,0,3.57,0,0,23.628
A Patel (CAN),2003-2003,2003,2003,1,2,1,0,25,25,25,0,25,29,86.2,0,0,0,12.5,0,0,49.48
AK Sah (NEPAL),2018-2018,2018,2018,1,2,2,0,25,21,21,0,12.5,35,71.42,0,0,0,12.5,0,0,36.068
Saleem Altaf (PAK),1973-1978,1973,1978,6,6,2,1,25,21,21,0,25,53,47.16,0,0,0,4.17,0,0,33.864
Sayed Shirzad (AFG),2019-2019,2019,2019,1,2,1,0,25,25,25,0,25,17,147.05,0,0,0,12.5,0,0,73.82
Shahid Nazir (PAK),1996-2000,1996,2000,5,17,8,7,25,8,8,0,25,43,58.13,0,0,0,1.47,0,0,38.252
Sohail Khan (PAK),2008-2016,2008,2016,9,13,6,1,25,7,7,0,5,51,49.01,0,0,0,1.92,0,0,22.604
SW Tait (AUS),2007-2011,2007,2011,5,35,7,5,25,11,11,0,12.5,29,86.2,0,0,1,0.71,0,0,41.98
SK Atai (PNG),2019-2019,2019,2019,1,2,1,0,24,24,24,0,24,57,42.1,0,0,0,12,0,0,31.24
MR Benson (ENG),1986-1986,1986,1986,1,1,1,0,24,24,24,0,24,58,41.37,0,0,0,24,0,0,30.948
AN French (HKG),2004-2004,2004,2004,1,2,2,0,24,14,14,0,12,84,28.57,0,0,0,12,0,0,18.628
ST Gabriel (WI),2016-2019,2016,2019,4,25,16,9,24,12*,12,1,3.42,63,38.09,0,0,4,0.96,0,0,17.288
SF Graf (AUS),1980-1981,1980,1981,2,11,6,0,24,8,8,0,4,50,48,0,0,1,2.18,0,0,21.6
JPR Lamsam (HKG),2004-2008,2004,2008,5,2,2,0,24,16,16,0,12,47,51.06,0,0,0,12,0,0,27.624
SW Lubbers (NL),1996-1996,1996,1996,1,4,4,1,24,9,9,0,8,37,64.86,0,0,0,6,0,0,30.744
DJ Malan (ENG),2019-2019,2019,2019,1,1,1,0,24,24,24,0,24,30,80,0,0,0,24,0,0,46.4
MJ Mason (NZ),2003-2010,2003,2010,8,26,7,4,24,13*,13,1,8,45,53.33,0,0,1,0.92,0,0,26.132
Naeem Ashraf (PAK),1995-1995,1995,1995,1,2,2,1,24,16,16,0,24,43,55.81,0,0,0,12,0,0,36.724
SB O'Connor (NZ),1997-2000,1997,2000,4,38,13,6,24,8,8,0,3.42,91,26.37,0,0,3,0.63,0,0,12.6
SP Pasqual (SL),1979-1979,1979,1979,1,2,2,1,24,23*,23,1,24,28,85.71,0,0,0,12,0,0,48.684
N Pothas (SA),2000-2000,2000,2000,1,3,1,0,24,24,24,0,24,41,58.53,0,0,0,8,0,0,37.812
Rafiqul Alam (BDESH),1986-1986,1986,1986,1,2,2,0,24,14,14,0,12,63,38.09,0,0,0,12,0,0,22.436
Sheikh Salahuddin (BDESH),1997-1997,1997,1997,1,6,5,3,24,12,12,0,12,136,17.64,0,0,0,4,0,0,14.256
ML Su'a (NZ),1992-1995,1992,1995,4,12,7,2,24,12*,12,1,4.8,56,42.85,0,0,0,2,0,0,20.02
Amir Hamza (AFG),2012-2017,2012,2017,6,31,16,9,23,7,7,0,3.28,94,24.46,0,0,1,0.74,0,0,11.752
JO Angara (KENYA),1997-2003,1997,2003,7,17,11,5,23,6,6,0,3.83,64,35.93,0,0,1,1.35,0,0,16.67
HAG Anthony (WI),1995-1995,1995,1995,1,3,3,0,23,21,21,0,7.66,22,104.54,0,0,1,7.67,0,0,46.412
Asim Butt (SCOT),1999-1999,1999,1999,1,5,4,0,23,11,11,0,5.75,28,82.14,0,0,0,4.6,0,0,36.306
SV Bahutule (INDIA),1997-2003,1997,2003,7,8,4,1,23,11,11,0,7.66,29,79.31,0,0,0,2.88,0,0,36.32
J Figy John (UAE),2019-2019,2019,2019,1,1,1,0,23,23,23,0,23,36,63.88,0,0,0,23,0,0,39.352
SC Getkate (IRE),2019-2019,2019,2019,1,3,2,1,23,16*,16,1,23,23,100,0,0,0,7.67,0,0,53.8
AE Greenidge (WI),1978-1978,1978,1978,1,1,1,0,23,23,23,0,23,33,69.69,0,0,0,23,0,0,41.676
Hasti Gul (AFG),2009-2009,2009,2009,1,2,1,1,23,23*,23,1,-,11,209.09,0,0,0,11.5,0,0,#VALUE!
E Katchay (CAN),2008-2009,2008,2009,2,5,3,1,23,12,12,0,11.5,41,56.09,0,0,0,4.6,0,0,29.336
J Louw (SA),2008-2008,2008,2008,1,3,1,0,23,23,23,0,23,7,328.57,0,0,0,7.67,0,0,145.228
SJ Massiah (USA),2004-2004,2004,2004,1,2,2,0,23,23,23,0,11.5,44,52.27,0,0,1,11.5,0,0,27.808
AJ Penn (NZ),1997-2001,1997,2001,5,5,3,1,23,15,15,0,11.5,33,69.69,0,0,0,4.6,0,0,34.776
V Razdan (INDIA),1989-1990,1989,1990,2,3,3,1,23,18,18,0,11.5,27,85.18,0,0,0,7.67,0,0,40.972
CP Tremain (AUS),2016-2016,2016,2016,1,4,3,2,23,23*,23,1,23,37,62.16,0,0,1,5.75,0,0,38.664
Waheed Ahmed (UAE),2019-2019,2019,2019,1,2,2,0,23,17,17,0,11.5,51,45.09,0,0,0,11.5,0,0,24.936
Afzaal Haider (HKG),2004-2008,2004,2008,5,4,4,1,22,22,22,0,7.33,52,42.3,0,0,2,5.5,0,0,21.318
UNK Fernando (SL),1994-1994,1994,1994,1,2,2,2,22,20*,20,1,-,25,88,0,0,0,11,0,0,#VALUE!
DW Headley (ENG),1996-1999,1996,1999,4,13,6,4,22,10*,10,1,11,49,44.89,0,0,1,1.69,0,0,24.556
Kamran Shazad (UAE),2014-2015,2014,2015,2,4,3,1,22,13,13,0,11,25,88,0,0,1,5.5,0,0,41.8
Mohammad Salman (PAK),2011-2011,2011,2011,1,7,3,1,22,19*,19,1,11,39,56.41,0,0,1,3.14,0,0,29.164
Shafiuddin Ahmed (BDESH),1997-2000,1997,2000,4,11,10,6,22,11,11,0,5.5,66,33.33,0,0,3,2,0,0,16.632
BR Taylor (NZ),1973-1973,1973,1973,1,2,1,0,22,22,22,0,22,42,52.38,0,0,0,11,0,0,34.152
CM Wells (ENG),1985-1985,1985,1985,1,2,2,0,22,17,17,0,11,44,50,0,0,0,11,0,0,26.6
Ali Asad (UAE),2004-2004,2004,2004,1,2,2,1,21,12,12,0,21,47,44.68,0,0,0,10.5,0,0,30.472
B Arun (INDIA),1986-1987,1986,1987,2,4,3,1,21,8,8,0,10.5,32,65.62,0,0,0,5.25,0,0,32.548
AB Dinda (INDIA),2010-2013,2010,2013,4,13,5,0,21,16,16,0,4.2,36,58.33,0,0,2,1.62,0,0,25.852
Karan KC (NEPAL),2018-2019,2018,2019,2,5,4,0,21,18,18,0,5.25,23,91.3,0,0,2,4.2,0,0,39.67
S Keshvani (CAN),2009-2009,2009,2009,1,5,2,0,21,17,17,0,10.5,38,55.26,0,0,0,4.2,0,0,28.404
MAWR Madurasinghe (SL),1988-1992,1988,1992,5,12,6,4,21,8*,8,1,10.5,62,33.87,0,0,0,1.75,0,0,19.848
J Patraj (CAN),2007-2007,2007,2007,1,2,2,0,21,20,20,0,10.5,48,43.75,0,0,0,10.5,0,0,23.8
K Pierre (WI),2019-2019,2019,2019,1,2,1,0,21,21,21,0,21,18,116.66,0,0,0,10.5,0,0,59.264
DA Stirling (NZ),1984-1984,1984,1984,1,6,5,2,21,13*,13,1,7,39,53.84,0,0,0,3.5,0,0,25.736
I Wardlaw (SCOT),2013-2015,2013,2015,3,22,14,8,21,7*,7,1,3.5,40,52.5,0,0,5,0.95,0,0,23.1
RA Woolmer (ENG),1972-1976,1972,1976,5,6,4,0,21,9,9,0,5.25,46,45.65,0,0,1,3.5,0,0,21.41
SP Davis (AUS),1986-1988,1986,1988,3,39,11,7,20,6,6,0,5,34,58.82,0,0,1,0.51,0,0,26.528
O Henry (SA),1992-1992,1992,1992,1,3,3,1,20,11,11,0,10,26,76.92,0,0,0,6.67,0,0,36.768
AP Igglesden (ENG),1994-1994,1994,1994,1,4,3,1,20,18,18,0,10,31,64.51,0,0,1,5,0,0,31.804
MR Johnson (USA),2004-2004,2004,2004,1,2,2,0,20,20,20,0,10,19,105.26,0,0,1,10,0,0,48.104
MMA Jonkman (NL),2007-2010,2007,2010,4,4,2,0,20,13,13,0,10,51,39.21,0,0,0,5,0,0,21.684
BM Mauricette (CAN),1979-1979,1979,1979,1,3,3,0,20,15,15,0,6.66,68,29.41,0,0,1,6.67,0,0,15.76
DT Mutendera (ZIM),1999-2001,1999,2001,3,9,4,2,20,10,10,0,10,43,46.51,0,0,0,2.22,0,0,24.604
Najmul Hossain Shanto (BDESH),2018-2018,2018,2018,1,3,3,0,20,7,7,0,6.66,45,44.44,0,0,0,6.67,0,0,21.772
IL Philip (SCOT),1999-1999,1999,1999,1,3,3,0,20,17,17,0,6.66,89,22.47,0,0,1,6.67,0,0,12.984
ADJ Pitcher (BMUDA),2007-2007,2007,2007,1,3,3,0,20,12,12,0,6.66,28,71.42,0,0,1,6.67,0,0,32.564
Rizwan-uz-Zaman (PAK),1981-1987,1981,1987,7,3,3,0,20,14,14,0,6.66,129,15.5,0,0,0,6.67,0,0,10.196
AF Sattaur (CAN),2003-2003,2003,2003,1,3,3,0,20,13,13,0,6.66,60,33.33,0,0,1,6.67,0,0,17.328
PH Sharma (INDIA),1976-1976,1976,1976,1,2,2,0,20,14,14,0,10,39,51.28,0,0,0,10,0,0,26.512
S Shivnarine (WI),1978-1978,1978,1978,1,1,1,1,20,20*,20,1,-,43,46.51,0,0,0,20,0,0,#VALUE!
Umair Ali (UAE),2015-2015,2015,2015,1,2,2,0,20,10,10,0,10,30,66.66,0,0,0,10,0,0,32.664
KIW Wijegunawardene (SL),1988-1992,1988,1992,5,26,12,5,20,8*,8,1,2.85,55,36.36,0,0,4,0.77,0,0,16.254
CA Young (IRE),2014-2017,2014,2017,4,13,6,2,20,11*,11,1,5,32,62.5,0,0,2,1.54,0,0,28
JP Behrendorff (AUS),2019-2019,2019,2019,1,11,5,3,19,11*,11,1,9.5,15,126.66,0,0,1,1.73,0,0,56.364
JJ Bumrah (INDIA),2016-2019,2016,2019,4,58,13,8,19,10*,10,1,3.8,43,44.18,0,0,4,0.33,0,0,19.952
JW Dernbach (ENG),2011-2013,2011,2013,3,24,8,1,19,5,5,0,2.71,39,48.71,0,0,1,0.79,0,0,21.11
EL Gouka (NL),1996-1996,1996,1996,1,3,2,1,19,19,19,0,19,36,52.77,0,0,0,6.33,0,0,32.508
RGA Headley (WI),1973-1973,1973,1973,1,1,1,0,19,19,19,0,19,41,46.34,0,0,0,19,0,0,29.936
S Jora (NEPAL),2019-2019,2019,2019,1,1,1,0,19,19,19,0,19,20,95,0,0,0,19,0,0,49.4
T Kumaran (INDIA),1999-2000,1999,2000,2,8,3,0,19,8,8,0,6.33,27,70.37,0,0,0,2.38,0,0,31.946
MA Meman (ZIM),1987-1987,1987,1987,1,1,1,0,19,19,19,0,19,22,86.36,0,0,0,19,0,0,45.944
V Permaul (WI),2012-2017,2012,2017,6,7,4,1,19,10,10,0,6.33,26,73.07,0,0,0,2.71,0,0,33.026
HSM Pieris (SL),1975-1975,1975,1975,1,3,3,1,19,16,16,0,9.5,59,32.2,0,0,0,6.33,0,0,18.58
Sami Faridi (CAN),2008-2008,2008,2008,1,3,2,0,19,16,16,0,9.5,31,61.29,0,0,0,6.33,0,0,30.216
MJ Smith (SCOT),1999-1999,1999,1999,1,5,5,0,19,13,13,0,3.8,85,22.35,0,0,0,3.8,0,0,11.22
Sunzamul Islam (BDESH),2017-2018,2017,2018,2,3,1,0,19,19,19,0,19,24,79.16,0,0,0,6.33,0,0,43.064
C Viljoen (NAM),2019-2019,2019,2019,1,2,2,1,19,17*,17,1,19,23,82.6,0,0,0,9.5,0,0,44.44
AG Wharf (ENG),2004-2005,2004,2005,2,13,5,3,19,9,9,0,9.5,28,67.85,0,0,1,1.46,0,0,32.84
KOK Williams (WI),2017-2018,2017,2018,2,8,5,4,19,16*,16,1,19,27,70.37,0,0,0,2.38,0,0,39.548
SG Borthwick (ENG),2011-2011,2011,2011,1,2,2,0,18,15,15,0,9,16,112.5,0,0,0,9,0,0,50.4
DL Chahar (INDIA),2018-2019,2018,2019,2,3,2,1,18,12,12,0,18,22,81.81,0,0,0,6,0,0,43.524
CEH Croft (WI),1977-1981,1977,1981,5,19,6,4,18,8,8,0,9,38,47.36,0,0,0,0.95,0,0,24.344
HJ Howarth (NZ),1973-1975,1973,1975,3,9,5,2,18,11,11,0,6,26,69.23,0,0,1,2,0,0,31.292
Jamaluddin Ahmed (BDESH),2003-2003,2003,2003,1,1,1,1,18,18*,18,1,-,28,64.28,0,0,0,18,0,0,#VALUE!
F Kasteni (ZIM),2007-2007,2007,2007,1,3,3,0,18,9,9,0,6,42,42.85,0,0,1,6,0,0,20.74
AV Lalcheta (OMAN),2019-2019,2019,2019,1,2,2,0,18,12,12,0,9,47,38.29,0,0,0,9,0,0,20.716
JJC Lawson (WI),2001-2005,2001,2005,5,13,5,2,18,8,8,0,6,16,112.5,0,0,0,1.38,0,0,48.6
Munir Dar (HKG),2008-2008,2008,2008,1,2,2,0,18,14,14,0,9,16,112.5,0,0,0,9,0,0,50.4
Saleem Pervez (PAK),1980-1980,1980,1980,1,1,1,0,18,18,18,0,18,39,46.15,0,0,0,18,0,0,29.26
LR Shukla (INDIA),1999-1999,1999,1999,1,3,2,0,18,13,13,0,9,19,94.73,0,0,0,6,0,0,43.292
Sultan Ahmed (UAE),2019-2019,2019,2019,1,2,2,0,18,11,11,0,9,42,42.85,0,0,0,9,0,0,22.54
Syed Maqsood (UAE),2004-2004,2004,2004,1,2,2,0,18,13,13,0,9,43,41.86,0,0,0,9,0,0,22.144
Tanvir Ahmed (PAK),2011-2011,2011,2011,1,2,1,0,18,18,18,0,18,12,150,0,0,0,9,0,0,70.8
K Whatham (CAN),2011-2011,2011,2011,1,1,1,0,18,18,18,0,18,41,43.9,0,0,0,18,0,0,28.36
RGCE Wijesuriya (SL),1982-1985,1982,1985,4,8,3,2,18,12*,12,1,18,48,37.5,0,0,1,2.25,0,0,25.8
Zulqarnain (PAK),1985-1989,1985,1989,5,16,6,3,18,11*,11,1,6,30,60,0,0,2,1.13,0,0,27.6
GI Allott (NZ),1997-2000,1997,2000,4,31,11,6,17,7*,7,1,3.4,56,30.35,0,0,2,0.55,0,0,14.18
SM Curran (ENG),2018-2018,2018,2018,1,2,2,0,17,15,15,0,8.5,29,58.62,0,0,0,8.5,0,0,28.548
IS Gallage (SL),1999-2001,1999,2001,3,3,2,1,17,14,14,0,17,27,62.96,0,0,0,5.67,0,0,35.384
RD Gudhka (KENYA),2011-2011,2011,2011,1,2,2,1,17,10,10,0,17,14,121.42,0,0,0,8.5,0,0,58.768
MJ Hoggard (ENG),2001-2006,2001,2006,6,26,6,2,17,7,7,0,4.25,30,56.66,0,0,1,0.65,0,0,25.214
Ilyas Gull (HKG),2004-2004,2004,2004,1,2,2,0,17,16,16,0,8.5,59,28.81,0,0,0,8.5,0,0,16.624
Intikhab Alam (PAK),1973-1976,1973,1976,4,4,2,0,17,10,10,0,8.5,45,37.77,0,0,0,4.25,0,0,20.208
IT Iqbal (KENYA),1996-1996,1996,1996,1,3,2,0,17,16,16,0,8.5,52,32.69,0,0,0,5.67,0,0,18.176
RSA Jayasekera (SL),1982-1982,1982,1982,1,2,1,0,17,17,17,0,17,42,40.47,0,0,0,8.5,0,0,26.388
KCB Jeremy (WI),2000-2001,2000,2001,2,6,4,2,17,8*,8,1,8.5,42,40.47,0,0,1,2.83,0,0,21.288
RJ Kennedy (NZ),1996-1996,1996,1996,1,7,4,3,17,8*,8,1,17,15,113.33,0,0,0,2.43,0,0,55.532
CBRLS Kumara (SL),2017-2019,2017,2019,3,13,6,3,17,7*,7,1,5.66,45,37.77,0,0,0,1.31,0,0,18.504
P Lever (ENG),1971-1975,1971,1975,5,10,3,2,17,8*,8,1,17,24,70.83,0,0,0,1.7,0,0,38.532
PHKD Mendis (SL),2019-2019,2019,2019,1,2,2,1,17,9,9,0,17,38,44.73,0,0,0,8.5,0,0,28.092
Raqibul Hasan (BDESH),1986-1986,1986,1986,1,2,2,0,17,12,12,0,8.5,65,26.15,0,0,0,8.5,0,0,15.56
CEW Silverwood (ENG),1996-2001,1996,2001,6,7,4,0,17,12,12,0,4.25,34,50,0,0,1,2.43,0,0,22.55
S Abrahams (SA),2000-2000,2000,2000,1,1,1,1,16,16*,16,1,-,26,61.53,0,0,0,16,0,0,#VALUE!
RW Anderson (NZ),1976-1978,1976,1978,3,2,2,1,16,12,12,0,16,46,34.78,0,0,0,8,0,0,23.512
JH Desai (USA),2004-2004,2004,2004,1,1,1,0,16,16,16,0,16,38,42.1,0,0,0,16,0,0,26.44
AM Guruge (UAE),2014-2015,2014,2015,2,7,4,4,16,10*,10,1,-,29,55.17,0,0,0,2.29,0,0,#VALUE!
N Ifill (CAN),2003-2006,2003,2006,4,4,3,0,16,9,9,0,5.33,45,35.55,0,0,1,4,0,0,17.418
Jahangir Shah (BDESH),1986-1990,1986,1990,5,5,4,2,16,8*,8,1,8,62,25.8,0,0,1,3.2,0,0,15.12
RL Johnson (ENG),2003-2003,2003,2003,1,10,4,1,16,10,10,0,5.33,20,80,0,0,1,1.6,0,0,35.198
SB Lama (HKG),2004-2004,2004,2004,1,1,1,1,16,16*,16,1,-,48,33.33,0,0,0,16,0,0,#VALUE!
BP Loots (NL),2010-2011,2010,2011,2,7,5,2,16,9*,9,1,5.33,27,59.25,0,0,1,2.29,0,0,26.898
RAL Massie (AUS),1972-1972,1972,1972,1,3,1,1,16,16*,16,1,-,24,66.66,0,0,0,5.33,0,0,#VALUE!
B Muzarabani (ZIM),2018-2018,2018,2018,1,18,15,7,16,7,7,0,2,89,17.97,0,0,5,0.89,0,0,8.388
KJ O'Keeffe (AUS),1977-1977,1977,1977,1,2,2,1,16,16*,16,1,16,38,42.1,0,0,1,8,0,0,26.44
FN Otieno (KENYA),2010-2010,2010,2010,1,4,4,0,16,8,8,0,4,68,23.52,0,0,1,4,0,0,11.808
ADG Roberts (NZ),1976-1976,1976,1976,1,1,1,0,16,16,16,0,16,24,66.66,0,0,0,16,0,0,36.264
V Shetty (UAE),2008-2014,2008,2014,7,2,2,0,16,9,9,0,8,29,55.17,0,0,0,8,0,0,26.868
Shubman Gill (INDIA),2019-2019,2019,2019,1,2,2,0,16,9,9,0,8,32,50,0,0,0,8,0,0,24.8
CB Sole (SCOT),2016-2018,2016,2018,3,11,5,0,16,7,7,0,3.2,36,44.44,0,0,0,1.45,0,0,19.696
S Somasunder (INDIA),1996-1996,1996,1996,1,2,2,0,16,9,9,0,8,63,25.39,0,0,0,8,0,0,14.956
J Theron (SA/USA),2010-2019,2010,2019,10,9,6,1,16,6,6,0,3.2,30,53.33,0,0,2,1.78,0,0,23.252
BTJ Wheal (SCOT),2016-2019,2016,2019,4,13,7,3,16,14,14,0,4,31,51.61,0,0,3,1.23,0,0,23.044
PJW Allott (ENG),1982-1985,1982,1985,4,13,6,1,15,8,8,0,3,25,60,0,0,2,1.15,0,0,25.8
KN Amalean (SL),1986-1988,1986,1988,3,8,3,1,15,9,9,0,7.5,26,57.69,0,0,0,1.88,0,0,27.576
RR Beaton (WI),2017-2017,2017,2017,1,2,2,1,15,12*,12,1,15,51,29.41,0,0,0,7.5,0,0,20.764
HF Gurney (ENG),2014-2014,2014,2014,1,10,6,4,15,6*,6,1,7.5,33,45.45,0,0,0,1.5,0,0,22.68
JR Hammond (AUS),1972-1972,1972,1972,1,1,1,1,15,15*,15,1,-,28,53.57,0,0,0,15,0,0,#VALUE!
RS Higgins (ZIM),2006-2006,2006,2006,1,11,8,2,15,7*,7,1,2.5,63,23.8,0,0,3,1.36,0,0,11.02
DAW Hollis (BMUDA),2008-2008,2008,2008,1,1,1,1,15,15*,15,1,-,26,57.69,0,0,0,15,0,0,#VALUE!
Irfan Fazil (PAK),2000-2000,2000,2000,1,1,1,0,15,15,15,0,15,16,93.75,0,0,0,15,0,0,46.5
GE Kidd (IRE),2007-2008,2007,2008,2,6,1,0,15,15,15,0,15,25,60,0,0,0,2.5,0,0,33
BW Luckhurst (ENG),1975-1975,1975,1975,1,3,3,0,15,14,14,0,5,69,21.73,0,0,1,5,0,0,11.692
Mansoor Rana (PAK),1990-1990,1990,1990,1,2,2,0,15,10,10,0,7.5,24,62.5,0,0,0,7.5,0,0,29.5
Mohammad Zahid (PAK),1996-2002,1996,2002,7,11,4,2,15,7*,7,1,7.5,22,68.18,0,0,0,1.36,0,0,31.772
J Mulder (IRE),2017-2017,2017,2017,1,4,2,2,15,15*,15,1,-,11,136.36,0,0,0,3.75,0,0,#VALUE!
EMDY Munaweera (SL),2017-2017,2017,2017,1,2,2,0,15,11,11,0,7.5,29,51.72,0,0,0,7.5,0,0,25.188
Nurul Abedin (BDESH),1986-1990,1986,1990,5,4,4,0,15,13,13,0,3.75,55,27.27,0,0,2,3.75,0,0,13.158
HD Rutherford (NZ),2013-2013,2013,2013,1,4,4,0,15,11,11,0,3.75,56,26.78,0,0,0,3.75,0,0,12.962
Sajjad Ahmed (BDESH),1995-1995,1995,1995,1,2,2,0,15,11,11,0,7.5,46,32.6,0,0,0,7.5,0,0,17.54
DM Smith (ENG),1986-1990,1986,1990,5,2,2,1,15,10*,10,1,15,40,37.5,0,0,0,7.5,0,0,24
LW Stokkers (NL),2008-2008,2008,2008,1,1,1,1,15,15*,15,1,-,40,37.5,0,0,0,15,0,0,#VALUE!
Tariq Javed (CAN),1979-1979,1979,1979,1,3,3,0,15,8,8,0,5,77,19.48,0,0,0,5,0,0,10.792
PCR Tufnell (ENG),1990-1997,1990,1997,8,20,10,9,15,5*,5,1,15,31,48.38,0,0,0,0.75,0,0,28.352
PS Vaidya (INDIA),1995-1996,1995,1996,2,4,2,0,15,12,12,0,7.5,12,125,0,0,0,3.75,0,0,54.5
A van der Merwe (IRE),2010-2011,2010,2011,2,9,6,2,15,8,8,0,3.75,25,60,0,0,2,1.67,0,0,26.25
AP Wells (ENG),1995-1995,1995,1995,1,1,1,0,15,15,15,0,15,10,150,0,0,0,15,0,0,69
Zafar Gohar (PAK),2015-2015,2015,2015,1,1,1,0,15,15,15,0,15,15,100,0,0,0,15,0,0,49
Ahsan Malik (NL),2011-2014,2011,2014,4,12,5,5,14,10*,10,1,-,27,51.85,0,0,0,1.17,0,0,#VALUE!
Asghar Ali (UAE),2004-2004,2004,2004,1,2,2,0,14,14,14,0,7,53,26.41,0,0,1,7,0,0,14.764
Asif Mahmood (PAK),1998-1998,1998,1998,1,2,2,0,14,14,14,0,7,34,41.17,0,0,1,7,0,0,20.668
IPP Batuwitarachchi (UAE),2008-2008,2008,2008,1,2,2,0,14,14,14,0,7,48,29.16,0,0,1,7,0,0,15.864
AR Butcher (ENG),1980-1980,1980,1980,1,1,1,0,14,14,14,0,14,26,53.84,0,0,0,14,0,0,29.936
G Chapple (ENG),2006-2006,2006,2006,1,1,1,0,14,14,14,0,14,7,200,0,0,0,14,0,0,88.4
LA Dawson (ENG),2016-2018,2016,2018,3,3,2,0,14,10,10,0,7,17,82.35,0,0,0,4.67,0,0,37.14
HS Dhillon (CAN),2006-2006,2006,2006,1,2,2,0,14,13,13,0,7,35,40,0,0,0,7,0,0,20.2
EA Essop-Adam (ZIM),1992-1992,1992,1992,1,1,1,1,14,14*,14,1,-,15,93.33,0,0,0,14,0,0,#VALUE!
SKW Kelly (BMUDA),2006-2009,2006,2009,4,10,6,6,14,7*,7,1,-,31,45.16,0,0,0,1.4,0,0,#VALUE!
LD Madushanka (SL),2017-2017,2017,2017,1,4,4,1,14,7,7,0,4.66,26,53.84,0,0,1,3.5,0,0,24.332
AA Mallett (AUS),1971-1975,1971,1975,5,9,3,1,14,8,8,0,7,36,38.88,0,0,1,1.56,0,0,19.752
Mohammad Akram (PAK),1995-2000,1995,2000,6,23,9,7,14,7*,7,1,7,34,41.17,0,0,1,0.61,0,0,20.668
Nadeem Ghauri (PAK),1990-1990,1990,1990,1,6,3,2,14,7*,7,1,14,25,56,0,0,0,2.33,0,0,30.8
R Ngarava (ZIM),2017-2018,2017,2018,2,9,6,1,14,10,10,0,2.8,30,46.66,0,0,2,1.56,0,0,20.344
IA Nicolson (ZIM),2010-2010,2010,2010,1,2,2,0,14,14,14,0,7,22,63.63,0,0,1,7,0,0,29.652
D Soraine (CAN),2006-2012,2006,2012,7,4,4,0,14,6,6,0,3.5,20,70,0,0,1,3.5,0,0,30.1
GE Vivian (NZ),1973-1973,1973,1973,1,1,1,0,14,14,14,0,14,30,46.66,0,0,0,14,0,0,27.064
LJ Woodcock (NZ),2011-2011,2011,2011,1,4,2,1,14,11,11,0,14,22,63.63,0,0,0,3.5,0,0,33.852
Zahid Razzak (BDESH),1988-1990,1988,1990,3,3,3,0,14,6,6,0,4.66,44,31.81,0,0,0,4.67,0,0,15.52
Aamer Nazir (PAK),1993-1995,1993,1995,3,9,3,2,13,9*,9,1,13,20,65,0,0,0,1.44,0,0,33.8
Aamir Kaleem (OMAN),2019-2019,2019,2019,1,2,1,0,13,13,13,0,13,16,81.25,0,0,0,6.5,0,0,40.3
JC Archer (ENG),2019-2019,2019,2019,1,14,7,3,13,7*,7,1,3.25,22,59.09,0,0,1,0.93,0,0,25.586
Asad Ali (PAK),2013-2013,2013,2013,1,4,2,0,13,11,11,0,6.5,16,81.25,0,0,0,3.25,0,0,36.4
LS Baker (WI),2008-2009,2008,2009,2,10,4,2,13,11*,11,1,6.5,23,56.52,0,0,1,1.3,0,0,26.508
MD Bates (NZ),2012-2012,2012,2012,1,2,1,0,13,13,13,0,13,10,130,0,0,0,6.5,0,0,59.8
GA Bishop (AUS),1987-1987,1987,1987,1,2,2,0,13,7,7,0,6.5,44,29.54,0,0,0,6.5,0,0,15.716
GK Bose (INDIA),1974-1974,1974,1974,1,1,1,0,13,13,13,0,13,18,72.22,0,0,0,13,0,0,36.688
NG Cowans (ENG),1983-1985,1983,1985,3,23,8,3,13,4*,4,1,2.6,29,44.82,0,0,3,0.57,0,0,19.488
HT Davis (NZ),1994-1997,1994,1997,4,11,6,4,13,7*,7,1,6.5,33,39.39,0,0,1,1.18,0,0,19.656
RR Emrit (WI),2007-2007,2007,2007,1,2,2,1,13,13,13,0,13,35,37.14,0,0,0,6.5,0,0,22.656
Gurkeerat Singh (INDIA),2016-2016,2016,2016,1,3,3,1,13,8,8,0,6.5,13,100,0,0,0,4.33,0,0,43.9
RL Hayes (NZ),1995-1995,1995,1995,1,1,1,0,13,13,13,0,13,25,52,0,0,0,13,0,0,28.6
RO Hurley (WI),2003-2004,2003,2004,2,9,4,0,13,6,6,0,3.25,32,40.62,0,0,1,1.44,0,0,18.198
D Joseph (CAN),2003-2003,2003,2003,1,4,3,3,13,9*,9,1,-,24,54.16,0,0,0,3.25,0,0,#VALUE!
JJ Krejza (AUS),2011-2011,2011,2011,1,8,2,1,13,7,7,0,13,23,56.52,0,0,0,1.63,0,0,30.408
AMN Munasinghe (SL),1994-1996,1994,1996,3,5,4,1,13,8,8,0,4.33,52,25,0,0,1,2.6,0,0,12.598
B Regmi (NEPAL),2018-2019,2018,2019,2,4,4,0,13,12,12,0,3.25,47,27.65,0,0,2,3.25,0,0,13.01
S Seeraj (CAN),2006-2006,2006,2006,1,1,1,1,13,13*,13,1,-,12,108.33,0,0,0,13,0,0,#VALUE!
O Thomas (WI),2018-2019,2018,2019,2,19,10,5,13,6*,6,1,2.6,53,24.52,0,0,3,0.68,0,0,11.368
Usman Salahuddin (PAK),2011-2011,2011,2011,1,2,2,0,13,8,8,0,6.5,28,46.42,0,0,0,6.5,0,0,22.468
HN Ya France (NAM),2019-2019,2019,2019,1,4,2,1,13,11*,11,1,13,5,260,0,0,0,3.25,0,0,111.8
Zaheer Maqsood (UAE),2015-2015,2015,2015,1,2,2,2,13,8*,8,1,-,46,28.26,0,0,0,6.5,0,0,#VALUE!
Asim Saeed (UAE),2004-2004,2004,2004,1,2,2,0,12,12,12,0,6,19,63.15,0,0,1,6,0,0,28.86
DM Basden (BMUDA),2007-2007,2007,2007,1,2,2,0,12,7,7,0,6,39,30.76,0,0,0,6,0,0,15.904
GK Bruk-Jackson (ZIM),1993-1993,1993,1993,1,1,1,0,12,12,12,0,12,33,36.36,0,0,0,12,0,0,21.744
Danish Kaneria (PAK),2001-2007,2001,2007,7,18,10,8,12,6*,6,1,6,22,54.54,0,0,2,0.67,0,0,25.416
IC Davis (AUS),1974-1977,1974,1977,4,3,3,1,12,11*,11,1,6,35,34.28,0,0,1,4,0,0,17.312
RP de Groen (NZ),1993-1994,1993,1994,2,12,8,3,12,7*,7,1,2.4,36,33.33,0,0,4,1,0,0,14.772
AM de Silva (SL),1986-1993,1986,1993,8,4,2,0,12,8,8,0,6,24,50,0,0,0,3,0,0,23.6
R Dhawan (INDIA),2016-2016,2016,2016,1,3,2,1,12,9,9,0,12,13,92.3,0,0,0,4,0,0,44.12
Enamul Haque jnr (BDESH),2005-2009,2005,2009,5,10,5,1,12,5,5,0,3,19,63.15,0,0,2,1.2,0,0,27.06
M Hayward (SA),1998-2002,1998,2002,5,21,5,1,12,4,4,0,3,28,42.85,0,0,1,0.57,0,0,18.94
Imtiaz Abbasi (UAE),1994-1996,1994,1996,3,7,6,4,12,6*,6,1,6,38,31.57,0,0,0,1.71,0,0,16.228
Javed Qadeer (PAK),1995-1995,1995,1995,1,1,1,0,12,12,12,0,12,23,52.17,0,0,0,12,0,0,28.068
TJ Jenner (AUS),1975-1975,1975,1975,1,1,1,0,12,12,12,0,12,25,48,0,0,0,12,0,0,26.4
AJ McKay (NZ),2010-2012,2010,2012,3,19,10,7,12,4*,4,1,4,47,25.53,0,0,3,0.63,0,0,12.612
PS Mehta (EAf),1975-1975,1975,1975,1,1,1,0,12,12,12,0,12,41,29.26,0,0,0,12,0,0,18.904
PJK Mooney (IRE),2006-2007,2006,2007,2,4,3,2,12,11*,11,1,12,9,133.33,0,0,1,3,0,0,60.532
T Muzarabani (ZIM),2015-2016,2015,2016,2,8,7,3,12,5,5,0,3,40,30,0,0,1,1.5,0,0,13.8
Naeemuddin Aslam (UAE),2004-2004,2004,2004,1,2,2,0,12,12,12,0,6,31,38.7,0,0,1,6,0,0,19.08
TS Nethula (NZ),2012-2012,2012,2012,1,5,3,1,12,9*,9,1,6,11,109.09,0,0,1,2.4,0,0,47.236
Noor-ul-Haq (AFG),2010-2010,2010,2010,1,2,2,0,12,12,12,0,6,58,20.68,0,0,1,6,0,0,11.872
EJ Richardson (IRE),2013-2013,2013,2013,1,2,1,0,12,12,12,0,12,18,66.66,0,0,0,6,0,0,33.864
P Sarraf (NEPAL),2019-2019,2019,2019,1,2,2,0,12,8,8,0,6,18,66.66,0,0,0,6,0,0,30.264
S Snater (NL),2018-2018,2018,2018,1,2,2,0,12,12,12,0,6,14,85.71,0,0,1,6,0,0,37.884
Abul Hasan (BDESH),2012-2018,2012,2018,7,7,3,0,11,7,7,0,3.66,16,68.75,0,0,0,1.57,0,0,29.696
Ahmed Kamal (BDESH),1999-1999,1999,1999,1,1,1,0,11,11,11,0,11,19,57.89,0,0,0,11,0,0,29.756
MJD Allingham (SCOT),1999-1999,1999,1999,1,3,3,0,11,6,6,0,3.66,96,11.45,0,0,0,3.67,0,0,6.776
Arshad Pervez (PAK),1978-1978,1978,1978,1,2,2,0,11,8,8,0,5.5,47,23.4,0,0,0,5.5,0,0,12.66
J Blackwood (WI),2015-2015,2015,2015,1,2,2,0,11,9,9,0,5.5,23,47.82,0,0,0,5.5,0,0,22.428
LJ Burger (NAM),2003-2003,2003,2003,1,6,6,1,11,5,5,0,2.2,62,17.74,0,0,2,1.83,0,0,8.416
SF Burger (NAM),2003-2003,2003,2003,1,2,2,0,11,6,6,0,5.5,20,55,0,0,0,5.5,0,0,25.3
PH Carlson (AUS),1979-1979,1979,1979,1,4,2,0,11,11,11,0,5.5,30,36.66,0,0,1,2.75,0,0,17.964
BS Chandrasekhar (INDIA),1976-1976,1976,1976,1,1,1,1,11,11*,11,1,-,13,84.61,0,0,0,11,0,0,#VALUE!
PA Emery (AUS),1994-1994,1994,1994,1,1,1,1,11,11*,11,1,-,13,84.61,0,0,0,11,0,0,#VALUE!
Haafiz Shahid (PAK),1988-1988,1988,1988,1,3,3,2,11,7*,7,1,11,23,47.82,0,0,0,3.67,0,0,25.728
GW Humpage (ENG),1981-1981,1981,1981,1,3,2,0,11,6,6,0,5.5,24,45.83,0,0,0,3.67,0,0,21.632
Jasdeep Singh (USA),2019-2019,2019,2019,1,4,3,0,11,11,11,0,3.66,39,28.2,0,0,2,2.75,0,0,13.476
NGRP Jayasuriya (SL),2018-2018,2018,2018,1,2,2,1,11,11*,11,1,11,13,84.61,0,0,1,5.5,0,0,40.444
SMS Kaluperuma (SL),1988-1988,1988,1988,1,2,2,0,11,7,7,0,5.5,41,26.82,0,0,0,5.5,0,0,14.028
SC Kuggeleijn (NZ),2017-2017,2017,2017,1,2,1,1,11,11*,11,1,-,6,183.33,0,0,0,5.5,0,0,#VALUE!
NM Kulkarni (INDIA),1997-1998,1997,1998,2,10,5,3,11,5*,5,1,5.5,20,55,0,0,1,1.1,0,0,25.3
JA Maclean (AUS),1979-1979,1979,1979,1,2,1,0,11,11,11,0,11,33,33.33,0,0,0,5.5,0,0,19.932
PM Pushpakumara (SL),2017-2017,2017,2017,1,2,2,0,11,8,8,0,5.5,26,42.3,0,0,0,5.5,0,0,20.22
B Reddy (INDIA),1978-1981,1978,1981,4,3,2,2,11,8*,8,1,-,20,55,0,0,0,3.67,0,0,#VALUE!
Saad Ali (PAK),2019-2019,2019,2019,1,2,2,0,11,7,7,0,5.5,23,47.82,0,0,0,5.5,0,0,22.428
G Sharma (INDIA),1985-1987,1985,1987,3,11,2,0,11,7,7,0,5.5,24,45.83,0,0,0,1,0,0,21.632
R Sharma (HKG),2004-2004,2004,2004,1,2,2,0,11,10,10,0,5.5,24,45.83,0,0,0,5.5,0,0,21.632
FJ Titmus (ENG),1975-1975,1975,1975,1,2,1,0,11,11,11,0,11,32,34.37,0,0,0,5.5,0,0,20.348
GD Watson (AUS),1972-1972,1972,1972,1,2,2,1,11,11*,11,1,11,16,68.75,0,0,1,5.5,0,0,34.1
JG Williamson (SCOT),1999-1999,1999,1999,1,2,2,0,11,10,10,0,5.5,35,31.42,0,0,0,5.5,0,0,15.868
Zahid Shah (UAE),2008-2008,2008,2008,1,2,2,2,11,6*,6,1,-,20,55,0,0,0,5.5,0,0,#VALUE!
TR Ambrose (ENG),2008-2008,2008,2008,1,5,5,1,10,6,6,0,2.5,34,29.41,0,0,1,2,0,0,13.264
MA Aponso (SL),2016-2018,2016,2018,3,9,7,4,10,4,4,0,3.33,45,22.22,0,0,1,1.11,0,0,10.886
Asif Masood (PAK),1973-1976,1973,1976,4,7,3,1,10,6,6,0,5,17,58.82,0,0,1,1.43,0,0,26.528
HK Bennett (NZ),2010-2017,2010,2017,8,16,7,5,10,4*,4,1,5,35,28.57,0,0,1,0.63,0,0,14.428
D Brown (WI),2001-2002,2001,2002,2,3,2,1,10,9,9,0,10,20,50,0,0,0,3.33,0,0,26
ML Cummins (WI),2014-2017,2014,2017,4,11,3,1,10,5,5,0,5,27,37.03,0,0,0,0.91,0,0,17.812
DLS de Silva (SL),1979-1979,1979,1979,1,2,1,0,10,10,10,0,10,35,28.57,0,0,0,5,0,0,17.428
JJ Esmeijer (NL),2002-2003,2002,2003,2,6,5,1,10,7,7,0,2.5,43,23.25,0,0,3,1.67,0,0,10.8
B Geeves (AUS),2008-2009,2008,2009,2,2,2,2,10,10*,10,1,-,11,90.9,0,0,0,5,0,0,#VALUE!
W Jaffer (INDIA),2006-2006,2006,2006,1,2,2,0,10,10,10,0,5,23,43.47,0,0,1,5,0,0,20.388
Kabir Khan (PAK),1994-2000,1994,2000,7,10,5,4,10,5,5,0,10,25,40,0,0,0,1,0,0,22
AV Kale (INDIA),2003-2003,2003,2003,1,1,1,0,10,10,10,0,10,22,45.45,0,0,0,10,0,0,24.18
NJ MacRae (SCOT),2006-2006,2006,2006,1,2,2,0,10,8,8,0,5,36,27.77,0,0,0,5,0,0,14.108
CA Marshall (CAN),1979-1979,1979,1979,1,2,2,0,10,8,8,0,5,41,24.39,0,0,0,5,0,0,12.756
A Martin (WI),2011-2011,2011,2011,1,9,6,5,10,4*,4,1,10,29,34.48,0,0,0,1.11,0,0,19.792
BMW Patterson (SCOT),1999-1999,1999,1999,1,3,3,0,10,10,10,0,3.33,43,23.25,0,0,2,3.33,0,0,11.298
Shabbir Ahmed (PAK),1999-2005,1999,2005,7,32,11,5,10,2,2,0,1.66,29,34.48,0,0,0,0.31,0,0,14.788
Shariful Haque (BDESH),1998-1998,1998,1998,1,1,1,0,10,10,10,0,10,6,166.66,0,0,0,10,0,0,72.664
RAJ Smith (SCOT),2016-2016,2016,2016,1,2,1,0,10,10,10,0,10,6,166.66,0,0,0,5,0,0,72.664
TE Srinivasan (INDIA),1980-1981,1980,1981,2,2,2,0,10,6,6,0,5,35,28.57,0,0,0,5,0,0,14.428
MP Stead (CAN),1979-1979,1979,1979,1,2,2,0,10,10,10,0,5,45,22.22,0,0,1,5,0,0,11.888
GC Tonge (WI),2009-2009,2009,2009,1,5,4,2,10,5,5,0,5,16,62.5,0,0,0,2,0,0,28
MDJ Walker (NZ),2003-2003,2003,2003,1,3,1,0,10,10,10,0,10,6,166.66,0,0,0,3.33,0,0,72.664
WA Wisneski (NZ),2000-2000,2000,2000,1,3,2,1,10,6,6,0,10,17,58.82,0,0,0,3.33,0,0,29.528
AK Zesers (AUS),1987-1987,1987,1987,1,2,2,2,10,8*,8,1,-,14,71.42,0,0,0,5,0,0,#VALUE!
KK Ahmed (INDIA),2018-2019,2018,2019,2,11,3,1,9,5,5,0,4.5,17,52.94,0,0,0,0.82,0,0,23.876
MJ Bennett (AUS),1984-1985,1984,1985,2,8,4,1,9,6*,6,1,3,21,42.85,0,0,2,1.13,0,0,18.94
SM Boland (AUS),2016-2016,2016,2016,1,14,4,1,9,4,4,0,3,22,40.9,0,0,1,0.64,0,0,18.16
CE Bulfin (NZ),1999-1999,1999,1999,1,4,2,1,9,7*,7,1,9,8,112.5,0,0,0,2.25,0,0,50.4
SJ Cameron (SCOT),2018-2018,2018,2018,1,2,2,1,9,8*,8,1,9,13,69.23,0,0,0,4.5,0,0,33.092
SJ Chalmers (SCOT),2009-2009,2009,2009,1,2,1,1,9,9*,9,1,-,14,64.28,0,0,0,4.5,0,0,#VALUE!
NA David (INDIA),1997-1997,1997,1997,1,4,2,2,9,8*,8,1,-,10,90,0,0,0,2.25,0,0,#VALUE!
GN de Silva (SL),1983-1985,1983,1985,3,4,2,1,9,7,7,0,9,18,50,0,0,0,2.25,0,0,25.4
GRA de Silva (SL),1975-1982,1975,1982,8,6,4,2,9,6*,6,1,4.5,33,27.27,0,0,1,1.5,0,0,13.608
DR Doshi (INDIA),1980-1982,1980,1982,3,15,5,2,9,5*,5,1,3,20,45,0,0,2,0.6,0,0,19.8
CJ Drum (NZ),1999-1999,1999,1999,1,5,2,2,9,7*,7,1,-,22,40.9,0,0,0,1.8,0,0,#VALUE!
S Dube (INDIA),2019-2019,2019,2019,1,1,1,0,9,9,9,0,9,6,150,0,0,0,9,0,0,65.4
Fahad Usman (UAE),2004-2004,2004,2004,1,2,2,0,9,9,9,0,4.5,18,50,0,0,1,4.5,0,0,22.7
Faisal Athar (PAK),2003-2003,2003,2003,1,1,1,0,9,9,9,0,9,38,23.68,0,0,0,9,0,0,14.872
SP Gauchan (NEPAL),2018-2018,2018,2018,1,1,1,1,9,9*,9,1,-,44,20.45,0,0,0,9,0,0,#VALUE!
MJ Haslam (NZ),1992-1992,1992,1992,1,1,1,0,9,9,9,0,9,18,50,0,0,0,9,0,0,25.4
AG Huckle (ZIM),1997-1999,1997,1999,3,19,8,4,9,5*,5,1,2.25,16,56.25,0,0,3,0.47,0,0,23.85
HR Johnson (USA),2004-2004,2004,2004,1,2,2,1,9,9,9,0,9,20,45,0,0,0,4.5,0,0,23.4
Karim Janat (AFG),2017-2017,2017,2017,1,1,1,0,9,9,9,0,9,33,27.27,0,0,0,9,0,0,16.308
JB Little (IRE),2019-2019,2019,2019,1,4,2,0,9,9,9,0,4.5,8,112.5,0,0,1,2.25,0,0,47.7
DE Malcolm (ENG),1990-1994,1990,1994,5,10,5,2,9,4,4,0,3,11,81.81,0,0,1,0.9,0,0,34.524
Mohammad Salim (BDESH),2003-2003,2003,2003,1,1,1,0,9,9,9,0,9,24,37.5,0,0,0,9,0,0,20.4
PG Nana (EAf),1975-1975,1975,1975,1,3,3,2,9,8*,8,1,9,45,20,0,0,1,3,0,0,13.4
Naveen-ul-Haq (AFG),2016-2019,2016,2019,4,4,3,2,9,8*,8,1,9,21,42.85,0,0,0,2.25,0,0,22.54
Qadeer Ahmed (UAE),2015-2019,2015,2019,5,11,6,4,9,4,4,0,4.5,31,29.03,0,0,0,0.82,0,0,14.312
LS Rajput (INDIA),1985-1987,1985,1987,3,4,4,1,9,8,8,0,3,31,29.03,0,0,2,2.25,0,0,13.412
Rashid Zia (USA),2004-2004,2004,2004,1,2,2,0,9,8,8,0,4.5,57,15.78,0,0,0,4.5,0,0,9.012
JA Snow (ENG),1971-1975,1971,1975,5,9,4,2,9,5*,5,1,4.5,41,21.95,0,0,0,1,0,0,11.48
OP Stone (ENG),2018-2018,2018,2018,1,4,1,1,9,9*,9,1,-,7,128.57,0,0,0,2.25,0,0,#VALUE!
GP Sulzberger (NZ),2000-2000,2000,2000,1,3,2,1,9,6*,6,1,9,15,60,0,0,0,3,0,0,29.4
AJ Tudor (ENG),2002-2002,2002,2002,1,3,2,1,9,6,6,0,9,11,81.81,0,0,0,3,0,0,38.124
VB van Jaarsveld (SA),2009-2009,2009,2009,1,2,2,0,9,5,5,0,4.5,15,60,0,0,0,4.5,0,0,26.7
Zahid Hussain (CAN),2011-2011,2011,2011,1,2,2,1,9,7*,7,1,9,31,29.03,0,0,0,4.5,0,0,17.012
VR Aaron (INDIA),2011-2014,2011,2014,4,9,3,2,8,6*,6,1,8,15,53.33,0,0,1,0.89,0,0,26.132
Asif Iqbal (1) (UAE),2015-2015,2015,2015,1,1,1,0,8,8,8,0,8,8,100,0,0,0,8,0,0,44.8
RA Austin (WI),1978-1978,1978,1978,1,1,1,0,8,8,8,0,8,13,61.53,0,0,0,8,0,0,29.412
BS Browne (WI),1994-1994,1994,1994,1,4,3,2,8,8*,8,1,8,24,33.33,0,0,1,2,0,0,18.132
CJ Dala (SA),2018-2018,2018,2018,1,2,2,1,8,5,5,0,8,6,133.33,0,0,0,4,0,0,58.132
H Davids (SA),2013-2013,2013,2013,1,2,2,0,8,7,7,0,4,24,33.33,0,0,0,4,0,0,15.732
PA Desai (CAN),2010-2014,2010,2014,5,13,8,5,8,3*,3,1,2.66,55,14.54,0,0,2,0.62,0,0,7.412
R Dhanraj (WI),1994-1995,1994,1995,2,6,2,1,8,8,8,0,8,32,25,0,0,0,1.33,0,0,14.8
P Dharmani (INDIA),1996-1996,1996,1996,1,1,1,0,8,8,8,0,8,8,100,0,0,0,8,0,0,44.8
TL Fernando (SL),1989-1989,1989,1989,1,1,1,0,8,8,8,0,8,6,133.33,0,0,0,8,0,0,58.132
JC Gamage (SL),1995-1995,1995,1995,1,4,2,2,8,7*,7,1,-,9,88.88,0,0,0,2,0,0,#VALUE!
Gholam Nousher (BDESH),1986-1990,1986,1990,5,9,3,2,8,4,4,0,8,16,50,0,0,0,0.89,0,0,24.8
Hafizur Rahman (BDESH),1986-1986,1986,1986,1,2,1,0,8,8,8,0,8,24,33.33,0,0,0,4,0,0,18.132
ND Hirwani (INDIA),1988-1992,1988,1992,5,18,7,3,8,4,4,0,2,29,27.58,0,0,2,0.44,0,0,12.232
KH Butt (HKG),2008-2008,2008,2008,1,2,2,0,8,4,4,0,4,28,28.57,0,0,0,4,0,0,13.828
ACI Lock (ZIM),1996-1996,1996,1996,1,8,3,2,8,5,5,0,8,20,40,0,0,0,1,0,0,20.8
MA Lynch (ENG),1988-1988,1988,1988,1,3,3,0,8,6,6,0,2.66,32,25,0,0,1,2.67,0,0,11.596
CS Martin (NZ),2001-2008,2001,2008,8,20,7,2,8,3,3,0,1.6,27,29.62,0,0,2,0.4,0,0,12.808
EZ Matambanadzo (ZIM),1996-1997,1996,1997,2,7,5,3,8,5*,5,1,4,33,24.24,0,0,1,1.14,0,0,12.096
MG Neser (AUS),2018-2018,2018,2018,1,2,2,0,8,6,6,0,4,16,50,0,0,0,4,0,0,22.4
A Nortje (SA),2019-2019,2019,2019,1,4,1,0,8,8,8,0,8,18,44.44,0,0,0,2,0,0,22.576
PDRL Perera (SL),1999-2007,1999,2007,9,19,7,2,8,4*,4,1,1.6,18,44.44,0,0,4,0.42,0,0,18.736
Rahat Ali (PAK),2012-2016,2012,2016,5,14,7,4,8,6*,6,1,2.66,37,21.62,0,0,2,0.57,0,0,10.244
SS Raul (INDIA),1998-1998,1998,1998,1,2,2,0,8,8,8,0,4,14,57.14,0,0,1,4,0,0,25.256
CA Reid (USA),2004-2004,2004,2004,1,2,2,0,8,6,6,0,4,17,47.05,0,0,0,4,0,0,21.22
RL Sanghvi (INDIA),1998-1998,1998,1998,1,10,2,0,8,8,8,0,4,11,72.72,0,0,1,0.8,0,0,31.488
VRV Singh (INDIA),2006-2006,2006,2006,1,2,1,0,8,8,8,0,8,13,61.53,0,0,0,4,0,0,29.412
Sohail Butt (UAE),1994-1994,1994,1994,1,2,2,1,8,6*,6,1,8,14,57.14,0,0,0,4,0,0,27.656
DS Steele (ENG),1976-1976,1976,1976,1,1,1,0,8,8,8,0,8,12,66.66,0,0,0,8,0,0,31.464
DM Vonhagt (SL),1985-1985,1985,1985,1,1,1,0,8,8,8,0,8,17,47.05,0,0,0,8,0,0,23.62
HS Williams (SA),1999-2000,1999,2000,2,7,2,1,8,7,7,0,8,11,72.72,0,0,0,1.14,0,0,33.888
NP Kenjige (USA),2019-2019,2019,2019,1,4,2,2,7,6*,6,1,-,3,233.33,0,0,0,1.75,0,0,#VALUE!
RW Ali (KENYA),1996-1997,1996,1997,2,9,3,3,7,6*,6,1,-,28,25,0,0,0,0.78,0,0,#VALUE!
J Cameron-Dow (IRE),2019-2019,2019,2019,1,4,1,1,7,7*,7,1,-,10,70,0,0,0,1.75,0,0,#VALUE!
KG Duers (ZIM),1992-1992,1992,1992,1,6,2,1,7,5,5,0,7,20,35,0,0,0,1.17,0,0,18.2
Fazl-e-Akbar (PAK),1998-2001,1998,2001,4,2,1,0,7,7,7,0,7,8,87.5,0,0,0,3.5,0,0,39.2
WCA Ganegama (SL),2001-2006,2001,2006,6,4,2,0,7,7,7,0,3.5,9,77.77,0,0,1,1.75,0,0,33.208
DM Gondaria (KENYA),2013-2013,2013,2013,1,2,2,0,7,6,6,0,3.5,45,15.55,0,0,0,3.5,0,0,8.32
JOA Gordon (CAN),2012-2014,2012,2014,3,5,4,2,7,4,4,0,3.5,28,25,0,0,0,1.4,0,0,12.1
VR Hogg (ZIM),1983-1983,1983,1983,1,2,1,1,7,7*,7,1,-,19,36.84,0,0,0,3.5,0,0,#VALUE!
AG Hurst (AUS),1975-1979,1975,1979,5,8,4,4,7,3*,3,1,-,19,36.84,0,0,0,0.88,0,0,#VALUE!
Izatullah Dawlatzai (AFG),2010-2015,2010,2015,6,5,3,1,7,6*,6,1,3.5,27,25.92,0,0,1,1.4,0,0,12.468
SD Jack (SA),1994-1995,1994,1995,2,2,2,0,7,6,6,0,3.5,8,87.5,0,0,0,3.5,0,0,37.1
Jahangir Alam Talukdar (BDESH),1990-1990,1990,1990,1,2,1,1,7,7*,7,1,-,16,43.75,0,0,0,3.5,0,0,#VALUE!
MKGCP Lakshitha (SL),2002-2003,2002,2003,2,7,2,1,7,4,4,0,7,12,58.33,0,0,0,1,0,0,27.532
Liaqat Ali (PAK),1977-1978,1977,1978,2,3,1,0,7,7,7,0,7,31,22.58,0,0,0,2.33,0,0,13.232
DSK Madushanka (SL),2018-2018,2018,2018,1,1,1,0,7,7,7,0,7,6,116.66,0,0,0,7,0,0,50.864
GA Manou (AUS),2009-2009,2009,2009,1,4,1,0,7,7,7,0,7,6,116.66,0,0,0,1.75,0,0,50.864
PL Mhambrey (INDIA),1996-1998,1996,1998,3,3,1,1,7,7*,7,1,-,5,140,0,0,0,2.33,0,0,#VALUE!
EA Moseley (WI),1990-1991,1990,1991,2,9,6,2,7,2*,2,1,1.75,15,46.66,0,0,2,0.78,0,0,19.714
JK Moss (AUS),1979-1979,1979,1979,1,1,1,0,7,7,7,0,7,16,43.75,0,0,0,7,0,0,21.7
Nazmul Islam (BDESH),2018-2018,2018,2018,1,5,1,0,7,7,7,0,7,13,53.84,0,0,0,1.4,0,0,25.736
M Pushpakumara (SL),2009-2010,2009,2010,2,3,1,1,7,7*,7,1,-,19,36.84,0,0,0,2.33,0,0,#VALUE!
RA Reifer (WI),2019-2019,2019,2019,1,2,1,0,7,7,7,0,7,12,58.33,0,0,0,3.5,0,0,27.532
IDK Salisbury (ENG),1993-1994,1993,1994,2,4,2,1,7,5,5,0,7,12,58.33,0,0,0,1.75,0,0,27.532
BM Scholtz (NAM),2019-2019,2019,2019,1,5,3,2,7,6,6,0,7,21,33.33,0,0,0,1.4,0,0,17.532
K Shuttleworth (ENG),1971-1971,1971,1971,1,1,1,0,7,7,7,0,7,19,36.84,0,0,0,7,0,0,18.936
EHSN Silva (UAE),2008-2008,2008,2008,1,1,1,0,7,7,7,0,7,13,53.84,0,0,0,7,0,0,25.736
NA Statham (NL),2003-2009,2003,2009,7,3,3,0,7,7,7,0,2.33,50,14,0,0,2,2.33,0,0,6.998
RJW Topley (ENG),2015-2016,2015,2016,2,10,5,4,7,6,6,0,7,40,17.5,0,0,0,0.7,0,0,11.2
RF van Oosterom (NL),1996-2002,1996,2002,7,3,3,2,7,5*,5,1,7,27,25.92,0,0,1,2.33,0,0,14.568
SG Whittingham (SCOT),2017-2019,2017,2019,3,5,4,2,7,3*,3,1,3.5,17,41.17,0,0,0,1.4,0,0,18.568
T Yohannan (INDIA),2002-2002,2002,2002,1,3,2,2,7,5*,5,1,-,11,63.63,0,0,0,2.33,0,0,#VALUE!
MKDI Amerasinghe (SL),2007-2008,2007,2008,2,8,4,4,6,5*,5,1,-,9,66.66,0,0,0,0.75,0,0,#VALUE!
Bhupinder Singh snr (INDIA),1994-1994,1994,1994,1,2,1,0,6,6,6,0,6,13,46.15,0,0,0,3,0,0,22.06
IW Callen (AUS),1978-1982,1978,1982,5,5,3,2,6,3*,3,1,6,13,46.15,0,0,1,1.2,0,0,22.06
GD Campbell (AUS),1989-1990,1989,1990,2,12,3,1,6,4*,4,1,3,19,31.57,0,0,1,0.5,0,0,14.428
U Chatterjee (INDIA),1995-1995,1995,1995,1,3,2,1,6,3*,3,1,6,30,20,0,0,0,2,0,0,11.6
MT Chinouya (ZIM),2013-2013,2013,2013,1,2,2,1,6,6*,6,1,6,8,75,0,0,1,3,0,0,33.6
DDP D'Silva (UAE),2019-2019,2019,2019,1,3,2,0,6,4,4,0,3,14,42.85,0,0,0,2,0,0,18.94
WP Diepeveen (NL),2011-2011,2011,2011,1,1,1,0,6,6,6,0,6,7,85.71,0,0,0,6,0,0,37.884
SO Dowrich (WI),2019-2019,2019,2019,1,1,1,0,6,6,6,0,6,8,75,0,0,0,6,0,0,33.6
CE Eksteen (SA),1991-1994,1991,1994,4,6,2,2,6,6*,6,1,-,25,24,0,0,0,1,0,0,#VALUE!
Fahim Muntasir (BDESH),2001-2002,2001,2002,2,3,3,1,6,5,5,0,3,17,35.29,0,0,1,2,0,0,15.916
AP Grayson (ENG),2000-2001,2000,2001,2,2,2,0,6,6,6,0,3,13,46.15,0,0,1,3,0,0,20.26
Harilal Shah (EAf),1975-1975,1975,1975,1,3,3,0,6,6,6,0,2,56,10.71,0,0,2,2,0,0,5.484
Harvinder Singh (INDIA),1997-2001,1997,2001,5,16,5,1,6,3*,3,1,1.5,19,31.57,0,0,1,0.38,0,0,13.528
M Hendrick (ENG),1973-1981,1973,1981,9,22,10,5,6,2*,2,1,1.2,22,27.27,0,0,3,0.27,0,0,11.628
CC Henry (CAN),1979-1979,1979,1979,1,2,2,1,6,5,5,0,6,14,42.85,0,0,0,3,0,0,20.74
P Krishnamurthy (INDIA),1976-1976,1976,1976,1,1,1,0,6,6,6,0,6,13,46.15,0,0,0,6,0,0,22.06
MJ North (AUS),2009-2009,2009,2009,1,2,2,0,6,5,5,0,3,19,31.57,0,0,0,3,0,0,14.428
LN Oluoch (KENYA),2011-2011,2011,2011,1,2,2,1,6,5*,5,1,6,6,100,0,0,0,3,0,0,43.6
AK Patel (INDIA),1984-1985,1984,1985,2,8,2,0,6,6,6,0,3,11,54.54,0,0,1,0.75,0,0,23.616
DB Rundle (SA),1994-1994,1994,1994,1,2,2,0,6,6,6,0,3,11,54.54,0,0,1,3,0,0,23.616
R Shepherd (WI),2019-2019,2019,2019,1,3,1,0,6,6,6,0,6,9,66.66,0,0,0,2,0,0,30.264
Usman Shinwari (PAK),2017-2019,2017,2019,3,17,4,1,6,6,6,0,2,7,85.71,0,0,2,0.35,0,0,35.484
RJ Webb (NZ),1983-1983,1983,1983,1,3,1,1,6,6*,6,1,-,10,60,0,0,0,2,0,0,#VALUE!
DJ Worrall (AUS),2016-2016,2016,2016,1,3,1,1,6,6*,6,1,-,4,150,0,0,0,2,0,0,#VALUE!
Aijaz Ali (USA),2004-2004,2004,2004,1,2,2,0,5,4,4,0,2.5,11,45.45,0,0,0,2.5,0,0,19.68
RT Crandon (WI),2009-2009,2009,2009,1,1,1,0,5,5,5,0,5,9,55.55,0,0,0,5,0,0,25.22
N Fernandes (UAE),2008-2008,2008,2008,1,1,1,0,5,5,5,0,5,13,38.46,0,0,0,5,0,0,18.384
R Illingworth (ENG),1971-1973,1971,1973,3,3,2,0,5,4,4,0,2.5,18,27.77,0,0,0,1.67,0,0,12.608
Jalal-ud-Din (PAK),1982-1983,1982,1983,2,8,2,0,5,5,5,0,2.5,5,100,0,0,1,0.63,0,0,41.5
Jubair Hossain (BDESH),2014-2015,2014,2015,2,3,1,0,5,5,5,0,5,9,55.55,0,0,0,1.67,0,0,25.22
Khalid Khan (HKG),2004-2004,2004,2004,1,2,2,0,5,3,3,0,2.5,8,62.5,0,0,0,2.5,0,0,26.5
H McLeod (EAf),1975-1975,1975,1975,1,2,2,0,5,5,5,0,2.5,10,50,0,0,1,2.5,0,0,21.5
Mansoor Amjad (PAK),2008-2008,2008,2008,1,1,1,0,5,5,5,0,5,10,50,0,0,0,5,0,0,23
Maqsood Rana (PAK),1990-1990,1990,1990,1,1,1,0,5,5,5,0,5,13,38.46,0,0,0,5,0,0,18.384
Najeeb Tarakai (AFG),2017-2017,2017,2017,1,1,1,0,5,5,5,0,5,18,27.77,0,0,0,5,0,0,14.108
Naumanullah (PAK),2008-2008,2008,2008,1,1,1,0,5,5,5,0,5,4,125,0,0,0,5,0,0,53
Neeyamur Rashid (BDESH),1999-1999,1999,1999,1,2,2,1,5,4*,4,1,5,5,100,0,0,0,2.5,0,0,43
DJ Pringle (EAf),1975-1975,1975,1975,1,2,2,0,5,3,3,0,2.5,15,33.33,0,0,0,2.5,0,0,14.832
LN Rajbanshi (NEPAL),2019-2019,2019,2019,1,3,2,2,5,3*,3,1,-,20,25,0,0,0,1.67,0,0,#VALUE!
D Ramnarine (WI),1997-2001,1997,2001,5,4,3,0,5,2,2,0,1.66,13,38.46,0,0,0,1.25,0,0,16.38
Sajjad Akbar (PAK),1990-1990,1990,1990,1,2,1,0,5,5,5,0,5,9,55.55,0,0,0,2.5,0,0,25.22
L Sivaramakrishnan (INDIA),1985-1987,1985,1987,3,16,4,2,5,2*,2,1,2.5,24,20.83,0,0,0,0.31,0,0,9.832
G Snyman (NAM),2003-2003,2003,2003,1,5,4,0,5,5,5,0,1.25,9,55.55,0,0,3,1,0,0,22.97
Talha Jubair (BDESH),2002-2003,2002,2003,2,6,5,3,5,4*,4,1,2.5,15,33.33,0,0,2,0.83,0,0,14.832
Tanbir Hayder (BDESH),2016-2016,2016,2016,1,2,2,0,5,3,3,0,2.5,16,31.25,0,0,0,2.5,0,0,14
DJ Terbrugge (SA),2000-2000,2000,2000,1,4,2,1,5,5,5,0,5,14,35.71,0,0,0,1.25,0,0,17.284
RK Whelan (IRE),2007-2007,2007,2007,1,2,2,0,5,5,5,0,2.5,12,41.66,0,0,1,2.5,0,0,18.164
Al-Amin Hossain (BDESH),2014-2015,2014,2015,2,14,7,5,4,2*,2,1,2,20,20,0,0,2,0.29,0,0,9.2
LS Bhandari (NEPAL),2018-2018,2018,2018,1,1,1,1,4,4*,4,1,-,9,44.44,0,0,0,4,0,0,#VALUE!
MI Black (WI),2001-2001,2001,2001,1,5,2,0,4,4,4,0,2,14,28.57,0,0,1,0.8,0,0,12.628
PS Eaglestone (IRE),2008-2008,2008,2008,1,1,1,0,4,4,4,0,4,3,133.33,0,0,0,4,0,0,55.732
Fawad Ahmed (AUS),2013-2013,2013,2013,1,3,1,1,4,4*,4,1,-,2,200,0,0,0,1.33,0,0,#VALUE!
PJ Franks (ENG),2000-2000,2000,2000,1,1,1,0,4,4,4,0,4,17,23.52,0,0,0,4,0,0,11.808
PLS Gamage (SL),2014-2017,2014,2017,4,9,5,3,4,3,3,0,2,27,14.81,0,0,0,0.44,0,0,7.124
D Ganesh (INDIA),1997-1997,1997,1997,1,1,1,0,4,4,4,0,4,8,50,0,0,0,4,0,0,22.4
WT Gavera (PNG),2014-2017,2014,2017,4,4,1,1,4,4*,4,1,-,6,66.66,0,0,0,1,0,0,#VALUE!
Z Groenewald (NAM),2019-2019,2019,2019,1,4,2,1,4,3,3,0,4,19,21.05,0,0,0,1,0,0,10.82
Gursharan Singh (INDIA),1990-1990,1990,1990,1,1,1,0,4,4,4,0,4,10,40,0,0,0,4,0,0,18.4
SD Heazlett (AUS),2017-2017,2017,2017,1,1,1,0,4,4,4,0,4,11,36.36,0,0,0,4,0,0,16.944
Jahangir Alam (BDESH),1997-1999,1997,1999,3,3,3,0,4,3,3,0,1.33,22,18.18,0,0,1,1.33,0,0,8.07
ML Lewis (AUS),2005-2006,2005,2006,2,7,1,1,4,4*,4,1,-,4,100,0,0,0,0.57,0,0,#VALUE!
CH Lonsdale (BMUDA),2007-2007,2007,2007,1,1,1,0,4,4,4,0,4,28,14.28,0,0,0,4,0,0,8.112
Mohammad Nazir (PAK),1980-1984,1980,1984,5,4,3,3,4,2*,2,1,-,16,25,0,0,0,1,0,0,#VALUE!
GK Pandey (INDIA),1999-1999,1999,1999,1,2,2,1,4,4*,4,1,4,11,36.36,0,0,1,2,0,0,16.944
PI Pocock (ENG),1985-1985,1985,1985,1,1,1,0,4,4,4,0,4,9,44.44,0,0,0,4,0,0,20.176
LN Roche (ZIM),2018-2018,2018,2018,1,3,2,0,4,4,4,0,2,10,40,0,0,1,1.33,0,0,17.2
AM Salvi (INDIA),2003-2003,2003,2003,1,4,3,1,4,4*,4,1,2,14,28.57,0,0,2,1,0,0,12.628
Samiur Rahman (BDESH),1986-1986,1986,1986,1,2,2,0,4,4,4,0,2,7,57.14,0,0,1,2,0,0,24.056
BB Seebaran (CAN),2003-2003,2003,2003,1,4,3,2,4,4*,4,1,4,13,30.76,0,0,1,1,0,0,14.704
Shahzad Khan (CAN),2007-2007,2007,2007,1,1,1,0,4,4,4,0,4,12,33.33,0,0,0,4,0,0,15.732
B Stanlake (AUS),2017-2019,2017,2019,3,7,5,2,4,2,2,0,1.33,28,14.28,0,0,1,0.57,0,0,6.51
RW Staple (USA),2004-2004,2004,2004,1,2,2,0,4,4,4,0,2,11,36.36,0,0,1,2,0,0,15.744
PJR Steyn (SA),1995-1995,1995,1995,1,1,1,0,4,4,4,0,4,14,28.57,0,0,0,4,0,0,13.828
R Sudhakar Rao (INDIA),1976-1976,1976,1976,1,1,1,0,4,4,4,0,4,14,28.57,0,0,0,4,0,0,13.828
S Sumar (EAf),1975-1975,1975,1975,1,1,1,0,4,4,4,0,4,11,36.36,0,0,0,4,0,0,16.944
Tanveer Ahmed (HKG),2016-2018,2016,2018,3,6,4,4,4,2*,2,1,-,11,36.36,0,0,0,0.67,0,0,#VALUE!
VAB Tewarie (NL),2011-2011,2011,2011,1,1,1,0,4,4,4,0,4,22,18.18,0,0,0,4,0,0,9.672
GS Trimble (AUS),1986-1986,1986,1986,1,2,2,1,4,4,4,0,4,5,80,0,0,0,2,0,0,34.4
T van der Gugten (NL),2012-2013,2012,2013,2,4,2,0,4,2,2,0,2,6,66.66,0,0,0,1,0,0,27.864
S Vesawkar (NEPAL),2018-2018,2018,2018,1,1,1,0,4,4,4,0,4,15,26.66,0,0,0,4,0,0,13.064
SL Watkin (ENG),1994-1994,1994,1994,1,4,2,0,4,4,4,0,2,23,17.39,0,0,1,1,0,0,8.156
UWMBCA Welegedara (SL),2009-2010,2009,2010,2,10,3,2,4,2*,2,1,4,9,44.44,0,0,0,0.4,0,0,20.176
RPAH Wickramaratne (SL),1993-1993,1993,1993,1,3,2,0,4,3,3,0,2,6,66.66,0,0,0,1.33,0,0,27.864
P Wilson (AUS),1997-1998,1997,1998,2,11,5,2,4,2,2,0,1.33,13,30.76,0,0,2,0.36,0,0,13.102
M Zondeki (Afr/SA),2002-2008,2002,2008,7,13,3,2,4,3*,3,1,4,5,80,0,0,1,0.31,0,0,34.4
SA Abbott (AUS),2014-2014,2014,2014,1,1,1,0,3,3,3,0,3,7,42.85,0,0,0,3,0,0,18.94
Abdullah Mazari (AFG),2010-2010,2010,2010,1,2,1,0,3,3,3,0,3,16,18.75,0,0,0,1.5,0,0,9.3
Ali Khan (USA),2019-2019,2019,2019,1,1,1,0,3,3,3,0,3,11,27.27,0,0,0,3,0,0,12.708
CR Amini (PNG),2014-2014,2014,2014,1,2,1,1,3,3*,3,1,-,3,100,0,0,0,1.5,0,0,#VALUE!
RA Bhatti (CAN),2011-2011,2011,2011,1,1,1,1,3,3*,3,1,-,4,75,0,0,0,3,0,0,#VALUE!
JWHD Boteju (SL),1999-1999,1999,1999,1,2,2,1,3,2,2,0,3,11,27.27,0,0,0,1.5,0,0,12.708
NR Dyer (SCOT),1999-1999,1999,1999,1,5,4,3,3,2*,2,1,3,14,21.42,0,0,1,0.6,0,0,10.368
D Gamage (SL),2003-2003,2003,2003,1,3,2,1,3,2*,2,1,3,10,30,0,0,0,1,0,0,13.8
LJ Hamilton (NZ),2005-2005,2005,2005,1,2,2,2,3,2*,2,1,-,6,50,0,0,0,1.5,0,0,#VALUE!
RT Hart (NZ),1985-1985,1985,1985,1,1,1,0,3,3,3,0,3,29,10.34,0,0,0,3,0,0,5.936
PD Heyn (SL),1975-1975,1975,1975,1,2,2,0,3,2,2,0,1.5,20,15,0,0,0,1.5,0,0,6.9
Ijaz Ahmed jnr (PAK),1997-1997,1997,1997,1,2,1,1,3,3*,3,1,-,2,150,0,0,0,1.5,0,0,#VALUE!
Junaid Siddique (UAE),2019-2019,2019,2019,1,3,2,1,3,2,2,0,3,10,30,0,0,0,1,0,0,13.8
CK Kruger (HKG),2008-2008,2008,2008,1,2,2,0,3,3,3,0,1.5,20,15,0,0,1,1.5,0,0,6.9
Mahbubur Rahman (BDESH),1999-1999,1999,1999,1,1,1,0,3,3,3,0,3,8,37.5,0,0,0,3,0,0,16.8
Mazharul Haque (BDESH),2002-2002,2002,2002,1,1,1,0,3,3,3,0,3,18,16.66,0,0,0,3,0,0,8.464
MC Mendis (SL),1995-1995,1995,1995,1,1,1,1,3,3*,3,1,-,2,150,0,0,0,3,0,0,#VALUE!
CT Mumba (ZIM),2016-2017,2016,2017,2,2,2,1,3,2*,2,1,3,7,42.85,0,0,0,1.5,0,0,18.94
DJ Murray (NZ),1994-1994,1994,1994,1,1,1,0,3,3,3,0,3,17,17.64,0,0,0,3,0,0,8.856
SV Nayak (INDIA),1981-1982,1981,1982,2,4,1,0,3,3,3,0,3,19,15.78,0,0,0,0.75,0,0,8.112
IE O'Brien (NZ),2008-2009,2008,2009,2,10,2,2,3,3*,3,1,-,11,27.27,0,0,0,0.3,0,0,#VALUE!
Pankaj Singh (INDIA),2010-2010,2010,2010,1,1,1,1,3,3*,3,1,-,3,100,0,0,0,3,0,0,#VALUE!
JM Patel (CAN),1979-1979,1979,1979,1,3,3,0,3,2,2,0,1,23,13.04,0,0,1,1,0,0,5.816
MJ Petrie (SCOT),2009-2009,2009,2009,1,4,2,0,3,3,3,0,1.5,18,16.66,0,0,1,0.75,0,0,7.564
GD Porter (AUS),1979-1979,1979,1979,1,2,1,0,3,3,3,0,3,9,33.33,0,0,0,1.5,0,0,15.132
U Ranchod (ZIM),1992-1993,1992,1993,2,3,1,1,3,3*,3,1,-,6,50,0,0,0,1,0,0,#VALUE!
RE Redmond (NZ),1973-1973,1973,1973,1,2,1,0,3,3,3,0,3,11,27.27,0,0,0,1.5,0,0,12.708
Sagar Pun (NEPAL),2018-2018,2018,2018,1,1,1,0,3,3,3,0,3,20,15,0,0,0,3,0,0,7.8
A Shamshudeen (CAN),2007-2007,2007,2007,1,1,1,0,3,3,3,0,3,28,10.71,0,0,0,3,0,0,6.084
CEL Stuart (WI),2001-2001,2001,2001,1,5,1,1,3,3*,3,1,-,13,23.07,0,0,0,0.6,0,0,#VALUE!
Usman Mushtaq (UAE),2015-2015,2015,2015,1,1,1,0,3,3,3,0,3,7,42.85,0,0,0,3,0,0,18.94
JN Valentine (CAN),1979-1979,1979,1979,1,3,2,2,3,3*,3,1,-,17,17.64,0,0,0,1,0,0,#VALUE!
CJPG van Zyl (SA),1992-1992,1992,1992,1,2,2,1,3,3*,3,1,3,11,27.27,0,0,1,1.5,0,0,12.708
Yamin Ahmadzai (AFG),2015-2019,2015,2019,5,4,2,1,3,3*,3,1,3,19,15.78,0,0,1,0.75,0,0,8.112
Zahid Ahmed (PAK),1987-1987,1987,1987,1,2,2,1,3,3*,3,1,3,13,23.07,0,0,1,1.5,0,0,11.028
MZ Zahir (CAN),2009-2009,2009,2009,1,1,1,1,3,3*,3,1,-,13,23.07,0,0,0,3,0,0,#VALUE!
Zakiullah Zaki (AFG),2012-2012,2012,2012,1,1,1,1,3,3*,3,1,-,22,13.63,0,0,0,3,0,0,#VALUE!
JP Agnew (ENG),1985-1985,1985,1985,1,3,1,1,2,2*,2,1,-,3,66.66,0,0,0,0.67,0,0,#VALUE!
Ahmed Shah (AFG),2009-2009,2009,2009,1,1,1,0,2,2,2,0,2,10,20,0,0,0,2,0,0,9.2
Anisur Rahman (BDESH),1995-1998,1995,1998,4,2,2,0,2,2,2,0,1,11,18.18,0,0,1,1,0,0,7.872
HWR Cartwright (AUS),2017-2017,2017,2017,1,2,2,0,2,1,1,0,1,23,8.69,0,0,0,1,0,0,4.076
DJ Cullen (AUS),2006-2006,2006,2006,1,5,1,1,2,2*,2,1,-,3,66.66,0,0,0,0.4,0,0,#VALUE!
BR Dorey (AUS),2006-2006,2006,2006,1,4,1,0,2,2,2,0,2,8,25,0,0,0,0.5,0,0,11.2
WJ Edwards (AUS),1975-1975,1975,1975,1,1,1,0,2,2,2,0,2,14,14.28,0,0,0,2,0,0,6.912
Elias Sunny (BDESH),2011-2012,2011,2012,2,4,4,2,2,1*,1,1,1,11,18.18,0,0,1,0.5,0,0,7.872
Fahad Nawaz (UAE),2019-2019,2019,2019,1,2,2,0,2,2,2,0,1,10,20,0,0,1,1,0,0,8.6
PG Gillespie (IRE),2006-2007,2006,2007,2,5,4,0,2,2,2,0,0.5,14,14.28,0,0,3,0.4,0,0,6.012
AAW Gunawardena (SL),1994-1994,1994,1994,1,1,1,0,2,2,2,0,2,10,20,0,0,0,2,0,0,9.2
R Hekure (PNG),2019-2019,2019,2019,1,1,1,0,2,2,2,0,2,8,25,0,0,0,2,0,0,11.2
BE Hendricks (SA),2019-2019,2019,2019,1,4,1,1,2,2*,2,1,-,8,25,0,0,0,0.5,0,0,#VALUE!
KC Hodsoll (BMUDA),2007-2008,2007,2008,2,3,2,1,2,2*,2,1,2,7,28.57,0,0,1,0.67,0,0,12.628
Hussain Talat (PAK),2019-2019,2019,2019,1,1,1,0,2,2,2,0,2,14,14.28,0,0,0,2,0,0,6.912
Ibrahim Zadran (AFG),2019-2019,2019,2019,1,1,1,0,2,2,2,0,2,9,22.22,0,0,0,2,0,0,10.088
Irfan Sajid (UAE),2014-2014,2014,2014,1,1,1,0,2,2,2,0,2,5,40,0,0,0,2,0,0,17.2
Junaid Zia (PAK),2003-2003,2003,2003,1,4,2,1,2,2*,2,1,2,7,28.57,0,0,1,0.5,0,0,12.628
K Kamyuka (CAN),2013-2013,2013,2013,1,2,1,0,2,2,2,0,2,2,100,0,0,0,1,0,0,41.2
Kashif Raza (PAK),2001-2001,2001,2001,1,1,1,1,2,2*,2,1,-,2,100,0,0,0,2,0,0,#VALUE!
RJ Kirtley (ENG),2001-2004,2001,2004,4,11,2,0,2,1,1,0,1,11,18.18,0,0,0,0.18,0,0,7.872
Masood Iqbal (PAK),1984-1984,1984,1984,1,1,1,0,2,2,2,0,2,2,100,0,0,0,2,0,0,41.2
SC Meaker (ENG),2011-2011,2011,2011,1,2,2,0,2,1,1,0,1,16,12.5,0,0,0,1,0,0,5.6
DWO Morgan (BMUDA),2006-2006,2006,2006,1,2,2,0,2,1,1,0,1,11,18.18,0,0,0,1,0,0,7.872
Morshed Ali Khan (BDESH),1998-1998,1998,1998,1,3,1,1,2,2*,2,1,-,4,50,0,0,0,0.67,0,0,#VALUE!
SP Mukherjee (INDIA),1990-1991,1990,1991,2,3,1,1,2,2*,2,1,-,2,100,0,0,0,0.67,0,0,#VALUE!
Nadeem Khan (PAK),1993-1995,1993,1995,3,2,1,0,2,2,2,0,2,3,66.66,0,0,0,1,0,0,27.864
Nasir Javed (USA),2004-2004,2004,2004,1,1,1,1,2,2*,2,1,-,19,10.52,0,0,0,2,0,0,#VALUE!
DR O'Sullivan (NZ),1974-1976,1974,1976,3,3,2,1,2,1*,1,1,2,5,40,0,0,0,0.67,0,0,17.2
R Pathan (CAN),2013-2013,2013,2013,1,1,1,0,2,2,2,0,2,9,22.22,0,0,0,2,0,0,10.088
MR Pydanna (WI),1980-1983,1980,1983,4,3,1,1,2,2*,2,1,-,3,66.66,0,0,0,0.67,0,0,#VALUE!
ACL Richards (WI),2007-2007,2007,2007,1,1,1,0,2,2,2,0,2,2,100,0,0,0,2,0,0,41.2
Sameer Zia (UAE),2004-2004,2004,2004,1,1,1,1,2,2*,2,1,-,20,10,0,0,0,2,0,0,#VALUE!
JNK Shannon (IRE),2013-2013,2013,2013,1,1,1,0,2,2,2,0,2,8,25,0,0,0,2,0,0,11.2
GJ Thompson (IRE),2008-2008,2008,2008,1,3,2,0,2,2,2,0,1,21,9.52,0,0,1,0.67,0,0,4.408
PIC Thompson (WI),1997-1997,1997,1997,1,2,1,0,2,2,2,0,2,7,28.57,0,0,0,1,0,0,12.628
MS Tshabalala (SA),2007-2007,2007,2007,1,4,1,1,2,2*,2,1,-,3,66.66,0,0,0,0.5,0,0,#VALUE!
AP Weerakkody (SL),1994-1994,1994,1994,1,1,1,0,2,2,2,0,2,4,50,0,0,0,2,0,0,21.2
MD Wettimuny (SL),1983-1983,1983,1983,1,1,1,0,2,2,2,0,2,11,18.18,0,0,0,2,0,0,8.472
DF Whatmore (AUS),1980-1980,1980,1980,1,1,1,0,2,2,2,0,2,6,33.33,0,0,0,2,0,0,14.532
AGD Wickremasinghe (SL),1992-1993,1992,1993,2,4,1,0,2,2,2,0,2,10,20,0,0,0,0.5,0,0,9.2
Abdul Rehman (UAE),2004-2004,2004,2004,1,1,1,0,1,1,1,0,1,13,7.69,0,0,0,1,0,0,3.676
Abu Hider (BDESH),2018-2018,2018,2018,1,2,1,0,1,1,1,0,1,11,9.09,0,0,0,0.5,0,0,4.236
Alawi Shukri (UAE),2008-2008,2008,2008,1,1,1,0,1,1,1,0,1,3,33.33,0,0,0,1,0,0,13.932
Aminul Islam jnr (BDESH),1999-1999,1999,1999,1,1,1,1,1,1*,1,1,-,0,-,0,0,0,1,0,0,#VALUE!
PJ Bakker (NL),1996-1996,1996,1996,1,5,1,1,1,1*,1,1,-,4,25,0,0,0,0.2,0,0,#VALUE!
KMC Bandara (SL),2016-2016,2016,2016,1,1,1,1,1,1*,1,1,-,3,33.33,0,0,0,1,0,0,#VALUE!
Bilal Khan (OMAN),2019-2019,2019,2019,1,4,2,1,1,1*,1,1,1,7,14.28,0,0,1,0.25,0,0,6.312
GA Cope (ENG),1977-1978,1977,1978,2,2,1,1,1,1*,1,1,-,1,100,0,0,0,0.5,0,0,#VALUE!
MC Cowdrey (ENG),1971-1971,1971,1971,1,1,1,0,1,1,1,0,1,5,20,0,0,0,1,0,0,8.6
CI Dunusinghe (SL),1995-1995,1995,1995,1,1,1,0,1,1,1,0,1,1,100,0,0,0,1,0,0,40.6
MTG Elliott (AUS),1997-1997,1997,1997,1,1,1,0,1,1,1,0,1,6,16.66,0,0,0,1,0,0,7.264
Fareed Ahmad (AFG),2014-2017,2014,2017,4,5,2,2,1,1*,1,1,-,6,16.66,0,0,0,0.2,0,0,#VALUE!
RS Ghai (INDIA),1984-1986,1984,1986,3,6,1,0,1,1,1,0,1,3,33.33,0,0,0,0.17,0,0,13.932
Gurdeep Singh (KENYA),2013-2013,2013,2013,1,1,1,0,1,1,1,0,1,23,4.34,0,0,0,1,0,0,2.336
Iqbal Sikander (PAK),1992-1992,1992,1992,1,4,1,1,1,1*,1,1,-,3,33.33,0,0,0,0.25,0,0,#VALUE!
SA Jayasinghe (SL),1979-1979,1979,1979,1,2,1,0,1,1,1,0,1,3,33.33,0,0,0,0.5,0,0,13.932
SP Jones (ENG),2004-2005,2004,2005,2,8,1,0,1,1,1,0,1,2,50,0,0,0,0.13,0,0,20.6
S Kaul (INDIA),2018-2018,2018,2018,1,3,2,0,1,1,1,0,0.5,3,33.33,0,0,1,0.33,0,0,13.632
B Laughlin (AUS),2009-2009,2009,2009,1,5,1,1,1,1*,1,1,-,9,11.11,0,0,0,0.2,0,0,#VALUE!
SCG MacGill (AUS),2000-2000,2000,2000,1,3,2,1,1,1,1,0,1,3,33.33,0,0,0,0.33,0,0,13.932
Mahmood Hamid (PAK),1995-1995,1995,1995,1,1,1,0,1,1,1,0,1,6,16.66,0,0,0,1,0,0,7.264
GJ McCarter (IRE),2014-2014,2014,2014,1,1,1,1,1,1*,1,1,-,1,100,0,0,0,1,0,0,#VALUE!
JM Mennie (AUS),2016-2016,2016,2016,1,2,2,0,1,1,1,0,0.5,4,25,0,0,1,0.5,0,0,10.3
Mohammad Kashif (NL),2006-2010,2006,2010,5,11,3,0,1,1,1,0,0.33,17,5.88,0,0,2,0.09,0,0,2.55
Moniruzzaman (BDESH),2003-2003,2003,2003,1,2,2,0,1,1,1,0,0.5,20,5,0,0,1,0.5,0,0,2.3
PV Mpitsang (SA),1999-1999,1999,1999,1,2,1,1,1,1*,1,1,-,1,100,0,0,0,0.5,0,0,#VALUE!
M Mulla (CAN),2007-2007,2007,2007,1,1,1,0,1,1,1,0,1,11,9.09,0,0,0,1,0,0,4.236
W Mwayenga (ZIM),2002-2004,2002,2004,3,3,2,0,1,1,1,0,0.5,11,9.09,0,0,1,0.33,0,0,3.936
DP Nannes (AUS),2009-2009,2009,2009,1,1,1,0,1,1,1,0,1,2,50,0,0,0,1,0,0,20.6
Nasim-ul-Ghani (PAK),1973-1973,1973,1973,1,1,1,0,1,1,1,0,1,8,12.5,0,0,0,1,0,0,5.6
NV Ojha (INDIA),2010-2010,2010,2010,1,1,1,0,1,1,1,0,1,7,14.28,0,0,0,1,0,0,6.312
G Onions (ENG),2009-2009,2009,2009,1,4,1,0,1,1,1,0,1,2,50,0,0,0,0.25,0,0,20.6
KA Patel (KENYA),2006-2006,2006,2006,1,2,2,1,1,1*,1,1,1,4,25,0,0,1,0.5,0,0,10.6
Y Punja (UAE),2015-2015,2015,2015,1,1,1,0,1,1,1,0,1,6,16.66,0,0,0,1,0,0,7.264
RR Ramdass (WI),2005-2005,2005,2005,1,1,1,0,1,1,1,0,1,9,11.11,0,0,0,1,0,0,5.044
SJ Roberts (NZ),1990-1990,1990,1990,1,2,1,1,1,1*,1,1,-,2,50,0,0,0,0.5,0,0,#VALUE!
LC Romero (USA),2004-2004,2004,2004,1,2,2,0,1,1,1,0,0.5,7,14.28,0,0,1,0.5,0,0,6.012
R Sharma (INDIA),2011-2012,2011,2012,2,4,1,0,1,1,1,0,1,2,50,0,0,0,0.25,0,0,20.6
KJ Silva (SL),1995-1995,1995,1995,1,1,1,1,1,1*,1,1,-,1,100,0,0,0,1,0,0,#VALUE!
AM Stuart (AUS),1997-1997,1997,1997,1,3,1,0,1,1,1,0,1,7,14.28,0,0,0,0.33,0,0,6.312
Subashis Roy (BDESH),2016-2016,2016,2016,1,1,1,1,1,1*,1,1,-,9,11.11,0,0,0,1,0,0,#VALUE!
JP Taylor (ENG),1993-1993,1993,1993,1,1,1,0,1,1,1,0,1,8,12.5,0,0,0,1,0,0,5.6
LB Taylor (ENG),1986-1986,1986,1986,1,2,1,1,1,1*,1,1,-,6,16.66,0,0,0,0.5,0,0,#VALUE!
JG Thomas (ENG),1986-1987,1986,1987,2,3,3,2,1,1*,1,1,1,7,14.28,0,0,1,0.33,0,0,6.312
S Tyagi (INDIA),2009-2010,2009,2010,2,4,1,1,1,1*,1,1,-,2,50,0,0,0,0.25,0,0,#VALUE!
KPJ Warnaweera (SL),1990-1993,1990,1993,4,6,3,3,1,1*,1,1,-,11,9.09,0,0,0,0.17,0,0,#VALUE!
BA Westdijk (NL),2011-2011,2011,2011,1,4,3,1,1,1*,1,1,0.5,6,16.66,0,0,2,0.25,0,0,6.964
J Yadav (INDIA),2016-2016,2016,2016,1,1,1,1,1,1*,1,1,-,1,100,0,0,0,1,0,0,#VALUE!
NS Yadav (INDIA),1986-1987,1986,1987,2,7,2,2,1,1*,1,1,-,16,6.25,0,0,0,0.14,0,0,#VALUE!
B Yograj Singh (INDIA),1980-1981,1980,1981,2,6,4,2,1,1,1,0,0.5,12,8.33,0,0,1,0.17,0,0,3.632
Yunus Badat (EAf),1975-1975,1975,1975,1,2,2,0,1,1,1,0,0.5,7,14.28,0,0,1,0.5,0,0,6.012
Aman Ali (UAE),2008-2008,2008,2008,1,1,1,0,0,0,0,0,0,2,0,0,0,1,0,0,0,0
J Angel (AUS),1994-1995,1994,1995,2,3,1,0,0,0,0,0,0,3,0,0,0,1,0,0,0,0
Anwar Hossain Monir (BDESH),2002-2002,2002,2002,1,1,1,1,0,0*,0,1,-,8,0,0,0,0,0,0,0,#VALUE!
S Baksh (CAN),1979-1979,1979,1979,1,1,1,0,0,0,0,0,0,6,0,0,0,1,0,0,0,0
MRCN Bandaratilleke (SL),1998-1998,1998,1998,1,3,1,0,0,0,0,0,0,2,0,0,0,1,0,0,0,0
JE Benjamin (ENG),1994-1995,1994,1995,2,2,1,0,0,0,0,0,0,6,0,0,0,1,0,0,0,0
A Bhandari (INDIA),2000-2004,2000,2004,5,2,1,1,0,0*,0,1,-,0,-,0,0,0,0,0,0,#VALUE!
DL Blake (USA),2004-2004,2004,2004,1,1,1,0,0,0,0,0,0,2,0,0,0,1,0,0,0,0
BP Bracewell (NZ),1978-1978,1978,1978,1,1,1,1,0,0*,0,1,-,4,0,0,0,0,0,0,0,#VALUE!
RG Callender (CAN),1979-1979,1979,1979,1,2,2,0,0,0,0,0,0,5,0,0,0,2,0,0,0,0
NM Carter (SCOT),2013-2013,2013,2013,1,3,1,0,0,0,0,0,0,6,0,0,0,1,0,0,0,0
K Christie (HKG),2016-2016,2016,2016,1,1,1,0,0,0,0,0,0,3,0,0,0,1,0,0,0,0
Fahad Alhashmi (UAE),2008-2015,2008,2015,8,5,3,0,0,0,0,0,0,7,0,0,0,3,0,0,0,0
Fazle Mahmud (BDESH),2018-2018,2018,2018,1,2,2,0,0,0,0,0,0,9,0,0,0,2,0,0,0,0
R Flannigan (SCOT),2010-2010,2010,2010,1,1,1,0,0,0,0,0,0,2,0,0,0,1,0,0,0,0
LR Gibbs (WI),1973-1975,1973,1975,3,3,1,1,0,0*,0,1,-,0,-,0,0,0,0,0,0,#VALUE!
N Gifford (ENG),1985-1985,1985,1985,1,2,1,0,0,0,0,0,0,8,0,0,0,1,0,0,0,0
VD Grandia (NL),2002-2002,2002,2002,1,1,1,0,0,0,0,0,0,5,0,0,0,1,0,0,0,0
Hamza Tahir (SCOT),2019-2019,2019,2019,1,6,2,0,0,0,0,0,0,2,0,0,0,2,0,0,0,0
RG Hart (NZ),2002-2002,2002,2002,1,2,1,0,0,0,0,0,0,9,0,0,0,1,0,0,0,0
Harunur Rashid (BDESH),1988-1988,1988,1988,1,2,2,0,0,0,0,0,0,17,0,0,0,2,0,0,0,0
SM Harwood (AUS),2009-2009,2009,2009,1,1,1,0,0,0,0,0,0,4,0,0,0,1,0,0,0,0
Ishtiaq Muhammad (HKG),2016-2016,2016,2016,1,1,1,1,0,0*,0,1,-,0,-,0,0,0,0,0,0,#VALUE!
Kaleemullah (OMAN),2019-2019,2019,2019,1,3,1,0,0,0,0,0,0,2,0,0,0,1,0,0,0,0
PHT Kaushal (SL),2015-2015,2015,2015,1,1,1,0,0,0,0,0,0,1,0,0,0,1,0,0,0,0
GJP Kruger (SA),2006-2006,2006,2006,1,3,2,1,0,0*,0,1,0,10,0,0,0,1,0,0,0,0
AGR Loudon (ENG),2006-2006,2006,2006,1,1,1,0,0,0,0,0,0,0,-,0,0,1,0,0,0,#VALUE!
OC McCoy (WI),2018-2018,2018,2018,1,2,1,1,0,0*,0,1,-,1,0,0,0,0,0,0,0,#VALUE!
AW Mathieson (NZ),2015-2015,2015,2015,1,1,1,1,0,0*,0,1,-,0,-,0,0,0,0,0,0,#VALUE!
KP Meiyappan (UAE),2019-2019,2019,2019,1,2,1,0,0,0,0,0,0,1,0,0,0,1,0,0,0,0
JP Millmow (NZ),1990-1990,1990,1990,1,5,1,1,0,0*,0,1,-,3,0,0,0,0,0,0,0,#VALUE!
Mohammad Khalil (PAK),2005-2005,2005,2005,1,3,1,1,0,0*,0,1,-,0,-,0,0,0,0,0,0,#VALUE!
Mohammad Talha (PAK),2014-2014,2014,2014,1,3,1,0,0,0,0,0,0,1,0,0,0,1,0,0,0,0
D Mohammed (WI),2006-2008,2006,2008,3,7,1,1,0,0*,0,1,-,2,0,0,0,0,0,0,0,#VALUE!
Naeem Ahmed (PAK),1978-1978,1978,1978,1,1,1,1,0,0*,0,1,-,8,0,0,0,0,0,0,0,#VALUE!
Najaf Shah (PAK),2007-2007,2007,2007,1,1,1,0,0,0,0,0,0,2,0,0,0,1,0,0,0,0
Naseer Malik (PAK),1975-1975,1975,1975,1,3,1,1,0,0*,0,1,-,13,0,0,0,0,0,0,0,#VALUE!
Nasir Hameed (HKG),2004-2004,2004,2004,1,1,1,0,0,0,0,0,0,1,0,0,0,1,0,0,0,0
AM Nayar (INDIA),2009-2009,2009,2009,1,3,1,1,0,0*,0,1,-,7,0,0,0,0,0,0,0,#VALUE!
N Ncube (ZIM),2011-2011,2011,2011,1,1,1,1,0,0*,0,1,-,0,-,0,0,0,0,0,0,#VALUE!
A Neill (SCOT),2019-2019,2019,2019,1,1,1,1,0,0*,0,1,-,3,0,0,0,0,0,0,0,#VALUE!
MB Owens (NZ),1992-1992,1992,1992,1,1,1,0,0,0,0,0,0,3,0,0,0,1,0,0,0,0
NM Parker (NZ),1976-1976,1976,1976,1,1,1,0,0,0,0,0,0,3,0,0,0,1,0,0,0,0
NT Pascal (WI),2009-2009,2009,2009,1,1,1,0,0,0,0,0,0,1,0,0,0,1,0,0,0,0
N Phillip (WI),1978-1978,1978,1978,1,1,1,0,0,0,0,0,0,5,0,0,0,1,0,0,0,0
AG Puttick (SA),2005-2005,2005,2005,1,1,1,0,0,0,0,0,0,5,0,0,0,1,0,0,0,0
NV Radford (ENG),1988-1988,1988,1988,1,6,3,2,0,0*,0,1,0,7,0,0,0,1,0,0,0,0
Rafiqul Islam (BDESH),2002-2002,2002,2002,1,1,1,0,0,0,0,0,0,5,0,0,0,1,0,0,0,0
CAK Rajitha (SL),2018-2019,2018,2019,2,9,3,2,0,0*,0,1,0,10,0,0,0,1,0,0,0,0
DR Ramsammy (CAN),2012-2012,2012,2012,1,1,1,0,0,0,0,0,0,3,0,0,0,1,0,0,0,0
N Ranatunga (SL),1993-1993,1993,1993,1,2,1,0,0,0,0,0,0,3,0,0,0,1,0,0,0,0
Raza Hasan (PAK),2014-2014,2014,2014,1,1,1,0,0,0,0,0,0,2,0,0,0,1,0,0,0,0
Rizwan Latif (UAE),2004-2004,2004,2004,1,1,1,0,0,0,0,0,0,2,0,0,0,1,0,0,0,0
Robiul Islam (BDESH),2013-2013,2013,2013,1,3,1,1,0,0*,0,1,-,1,0,0,0,0,0,0,0,#VALUE!
Saqib Zulfiqar (NL),2019-2019,2019,2019,1,1,1,0,0,0,0,0,0,4,0,0,0,1,0,0,0,0
Shadab Kabir (PAK),1996-1996,1996,1996,1,3,3,0,0,0,0,0,0,5,0,0,0,3,0,0,0,0
Shakeel Khan (PAK),1987-1987,1987,1987,1,1,1,0,0,0,0,0,0,4,0,0,0,1,0,0,0,0
T Shamsi (SA),2016-2019,2016,2019,4,17,3,2,0,0*,0,1,0,2,0,0,0,1,0,0,0,0
Simandeep Singh (HKG),2018-2018,2018,2018,1,1,1,0,0,0,0,0,0,7,0,0,0,1,0,0,0,0
GS Sobers (WI),1973-1973,1973,1973,1,1,1,0,0,0,0,0,0,6,0,0,0,1,0,0,0,0
Tanvir Mehdi (PAK),1992-1992,1992,1992,1,1,1,0,0,0,0,0,0,5,0,0,0,1,0,0,0,0
M Venkataramana (INDIA),1988-1988,1988,1988,1,1,1,1,0,0*,0,1,-,0,-,0,0,0,0,0,0,#VALUE!
R Walters (NAM),2003-2003,2003,2003,1,2,2,0,0,0,0,0,0,5,0,0,0,2,0,0,0,0
CM Willoughby (SA),2000-2003,2000,2003,4,3,2,0,0,0,0,0,0,4,0,0,0,2,0,0,0,0
Zakir Hossain (BDESH),1998-1998,1998,1998,1,1,1,0,0,0,0,0,0,1,0,0,0,1,0,0,0,0
,,,,,,,,,,,,,,,,,,#DIV/0!,#DIV/0!,#DIV/0!,0
,,,,,,,,,,,,,,,,,,#DIV/0!,#DIV/0!,#DIV/0!,0
,,,,,,,,,,,,,,,,,,#DIV/0!,#DIV/0!,#DIV/0!,0
,,,,,,,,,,,,,,,,,,#DIV/0!,#DIV/0!,#DIV/0!,0
,,,,,,,,,,,,,,,,,,#DIV/0!,#DIV/0!,#DIV/0!,0
,,,,,,,,,,,,,,,,,,#DIV/0!,#DIV/0!,#DIV/0!,0
,,,,,,,,,,,,,,,,,,#DIV/0!,#DIV/0!,#DIV/0!,0
,,,,,,,,,,,,,,,,,,#DIV/0!,#DIV/0!,#DIV/0!,0
,,,,,,,,,,,,,,,,,,#DIV/0!,#DIV/0!,#DIV/0!,0
,,,,,,,,,,,,,,,,,,#DIV/0!,#DIV/0!,#DIV/0!,0
