Player,Span_bat,Start_Year,End_Year_bat,Career_Lenght,Mat_bat,Inns_bat,NO,Runs_bat,HS,HS_Numeric,HS_NotOut,Ave_bat,BF,SR_bat,100,50,0,4s,6s,Runs_Per_Match,Century_Rate,Fifty_Rate,Consistency_Score,Span_bowl,Start_ Year,End_Year_bowl,Career_Length,Mat_bowl,Inns_bowl,Overs,Mdns,Runs_bowl,Wkts,BBI,Ave_bowl,Econ,SR_bowl,4,5,Wickets_Per_Match,Economy_Score,Bowling_Impact_Score,Five_Wicket_Rate,Span,Start_Year_field,End_Year,Career_Length_field,Mat,Inns,Dis,Ct,St,Ct Wk,Ct Fi,MD,D/I,Catches_Per_Match,Dismissals_Per_Match,Stumping_Rate,has_batting,has_bowling,player_role_hint
A Ahmadhel (),2019-2019,2019,2019,0,3,2.0,0.0,16.0,15,15.0,0,8.0,16.0,100.0,0.0,0.0,0.0,2.0,0.0,5.33,0.0,0.0,44.8,2019-2019,2019,2019,0,3,3.0,10.0,0.0,75.0,3.0,Feb-16,25.0,7.5,20.0,0.0,0.0,1.0,0.13,0.74,0.0,2019-2019,2019,2019,0,3,3.0,0.0,0.0,0.0,0.0,0.0,0.0,0.0,0.0,0.0,0.0,True,True,All-rounder
A Anemogiannis (),2019-2019,2019,2019,0,1,,,,-,,0,,,,,,,,,,,,,2019-2019,2019,2019,0,1,,,,,,-,,,,,,,,,,2019-2019,2019,2019,0,1,1.0,0.0,0.0,0.0,0.0,0.0,0.0,0.0,0.0,0.0,0.0,True,True,All-rounder
A Ashokan (CZK-R),2019-2019,2019,2019,0,2,2.0,0.0,41.0,34,34.0,0,20.5,29.0,141.37,0.0,0.0,0.0,2.0,3.0,20.5,0.0,0.0,68.85,2019-2019,2019,2019,0,2,1.0,2.0,0.0,16.0,0.0,-,,8.0,,0.0,0.0,0.0,0.13,0.04,0.0,2019-2019,2019,2019,0,2,2.0,1.0,1.0,0.0,0.0,1.0,,0.5,0.5,0.5,0.0,True,True,All-rounder
A Aspiotis (),2019-2019,2019,2019,0,3,1.0,1.0,3.0,3*,3.0,1,,4.0,75.0,0.0,0.0,0.0,0.0,0.0,1.0,0.0,0.0,,2019-2019,2019,2019,0,3,3.0,11.0,0.0,71.0,4.0,Feb-24,17.75,6.45,16.5,0.0,0.0,1.33,0.16,0.98,0.0,2019-2019,2019,2019,0,3,3.0,0.0,0.0,0.0,0.0,0.0,0.0,0.0,0.0,0.0,0.0,True,True,All-rounder
A Bagai (CAN),2008-2013,2008,2013,5,9,9.0,2.0,284.0,67*,67.0,1,40.57,249.0,114.05,0.0,2.0,0.0,27.0,0.0,31.56,0.0,22.22,69.96,2008-2013,2008,2013,5,9,,,,,,-,,,,,,,,,,2008-2013,2008,2013,5,9,9.0,11.0,5.0,6.0,5.0,0.0,,1.222,0.56,1.22,0.67,True,True,All-rounder
A Balbirnie (IRE),2015-2019,2015,2019,4,37,33.0,2.0,790.0,83,83.0,0,25.48,593.0,133.22,0.0,4.0,3.0,94.0,12.0,21.35,0.0,10.81,68.58,2015-2019,2015,2019,4,37,,,,,,-,,,,,,,,,,2015-2019,2015,2019,4,37,35.0,14.0,14.0,0.0,0.0,14.0,,0.4,0.38,0.38,0.0,True,True,All-rounder
A Bhagwat (HKG),2019-2019,2019,2019,0,4,4.0,0.0,5.0,3,3.0,0,1.25,16.0,31.25,0.0,0.0,1.0,0.0,0.0,1.25,0.0,0.0,13.25,2019-2019,2019,2019,0,4,,,,,,-,,,,,,,,,,2019-2019,2019,2019,0,4,4.0,2.0,2.0,0.0,2.0,0.0,,0.5,0.5,0.5,0.0,True,True,All-rounder
A Bhattarai (NEPAL),2014-2014,2014,2014,0,1,1.0,0.0,2.0,2,2.0,0,2.0,3.0,66.66,0.0,0.0,0.0,0.0,0.0,2.0,0.0,0.0,27.86,2014-2014,2014,2014,0,1,1.0,3.0,0.0,12.0,1.0,01-Dec,12.0,4.0,18.0,0.0,0.0,1.0,0.25,0.78,0.0,2014-2014,2014,2014,0,1,1.0,0.0,0.0,0.0,0.0,0.0,0.0,0.0,0.0,0.0,0.0,True,True,All-rounder
A Bohara (NEPAL),2019-2019,2019,2019,0,17,5.0,2.0,5.0,3*,3.0,1,1.66,12.0,41.66,0.0,0.0,2.0,0.0,0.0,0.29,0.0,0.0,17.66,2019-2019,2019,2019,0,17,16.0,54.0,0.0,350.0,16.0,Apr-35,21.87,6.48,20.2,1.0,0.0,0.94,0.15,0.71,0.0,2019-2019,2019,2019,0,17,17.0,3.0,3.0,0.0,0.0,3.0,,0.176,0.18,0.18,0.0,True,True,All-rounder
A Bulow (DEN),2019-2019,2019,2019,0,2,1.0,0.0,11.0,11,11.0,0,11.0,13.0,84.61,0.0,0.0,0.0,0.0,1.0,5.5,0.0,0.0,40.44,2019-2019,2019,2019,0,2,,,,,,-,,,,,,,,,,2019-2019,2019,2019,0,2,1.0,0.0,0.0,0.0,0.0,0.0,0.0,0.0,0.0,0.0,0.0,True,True,All-rounder
A Carthew (Chile),2019-2019,2019,2019,0,4,1.0,1.0,2.0,2*,2.0,1,,2.0,100.0,0.0,0.0,0.0,0.0,0.0,0.5,0.0,0.0,,2019-2019,2019,2019,0,4,1.0,2.0,0.0,19.0,1.0,Jan-19,19.0,9.5,12.0,0.0,0.0,0.25,0.11,0.21,0.0,2019-2019,2019,2019,0,4,4.0,0.0,0.0,0.0,0.0,0.0,0.0,0.0,0.0,0.0,0.0,True,True,All-rounder
A Dananjaya (SL),2012-2019,2012,2019,7,22,12.0,4.0,49.0,11*,11.0,1,6.12,57.0,85.96,0.0,0.0,2.0,6.0,0.0,2.23,0.0,0.0,38.06,2012-2019,2012,2019,7,22,22.0,79.4,1.0,620.0,22.0,Mar-36,28.18,7.78,21.7,0.0,0.0,1.0,0.13,0.74,0.0,2012-2019,2012,2019,7,22,22.0,5.0,5.0,0.0,0.0,5.0,,0.227,0.23,0.23,0.0,True,True,All-rounder
A Djorovic (Serb),2019-2019,2019,2019,0,2,2.0,0.0,11.0,9,9.0,0,5.5,26.0,42.3,0.0,0.0,0.0,1.0,0.0,5.5,0.0,0.0,20.22,2019-2019,2019,2019,0,2,2.0,6.0,1.0,32.0,0.0,-,,5.33,,0.0,0.0,0.0,0.19,0.06,0.0,2019-2019,2019,2019,0,2,2.0,0.0,0.0,0.0,0.0,0.0,0.0,0.0,0.0,0.0,0.0,True,True,All-rounder
A Ferguson (Arg),2019-2019,2019,2019,0,5,3.0,1.0,88.0,51,51.0,0,44.0,100.0,88.0,0.0,1.0,0.0,5.0,1.0,17.6,0.0,20.0,61.6,2019-2019,2019,2019,0,5,,,,,,-,,,,,,,,,,2019-2019,2019,2019,0,5,5.0,2.0,2.0,0.0,0.0,2.0,,0.4,0.4,0.4,0.0,True,True,All-rounder
A Flintoff (ENG),2005-2007,2005,2007,2,7,7.0,1.0,76.0,31,31.0,0,12.66,60.0,126.66,0.0,0.0,1.0,7.0,2.0,10.86,0.0,0.0,58.26,2005-2007,2005,2007,2,7,7.0,25.0,0.0,161.0,5.0,Feb-23,32.2,6.44,30.0,0.0,0.0,0.71,0.16,0.55,0.0,2005-2007,2005,2007,2,7,7.0,5.0,5.0,0.0,0.0,5.0,,0.714,0.71,0.71,0.0,True,True,All-rounder
A Gavde (Caym),2019-2019,2019,2019,0,1,1.0,0.0,1.0,1,1.0,0,1.0,6.0,16.66,0.0,0.0,0.0,0.0,0.0,1.0,0.0,0.0,7.26,2019-2019,2019,2019,0,1,,,,,,-,,,,,,,,,,2019-2019,2019,2019,0,1,1.0,0.0,0.0,0.0,0.0,0.0,0.0,0.0,0.0,0.0,0.0,True,True,All-rounder
A Husain (Arg),2019-2019,2019,2019,0,5,1.0,1.0,2.0,2*,2.0,1,,1.0,200.0,0.0,0.0,0.0,0.0,0.0,0.4,0.0,0.0,,2019-2019,2019,2019,0,5,4.0,10.0,0.0,51.0,1.0,01-Jun,51.0,5.1,60.0,0.0,0.0,0.2,0.2,0.2,0.0,2019-2019,2019,2019,0,5,5.0,1.0,1.0,0.0,0.0,1.0,,0.2,0.2,0.2,0.0,True,True,All-rounder
A Karn (NEPAL),2015-2015,2015,2015,0,2,1.0,0.0,4.0,4,4.0,0,4.0,7.0,57.14,0.0,0.0,0.0,0.0,0.0,2.0,0.0,0.0,25.26,2015-2015,2015,2015,0,2,2.0,8.0,0.0,49.0,1.0,Jan-31,49.0,6.12,48.0,0.0,0.0,0.5,0.16,0.4,0.0,2015-2015,2015,2015,0,2,2.0,0.0,0.0,0.0,0.0,0.0,0.0,0.0,0.0,0.0,0.0,True,True,All-rounder
A Khan (ENG),2009-2009,2009,2009,0,1,1.0,0.0,2.0,2,2.0,0,2.0,4.0,50.0,0.0,0.0,0.0,0.0,0.0,2.0,0.0,0.0,21.2,2009-2009,2009,2009,0,1,1.0,4.0,0.0,34.0,2.0,Feb-34,17.0,8.5,12.0,0.0,0.0,2.0,0.12,1.44,0.0,2009-2009,2009,2009,0,1,1.0,0.0,0.0,0.0,0.0,0.0,0.0,0.0,0.0,0.0,0.0,True,True,All-rounder
A Krishna (SGP),2019-2019,2019,2019,0,4,2.0,1.0,5.0,4,4.0,0,5.0,3.0,166.66,0.0,0.0,0.0,1.0,0.0,1.25,0.0,0.0,69.66,2019-2019,2019,2019,0,4,4.0,12.0,0.0,121.0,4.0,Mar-27,30.25,10.08,18.0,0.0,0.0,1.0,0.1,0.73,0.0,2019-2019,2019,2019,0,4,4.0,0.0,0.0,0.0,0.0,0.0,0.0,0.0,0.0,0.0,0.0,True,True,All-rounder
A Lagos (),2019-2019,2019,2019,0,1,1.0,1.0,1.0,1*,1.0,1,,4.0,25.0,0.0,0.0,0.0,0.0,0.0,1.0,0.0,0.0,,2019-2019,2019,2019,0,1,1.0,2.0,0.0,13.0,0.0,-,,6.5,,0.0,0.0,0.0,0.15,0.05,0.0,2019-2019,2019,2019,0,1,1.0,1.0,1.0,0.0,0.0,1.0,,1.0,1.0,1.0,0.0,True,True,All-rounder
A Lark (Aut),2019-2019,2019,2019,0,5,4.0,0.0,110.0,43,43.0,0,27.5,121.0,90.9,0.0,0.0,1.0,15.0,0.0,22.0,0.0,0.0,52.86,2019-2019,2019,2019,0,5,4.0,10.5,0.0,55.0,4.0,Mar-20,13.75,5.07,16.2,0.0,0.0,0.8,0.2,0.62,0.0,2019-2019,2019,2019,0,5,5.0,2.0,2.0,0.0,0.0,2.0,,0.4,0.4,0.4,0.0,True,True,All-rounder
A Makesh (KUW),2019-2019,2019,2019,0,4,2.0,1.0,57.0,57,57.0,0,57.0,41.0,139.02,0.0,1.0,0.0,3.0,4.0,14.25,0.0,25.0,89.81,2019-2019,2019,2019,0,4,4.0,9.0,1.0,79.0,1.0,Jan-19,79.0,8.77,54.0,0.0,0.0,0.25,0.11,0.21,0.0,2019-2019,2019,2019,0,4,4.0,1.0,1.0,0.0,0.0,1.0,,0.25,0.25,0.25,0.0,True,True,All-rounder
A Manousis (),2019-2019,2019,2019,0,3,3.0,1.0,52.0,23,23.0,0,26.0,49.0,106.12,0.0,0.0,0.0,5.0,1.0,17.33,0.0,0.0,58.05,2019-2019,2019,2019,0,3,,,,,,-,,,,,,,,,,2019-2019,2019,2019,0,3,3.0,2.0,2.0,0.0,0.0,2.0,,0.666,0.67,0.67,0.0,True,True,All-rounder
A Mansale (VAN),2019-2019,2019,2019,0,14,14.0,0.0,159.0,38,38.0,0,11.35,151.0,105.29,0.0,0.0,4.0,14.0,5.0,11.36,0.0,0.0,48.93,2019-2019,2019,2019,0,14,10.0,26.0,0.0,176.0,13.0,Mar-13,13.53,6.76,12.0,0.0,0.0,0.93,0.15,0.69,0.0,2019-2019,2019,2019,0,14,14.0,5.0,5.0,0.0,0.0,5.0,,0.357,0.36,0.36,0.0,True,True,All-rounder
A Martin (WI),2011-2011,2011,2011,0,1,,,,-,,0,,,,,,,,,,,,,2011-2011,2011,2011,0,1,1.0,3.0,0.0,20.0,1.0,Jan-20,20.0,6.66,18.0,0.0,0.0,1.0,0.15,0.75,0.0,2011-2011,2011,2011,0,1,1.0,2.0,2.0,0.0,0.0,2.0,,2.0,2.0,2.0,0.0,True,True,All-rounder
A Mehmood (HKG),2016-2016,2016,2016,0,2,1.0,1.0,0.0,0*,0.0,1,,1.0,0.0,0.0,0.0,0.0,0.0,0.0,,0.0,0.0,,2016-2016,2016,2016,0,2,1.0,1.0,0.0,12.0,0.0,-,,12.0,,0.0,0.0,0.0,0.08,0.03,0.0,2016-2016,2016,2016,0,2,2.0,0.0,0.0,0.0,0.0,0.0,0.0,0.0,0.0,0.0,0.0,True,True,All-rounder
A Mishra (INDIA),2010-2017,2010,2017,7,10,1.0,0.0,0.0,0,0.0,0,0.0,0.0,,0.0,0.0,1.0,0.0,0.0,,0.0,0.0,,2010-2017,2010,2017,7,10,10.0,38.0,1.0,240.0,16.0,Mar-24,15.0,6.31,14.2,0.0,0.0,1.6,0.16,1.17,0.0,2010-2017,2010,2017,7,10,10.0,1.0,1.0,0.0,0.0,1.0,,0.1,0.1,0.1,0.0,True,True,All-rounder
A Morris (Caym),2019-2019,2019,2019,0,6,4.0,2.0,5.0,3*,3.0,1,2.5,17.0,29.41,0.0,0.0,1.0,0.0,0.0,0.83,0.0,0.0,13.26,2019-2019,2019,2019,0,6,6.0,22.0,1.0,114.0,6.0,Feb-17,19.0,5.18,22.0,0.0,0.0,1.0,0.19,0.76,0.0,2019-2019,2019,2019,0,6,6.0,0.0,0.0,0.0,0.0,0.0,0.0,0.0,0.0,0.0,0.0,True,True,All-rounder
A Nanda (LUX),2019-2019,2019,2019,0,3,1.0,0.0,5.0,5,5.0,0,5.0,5.0,100.0,0.0,0.0,0.0,1.0,0.0,1.67,0.0,0.0,43.0,2019-2019,2019,2019,0,3,3.0,7.2,0.0,47.0,7.0,05-Jun,6.71,6.4,6.2,0.0,1.0,2.33,0.16,1.68,0.333,2019-2019,2019,2019,0,3,3.0,0.0,0.0,0.0,0.0,0.0,0.0,0.0,0.0,0.0,0.0,True,True,All-rounder
A Nao (PNG),2017-2017,2017,2017,0,2,2.0,2.0,7.0,7*,7.0,1,,4.0,175.0,0.0,0.0,0.0,1.0,0.0,3.5,0.0,0.0,,2017-2017,2017,2017,0,2,2.0,5.0,0.0,49.0,0.0,-,,9.8,,0.0,0.0,0.0,0.1,0.03,0.0,2017-2017,2017,2017,0,2,2.0,0.0,0.0,0.0,0.0,0.0,0.0,0.0,0.0,0.0,0.0,True,True,All-rounder
A Nathwani (Aut),2019-2019,2019,2019,0,5,1.0,1.0,1.0,1*,1.0,1,,1.0,100.0,0.0,0.0,0.0,0.0,0.0,0.2,0.0,0.0,,2019-2019,2019,2019,0,5,4.0,10.0,0.0,79.0,3.0,01-Sep,26.33,7.9,20.0,0.0,0.0,0.6,0.13,0.46,0.0,2019-2019,2019,2019,0,5,5.0,1.0,1.0,0.0,0.0,1.0,,0.2,0.2,0.2,0.0,True,True,All-rounder
A Natubhai Ahir (PNM),2019-2019,2019,2019,0,3,3.0,0.0,64.0,30,30.0,0,21.33,59.0,108.47,0.0,0.0,0.0,10.0,1.0,21.33,0.0,0.0,56.19,2019-2019,2019,2019,0,3,3.0,6.0,0.0,49.0,0.0,-,,8.16,,0.0,0.0,0.0,0.12,0.04,0.0,2019-2019,2019,2019,0,3,3.0,1.0,1.0,0.0,0.0,1.0,,0.333,0.33,0.33,0.0,True,True,All-rounder
A Ndlovu (ZIM),2019-2019,2019,2019,0,3,1.0,0.0,2.0,2,2.0,0,2.0,4.0,50.0,0.0,0.0,0.0,0.0,0.0,0.67,0.0,0.0,21.2,2019-2019,2019,2019,0,3,3.0,11.0,0.0,90.0,1.0,Jan-35,90.0,8.18,66.0,0.0,0.0,0.33,0.12,0.27,0.0,2019-2019,2019,2019,0,3,3.0,3.0,3.0,0.0,0.0,3.0,,1.0,1.0,1.0,0.0,True,True,All-rounder
A Nehra (INDIA),2009-2017,2009,2017,8,27,5.0,0.0,28.0,22,22.0,0,5.6,39.0,71.79,0.0,0.0,3.0,1.0,2.0,1.04,0.0,0.0,32.08,2009-2017,2009,2017,8,27,27.0,98.0,2.0,758.0,34.0,Mar-19,22.29,7.73,17.2,0.0,0.0,1.26,0.13,0.92,0.0,2009-2017,2009,2017,8,27,27.0,4.0,4.0,0.0,0.0,4.0,,0.148,0.15,0.15,0.0,True,True,All-rounder
A Neill (SCOT),2019-2019,2019,2019,0,5,,,,-,,0,,,,,,,,,,,,,2019-2019,2019,2019,0,5,5.0,20.0,0.0,154.0,9.0,Mar-21,17.11,7.7,13.3,0.0,0.0,1.8,0.13,1.3,0.0,2019-2019,2019,2019,0,5,5.0,4.0,4.0,0.0,0.0,4.0,,0.8,0.8,0.8,0.0,True,True,All-rounder
A Nel (SA),2005-2007,2005,2007,2,2,1.0,1.0,0.0,0*,0.0,1,,2.0,0.0,0.0,0.0,0.0,0.0,0.0,,0.0,0.0,,2005-2007,2005,2007,2,2,2.0,8.0,0.0,42.0,2.0,Feb-19,21.0,5.25,24.0,0.0,0.0,1.0,0.19,0.76,0.0,2005-2007,2005,2007,2,2,2.0,1.0,1.0,0.0,0.0,1.0,,0.5,0.5,0.5,0.0,True,True,All-rounder
A Nortje (SA),2019-2019,2019,2019,0,1,,,,-,,0,,,,,,,,,,,,,2019-2019,2019,2019,0,1,1.0,3.0,0.0,27.0,0.0,-,,9.0,,0.0,0.0,0.0,0.11,0.03,0.0,2019-2019,2019,2019,0,1,1.0,0.0,0.0,0.0,0.0,0.0,0.0,0.0,0.0,0.0,0.0,True,True,All-rounder
A Orfila (GIBR),2019-2019,2019,2019,0,1,1.0,0.0,0.0,0,0.0,0,0.0,2.0,0.0,0.0,0.0,1.0,0.0,0.0,,0.0,0.0,0.0,2019-2019,2019,2019,0,1,1.0,1.0,0.0,7.0,0.0,-,,7.0,,0.0,0.0,0.0,0.14,0.04,0.0,2019-2019,2019,2019,0,1,1.0,0.0,0.0,0.0,0.0,0.0,0.0,0.0,0.0,0.0,0.0,True,True,All-rounder
A Otwani (UGA),2019-2019,2019,2019,0,4,4.0,0.0,89.0,44,44.0,0,22.25,78.0,114.1,0.0,0.0,0.0,13.0,1.0,22.25,0.0,0.0,58.99,2019-2019,2019,2019,0,4,,,,,,-,,,,,,,,,,2019-2019,2019,2019,0,4,4.0,1.0,1.0,0.0,1.0,0.0,,0.25,0.25,0.25,0.0,True,True,All-rounder
A Patel (MWI),2019-2019,2019,2019,0,2,2.0,1.0,12.0,6*,6.0,1,12.0,23.0,52.17,0.0,0.0,0.0,2.0,0.0,6.0,0.0,0.0,28.07,2019-2019,2019,2019,0,2,1.0,1.0,0.0,19.0,0.0,-,,19.0,,0.0,0.0,0.0,0.05,0.02,0.0,2019-2019,2019,2019,0,2,2.0,0.0,0.0,0.0,0.0,0.0,0.0,0.0,0.0,0.0,0.0,True,True,All-rounder
A Poulose (OMAN),2017-2017,2017,2017,0,3,3.0,0.0,9.0,9,9.0,0,3.0,14.0,64.28,0.0,0.0,2.0,2.0,0.0,3.0,0.0,0.0,27.51,2017-2017,2017,2017,0,3,,,,,,-,,,,,,,,,,2017-2017,2017,2017,0,3,3.0,2.0,2.0,0.0,0.0,2.0,,0.666,0.67,0.67,0.0,True,True,All-rounder
A Pusthay (Fin),2019-2019,2019,2019,0,5,5.0,0.0,72.0,37,37.0,0,14.4,60.0,120.0,0.0,0.0,0.0,5.0,1.0,14.4,0.0,0.0,56.64,2019-2019,2019,2019,0,5,4.0,10.0,0.0,90.0,2.0,Feb-26,45.0,9.0,30.0,0.0,0.0,0.4,0.11,0.31,0.0,2019-2019,2019,2019,0,5,5.0,2.0,2.0,0.0,0.0,2.0,,0.4,0.4,0.4,0.0,True,True,All-rounder
A Rangaswamy (Botsw),2019-2019,2019,2019,0,4,3.0,0.0,10.0,7,7.0,0,3.33,13.0,76.92,0.0,0.0,1.0,0.0,1.0,2.5,0.0,0.0,32.77,2019-2019,2019,2019,0,4,4.0,9.4,1.0,83.0,7.0,Apr-21,11.85,8.58,8.2,1.0,0.0,1.75,0.12,1.26,0.0,2019-2019,2019,2019,0,4,4.0,1.0,1.0,0.0,0.0,1.0,,0.25,0.25,0.25,0.0,True,True,All-rounder
A Sarma (GER),2019-2019,2019,2019,0,3,3.0,0.0,57.0,28,28.0,0,19.0,67.0,85.07,0.0,0.0,0.0,3.0,1.0,19.0,0.0,0.0,45.43,2019-2019,2019,2019,0,3,,,,,,-,,,,,,,,,,2019-2019,2019,2019,0,3,3.0,1.0,1.0,0.0,0.0,1.0,,0.333,0.33,0.33,0.0,True,True,All-rounder
A Sathya (Mex),2019-2019,2019,2019,0,3,3.0,0.0,61.0,30,30.0,0,20.33,61.0,100.0,0.0,0.0,0.0,3.0,2.0,20.33,0.0,0.0,52.2,2019-2019,2019,2019,0,3,3.0,11.3,0.0,76.0,4.0,Feb-32,19.0,6.6,17.2,0.0,0.0,1.33,0.15,0.98,0.0,2019-2019,2019,2019,0,3,3.0,2.0,2.0,0.0,0.0,2.0,,0.666,0.67,0.67,0.0,True,True,All-rounder
A Shahzad (ENG),2010-2011,2010,2011,1,3,1.0,1.0,0.0,0*,0.0,1,,3.0,0.0,0.0,0.0,0.0,0.0,0.0,,0.0,0.0,,2010-2011,2010,2011,1,3,3.0,11.0,0.0,97.0,3.0,Feb-38,32.33,8.81,22.0,0.0,0.0,1.0,0.11,0.73,0.0,2010-2011,2010,2011,1,3,3.0,1.0,1.0,0.0,0.0,1.0,,0.333,0.33,0.33,0.0,True,True,All-rounder
A Srivastav (Chile),2019-2019,2019,2019,0,4,4.0,0.0,25.0,21,21.0,0,6.25,37.0,67.56,0.0,0.0,2.0,2.0,0.0,6.25,0.0,0.0,30.77,2019-2019,2019,2019,0,4,3.0,8.0,0.0,73.0,3.0,Feb-28,24.33,9.12,16.0,0.0,0.0,0.75,0.11,0.56,0.0,2019-2019,2019,2019,0,4,4.0,1.0,1.0,0.0,0.0,1.0,,0.25,0.25,0.25,0.0,True,True,All-rounder
A Symonds (AUS),2005-2009,2005,2009,4,14,11.0,4.0,337.0,85*,85.0,1,48.14,199.0,169.34,0.0,2.0,2.0,33.0,10.0,24.07,0.0,14.29,96.62,2005-2009,2005,2009,4,14,12.0,30.5,0.0,277.0,8.0,Feb-14,34.62,8.98,23.1,0.0,0.0,0.57,0.11,0.43,0.0,2005-2009,2005,2009,4,14,14.0,3.0,3.0,0.0,0.0,3.0,,0.214,0.21,0.21,0.0,True,True,All-rounder
A Tripathi (Mex),2019-2019,2019,2019,0,3,2.0,2.0,2.0,1*,1.0,1,,4.0,50.0,0.0,0.0,0.0,0.0,0.0,0.67,0.0,0.0,,2019-2019,2019,2019,0,3,,,,,,-,,,,,,,,,,2019-2019,2019,2019,0,3,3.0,1.0,1.0,0.0,0.0,1.0,,0.333,0.33,0.33,0.0,True,True,All-rounder
A Uniyal (Chile),2019-2019,2019,2019,0,3,3.0,1.0,20.0,16*,16.0,1,10.0,24.0,83.33,0.0,0.0,0.0,2.0,0.0,6.67,0.0,0.0,39.33,2019-2019,2019,2019,0,3,3.0,9.0,1.0,59.0,4.0,Mar-17,14.75,6.55,13.5,0.0,0.0,1.33,0.15,0.98,0.0,2019-2019,2019,2019,0,3,3.0,1.0,1.0,0.0,0.0,1.0,,0.333,0.33,0.33,0.0,True,True,All-rounder
A Vala (PNG),2015-2019,2015,2019,4,26,24.0,4.0,460.0,68,68.0,0,23.0,427.0,107.72,0.0,2.0,0.0,39.0,13.0,17.69,0.0,7.69,56.89,2015-2019,2015,2019,4,26,16.0,44.5,1.0,249.0,20.0,03-Jul,12.45,5.55,13.4,0.0,0.0,0.77,0.18,0.59,0.0,2015-2019,2015,2019,4,26,26.0,14.0,14.0,0.0,0.0,14.0,,0.538,0.54,0.54,0.0,True,True,All-rounder
A Zampa (AUS),2016-2019,2016,2019,3,27,6.0,4.0,23.0,9,9.0,0,11.5,26.0,88.46,0.0,0.0,0.0,2.0,0.0,0.85,0.0,0.0,42.28,2016-2019,2016,2019,3,27,26.0,93.0,1.0,572.0,28.0,Mar-14,20.42,6.15,19.9,0.0,0.0,1.04,0.16,0.77,0.0,2016-2019,2016,2019,3,27,26.0,1.0,1.0,0.0,0.0,1.0,,0.038,0.04,0.04,0.0,True,True,All-rounder
AA Banner (Blz),2019-2019,2019,2019,0,3,2.0,0.0,44.0,28,28.0,0,22.0,29.0,151.72,0.0,0.0,0.0,4.0,3.0,14.67,0.0,0.0,73.89,2019-2019,2019,2019,0,3,2.0,8.0,0.0,39.0,1.0,Jan-18,39.0,4.87,48.0,0.0,0.0,0.33,0.21,0.29,0.0,2019-2019,2019,2019,0,3,3.0,2.0,2.0,0.0,0.0,2.0,,0.666,0.67,0.67,0.0,True,True,All-rounder
AA Mulla (CAN),2008-2008,2008,2008,0,4,4.0,0.0,11.0,8,8.0,0,2.75,19.0,57.89,0.0,0.0,1.0,2.0,0.0,2.75,0.0,0.0,24.81,2008-2008,2008,2008,0,4,,,,,,-,,,,,,,,,,2008-2008,2008,2008,0,4,4.0,3.0,1.0,2.0,1.0,0.0,,0.75,0.25,0.75,0.5,True,True,All-rounder
AA Noffke (AUS),2007-2008,2007,2008,1,2,1.0,0.0,0.0,0,0.0,0,0.0,0.0,,0.0,0.0,1.0,0.0,0.0,,0.0,0.0,,2007-2008,2007,2008,1,2,2.0,7.3,1.0,41.0,4.0,Mar-18,10.25,5.46,11.2,0.0,0.0,2.0,0.18,1.45,0.0,2007-2008,2007,2008,1,2,2.0,0.0,0.0,0.0,0.0,0.0,0.0,0.0,0.0,0.0,0.0,True,True,All-rounder
AA Obanda (KENYA),2007-2019,2007,2019,12,30,28.0,2.0,381.0,79,79.0,0,14.65,362.0,105.24,0.0,1.0,5.0,49.0,7.0,12.7,0.0,3.33,50.89,2007-2019,2007,2019,12,30,,,,,,-,,,,,,,,,,2007-2019,2007,2019,12,30,30.0,4.0,4.0,0.0,0.0,4.0,,0.133,0.13,0.13,0.0,True,True,All-rounder
AA Onikoyi (NGA),2019-2019,2019,2019,0,9,8.0,0.0,119.0,49,49.0,0,14.87,144.0,82.63,0.0,0.0,1.0,8.0,4.0,13.22,0.0,0.0,41.97,2019-2019,2019,2019,0,9,,,,,,-,,,,,,,,,,2019-2019,2019,2019,0,9,9.0,2.0,2.0,0.0,2.0,0.0,,0.222,0.22,0.22,0.0,True,True,All-rounder
AA Westphal (Mex),2019-2019,2019,2019,0,5,5.0,0.0,33.0,24,24.0,0,6.6,40.0,82.5,0.0,0.0,0.0,3.0,0.0,6.6,0.0,0.0,36.96,2019-2019,2019,2019,0,5,5.0,19.0,0.0,65.0,5.0,02-Oct,13.0,3.42,22.8,0.0,0.0,1.0,0.29,0.79,0.0,2019-2019,2019,2019,0,5,5.0,1.0,1.0,0.0,0.0,1.0,,0.2,0.2,0.2,0.0,True,True,All-rounder
AB Agarkar (INDIA),2006-2007,2006,2007,1,4,2.0,0.0,15.0,14,14.0,0,7.5,11.0,136.36,0.0,0.0,0.0,2.0,0.0,3.75,0.0,0.0,59.04,2006-2007,2006,2007,1,4,3.0,10.3,1.0,85.0,3.0,02-Oct,28.33,8.09,21.0,0.0,0.0,0.75,0.12,0.56,0.0,2006-2007,2006,2007,1,4,3.0,0.0,0.0,0.0,0.0,0.0,0.0,0.0,0.0,0.0,0.0,True,True,All-rounder
AB Barath (WI),2010-2011,2010,2011,1,2,2.0,0.0,23.0,15,15.0,0,11.5,39.0,58.97,0.0,0.0,0.0,3.0,0.0,11.5,0.0,0.0,30.49,2010-2011,2010,2011,1,2,,,,,,-,,,,,,,,,,2010-2011,2010,2011,1,2,2.0,1.0,1.0,0.0,0.0,1.0,,0.5,0.5,0.5,0.0,True,True,All-rounder
AB Dinda (INDIA),2009-2012,2009,2012,3,9,2.0,1.0,22.0,19,19.0,0,22.0,24.0,91.66,0.0,0.0,0.0,1.0,0.0,2.44,0.0,0.0,49.86,2009-2012,2009,2012,3,9,9.0,30.0,1.0,245.0,17.0,Apr-19,14.41,8.16,10.5,1.0,0.0,1.89,0.12,1.36,0.0,2009-2012,2009,2012,3,9,9.0,1.0,1.0,0.0,0.0,1.0,,0.111,0.11,0.11,0.0,True,True,All-rounder
AB Dursak (TKY),2019-2019,2019,2019,0,4,4.0,0.0,4.0,3,3.0,0,1.0,24.0,16.66,0.0,0.0,2.0,0.0,0.0,1.0,0.0,0.0,7.26,2019-2019,2019,2019,0,4,3.0,8.4,0.0,134.0,0.0,-,,15.46,,0.0,0.0,0.0,0.06,0.02,0.0,2019-2019,2019,2019,0,4,4.0,1.0,1.0,0.0,0.0,1.0,,0.25,0.25,0.25,0.0,True,True,All-rounder
AB de Villiers (SA),2006-2017,2006,2017,11,78,75.0,11.0,1672.0,79*,79.0,1,26.12,1237.0,135.16,0.0,10.0,5.0,140.0,60.0,21.44,0.0,12.82,69.74,2006-2017,2006,2017,11,78,,,,,,-,,,,,,,,,,2006-2017,2006,2017,11,78,78.0,72.0,65.0,7.0,21.0,44.0,,0.923,0.83,0.92,0.09,True,True,All-rounder
AC Agar (AUS),2016-2019,2016,2019,3,21,7.0,1.0,82.0,29,29.0,0,13.66,79.0,103.79,0.0,0.0,0.0,6.0,3.0,3.9,0.0,0.0,49.71,2016-2019,2016,2019,3,21,21.0,67.0,1.0,464.0,17.0,Mar-27,27.29,6.92,23.6,0.0,0.0,0.81,0.14,0.61,0.0,2016-2019,2016,2019,3,21,21.0,13.0,13.0,0.0,0.0,13.0,,0.619,0.62,0.62,0.0,True,True,All-rounder
AC Botha (IRE),2008-2010,2008,2010,2,14,11.0,1.0,130.0,38,38.0,0,13.0,141.0,92.19,0.0,0.0,2.0,12.0,1.0,9.29,0.0,0.0,44.68,2008-2010,2008,2010,2,14,10.0,34.0,0.0,184.0,21.0,Mar-14,8.76,5.41,9.7,0.0,0.0,1.5,0.18,1.11,0.0,2008-2010,2008,2010,2,14,13.0,8.0,8.0,0.0,0.0,8.0,,0.615,0.57,0.57,0.0,True,True,All-rounder
AC Douglas (BMUDA),2019-2019,2019,2019,0,10,9.0,1.0,138.0,47*,47.0,1,17.25,131.0,105.34,0.0,0.0,0.0,10.0,8.0,13.8,0.0,0.0,52.49,2019-2019,2019,2019,0,10,2.0,4.2,0.0,30.0,5.0,May-18,6.0,6.92,5.2,0.0,1.0,0.5,0.14,0.39,0.1,2019-2019,2019,2019,0,10,10.0,5.0,5.0,0.0,0.0,5.0,,0.5,0.5,0.5,0.0,True,True,All-rounder
AC Evans (SCOT),2015-2019,2015,2019,4,27,6.0,1.0,1.0,1*,1.0,1,0.2,10.0,10.0,0.0,0.0,5.0,0.0,0.0,0.04,0.0,0.0,4.12,2015-2019,2015,2019,4,27,25.0,93.0,4.0,689.0,36.0,May-24,19.13,7.4,15.5,0.0,1.0,1.33,0.14,0.97,0.037,2015-2019,2015,2019,4,27,25.0,7.0,7.0,0.0,0.0,7.0,,0.28,0.26,0.26,0.0,True,True,All-rounder
AC Gilchrist (AUS),2005-2008,2005,2008,3,13,13.0,1.0,272.0,48,48.0,0,22.66,192.0,141.66,0.0,0.0,0.0,27.0,13.0,20.92,0.0,0.0,70.26,2005-2008,2005,2008,3,13,,,,,,-,,,,,,,,,,2005-2008,2005,2008,3,13,13.0,17.0,17.0,0.0,17.0,0.0,,1.307,1.31,1.31,0.0,True,True,All-rounder
AC Kose (TKY),2019-2019,2019,2019,0,4,4.0,0.0,15.0,15,15.0,0,3.75,33.0,45.45,0.0,0.0,3.0,3.0,0.0,3.75,0.0,0.0,20.43,2019-2019,2019,2019,0,4,2.0,8.0,0.0,116.0,3.0,Feb-62,38.66,14.5,16.0,0.0,0.0,0.75,0.07,0.55,0.0,2019-2019,2019,2019,0,4,4.0,0.0,0.0,0.0,0.0,0.0,0.0,0.0,0.0,0.0,0.0,True,True,All-rounder
AC Thomas (SA),2007-2007,2007,2007,0,1,,,,-,,0,,,,,,,,,,,,,2007-2007,2007,2007,0,1,1.0,4.0,0.0,25.0,3.0,Mar-25,8.33,6.25,8.0,0.0,0.0,3.0,0.16,2.15,0.0,2007-2007,2007,2007,0,1,1.0,0.0,0.0,0.0,0.0,0.0,0.0,0.0,0.0,0.0,0.0,True,True,All-rounder
AC Voges (AUS),2007-2013,2007,2013,6,7,5.0,2.0,139.0,51,51.0,0,46.33,114.0,121.92,0.0,1.0,0.0,8.0,2.0,19.86,0.0,14.29,76.57,2007-2013,2007,2013,6,7,1.0,2.0,0.0,5.0,2.0,02-May,2.5,2.5,6.0,0.0,0.0,0.29,0.4,0.32,0.0,2007-2013,2007,2013,6,7,7.0,3.0,3.0,0.0,0.0,3.0,,0.428,0.43,0.43,0.0,True,True,All-rounder
ACF Stokes (GUE),2019-2019,2019,2019,0,7,5.0,0.0,31.0,16,16.0,0,6.2,26.0,119.23,0.0,0.0,3.0,6.0,0.0,4.43,0.0,0.0,51.41,2019-2019,2019,2019,0,7,7.0,23.2,0.0,152.0,5.0,Feb-26,30.4,6.51,28.0,0.0,0.0,0.71,0.15,0.55,0.0,2019-2019,2019,2019,0,7,7.0,1.0,1.0,0.0,0.0,1.0,,0.142,0.14,0.14,0.0,True,True,All-rounder
ACL Richards (WI),2007-2007,2007,2007,0,1,1.0,0.0,10.0,10,10.0,0,10.0,15.0,66.66,0.0,0.0,0.0,1.0,0.0,10.0,0.0,0.0,32.66,2007-2007,2007,2007,0,1,,,,,,-,,,,,,,,,,2007-2007,2007,2007,0,1,1.0,0.0,0.0,0.0,0.0,0.0,0.0,0.0,0.0,0.0,0.0,True,True,All-rounder
AD Hales (ENG),2011-2019,2011,2019,8,60,60.0,7.0,1644.0,116*,116.0,1,31.01,1203.0,136.65,1.0,8.0,4.0,175.0,55.0,27.4,1.67,13.33,73.27,2011-2019,2011,2019,8,60,,,,,,-,,,,,,,,,,2011-2019,2011,2019,8,60,59.0,32.0,32.0,0.0,0.0,32.0,,0.542,0.53,0.53,0.0,True,True,All-rounder
AD Mascarenhas (ENG),2007-2009,2007,2009,2,14,13.0,5.0,123.0,31,31.0,0,15.37,100.0,123.0,0.0,0.0,3.0,8.0,5.0,8.79,0.0,0.0,58.42,2007-2009,2007,2009,2,14,14.0,42.0,0.0,309.0,12.0,Mar-18,25.75,7.35,21.0,0.0,0.0,0.86,0.14,0.64,0.0,2007-2009,2007,2009,2,14,14.0,7.0,7.0,0.0,0.0,7.0,,0.5,0.5,0.5,0.0,True,True,All-rounder
AD Mathews (SL),2009-2018,2009,2018,9,72,57.0,18.0,1055.0,81*,81.0,1,27.05,893.0,118.14,0.0,5.0,1.0,67.0,35.0,14.65,0.0,6.94,63.49,2009-2018,2009,2018,9,72,57.0,161.3,4.0,1101.0,37.0,Mar-16,29.75,6.81,26.1,0.0,0.0,0.51,0.15,0.4,0.0,2009-2018,2009,2018,9,72,72.0,23.0,23.0,0.0,0.0,23.0,,0.319,0.32,0.32,0.0,True,True,All-rounder
AD Poynter (IRE),2012-2016,2012,2016,4,19,14.0,3.0,219.0,57,57.0,0,19.9,184.0,119.02,0.0,1.0,1.0,21.0,8.0,11.53,0.0,5.26,59.55,2012-2016,2012,2016,4,19,,,,,,-,,,,,,,,,,2012-2016,2012,2016,4,19,17.0,2.0,2.0,0.0,0.0,2.0,,0.117,0.11,0.11,0.0,True,True,All-rounder
AD Russell (WI),2011-2018,2011,2018,7,47,39.0,13.0,465.0,47,47.0,0,17.88,329.0,141.33,0.0,0.0,6.0,30.0,32.0,9.89,0.0,0.0,67.26,2011-2018,2011,2018,7,47,40.0,99.1,0.0,908.0,25.0,02-Oct,36.32,9.15,23.8,0.0,0.0,0.53,0.11,0.41,0.0,2011-2018,2011,2018,7,47,47.0,11.0,11.0,0.0,0.0,11.0,,0.234,0.23,0.23,0.0,True,True,All-rounder
ADS Fletcher (WI),2008-2018,2008,2018,10,42,40.0,4.0,765.0,84*,84.0,1,21.25,707.0,108.2,0.0,6.0,6.0,54.0,37.0,18.21,0.0,14.29,56.03,2008-2018,2008,2018,10,42,,,,,,-,,,,,,,,,,2008-2018,2008,2018,10,42,42.0,22.0,21.0,1.0,10.0,11.0,,0.523,0.5,0.52,0.02,True,True,All-rounder
AE Paraam (SGP),2019-2019,2019,2019,0,3,2.0,1.0,19.0,10,10.0,0,19.0,10.0,190.0,0.0,0.0,0.0,2.0,1.0,6.33,0.0,0.0,87.4,2019-2019,2019,2019,0,3,,,,,,-,,,,,,,,,,2019-2019,2019,2019,0,3,3.0,2.0,2.0,0.0,0.0,2.0,,0.666,0.67,0.67,0.0,True,True,All-rounder
AF Buurman (NL),2010-2010,2010,2010,0,4,2.0,0.0,0.0,0,0.0,0,0.0,4.0,0.0,0.0,0.0,2.0,0.0,0.0,,0.0,0.0,0.0,2010-2010,2010,2010,0,4,,,,,,-,,,,,,,,,,2010-2010,2010,2010,0,4,4.0,2.0,1.0,1.0,1.0,0.0,,0.5,0.25,0.5,0.25,True,True,All-rounder
AF Ifill (Caym),2019-2019,2019,2019,0,6,6.0,1.0,37.0,9,9.0,0,7.4,61.0,60.65,0.0,0.0,0.0,2.0,1.0,6.17,0.0,0.0,28.7,2019-2019,2019,2019,0,6,6.0,18.3,1.0,151.0,4.0,01-Jul,37.75,8.16,27.7,0.0,0.0,0.67,0.12,0.5,0.0,2019-2019,2019,2019,0,6,6.0,1.0,1.0,0.0,0.0,1.0,,0.166,0.17,0.17,0.0,True,True,All-rounder
AF Milne (NZ),2010-2018,2010,2018,8,21,8.0,8.0,21.0,10*,10.0,1,,23.0,91.3,0.0,0.0,0.0,1.0,0.0,1.0,0.0,0.0,,2010-2018,2010,2018,8,21,21.0,72.5,1.0,541.0,25.0,Apr-37,21.64,7.42,17.4,1.0,0.0,1.19,0.13,0.87,0.0,2010-2018,2010,2018,8,21,21.0,5.0,5.0,0.0,0.0,5.0,,0.238,0.24,0.24,0.0,True,True,All-rounder
AG Achar (SGP),2019-2019,2019,2019,0,3,2.0,2.0,2.0,2*,2.0,1,,2.0,100.0,0.0,0.0,0.0,0.0,0.0,0.67,0.0,0.0,,2019-2019,2019,2019,0,3,3.0,6.0,0.0,44.0,2.0,01-Sep,22.0,7.33,18.0,0.0,0.0,0.67,0.14,0.51,0.0,2019-2019,2019,2019,0,3,3.0,0.0,0.0,0.0,0.0,0.0,0.0,0.0,0.0,0.0,0.0,True,True,All-rounder
AG Cremer (ZIM),2008-2018,2008,2018,10,29,19.0,6.0,68.0,17,17.0,0,5.23,102.0,66.66,0.0,0.0,2.0,2.0,0.0,2.34,0.0,0.0,29.8,2008-2018,2008,2018,10,29,28.0,95.0,1.0,660.0,35.0,03-Nov,18.85,6.94,16.2,0.0,0.0,1.21,0.14,0.89,0.0,2008-2018,2008,2018,10,29,29.0,6.0,6.0,0.0,0.0,6.0,,0.206,0.21,0.21,0.0,True,True,All-rounder
AG Prince (SA),2005-2005,2005,2005,0,1,1.0,0.0,5.0,5,5.0,0,5.0,6.0,83.33,0.0,0.0,0.0,0.0,0.0,5.0,0.0,0.0,36.33,2005-2005,2005,2005,0,1,,,,,,-,,,,,,,,,,2005-2005,2005,2005,0,1,1.0,0.0,0.0,0.0,0.0,0.0,0.0,0.0,0.0,0.0,0.0,True,True,All-rounder
AJ Ayannaike (NGA),2019-2019,2019,2019,0,3,3.0,0.0,44.0,33,33.0,0,14.66,43.0,102.32,0.0,0.0,1.0,4.0,2.0,14.67,0.0,0.0,49.72,2019-2019,2019,2019,0,3,,,,,,-,,,,,,,,,,2019-2019,2019,2019,0,3,3.0,3.0,2.0,1.0,2.0,0.0,,1.0,0.67,1.0,0.33,True,True,All-rounder
AJ Finch (AUS),2011-2019,2011,2019,8,58,58.0,9.0,1878.0,172,172.0,0,38.32,1200.0,156.5,2.0,11.0,4.0,182.0,90.0,32.38,3.45,18.97,85.59,2011-2019,2011,2019,8,58,2.0,2.0,0.0,27.0,0.0,-,,13.5,,0.0,0.0,0.0,0.07,0.02,0.0,2011-2019,2011,2019,8,58,57.0,24.0,24.0,0.0,0.0,24.0,,0.421,0.41,0.41,0.0,True,True,All-rounder
AJ Hall (SA),2006-2006,2006,2006,0,2,1.0,0.0,11.0,11,11.0,0,11.0,10.0,110.0,0.0,0.0,0.0,1.0,0.0,5.5,0.0,0.0,50.6,2006-2006,2006,2006,0,2,2.0,8.0,0.0,60.0,3.0,Mar-22,20.0,7.5,16.0,0.0,0.0,1.5,0.13,1.09,0.0,2006-2006,2006,2006,0,2,2.0,0.0,0.0,0.0,0.0,0.0,0.0,0.0,0.0,0.0,0.0,True,True,All-rounder
AJ Ireland (ZIM),2006-2006,2006,2006,0,1,1.0,1.0,2.0,2*,2.0,1,,3.0,66.66,0.0,0.0,0.0,0.0,0.0,2.0,0.0,0.0,,2006-2006,2006,2006,0,1,1.0,3.0,0.0,33.0,1.0,Jan-33,33.0,11.0,18.0,0.0,0.0,1.0,0.09,0.73,0.0,2006-2006,2006,2006,0,1,1.0,0.0,0.0,0.0,0.0,0.0,0.0,0.0,0.0,0.0,0.0,True,True,All-rounder
AJ McKay (NZ),2010-2010,2010,2010,0,2,1.0,0.0,0.0,0,0.0,0,0.0,1.0,0.0,0.0,0.0,1.0,0.0,0.0,,0.0,0.0,0.0,2010-2010,2010,2010,0,2,2.0,5.4,0.0,31.0,2.0,Feb-20,15.5,5.47,17.0,0.0,0.0,1.0,0.18,0.75,0.0,2010-2010,2010,2010,0,2,2.0,0.0,0.0,0.0,0.0,0.0,0.0,0.0,0.0,0.0,0.0,True,True,All-rounder
AJ Michael (Samoa),2019-2019,2019,2019,0,4,4.0,1.0,67.0,23,23.0,0,22.33,69.0,97.1,0.0,0.0,0.0,5.0,2.0,16.75,0.0,0.0,52.24,2019-2019,2019,2019,0,4,1.0,2.0,0.0,18.0,0.0,-,,9.0,,0.0,0.0,0.0,0.11,0.03,0.0,2019-2019,2019,2019,0,4,4.0,1.0,1.0,0.0,0.0,1.0,,0.25,0.25,0.25,0.0,True,True,All-rounder
AJ Redmond (NZ),2009-2010,2009,2010,1,7,6.0,0.0,126.0,63,63.0,0,21.0,84.0,150.0,0.0,1.0,0.0,19.0,2.0,18.0,0.0,14.29,72.6,2009-2010,2009,2010,1,7,1.0,2.5,0.0,24.0,2.0,Feb-24,12.0,8.47,8.5,0.0,0.0,0.29,0.12,0.24,0.0,2009-2010,2009,2010,1,7,7.0,3.0,3.0,0.0,0.0,3.0,,0.428,0.43,0.43,0.0,True,True,All-rounder
AJ Staal (NL),2019-2019,2019,2019,0,9,8.0,2.0,97.0,28*,28.0,1,16.16,79.0,122.78,0.0,0.0,2.0,5.0,5.0,10.78,0.0,0.0,58.81,2019-2019,2019,2019,0,9,,,,,,-,,,,,,,,,,2019-2019,2019,2019,0,9,9.0,0.0,0.0,0.0,0.0,0.0,0.0,0.0,0.0,0.0,0.0,True,True,All-rounder
AJ Strauss (ENG),2005-2009,2005,2009,4,4,4.0,0.0,73.0,33,33.0,0,18.25,64.0,114.06,0.0,0.0,1.0,9.0,0.0,18.25,0.0,0.0,56.57,2005-2009,2005,2009,4,4,,,,,,-,,,,,,,,,,2005-2009,2005,2009,4,4,4.0,1.0,1.0,0.0,0.0,1.0,,0.25,0.25,0.25,0.0,True,True,All-rounder
AJ Turner (AUS),2017-2019,2017,2019,2,11,7.0,3.0,57.0,22*,22.0,1,14.25,57.0,100.0,0.0,0.0,1.0,1.0,2.0,5.18,0.0,0.0,48.55,2017-2019,2017,2019,2,11,3.0,6.0,0.0,42.0,3.0,02-Dec,14.0,7.0,12.0,0.0,0.0,0.27,0.14,0.23,0.0,2017-2019,2017,2019,2,11,11.0,5.0,5.0,0.0,0.0,5.0,,0.454,0.45,0.45,0.0,True,True,All-rounder
AJ Tye (AUS),2016-2018,2016,2018,2,26,11.0,5.0,61.0,20,20.0,0,10.16,55.0,110.9,0.0,0.0,2.0,4.0,3.0,2.35,0.0,0.0,50.46,2016-2018,2016,2018,2,26,25.0,91.5,1.0,815.0,37.0,Apr-23,22.02,8.87,14.8,1.0,0.0,1.42,0.11,1.03,0.0,2016-2018,2016,2018,2,26,25.0,8.0,8.0,0.0,0.0,8.0,,0.32,0.31,0.31,0.0,True,True,All-rounder
AK Kitchen (NZ),2017-2018,2017,2018,1,5,4.0,1.0,38.0,16,16.0,0,12.66,32.0,118.75,0.0,0.0,0.0,3.0,1.0,7.6,0.0,0.0,55.1,2017-2018,2017,2018,1,5,3.0,6.0,0.0,46.0,2.0,01-Mar,23.0,7.66,18.0,0.0,0.0,0.4,0.13,0.32,0.0,2017-2018,2017,2018,1,5,4.0,3.0,3.0,0.0,0.0,3.0,,0.75,0.6,0.6,0.0,True,True,All-rounder
AK Mandal (NEPAL),2015-2015,2015,2015,0,2,2.0,0.0,11.0,9,9.0,0,5.5,25.0,44.0,0.0,0.0,0.0,0.0,0.0,5.5,0.0,0.0,20.9,2015-2015,2015,2015,0,2,,,,,,-,,,,,,,,,,2015-2015,2015,2015,0,2,2.0,1.0,1.0,0.0,0.0,1.0,,0.5,0.5,0.5,0.0,True,True,All-rounder
AK Markram (SA),2019-2019,2019,2019,0,2,2.0,0.0,18.0,15,15.0,0,9.0,17.0,105.88,0.0,0.0,0.0,1.0,1.0,9.0,0.0,0.0,47.75,2019-2019,2019,2019,0,2,,,,,,-,,,,,,,,,,2019-2019,2019,2019,0,2,2.0,1.0,1.0,0.0,0.0,1.0,,0.5,0.5,0.5,0.0,True,True,All-rounder
AK Mohan (Fin),2019-2019,2019,2019,0,5,5.0,0.0,82.0,41,41.0,0,16.4,72.0,113.88,0.0,0.0,1.0,9.0,1.0,16.4,0.0,0.0,55.39,2019-2019,2019,2019,0,5,,,,,,-,,,,,,,,,,2019-2019,2019,2019,0,5,5.0,7.0,5.0,2.0,3.0,2.0,,1.4,1.0,1.4,0.4,True,True,All-rounder
AK Muslar (Blz),2019-2019,2019,2019,0,3,3.0,0.0,22.0,13,13.0,0,7.33,27.0,81.48,0.0,0.0,1.0,1.0,2.0,7.33,0.0,0.0,36.99,2019-2019,2019,2019,0,3,3.0,9.0,1.0,41.0,8.0,03-Oct,5.12,4.55,6.7,0.0,0.0,2.67,0.22,1.93,0.0,2019-2019,2019,2019,0,3,3.0,1.0,1.0,0.0,0.0,1.0,,0.333,0.33,0.33,0.0,True,True,All-rounder
AK Perera (SL),2013-2019,2013,2019,6,6,5.0,0.0,59.0,16,16.0,0,11.8,65.0,90.76,0.0,0.0,0.0,5.0,1.0,9.83,0.0,0.0,43.38,2013-2019,2013,2019,6,6,1.0,1.0,0.0,17.0,0.0,-,,17.0,,0.0,0.0,0.0,0.06,0.02,0.0,2013-2019,2013,2019,6,6,6.0,1.0,1.0,0.0,0.0,1.0,,0.166,0.17,0.17,0.0,True,True,All-rounder
AK Sah (NEPAL),2018-2018,2018,2018,0,1,,,,-,,0,,,,,,,,,,,,,2018-2018,2018,2018,0,1,,,,,,-,,,,,,,,,,2018-2018,2018,2018,0,1,1.0,0.0,0.0,0.0,0.0,0.0,0.0,0.0,0.0,0.0,0.0,True,True,All-rounder
AL Phehlukwayo (SA),2017-2019,2017,2019,2,23,11.0,5.0,73.0,27*,27.0,1,12.16,66.0,110.6,0.0,0.0,3.0,10.0,1.0,3.17,0.0,0.0,51.54,2017-2019,2017,2019,2,23,22.0,69.5,0.0,550.0,29.0,Apr-24,18.96,7.87,14.4,1.0,0.0,1.26,0.13,0.92,0.0,2017-2019,2017,2019,2,23,23.0,6.0,6.0,0.0,0.0,6.0,,0.26,0.26,0.26,0.0,True,True,All-rounder
AL Stephen (VAN),2019-2019,2019,2019,0,2,1.0,0.0,1.0,1,1.0,0,1.0,2.0,50.0,0.0,0.0,0.0,0.0,0.0,0.5,0.0,0.0,20.6,2019-2019,2019,2019,0,2,2.0,7.0,0.0,29.0,2.0,Feb-15,14.5,4.14,21.0,0.0,0.0,1.0,0.24,0.77,0.0,2019-2019,2019,2019,0,2,2.0,0.0,0.0,0.0,0.0,0.0,0.0,0.0,0.0,0.0,0.0,True,True,All-rounder
AM Blignaut (ZIM),2010-2010,2010,2010,0,1,1.0,0.0,8.0,8,8.0,0,8.0,8.0,100.0,0.0,0.0,0.0,1.0,0.0,8.0,0.0,0.0,44.8,2010-2010,2010,2010,0,1,,,,,,-,,,,,,,,,,2010-2010,2010,2010,0,1,1.0,0.0,0.0,0.0,0.0,0.0,0.0,0.0,0.0,0.0,0.0,True,True,All-rounder
AM Ellis (NZ),2012-2013,2012,2013,1,5,5.0,2.0,25.0,16,16.0,0,8.33,21.0,119.04,0.0,0.0,0.0,1.0,1.0,5.0,0.0,0.0,52.61,2012-2013,2012,2013,1,5,4.0,10.0,0.0,105.0,2.0,Feb-40,52.5,10.5,30.0,0.0,0.0,0.4,0.1,0.31,0.0,2012-2013,2012,2013,1,5,5.0,0.0,0.0,0.0,0.0,0.0,0.0,0.0,0.0,0.0,0.0,True,True,All-rounder
AM Guruge (UAE),2014-2015,2014,2015,1,5,3.0,2.0,3.0,1*,1.0,1,3.0,8.0,37.5,0.0,0.0,0.0,0.0,0.0,0.6,0.0,0.0,16.8,2014-2015,2014,2015,1,5,5.0,16.0,0.0,125.0,5.0,Feb-18,25.0,7.81,19.2,0.0,0.0,1.0,0.13,0.74,0.0,2014-2015,2014,2015,1,5,5.0,1.0,1.0,0.0,0.0,1.0,,0.2,0.2,0.2,0.0,True,True,All-rounder
AM McCarthy (WI),2018-2018,2018,2018,0,1,1.0,0.0,5.0,5,5.0,0,5.0,8.0,62.5,0.0,0.0,0.0,0.0,0.0,5.0,0.0,0.0,28.0,2018-2018,2018,2018,0,1,1.0,2.0,0.0,12.0,0.0,-,,6.0,,0.0,0.0,0.0,0.17,0.05,0.0,2018-2018,2018,2018,0,1,1.0,0.0,0.0,0.0,0.0,0.0,0.0,0.0,0.0,0.0,0.0,True,True,All-rounder
AM Oyede (NGA),2019-2019,2019,2019,0,8,8.0,1.0,73.0,39,39.0,0,10.42,104.0,70.19,0.0,0.0,2.0,5.0,1.0,9.13,0.0,0.0,34.33,2019-2019,2019,2019,0,8,3.0,8.0,0.0,44.0,1.0,Jan-14,44.0,5.5,48.0,0.0,0.0,0.13,0.18,0.14,0.0,2019-2019,2019,2019,0,8,8.0,2.0,2.0,0.0,0.0,2.0,,0.25,0.25,0.25,0.0,True,True,All-rounder
AM Phangiso (SA),2012-2018,2012,2018,6,16,3.0,0.0,19.0,13,13.0,0,6.33,29.0,65.51,0.0,0.0,0.0,1.0,0.0,1.19,0.0,0.0,30.0,2012-2018,2012,2018,6,16,16.0,57.0,0.0,443.0,20.0,Mar-25,22.15,7.77,17.1,0.0,0.0,1.25,0.13,0.91,0.0,2012-2018,2012,2018,6,16,16.0,0.0,0.0,0.0,0.0,0.0,0.0,0.0,0.0,0.0,0.0,True,True,All-rounder
AM Rahane (INDIA),2011-2016,2011,2016,5,20,20.0,2.0,375.0,61,61.0,0,20.83,331.0,113.29,0.0,1.0,2.0,32.0,6.0,18.75,0.0,5.0,57.81,2011-2016,2011,2016,5,20,,,,,,-,,,,,,,,,,2011-2016,2011,2016,5,20,20.0,16.0,16.0,0.0,0.0,16.0,,0.8,0.8,0.8,0.0,True,True,All-rounder
AM Samad (CAN),2008-2010,2008,2010,2,7,6.0,0.0,97.0,29,29.0,0,16.16,88.0,110.22,0.0,0.0,1.0,8.0,4.0,13.86,0.0,0.0,53.78,2008-2010,2008,2010,2,7,1.0,2.0,0.0,36.0,1.0,Jan-36,36.0,18.0,12.0,0.0,0.0,0.14,0.06,0.12,0.0,2008-2010,2008,2010,2,7,7.0,1.0,1.0,0.0,0.0,1.0,,0.142,0.14,0.14,0.0,True,True,All-rounder
AN Cook (ENG),2007-2009,2007,2009,2,4,4.0,0.0,61.0,26,26.0,0,15.25,54.0,112.96,0.0,0.0,0.0,10.0,0.0,15.25,0.0,0.0,54.33,2007-2009,2007,2009,2,4,,,,,,-,,,,,,,,,,2007-2009,2007,2009,2,4,4.0,1.0,1.0,0.0,0.0,1.0,,0.25,0.25,0.25,0.0,True,True,All-rounder
AN Kervezee (NL),2009-2012,2009,2012,3,10,10.0,1.0,289.0,58*,58.0,1,32.11,262.0,110.3,0.0,2.0,0.0,19.0,6.0,28.9,0.0,20.0,63.39,2009-2012,2009,2012,3,10,,,,,,-,,,,,,,,,,2009-2012,2009,2012,3,10,10.0,4.0,4.0,0.0,0.0,4.0,,0.4,0.4,0.4,0.0,True,True,All-rounder
AN Petersen (SA),2010-2010,2010,2010,0,2,2.0,0.0,14.0,8,8.0,0,7.0,19.0,73.68,0.0,0.0,0.0,1.0,0.0,7.0,0.0,0.0,33.67,2010-2010,2010,2010,0,2,,,,,,-,,,,,,,,,,2010-2010,2010,2010,0,2,2.0,1.0,1.0,0.0,0.0,1.0,,0.5,0.5,0.5,0.0,True,True,All-rounder
AO Suji (KENYA),2007-2010,2007,2010,3,8,5.0,2.0,15.0,7,7.0,0,5.0,29.0,51.72,0.0,0.0,0.0,0.0,0.0,1.88,0.0,0.0,23.69,2007-2010,2007,2010,3,8,6.0,16.1,1.0,116.0,4.0,Feb-23,29.0,7.17,24.2,0.0,0.0,0.5,0.14,0.39,0.0,2007-2010,2007,2010,3,8,8.0,3.0,3.0,0.0,0.0,3.0,,0.375,0.38,0.38,0.0,True,True,All-rounder
AP Devcich (NZ),2013-2014,2013,2014,1,4,4.0,0.0,111.0,59,59.0,0,27.75,79.0,140.5,0.0,1.0,0.0,17.0,2.0,27.75,0.0,25.0,72.85,2013-2014,2013,2014,1,4,4.0,12.0,0.0,80.0,2.0,Feb-16,40.0,6.66,36.0,0.0,0.0,0.5,0.15,0.4,0.0,2013-2014,2013,2014,1,4,4.0,2.0,2.0,0.0,0.0,2.0,,0.5,0.5,0.5,0.0,True,True,All-rounder
AR Adams (NZ),2005-2006,2005,2006,1,4,2.0,1.0,13.0,7,7.0,0,13.0,12.0,108.33,0.0,0.0,0.0,1.0,0.0,3.25,0.0,0.0,51.13,2005-2006,2005,2006,1,4,4.0,12.5,0.0,105.0,3.0,Feb-20,35.0,8.18,25.6,0.0,0.0,0.75,0.12,0.56,0.0,2005-2006,2005,2006,1,4,4.0,1.0,1.0,0.0,0.0,1.0,,0.25,0.25,0.25,0.0,True,True,All-rounder
AR Cusack (IRE),2008-2015,2008,2015,7,37,21.0,6.0,229.0,65,65.0,0,15.26,177.0,129.37,0.0,1.0,1.0,17.0,6.0,6.19,0.0,2.7,60.9,2008-2015,2008,2015,7,37,33.0,101.0,3.0,714.0,35.0,04-Nov,20.4,7.06,17.3,3.0,0.0,0.95,0.14,0.7,0.0,2008-2015,2008,2015,7,37,33.0,7.0,7.0,0.0,0.0,7.0,,0.212,0.19,0.19,0.0,True,True,All-rounder
AR Gandhi (KENYA),2019-2019,2019,2019,0,3,3.0,1.0,86.0,50,50.0,0,43.0,98.0,87.75,0.0,1.0,0.0,5.0,1.0,28.67,0.0,33.33,60.9,2019-2019,2019,2019,0,3,,,,,,-,,,,,,,,,,2019-2019,2019,2019,0,3,3.0,0.0,0.0,0.0,0.0,0.0,0.0,0.0,0.0,0.0,0.0,True,True,All-rounder
AR McBrine (IRE),2014-2017,2014,2017,3,19,11.0,5.0,73.0,14*,14.0,1,12.16,70.0,104.28,0.0,0.0,1.0,6.0,1.0,3.84,0.0,0.0,49.01,2014-2017,2014,2017,3,19,13.0,29.0,0.0,216.0,13.0,02-Jul,16.61,7.44,13.3,0.0,0.0,0.68,0.13,0.52,0.0,2014-2017,2014,2017,3,19,18.0,6.0,6.0,0.0,0.0,6.0,,0.333,0.32,0.32,0.0,True,True,All-rounder
AR Nurse (WI),2011-2019,2011,2019,8,13,8.0,6.0,85.0,20*,20.0,1,42.5,71.0,119.71,0.0,0.0,0.0,7.0,3.0,6.54,0.0,0.0,73.38,2011-2019,2011,2019,8,13,13.0,40.0,0.0,318.0,8.0,02-Jun,39.75,7.95,30.0,0.0,0.0,0.62,0.13,0.47,0.0,2011-2019,2011,2019,8,13,13.0,6.0,6.0,0.0,0.0,6.0,,0.461,0.46,0.46,0.0,True,True,All-rounder
AR Patel (INDIA),2015-2018,2015,2018,3,11,7.0,3.0,68.0,20*,20.0,1,17.0,54.0,125.92,0.0,0.0,0.0,3.0,3.0,6.18,0.0,0.0,60.57,2015-2018,2015,2018,3,11,11.0,39.0,0.0,265.0,9.0,Mar-17,29.44,6.79,26.0,0.0,0.0,0.82,0.15,0.62,0.0,2015-2018,2015,2018,3,11,11.0,5.0,5.0,0.0,0.0,5.0,,0.454,0.45,0.45,0.0,True,True,All-rounder
AR White (IRE),2008-2012,2008,2012,4,18,12.0,6.0,137.0,29,29.0,0,22.83,128.0,107.03,0.0,0.0,0.0,12.0,2.0,7.61,0.0,0.0,56.51,2008-2012,2008,2012,4,18,1.0,4.0,0.0,18.0,2.0,Feb-18,9.0,4.5,12.0,0.0,0.0,0.11,0.22,0.14,0.0,2008-2012,2008,2012,4,18,17.0,2.0,2.0,0.0,0.0,2.0,,0.117,0.11,0.11,0.0,True,True,All-rounder
AS Abioye (NGA),2019-2019,2019,2019,0,5,1.0,1.0,0.0,0*,0.0,1,,0.0,,0.0,0.0,0.0,0.0,0.0,,0.0,0.0,,2019-2019,2019,2019,0,5,4.0,10.0,0.0,87.0,3.0,Feb-26,29.0,8.7,20.0,0.0,0.0,0.6,0.11,0.45,0.0,2019-2019,2019,2019,0,5,5.0,2.0,2.0,0.0,0.0,2.0,,0.4,0.4,0.4,0.0,True,True,All-rounder
AS Dean (CAN),2008-2013,2008,2013,5,2,2.0,0.0,8.0,7,7.0,0,4.0,10.0,80.0,0.0,0.0,0.0,0.0,0.0,4.0,0.0,0.0,34.4,2008-2013,2008,2013,5,2,2.0,4.0,0.0,32.0,2.0,Feb-18,16.0,8.0,12.0,0.0,0.0,1.0,0.13,0.74,0.0,2008-2013,2008,2013,5,2,2.0,1.0,1.0,0.0,0.0,1.0,,0.5,0.5,0.5,0.0,True,True,All-rounder
AS Hansra (CAN),2012-2013,2012,2013,1,8,8.0,2.0,82.0,30,30.0,0,13.66,85.0,96.47,0.0,0.0,0.0,4.0,3.0,10.25,0.0,0.0,46.78,2012-2013,2012,2013,1,8,6.0,15.0,0.0,94.0,7.0,Feb-13,13.42,6.26,12.8,0.0,0.0,0.88,0.16,0.66,0.0,2012-2013,2012,2013,1,8,8.0,2.0,2.0,0.0,0.0,2.0,,0.25,0.25,0.25,0.0,True,True,All-rounder
AS Mehmi (),2019-2019,2019,2019,0,3,2.0,1.0,31.0,21*,21.0,1,31.0,29.0,106.89,0.0,0.0,0.0,2.0,1.0,10.33,0.0,0.0,61.36,2019-2019,2019,2019,0,3,,,,,,-,,,,,,,,,,2019-2019,2019,2019,0,3,3.0,4.0,4.0,0.0,0.0,4.0,,1.333,1.33,1.33,0.0,True,True,All-rounder
AS Wright (GUE),2019-2019,2019,2019,0,8,7.0,0.0,72.0,43,43.0,0,10.28,84.0,85.71,0.0,0.0,1.0,6.0,3.0,9.0,0.0,0.0,40.45,2019-2019,2019,2019,0,8,,,,,,-,,,,,,,,,,2019-2019,2019,2019,0,8,8.0,1.0,1.0,0.0,0.0,1.0,,0.125,0.13,0.13,0.0,True,True,All-rounder
AT Carey (AUS),2018-2019,2018,2019,1,25,13.0,4.0,125.0,37*,37.0,1,13.88,101.0,123.76,0.0,0.0,0.0,10.0,4.0,5.0,0.0,0.0,57.83,2018-2019,2018,2019,1,25,,,,,,-,,,,,,,,,,2018-2019,2018,2019,1,25,24.0,22.0,13.0,9.0,13.0,0.0,,0.916,0.52,0.88,0.36,True,True,All-rounder
AT Rayudu (INDIA),2014-2016,2014,2016,2,6,5.0,1.0,42.0,20,20.0,0,10.5,50.0,84.0,0.0,0.0,2.0,5.0,0.0,7.0,0.0,0.0,39.9,2014-2016,2014,2016,2,6,,,,,,-,,,,,,,,,,2014-2016,2014,2016,2,6,6.0,4.0,4.0,0.0,0.0,4.0,,0.666,0.67,0.67,0.0,True,True,All-rounder
AU Rashid (ENG),2009-2019,2009,2019,10,40,15.0,8.0,51.0,9*,9.0,1,7.28,61.0,83.6,0.0,0.0,0.0,4.0,0.0,1.28,0.0,0.0,37.81,2009-2019,2009,2019,10,40,38.0,133.0,1.0,1000.0,39.0,03-Nov,25.64,7.51,20.4,0.0,0.0,0.98,0.13,0.72,0.0,2009-2019,2009,2019,10,40,40.0,10.0,10.0,0.0,0.0,10.0,,0.25,0.25,0.25,0.0,True,True,All-rounder
AV Lalcheta (OMAN),2015-2019,2015,2019,4,17,10.0,2.0,101.0,20,20.0,0,12.62,82.0,123.17,0.0,0.0,0.0,9.0,4.0,5.94,0.0,0.0,56.84,2015-2019,2015,2019,4,17,15.0,51.3,3.0,374.0,8.0,Jan-13,46.75,7.26,38.6,0.0,0.0,0.47,0.14,0.37,0.0,2015-2019,2015,2019,4,17,16.0,5.0,5.0,0.0,0.0,5.0,,0.312,0.29,0.29,0.0,True,True,All-rounder
AW Hawkins-Kay (JER),2019-2019,2019,2019,0,16,13.0,5.0,122.0,27*,27.0,1,15.25,136.0,89.7,0.0,0.0,1.0,8.0,0.0,7.63,0.0,0.0,45.03,2019-2019,2019,2019,0,16,15.0,36.0,0.0,266.0,14.0,Apr-14,19.0,7.38,15.4,1.0,0.0,0.88,0.14,0.65,0.0,2019-2019,2019,2019,0,16,16.0,7.0,7.0,0.0,0.0,7.0,,0.437,0.44,0.44,0.0,True,True,All-rounder
AY Patel (NZ),2018-2018,2018,2018,0,2,,,,-,,0,,,,,,,,,,,,,2018-2018,2018,2018,0,2,2.0,6.0,0.0,45.0,1.0,Jan-27,45.0,7.5,36.0,0.0,0.0,0.5,0.13,0.39,0.0,2018-2018,2018,2018,0,2,2.0,0.0,0.0,0.0,0.0,0.0,0.0,0.0,0.0,0.0,0.0,True,True,All-rounder
Aamer Ikram (PORT),2019-2019,2019,2019,0,4,4.0,0.0,58.0,23,23.0,0,14.5,73.0,79.45,0.0,0.0,0.0,4.0,4.0,14.5,0.0,0.0,40.48,2019-2019,2019,2019,0,4,,,,,,-,,,,,,,,,,2019-2019,2019,2019,0,4,4.0,0.0,0.0,0.0,0.0,0.0,0.0,0.0,0.0,0.0,0.0,True,True,All-rounder
Aamer Yamin (PAK),2015-2018,2015,2018,3,2,1.0,1.0,15.0,15*,15.0,1,,6.0,250.0,0.0,0.0,0.0,1.0,1.0,7.5,0.0,0.0,,2015-2018,2015,2018,3,2,2.0,6.0,0.0,37.0,2.0,01-Dec,18.5,6.16,18.0,0.0,0.0,1.0,0.16,0.75,0.0,2015-2018,2015,2018,3,2,2.0,0.0,0.0,0.0,0.0,0.0,0.0,0.0,0.0,0.0,0.0,True,True,All-rounder
Aamir Kaleem (OMAN),2015-2019,2015,2019,4,25,22.0,4.0,325.0,46*,46.0,1,18.05,306.0,106.2,0.0,0.0,4.0,26.0,9.0,13.0,0.0,0.0,53.31,2015-2019,2015,2019,4,25,20.0,54.0,0.0,388.0,22.0,May-15,17.63,7.18,14.7,2.0,1.0,0.88,0.14,0.66,0.04,2015-2019,2015,2019,4,25,24.0,12.0,12.0,0.0,0.0,12.0,,0.5,0.48,0.48,0.0,True,True,All-rounder
Aarif Sheikh (NEPAL),2018-2019,2018,2019,1,11,10.0,2.0,194.0,39*,39.0,1,24.25,181.0,107.18,0.0,0.0,0.0,18.0,4.0,17.64,0.0,0.0,57.42,2018-2019,2018,2019,1,11,,,,,,-,,,,,,,,,,2018-2019,2018,2019,1,11,11.0,5.0,5.0,0.0,0.0,5.0,,0.454,0.45,0.45,0.0,True,True,All-rounder
Aaron Jones (USA),2019-2019,2019,2019,0,8,7.0,3.0,81.0,39,39.0,0,20.25,81.0,100.0,0.0,0.0,0.0,3.0,2.0,10.13,0.0,0.0,52.15,2019-2019,2019,2019,0,8,3.0,7.0,0.0,28.0,2.0,01-Jun,14.0,4.0,21.0,0.0,0.0,0.25,0.25,0.25,0.0,2019-2019,2019,2019,0,8,8.0,0.0,0.0,0.0,0.0,0.0,0.0,0.0,0.0,0.0,0.0,True,True,All-rounder
Abbas Saad (Saudi),2019-2019,2019,2019,0,2,2.0,0.0,8.0,8,8.0,0,4.0,8.0,100.0,0.0,0.0,1.0,1.0,0.0,4.0,0.0,0.0,42.4,2019-2019,2019,2019,0,2,,,,,,-,,,,,,,,,,2019-2019,2019,2019,0,2,2.0,0.0,0.0,0.0,0.0,0.0,0.0,0.0,0.0,0.0,0.0,True,True,All-rounder
Abdul Hashmi (DEN),2019-2019,2019,2019,0,8,5.0,1.0,70.0,31,31.0,0,17.5,66.0,106.06,0.0,0.0,1.0,4.0,0.0,8.75,0.0,0.0,52.92,2019-2019,2019,2019,0,8,,,,,,-,,,,,,,,,,2019-2019,2019,2019,0,8,6.0,2.0,1.0,1.0,1.0,0.0,,0.333,0.13,0.25,0.13,True,True,All-rounder
Abdul Rashid (Belg),2019-2019,2019,2019,0,1,1.0,0.0,9.0,9,9.0,0,9.0,24.0,37.5,0.0,0.0,0.0,0.0,0.0,9.0,0.0,0.0,20.4,2019-2019,2019,2019,0,1,,,,,,-,,,,,,,,,,2019-2019,2019,2019,0,1,1.0,0.0,0.0,0.0,0.0,0.0,0.0,0.0,0.0,0.0,0.0,True,True,All-rounder
Abdul Razzaq (PAK),2006-2013,2006,2013,7,32,29.0,10.0,393.0,46*,46.0,1,20.68,337.0,116.61,0.0,0.0,2.0,21.0,21.0,12.28,0.0,0.0,59.05,2006-2013,2006,2013,7,32,22.0,56.3,2.0,395.0,20.0,Mar-13,19.75,6.99,16.9,0.0,0.0,0.63,0.14,0.48,0.0,2006-2013,2006,2013,7,32,32.0,2.0,2.0,0.0,0.0,2.0,,0.062,0.06,0.06,0.0,True,True,All-rounder
Abdul Shakoor (ROM),2019-2019,2019,2019,0,2,1.0,0.0,0.0,0,0.0,0,0.0,3.0,0.0,0.0,0.0,1.0,0.0,0.0,,0.0,0.0,0.0,2019-2019,2019,2019,0,2,,,,,,-,,,,,,,,,,2019-2019,2019,2019,0,2,2.0,2.0,1.0,1.0,1.0,0.0,,1.0,0.5,1.0,0.5,True,True,All-rounder
Abdul Shakoor (UAE),2015-2019,2015,2019,4,6,4.0,2.0,35.0,20*,20.0,1,17.5,40.0,87.5,0.0,0.0,0.0,3.0,0.0,5.83,0.0,0.0,45.5,2015-2019,2015,2019,4,6,,,,,,-,,,,,,,,,,2015-2019,2015,2019,4,6,6.0,1.0,0.0,1.0,0.0,0.0,,0.166,0.0,0.17,0.17,True,True,All-rounder
Abdul Wahid (Saudi),2019-2019,2019,2019,0,5,3.0,1.0,32.0,17*,17.0,1,16.0,26.0,123.07,0.0,0.0,0.0,4.0,1.0,6.4,0.0,0.0,58.83,2019-2019,2019,2019,0,5,5.0,17.0,0.0,117.0,5.0,Feb-21,23.4,6.88,20.4,0.0,0.0,1.0,0.15,0.74,0.0,2019-2019,2019,2019,0,5,5.0,1.0,1.0,0.0,0.0,1.0,,0.2,0.2,0.2,0.0,True,True,All-rounder
Abdul-Shakoor Rahimzei (GER),2019-2019,2019,2019,0,7,5.0,1.0,41.0,17,17.0,0,10.25,33.0,124.24,0.0,0.0,0.0,2.0,1.0,5.86,0.0,0.0,55.85,2019-2019,2019,2019,0,7,6.0,15.3,0.0,101.0,7.0,02-Oct,14.42,6.51,13.2,0.0,0.0,1.0,0.15,0.75,0.0,2019-2019,2019,2019,0,7,7.0,4.0,4.0,0.0,0.0,4.0,,0.571,0.57,0.57,0.0,True,True,All-rounder
Abdullah Akbarjan (Aut),2019-2019,2019,2019,0,5,1.0,0.0,21.0,21,21.0,0,21.0,17.0,123.52,0.0,0.0,0.0,3.0,0.0,4.2,0.0,0.0,62.01,2019-2019,2019,2019,0,5,4.0,13.0,0.0,72.0,6.0,Mar-20,12.0,5.53,13.0,0.0,0.0,1.2,0.18,0.89,0.0,2019-2019,2019,2019,0,5,5.0,2.0,2.0,0.0,0.0,2.0,,0.4,0.4,0.4,0.0,True,True,All-rounder
Abdullah Mahmood (DEN),2019-2019,2019,2019,0,1,1.0,0.0,2.0,2,2.0,0,2.0,2.0,100.0,0.0,0.0,0.0,0.0,0.0,2.0,0.0,0.0,41.2,2019-2019,2019,2019,0,1,1.0,1.0,0.0,9.0,0.0,-,,9.0,,0.0,0.0,0.0,0.11,0.03,0.0,2019-2019,2019,2019,0,1,1.0,0.0,0.0,0.0,0.0,0.0,0.0,0.0,0.0,0.0,0.0,True,True,All-rounder
Abdullah Sheikh (NOR),2019-2019,2019,2019,0,2,2.0,0.0,13.0,11,11.0,0,6.5,18.0,72.22,0.0,0.0,0.0,1.0,0.0,6.5,0.0,0.0,32.79,2019-2019,2019,2019,0,2,1.0,1.0,0.0,13.0,0.0,-,,13.0,,0.0,0.0,0.0,0.08,0.02,0.0,2019-2019,2019,2019,0,2,2.0,0.0,0.0,0.0,0.0,0.0,0.0,0.0,0.0,0.0,0.0,True,True,All-rounder
Abdur Rauf (PAK),2008-2008,2008,2008,0,1,,,,-,,0,,,,,,,,,,,,,2008-2008,2008,2008,0,1,1.0,3.0,0.0,21.0,0.0,-,,7.0,,0.0,0.0,0.0,0.14,0.04,0.0,2008-2008,2008,2008,0,1,1.0,0.0,0.0,0.0,0.0,0.0,0.0,0.0,0.0,0.0,0.0,True,True,All-rounder
Abdur Razzak (BDESH),2006-2014,2006,2014,8,34,20.0,10.0,41.0,9,9.0,0,4.1,74.0,55.4,0.0,0.0,5.0,1.0,0.0,1.21,0.0,0.0,24.62,2006-2014,2006,2014,8,34,33.0,121.4,4.0,838.0,44.0,Apr-16,19.04,6.88,16.5,1.0,0.0,1.29,0.15,0.95,0.0,2006-2014,2006,2014,8,34,33.0,10.0,10.0,0.0,0.0,10.0,,0.303,0.29,0.29,0.0,True,True,All-rounder
Abdur Rehman (PAK),2007-2013,2007,2013,6,8,5.0,3.0,22.0,7*,7.0,1,11.0,29.0,75.86,0.0,0.0,0.0,0.0,0.0,2.75,0.0,0.0,36.94,2007-2013,2007,2013,6,8,8.0,26.0,0.0,192.0,11.0,02-Jul,17.45,7.38,14.1,0.0,0.0,1.38,0.14,1.0,0.0,2007-2013,2007,2013,6,8,8.0,6.0,6.0,0.0,0.0,6.0,,0.75,0.75,0.75,0.0,True,True,All-rounder
Abraash Khan (CAN),2019-2019,2019,2019,0,7,4.0,0.0,66.0,22,22.0,0,16.5,60.0,110.0,0.0,0.0,0.0,7.0,1.0,9.43,0.0,0.0,53.9,2019-2019,2019,2019,0,7,,,,,,-,,,,,,,,,,2019-2019,2019,2019,0,7,7.0,1.0,1.0,0.0,0.0,1.0,,0.142,0.14,0.14,0.0,True,True,All-rounder
Abrar Bilal (Aut),2019-2019,2019,2019,0,3,2.0,0.0,44.0,41,41.0,0,22.0,24.0,183.33,0.0,0.0,0.0,6.0,2.0,14.67,0.0,0.0,86.53,2019-2019,2019,2019,0,3,,,,,,-,,,,,,,,,,2019-2019,2019,2019,0,3,3.0,1.0,0.0,1.0,0.0,0.0,,0.333,0.0,0.33,0.33,True,True,All-rounder
Abu Hider (BDESH),2016-2018,2016,2018,2,13,5.0,4.0,58.0,22*,22.0,1,58.0,43.0,134.88,0.0,0.0,0.0,5.0,4.0,4.46,0.0,0.0,88.75,2016-2018,2016,2018,2,13,12.0,36.0,0.0,330.0,6.0,Feb-40,55.0,9.16,36.0,0.0,0.0,0.46,0.11,0.36,0.0,2016-2018,2016,2018,2,13,12.0,2.0,2.0,0.0,0.0,2.0,,0.166,0.15,0.15,0.0,True,True,All-rounder
Abu Jayed (BDESH),2018-2018,2018,2018,0,3,2.0,0.0,3.0,2,2.0,0,1.5,7.0,42.85,0.0,0.0,0.0,0.0,0.0,1.0,0.0,0.0,18.04,2018-2018,2018,2018,0,3,3.0,11.0,0.0,106.0,4.0,Feb-27,26.5,9.63,16.5,0.0,0.0,1.33,0.1,0.96,0.0,2018-2018,2018,2018,0,3,3.0,1.0,1.0,0.0,0.0,1.0,,0.333,0.33,0.33,0.0,True,True,All-rounder
Abul Hasan (BDESH),2012-2018,2012,2018,6,5,2.0,0.0,14.0,9,9.0,0,7.0,11.0,127.27,0.0,0.0,0.0,2.0,0.0,2.8,0.0,0.0,55.11,2012-2018,2012,2018,6,5,5.0,14.0,0.0,148.0,4.0,Feb-33,37.0,10.57,21.0,0.0,0.0,0.8,0.09,0.59,0.0,2012-2018,2012,2018,6,5,5.0,0.0,0.0,0.0,0.0,0.0,0.0,0.0,0.0,0.0,0.0,True,True,All-rounder
Adil Hanif (BAH),2019-2019,2019,2019,0,4,2.0,0.0,24.0,16,16.0,0,12.0,23.0,104.34,0.0,0.0,0.0,3.0,0.0,6.0,0.0,0.0,48.94,2019-2019,2019,2019,0,4,,,,,,-,,,,,,,,,,2019-2019,2019,2019,0,4,4.0,0.0,0.0,0.0,0.0,0.0,0.0,0.0,0.0,0.0,0.0,True,True,All-rounder
Adnan Idrees (KUW),2019-2019,2019,2019,0,6,6.0,0.0,259.0,80,80.0,0,43.16,157.0,164.96,0.0,3.0,0.0,35.0,9.0,43.17,0.0,50.0,91.88,2019-2019,2019,2019,0,6,3.0,7.0,0.0,67.0,1.0,Jan-34,67.0,9.57,42.0,0.0,0.0,0.17,0.1,0.15,0.0,2019-2019,2019,2019,0,6,6.0,4.0,4.0,0.0,0.0,4.0,,0.666,0.67,0.67,0.0,True,True,All-rounder
Adnan Ilyas (OMAN),2015-2016,2015,2016,1,12,11.0,0.0,258.0,54,54.0,0,23.45,218.0,118.34,0.0,1.0,0.0,16.0,8.0,21.5,0.0,8.33,61.41,2015-2016,2015,2016,1,12,,,,,,-,,,,,,,,,,2015-2016,2015,2016,1,12,11.0,5.0,5.0,0.0,0.0,5.0,,0.454,0.42,0.42,0.0,True,True,All-rounder
Adnan Mufti (UAE),2017-2017,2017,2017,0,1,1.0,1.0,6.0,6*,6.0,1,,7.0,85.71,0.0,0.0,0.0,0.0,0.0,6.0,0.0,0.0,,2017-2017,2017,2017,0,1,,,,,,-,,,,,,,,,,2017-2017,2017,2017,0,1,1.0,0.0,0.0,0.0,0.0,0.0,0.0,0.0,0.0,0.0,0.0,True,True,All-rounder
Afif Hossain (BDESH),2018-2019,2018,2019,1,8,7.0,0.0,83.0,52,52.0,0,11.85,63.0,131.74,0.0,1.0,2.0,10.0,1.0,10.38,0.0,12.5,59.81,2018-2019,2018,2019,1,8,5.0,10.0,1.0,79.0,4.0,02-Sep,19.75,7.9,15.0,0.0,0.0,0.5,0.13,0.39,0.0,2018-2019,2018,2019,1,8,8.0,3.0,3.0,0.0,0.0,3.0,,0.375,0.38,0.38,0.0,True,True,All-rounder
Afsar Zazai (AFG),2013-2013,2013,2013,0,1,1.0,0.0,9.0,9,9.0,0,9.0,21.0,42.85,0.0,0.0,0.0,0.0,0.0,9.0,0.0,0.0,22.54,2013-2013,2013,2013,0,1,,,,,,-,,,,,,,,,,2013-2013,2013,2013,0,1,1.0,1.0,0.0,1.0,0.0,0.0,,1.0,0.0,1.0,1.0,True,True,All-rounder
Aftab Ahmed (2) (DEN),2019-2019,2019,2019,0,1,1.0,0.0,10.0,10,10.0,0,10.0,13.0,76.92,0.0,0.0,0.0,1.0,0.0,10.0,0.0,0.0,36.77,2019-2019,2019,2019,0,1,1.0,1.0,0.0,10.0,1.0,01-Oct,10.0,10.0,6.0,0.0,0.0,1.0,0.1,0.73,0.0,2019-2019,2019,2019,0,1,1.0,0.0,0.0,0.0,0.0,0.0,0.0,0.0,0.0,0.0,0.0,True,True,All-rounder
Aftab Ahmed (BDESH),2006-2010,2006,2010,4,11,11.0,1.0,228.0,62*,62.0,1,22.8,178.0,128.08,0.0,1.0,0.0,26.0,6.0,20.73,0.0,9.09,64.91,2006-2010,2006,2010,4,11,1.0,0.2,0.0,8.0,0.0,-,,24.0,,0.0,0.0,0.0,0.04,0.01,0.0,2006-2010,2006,2010,4,11,11.0,4.0,4.0,0.0,0.0,4.0,,0.363,0.36,0.36,0.0,True,True,All-rounder
Aftab Alam (AFG),2012-2018,2012,2018,6,12,5.0,3.0,2.0,1*,1.0,1,1.0,9.0,22.22,0.0,0.0,1.0,0.0,0.0,0.17,0.0,0.0,9.49,2012-2018,2012,2018,6,12,12.0,40.5,0.0,324.0,11.0,Feb-23,29.45,7.93,22.2,0.0,0.0,0.92,0.13,0.68,0.0,2012-2018,2012,2018,6,12,12.0,3.0,3.0,0.0,0.0,3.0,,0.25,0.25,0.25,0.0,True,True,All-rounder
Ahmed Faiz (MAL),2019-2019,2019,2019,0,10,10.0,1.0,202.0,45,45.0,0,22.44,179.0,112.84,0.0,0.0,0.0,14.0,6.0,20.2,0.0,0.0,58.6,2019-2019,2019,2019,0,10,,,,,,-,,,,,,,,,,2019-2019,2019,2019,0,10,9.0,2.0,2.0,0.0,0.0,2.0,,0.222,0.2,0.2,0.0,True,True,All-rounder
Ahmed Hassan (Mald),2019-2019,2019,2019,0,11,10.0,0.0,189.0,53,53.0,0,18.9,192.0,98.43,0.0,1.0,0.0,18.0,2.0,17.18,0.0,9.09,50.71,2019-2019,2019,2019,0,11,5.0,7.3,0.0,81.0,2.0,01-Aug,40.5,10.8,22.5,0.0,0.0,0.18,0.09,0.16,0.0,2019-2019,2019,2019,0,11,11.0,1.0,1.0,0.0,0.0,1.0,,0.09,0.09,0.09,0.0,True,True,All-rounder
Ahmed Raza (UAE),2014-2019,2014,2019,5,36,14.0,7.0,96.0,22,22.0,0,13.71,123.0,78.04,0.0,0.0,1.0,2.0,4.0,2.67,0.0,0.0,39.44,2014-2019,2014,2019,5,36,35.0,120.2,1.0,779.0,20.0,Feb-18,38.95,6.47,36.1,0.0,0.0,0.56,0.15,0.44,0.0,2014-2019,2014,2019,5,36,36.0,13.0,13.0,0.0,0.0,13.0,,0.361,0.36,0.36,0.0,True,True,All-rounder
Ahmed Shehzad (PAK),2009-2019,2009,2019,10,59,59.0,2.0,1471.0,111*,111.0,1,25.8,1282.0,114.74,1.0,7.0,2.0,157.0,33.0,24.93,1.69,11.86,61.38,2009-2019,2009,2019,10,59,1.0,1.0,0.0,10.0,0.0,-,,10.0,,0.0,0.0,0.0,0.1,0.03,0.0,2009-2019,2009,2019,10,59,59.0,15.0,15.0,0.0,0.0,15.0,,0.254,0.25,0.25,0.0,True,True,All-rounder
Ahmed Wardak (GER),2019-2019,2019,2019,0,9,4.0,2.0,27.0,20*,20.0,1,13.5,38.0,71.05,0.0,0.0,0.0,1.0,0.0,3.0,0.0,0.0,36.52,2019-2019,2019,2019,0,9,8.0,27.5,0.0,170.0,14.0,Apr-20,12.14,6.1,11.9,1.0,0.0,1.56,0.16,1.14,0.0,2019-2019,2019,2019,0,9,9.0,0.0,0.0,0.0,0.0,0.0,0.0,0.0,0.0,0.0,0.0,True,True,All-rounder
Ahsan Abbasi (HKG),2019-2019,2019,2019,0,6,6.0,0.0,80.0,18,18.0,0,13.33,87.0,91.95,0.0,0.0,0.0,7.0,2.0,13.33,0.0,0.0,44.78,2019-2019,2019,2019,0,6,,,,,,-,,,,,,,,,,2019-2019,2019,2019,0,6,6.0,0.0,0.0,0.0,0.0,0.0,0.0,0.0,0.0,0.0,0.0,True,True,All-rounder
Ahsan Malik (NL),2012-2017,2012,2017,5,31,8.0,5.0,28.0,11*,11.0,1,9.33,30.0,93.33,0.0,0.0,1.0,1.0,1.0,0.9,0.0,0.0,42.93,2012-2017,2012,2017,5,31,29.0,95.5,1.0,730.0,44.0,May-19,16.59,7.61,13.0,1.0,1.0,1.42,0.13,1.03,0.032,2012-2017,2012,2017,5,31,30.0,13.0,13.0,0.0,0.0,13.0,,0.433,0.42,0.42,0.0,True,True,All-rounder
Ainool Hafizs (MAL),2019-2019,2019,2019,0,3,3.0,0.0,41.0,21,21.0,0,13.66,39.0,105.12,0.0,0.0,0.0,3.0,1.0,13.67,0.0,0.0,50.24,2019-2019,2019,2019,0,3,,,,,,-,,,,,,,,,,2019-2019,2019,2019,0,3,3.0,0.0,0.0,0.0,0.0,0.0,0.0,0.0,0.0,0.0,0.0,True,True,All-rounder
Ainool Haqqiem (MAL),2019-2019,2019,2019,0,4,2.0,1.0,20.0,12,12.0,0,20.0,20.0,100.0,0.0,0.0,0.0,1.0,0.0,5.0,0.0,0.0,52.0,2019-2019,2019,2019,0,4,,,,,,-,,,,,,,,,,2019-2019,2019,2019,0,4,4.0,3.0,1.0,2.0,1.0,0.0,,0.75,0.25,0.75,0.5,True,True,All-rounder
Aizaz Cheema (PAK),2011-2012,2011,2012,1,5,1.0,1.0,0.0,0*,0.0,1,,3.0,0.0,0.0,0.0,0.0,0.0,0.0,,0.0,0.0,,2011-2012,2011,2012,1,5,5.0,17.0,0.0,116.0,8.0,Apr-30,14.5,6.82,12.7,1.0,0.0,1.6,0.15,1.16,0.0,2011-2012,2011,2012,1,5,5.0,0.0,0.0,0.0,0.0,0.0,0.0,0.0,0.0,0.0,0.0,True,True,All-rounder
Aizaz Khan (HKG),2014-2019,2014,2019,5,30,27.0,7.0,239.0,31,31.0,0,11.95,234.0,102.13,0.0,0.0,4.0,19.0,4.0,7.97,0.0,0.0,48.02,2014-2019,2014,2019,5,30,30.0,99.2,2.0,692.0,34.0,03-Oct,20.35,6.96,17.5,0.0,0.0,1.13,0.14,0.84,0.0,2014-2019,2014,2019,5,30,30.0,8.0,8.0,0.0,0.0,8.0,,0.266,0.27,0.27,0.0,True,True,All-rounder
Al-Amin Hossain (BDESH),2013-2019,2013,2019,6,28,6.0,4.0,7.0,5*,5.0,1,3.5,12.0,58.33,0.0,0.0,1.0,1.0,0.0,0.25,0.0,0.0,25.43,2013-2019,2013,2019,6,28,26.0,91.2,0.0,673.0,40.0,Mar-20,16.82,7.36,13.7,0.0,0.0,1.43,0.14,1.04,0.0,2013-2019,2013,2019,6,28,26.0,3.0,3.0,0.0,0.0,3.0,,0.115,0.11,0.11,0.0,True,True,All-rounder
Ali Ivan (Mald),2019-2019,2019,2019,0,1,1.0,0.0,11.0,11,11.0,0,11.0,39.0,28.2,0.0,0.0,0.0,0.0,0.0,11.0,0.0,0.0,17.88,2019-2019,2019,2019,0,1,,,,,,-,,,,,,,,,,2019-2019,2019,2019,0,1,1.0,0.0,0.0,0.0,0.0,0.0,0.0,0.0,0.0,0.0,0.0,True,True,All-rounder
Ali Naqi (PORT),2019-2019,2019,2019,0,4,1.0,1.0,0.0,0*,0.0,1,,0.0,,0.0,0.0,0.0,0.0,0.0,,0.0,0.0,,2019-2019,2019,2019,0,4,4.0,10.0,0.0,65.0,2.0,Feb-20,32.5,6.5,30.0,0.0,0.0,0.5,0.15,0.4,0.0,2019-2019,2019,2019,0,4,4.0,0.0,0.0,0.0,0.0,0.0,0.0,0.0,0.0,0.0,0.0,True,True,All-rounder
Alok Kapali (BDESH),2007-2011,2007,2011,4,7,7.0,2.0,57.0,19,19.0,0,11.4,85.0,67.05,0.0,0.0,2.0,3.0,1.0,8.14,0.0,0.0,33.66,2007-2011,2007,2011,4,7,2.0,5.0,0.0,35.0,2.0,02-Dec,17.5,7.0,15.0,0.0,0.0,0.29,0.14,0.24,0.0,2007-2011,2007,2011,4,7,7.0,2.0,2.0,0.0,0.0,2.0,,0.285,0.29,0.29,0.0,True,True,All-rounder
Ameel Mauroof (Mald),2019-2019,2019,2019,0,10,8.0,4.0,49.0,15*,15.0,1,12.25,63.0,77.77,0.0,0.0,0.0,3.0,0.0,4.9,0.0,0.0,38.46,2019-2019,2019,2019,0,10,10.0,23.0,0.0,173.0,5.0,Feb-13,34.6,7.52,27.6,0.0,0.0,0.5,0.13,0.39,0.0,2019-2019,2019,2019,0,10,10.0,0.0,0.0,0.0,0.0,0.0,0.0,0.0,0.0,0.0,0.0,True,True,All-rounder
Ameer Saiyed (Botsw),2019-2019,2019,2019,0,4,3.0,0.0,38.0,22,22.0,0,12.66,47.0,80.85,0.0,0.0,0.0,4.0,0.0,9.5,0.0,0.0,39.94,2019-2019,2019,2019,0,4,3.0,4.0,0.0,44.0,0.0,-,,11.0,,0.0,0.0,0.0,0.09,0.03,0.0,2019-2019,2019,2019,0,4,4.0,0.0,0.0,0.0,0.0,0.0,0.0,0.0,0.0,0.0,0.0,True,True,All-rounder
Aminuddin Ramly (MAL),2019-2019,2019,2019,0,10,9.0,2.0,97.0,33,33.0,0,13.85,59.0,164.4,0.0,0.0,1.0,3.0,9.0,9.7,0.0,0.0,74.07,2019-2019,2019,2019,0,10,,,,,,-,,,,,,,,,,2019-2019,2019,2019,0,10,9.0,3.0,3.0,0.0,0.0,3.0,,0.333,0.3,0.3,0.0,True,True,All-rounder
Aminul Islam (BDESH),2019-2019,2019,2019,0,4,3.0,2.0,14.0,9,9.0,0,14.0,14.0,100.0,0.0,0.0,0.0,2.0,0.0,3.5,0.0,0.0,48.4,2019-2019,2019,2019,0,4,4.0,14.0,0.0,98.0,6.0,Feb-18,16.33,7.0,14.0,0.0,0.0,1.5,0.14,1.09,0.0,2019-2019,2019,2019,0,4,4.0,0.0,0.0,0.0,0.0,0.0,0.0,0.0,0.0,0.0,0.0,True,True,All-rounder
Amir Ali (OMAN),2015-2016,2015,2016,1,10,8.0,3.0,97.0,32*,32.0,1,19.4,65.0,149.23,0.0,0.0,0.0,11.0,2.0,9.7,0.0,0.0,71.33,2015-2016,2015,2016,1,10,5.0,9.0,0.0,67.0,1.0,01-Jun,67.0,7.44,54.0,0.0,0.0,0.1,0.13,0.11,0.0,2015-2016,2015,2016,1,10,9.0,1.0,1.0,0.0,0.0,1.0,,0.111,0.1,0.1,0.0,True,True,All-rounder
Amir Hamza (AFG),2013-2017,2013,2017,4,31,9.0,5.0,40.0,21,21.0,0,10.0,38.0,105.26,0.0,0.0,1.0,3.0,1.0,1.29,0.0,0.0,48.1,2013-2017,2013,2017,4,31,31.0,106.0,2.0,716.0,29.0,Mar-39,24.68,6.75,21.9,0.0,0.0,0.94,0.15,0.7,0.0,2013-2017,2013,2017,4,31,31.0,0.0,0.0,0.0,0.0,0.0,0.0,0.0,0.0,0.0,0.0,True,True,All-rounder
Amir Hayat (UAE),2018-2019,2018,2019,1,4,2.0,0.0,3.0,3,3.0,0,1.5,6.0,50.0,0.0,0.0,1.0,0.0,0.0,0.75,0.0,0.0,20.9,2018-2019,2018,2019,1,4,4.0,14.0,0.0,103.0,6.0,Feb-16,17.16,7.35,14.0,0.0,0.0,1.5,0.14,1.09,0.0,2018-2019,2018,2019,1,4,4.0,0.0,0.0,0.0,0.0,0.0,0.0,0.0,0.0,0.0,0.0,True,True,All-rounder
Amir Mangal (GER),2019-2019,2019,2019,0,9,9.0,3.0,124.0,40,40.0,0,20.66,78.0,158.97,0.0,0.0,0.0,10.0,8.0,13.78,0.0,0.0,75.98,2019-2019,2019,2019,0,9,5.0,6.4,0.0,57.0,1.0,Jan-17,57.0,8.55,40.0,0.0,0.0,0.11,0.12,0.11,0.0,2019-2019,2019,2019,0,9,9.0,3.0,3.0,0.0,0.0,3.0,,0.333,0.33,0.33,0.0,True,True,All-rounder
Amjad Ali (UAE),2014-2015,2014,2015,1,5,5.0,1.0,42.0,20,20.0,0,10.5,52.0,80.76,0.0,0.0,0.0,6.0,0.0,8.4,0.0,0.0,38.6,2014-2015,2014,2015,1,5,,,,,,-,,,,,,,,,,2014-2015,2014,2015,1,5,5.0,1.0,1.0,0.0,0.0,1.0,,0.2,0.2,0.2,0.0,True,True,All-rounder
Amjad Javed (UAE),2014-2017,2014,2017,3,22,18.0,3.0,271.0,76,76.0,0,18.06,242.0,111.98,0.0,1.0,1.0,17.0,15.0,12.32,0.0,4.55,55.63,2014-2017,2014,2017,3,22,22.0,74.2,1.0,560.0,33.0,03-Dec,16.96,7.53,13.5,0.0,0.0,1.5,0.13,1.09,0.0,2014-2017,2014,2017,3,22,22.0,4.0,4.0,0.0,0.0,4.0,,0.181,0.18,0.18,0.0,True,True,All-rounder
Amjad Khan (UAE),2015-2016,2015,2016,1,4,3.0,0.0,28.0,24,24.0,0,9.33,30.0,93.33,0.0,0.0,0.0,3.0,1.0,7.0,0.0,0.0,42.93,2015-2016,2015,2016,1,4,,,,,,-,,,,,,,,,,2015-2016,2015,2016,1,4,4.0,2.0,2.0,0.0,0.0,2.0,,0.5,0.5,0.5,0.0,True,True,All-rounder
Amjad Mahboob (SGP),2019-2019,2019,2019,0,11,5.0,1.0,3.0,1*,1.0,1,0.75,14.0,21.42,0.0,0.0,2.0,0.0,0.0,0.27,0.0,0.0,9.02,2019-2019,2019,2019,0,11,11.0,37.4,1.0,317.0,19.0,Mar-20,16.68,8.41,11.8,0.0,0.0,1.73,0.12,1.24,0.0,2019-2019,2019,2019,0,11,11.0,2.0,2.0,0.0,0.0,2.0,,0.181,0.18,0.18,0.0,True,True,All-rounder
Amjad Sher (Fin),2019-2019,2019,2019,0,5,5.0,0.0,56.0,24,24.0,0,11.2,36.0,155.55,0.0,0.0,0.0,1.0,4.0,11.2,0.0,0.0,68.94,2019-2019,2019,2019,0,5,5.0,18.0,2.0,88.0,5.0,Feb-22,17.6,4.88,21.6,0.0,0.0,1.0,0.2,0.76,0.0,2019-2019,2019,2019,0,5,5.0,2.0,2.0,0.0,0.0,2.0,,0.4,0.4,0.4,0.0,True,True,All-rounder
Ammad Uddin (BAH),2019-2019,2019,2019,0,4,4.0,1.0,101.0,40*,40.0,1,33.66,53.0,190.56,0.0,0.0,0.0,11.0,5.0,25.25,0.0,0.0,96.42,2019-2019,2019,2019,0,4,1.0,0.1,0.0,1.0,0.0,-,,6.0,,0.0,0.0,0.0,0.17,0.05,0.0,2019-2019,2019,2019,0,4,4.0,0.0,0.0,0.0,0.0,0.0,0.0,0.0,0.0,0.0,0.0,True,True,All-rounder
Anam Mollik (ITA),2019-2019,2019,2019,0,2,1.0,0.0,9.0,9,9.0,0,9.0,10.0,90.0,0.0,0.0,0.0,1.0,0.0,4.5,0.0,0.0,41.4,2019-2019,2019,2019,0,2,,,,,,-,,,,,,,,,,2019-2019,2019,2019,0,2,2.0,1.0,1.0,0.0,0.0,1.0,,0.5,0.5,0.5,0.0,True,True,All-rounder
Anamul Haque (BDESH),2012-2015,2012,2015,3,13,13.0,2.0,355.0,58,58.0,0,32.27,301.0,117.94,0.0,1.0,1.0,38.0,12.0,27.31,0.0,7.69,66.54,2012-2015,2012,2015,3,13,,,,,,-,,,,,,,,,,2012-2015,2012,2015,3,13,12.0,2.0,2.0,0.0,1.0,1.0,,0.166,0.15,0.15,0.0,True,True,All-rounder
Anas Khan (HKG),2014-2014,2014,2014,0,1,1.0,1.0,21.0,21*,21.0,1,,28.0,75.0,0.0,0.0,0.0,2.0,0.0,21.0,0.0,0.0,,2014-2014,2014,2014,0,1,,,,,,-,,,,,,,,,,2014-2014,2014,2014,0,1,1.0,0.0,0.0,0.0,0.0,0.0,0.0,0.0,0.0,0.0,0.0,True,True,All-rounder
Anasim Khan (BAH),2019-2019,2019,2019,0,4,3.0,1.0,45.0,22,22.0,0,22.5,39.0,115.38,0.0,0.0,0.0,2.0,1.0,11.25,0.0,0.0,59.65,2019-2019,2019,2019,0,4,4.0,14.0,0.0,119.0,0.0,-,,8.5,,0.0,0.0,0.0,0.12,0.04,0.0,2019-2019,2019,2019,0,4,4.0,1.0,1.0,0.0,0.0,1.0,,0.25,0.25,0.25,0.0,True,True,All-rounder
Anique Uddin (DEN),2019-2019,2019,2019,0,6,6.0,0.0,64.0,31,31.0,0,10.66,79.0,81.01,0.0,0.0,0.0,3.0,0.0,10.67,0.0,0.0,38.8,2019-2019,2019,2019,0,6,2.0,2.3,0.0,14.0,2.0,02-Dec,7.0,5.6,7.5,0.0,0.0,0.33,0.18,0.29,0.0,2019-2019,2019,2019,0,6,5.0,2.0,2.0,0.0,0.0,2.0,,0.4,0.33,0.33,0.0,True,True,All-rounder
Anowarul Islam (THAI),2019-2019,2019,2019,0,4,4.0,0.0,15.0,9,9.0,0,3.75,20.0,75.0,0.0,0.0,1.0,1.0,1.0,3.75,0.0,0.0,32.25,2019-2019,2019,2019,0,4,2.0,3.0,0.0,25.0,0.0,-,,8.33,,0.0,0.0,0.0,0.12,0.04,0.0,2019-2019,2019,2019,0,4,4.0,3.0,3.0,0.0,0.0,3.0,,0.75,0.75,0.75,0.0,True,True,All-rounder
Ansar Iqbal (NOR),2019-2019,2019,2019,0,4,4.0,0.0,64.0,40,40.0,0,16.0,72.0,88.88,0.0,0.0,0.0,6.0,1.0,16.0,0.0,0.0,45.15,2019-2019,2019,2019,0,4,1.0,2.0,0.0,13.0,0.0,-,,6.5,,0.0,0.0,0.0,0.15,0.05,0.0,2019-2019,2019,2019,0,4,4.0,0.0,0.0,0.0,0.0,0.0,0.0,0.0,0.0,0.0,0.0,True,True,All-rounder
Anshuman Rath (HKG),2015-2017,2015,2017,2,20,19.0,2.0,321.0,44,44.0,0,18.88,344.0,93.31,0.0,0.0,1.0,31.0,2.0,16.05,0.0,0.0,48.65,2015-2017,2015,2017,2,20,13.0,33.0,0.0,264.0,5.0,03-Jun,52.8,8.0,39.6,0.0,0.0,0.25,0.13,0.21,0.0,2015-2017,2015,2017,2,20,20.0,6.0,6.0,0.0,0.0,6.0,,0.3,0.3,0.3,0.0,True,True,All-rounder
Anwar Ali (PAK),2008-2016,2008,2016,8,16,11.0,4.0,109.0,46,46.0,0,15.57,77.0,141.55,0.0,0.0,0.0,6.0,6.0,6.81,0.0,0.0,65.96,2008-2016,2008,2016,8,16,15.0,44.1,0.0,367.0,10.0,Feb-27,36.7,8.3,26.5,0.0,0.0,0.63,0.12,0.47,0.0,2008-2016,2008,2016,8,16,16.0,5.0,5.0,0.0,0.0,5.0,,0.312,0.31,0.31,0.0,True,True,All-rounder
Anwar Arudin (MAL),2019-2019,2019,2019,0,12,12.0,0.0,91.0,32,32.0,0,7.58,98.0,92.85,0.0,0.0,3.0,10.0,2.0,7.58,0.0,0.0,41.69,2019-2019,2019,2019,0,12,,,,,,-,,,,,,,,,,2019-2019,2019,2019,0,12,11.0,2.0,2.0,0.0,0.0,2.0,,0.181,0.17,0.17,0.0,True,True,All-rounder
Anwar Rahman (MAL),2019-2019,2019,2019,0,9,4.0,1.0,5.0,3*,3.0,1,1.66,8.0,62.5,0.0,0.0,1.0,0.0,0.0,0.56,0.0,0.0,26.0,2019-2019,2019,2019,0,9,8.0,23.3,1.0,117.0,11.0,Apr-16,10.63,4.97,12.8,1.0,0.0,1.22,0.2,0.92,0.0,2019-2019,2019,2019,0,9,8.0,2.0,2.0,0.0,0.0,2.0,,0.25,0.22,0.22,0.0,True,True,All-rounder
Apon Mustafizur (Serb),2019-2019,2019,2019,0,2,2.0,0.0,11.0,11,11.0,0,5.5,28.0,39.28,0.0,0.0,1.0,2.0,0.0,5.5,0.0,0.0,19.01,2019-2019,2019,2019,0,2,1.0,3.0,0.0,30.0,2.0,Feb-30,15.0,10.0,9.0,0.0,0.0,1.0,0.1,0.73,0.0,2019-2019,2019,2019,0,2,2.0,0.0,0.0,0.0,0.0,0.0,0.0,0.0,0.0,0.0,0.0,True,True,All-rounder
Aqib Ilyas (OMAN),2015-2019,2015,2019,4,22,22.0,4.0,408.0,60,60.0,0,22.66,356.0,114.6,0.0,2.0,1.0,47.0,7.0,18.55,0.0,9.09,59.44,2015-2019,2015,2019,4,22,4.0,9.0,0.0,59.0,2.0,01-Sep,29.5,6.55,27.0,0.0,0.0,0.09,0.15,0.11,0.0,2015-2019,2015,2019,4,22,22.0,7.0,7.0,0.0,0.0,7.0,,0.318,0.32,0.32,0.0,True,True,All-rounder
Aqib Iqbal (Aut),2019-2019,2019,2019,0,5,1.0,0.0,14.0,14,14.0,0,14.0,6.0,233.33,0.0,0.0,0.0,0.0,1.0,2.8,0.0,0.0,101.73,2019-2019,2019,2019,0,5,4.0,13.0,0.0,84.0,0.0,-,,6.46,,0.0,0.0,0.0,0.15,0.05,0.0,2019-2019,2019,2019,0,5,5.0,1.0,1.0,0.0,0.0,1.0,,0.2,0.2,0.2,0.0,True,True,All-rounder
Arafat Sunny (BDESH),2014-2016,2014,2016,2,10,6.0,3.0,34.0,10,10.0,0,11.33,30.0,113.33,0.0,0.0,0.0,3.0,1.0,3.4,0.0,0.0,52.13,2014-2016,2014,2016,2,10,10.0,31.0,0.0,230.0,12.0,Feb-17,19.16,7.41,15.5,0.0,0.0,1.2,0.13,0.88,0.0,2014-2016,2014,2016,2,10,10.0,1.0,1.0,0.0,0.0,1.0,,0.1,0.1,0.1,0.0,True,True,All-rounder
Areeb Quadir (Fin),2019-2019,2019,2019,0,2,1.0,0.0,2.0,2,2.0,0,2.0,12.0,16.66,0.0,0.0,0.0,0.0,0.0,1.0,0.0,0.0,7.86,2019-2019,2019,2019,0,2,,,,,,-,,,,,,,,,,2019-2019,2019,2019,0,2,2.0,2.0,2.0,0.0,0.0,2.0,,1.0,1.0,1.0,0.0,True,True,All-rounder
Ariful Haque (BDESH),2018-2018,2018,2018,0,9,8.0,4.0,59.0,18*,18.0,1,14.75,61.0,96.72,0.0,0.0,1.0,4.0,0.0,6.56,0.0,0.0,47.54,2018-2018,2018,2018,0,9,1.0,1.0,0.0,13.0,1.0,Jan-13,13.0,13.0,6.0,0.0,0.0,0.11,0.08,0.1,0.0,2018-2018,2018,2018,0,9,9.0,5.0,5.0,0.0,0.0,5.0,,0.555,0.56,0.56,0.0,True,True,All-rounder
Aritra Dutta (SGP),2019-2019,2019,2019,0,8,8.0,0.0,116.0,33,33.0,0,14.5,114.0,101.75,0.0,0.0,0.0,8.0,5.0,14.5,0.0,0.0,49.4,2019-2019,2019,2019,0,8,,,,,,-,,,,,,,,,,2019-2019,2019,2019,0,8,8.0,1.0,1.0,0.0,0.0,1.0,,0.125,0.13,0.13,0.0,True,True,All-rounder
Arsalan Arif (Aut),2019-2019,2019,2019,0,2,1.0,1.0,26.0,26*,26.0,1,,11.0,236.36,0.0,0.0,0.0,5.0,0.0,13.0,0.0,0.0,,2019-2019,2019,2019,0,2,,,,,,-,,,,,,,,,,2019-2019,2019,2019,0,2,2.0,0.0,0.0,0.0,0.0,0.0,0.0,0.0,0.0,0.0,0.0,True,True,All-rounder
Arsalan Qadir (CAN),2010-2010,2010,2010,0,1,,,,-,,0,,,,,,,,,,,,,2010-2010,2010,2010,0,1,1.0,1.0,0.0,12.0,0.0,-,,12.0,,0.0,0.0,0.0,0.08,0.03,0.0,2010-2010,2010,2010,0,1,1.0,0.0,0.0,0.0,0.0,0.0,0.0,0.0,0.0,0.0,0.0,True,True,All-rounder
Arshad Hayat (CZK-R),2019-2019,2019,2019,0,6,2.0,0.0,2.0,2,2.0,0,1.0,7.0,28.57,0.0,0.0,1.0,0.0,0.0,0.33,0.0,0.0,12.03,2019-2019,2019,2019,0,6,5.0,10.0,0.0,103.0,5.0,Feb-15,20.6,10.3,12.0,0.0,0.0,0.83,0.1,0.61,0.0,2019-2019,2019,2019,0,6,6.0,0.0,0.0,0.0,0.0,0.0,0.0,0.0,0.0,0.0,0.0,True,True,All-rounder
Arslan Ahmed (),2019-2019,2019,2019,0,3,1.0,0.0,5.0,5,5.0,0,5.0,13.0,38.46,0.0,0.0,0.0,0.0,0.0,1.67,0.0,0.0,18.38,2019-2019,2019,2019,0,3,3.0,9.0,1.0,40.0,4.0,Mar-15,10.0,4.44,13.5,0.0,0.0,1.33,0.23,1.0,0.0,2019-2019,2019,2019,0,3,3.0,0.0,0.0,0.0,0.0,0.0,0.0,0.0,0.0,0.0,0.0,True,True,All-rounder
Arslan Ahmed (PORT),2019-2019,2019,2019,0,3,3.0,0.0,12.0,11,11.0,0,4.0,32.0,37.5,0.0,0.0,1.0,1.0,0.0,4.0,0.0,0.0,17.4,2019-2019,2019,2019,0,3,,,,,,-,,,,,,,,,,2019-2019,2019,2019,0,3,3.0,0.0,0.0,0.0,0.0,0.0,0.0,0.0,0.0,0.0,0.0,True,True,All-rounder
Asad Ali (PAK),2013-2013,2013,2013,0,2,,,,-,,0,,,,,,,,,,,,,2013-2013,2013,2013,0,2,2.0,4.0,0.0,33.0,0.0,-,,8.25,,0.0,0.0,0.0,0.12,0.04,0.0,2013-2013,2013,2013,0,2,2.0,0.0,0.0,0.0,0.0,0.0,0.0,0.0,0.0,0.0,0.0,True,True,All-rounder
Asad Mohammad (GER),2019-2019,2019,2019,0,9,4.0,1.0,12.0,5,5.0,0,4.0,12.0,100.0,0.0,0.0,0.0,2.0,0.0,1.33,0.0,0.0,42.4,2019-2019,2019,2019,0,9,8.0,24.0,0.0,158.0,1.0,Jan-18,158.0,6.58,144.0,0.0,0.0,0.11,0.15,0.12,0.0,2019-2019,2019,2019,0,9,9.0,4.0,4.0,0.0,0.0,4.0,,0.444,0.44,0.44,0.0,True,True,All-rounder
Asad Shafiq (PAK),2010-2012,2010,2012,2,10,10.0,0.0,192.0,38,38.0,0,19.2,185.0,103.78,0.0,0.0,0.0,19.0,2.0,19.2,0.0,0.0,53.03,2010-2012,2010,2012,2,10,,,,,,-,,,,,,,,,,2010-2012,2010,2012,2,10,10.0,3.0,3.0,0.0,0.0,3.0,,0.3,0.3,0.3,0.0,True,True,All-rounder
Asghar Afghan (AFG),2010-2019,2010,2019,9,66,60.0,4.0,1167.0,62,62.0,0,20.83,1102.0,105.89,0.0,3.0,4.0,69.0,58.0,17.68,0.0,4.55,54.85,2010-2019,2010,2019,9,66,1.0,0.4,0.0,4.0,1.0,01-Apr,4.0,6.0,4.0,0.0,0.0,0.02,0.17,0.06,0.0,2010-2019,2010,2019,9,66,66.0,20.0,20.0,0.0,0.0,20.0,,0.303,0.3,0.3,0.0,True,True,All-rounder
Ashfaq Ahmed (UAE),2018-2019,2018,2019,1,12,12.0,0.0,238.0,75,75.0,0,19.83,185.0,128.64,0.0,3.0,2.0,32.0,6.0,19.83,0.0,25.0,63.35,2018-2019,2018,2019,1,12,2.0,6.0,0.0,34.0,2.0,Jan-14,17.0,5.66,18.0,0.0,0.0,0.17,0.18,0.17,0.0,2018-2019,2018,2019,1,12,12.0,2.0,2.0,0.0,0.0,2.0,,0.166,0.17,0.17,0.0,True,True,All-rounder
Ashiqullah Said (Belg),2019-2019,2019,2019,0,3,1.0,0.0,0.0,0,0.0,0,0.0,1.0,0.0,0.0,0.0,1.0,0.0,0.0,,0.0,0.0,0.0,2019-2019,2019,2019,0,3,3.0,11.0,0.0,82.0,4.0,Feb-34,20.5,7.45,16.5,0.0,0.0,1.33,0.13,0.97,0.0,2019-2019,2019,2019,0,3,3.0,1.0,1.0,0.0,0.0,1.0,,0.333,0.33,0.33,0.0,True,True,All-rounder
Asif Ali (PAK),2018-2019,2018,2019,1,25,24.0,6.0,331.0,41*,41.0,1,18.38,258.0,128.29,0.0,0.0,1.0,15.0,19.0,13.24,0.0,0.0,62.34,2018-2019,2018,2019,1,25,,,,,,-,,,,,,,,,,2018-2019,2018,2019,1,25,25.0,9.0,9.0,0.0,0.0,9.0,,0.36,0.36,0.36,0.0,True,True,All-rounder
Aslam Mohammad (),2019-2019,2019,2019,0,3,1.0,0.0,7.0,7,7.0,0,7.0,8.0,87.5,0.0,0.0,0.0,1.0,0.0,2.33,0.0,0.0,39.2,2019-2019,2019,2019,0,3,,,,,,-,,,,,,,,,,2019-2019,2019,2019,0,3,3.0,1.0,1.0,0.0,0.0,1.0,,0.333,0.33,0.33,0.0,True,True,All-rounder
Asrar Ahmed (),2019-2019,2019,2019,0,3,1.0,0.0,25.0,25,25.0,0,25.0,27.0,92.59,0.0,0.0,0.0,2.0,0.0,8.33,0.0,0.0,52.04,2019-2019,2019,2019,0,3,3.0,10.0,2.0,46.0,4.0,02-Apr,11.5,4.6,15.0,0.0,0.0,1.33,0.22,1.0,0.0,2019-2019,2019,2019,0,3,3.0,2.0,2.0,0.0,0.0,2.0,,0.666,0.67,0.67,0.0,True,True,All-rounder
Atif Ali Khan (UAE),2016-2016,2016,2016,0,1,,,,-,,0,,,,,,,,,,,,,2016-2016,2016,2016,0,1,1.0,4.0,0.0,43.0,0.0,-,,10.75,,0.0,0.0,0.0,0.09,0.03,0.0,2016-2016,2016,2016,0,1,1.0,0.0,0.0,0.0,0.0,0.0,0.0,0.0,0.0,0.0,0.0,True,True,All-rounder
Atif Kamal (LUX),2019-2019,2019,2019,0,4,3.0,0.0,11.0,11,11.0,0,3.66,18.0,61.11,0.0,0.0,2.0,1.0,0.0,2.75,0.0,0.0,26.64,2019-2019,2019,2019,0,4,4.0,14.0,0.0,90.0,2.0,02-May,45.0,6.42,42.0,0.0,0.0,0.5,0.16,0.4,0.0,2019-2019,2019,2019,0,4,4.0,1.0,1.0,0.0,0.0,1.0,,0.25,0.25,0.25,0.0,True,True,All-rounder
Atif Mehmood (ESP),2019-2019,2019,2019,0,9,2.0,2.0,5.0,5*,5.0,1,,8.0,62.5,0.0,0.0,0.0,0.0,0.0,0.56,0.0,0.0,,2019-2019,2019,2019,0,9,9.0,27.0,0.0,154.0,9.0,Feb-14,17.11,5.7,18.0,0.0,0.0,1.0,0.18,0.75,0.0,2019-2019,2019,2019,0,9,9.0,0.0,0.0,0.0,0.0,0.0,0.0,0.0,0.0,0.0,0.0,True,True,All-rounder
Avi Dixit (SGP),2019-2019,2019,2019,0,1,1.0,1.0,12.0,12*,12.0,1,,8.0,150.0,0.0,0.0,0.0,0.0,1.0,12.0,0.0,0.0,,2019-2019,2019,2019,0,1,1.0,1.0,0.0,15.0,0.0,-,,15.0,,0.0,0.0,0.0,0.07,0.02,0.0,2019-2019,2019,2019,0,1,1.0,1.0,1.0,0.0,0.0,1.0,,1.0,1.0,1.0,0.0,True,True,All-rounder
Awais Ahmed (ESP),2019-2019,2019,2019,0,9,4.0,2.0,131.0,102*,102.0,1,65.5,101.0,129.7,1.0,0.0,0.0,6.0,6.0,14.56,11.11,0.0,91.18,2019-2019,2019,2019,0,9,,,,,,-,,,,,,,,,,2019-2019,2019,2019,0,9,9.0,6.0,5.0,1.0,5.0,0.0,,0.666,0.56,0.67,0.11,True,True,All-rounder
Awais Malik (QAT),2019-2019,2019,2019,0,11,4.0,0.0,1.0,1,1.0,0,0.25,4.0,25.0,0.0,0.0,3.0,0.0,0.0,0.09,0.0,0.0,10.15,2019-2019,2019,2019,0,11,11.0,33.0,0.0,279.0,10.0,Mar-19,27.9,8.45,19.8,0.0,0.0,0.91,0.12,0.67,0.0,2019-2019,2019,2019,0,11,11.0,1.0,1.0,0.0,0.0,1.0,,0.09,0.09,0.09,0.0,True,True,All-rounder
Awais Zia (PAK),2012-2014,2012,2014,2,5,5.0,0.0,70.0,23,23.0,0,14.0,80.0,87.5,0.0,0.0,0.0,4.0,3.0,14.0,0.0,0.0,43.4,2012-2014,2012,2014,2,5,,,,,,-,,,,,,,,,,2012-2014,2012,2014,2,5,5.0,0.0,0.0,0.0,0.0,0.0,0.0,0.0,0.0,0.0,0.0,True,True,All-rounder
Aziz Mohammad (Belg),2019-2019,2019,2019,0,3,3.0,1.0,19.0,19,19.0,0,9.5,25.0,76.0,0.0,0.0,1.0,0.0,2.0,6.33,0.0,0.0,36.1,2019-2019,2019,2019,0,3,3.0,12.0,0.0,84.0,2.0,Jan-18,42.0,7.0,36.0,0.0,0.0,0.67,0.14,0.51,0.0,2019-2019,2019,2019,0,3,3.0,0.0,0.0,0.0,0.0,0.0,0.0,0.0,0.0,0.0,0.0,True,True,All-rounder
Azyan Farhath (Mald),2019-2019,2019,2019,0,2,2.0,1.0,24.0,22*,22.0,1,24.0,22.0,109.09,0.0,0.0,0.0,2.0,0.0,12.0,0.0,0.0,58.04,2019-2019,2019,2019,0,2,,,,,,-,,,,,,,,,,2019-2019,2019,2019,0,2,2.0,0.0,0.0,0.0,0.0,0.0,0.0,0.0,0.0,0.0,0.0,True,True,All-rounder
B Angeltti (Arg),2019-2019,2019,2019,0,3,1.0,0.0,1.0,1,1.0,0,1.0,4.0,25.0,0.0,0.0,0.0,0.0,0.0,0.33,0.0,0.0,10.6,2019-2019,2019,2019,0,3,,,,,,-,,,,,,,,,,2019-2019,2019,2019,0,3,3.0,0.0,0.0,0.0,0.0,0.0,0.0,0.0,0.0,0.0,0.0,True,True,All-rounder
B Arora (MALTA),2019-2019,2019,2019,0,4,4.0,0.0,64.0,28,28.0,0,16.0,64.0,100.0,0.0,0.0,0.0,5.0,3.0,16.0,0.0,0.0,49.6,2019-2019,2019,2019,0,4,4.0,11.1,0.0,75.0,1.0,Jan-26,75.0,6.71,67.0,0.0,0.0,0.25,0.15,0.22,0.0,2019-2019,2019,2019,0,4,4.0,0.0,0.0,0.0,0.0,0.0,0.0,0.0,0.0,0.0,0.0,True,True,All-rounder
B Banerjee (Mex),2019-2019,2019,2019,0,6,4.0,2.0,8.0,6*,6.0,1,4.0,18.0,44.44,0.0,0.0,2.0,0.0,0.0,1.33,0.0,0.0,20.18,2019-2019,2019,2019,0,6,,,,,,-,,,,,,,,,,2019-2019,2019,2019,0,6,6.0,4.0,4.0,0.0,3.0,1.0,,0.666,0.67,0.67,0.0,True,True,All-rounder
B Bhandari (NEPAL),2014-2019,2014,2019,5,27,23.0,6.0,292.0,58*,58.0,1,17.17,262.0,111.45,0.0,2.0,1.0,23.0,12.0,10.81,0.0,7.41,54.88,2014-2019,2014,2019,5,27,,,,,,-,,,,,,,,,,2014-2019,2014,2019,5,27,27.0,15.0,10.0,5.0,7.0,3.0,,0.555,0.37,0.56,0.19,True,True,All-rounder
B Dugic (Serb),2019-2019,2019,2019,0,2,1.0,0.0,1.0,1,1.0,0,1.0,4.0,25.0,0.0,0.0,0.0,0.0,0.0,0.5,0.0,0.0,10.6,2019-2019,2019,2019,0,2,2.0,2.3,0.0,22.0,0.0,-,,8.8,,0.0,0.0,0.0,0.11,0.03,0.0,2019-2019,2019,2019,0,2,2.0,0.0,0.0,0.0,0.0,0.0,0.0,0.0,0.0,0.0,0.0,True,True,All-rounder
B Fernando (SL),2015-2015,2015,2015,0,2,1.0,1.0,8.0,8*,8.0,1,,12.0,66.66,0.0,0.0,0.0,1.0,0.0,4.0,0.0,0.0,,2015-2015,2015,2015,0,2,2.0,7.2,0.0,71.0,3.0,Feb-33,23.66,9.68,14.6,0.0,0.0,1.5,0.1,1.08,0.0,2015-2015,2015,2015,0,2,2.0,0.0,0.0,0.0,0.0,0.0,0.0,0.0,0.0,0.0,0.0,True,True,All-rounder
B Geeves (AUS),2009-2009,2009,2009,0,1,,,,-,,0,,,,,,,,,,,,,2009-2009,2009,2009,0,1,1.0,3.2,0.0,35.0,2.0,Feb-35,17.5,10.5,10.0,0.0,0.0,2.0,0.1,1.43,0.0,2009-2009,2009,2009,0,1,1.0,0.0,0.0,0.0,0.0,0.0,0.0,0.0,0.0,0.0,0.0,True,True,All-rounder
B Ivanov (),2019-2019,2019,2019,0,3,3.0,1.0,24.0,14,14.0,0,12.0,55.0,43.63,0.0,0.0,0.0,1.0,0.0,8.0,0.0,0.0,24.65,2019-2019,2019,2019,0,3,1.0,2.0,0.0,36.0,0.0,-,,18.0,,0.0,0.0,0.0,0.06,0.02,0.0,2019-2019,2019,2019,0,3,3.0,0.0,0.0,0.0,0.0,0.0,0.0,0.0,0.0,0.0,0.0,True,True,All-rounder
B Khumalo (Botsw),2019-2019,2019,2019,0,3,1.0,0.0,1.0,1,1.0,0,1.0,3.0,33.33,0.0,0.0,0.0,0.0,0.0,0.33,0.0,0.0,13.93,2019-2019,2019,2019,0,3,3.0,11.0,0.0,96.0,1.0,Jan-23,96.0,8.72,66.0,0.0,0.0,0.33,0.11,0.27,0.0,2019-2019,2019,2019,0,3,3.0,0.0,0.0,0.0,0.0,0.0,0.0,0.0,0.0,0.0,0.0,True,True,All-rounder
B Kumar (INDIA),2012-2019,2012,2019,7,43,9.0,5.0,23.0,9,9.0,0,5.75,29.0,79.31,0.0,0.0,1.0,0.0,0.0,0.53,0.0,0.0,35.17,2012-2019,2012,2019,7,43,43.0,154.2,2.0,1088.0,41.0,May-24,26.53,7.04,22.5,0.0,1.0,0.95,0.14,0.71,0.023,2012-2019,2012,2019,7,43,43.0,6.0,6.0,0.0,0.0,6.0,,0.139,0.14,0.14,0.0,True,True,All-rounder
B Laughlin (AUS),2009-2013,2009,2013,4,3,,,,-,,0,,,,,,,,,,,,,2009-2013,2009,2013,4,3,3.0,11.5,0.0,118.0,2.0,Jan-32,59.0,9.97,35.5,0.0,0.0,0.67,0.1,0.5,0.0,2009-2013,2009,2013,4,3,3.0,1.0,1.0,0.0,0.0,1.0,,0.333,0.33,0.33,0.0,True,True,All-rounder
B Lee (AUS),2005-2012,2005,2012,7,25,12.0,6.0,101.0,43*,43.0,1,16.83,71.0,142.25,0.0,0.0,2.0,9.0,4.0,4.04,0.0,0.0,67.0,2005-2012,2005,2012,7,25,25.0,90.5,0.0,714.0,28.0,Mar-23,25.5,7.86,19.4,0.0,0.0,1.12,0.13,0.82,0.0,2005-2012,2005,2012,7,25,25.0,6.0,6.0,0.0,0.0,6.0,,0.24,0.24,0.24,0.0,True,True,All-rounder
B Masaba (UGA),2019-2019,2019,2019,0,1,,,,-,,0,,,,,,,,,,,,,2019-2019,2019,2019,0,1,1.0,4.0,0.0,14.0,2.0,Feb-14,7.0,3.5,12.0,0.0,0.0,2.0,0.29,1.49,0.0,2019-2019,2019,2019,0,1,1.0,0.0,0.0,0.0,0.0,0.0,0.0,0.0,0.0,0.0,0.0,True,True,All-rounder
B Mavuta (ZIM),2018-2018,2018,2018,0,3,3.0,2.0,41.0,28,28.0,0,41.0,23.0,178.26,0.0,0.0,0.0,3.0,2.0,13.67,0.0,0.0,95.9,2018-2018,2018,2018,0,3,3.0,12.0,0.0,81.0,2.0,Jan-19,40.5,6.75,36.0,0.0,0.0,0.67,0.15,0.51,0.0,2018-2018,2018,2018,0,3,3.0,1.0,1.0,0.0,0.0,1.0,,0.333,0.33,0.33,0.0,True,True,All-rounder
B Muzarabani (ZIM),2018-2018,2018,2018,0,6,3.0,2.0,1.0,1*,1.0,1,1.0,5.0,20.0,0.0,0.0,1.0,0.0,0.0,0.17,0.0,0.0,8.6,2018-2018,2018,2018,0,6,6.0,24.0,0.0,220.0,9.0,Mar-21,24.44,9.16,16.0,0.0,0.0,1.5,0.11,1.08,0.0,2018-2018,2018,2018,0,6,6.0,2.0,2.0,0.0,0.0,2.0,,0.333,0.33,0.33,0.0,True,True,All-rounder
B Regmi (NEPAL),2014-2019,2014,2019,5,18,11.0,4.0,24.0,11,11.0,0,3.42,56.0,42.85,0.0,0.0,1.0,2.0,0.0,1.33,0.0,0.0,19.19,2014-2019,2014,2019,5,18,18.0,62.1,0.0,405.0,25.0,Apr-16,16.2,6.51,14.9,1.0,0.0,1.39,0.15,1.02,0.0,2014-2019,2014,2019,5,18,18.0,4.0,4.0,0.0,0.0,4.0,,0.222,0.22,0.22,0.0,True,True,All-rounder
B Shikongo (NAM),2019-2019,2019,2019,0,11,1.0,0.0,0.0,0,0.0,0,0.0,1.0,0.0,0.0,0.0,1.0,0.0,0.0,,0.0,0.0,0.0,2019-2019,2019,2019,0,11,10.0,23.0,0.0,131.0,7.0,02-Apr,18.71,5.69,19.7,0.0,0.0,0.64,0.18,0.5,0.0,2019-2019,2019,2019,0,11,11.0,4.0,4.0,0.0,0.0,4.0,,0.363,0.36,0.36,0.0,True,True,All-rounder
B Stanlake (AUS),2017-2019,2017,2019,2,19,2.0,1.0,9.0,7,7.0,0,9.0,12.0,75.0,0.0,0.0,0.0,0.0,1.0,0.47,0.0,0.0,35.4,2017-2019,2017,2019,2,19,19.0,70.0,2.0,544.0,27.0,04-Aug,20.14,7.77,15.5,1.0,0.0,1.42,0.13,1.03,0.0,2017-2019,2017,2019,2,19,19.0,0.0,0.0,0.0,0.0,0.0,0.0,0.0,0.0,0.0,0.0,True,True,All-rounder
B Ward (JER),2019-2019,2019,2019,0,13,12.0,3.0,215.0,58*,58.0,1,23.88,160.0,134.37,0.0,1.0,1.0,8.0,15.0,16.54,0.0,7.69,68.08,2019-2019,2019,2019,0,13,13.0,39.2,2.0,249.0,10.0,Mar-19,24.9,6.33,23.6,0.0,0.0,0.77,0.16,0.59,0.0,2019-2019,2019,2019,0,13,13.0,5.0,5.0,0.0,0.0,5.0,,0.384,0.38,0.38,0.0,True,True,All-rounder
B Zuiderent (NL),2009-2010,2009,2010,1,6,6.0,1.0,108.0,43*,43.0,1,21.6,124.0,87.09,0.0,0.0,0.0,8.0,1.0,18.0,0.0,0.0,47.8,2009-2010,2009,2010,1,6,,,,,,-,,,,,,,,,,2009-2010,2009,2010,1,6,6.0,2.0,2.0,0.0,0.0,2.0,,0.333,0.33,0.33,0.0,True,True,All-rounder
BA King (WI),2019-2019,2019,2019,0,6,5.0,0.0,53.0,31,31.0,0,10.6,50.0,106.0,0.0,0.0,0.0,6.0,1.0,8.83,0.0,0.0,48.76,2019-2019,2019,2019,0,6,,,,,,-,,,,,,,,,,2019-2019,2019,2019,0,6,6.0,4.0,4.0,0.0,0.0,4.0,,0.666,0.67,0.67,0.0,True,True,All-rounder
BA Pai (GIBR),2019-2019,2019,2019,0,4,4.0,0.0,124.0,52,52.0,0,31.0,141.0,87.94,0.0,1.0,0.0,6.0,1.0,31.0,0.0,25.0,53.78,2019-2019,2019,2019,0,4,4.0,15.0,0.0,82.0,6.0,Mar-14,13.66,5.46,15.0,0.0,0.0,1.5,0.18,1.1,0.0,2019-2019,2019,2019,0,4,4.0,0.0,0.0,0.0,0.0,0.0,0.0,0.0,0.0,0.0,0.0,True,True,All-rounder
BA Parchment (WI),2007-2007,2007,2007,0,1,1.0,0.0,10.0,10,10.0,0,10.0,6.0,166.66,0.0,0.0,0.0,1.0,1.0,10.0,0.0,0.0,72.66,2007-2007,2007,2007,0,1,,,,,,-,,,,,,,,,,2007-2007,2007,2007,0,1,1.0,0.0,0.0,0.0,0.0,0.0,0.0,0.0,0.0,0.0,0.0,True,True,All-rounder
BA Sambo (Moz),2019-2019,2019,2019,0,2,1.0,1.0,1.0,1*,1.0,1,,1.0,100.0,0.0,0.0,0.0,0.0,0.0,0.5,0.0,0.0,,2019-2019,2019,2019,0,2,,,,,,-,,,,,,,,,,2019-2019,2019,2019,0,2,2.0,0.0,0.0,0.0,0.0,0.0,0.0,0.0,0.0,0.0,0.0,True,True,All-rounder
BA Simango (Moz),2019-2019,2019,2019,0,2,1.0,0.0,0.0,0,0.0,0,0.0,2.0,0.0,0.0,0.0,1.0,0.0,0.0,,0.0,0.0,0.0,2019-2019,2019,2019,0,2,1.0,3.0,0.0,21.0,1.0,Jan-21,21.0,7.0,18.0,0.0,0.0,0.5,0.14,0.39,0.0,2019-2019,2019,2019,0,2,2.0,0.0,0.0,0.0,0.0,0.0,0.0,0.0,0.0,0.0,0.0,True,True,All-rounder
BA Stokes (ENG),2011-2018,2011,2018,7,23,20.0,5.0,232.0,38,38.0,0,15.46,178.0,130.33,0.0,0.0,1.0,20.0,9.0,10.09,0.0,0.0,61.41,2011-2018,2011,2018,7,23,18.0,55.4,1.0,496.0,10.0,Mar-26,49.6,8.91,33.4,0.0,0.0,0.43,0.11,0.34,0.0,2011-2018,2011,2018,7,23,22.0,9.0,9.0,0.0,0.0,9.0,,0.409,0.39,0.39,0.0,True,True,All-rounder
BAW Mendis (SL),2008-2014,2008,2014,6,39,8.0,5.0,8.0,4*,4.0,1,2.66,17.0,47.05,0.0,0.0,0.0,1.0,0.0,0.21,0.0,0.0,20.42,2008-2014,2008,2014,6,39,39.0,147.3,5.0,952.0,66.0,06-Aug,14.42,6.45,13.4,3.0,2.0,1.69,0.16,1.23,0.051,2008-2014,2008,2014,6,39,39.0,6.0,6.0,0.0,0.0,6.0,,0.153,0.15,0.15,0.0,True,True,All-rounder
BB Chari (ZIM),2019-2019,2019,2019,0,3,3.0,0.0,21.0,19,19.0,0,7.0,31.0,67.74,0.0,0.0,1.0,4.0,0.0,7.0,0.0,0.0,31.3,2019-2019,2019,2019,0,3,,,,,,-,,,,,,,,,,2019-2019,2019,2019,0,3,3.0,2.0,2.0,0.0,0.0,2.0,,0.666,0.67,0.67,0.0,True,True,All-rounder
BB McCullum (NZ),2005-2015,2005,2015,10,71,70.0,10.0,2140.0,123,123.0,0,35.66,1571.0,136.21,2.0,13.0,3.0,199.0,91.0,30.14,2.82,18.31,75.88,2005-2015,2005,2015,10,71,,,,,,-,,,,,,,,,,2005-2015,2005,2015,10,71,71.0,44.0,36.0,8.0,24.0,12.0,,0.619,0.51,0.62,0.11,True,True,All-rounder
BB Sran (INDIA),2016-2016,2016,2016,0,2,,,,-,,0,,,,,,,,,,,,,2016-2016,2016,2016,0,2,2.0,8.0,1.0,41.0,6.0,04-Oct,6.83,5.12,8.0,1.0,0.0,3.0,0.2,2.16,0.0,2016-2016,2016,2016,0,2,2.0,0.0,0.0,0.0,0.0,0.0,0.0,0.0,0.0,0.0,0.0,True,True,All-rounder
BBJL Perera (ITA),2019-2019,2019,2019,0,8,7.0,1.0,208.0,67,67.0,0,34.66,144.0,144.44,0.0,1.0,0.0,23.0,8.0,26.0,0.0,12.5,78.57,2019-2019,2019,2019,0,8,,,,,,-,,,,,,,,,,2019-2019,2019,2019,0,8,7.0,6.0,6.0,0.0,0.0,6.0,,0.857,0.75,0.75,0.0,True,True,All-rounder
BC Fortuin (SA),2019-2019,2019,2019,0,2,,,,-,,0,,,,,,,,,,,,,2019-2019,2019,2019,0,2,2.0,7.0,0.0,51.0,3.0,Feb-19,17.0,7.28,14.0,0.0,0.0,1.5,0.14,1.09,0.0,2019-2019,2019,2019,0,2,2.0,0.0,0.0,0.0,0.0,0.0,0.0,0.0,0.0,0.0,0.0,True,True,All-rounder
BCJ Cutting (AUS/World),2013-2017,2013,2017,4,7,5.0,1.0,40.0,29,29.0,0,10.0,27.0,148.14,0.0,0.0,1.0,2.0,3.0,5.71,0.0,0.0,65.26,2013-2017,2013,2017,4,7,7.0,21.0,0.0,215.0,3.0,Jan-18,71.66,10.23,42.0,0.0,0.0,0.43,0.1,0.33,0.0,2013-2017,2013,2017,4,7,7.0,5.0,5.0,0.0,0.0,5.0,,0.714,0.71,0.71,0.0,True,True,All-rounder
BD Glover (NL),2019-2019,2019,2019,0,19,4.0,3.0,2.0,1*,1.0,1,2.0,8.0,25.0,0.0,0.0,1.0,0.0,0.0,0.11,0.0,0.0,11.2,2019-2019,2019,2019,0,19,19.0,65.0,0.0,448.0,28.0,04-Dec,16.0,6.89,13.9,2.0,0.0,1.47,0.15,1.08,0.0,2019-2019,2019,2019,0,19,19.0,3.0,3.0,0.0,0.0,3.0,,0.157,0.16,0.16,0.0,True,True,All-rounder
BDH Stevens (JER),2019-2019,2019,2019,0,17,17.0,1.0,316.0,44,44.0,0,19.75,315.0,100.31,0.0,0.0,1.0,30.0,6.0,18.59,0.0,0.0,51.97,2019-2019,2019,2019,0,17,14.0,40.2,0.0,249.0,12.0,Mar-17,20.75,6.17,20.1,0.0,0.0,0.71,0.16,0.54,0.0,2019-2019,2019,2019,0,17,17.0,17.0,17.0,0.0,0.0,17.0,,1.0,1.0,1.0,0.0,True,True,All-rounder
BE Hendricks (SA),2014-2019,2014,2019,5,11,3.0,1.0,18.0,12*,12.0,1,9.0,21.0,85.71,0.0,0.0,0.0,0.0,1.0,1.64,0.0,0.0,39.68,2014-2019,2014,2019,5,11,11.0,38.1,0.0,317.0,18.0,Apr-14,17.61,8.3,12.7,1.0,0.0,1.64,0.12,1.18,0.0,2014-2019,2014,2019,5,11,11.0,3.0,3.0,0.0,0.0,3.0,,0.272,0.27,0.27,0.0,True,True,All-rounder
BF Mailata (Samoa),2019-2019,2019,2019,0,4,4.0,0.0,38.0,17,17.0,0,9.5,48.0,79.16,0.0,0.0,0.0,2.0,1.0,9.5,0.0,0.0,37.36,2019-2019,2019,2019,0,4,2.0,2.0,0.0,24.0,0.0,-,,12.0,,0.0,0.0,0.0,0.08,0.03,0.0,2019-2019,2019,2019,0,4,4.0,1.0,1.0,0.0,0.0,1.0,,0.25,0.25,0.25,0.0,True,True,All-rounder
BFW de Leede (NL),2018-2019,2018,2019,1,8,7.0,1.0,98.0,33,33.0,0,16.33,114.0,85.96,0.0,0.0,0.0,4.0,2.0,12.25,0.0,0.0,44.18,2018-2019,2018,2019,1,8,2.0,2.0,0.0,27.0,0.0,-,,13.5,,0.0,0.0,0.0,0.07,0.02,0.0,2018-2019,2018,2019,1,8,8.0,3.0,3.0,0.0,0.0,3.0,,0.375,0.38,0.38,0.0,True,True,All-rounder
BJ Diamanti (NZ),2009-2009,2009,2009,0,1,,,,-,,0,,,,,,,,,,,,,2009-2009,2009,2009,0,1,1.0,2.0,0.0,19.0,0.0,-,,9.5,,0.0,0.0,0.0,0.11,0.03,0.0,2009-2009,2009,2009,0,1,1.0,0.0,0.0,0.0,0.0,0.0,0.0,0.0,0.0,0.0,0.0,True,True,All-rounder
BJ Haddin (AUS),2006-2014,2006,2014,8,34,29.0,6.0,402.0,47,47.0,0,17.47,351.0,114.52,0.0,0.0,2.0,30.0,13.0,11.82,0.0,0.0,56.29,2006-2014,2006,2014,8,34,,,,,,-,,,,,,,,,,2006-2014,2006,2014,8,34,34.0,23.0,17.0,6.0,17.0,0.0,,0.676,0.5,0.68,0.18,True,True,All-rounder
BJ Hodge (AUS),2007-2014,2007,2014,7,15,11.0,4.0,183.0,36,36.0,0,26.14,144.0,127.08,0.0,0.0,0.0,9.0,7.0,12.2,0.0,0.0,66.52,2007-2014,2007,2014,7,15,3.0,5.0,0.0,43.0,1.0,Jan-13,43.0,8.6,30.0,0.0,0.0,0.07,0.12,0.08,0.0,2007-2014,2007,2014,7,15,15.0,5.0,5.0,0.0,0.0,5.0,,0.333,0.33,0.33,0.0,True,True,All-rounder
BJ McCarthy (IRE),2017-2018,2017,2018,1,6,3.0,1.0,11.0,11*,11.0,1,5.5,7.0,157.14,0.0,0.0,2.0,0.0,1.0,1.83,0.0,0.0,66.16,2017-2018,2017,2018,1,6,6.0,24.0,0.0,259.0,10.0,Apr-33,25.9,10.79,14.4,1.0,0.0,1.67,0.09,1.19,0.0,2017-2018,2017,2018,1,6,6.0,0.0,0.0,0.0,0.0,0.0,0.0,0.0,0.0,0.0,0.0,True,True,All-rounder
BJ Rohrer (AUS),2013-2013,2013,2013,0,1,1.0,0.0,16.0,16,16.0,0,16.0,14.0,114.28,0.0,0.0,0.0,0.0,1.0,16.0,0.0,0.0,55.31,2013-2013,2013,2013,0,1,,,,,,-,,,,,,,,,,2013-2013,2013,2013,0,1,1.0,0.0,0.0,0.0,0.0,0.0,0.0,0.0,0.0,0.0,0.0,True,True,All-rounder
BJ Watling (NZ),2009-2014,2009,2014,5,5,4.0,0.0,38.0,22,22.0,0,9.5,58.0,65.51,0.0,0.0,0.0,3.0,0.0,7.6,0.0,0.0,31.9,2009-2014,2009,2014,5,5,,,,,,-,,,,,,,,,,2009-2014,2009,2014,5,5,5.0,3.0,3.0,0.0,2.0,1.0,,0.6,0.6,0.6,0.0,True,True,All-rounder
BKG Mendis (SL),2016-2019,2016,2019,3,24,24.0,0.0,473.0,79,79.0,0,19.7,353.0,133.99,0.0,5.0,2.0,40.0,21.0,19.71,0.0,20.83,65.42,2016-2019,2016,2019,3,24,,,,,,-,,,,,,,,,,2016-2019,2016,2019,3,24,24.0,6.0,6.0,0.0,0.0,6.0,,0.25,0.25,0.25,0.0,True,True,All-rounder
BM Duckett (ENG),2019-2019,2019,2019,0,1,1.0,0.0,9.0,9,9.0,0,9.0,7.0,128.57,0.0,0.0,0.0,1.0,0.0,9.0,0.0,0.0,56.83,2019-2019,2019,2019,0,1,,,,,,-,,,,,,,,,,2019-2019,2019,2019,0,1,1.0,0.0,0.0,0.0,0.0,0.0,0.0,0.0,0.0,0.0,0.0,True,True,All-rounder
BM Scholtz (NAM),2019-2019,2019,2019,0,14,4.0,3.0,5.0,3*,3.0,1,5.0,10.0,50.0,0.0,0.0,1.0,0.0,0.0,0.36,0.0,0.0,23.0,2019-2019,2019,2019,0,14,14.0,53.0,0.0,285.0,22.0,04-Dec,12.95,5.37,14.4,1.0,0.0,1.57,0.19,1.16,0.0,2019-2019,2019,2019,0,14,14.0,3.0,3.0,0.0,0.0,3.0,,0.214,0.21,0.21,0.0,True,True,All-rounder
BM Tickner (NZ),2019-2019,2019,2019,0,3,1.0,1.0,5.0,5*,5.0,1,,6.0,83.33,0.0,0.0,0.0,0.0,0.0,1.67,0.0,0.0,,2019-2019,2019,2019,0,3,3.0,12.0,0.0,109.0,3.0,Feb-25,36.33,9.08,24.0,0.0,0.0,1.0,0.11,0.73,0.0,2019-2019,2019,2019,0,3,3.0,0.0,0.0,0.0,0.0,0.0,0.0,0.0,0.0,0.0,0.0,True,True,All-rounder
BM Wheeler (NZ),2017-2018,2017,2018,1,6,4.0,2.0,37.0,30,30.0,0,18.5,28.0,132.14,0.0,0.0,0.0,3.0,2.0,6.17,0.0,0.0,63.96,2017-2018,2017,2018,1,6,6.0,21.2,0.0,216.0,7.0,Feb-16,30.85,10.12,18.2,0.0,0.0,1.17,0.1,0.85,0.0,2017-2018,2017,2018,1,6,6.0,1.0,1.0,0.0,0.0,1.0,,0.166,0.17,0.17,0.0,True,True,All-rounder
BMAJ Mendis (SL),2011-2018,2011,2018,7,22,15.0,4.0,207.0,43*,43.0,1,18.81,174.0,118.96,0.0,0.0,1.0,18.0,6.0,9.41,0.0,0.0,58.87,2011-2018,2011,2018,7,22,14.0,35.0,0.0,249.0,12.0,Mar-24,20.75,7.11,17.5,0.0,0.0,0.55,0.14,0.42,0.0,2011-2018,2011,2018,7,22,22.0,7.0,7.0,0.0,0.0,7.0,,0.318,0.32,0.32,0.0,True,True,All-rounder
BN Cooper (NL),2013-2019,2013,2019,6,51,48.0,9.0,1094.0,91*,91.0,1,28.05,890.0,122.92,0.0,7.0,5.0,96.0,36.0,21.45,0.0,13.73,66.0,2013-2019,2013,2019,6,51,,,,,,-,,,,,,,,,,2013-2019,2013,2019,6,51,50.0,31.0,31.0,0.0,0.0,31.0,,0.62,0.61,0.61,0.0,True,True,All-rounder
BOP Fernando (SL),2019-2019,2019,2019,0,3,3.0,1.0,97.0,78*,78.0,1,48.5,73.0,132.87,0.0,1.0,0.0,10.0,3.0,32.33,0.0,33.33,82.25,2019-2019,2019,2019,0,3,,,,,,-,,,,,,,,,,2019-2019,2019,2019,0,3,3.0,0.0,0.0,0.0,0.0,0.0,0.0,0.0,0.0,0.0,0.0,True,True,All-rounder
BR Dunk (AUS),2014-2017,2014,2017,3,5,5.0,0.0,99.0,32,32.0,0,19.8,69.0,143.47,0.0,0.0,0.0,8.0,6.0,19.8,0.0,0.0,69.27,2014-2017,2014,2017,3,5,,,,,,-,,,,,,,,,,2014-2017,2014,2017,3,5,5.0,7.0,5.0,2.0,4.0,1.0,,1.4,1.0,1.4,0.4,True,True,All-rounder
BR McDermott (AUS),2018-2019,2018,2019,1,12,10.0,3.0,98.0,32*,32.0,1,14.0,105.0,93.33,0.0,0.0,2.0,6.0,2.0,8.17,0.0,0.0,45.73,2018-2019,2018,2019,1,12,,,,,,-,,,,,,,,,,2018-2019,2018,2019,1,12,11.0,8.0,8.0,0.0,0.0,8.0,,0.727,0.67,0.67,0.0,True,True,All-rounder
BRM Taylor (ZIM),2006-2019,2006,2019,13,38,38.0,5.0,818.0,75*,75.0,1,24.78,678.0,120.64,0.0,5.0,5.0,81.0,23.0,21.53,0.0,13.16,63.12,2006-2019,2006,2019,13,38,2.0,5.0,0.0,17.0,1.0,Jan-16,17.0,3.4,30.0,0.0,0.0,0.03,0.29,0.11,0.0,2006-2019,2006,2019,13,38,38.0,19.0,17.0,2.0,15.0,2.0,,0.5,0.45,0.5,0.05,True,True,All-rounder
BS Stephenson (Blz),2019-2019,2019,2019,0,3,3.0,0.0,100.0,48,48.0,0,33.33,72.0,138.88,0.0,0.0,0.0,9.0,7.0,33.33,0.0,0.0,75.55,2019-2019,2019,2019,0,3,,,,,,-,,,,,,,,,,2019-2019,2019,2019,0,3,3.0,0.0,0.0,0.0,0.0,0.0,0.0,0.0,0.0,0.0,0.0,True,True,All-rounder
BT Foakes (ENG),2019-2019,2019,2019,0,1,,,,-,,0,,,,,,,,,,,,,2019-2019,2019,2019,0,1,,,,,,-,,,,,,,,,,2019-2019,2019,2019,0,1,1.0,1.0,1.0,0.0,1.0,0.0,,1.0,1.0,1.0,0.0,True,True,All-rounder
BTJ Wheal (SCOT),2016-2017,2016,2017,1,5,2.0,2.0,2.0,2*,2.0,1,,2.0,100.0,0.0,0.0,0.0,0.0,0.0,0.4,0.0,0.0,,2016-2017,2016,2017,1,5,5.0,17.2,0.0,143.0,5.0,Mar-20,28.6,8.25,20.8,0.0,0.0,1.0,0.12,0.74,0.0,2016-2017,2016,2017,1,5,5.0,1.0,1.0,0.0,0.0,1.0,,0.2,0.2,0.2,0.0,True,True,All-rounder
BV Vitori (ZIM),2012-2016,2012,2016,4,11,2.0,2.0,8.0,7*,7.0,1,,7.0,114.28,0.0,0.0,0.0,0.0,0.0,0.73,0.0,0.0,,2012-2016,2012,2016,4,11,11.0,39.4,0.0,323.0,4.0,Jan-24,80.75,8.14,59.5,0.0,0.0,0.36,0.12,0.29,0.0,2012-2016,2012,2016,4,11,11.0,2.0,2.0,0.0,0.0,2.0,,0.181,0.18,0.18,0.0,True,True,All-rounder
BW Hilfenhaus (AUS),2007-2012,2007,2012,5,7,3.0,1.0,2.0,2,2.0,0,1.0,10.0,20.0,0.0,0.0,1.0,0.0,0.0,0.29,0.0,0.0,8.6,2007-2012,2007,2012,5,7,7.0,26.0,0.0,161.0,9.0,Feb-15,17.88,6.19,17.3,0.0,0.0,1.29,0.16,0.95,0.0,2007-2012,2007,2012,5,7,7.0,0.0,0.0,0.0,0.0,0.0,0.0,0.0,0.0,0.0,0.0,True,True,All-rounder
Babar Ali (BAH),2019-2019,2019,2019,0,3,1.0,1.0,1.0,1*,1.0,1,,1.0,100.0,0.0,0.0,0.0,0.0,0.0,0.33,0.0,0.0,,2019-2019,2019,2019,0,3,3.0,9.0,0.0,70.0,5.0,Feb-18,14.0,7.77,10.8,0.0,0.0,1.67,0.13,1.21,0.0,2019-2019,2019,2019,0,3,3.0,3.0,3.0,0.0,0.0,3.0,,1.0,1.0,1.0,0.0,True,True,All-rounder
Babar Azam (PAK),2016-2019,2016,2019,3,36,36.0,8.0,1405.0,97*,97.0,1,50.17,1102.0,127.49,0.0,12.0,0.0,139.0,20.0,39.03,0.0,33.33,81.1,2016-2019,2016,2019,3,36,,,,,,-,,,,,,,,,,2016-2019,2016,2019,3,36,36.0,15.0,15.0,0.0,0.0,15.0,,0.416,0.42,0.42,0.0,True,True,All-rounder
Babar Hayat (HKG),2014-2017,2014,2017,3,24,24.0,4.0,541.0,122,122.0,0,27.05,433.0,124.94,1.0,2.0,2.0,45.0,20.0,22.54,4.17,8.33,66.21,2014-2017,2014,2017,3,24,,,,,,-,,,,,,,,,,2014-2017,2014,2017,3,24,24.0,16.0,16.0,0.0,0.0,16.0,,0.666,0.67,0.67,0.0,True,True,All-rounder
Baljit Singh (ITA),2019-2019,2019,2019,0,8,3.0,0.0,4.0,3,3.0,0,1.33,16.0,25.0,0.0,0.0,1.0,0.0,0.0,0.5,0.0,0.0,10.8,2019-2019,2019,2019,0,8,7.0,23.0,0.0,127.0,12.0,Apr-20,10.58,5.52,11.5,1.0,0.0,1.5,0.18,1.1,0.0,2019-2019,2019,2019,0,8,7.0,1.0,1.0,0.0,0.0,1.0,,0.142,0.13,0.13,0.0,True,True,All-rounder
Bashir Shah (DEN),2019-2019,2019,2019,0,4,2.0,2.0,2.0,1*,1.0,1,,2.0,100.0,0.0,0.0,0.0,0.0,0.0,0.5,0.0,0.0,,2019-2019,2019,2019,0,4,4.0,14.0,0.0,76.0,7.0,Mar-14,10.85,5.42,12.0,0.0,0.0,1.75,0.18,1.28,0.0,2019-2019,2019,2019,0,4,4.0,0.0,0.0,0.0,0.0,0.0,0.0,0.0,0.0,0.0,0.0,True,True,All-rounder
Bilal Ahmed (Serb),2019-2019,2019,2019,0,1,1.0,0.0,19.0,19,19.0,0,19.0,28.0,67.85,0.0,0.0,0.0,1.0,1.0,19.0,0.0,0.0,38.54,2019-2019,2019,2019,0,1,,,,,,-,,,,,,,,,,2019-2019,2019,2019,0,1,1.0,0.0,0.0,0.0,0.0,0.0,0.0,0.0,0.0,0.0,0.0,True,True,All-rounder
Bilal Khan (OMAN),2015-2019,2015,2019,4,32,10.0,7.0,18.0,6*,6.0,1,6.0,28.0,64.28,0.0,0.0,2.0,1.0,0.0,0.56,0.0,0.0,29.31,2015-2019,2015,2019,4,32,31.0,111.0,2.0,778.0,45.0,Apr-19,17.28,7.0,14.8,3.0,0.0,1.41,0.14,1.03,0.0,2015-2019,2015,2019,4,32,31.0,7.0,7.0,0.0,0.0,7.0,,0.225,0.22,0.22,0.0,True,True,All-rounder
Bilal Tahir (KUW),2019-2019,2019,2019,0,4,4.0,0.0,24.0,13,13.0,0,6.0,21.0,114.28,0.0,0.0,1.0,1.0,1.0,6.0,0.0,0.0,49.31,2019-2019,2019,2019,0,4,,,,,,-,,,,,,,,,,2019-2019,2019,2019,0,4,4.0,4.0,4.0,0.0,0.0,4.0,,1.0,1.0,1.0,0.0,True,True,All-rounder
Bilal Zalmai (Aut),2019-2019,2019,2019,0,5,4.0,1.0,208.0,111*,111.0,1,69.33,109.0,190.82,1.0,0.0,0.0,16.0,16.0,41.6,20.0,0.0,117.93,2019-2019,2019,2019,0,5,4.0,14.0,1.0,67.0,9.0,04-Dec,7.44,4.78,9.3,1.0,0.0,1.8,0.21,1.32,0.0,2019-2019,2019,2019,0,5,5.0,4.0,3.0,1.0,0.0,3.0,,0.8,0.6,0.8,0.2,True,True,All-rounder
Bilawal Bhatti (PAK),2013-2015,2013,2015,2,9,4.0,2.0,23.0,13*,13.0,1,11.5,14.0,164.28,0.0,0.0,1.0,2.0,1.0,2.56,0.0,0.0,72.61,2013-2015,2013,2015,2,9,9.0,26.0,0.0,255.0,5.0,Feb-36,51.0,9.8,31.2,0.0,0.0,0.56,0.1,0.42,0.0,2013-2015,2013,2015,2,9,9.0,1.0,1.0,0.0,0.0,1.0,,0.111,0.11,0.11,0.0,True,True,All-rounder
C Akyuz (TKY),2019-2019,2019,2019,0,2,2.0,0.0,0.0,0,0.0,0,0.0,3.0,0.0,0.0,0.0,2.0,0.0,0.0,,0.0,0.0,0.0,2019-2019,2019,2019,0,2,,,,,,-,,,,,,,,,,2019-2019,2019,2019,0,2,2.0,0.0,0.0,0.0,0.0,0.0,0.0,0.0,0.0,0.0,0.0,True,True,All-rounder
C Bisson (JER),2019-2019,2019,2019,0,14,14.0,2.0,226.0,54,54.0,0,18.83,177.0,127.68,0.0,1.0,3.0,24.0,5.0,16.14,0.0,7.14,62.37,2019-2019,2019,2019,0,14,,,,,,-,,,,,,,,,,2019-2019,2019,2019,0,14,14.0,3.0,3.0,0.0,0.0,3.0,,0.214,0.21,0.21,0.0,True,True,All-rounder
C Carter (HKG),2015-2017,2015,2017,2,10,5.0,1.0,55.0,17,17.0,0,13.75,63.0,87.3,0.0,0.0,0.0,3.0,0.0,5.5,0.0,0.0,43.17,2015-2017,2015,2017,2,10,,,,,,-,,,,,,,,,,2015-2017,2015,2017,2,10,10.0,3.0,2.0,1.0,2.0,0.0,,0.3,0.2,0.3,0.1,True,True,All-rounder
C Chete (MWI),2019-2019,2019,2019,0,2,,,,-,,0,,,,,,,,,,,,,2019-2019,2019,2019,0,2,,,,,,-,,,,,,,,,,2019-2019,2019,2019,0,2,2.0,3.0,3.0,0.0,3.0,0.0,,1.5,1.5,1.5,0.0,True,True,All-rounder
C Emmott (Chile),2019-2019,2019,2019,0,2,2.0,0.0,4.0,4,4.0,0,2.0,11.0,36.36,0.0,0.0,1.0,0.0,0.0,2.0,0.0,0.0,15.74,2019-2019,2019,2019,0,2,,,,,,-,,,,,,,,,,2019-2019,2019,2019,0,2,2.0,0.0,0.0,0.0,0.0,0.0,0.0,0.0,0.0,0.0,0.0,True,True,All-rounder
C Floyd (NL),2019-2019,2019,2019,0,2,2.0,1.0,23.0,21,21.0,0,23.0,23.0,100.0,0.0,0.0,0.0,2.0,1.0,11.5,0.0,0.0,53.8,2019-2019,2019,2019,0,2,2.0,5.0,0.0,51.0,1.0,Jan-14,51.0,10.2,30.0,0.0,0.0,0.5,0.1,0.38,0.0,2019-2019,2019,2019,0,2,2.0,0.0,0.0,0.0,0.0,0.0,0.0,0.0,0.0,0.0,0.0,True,True,All-rounder
C Fry (LUX),2019-2019,2019,2019,0,3,1.0,0.0,2.0,2,2.0,0,2.0,6.0,33.33,0.0,0.0,0.0,0.0,0.0,0.67,0.0,0.0,14.53,2019-2019,2019,2019,0,3,3.0,7.0,1.0,62.0,1.0,01-Mar,62.0,8.85,42.0,0.0,0.0,0.33,0.11,0.27,0.0,2019-2019,2019,2019,0,3,3.0,1.0,1.0,0.0,0.0,1.0,,0.333,0.33,0.33,0.0,True,True,All-rounder
C Hauptfleisch (Caym),2019-2019,2019,2019,0,5,5.0,0.0,69.0,42,42.0,0,13.8,85.0,81.17,0.0,0.0,1.0,4.0,2.0,13.8,0.0,0.0,40.75,2019-2019,2019,2019,0,5,,,,,,-,,,,,,,,,,2019-2019,2019,2019,0,5,5.0,2.0,1.0,1.0,1.0,0.0,,0.4,0.2,0.4,0.2,True,True,All-rounder
C Jonker (SA),2018-2018,2018,2018,0,2,2.0,0.0,57.0,49,49.0,0,28.5,29.0,196.55,0.0,0.0,0.0,5.0,3.0,28.5,0.0,0.0,95.72,2018-2018,2018,2018,0,2,,,,,,-,,,,,,,,,,2018-2018,2018,2018,0,2,2.0,1.0,1.0,0.0,0.0,1.0,,0.5,0.5,0.5,0.0,True,True,All-rounder
C Kieswetter (ENG),2010-2012,2010,2012,2,25,25.0,1.0,526.0,63,63.0,0,21.91,470.0,111.91,0.0,3.0,2.0,47.0,23.0,21.04,0.0,12.0,57.91,2010-2012,2010,2012,2,25,,,,,,-,,,,,,,,,,2010-2012,2010,2012,2,25,25.0,20.0,17.0,3.0,17.0,0.0,,0.8,0.68,0.8,0.12,True,True,All-rounder
C Mahoney (Peru),2019-2019,2019,2019,0,3,1.0,0.0,21.0,21,21.0,0,21.0,27.0,77.77,0.0,0.0,0.0,1.0,0.0,7.0,0.0,0.0,43.71,2019-2019,2019,2019,0,3,1.0,1.0,0.0,10.0,0.0,-,,10.0,,0.0,0.0,0.0,0.1,0.03,0.0,2019-2019,2019,2019,0,3,3.0,0.0,0.0,0.0,0.0,0.0,0.0,0.0,0.0,0.0,0.0,True,True,All-rounder
C Munoz-Mills (ESP),2019-2019,2019,2019,0,9,7.0,3.0,73.0,29*,29.0,1,18.25,66.0,110.6,0.0,0.0,0.0,5.0,3.0,8.11,0.0,0.0,55.19,2019-2019,2019,2019,0,9,,,,,,-,,,,,,,,,,2019-2019,2019,2019,0,9,9.0,5.0,5.0,0.0,0.0,5.0,,0.555,0.56,0.56,0.0,True,True,All-rounder
C Munro (NZ),2012-2019,2012,2019,7,60,57.0,7.0,1546.0,109*,109.0,1,30.92,966.0,160.04,3.0,9.0,5.0,114.0,100.0,25.77,5.0,15.0,82.57,2012-2019,2012,2019,7,60,12.0,19.4,0.0,186.0,4.0,01-Dec,46.5,9.45,29.5,0.0,0.0,0.07,0.11,0.08,0.0,2012-2019,2012,2019,7,60,59.0,18.0,18.0,0.0,0.0,18.0,,0.305,0.3,0.3,0.0,True,True,All-rounder
C Pengkumta (THAI),2019-2019,2019,2019,0,4,3.0,2.0,25.0,18,18.0,0,25.0,31.0,80.64,0.0,0.0,0.0,2.0,0.0,6.25,0.0,0.0,47.26,2019-2019,2019,2019,0,4,4.0,7.0,0.0,58.0,0.0,-,,8.28,,0.0,0.0,0.0,0.12,0.04,0.0,2019-2019,2019,2019,0,4,4.0,1.0,1.0,0.0,0.0,1.0,,0.25,0.25,0.25,0.0,True,True,All-rounder
C Prasad (CRC),2019-2019,2019,2019,0,3,3.0,1.0,14.0,11,11.0,0,7.0,29.0,48.27,0.0,0.0,1.0,1.0,0.0,4.67,0.0,0.0,23.51,2019-2019,2019,2019,0,3,1.0,2.0,0.0,12.0,0.0,-,,6.0,,0.0,0.0,0.0,0.17,0.05,0.0,2019-2019,2019,2019,0,3,3.0,0.0,0.0,0.0,0.0,0.0,0.0,0.0,0.0,0.0,0.0,True,True,All-rounder
C Tommy (VAN),2019-2019,2019,2019,0,12,11.0,0.0,180.0,47,47.0,0,16.36,191.0,94.24,0.0,0.0,2.0,6.0,8.0,15.0,0.0,0.0,47.51,2019-2019,2019,2019,0,12,,,,,,-,,,,,,,,,,2019-2019,2019,2019,0,12,12.0,4.0,4.0,0.0,0.0,4.0,,0.333,0.33,0.33,0.0,True,True,All-rounder
C Viljoen (NAM),2019-2019,2019,2019,0,12,7.0,3.0,68.0,33,33.0,0,17.0,70.0,97.14,0.0,0.0,0.0,7.0,1.0,5.67,0.0,0.0,49.06,2019-2019,2019,2019,0,12,12.0,37.1,0.0,236.0,20.0,05-Sep,11.8,6.34,11.1,1.0,1.0,1.67,0.16,1.21,0.083,2019-2019,2019,2019,0,12,12.0,5.0,5.0,0.0,0.0,5.0,,0.416,0.42,0.42,0.0,True,True,All-rounder
C Vorster (GUE),2019-2019,2019,2019,0,1,1.0,0.0,5.0,5,5.0,0,5.0,8.0,62.5,0.0,0.0,0.0,0.0,0.0,5.0,0.0,0.0,28.0,2019-2019,2019,2019,0,1,1.0,3.0,0.0,32.0,1.0,Jan-32,32.0,10.66,18.0,0.0,0.0,1.0,0.09,0.73,0.0,2019-2019,2019,2019,0,1,1.0,0.0,0.0,0.0,0.0,0.0,0.0,0.0,0.0,0.0,0.0,True,True,All-rounder
C Waiswa (UGA),2019-2019,2019,2019,0,4,2.0,1.0,20.0,14*,14.0,1,20.0,14.0,142.85,0.0,0.0,0.0,1.0,1.0,5.0,0.0,0.0,69.14,2019-2019,2019,2019,0,4,4.0,14.0,0.0,115.0,8.0,Apr-38,14.37,8.21,10.5,1.0,0.0,2.0,0.12,1.44,0.0,2019-2019,2019,2019,0,4,4.0,3.0,3.0,0.0,0.0,3.0,,0.75,0.75,0.75,0.0,True,True,All-rounder
C Wright (Caym),2019-2019,2019,2019,0,6,5.0,2.0,26.0,16*,16.0,1,8.66,31.0,83.87,0.0,0.0,1.0,2.0,0.0,4.33,0.0,0.0,38.74,2019-2019,2019,2019,0,6,4.0,7.0,0.0,53.0,2.0,Feb-34,26.5,7.57,21.0,0.0,0.0,0.33,0.13,0.27,0.0,2019-2019,2019,2019,0,6,6.0,2.0,2.0,0.0,0.0,2.0,,0.333,0.33,0.33,0.0,True,True,All-rounder
C Zavoiu (ROM),2019-2019,2019,2019,0,3,2.0,0.0,29.0,27,27.0,0,14.5,39.0,74.35,0.0,0.0,0.0,3.0,0.0,9.67,0.0,0.0,38.44,2019-2019,2019,2019,0,3,1.0,1.0,0.0,4.0,3.0,03-Apr,1.33,4.0,2.0,0.0,0.0,1.0,0.25,0.78,0.0,2019-2019,2019,2019,0,3,3.0,1.0,1.0,0.0,0.0,1.0,,0.333,0.33,0.33,0.0,True,True,All-rounder
C Zhuwao (ZIM),2008-2018,2008,2018,10,7,7.0,0.0,48.0,24,24.0,0,6.85,66.0,72.72,0.0,0.0,4.0,7.0,1.0,6.86,0.0,0.0,33.2,2008-2018,2008,2018,10,7,1.0,0.2,0.0,1.0,1.0,01-Jan,1.0,3.0,2.0,0.0,0.0,0.14,0.33,0.2,0.0,2008-2018,2008,2018,10,7,7.0,2.0,2.0,0.0,0.0,2.0,,0.285,0.29,0.29,0.0,True,True,All-rounder
C de Grandhomme (NZ),2012-2019,2012,2019,7,33,31.0,7.0,479.0,59,59.0,0,19.95,321.0,149.22,0.0,3.0,3.0,27.0,29.0,14.52,0.0,9.09,71.66,2012-2019,2012,2019,7,33,18.0,47.5,0.0,432.0,10.0,Feb-22,43.2,9.03,28.7,0.0,0.0,0.3,0.11,0.25,0.0,2012-2019,2012,2019,7,33,33.0,18.0,18.0,0.0,0.0,18.0,,0.545,0.55,0.55,0.0,True,True,All-rounder
CA Ingram (SA),2010-2012,2010,2012,2,9,9.0,1.0,210.0,78,78.0,0,26.25,162.0,129.62,0.0,1.0,1.0,23.0,7.0,23.33,0.0,11.11,67.6,2010-2012,2010,2012,2,9,,,,,,-,,,,,,,,,,2010-2012,2010,2012,2,9,9.0,2.0,2.0,0.0,0.0,2.0,,0.222,0.22,0.22,0.0,True,True,All-rounder
CA Liyanage (Mald),2019-2019,2019,2019,0,2,2.0,1.0,0.0,0*,0.0,1,0.0,1.0,0.0,0.0,0.0,1.0,0.0,0.0,,0.0,0.0,0.0,2019-2019,2019,2019,0,2,2.0,5.0,0.0,47.0,1.0,Jan-33,47.0,9.4,30.0,0.0,0.0,0.5,0.11,0.38,0.0,2019-2019,2019,2019,0,2,2.0,0.0,0.0,0.0,0.0,0.0,0.0,0.0,0.0,0.0,0.0,True,True,All-rounder
CA Lynn (AUS),2014-2018,2014,2018,4,18,16.0,1.0,291.0,44,44.0,0,19.4,221.0,131.67,0.0,0.0,1.0,28.0,14.0,16.17,0.0,0.0,64.31,2014-2018,2014,2018,4,18,,,,,,-,,,,,,,,,,2014-2018,2014,2018,4,18,17.0,3.0,3.0,0.0,0.0,3.0,,0.176,0.17,0.17,0.0,True,True,All-rounder
CA Soper (PNG),2015-2019,2015,2019,4,13,6.0,4.0,37.0,19,19.0,0,18.5,41.0,90.24,0.0,0.0,0.0,0.0,3.0,2.85,0.0,0.0,47.2,2015-2019,2015,2019,4,13,12.0,33.0,0.0,153.0,14.0,Mar-13,10.92,4.63,14.1,0.0,0.0,1.08,0.22,0.82,0.0,2015-2019,2015,2019,4,13,13.0,2.0,2.0,0.0,0.0,2.0,,0.153,0.15,0.15,0.0,True,True,All-rounder
CA Young (IRE),2015-2019,2015,2019,4,26,7.0,5.0,6.0,2*,2.0,1,3.0,11.0,54.54,0.0,0.0,0.0,0.0,0.0,0.23,0.0,0.0,23.62,2015-2019,2015,2019,4,26,25.0,77.0,1.0,635.0,23.0,Apr-13,27.6,8.24,20.0,1.0,0.0,0.88,0.12,0.66,0.0,2015-2019,2015,2019,4,26,25.0,7.0,7.0,0.0,0.0,7.0,,0.28,0.27,0.27,0.0,True,True,All-rounder
CAJ Meschede (GER),2019-2019,2019,2019,0,5,5.0,1.0,179.0,67,67.0,0,44.75,115.0,155.65,0.0,1.0,1.0,9.0,14.0,35.8,0.0,20.0,89.11,2019-2019,2019,2019,0,5,5.0,20.0,0.0,115.0,6.0,02-Nov,19.16,5.75,20.0,0.0,0.0,1.2,0.17,0.89,0.0,2019-2019,2019,2019,0,5,5.0,1.0,1.0,0.0,0.0,1.0,,0.2,0.2,0.2,0.0,True,True,All-rounder
CAK Rajitha (SL),2016-2019,2016,2019,3,10,4.0,2.0,8.0,5,5.0,0,4.0,23.0,34.78,0.0,0.0,1.0,0.0,0.0,0.8,0.0,0.0,16.31,2016-2019,2016,2019,3,10,10.0,37.0,0.0,358.0,10.0,Mar-29,35.8,9.67,22.2,0.0,0.0,1.0,0.1,0.73,0.0,2016-2019,2016,2019,3,10,10.0,0.0,0.0,0.0,0.0,0.0,0.0,0.0,0.0,0.0,0.0,True,True,All-rounder
CAK Walton (WI),2014-2018,2014,2018,4,19,17.0,0.0,225.0,40,40.0,0,13.23,203.0,110.83,0.0,0.0,5.0,23.0,11.0,11.84,0.0,0.0,52.27,2014-2018,2014,2018,4,19,,,,,,-,,,,,,,,,,2014-2018,2014,2018,4,19,19.0,15.0,13.0,2.0,10.0,3.0,,0.789,0.68,0.79,0.11,True,True,All-rounder
CB Mpofu (ZIM),2008-2019,2008,2019,11,30,10.0,6.0,33.0,17*,17.0,1,8.25,40.0,82.5,0.0,0.0,3.0,3.0,1.0,1.1,0.0,0.0,37.95,2008-2019,2008,2019,11,30,30.0,107.5,0.0,950.0,31.0,Apr-30,30.64,8.8,20.8,1.0,0.0,1.03,0.11,0.76,0.0,2008-2019,2008,2019,11,30,30.0,5.0,5.0,0.0,0.0,5.0,,0.166,0.17,0.17,0.0,True,True,All-rounder
CB Sole (SCOT),2017-2018,2017,2018,1,4,1.0,1.0,4.0,4*,4.0,1,,2.0,200.0,0.0,0.0,0.0,1.0,0.0,1.0,0.0,0.0,,2017-2018,2017,2018,1,4,4.0,16.0,0.0,141.0,2.0,Feb-38,70.5,8.81,48.0,0.0,0.0,0.5,0.11,0.38,0.0,2017-2018,2017,2018,1,4,4.0,1.0,1.0,0.0,0.0,1.0,,0.25,0.25,0.25,0.0,True,True,All-rounder
CBRLS Kumara (SL),2019-2019,2019,2019,0,3,1.0,0.0,4.0,4,4.0,0,4.0,2.0,200.0,0.0,0.0,0.0,1.0,0.0,1.33,0.0,0.0,82.4,2019-2019,2019,2019,0,3,3.0,12.0,0.0,97.0,3.0,Feb-24,32.33,8.08,24.0,0.0,0.0,1.0,0.12,0.74,0.0,2019-2019,2019,2019,0,3,3.0,0.0,0.0,0.0,0.0,0.0,0.0,0.0,0.0,0.0,0.0,True,True,All-rounder
CC Blake (VAN),2019-2019,2019,2019,0,3,,,,-,,0,,,,,,,,,,,,,2019-2019,2019,2019,0,3,3.0,8.0,0.0,49.0,1.0,Jan-15,49.0,6.12,48.0,0.0,0.0,0.33,0.16,0.28,0.0,2019-2019,2019,2019,0,3,3.0,0.0,0.0,0.0,0.0,0.0,0.0,0.0,0.0,0.0,0.0,True,True,All-rounder
CD Barnwell (WI),2011-2013,2011,2013,2,6,6.0,2.0,78.0,34*,34.0,1,19.5,62.0,125.8,0.0,0.0,1.0,4.0,4.0,13.0,0.0,0.0,62.02,2011-2013,2011,2013,2,6,4.0,6.0,0.0,51.0,1.0,Jan-24,51.0,8.5,36.0,0.0,0.0,0.17,0.12,0.15,0.0,2011-2013,2011,2013,2,6,6.0,2.0,2.0,0.0,0.0,2.0,,0.333,0.33,0.33,0.0,True,True,All-rounder
CD McMillan (NZ),2005-2007,2005,2007,2,8,7.0,1.0,187.0,57,57.0,0,31.16,117.0,159.82,0.0,1.0,0.0,8.0,14.0,23.38,0.0,12.5,82.62,2005-2007,2005,2007,2,8,,,,,,-,,,,,,,,,,2005-2007,2005,2007,2,8,8.0,3.0,3.0,0.0,0.0,3.0,,0.375,0.38,0.38,0.0,True,True,All-rounder
CD Wallace (SCOT),2012-2019,2012,2019,7,19,14.0,6.0,146.0,27,27.0,0,18.25,122.0,119.67,0.0,0.0,1.0,14.0,2.0,7.68,0.0,0.0,58.82,2012-2019,2012,2019,7,19,,,,,,-,,,,,,,,,,2012-2019,2012,2019,7,19,18.0,9.0,7.0,2.0,6.0,1.0,,0.5,0.37,0.47,0.11,True,True,All-rounder
CD de Lange (SCOT),2015-2017,2015,2017,2,8,3.0,0.0,35.0,22,22.0,0,11.66,22.0,159.09,0.0,0.0,0.0,2.0,2.0,4.38,0.0,0.0,70.63,2015-2017,2015,2017,2,8,7.0,27.0,0.0,171.0,8.0,Feb-17,21.37,6.33,20.2,0.0,0.0,1.0,0.16,0.75,0.0,2015-2017,2015,2017,2,8,7.0,3.0,3.0,0.0,0.0,3.0,,0.428,0.38,0.38,0.0,True,True,All-rounder
CG Burnett (SCOT),2013-2013,2013,2013,0,1,,,,-,,0,,,,,,,,,,,,,2013-2013,2013,2013,0,1,1.0,4.0,0.0,18.0,3.0,Mar-18,6.0,4.5,8.0,0.0,0.0,3.0,0.22,2.17,0.0,2013-2013,2013,2013,0,1,1.0,0.0,0.0,0.0,0.0,0.0,0.0,0.0,0.0,0.0,0.0,True,True,All-rounder
CG Williams (NAM),2019-2019,2019,2019,0,13,12.0,3.0,249.0,68*,68.0,1,27.66,210.0,118.57,0.0,1.0,1.0,15.0,10.0,19.15,0.0,7.69,64.02,2019-2019,2019,2019,0,13,10.0,23.0,1.0,142.0,9.0,03-Sep,15.77,6.17,15.3,0.0,0.0,0.69,0.16,0.53,0.0,2019-2019,2019,2019,0,13,13.0,2.0,2.0,0.0,0.0,2.0,,0.153,0.15,0.15,0.0,True,True,All-rounder
CH Gayle (WI),2006-2019,2006,2019,13,58,54.0,4.0,1627.0,117,117.0,0,32.54,1139.0,142.84,2.0,13.0,3.0,138.0,105.0,28.05,3.45,22.41,76.66,2006-2019,2006,2019,13,58,23.0,53.1,0.0,377.0,17.0,Feb-15,22.17,7.09,18.7,0.0,0.0,0.29,0.14,0.25,0.0,2006-2019,2006,2019,13,58,58.0,15.0,15.0,0.0,0.0,15.0,,0.258,0.26,0.26,0.0,True,True,All-rounder
CH Morris (SA),2012-2019,2012,2019,7,23,13.0,4.0,133.0,55*,55.0,1,14.77,102.0,130.39,0.0,1.0,3.0,12.0,5.0,5.78,0.0,4.35,61.02,2012-2019,2012,2019,7,23,23.0,83.0,3.0,697.0,34.0,Apr-27,20.5,8.39,14.6,1.0,0.0,1.48,0.12,1.07,0.0,2012-2019,2012,2019,7,23,23.0,6.0,6.0,0.0,0.0,6.0,,0.26,0.26,0.26,0.0,True,True,All-rounder
CJ Anderson (NZ),2012-2018,2012,2018,6,31,24.0,4.0,485.0,94*,94.0,1,24.25,351.0,138.17,0.0,2.0,3.0,30.0,26.0,15.65,0.0,6.45,69.82,2012-2018,2012,2018,6,31,21.0,60.0,0.0,495.0,14.0,Feb-17,35.35,8.25,25.7,0.0,0.0,0.45,0.12,0.35,0.0,2012-2018,2012,2018,6,31,31.0,19.0,19.0,0.0,0.0,19.0,,0.612,0.61,0.61,0.0,True,True,All-rounder
CJ Boyce (AUS),2014-2016,2014,2016,2,7,2.0,1.0,4.0,3,3.0,0,4.0,7.0,57.14,0.0,0.0,0.0,0.0,0.0,0.57,0.0,0.0,25.26,2014-2016,2014,2016,2,7,7.0,23.0,0.0,152.0,8.0,02-Oct,19.0,6.6,17.2,0.0,0.0,1.14,0.15,0.85,0.0,2014-2016,2014,2016,2,7,7.0,0.0,0.0,0.0,0.0,0.0,0.0,0.0,0.0,0.0,0.0,True,True,All-rounder
CJ Chibhabha (ZIM),2006-2018,2006,2018,12,33,32.0,0.0,621.0,67,67.0,0,19.4,570.0,108.94,0.0,5.0,3.0,72.0,12.0,18.82,0.0,15.15,55.22,2006-2018,2006,2018,12,33,22.0,53.5,0.0,455.0,14.0,Mar-18,32.5,8.45,23.0,0.0,0.0,0.42,0.12,0.33,0.0,2006-2018,2006,2018,12,33,33.0,9.0,9.0,0.0,0.0,9.0,,0.272,0.27,0.27,0.0,True,True,All-rounder
CJ Dala (SA),2018-2019,2018,2019,1,9,4.0,3.0,19.0,12*,12.0,1,19.0,28.0,67.85,0.0,0.0,0.0,1.0,0.0,2.11,0.0,0.0,38.54,2018-2019,2018,2019,1,9,9.0,30.0,1.0,282.0,13.0,Mar-35,21.69,9.4,13.8,0.0,0.0,1.44,0.11,1.04,0.0,2018-2019,2018,2019,1,9,9.0,3.0,3.0,0.0,0.0,3.0,,0.333,0.33,0.33,0.0,True,True,All-rounder
CJ Delany (GIBR),2019-2019,2019,2019,0,4,4.0,0.0,37.0,21,21.0,0,9.25,60.0,61.66,0.0,0.0,1.0,2.0,0.0,9.25,0.0,0.0,30.21,2019-2019,2019,2019,0,4,,,,,,-,,,,,,,,,,2019-2019,2019,2019,0,4,4.0,1.0,1.0,0.0,0.0,1.0,,0.25,0.25,0.25,0.0,True,True,All-rounder
CJ Ferguson (AUS),2009-2009,2009,2009,0,3,3.0,0.0,16.0,8,8.0,0,5.33,19.0,84.21,0.0,0.0,1.0,1.0,0.0,5.33,0.0,0.0,36.88,2009-2009,2009,2009,0,3,,,,,,-,,,,,,,,,,2009-2009,2009,2009,0,3,3.0,1.0,1.0,0.0,0.0,1.0,,0.333,0.33,0.33,0.0,True,True,All-rounder
CJ Gannon (USA),2019-2019,2019,2019,0,4,3.0,2.0,12.0,7*,7.0,1,12.0,9.0,133.33,0.0,0.0,0.0,0.0,1.0,3.0,0.0,0.0,60.53,2019-2019,2019,2019,0,4,3.0,9.0,0.0,67.0,3.0,Feb-21,22.33,7.44,18.0,0.0,0.0,0.75,0.13,0.57,0.0,2019-2019,2019,2019,0,4,4.0,2.0,2.0,0.0,0.0,2.0,,0.5,0.5,0.5,0.0,True,True,All-rounder
CJ Jordan (ENG),2014-2019,2014,2019,5,43,25.0,11.0,216.0,36,36.0,0,15.42,166.0,130.12,0.0,0.0,2.0,16.0,11.0,5.02,0.0,0.0,61.3,2014-2019,2014,2019,5,43,43.0,151.3,0.0,1300.0,54.0,04-Jun,24.07,8.58,16.8,2.0,0.0,1.26,0.12,0.91,0.0,2014-2019,2014,2019,5,43,43.0,23.0,23.0,0.0,0.0,23.0,,0.534,0.53,0.53,0.0,True,True,All-rounder
CJ McKay (AUS),2010-2013,2010,2013,3,6,4.0,2.0,19.0,7,7.0,0,9.5,22.0,86.36,0.0,0.0,1.0,1.0,1.0,3.17,0.0,0.0,40.24,2010-2013,2010,2013,3,6,6.0,22.4,1.0,183.0,4.0,Feb-24,45.75,8.07,34.0,0.0,0.0,0.67,0.12,0.5,0.0,2010-2013,2010,2013,3,6,6.0,0.0,0.0,0.0,0.0,0.0,0.0,0.0,0.0,0.0,0.0,True,True,All-rounder
CJA Amini (PNG),2015-2019,2015,2019,4,23,18.0,4.0,377.0,60,60.0,0,26.92,324.0,116.35,0.0,2.0,2.0,16.0,13.0,16.39,0.0,8.7,62.69,2015-2019,2015,2019,4,23,21.0,63.1,0.0,367.0,19.0,Feb-13,19.31,5.81,19.9,0.0,0.0,0.83,0.17,0.63,0.0,2015-2019,2015,2019,4,23,23.0,5.0,5.0,0.0,0.0,5.0,,0.217,0.22,0.22,0.0,True,True,All-rounder
CJO Smith (SCOT),2007-2009,2007,2009,2,8,6.0,1.0,58.0,46*,46.0,1,11.6,54.0,107.4,0.0,0.0,3.0,6.0,0.0,7.25,0.0,0.0,49.92,2007-2009,2007,2009,2,8,,,,,,-,,,,,,,,,,2007-2009,2007,2009,2,8,7.0,9.0,5.0,4.0,5.0,0.0,,1.285,0.63,1.13,0.5,True,True,All-rounder
CK Coventry (ZIM),2010-2015,2010,2015,5,13,12.0,2.0,127.0,30,30.0,0,12.7,90.0,141.11,0.0,0.0,2.0,14.0,6.0,9.77,0.0,0.0,64.06,2010-2015,2010,2015,5,13,,,,,,-,,,,,,,,,,2010-2015,2010,2015,5,13,13.0,2.0,2.0,0.0,1.0,1.0,,0.153,0.15,0.15,0.0,True,True,All-rounder
CK Kapugedera (SL),2006-2017,2006,2017,11,43,38.0,7.0,703.0,50,50.0,0,22.67,591.0,118.95,0.0,1.0,0.0,58.0,25.0,16.35,0.0,2.33,61.18,2006-2017,2006,2017,11,43,,,,,,-,,,,,,,,,,2006-2017,2006,2017,11,43,43.0,17.0,17.0,0.0,0.0,17.0,,0.395,0.4,0.4,0.0,True,True,All-rounder
CK Langeveldt (SA),2005-2010,2005,2010,5,9,3.0,2.0,4.0,2*,2.0,1,4.0,8.0,50.0,0.0,0.0,0.0,0.0,0.0,0.44,0.0,0.0,22.4,2005-2010,2005,2010,5,9,9.0,33.0,0.0,241.0,17.0,Apr-19,14.17,7.3,11.6,1.0,0.0,1.89,0.14,1.36,0.0,2005-2010,2005,2010,5,9,9.0,1.0,1.0,0.0,0.0,1.0,,0.111,0.11,0.11,0.0,True,True,All-rounder
CL Cairns (NZ),2005-2006,2005,2006,1,2,2.0,0.0,3.0,2,2.0,0,1.5,13.0,23.07,0.0,0.0,0.0,0.0,0.0,1.5,0.0,0.0,10.13,2005-2006,2005,2006,1,2,2.0,8.0,0.0,52.0,1.0,Jan-28,52.0,6.5,48.0,0.0,0.0,0.5,0.15,0.4,0.0,2005-2006,2005,2006,1,2,2.0,1.0,1.0,0.0,0.0,1.0,,0.5,0.5,0.5,0.0,True,True,All-rounder
CL White (AUS),2007-2014,2007,2014,7,47,44.0,14.0,984.0,85*,85.0,1,32.8,740.0,132.97,0.0,5.0,3.0,71.0,44.0,20.94,0.0,10.64,72.87,2007-2014,2007,2014,7,47,5.0,7.0,0.0,51.0,1.0,01-Nov,51.0,7.28,42.0,0.0,0.0,0.02,0.14,0.06,0.0,2007-2014,2007,2014,7,47,47.0,23.0,23.0,0.0,0.0,23.0,,0.489,0.49,0.49,0.0,True,True,All-rounder
CM Akachukwu (NGA),2019-2019,2019,2019,0,8,5.0,3.0,14.0,8,8.0,0,7.0,15.0,93.33,0.0,0.0,0.0,0.0,1.0,1.75,0.0,0.0,41.53,2019-2019,2019,2019,0,8,8.0,18.2,0.0,151.0,6.0,Feb-34,25.16,8.23,18.3,0.0,0.0,0.75,0.12,0.56,0.0,2019-2019,2019,2019,0,8,8.0,2.0,2.0,0.0,0.0,2.0,,0.25,0.25,0.25,0.0,True,True,All-rounder
CM Wright (SCOT),2007-2009,2007,2009,2,3,1.0,0.0,14.0,14,14.0,0,14.0,18.0,77.77,0.0,0.0,0.0,0.0,0.0,4.67,0.0,0.0,39.51,2007-2009,2007,2009,2,3,2.0,5.0,0.0,49.0,4.0,Mar-29,12.25,9.8,7.5,0.0,0.0,1.33,0.1,0.96,0.0,2007-2009,2007,2009,2,3,2.0,1.0,1.0,0.0,0.0,1.0,,0.5,0.33,0.33,0.0,True,True,All-rounder
CMW Read (ENG),2006-2006,2006,2006,0,1,1.0,0.0,13.0,13,13.0,0,13.0,11.0,118.18,0.0,0.0,0.0,2.0,0.0,13.0,0.0,0.0,55.07,2006-2006,2006,2006,0,1,,,,,,-,,,,,,,,,,2006-2006,2006,2006,0,1,1.0,1.0,1.0,0.0,1.0,0.0,,1.0,1.0,1.0,0.0,True,True,All-rounder
CN Ackermann (NL),2019-2019,2019,2019,0,11,11.0,3.0,243.0,43*,43.0,1,30.37,196.0,123.97,0.0,0.0,0.0,18.0,5.0,22.09,0.0,0.0,67.81,2019-2019,2019,2019,0,11,10.0,25.0,0.0,147.0,5.0,01-Jun,29.4,5.88,30.0,0.0,0.0,0.45,0.17,0.37,0.0,2019-2019,2019,2019,0,11,11.0,4.0,4.0,0.0,0.0,4.0,,0.363,0.36,0.36,0.0,True,True,All-rounder
CN Onwuzulike (NGA),2019-2019,2019,2019,0,9,9.0,1.0,122.0,46*,46.0,1,15.25,126.0,96.82,0.0,0.0,2.0,5.0,5.0,13.56,0.0,0.0,47.88,2019-2019,2019,2019,0,9,,,,,,-,,,,,,,,,,2019-2019,2019,2019,0,9,9.0,5.0,5.0,0.0,0.0,5.0,,0.555,0.56,0.56,0.0,True,True,All-rounder
CO Obuya (KENYA),2007-2019,2007,2019,12,35,33.0,6.0,691.0,75*,75.0,1,25.59,649.0,106.47,0.0,4.0,3.0,47.0,17.0,19.74,0.0,11.43,57.94,2007-2019,2007,2019,12,35,18.0,52.2,0.0,334.0,23.0,Apr-27,14.52,6.38,13.6,1.0,0.0,0.66,0.16,0.51,0.0,2007-2019,2007,2019,12,35,35.0,20.0,20.0,0.0,0.0,20.0,,0.571,0.57,0.57,0.0,True,True,All-rounder
CP Rizwan (UAE),2019-2019,2019,2019,0,5,4.0,0.0,80.0,44,44.0,0,20.0,73.0,109.58,0.0,0.0,0.0,10.0,1.0,16.0,0.0,0.0,55.83,2019-2019,2019,2019,0,5,,,,,,-,,,,,,,,,,2019-2019,2019,2019,0,5,5.0,0.0,0.0,0.0,0.0,0.0,0.0,0.0,0.0,0.0,0.0,True,True,All-rounder
CP Schofield (ENG),2007-2007,2007,2007,0,4,4.0,3.0,24.0,9*,9.0,1,24.0,20.0,120.0,0.0,0.0,0.0,2.0,0.0,6.0,0.0,0.0,62.4,2007-2007,2007,2007,0,4,4.0,12.5,0.0,92.0,4.0,Feb-15,23.0,7.16,19.2,0.0,0.0,1.0,0.14,0.74,0.0,2007-2007,2007,2007,0,4,4.0,1.0,1.0,0.0,0.0,1.0,,0.25,0.25,0.25,0.0,True,True,All-rounder
CR Brathwaite (WI),2011-2019,2011,2019,8,41,27.0,6.0,310.0,37*,37.0,1,14.76,274.0,113.13,0.0,0.0,3.0,13.0,22.0,7.56,0.0,0.0,54.11,2011-2019,2011,2019,8,41,39.0,118.1,1.0,1013.0,31.0,Mar-20,32.67,8.57,22.8,0.0,0.0,0.76,0.12,0.56,0.0,2011-2019,2011,2019,8,41,41.0,19.0,19.0,0.0,0.0,19.0,,0.463,0.46,0.46,0.0,True,True,All-rounder
CR Ervine (ZIM),2010-2019,2010,2019,9,22,21.0,1.0,461.0,68*,68.0,1,23.05,454.0,101.54,0.0,3.0,1.0,43.0,13.0,20.95,0.0,13.64,54.45,2010-2019,2010,2019,9,22,,,,,,-,,,,,,,,,,2010-2019,2010,2019,9,22,22.0,12.0,12.0,0.0,0.0,12.0,,0.545,0.55,0.55,0.0,True,True,All-rounder
CR Foggo (BMUDA),2008-2008,2008,2008,0,3,3.0,0.0,13.0,7,7.0,0,4.33,17.0,76.47,0.0,0.0,1.0,2.0,0.0,4.33,0.0,0.0,33.19,2008-2008,2008,2008,0,3,,,,,,-,,,,,,,,,,2008-2008,2008,2008,0,3,3.0,1.0,1.0,0.0,0.0,1.0,,0.333,0.33,0.33,0.0,True,True,All-rounder
CR Suryawanshi (SGP),2019-2019,2019,2019,0,3,2.0,0.0,4.0,4,4.0,0,2.0,6.0,66.66,0.0,0.0,1.0,0.0,0.0,1.33,0.0,0.0,27.86,2019-2019,2019,2019,0,3,1.0,2.0,0.0,13.0,1.0,Jan-13,13.0,6.5,12.0,0.0,0.0,0.33,0.15,0.28,0.0,2019-2019,2019,2019,0,3,3.0,3.0,3.0,0.0,0.0,3.0,,1.0,1.0,1.0,0.0,True,True,All-rounder
CR Woakes (ENG),2011-2015,2011,2015,4,8,7.0,4.0,91.0,37,37.0,0,30.33,63.0,144.44,0.0,0.0,1.0,4.0,5.0,11.38,0.0,0.0,75.97,2011-2015,2011,2015,4,8,8.0,27.0,0.0,253.0,7.0,Feb-40,36.14,9.37,23.1,0.0,0.0,0.88,0.11,0.64,0.0,2011-2015,2011,2015,4,8,8.0,1.0,1.0,0.0,0.0,1.0,,0.125,0.13,0.13,0.0,True,True,All-rounder
CRD Fernando (SL),2006-2016,2006,2016,10,18,7.0,2.0,25.0,21,21.0,0,5.0,27.0,92.59,0.0,0.0,2.0,4.0,0.0,1.39,0.0,0.0,40.04,2006-2016,2006,2016,10,18,18.0,63.0,3.0,464.0,18.0,Mar-19,25.77,7.36,21.0,0.0,0.0,1.0,0.14,0.74,0.0,2006-2016,2006,2016,10,18,18.0,3.0,3.0,0.0,0.0,3.0,,0.166,0.17,0.17,0.0,True,True,All-rounder
CS Baugh (WI),2008-2012,2008,2012,4,3,3.0,0.0,10.0,7,7.0,0,3.33,12.0,83.33,0.0,0.0,0.0,1.0,0.0,3.33,0.0,0.0,35.33,2008-2012,2008,2012,4,3,,,,,,-,,,,,,,,,,2008-2012,2008,2012,4,3,3.0,0.0,0.0,0.0,0.0,0.0,0.0,0.0,0.0,0.0,0.0,True,True,All-rounder
CS MacLeod (SCOT),2009-2019,2009,2019,10,49,47.0,7.0,1042.0,74,74.0,0,26.05,905.0,115.13,0.0,7.0,4.0,93.0,21.0,21.27,0.0,14.29,61.68,2009-2019,2009,2019,10,49,11.0,23.0,0.0,174.0,4.0,Feb-17,43.5,7.56,34.5,0.0,0.0,0.08,0.13,0.1,0.0,2009-2019,2009,2019,10,49,49.0,27.0,27.0,0.0,0.0,27.0,,0.551,0.55,0.55,0.0,True,True,All-rounder
CS Martin (NZ),2007-2008,2007,2008,1,6,1.0,1.0,5.0,5*,5.0,1,,6.0,83.33,0.0,0.0,0.0,0.0,0.0,0.83,0.0,0.0,,2007-2008,2007,2008,1,6,6.0,23.0,1.0,193.0,7.0,Feb-14,27.57,8.39,19.7,0.0,0.0,1.17,0.12,0.85,0.0,2007-2008,2007,2008,1,6,6.0,1.0,1.0,0.0,0.0,1.0,,0.166,0.17,0.17,0.0,True,True,All-rounder
CT Bancroft (AUS),2016-2016,2016,2016,0,1,1.0,1.0,0.0,0*,0.0,1,,0.0,,0.0,0.0,0.0,0.0,0.0,,0.0,0.0,,2016-2016,2016,2016,0,1,,,,,,-,,,,,,,,,,2016-2016,2016,2016,0,1,1.0,1.0,1.0,0.0,1.0,0.0,,1.0,1.0,1.0,0.0,True,True,All-rounder
CT Mutombodzi (ZIM),2013-2019,2013,2019,6,13,12.0,3.0,129.0,32,32.0,0,14.33,133.0,96.99,0.0,0.0,2.0,9.0,2.0,9.92,0.0,0.0,47.39,2013-2019,2013,2019,6,13,9.0,26.0,0.0,188.0,7.0,02-Dec,26.85,7.23,22.2,0.0,0.0,0.54,0.14,0.42,0.0,2013-2019,2013,2019,6,13,13.0,2.0,2.0,0.0,0.0,2.0,,0.153,0.15,0.15,0.0,True,True,All-rounder
CT Tremlett (ENG),2007-2007,2007,2007,0,1,,,,-,,0,,,,,,,,,,,,,2007-2007,2007,2007,0,1,1.0,4.0,0.0,45.0,2.0,Feb-45,22.5,11.25,12.0,0.0,0.0,2.0,0.09,1.43,0.0,2007-2007,2007,2007,0,1,1.0,0.0,0.0,0.0,0.0,0.0,0.0,0.0,0.0,0.0,0.0,True,True,All-rounder
CU Jayasinghe (SL),2009-2010,2009,2010,1,5,3.0,2.0,49.0,38,38.0,0,49.0,49.0,100.0,0.0,0.0,0.0,3.0,1.0,9.8,0.0,0.0,69.4,2009-2010,2009,2010,1,5,,,,,,-,,,,,,,,,,2009-2010,2009,2010,1,5,5.0,0.0,0.0,0.0,0.0,0.0,0.0,0.0,0.0,0.0,0.0,True,True,All-rounder
CW Perchard (JER),2019-2019,2019,2019,0,15,5.0,2.0,28.0,12,12.0,0,9.33,35.0,80.0,0.0,0.0,0.0,0.0,0.0,1.87,0.0,0.0,37.6,2019-2019,2019,2019,0,15,13.0,46.5,0.0,275.0,20.0,May-17,13.75,5.87,14.0,1.0,1.0,1.33,0.17,0.98,0.067,2019-2019,2019,2019,0,15,15.0,6.0,6.0,0.0,0.0,6.0,,0.4,0.4,0.4,0.0,True,True,All-rounder
Charanjeet Singh (ITA),2019-2019,2019,2019,0,3,2.0,2.0,8.0,8*,8.0,1,,9.0,88.88,0.0,0.0,0.0,1.0,0.0,2.67,0.0,0.0,,2019-2019,2019,2019,0,3,2.0,5.0,0.0,35.0,1.0,Jan-18,35.0,7.0,30.0,0.0,0.0,0.33,0.14,0.28,0.0,2019-2019,2019,2019,0,3,2.0,0.0,0.0,0.0,0.0,0.0,0.0,0.0,0.0,0.0,0.0,True,True,All-rounder
Chirag Suri (UAE),2018-2019,2018,2019,1,7,7.0,1.0,113.0,44*,44.0,1,18.83,121.0,93.38,0.0,0.0,0.0,10.0,2.0,16.14,0.0,0.0,48.65,2018-2019,2018,2019,1,7,,,,,,-,,,,,,,,,,2018-2019,2018,2019,1,7,7.0,0.0,0.0,0.0,0.0,0.0,0.0,0.0,0.0,0.0,0.0,True,True,All-rounder
D Ajekun (NGA),2019-2019,2019,2019,0,6,6.0,0.0,55.0,17,17.0,0,9.16,81.0,67.9,0.0,0.0,0.0,6.0,1.0,9.17,0.0,0.0,32.66,2019-2019,2019,2019,0,6,6.0,11.1,0.0,76.0,4.0,01-May,19.0,6.8,16.7,0.0,0.0,0.67,0.15,0.51,0.0,2019-2019,2019,2019,0,6,6.0,0.0,0.0,0.0,0.0,0.0,0.0,0.0,0.0,0.0,0.0,True,True,All-rounder
D Bau (PNG),2017-2017,2017,2017,0,1,,,,-,,0,,,,,,,,,,,,,2017-2017,2017,2017,0,1,,,,,,-,,,,,,,,,,2017-2017,2017,2017,0,1,1.0,0.0,0.0,0.0,0.0,0.0,0.0,0.0,0.0,0.0,0.0,True,True,All-rounder
D Bishoo (WI),2011-2019,2011,2019,8,7,4.0,2.0,17.0,8,8.0,0,8.5,29.0,58.62,0.0,0.0,1.0,2.0,0.0,2.43,0.0,0.0,28.55,2011-2019,2011,2019,8,7,7.0,20.1,1.0,137.0,7.0,Apr-17,19.57,6.79,17.2,1.0,0.0,1.0,0.15,0.74,0.0,2011-2019,2011,2019,8,7,7.0,1.0,1.0,0.0,0.0,1.0,,0.142,0.14,0.14,0.0,True,True,All-rounder
D Cato (Caym),2019-2019,2019,2019,0,3,3.0,0.0,30.0,20,20.0,0,10.0,59.0,50.84,0.0,0.0,0.0,2.0,0.0,10.0,0.0,0.0,26.34,2019-2019,2019,2019,0,3,,,,,,-,,,,,,,,,,2019-2019,2019,2019,0,3,3.0,0.0,0.0,0.0,0.0,0.0,0.0,0.0,0.0,0.0,0.0,True,True,All-rounder
D Daesrath (CAN),2013-2013,2013,2013,0,1,,,,-,,0,,,,,,,,,,,,,2013-2013,2013,2013,0,1,,,,,,-,,,,,,,,,,2013-2013,2013,2013,0,1,1.0,0.0,0.0,0.0,0.0,0.0,0.0,0.0,0.0,0.0,0.0,True,True,All-rounder
D Ganga (WI),2006-2006,2006,2006,0,1,1.0,0.0,26.0,26,26.0,0,26.0,31.0,83.87,0.0,0.0,0.0,3.0,1.0,26.0,0.0,0.0,49.15,2006-2006,2006,2006,0,1,,,,,,-,,,,,,,,,,2006-2006,2006,2006,0,1,1.0,0.0,0.0,0.0,0.0,0.0,0.0,0.0,0.0,0.0,0.0,True,True,All-rounder
D Gim (NGA),2019-2019,2019,2019,0,6,4.0,2.0,17.0,9*,9.0,1,8.5,32.0,53.12,0.0,0.0,1.0,0.0,0.0,2.83,0.0,0.0,26.35,2019-2019,2019,2019,0,6,4.0,6.0,0.0,65.0,2.0,Jan-18,32.5,10.83,18.0,0.0,0.0,0.33,0.09,0.26,0.0,2019-2019,2019,2019,0,6,6.0,3.0,3.0,0.0,0.0,3.0,,0.5,0.5,0.5,0.0,True,True,All-rounder
D Gough (ENG),2005-2006,2005,2006,1,2,,,,-,,0,,,,,,,,,,,,,2005-2006,2005,2006,1,2,2.0,6.5,0.0,49.0,3.0,Mar-16,16.33,7.17,13.6,0.0,0.0,1.5,0.14,1.09,0.0,2005-2006,2005,2006,1,2,2.0,0.0,0.0,0.0,0.0,0.0,0.0,0.0,0.0,0.0,0.0,True,True,All-rounder
D Heyliger (CAN),2019-2019,2019,2019,0,11,7.0,5.0,58.0,23*,23.0,1,29.0,42.0,138.09,0.0,0.0,1.0,2.0,3.0,5.27,0.0,0.0,72.64,2019-2019,2019,2019,0,11,11.0,42.0,0.0,306.0,19.0,Apr-16,16.1,7.28,13.2,2.0,0.0,1.73,0.14,1.25,0.0,2019-2019,2019,2019,0,11,11.0,2.0,2.0,0.0,0.0,2.0,,0.181,0.18,0.18,0.0,True,True,All-rounder
D Jakiel (ZIM),2019-2019,2019,2019,0,2,,,,-,,0,,,,,,,,,,,,,2019-2019,2019,2019,0,2,2.0,7.0,0.0,44.0,3.0,Feb-27,14.66,6.28,14.0,0.0,0.0,1.5,0.16,1.1,0.0,2019-2019,2019,2019,0,2,2.0,0.0,0.0,0.0,0.0,0.0,0.0,0.0,0.0,0.0,0.0,True,True,All-rounder
D Kansonkho (MWI),2019-2019,2019,2019,0,7,4.0,0.0,38.0,21,21.0,0,9.5,47.0,80.85,0.0,0.0,2.0,5.0,0.0,5.43,0.0,0.0,38.04,2019-2019,2019,2019,0,7,3.0,7.3,0.0,60.0,1.0,Jan-15,60.0,8.0,45.0,0.0,0.0,0.14,0.13,0.14,0.0,2019-2019,2019,2019,0,7,7.0,5.0,5.0,0.0,0.0,5.0,,0.714,0.71,0.71,0.0,True,True,All-rounder
D Kegasitswe (Botsw),2019-2019,2019,2019,0,4,2.0,2.0,5.0,4*,4.0,1,,11.0,45.45,0.0,0.0,0.0,0.0,0.0,1.25,0.0,0.0,,2019-2019,2019,2019,0,4,3.0,12.0,0.0,156.0,2.0,Jan-43,78.0,13.0,36.0,0.0,0.0,0.5,0.08,0.37,0.0,2019-2019,2019,2019,0,4,4.0,0.0,0.0,0.0,0.0,0.0,0.0,0.0,0.0,0.0,0.0,True,True,All-rounder
D Maisuria (Botsw),2019-2019,2019,2019,0,6,3.0,2.0,6.0,6*,6.0,1,6.0,11.0,54.54,0.0,0.0,1.0,0.0,0.0,1.0,0.0,0.0,25.42,2019-2019,2019,2019,0,6,5.0,17.1,0.0,121.0,11.0,Apr-28,11.0,7.04,9.3,1.0,0.0,1.83,0.14,1.33,0.0,2019-2019,2019,2019,0,6,6.0,1.0,1.0,0.0,0.0,1.0,,0.166,0.17,0.17,0.0,True,True,All-rounder
D Manani (ROM),2019-2019,2019,2019,0,2,2.0,1.0,37.0,19*,19.0,1,37.0,32.0,115.62,0.0,0.0,0.0,4.0,1.0,18.5,0.0,0.0,68.45,2019-2019,2019,2019,0,2,2.0,4.0,0.0,27.0,0.0,-,,6.75,,0.0,0.0,0.0,0.15,0.04,0.0,2019-2019,2019,2019,0,2,2.0,0.0,0.0,0.0,0.0,0.0,0.0,0.0,0.0,0.0,0.0,True,True,All-rounder
D Marks (MALTA),2019-2019,2019,2019,0,2,2.0,2.0,11.0,6*,6.0,1,,12.0,91.66,0.0,0.0,0.0,0.0,0.0,5.5,0.0,0.0,,2019-2019,2019,2019,0,2,2.0,7.0,0.0,54.0,0.0,-,,7.71,,0.0,0.0,0.0,0.13,0.04,0.0,2019-2019,2019,2019,0,2,2.0,0.0,0.0,0.0,0.0,0.0,0.0,0.0,0.0,0.0,0.0,True,True,All-rounder
D Mejia (CRC),2019-2019,2019,2019,0,3,1.0,0.0,12.0,12,12.0,0,12.0,10.0,120.0,0.0,0.0,0.0,2.0,0.0,4.0,0.0,0.0,55.2,2019-2019,2019,2019,0,3,2.0,4.0,0.0,23.0,0.0,-,,5.75,,0.0,0.0,0.0,0.17,0.05,0.0,2019-2019,2019,2019,0,3,3.0,0.0,0.0,0.0,0.0,0.0,0.0,0.0,0.0,0.0,0.0,True,True,All-rounder
D Mongia (INDIA),2006-2006,2006,2006,0,1,1.0,0.0,38.0,38,38.0,0,38.0,45.0,84.44,0.0,0.0,0.0,4.0,1.0,38.0,0.0,0.0,56.58,2006-2006,2006,2006,0,1,,,,,,-,,,,,,,,,,2006-2006,2006,2006,0,1,1.0,1.0,1.0,0.0,0.0,1.0,,1.0,1.0,1.0,0.0,True,True,All-rounder
D Muhumuza (UGA),2019-2019,2019,2019,0,4,4.0,0.0,41.0,28,28.0,0,10.25,36.0,113.88,0.0,0.0,1.0,3.0,1.0,10.25,0.0,0.0,51.7,2019-2019,2019,2019,0,4,3.0,5.0,0.0,35.0,1.0,Jan-15,35.0,7.0,30.0,0.0,0.0,0.25,0.14,0.22,0.0,2019-2019,2019,2019,0,4,4.0,0.0,0.0,0.0,0.0,0.0,0.0,0.0,0.0,0.0,0.0,True,True,All-rounder
D Murphy (SCOT),2013-2013,2013,2013,0,4,4.0,3.0,35.0,20,20.0,0,35.0,35.0,100.0,0.0,0.0,0.0,1.0,0.0,8.75,0.0,0.0,61.0,2013-2013,2013,2013,0,4,,,,,,-,,,,,,,,,,2013-2013,2013,2013,0,4,4.0,1.0,1.0,0.0,1.0,0.0,,0.25,0.25,0.25,0.0,True,True,All-rounder
D Nikolov (),2019-2019,2019,2019,0,3,2.0,0.0,18.0,13,13.0,0,9.0,33.0,54.54,0.0,0.0,0.0,2.0,0.0,6.0,0.0,0.0,27.22,2019-2019,2019,2019,0,3,2.0,4.0,0.0,36.0,1.0,Jan-22,36.0,9.0,24.0,0.0,0.0,0.33,0.11,0.27,0.0,2019-2019,2019,2019,0,3,3.0,0.0,0.0,0.0,0.0,0.0,0.0,0.0,0.0,0.0,0.0,True,True,All-rounder
D Paterson (SA),2017-2018,2017,2018,1,8,2.0,1.0,5.0,4*,4.0,1,5.0,2.0,250.0,0.0,0.0,0.0,1.0,0.0,0.63,0.0,0.0,103.0,2017-2018,2017,2018,1,8,8.0,29.5,0.0,265.0,9.0,Apr-32,29.44,8.88,19.8,1.0,0.0,1.13,0.11,0.82,0.0,2017-2018,2017,2018,1,8,8.0,1.0,1.0,0.0,0.0,1.0,,0.125,0.13,0.13,0.0,True,True,All-rounder
D Pretorius (SA),2017-2019,2017,2019,2,6,2.0,2.0,87.0,77*,77.0,1,,49.0,177.55,0.0,1.0,0.0,7.0,4.0,14.5,0.0,16.67,,2017-2019,2017,2019,2,6,6.0,14.0,0.0,116.0,3.0,01-Dec,38.66,8.28,28.0,0.0,0.0,0.5,0.12,0.39,0.0,2017-2019,2017,2019,2,6,6.0,0.0,0.0,0.0,0.0,0.0,0.0,0.0,0.0,0.0,0.0,True,True,All-rounder
D Ramdin (WI),2006-2019,2006,2019,13,71,50.0,16.0,636.0,55*,55.0,1,18.7,551.0,115.42,0.0,1.0,3.0,51.0,19.0,8.96,0.0,1.41,57.39,2006-2019,2006,2019,13,71,,,,,,-,,,,,,,,,,2006-2019,2006,2019,13,71,71.0,63.0,43.0,20.0,43.0,0.0,,0.887,0.61,0.89,0.28,True,True,All-rounder
D Ravu (PNG),2019-2019,2019,2019,0,17,4.0,1.0,10.0,6,6.0,0,3.33,9.0,111.11,0.0,0.0,1.0,1.0,0.0,0.59,0.0,0.0,46.44,2019-2019,2019,2019,0,17,16.0,42.1,0.0,221.0,24.0,May-15,9.2,5.24,10.5,1.0,1.0,1.41,0.19,1.05,0.059,2019-2019,2019,2019,0,17,17.0,5.0,5.0,0.0,0.0,5.0,,0.294,0.29,0.29,0.0,True,True,All-rounder
D Sheeli (KUW),2019-2019,2019,2019,0,3,3.0,0.0,31.0,19,19.0,0,10.33,32.0,96.87,0.0,0.0,0.0,3.0,0.0,10.33,0.0,0.0,44.95,2019-2019,2019,2019,0,3,,,,,,-,,,,,,,,,,2019-2019,2019,2019,0,3,3.0,3.0,3.0,0.0,0.0,3.0,,1.0,1.0,1.0,0.0,True,True,All-rounder
D Weston (GER),2019-2019,2019,2019,0,6,6.0,0.0,47.0,18,18.0,0,7.83,54.0,87.03,0.0,0.0,2.0,5.0,1.0,7.83,0.0,0.0,39.51,2019-2019,2019,2019,0,6,,,,,,-,,,,,,,,,,2019-2019,2019,2019,0,6,6.0,11.0,9.0,2.0,9.0,0.0,,1.833,1.5,1.83,0.33,True,True,All-rounder
D Wiese (SA),2013-2016,2013,2016,3,20,11.0,4.0,92.0,28,28.0,0,13.14,75.0,122.66,0.0,0.0,1.0,4.0,3.0,4.6,0.0,0.0,56.95,2013-2016,2013,2016,3,20,20.0,65.2,0.0,497.0,24.0,May-23,20.7,7.6,16.3,0.0,1.0,1.2,0.13,0.88,0.05,2013-2016,2013,2016,3,20,20.0,9.0,9.0,0.0,0.0,9.0,,0.45,0.45,0.45,0.0,True,True,All-rounder
D de la Puente (Peru),2019-2019,2019,2019,0,2,2.0,1.0,3.0,2*,2.0,1,3.0,7.0,42.85,0.0,0.0,0.0,0.0,0.0,1.5,0.0,0.0,18.94,2019-2019,2019,2019,0,2,,,,,,-,,,,,,,,,,2019-2019,2019,2019,0,2,2.0,0.0,0.0,0.0,0.0,0.0,0.0,0.0,0.0,0.0,0.0,True,True,All-rounder
DA Miller (SA/World),2010-2019,2010,2019,9,72,62.0,18.0,1309.0,101*,101.0,1,29.75,935.0,140.0,1.0,2.0,0.0,91.0,57.0,18.18,1.39,2.78,73.85,2010-2019,2010,2019,9,72,,,,,,-,,,,,,,,,,2010-2019,2010,2019,9,72,72.0,52.0,51.0,1.0,1.0,50.0,,0.722,0.71,0.72,0.01,True,True,All-rounder
DA Rankin (IRE),2015-2016,2015,2016,1,2,2.0,0.0,49.0,34,34.0,0,24.5,54.0,90.74,0.0,0.0,0.0,3.0,2.0,24.5,0.0,0.0,51.0,2015-2016,2015,2016,1,2,,,,,,-,,,,,,,,,,2015-2016,2015,2016,1,2,2.0,0.0,0.0,0.0,0.0,0.0,0.0,0.0,0.0,0.0,0.0,True,True,All-rounder
DA Warner (AUS),2009-2019,2009,2019,10,76,76.0,8.0,2079.0,100*,100.0,1,30.57,1476.0,140.85,1.0,15.0,5.0,203.0,86.0,27.36,1.32,19.74,74.68,2009-2019,2009,2019,10,76,,,,,,-,,,,,,,,,,2009-2019,2009,2019,10,76,76.0,43.0,43.0,0.0,0.0,43.0,,0.565,0.57,0.57,0.0,True,True,All-rounder
DAJ Bracewell (NZ),2011-2019,2011,2019,8,18,10.0,5.0,121.0,44,44.0,0,24.2,83.0,145.78,0.0,0.0,2.0,6.0,9.0,6.72,0.0,0.0,72.83,2011-2019,2011,2019,8,18,16.0,47.4,0.0,437.0,20.0,Mar-25,21.85,9.16,14.3,0.0,0.0,1.11,0.11,0.81,0.0,2011-2019,2011,2019,8,18,17.0,7.0,7.0,0.0,0.0,7.0,,0.411,0.39,0.39,0.0,True,True,All-rounder
DAP Darrell (BMUDA),2019-2019,2019,2019,0,11,10.0,1.0,80.0,30*,30.0,1,8.88,95.0,84.21,0.0,0.0,1.0,1.0,5.0,7.27,0.0,0.0,39.01,2019-2019,2019,2019,0,11,1.0,2.0,0.0,14.0,0.0,-,,7.0,,0.0,0.0,0.0,0.14,0.04,0.0,2019-2019,2019,2019,0,11,11.0,4.0,4.0,0.0,0.0,4.0,,0.363,0.36,0.36,0.0,True,True,All-rounder
DAS Gunaratne (SL),2016-2017,2016,2017,1,12,12.0,3.0,225.0,84*,84.0,1,25.0,178.0,126.4,0.0,2.0,2.0,19.0,6.0,18.75,0.0,16.67,65.56,2016-2017,2016,2017,1,12,10.0,24.5,0.0,204.0,5.0,01-Nov,40.8,8.21,29.8,0.0,0.0,0.42,0.12,0.33,0.0,2016-2017,2016,2017,1,12,12.0,5.0,5.0,0.0,0.0,5.0,,0.416,0.42,0.42,0.0,True,True,All-rounder
DBL Powell (WI),2007-2007,2007,2007,0,5,1.0,1.0,1.0,1*,1.0,1,,1.0,100.0,0.0,0.0,0.0,0.0,0.0,0.2,0.0,0.0,,2007-2007,2007,2007,0,5,5.0,17.0,0.0,131.0,2.0,01-Jun,65.5,7.7,51.0,0.0,0.0,0.4,0.13,0.32,0.0,2007-2007,2007,2007,0,5,5.0,2.0,2.0,0.0,0.0,2.0,,0.4,0.4,0.4,0.0,True,True,All-rounder
DC Delany (IRE),2019-2019,2019,2019,0,8,2.0,0.0,7.0,7,7.0,0,3.5,6.0,116.66,0.0,0.0,1.0,0.0,0.0,0.88,0.0,0.0,48.76,2019-2019,2019,2019,0,8,8.0,28.3,0.0,222.0,8.0,02-Dec,27.75,7.78,21.3,0.0,0.0,1.0,0.13,0.74,0.0,2019-2019,2019,2019,0,8,8.0,0.0,0.0,0.0,0.0,0.0,0.0,0.0,0.0,0.0,0.0,True,True,All-rounder
DC Smith (PHI),2019-2019,2019,2019,0,4,4.0,1.0,49.0,22,22.0,0,16.33,53.0,92.45,0.0,0.0,0.0,5.0,0.0,12.25,0.0,0.0,46.78,2019-2019,2019,2019,0,4,4.0,11.0,0.0,89.0,3.0,01-Aug,29.66,8.09,22.0,0.0,0.0,0.75,0.12,0.56,0.0,2019-2019,2019,2019,0,4,4.0,0.0,0.0,0.0,0.0,0.0,0.0,0.0,0.0,0.0,0.0,True,True,All-rounder
DC Stovell (BMUDA),2019-2019,2019,2019,0,6,6.0,1.0,42.0,18*,18.0,1,8.4,50.0,84.0,0.0,0.0,1.0,5.0,0.0,7.0,0.0,0.0,38.64,2019-2019,2019,2019,0,6,6.0,17.2,0.0,126.0,4.0,Feb-21,31.5,7.26,26.0,0.0,0.0,0.67,0.14,0.51,0.0,2019-2019,2019,2019,0,6,6.0,2.0,2.0,0.0,0.0,2.0,,0.333,0.33,0.33,0.0,True,True,All-rounder
DC Thomas (WI),2009-2013,2009,2013,4,3,,,,-,,0,,,,,,,,,,,,,2009-2013,2009,2013,4,3,,,,,,-,,,,,,,,,,2009-2013,2009,2013,4,3,3.0,1.0,0.0,1.0,0.0,0.0,,0.333,0.0,0.33,0.33,True,True,All-rounder
DDP D'Silva (UAE),2019-2019,2019,2019,0,10,8.0,4.0,130.0,29,29.0,0,32.5,146.0,89.04,0.0,0.0,1.0,9.0,0.0,13.0,0.0,0.0,55.12,2019-2019,2019,2019,0,10,,,,,,-,,,,,,,,,,2019-2019,2019,2019,0,10,10.0,4.0,4.0,0.0,0.0,4.0,,0.4,0.4,0.4,0.0,True,True,All-rounder
DE Bernard (WI),2009-2009,2009,2009,0,1,1.0,1.0,1.0,1*,1.0,1,,1.0,100.0,0.0,0.0,0.0,0.0,0.0,1.0,0.0,0.0,,2009-2009,2009,2009,0,1,1.0,4.0,0.0,17.0,0.0,-,,4.25,,0.0,0.0,0.0,0.24,0.07,0.0,2009-2009,2009,2009,0,1,1.0,0.0,0.0,0.0,0.0,0.0,0.0,0.0,0.0,0.0,0.0,True,True,All-rounder
DE Bollinger (AUS),2011-2014,2011,2014,3,9,2.0,2.0,1.0,1*,1.0,1,,1.0,100.0,0.0,0.0,0.0,0.0,0.0,0.11,0.0,0.0,,2011-2014,2011,2014,3,9,9.0,35.0,0.0,249.0,9.0,Jan-22,27.66,7.11,23.3,0.0,0.0,1.0,0.14,0.74,0.0,2011-2014,2011,2014,3,9,9.0,2.0,2.0,0.0,0.0,2.0,,0.222,0.22,0.22,0.0,True,True,All-rounder
DE Budge (SCOT),2018-2018,2018,2018,0,6,4.0,2.0,60.0,24,24.0,0,30.0,59.0,101.69,0.0,0.0,0.0,2.0,3.0,10.0,0.0,0.0,58.68,2018-2018,2018,2018,0,6,,,,,,-,,,,,,,,,,2018-2018,2018,2018,0,6,6.0,4.0,4.0,0.0,0.0,4.0,,0.666,0.67,0.67,0.0,True,True,All-rounder
DE Burgess (Samoa),2019-2019,2019,2019,0,4,4.0,0.0,6.0,3,3.0,0,1.5,12.0,50.0,0.0,0.0,2.0,0.0,0.0,1.5,0.0,0.0,20.9,2019-2019,2019,2019,0,4,3.0,8.3,0.0,86.0,4.0,Mar-47,21.5,10.11,12.7,0.0,0.0,1.0,0.1,0.73,0.0,2019-2019,2019,2019,0,4,4.0,1.0,1.0,0.0,0.0,1.0,,0.25,0.25,0.25,0.0,True,True,All-rounder
DF Jacobs (THAI),2019-2019,2019,2019,0,4,4.0,0.0,58.0,20,20.0,0,14.5,82.0,70.73,0.0,0.0,0.0,7.0,0.0,14.5,0.0,0.0,36.99,2019-2019,2019,2019,0,4,2.0,5.0,0.0,26.0,4.0,Apr-13,6.5,5.2,7.5,1.0,0.0,1.0,0.19,0.76,0.0,2019-2019,2019,2019,0,4,4.0,1.0,1.0,0.0,0.0,1.0,,0.25,0.25,0.25,0.0,True,True,All-rounder
DF Watts (SCOT),2007-2012,2007,2012,5,11,9.0,0.0,137.0,46,46.0,0,15.22,127.0,107.87,0.0,0.0,2.0,13.0,3.0,12.45,0.0,0.0,52.28,2007-2012,2007,2012,5,11,,,,,,-,,,,,,,,,,2007-2012,2007,2012,5,11,10.0,6.0,6.0,0.0,0.0,6.0,,0.6,0.55,0.55,0.0,True,True,All-rounder
DG Blampied (JER),2019-2019,2019,2019,0,17,15.0,6.0,221.0,43*,43.0,1,24.55,222.0,99.54,0.0,0.0,1.0,14.0,0.0,13.0,0.0,0.0,54.55,2019-2019,2019,2019,0,17,17.0,61.4,1.0,395.0,24.0,Apr-20,16.45,6.4,15.4,1.0,0.0,1.41,0.16,1.04,0.0,2019-2019,2019,2019,0,17,17.0,8.0,8.0,0.0,0.0,8.0,,0.47,0.47,0.47,0.0,True,True,All-rounder
DG Brownlie (NZ),2010-2014,2010,2014,4,5,5.0,0.0,6.0,5,5.0,0,1.2,18.0,33.33,0.0,0.0,3.0,1.0,0.0,1.2,0.0,0.0,14.05,2010-2014,2010,2014,4,5,,,,,,-,,,,,,,,,,2010-2014,2010,2014,4,5,5.0,3.0,3.0,0.0,0.0,3.0,,0.6,0.6,0.6,0.0,True,True,All-rounder
DI Allan (KENYA),2012-2013,2012,2013,1,10,10.0,0.0,86.0,18,18.0,0,8.6,135.0,63.7,0.0,0.0,0.0,7.0,0.0,8.6,0.0,0.0,30.64,2012-2013,2012,2013,1,10,7.0,9.2,0.0,82.0,4.0,02-Aug,20.5,8.78,14.0,0.0,0.0,0.4,0.11,0.31,0.0,2012-2013,2012,2013,1,10,10.0,2.0,2.0,0.0,0.0,2.0,,0.2,0.2,0.2,0.0,True,True,All-rounder
DJ Bravo (WI),2006-2016,2006,2016,10,66,59.0,12.0,1142.0,66*,66.0,1,24.29,981.0,116.41,0.0,4.0,4.0,67.0,49.0,17.3,0.0,6.06,61.14,2006-2016,2006,2016,10,66,56.0,173.4,0.0,1470.0,52.0,Apr-28,28.26,8.46,20.0,2.0,0.0,0.79,0.12,0.59,0.0,2006-2016,2006,2016,10,66,66.0,35.0,35.0,0.0,0.0,35.0,,0.53,0.53,0.53,0.0,True,True,All-rounder
DJ Hussey (AUS),2008-2012,2008,2012,4,39,36.0,3.0,756.0,88*,88.0,1,22.9,623.0,121.34,0.0,3.0,4.0,41.0,34.0,19.38,0.0,7.69,62.28,2008-2012,2008,2012,4,39,25.0,60.1,1.0,392.0,19.0,Mar-25,20.63,6.51,19.0,0.0,0.0,0.49,0.15,0.39,0.0,2008-2012,2008,2012,4,39,39.0,24.0,24.0,0.0,0.0,24.0,,0.615,0.62,0.62,0.0,True,True,All-rounder
DJ Malan (ENG),2017-2019,2017,2019,2,9,9.0,1.0,458.0,103*,103.0,1,57.25,293.0,156.31,1.0,5.0,0.0,47.0,20.0,50.89,11.11,55.56,96.87,2017-2019,2017,2019,2,9,1.0,2.0,0.0,27.0,1.0,Jan-27,27.0,13.5,12.0,0.0,0.0,0.11,0.07,0.1,0.0,2017-2019,2017,2019,2,9,9.0,2.0,2.0,0.0,0.0,2.0,,0.222,0.22,0.22,0.0,True,True,All-rounder
DJ Mitchell (NZ),2019-2019,2019,2019,0,9,9.0,3.0,97.0,30*,30.0,1,16.16,79.0,122.78,0.0,0.0,0.0,5.0,4.0,10.78,0.0,0.0,58.81,2019-2019,2019,2019,0,9,5.0,9.1,0.0,89.0,5.0,Feb-27,17.8,9.7,11.0,0.0,0.0,0.56,0.1,0.42,0.0,2019-2019,2019,2019,0,9,9.0,8.0,8.0,0.0,0.0,8.0,,0.888,0.89,0.89,0.0,True,True,All-rounder
DJ Reekers (NL),2008-2009,2008,2009,1,6,5.0,0.0,64.0,29,29.0,0,12.8,49.0,130.61,0.0,0.0,1.0,10.0,2.0,10.67,0.0,0.0,59.92,2008-2009,2008,2009,1,6,,,,,,-,,,,,,,,,,2008-2009,2008,2009,1,6,5.0,2.0,2.0,0.0,0.0,2.0,,0.4,0.33,0.33,0.0,True,True,All-rounder
DJ Vilas (SA),2012-2012,2012,2012,0,1,,,,-,,0,,,,,,,,,,,,,2012-2012,2012,2012,0,1,,,,,,-,,,,,,,,,,2012-2012,2012,2012,0,1,1.0,0.0,0.0,0.0,0.0,0.0,0.0,0.0,0.0,0.0,0.0,True,True,All-rounder
DJ Willey (ENG),2015-2019,2015,2019,4,28,19.0,7.0,166.0,29*,29.0,1,13.83,126.0,131.74,0.0,0.0,1.0,8.0,10.0,5.93,0.0,0.0,60.99,2015-2019,2015,2019,4,28,28.0,92.5,0.0,761.0,34.0,04-Jul,22.38,8.19,16.3,1.0,0.0,1.21,0.12,0.89,0.0,2015-2019,2015,2019,4,28,28.0,12.0,12.0,0.0,0.0,12.0,,0.428,0.43,0.43,0.0,True,True,All-rounder
DJG Sammy (WI/World),2007-2017,2007,2017,10,68,52.0,18.0,587.0,42*,42.0,1,17.26,398.0,147.48,0.0,0.0,3.0,45.0,31.0,8.63,0.0,0.0,69.35,2007-2017,2007,2017,10,68,59.0,152.4,0.0,1116.0,44.0,May-26,25.36,7.31,20.8,1.0,1.0,0.65,0.14,0.49,0.015,2007-2017,2007,2017,10,68,68.0,31.0,31.0,0.0,0.0,31.0,,0.455,0.46,0.46,0.0,True,True,All-rounder
DJM Short (AUS),2018-2019,2018,2019,1,20,20.0,2.0,592.0,76,76.0,0,32.88,490.0,120.81,0.0,4.0,1.0,66.0,15.0,29.6,0.0,20.0,68.05,2018-2019,2018,2019,1,20,9.0,19.0,0.0,151.0,3.0,Jan-13,50.33,7.94,38.0,0.0,0.0,0.15,0.13,0.14,0.0,2018-2019,2018,2019,1,20,19.0,8.0,8.0,0.0,0.0,8.0,,0.421,0.4,0.4,0.0,True,True,All-rounder
DK Anefie (Ghana),2019-2019,2019,2019,0,4,4.0,2.0,34.0,18*,18.0,1,17.0,38.0,89.47,0.0,0.0,1.0,2.0,0.0,8.5,0.0,0.0,45.99,2019-2019,2019,2019,0,4,4.0,12.0,0.0,72.0,0.0,-,,6.0,,0.0,0.0,0.0,0.17,0.05,0.0,2019-2019,2019,2019,0,4,4.0,0.0,0.0,0.0,0.0,0.0,0.0,0.0,0.0,0.0,0.0,True,True,All-rounder
DK Butler (WI),2006-2006,2006,2006,0,1,,,,-,,0,,,,,,,,,,,,,2006-2006,2006,2006,0,1,1.0,3.0,0.0,22.0,0.0,-,,7.33,,0.0,0.0,0.0,0.14,0.04,0.0,2006-2006,2006,2006,0,1,1.0,1.0,1.0,0.0,0.0,1.0,,1.0,1.0,1.0,0.0,True,True,All-rounder
DK Dahyabhai Ahir (PNM),2019-2019,2019,2019,0,2,1.0,0.0,7.0,7,7.0,0,7.0,10.0,70.0,0.0,0.0,0.0,1.0,0.0,3.5,0.0,0.0,32.2,2019-2019,2019,2019,0,2,2.0,3.0,0.0,27.0,2.0,02-Nov,13.5,9.0,9.0,0.0,0.0,1.0,0.11,0.73,0.0,2019-2019,2019,2019,0,2,2.0,1.0,1.0,0.0,0.0,1.0,,0.5,0.5,0.5,0.0,True,True,All-rounder
DL Brangman (BMUDA),2019-2019,2019,2019,0,5,4.0,2.0,23.0,23*,23.0,1,11.5,25.0,92.0,0.0,0.0,2.0,2.0,1.0,4.6,0.0,0.0,43.7,2019-2019,2019,2019,0,5,5.0,7.0,0.0,84.0,1.0,Jan-19,84.0,12.0,42.0,0.0,0.0,0.2,0.08,0.17,0.0,2019-2019,2019,2019,0,5,5.0,0.0,0.0,0.0,0.0,0.0,0.0,0.0,0.0,0.0,0.0,True,True,All-rounder
DL Chahar (INDIA),2018-2019,2018,2019,1,10,2.0,2.0,1.0,1*,1.0,1,,1.0,100.0,0.0,0.0,0.0,0.0,0.0,0.1,0.0,0.0,,2018-2019,2018,2019,1,10,10.0,35.5,1.0,251.0,17.0,06-Jul,14.76,7.0,12.6,0.0,1.0,1.7,0.14,1.23,0.1,2018-2019,2018,2019,1,10,10.0,0.0,0.0,0.0,0.0,0.0,0.0,0.0,0.0,0.0,0.0,True,True,All-rounder
DL Hemp (BMUDA),2008-2008,2008,2008,0,2,2.0,0.0,20.0,20,20.0,0,10.0,32.0,62.5,0.0,0.0,1.0,2.0,1.0,10.0,0.0,0.0,31.0,2008-2008,2008,2008,0,2,,,,,,-,,,,,,,,,,2008-2008,2008,2008,0,2,2.0,0.0,0.0,0.0,0.0,0.0,0.0,0.0,0.0,0.0,0.0,True,True,All-rounder
DL Maddy (ENG),2007-2007,2007,2007,0,4,4.0,0.0,113.0,50,50.0,0,28.25,80.0,141.25,0.0,1.0,0.0,12.0,3.0,28.25,0.0,25.0,73.45,2007-2007,2007,2007,0,4,2.0,3.0,0.0,26.0,3.0,02-Jun,8.66,8.66,6.0,0.0,0.0,0.75,0.12,0.56,0.0,2007-2007,2007,2007,0,4,4.0,1.0,1.0,0.0,0.0,1.0,,0.25,0.25,0.25,0.0,True,True,All-rounder
DL Vettori (NZ),2007-2014,2007,2014,7,34,22.0,6.0,205.0,38,38.0,0,12.81,190.0,107.89,0.0,0.0,3.0,14.0,2.0,6.03,0.0,0.0,50.84,2007-2014,2007,2014,7,34,34.0,131.1,1.0,748.0,38.0,Apr-20,19.68,5.7,20.7,1.0,0.0,1.12,0.18,0.83,0.0,2007-2014,2007,2014,7,34,34.0,9.0,9.0,0.0,0.0,9.0,,0.264,0.26,0.26,0.0,True,True,All-rounder
DLS van Bunge (NL),2008-2013,2008,2013,5,14,12.0,4.0,90.0,24,24.0,0,11.25,104.0,86.53,0.0,0.0,2.0,2.0,3.0,6.43,0.0,0.0,41.36,2008-2013,2008,2013,5,14,2.0,2.2,0.0,15.0,1.0,Jan-14,15.0,6.42,14.0,0.0,0.0,0.07,0.16,0.1,0.0,2008-2013,2008,2013,5,14,13.0,4.0,4.0,0.0,0.0,4.0,,0.307,0.29,0.29,0.0,True,True,All-rounder
DM Bravo (WI),2010-2019,2010,2019,9,20,18.0,1.0,340.0,43*,43.0,1,20.0,317.0,107.25,0.0,0.0,3.0,28.0,13.0,17.0,0.0,0.0,54.9,2010-2019,2010,2019,9,20,,,,,,-,,,,,,,,,,2010-2019,2010,2019,9,20,20.0,4.0,4.0,0.0,0.0,4.0,,0.2,0.2,0.2,0.0,True,True,All-rounder
DM Gondaria (KENYA),2013-2019,2013,2019,6,11,9.0,2.0,199.0,85*,85.0,1,28.42,157.0,126.75,0.0,1.0,0.0,12.0,6.0,18.09,0.0,9.09,67.75,2013-2019,2013,2019,6,11,,,,,,-,,,,,,,,,,2013-2019,2013,2019,6,11,11.0,5.0,5.0,0.0,0.0,5.0,,0.454,0.45,0.45,0.0,True,True,All-rounder
DM Nakrani (UGA),2019-2019,2019,2019,0,4,4.0,1.0,52.0,19,19.0,0,17.33,48.0,108.33,0.0,0.0,0.0,2.0,3.0,13.0,0.0,0.0,53.73,2019-2019,2019,2019,0,4,4.0,12.0,0.0,93.0,5.0,Feb-29,18.6,7.75,14.4,0.0,0.0,1.25,0.13,0.91,0.0,2019-2019,2019,2019,0,4,4.0,1.0,1.0,0.0,0.0,1.0,,0.25,0.25,0.25,0.0,True,True,All-rounder
DM Richards (WI),2009-2009,2009,2009,0,1,1.0,0.0,0.0,0,0.0,0,0.0,1.0,0.0,0.0,0.0,1.0,0.0,0.0,,0.0,0.0,0.0,2009-2009,2009,2009,0,1,,,,,,-,,,,,,,,,,2009-2009,2009,2009,0,1,1.0,0.0,0.0,0.0,0.0,0.0,0.0,0.0,0.0,0.0,0.0,True,True,All-rounder
DM de Silva (SL),2015-2019,2015,2019,4,13,13.0,0.0,257.0,62,62.0,0,19.76,252.0,101.98,0.0,1.0,0.0,18.0,4.0,19.77,0.0,7.69,52.65,2015-2019,2015,2019,4,13,7.0,15.0,0.0,100.0,5.0,Feb-22,20.0,6.66,18.0,0.0,0.0,0.38,0.15,0.31,0.0,2015-2019,2015,2019,4,13,13.0,4.0,4.0,0.0,0.0,4.0,,0.307,0.31,0.31,0.0,True,True,All-rounder
DMW Rawlins (BMUDA),2019-2019,2019,2019,0,11,11.0,0.0,261.0,63,63.0,0,23.72,201.0,129.85,0.0,1.0,1.0,23.0,15.0,23.73,0.0,9.09,66.17,2019-2019,2019,2019,0,11,11.0,37.0,0.0,285.0,5.0,Feb-22,57.0,7.7,44.4,0.0,0.0,0.45,0.13,0.36,0.0,2019-2019,2019,2019,0,11,11.0,9.0,9.0,0.0,0.0,9.0,,0.818,0.82,0.82,0.0,True,True,All-rounder
DNA Ankrah (Ghana),2019-2019,2019,2019,0,4,3.0,0.0,22.0,12,12.0,0,7.33,43.0,51.16,0.0,0.0,0.0,2.0,0.0,5.5,0.0,0.0,24.86,2019-2019,2019,2019,0,4,4.0,12.0,1.0,85.0,2.0,Jan-21,42.5,7.08,36.0,0.0,0.0,0.5,0.14,0.39,0.0,2019-2019,2019,2019,0,4,4.0,0.0,0.0,0.0,0.0,0.0,0.0,0.0,0.0,0.0,0.0,True,True,All-rounder
DO Christian (WI),2011-2011,2011,2011,0,2,1.0,0.0,0.0,0,0.0,0,0.0,2.0,0.0,0.0,0.0,1.0,0.0,0.0,,0.0,0.0,0.0,2011-2011,2011,2011,0,2,,,,,,-,,,,,,,,,,2011-2011,2011,2011,0,2,2.0,0.0,0.0,0.0,0.0,0.0,0.0,0.0,0.0,0.0,0.0,True,True,All-rounder
DO Obuya (KENYA),2007-2012,2007,2012,5,10,10.0,2.0,216.0,65*,65.0,1,27.0,228.0,94.73,0.0,2.0,1.0,22.0,4.0,21.6,0.0,20.0,54.09,2007-2012,2007,2012,5,10,,,,,,-,,,,,,,,,,2007-2012,2007,2012,5,10,10.0,3.0,2.0,1.0,1.0,1.0,,0.3,0.2,0.3,0.1,True,True,All-rounder
DP Hyatt (WI),2011-2012,2011,2012,1,5,5.0,1.0,64.0,28,28.0,0,16.0,54.0,118.51,0.0,0.0,0.0,4.0,4.0,12.8,0.0,0.0,57.0,2011-2012,2011,2012,1,5,,,,,,-,,,,,,,,,,2011-2012,2011,2012,1,5,5.0,4.0,4.0,0.0,0.0,4.0,,0.8,0.8,0.8,0.0,True,True,All-rounder
DP Michael (Samoa),2019-2019,2019,2019,0,4,4.0,1.0,85.0,55*,55.0,1,28.33,82.0,103.65,0.0,1.0,1.0,1.0,6.0,21.25,0.0,25.0,58.46,2019-2019,2019,2019,0,4,1.0,3.0,0.0,32.0,1.0,Jan-32,32.0,10.66,18.0,0.0,0.0,0.25,0.09,0.2,0.0,2019-2019,2019,2019,0,4,4.0,0.0,0.0,0.0,0.0,0.0,0.0,0.0,0.0,0.0,0.0,True,True,All-rounder
DP Nannes (AUS/NL),2009-2010,2009,2010,1,17,5.0,3.0,22.0,12*,12.0,1,11.0,18.0,122.22,0.0,0.0,0.0,1.0,1.0,1.29,0.0,0.0,55.49,2009-2010,2009,2010,1,17,16.0,61.0,2.0,459.0,28.0,Apr-18,16.39,7.52,13.0,1.0,0.0,1.65,0.13,1.19,0.0,2009-2010,2009,2010,1,17,17.0,1.0,1.0,0.0,0.0,1.0,,0.058,0.06,0.06,0.0,True,True,All-rounder
DPMD Jayawardene (SL),2006-2014,2006,2014,8,55,55.0,8.0,1493.0,100,100.0,0,31.76,1121.0,133.18,1.0,9.0,4.0,173.0,33.0,27.15,1.82,16.36,72.33,2006-2014,2006,2014,8,55,1.0,1.0,0.0,8.0,0.0,-,,8.0,,0.0,0.0,0.0,0.13,0.04,0.0,2006-2014,2006,2014,8,55,55.0,17.0,17.0,0.0,0.0,17.0,,0.309,0.31,0.31,0.0,True,True,All-rounder
DR Briggs (ENG),2012-2014,2012,2014,2,7,1.0,1.0,0.0,0*,0.0,1,,0.0,,0.0,0.0,0.0,0.0,0.0,,0.0,0.0,,2012-2014,2012,2014,2,7,6.0,18.0,0.0,199.0,5.0,Feb-25,39.8,11.05,21.6,0.0,0.0,0.71,0.09,0.53,0.0,2012-2014,2012,2014,2,7,6.0,1.0,1.0,0.0,0.0,1.0,,0.166,0.14,0.14,0.0,True,True,All-rounder
DR Brown (SCOT),2007-2007,2007,2007,0,2,1.0,0.0,1.0,1,1.0,0,1.0,5.0,20.0,0.0,0.0,0.0,0.0,0.0,0.5,0.0,0.0,8.6,2007-2007,2007,2007,0,2,1.0,4.0,0.0,44.0,0.0,-,,11.0,,0.0,0.0,0.0,0.09,0.03,0.0,2007-2007,2007,2007,0,2,1.0,0.0,0.0,0.0,0.0,0.0,0.0,0.0,0.0,0.0,0.0,True,True,All-rounder
DR Flynn (NZ),2008-2012,2008,2012,4,5,5.0,0.0,59.0,23,23.0,0,11.8,51.0,115.68,0.0,0.0,0.0,1.0,4.0,11.8,0.0,0.0,53.35,2008-2012,2008,2012,4,5,1.0,1.0,0.0,7.0,0.0,-,,7.0,,0.0,0.0,0.0,0.14,0.04,0.0,2008-2012,2008,2012,4,5,5.0,2.0,2.0,0.0,0.0,2.0,,0.4,0.4,0.4,0.0,True,True,All-rounder
DR Hooper (GUE),2019-2019,2019,2019,0,9,8.0,3.0,76.0,19*,19.0,1,15.2,91.0,83.51,0.0,0.0,1.0,3.0,1.0,8.44,0.0,0.0,42.52,2019-2019,2019,2019,0,9,9.0,31.2,0.0,211.0,9.0,03-May,23.44,6.73,20.8,0.0,0.0,1.0,0.15,0.74,0.0,2019-2019,2019,2019,0,9,9.0,4.0,4.0,0.0,0.0,4.0,,0.444,0.44,0.44,0.0,True,True,All-rounder
DR Martyn (AUS),2005-2006,2005,2006,1,4,4.0,0.0,120.0,96,96.0,0,30.0,74.0,162.16,0.0,1.0,0.0,11.0,5.0,30.0,0.0,25.0,82.86,2005-2006,2005,2006,1,4,,,,,,-,,,,,,,,,,2005-2006,2005,2006,1,4,4.0,1.0,1.0,0.0,0.0,1.0,,0.25,0.25,0.25,0.0,True,True,All-rounder
DR Smith (WI),2006-2015,2006,2015,9,33,32.0,0.0,582.0,72,72.0,0,18.18,474.0,122.78,0.0,3.0,1.0,62.0,31.0,17.64,0.0,9.09,60.02,2006-2015,2006,2015,9,33,11.0,23.4,0.0,212.0,7.0,Mar-24,30.28,8.95,20.2,0.0,0.0,0.21,0.11,0.18,0.0,2006-2015,2006,2015,9,33,33.0,8.0,8.0,0.0,0.0,8.0,,0.242,0.24,0.24,0.0,True,True,All-rounder
DR Tuffey (NZ),2005-2010,2005,2010,5,3,2.0,1.0,5.0,5*,5.0,1,5.0,5.0,100.0,0.0,0.0,1.0,1.0,0.0,1.67,0.0,0.0,43.0,2005-2010,2005,2010,5,3,3.0,10.0,0.0,93.0,3.0,Feb-16,31.0,9.3,20.0,0.0,0.0,1.0,0.11,0.73,0.0,2005-2010,2005,2010,5,3,3.0,0.0,0.0,0.0,0.0,0.0,0.0,0.0,0.0,0.0,0.0,True,True,All-rounder
DS Airee (NEPAL),2018-2019,2018,2019,1,18,16.0,2.0,287.0,47*,47.0,1,20.5,260.0,110.38,0.0,0.0,0.0,22.0,6.0,15.94,0.0,0.0,56.45,2018-2019,2018,2019,1,18,1.0,2.0,0.0,23.0,0.0,-,,11.5,,0.0,0.0,0.0,0.09,0.03,0.0,2018-2019,2018,2019,1,18,18.0,6.0,6.0,0.0,0.0,6.0,,0.333,0.33,0.33,0.0,True,True,All-rounder
DS Kulkarni (INDIA),2016-2016,2016,2016,0,2,1.0,1.0,1.0,1*,1.0,1,,1.0,100.0,0.0,0.0,0.0,0.0,0.0,0.5,0.0,0.0,,2016-2016,2016,2016,0,2,2.0,8.0,0.0,55.0,3.0,Feb-23,18.33,6.87,16.0,0.0,0.0,1.5,0.15,1.09,0.0,2016-2016,2016,2016,0,2,2.0,0.0,0.0,0.0,0.0,0.0,0.0,0.0,0.0,0.0,0.0,True,True,All-rounder
DS Smith (WI),2007-2009,2007,2009,2,6,6.0,0.0,203.0,61,61.0,0,33.83,161.0,126.08,0.0,2.0,0.0,22.0,5.0,33.83,0.0,33.33,70.73,2007-2009,2007,2009,2,6,,,,,,-,,,,,,,,,,2007-2009,2007,2009,2,6,6.0,1.0,1.0,0.0,0.0,1.0,,0.166,0.17,0.17,0.0,True,True,All-rounder
DSK Madushanka (SL),2018-2018,2018,2018,0,2,,,,-,,0,,,,,,,,,,,,,2018-2018,2018,2018,0,2,2.0,5.1,0.0,62.0,2.0,Feb-23,31.0,12.0,15.5,0.0,0.0,1.0,0.08,0.73,0.0,2018-2018,2018,2018,0,2,2.0,0.0,0.0,0.0,0.0,0.0,0.0,0.0,0.0,0.0,0.0,True,True,All-rounder
DT Christian (AUS),2010-2017,2010,2017,7,16,7.0,3.0,27.0,9,9.0,0,6.75,28.0,96.42,0.0,0.0,1.0,2.0,0.0,1.69,0.0,0.0,42.62,2010-2017,2010,2017,7,16,16.0,35.3,0.0,317.0,11.0,Mar-27,28.81,8.92,19.3,0.0,0.0,0.69,0.11,0.51,0.0,2010-2017,2010,2017,7,16,16.0,5.0,5.0,0.0,0.0,5.0,,0.312,0.31,0.31,0.0,True,True,All-rounder
DT Johnston (IRE),2008-2013,2008,2013,5,30,19.0,7.0,249.0,62,62.0,0,20.75,184.0,135.32,0.0,1.0,1.0,13.0,11.0,8.3,0.0,3.33,66.58,2008-2013,2008,2013,5,30,28.0,99.0,5.0,636.0,32.0,Apr-22,19.87,6.42,18.5,1.0,0.0,1.07,0.16,0.79,0.0,2008-2013,2008,2013,5,30,28.0,9.0,9.0,0.0,0.0,9.0,,0.321,0.3,0.3,0.0,True,True,All-rounder
DT Tiripano (ZIM),2016-2019,2016,2019,3,10,6.0,2.0,29.0,14,14.0,0,7.25,34.0,85.29,0.0,0.0,2.0,0.0,2.0,2.9,0.0,0.0,38.47,2016-2019,2016,2019,3,10,10.0,34.3,0.0,278.0,11.0,Mar-20,25.27,8.05,18.8,0.0,0.0,1.1,0.12,0.81,0.0,2016-2019,2016,2019,3,10,10.0,2.0,2.0,0.0,0.0,2.0,,0.2,0.2,0.2,0.0,True,True,All-rounder
DW Steyn (SA),2007-2019,2007,2019,12,44,10.0,5.0,16.0,5,5.0,0,3.2,23.0,69.56,0.0,0.0,1.0,1.0,0.0,0.36,0.0,0.0,29.74,2007-2019,2007,2019,12,44,44.0,157.1,3.0,1068.0,61.0,04-Sep,17.5,6.79,15.4,2.0,0.0,1.39,0.15,1.01,0.0,2007-2019,2007,2019,12,44,44.0,11.0,11.0,0.0,0.0,11.0,,0.25,0.25,0.25,0.0,True,True,All-rounder
Dawlat Ahmadzai (AFG),2010-2010,2010,2010,0,2,1.0,1.0,2.0,2*,2.0,1,,3.0,66.66,0.0,0.0,0.0,0.0,0.0,1.0,0.0,0.0,,2010-2010,2010,2010,0,2,2.0,4.0,0.0,46.0,2.0,Jan-21,23.0,11.5,12.0,0.0,0.0,1.0,0.09,0.73,0.0,2010-2010,2010,2010,0,2,2.0,0.0,0.0,0.0,0.0,0.0,0.0,0.0,0.0,0.0,0.0,True,True,All-rounder
Dawlat Zadran (AFG),2012-2019,2012,2019,7,34,17.0,8.0,68.0,13,13.0,0,7.55,42.0,161.9,0.0,0.0,3.0,4.0,6.0,2.0,0.0,0.0,69.29,2012-2019,2012,2019,7,34,34.0,123.3,2.0,980.0,40.0,Apr-44,24.5,7.93,18.5,1.0,0.0,1.18,0.13,0.86,0.0,2012-2019,2012,2019,7,34,34.0,7.0,7.0,0.0,0.0,7.0,,0.205,0.21,0.21,0.0,True,True,All-rounder
Delawar Khan (DEN),2019-2019,2019,2019,0,9,8.0,1.0,47.0,17,17.0,0,6.71,40.0,117.5,0.0,0.0,2.0,0.0,4.0,5.22,0.0,0.0,51.03,2019-2019,2019,2019,0,9,7.0,20.0,1.0,129.0,7.0,Feb-21,18.42,6.45,17.1,0.0,0.0,0.78,0.16,0.59,0.0,2019-2019,2019,2019,0,9,7.0,3.0,3.0,0.0,0.0,3.0,,0.428,0.33,0.33,0.0,True,True,All-rounder
Dhiman Ghosh (BDESH),2008-2008,2008,2008,0,1,1.0,0.0,1.0,1,1.0,0,1.0,2.0,50.0,0.0,0.0,0.0,0.0,0.0,1.0,0.0,0.0,20.6,2008-2008,2008,2008,0,1,,,,,,-,,,,,,,,,,2008-2008,2008,2008,0,1,1.0,1.0,0.0,1.0,0.0,0.0,,1.0,0.0,1.0,1.0,True,True,All-rounder
E Chigumbura (ZIM),2006-2019,2006,2019,13,54,53.0,9.0,852.0,54*,54.0,1,19.36,597.0,142.71,0.0,3.0,6.0,58.0,51.0,15.78,0.0,5.56,68.7,2006-2019,2006,2019,13,54,21.0,46.0,0.0,427.0,16.0,Apr-31,26.68,9.28,17.2,1.0,0.0,0.3,0.11,0.24,0.0,2006-2019,2006,2019,13,54,54.0,19.0,19.0,0.0,0.0,19.0,,0.351,0.35,0.35,0.0,True,True,All-rounder
E Isaneez (UGA),2019-2019,2019,2019,0,3,2.0,2.0,8.0,7*,7.0,1,,13.0,61.53,0.0,0.0,0.0,0.0,0.0,2.67,0.0,0.0,,2019-2019,2019,2019,0,3,3.0,9.2,0.0,53.0,1.0,Jan-16,53.0,5.67,56.0,0.0,0.0,0.33,0.18,0.29,0.0,2019-2019,2019,2019,0,3,3.0,0.0,0.0,0.0,0.0,0.0,0.0,0.0,0.0,0.0,0.0,True,True,All-rounder
E Katchay (CAN),2008-2008,2008,2008,0,4,3.0,2.0,15.0,8*,8.0,1,15.0,25.0,60.0,0.0,0.0,1.0,0.0,0.0,3.75,0.0,0.0,33.0,2008-2008,2008,2008,0,4,4.0,10.0,0.0,71.0,3.0,Jan-18,23.66,7.1,20.0,0.0,0.0,0.75,0.14,0.57,0.0,2008-2008,2008,2008,0,4,4.0,0.0,0.0,0.0,0.0,0.0,0.0,0.0,0.0,0.0,0.0,True,True,All-rounder
E Leie (SA),2015-2015,2015,2015,0,2,,,,-,,0,,,,,,,,,,,,,2015-2015,2015,2015,0,2,2.0,6.0,0.0,48.0,4.0,Mar-16,12.0,8.0,9.0,0.0,0.0,2.0,0.13,1.44,0.0,2015-2015,2015,2015,0,2,2.0,0.0,0.0,0.0,0.0,0.0,0.0,0.0,0.0,0.0,0.0,True,True,All-rounder
E Lewis (WI),2016-2019,2016,2019,3,29,28.0,1.0,833.0,125*,125.0,1,30.85,544.0,153.12,2.0,5.0,3.0,54.0,67.0,28.72,6.9,17.24,79.76,2016-2019,2016,2019,3,29,,,,,,-,,,,,,,,,,2016-2019,2016,2019,3,29,29.0,9.0,9.0,0.0,0.0,9.0,,0.31,0.31,0.31,0.0,True,True,All-rounder
E Ochieng (KENYA),2019-2019,2019,2019,0,2,,,,-,,0,,,,,,,,,,,,,2019-2019,2019,2019,0,2,2.0,4.0,0.0,30.0,1.0,Jan-18,30.0,7.5,24.0,0.0,0.0,0.5,0.13,0.39,0.0,2019-2019,2019,2019,0,2,2.0,1.0,1.0,0.0,0.0,1.0,,0.5,0.5,0.5,0.0,True,True,All-rounder
E Otieno (KENYA),2012-2019,2012,2019,7,18,8.0,3.0,26.0,8,8.0,0,5.2,48.0,54.16,0.0,0.0,1.0,0.0,1.0,1.44,0.0,0.0,24.78,2012-2019,2012,2019,7,18,18.0,50.5,1.0,370.0,14.0,Mar-16,26.42,7.27,21.7,0.0,0.0,0.78,0.14,0.59,0.0,2012-2019,2012,2019,7,18,18.0,2.0,2.0,0.0,0.0,2.0,,0.111,0.11,0.11,0.0,True,True,All-rounder
E Packard (GIBR),2019-2019,2019,2019,0,4,4.0,0.0,40.0,26,26.0,0,10.0,49.0,81.63,0.0,0.0,0.0,2.0,1.0,10.0,0.0,0.0,38.65,2019-2019,2019,2019,0,4,4.0,11.0,0.0,79.0,2.0,01-Aug,39.5,7.18,33.0,0.0,0.0,0.5,0.14,0.39,0.0,2019-2019,2019,2019,0,4,4.0,1.0,1.0,0.0,0.0,1.0,,0.25,0.25,0.25,0.0,True,True,All-rounder
E Schiferli (NL),2008-2010,2008,2010,2,7,3.0,1.0,7.0,5*,5.0,1,3.5,16.0,43.75,0.0,0.0,1.0,0.0,0.0,1.0,0.0,0.0,19.6,2008-2010,2008,2010,2,7,6.0,23.0,0.0,146.0,6.0,Mar-23,24.33,6.34,23.0,0.0,0.0,0.86,0.16,0.65,0.0,2008-2010,2008,2010,2,7,6.0,5.0,5.0,0.0,0.0,5.0,,0.833,0.71,0.71,0.0,True,True,All-rounder
E Ul Haq (NOR),2019-2019,2019,2019,0,5,5.0,0.0,21.0,10,10.0,0,4.2,36.0,58.33,0.0,0.0,0.0,2.0,0.0,4.2,0.0,0.0,25.85,2019-2019,2019,2019,0,5,1.0,0.1,0.0,4.0,0.0,-,,24.0,,0.0,0.0,0.0,0.04,0.01,0.0,2019-2019,2019,2019,0,5,5.0,2.0,2.0,0.0,0.0,2.0,,0.4,0.4,0.4,0.0,True,True,All-rounder
EB Knowles (CZK-R),2019-2019,2019,2019,0,7,6.0,2.0,56.0,19,19.0,0,14.0,54.0,103.7,0.0,0.0,1.0,7.0,1.0,8.0,0.0,0.0,49.88,2019-2019,2019,2019,0,7,,,,,,-,,,,,,,,,,2019-2019,2019,2019,0,7,7.0,4.0,4.0,0.0,0.0,4.0,,0.571,0.57,0.57,0.0,True,True,All-rounder
EB Ringera (KENYA),2019-2019,2019,2019,0,1,1.0,0.0,1.0,1,1.0,0,1.0,3.0,33.33,0.0,0.0,0.0,0.0,0.0,1.0,0.0,0.0,13.93,2019-2019,2019,2019,0,1,1.0,4.0,0.0,18.0,4.0,Apr-18,4.5,4.5,6.0,1.0,0.0,4.0,0.22,2.87,0.0,2019-2019,2019,2019,0,1,1.0,0.0,0.0,0.0,0.0,0.0,0.0,0.0,0.0,0.0,0.0,True,True,All-rounder
EC Joyce (ENG/IRE),2006-2014,2006,2014,8,18,15.0,3.0,405.0,78*,78.0,1,33.75,431.0,93.96,0.0,1.0,0.0,30.0,5.0,22.5,0.0,5.56,57.83,2006-2014,2006,2014,8,18,,,,,,-,,,,,,,,,,2006-2014,2006,2014,8,18,17.0,5.0,5.0,0.0,0.0,5.0,,0.294,0.28,0.28,0.0,True,True,All-rounder
EC Rainsford (ZIM),2010-2010,2010,2010,0,2,1.0,1.0,1.0,1*,1.0,1,,2.0,50.0,0.0,0.0,0.0,0.0,0.0,0.5,0.0,0.0,,2010-2010,2010,2010,0,2,2.0,6.0,0.0,67.0,0.0,-,,11.16,,0.0,0.0,0.0,0.09,0.03,0.0,2010-2010,2010,2010,0,2,2.0,0.0,0.0,0.0,0.0,0.0,0.0,0.0,0.0,0.0,0.0,True,True,All-rounder
EH Hutchinson (USA),2019-2019,2019,2019,0,2,1.0,0.0,16.0,16,16.0,0,16.0,8.0,200.0,0.0,0.0,0.0,3.0,0.0,8.0,0.0,0.0,89.6,2019-2019,2019,2019,0,2,1.0,3.0,0.0,20.0,0.0,-,,6.66,,0.0,0.0,0.0,0.15,0.05,0.0,2019-2019,2019,2019,0,2,2.0,0.0,0.0,0.0,0.0,0.0,0.0,0.0,0.0,0.0,0.0,True,True,All-rounder
EHSN Silva (UAE),2014-2014,2014,2014,0,2,2.0,1.0,16.0,13*,13.0,1,16.0,22.0,72.72,0.0,0.0,0.0,1.0,0.0,8.0,0.0,0.0,38.69,2014-2014,2014,2014,0,2,2.0,7.0,0.0,58.0,2.0,Jan-20,29.0,8.28,21.0,0.0,0.0,1.0,0.12,0.74,0.0,2014-2014,2014,2014,0,2,2.0,1.0,1.0,0.0,0.0,1.0,,0.5,0.5,0.5,0.0,True,True,All-rounder
EJB Miles (JER),2019-2019,2019,2019,0,14,4.0,2.0,28.0,16,16.0,0,14.0,31.0,90.32,0.0,0.0,0.0,1.0,0.0,2.0,0.0,0.0,44.53,2019-2019,2019,2019,0,14,14.0,40.0,0.0,266.0,17.0,03-Oct,15.64,6.65,14.1,0.0,0.0,1.21,0.15,0.9,0.0,2019-2019,2019,2019,0,14,14.0,5.0,5.0,0.0,0.0,5.0,,0.357,0.36,0.36,0.0,True,True,All-rounder
EJG Morgan (ENG),2009-2019,2009,2019,10,86,84.0,17.0,2002.0,91,91.0,0,29.88,1475.0,135.72,0.0,11.0,3.0,151.0,96.0,23.28,0.0,12.79,72.22,2009-2019,2009,2019,10,86,,,,,,-,,,,,,,,,,2009-2019,2009,2019,10,86,86.0,37.0,37.0,0.0,0.0,37.0,,0.43,0.43,0.43,0.0,True,True,All-rounder
EMDY Munaweera (SL),2012-2017,2012,2017,5,13,13.0,1.0,215.0,53,53.0,0,17.91,164.0,131.09,0.0,1.0,1.0,25.0,7.0,16.54,0.0,7.69,63.18,2012-2017,2012,2017,5,13,5.0,10.0,0.0,92.0,1.0,Jan-26,92.0,9.2,60.0,0.0,0.0,0.08,0.11,0.09,0.0,2012-2017,2012,2017,5,13,13.0,1.0,1.0,0.0,0.0,1.0,,0.076,0.08,0.08,0.0,True,True,All-rounder
EP Thompson (NZ),2008-2008,2008,2008,0,1,1.0,1.0,1.0,1*,1.0,1,,1.0,100.0,0.0,0.0,0.0,0.0,0.0,1.0,0.0,0.0,,2008-2008,2008,2008,0,1,1.0,3.0,1.0,18.0,1.0,Jan-18,18.0,6.0,18.0,0.0,0.0,1.0,0.17,0.75,0.0,2008-2008,2008,2008,0,1,1.0,0.0,0.0,0.0,0.0,0.0,0.0,0.0,0.0,0.0,0.0,True,True,All-rounder
ES Soto (CRC),2019-2019,2019,2019,0,1,1.0,0.0,0.0,0,0.0,0,0.0,2.0,0.0,0.0,0.0,1.0,0.0,0.0,,0.0,0.0,0.0,2019-2019,2019,2019,0,1,,,,,,-,,,,,,,,,,2019-2019,2019,2019,0,1,1.0,0.0,0.0,0.0,0.0,0.0,0.0,0.0,0.0,0.0,0.0,True,True,All-rounder
ES Szwarczynski (NL),2008-2013,2008,2013,5,14,12.0,1.0,233.0,45,45.0,0,21.18,243.0,95.88,0.0,0.0,0.0,22.0,2.0,16.64,0.0,0.0,51.06,2008-2013,2008,2013,5,14,,,,,,-,,,,,,,,,,2008-2013,2008,2013,5,14,13.0,4.0,4.0,0.0,0.0,4.0,,0.307,0.29,0.29,0.0,True,True,All-rounder
Ehsan Khan (HKG),2016-2019,2016,2019,3,15,10.0,6.0,142.0,42*,42.0,1,35.5,128.0,110.93,0.0,0.0,0.0,9.0,7.0,9.47,0.0,0.0,65.67,2016-2019,2016,2019,3,15,15.0,54.4,0.0,325.0,14.0,Mar-32,23.21,5.94,23.4,0.0,0.0,0.93,0.17,0.7,0.0,2016-2019,2016,2019,3,15,15.0,4.0,4.0,0.0,0.0,4.0,,0.266,0.27,0.27,0.0,True,True,All-rounder
Ehsan Nawaz (HKG),2014-2017,2014,2017,3,5,1.0,0.0,0.0,0,0.0,0,0.0,2.0,0.0,0.0,0.0,1.0,0.0,0.0,,0.0,0.0,0.0,2014-2017,2014,2017,3,5,5.0,7.4,0.0,79.0,2.0,Jan-22,39.5,10.3,23.0,0.0,0.0,0.4,0.1,0.31,0.0,2014-2017,2014,2017,3,5,5.0,0.0,0.0,0.0,0.0,0.0,0.0,0.0,0.0,0.0,0.0,True,True,All-rounder
Elias Sunny (BDESH),2012-2012,2012,2012,0,7,4.0,2.0,9.0,5,5.0,0,4.5,9.0,100.0,0.0,0.0,0.0,1.0,0.0,1.29,0.0,0.0,42.7,2012-2012,2012,2012,0,7,7.0,23.0,1.0,146.0,9.0,May-13,16.22,6.34,15.3,0.0,1.0,1.29,0.16,0.95,0.143,2012-2012,2012,2012,0,7,7.0,4.0,4.0,0.0,0.0,4.0,,0.571,0.57,0.57,0.0,True,True,All-rounder
F Achelam (UGA),2019-2019,2019,2019,0,1,,,,-,,0,,,,,,,,,,,,,2019-2019,2019,2019,0,1,,,,,,-,,,,,,,,,,2019-2019,2019,2019,0,1,1.0,0.0,0.0,0.0,0.0,0.0,0.0,0.0,0.0,0.0,0.0,True,True,All-rounder
F Baaleri (Ghana),2019-2019,2019,2019,0,4,4.0,0.0,42.0,17,17.0,0,10.5,60.0,70.0,0.0,0.0,0.0,6.0,0.0,10.5,0.0,0.0,34.3,2019-2019,2019,2019,0,4,,,,,,-,,,,,,,,,,2019-2019,2019,2019,0,4,4.0,3.0,3.0,0.0,1.0,2.0,,0.75,0.75,0.75,0.0,True,True,All-rounder
F Behardien (SA),2012-2018,2012,2018,6,38,30.0,14.0,518.0,64*,64.0,1,32.37,404.0,128.21,0.0,1.0,1.0,37.0,16.0,13.63,0.0,2.63,70.71,2012-2018,2012,2018,6,38,3.0,5.0,0.0,27.0,3.0,Feb-15,9.0,5.4,10.0,0.0,0.0,0.08,0.19,0.11,0.0,2012-2018,2012,2018,6,38,38.0,14.0,14.0,0.0,0.0,14.0,,0.368,0.37,0.37,0.0,True,True,All-rounder
F Damiao Couana (Moz),2019-2019,2019,2019,0,7,7.0,1.0,233.0,71*,71.0,1,38.83,179.0,130.16,0.0,1.0,0.0,16.0,14.0,33.29,0.0,14.29,75.36,2019-2019,2019,2019,0,7,5.0,18.5,2.0,118.0,6.0,03-Oct,19.66,6.26,18.8,0.0,0.0,0.86,0.16,0.65,0.0,2019-2019,2019,2019,0,7,6.0,2.0,2.0,0.0,0.0,2.0,,0.333,0.29,0.29,0.0,True,True,All-rounder
F Mutizwa (ZIM),2011-2012,2011,2012,1,3,3.0,0.0,38.0,22,22.0,0,12.66,36.0,105.55,0.0,0.0,1.0,3.0,0.0,12.67,0.0,0.0,49.82,2011-2012,2011,2012,1,3,,,,,,-,,,,,,,,,,2011-2012,2011,2012,1,3,3.0,0.0,0.0,0.0,0.0,0.0,0.0,0.0,0.0,0.0,0.0,True,True,All-rounder
F Nkhoma (MWI),2019-2019,2019,2019,0,4,,,,-,,0,,,,,,,,,,,,,2019-2019,2019,2019,0,4,,,,,,-,,,,,,,,,,2019-2019,2019,2019,0,4,4.0,0.0,0.0,0.0,0.0,0.0,0.0,0.0,0.0,0.0,0.0,True,True,All-rounder
F Nsubuga (UGA),2019-2019,2019,2019,0,3,3.0,1.0,16.0,9,9.0,0,8.0,15.0,106.66,0.0,0.0,0.0,0.0,2.0,5.33,0.0,0.0,47.46,2019-2019,2019,2019,0,3,3.0,8.0,0.0,46.0,2.0,Feb-19,23.0,5.75,24.0,0.0,0.0,0.67,0.17,0.52,0.0,2019-2019,2019,2019,0,3,3.0,2.0,2.0,0.0,0.0,2.0,,0.666,0.67,0.67,0.0,True,True,All-rounder
F Stoman (PORT),2019-2019,2019,2019,0,4,4.0,1.0,40.0,21*,21.0,1,13.33,61.0,65.57,0.0,0.0,0.0,1.0,1.0,10.0,0.0,0.0,34.23,2019-2019,2019,2019,0,4,,,,,,-,,,,,,,,,,2019-2019,2019,2019,0,4,4.0,2.0,1.0,1.0,1.0,0.0,,0.5,0.25,0.5,0.25,True,True,All-rounder
F du Plessis (SA/World),2012-2019,2012,2019,7,44,44.0,6.0,1363.0,119,119.0,0,35.86,1006.0,135.48,1.0,8.0,0.0,126.0,45.0,30.98,2.27,18.18,75.71,2012-2019,2012,2019,7,44,2.0,1.2,0.0,3.0,0.0,-,,2.25,,0.0,0.0,0.0,0.44,0.13,0.0,2012-2019,2012,2019,7,44,44.0,21.0,21.0,0.0,0.0,21.0,,0.477,0.48,0.48,0.0,True,True,All-rounder
FA Allen (WI),2018-2019,2018,2019,1,11,9.0,2.0,64.0,27,27.0,0,9.14,56.0,114.28,0.0,0.0,2.0,5.0,3.0,5.82,0.0,0.0,51.2,2018-2019,2018,2019,1,11,10.0,31.0,1.0,214.0,9.0,Feb-19,23.77,6.9,20.6,0.0,0.0,0.82,0.14,0.62,0.0,2018-2019,2018,2019,1,11,11.0,4.0,4.0,0.0,0.0,4.0,,0.363,0.36,0.36,0.0,True,True,All-rounder
FA Cossa (Moz),2019-2019,2019,2019,0,6,6.0,2.0,82.0,19*,19.0,1,20.5,90.0,91.11,0.0,0.0,0.0,6.0,4.0,13.67,0.0,0.0,48.74,2019-2019,2019,2019,0,6,5.0,14.0,0.0,110.0,2.0,Jan-24,55.0,7.85,42.0,0.0,0.0,0.33,0.13,0.27,0.0,2019-2019,2019,2019,0,6,5.0,6.0,6.0,0.0,0.0,6.0,,1.2,1.0,1.0,0.0,True,True,All-rounder
FF Mulivai (Samoa),2019-2019,2019,2019,0,4,4.0,0.0,70.0,48,48.0,0,17.5,37.0,189.18,0.0,0.0,1.0,2.0,8.0,17.5,0.0,0.0,86.17,2019-2019,2019,2019,0,4,1.0,0.1,0.0,6.0,0.0,-,,36.0,,0.0,0.0,0.0,0.03,0.01,0.0,2019-2019,2019,2019,0,4,4.0,0.0,0.0,0.0,0.0,0.0,0.0,0.0,0.0,0.0,0.0,True,True,All-rounder
FH Edwards (WI),2007-2012,2007,2012,5,20,4.0,2.0,10.0,7*,7.0,1,5.0,9.0,111.11,0.0,0.0,1.0,1.0,0.0,0.5,0.0,0.0,47.44,2007-2012,2007,2012,5,20,20.0,60.0,0.0,497.0,16.0,Mar-23,31.06,8.28,22.5,0.0,0.0,0.8,0.12,0.6,0.0,2007-2012,2007,2012,5,20,20.0,5.0,5.0,0.0,0.0,5.0,,0.25,0.25,0.25,0.0,True,True,All-rounder
FJ Klaassen (NL),2018-2019,2018,2019,1,21,7.0,1.0,33.0,13,13.0,0,5.5,34.0,97.05,0.0,0.0,1.0,2.0,0.0,1.57,0.0,0.0,42.12,2018-2019,2018,2019,1,21,20.0,69.1,0.0,581.0,20.0,Mar-31,29.05,8.4,20.7,0.0,0.0,0.95,0.12,0.7,0.0,2018-2019,2018,2019,1,21,20.0,10.0,10.0,0.0,0.0,10.0,,0.5,0.48,0.48,0.0,True,True,All-rounder
FL Reifer (WI),2009-2009,2009,2009,0,1,1.0,0.0,22.0,22,22.0,0,22.0,20.0,110.0,0.0,0.0,0.0,2.0,1.0,22.0,0.0,0.0,57.2,2009-2009,2009,2009,0,1,,,,,,-,,,,,,,,,,2009-2009,2009,2009,0,1,1.0,1.0,1.0,0.0,0.0,1.0,,1.0,1.0,1.0,0.0,True,True,All-rounder
FRJ Coleman (SCOT),2013-2013,2013,2013,0,1,1.0,0.0,9.0,9,9.0,0,9.0,13.0,69.23,0.0,0.0,0.0,1.0,0.0,9.0,0.0,0.0,33.09,2013-2013,2013,2013,0,1,,,,,,-,,,,,,,,,,2013-2013,2013,2013,0,1,1.0,0.0,0.0,0.0,0.0,0.0,0.0,0.0,0.0,0.0,0.0,True,True,All-rounder
Fahad Ali (),2019-2019,2019,2019,0,3,3.0,0.0,3.0,2,2.0,0,1.0,14.0,21.42,0.0,0.0,1.0,0.0,0.0,1.0,0.0,0.0,9.17,2019-2019,2019,2019,0,3,,,,,,-,,,,,,,,,,2019-2019,2019,2019,0,3,3.0,5.0,4.0,1.0,2.0,2.0,,1.666,1.33,1.67,0.33,True,True,All-rounder
Fahad Tariq (UAE),2016-2016,2016,2016,0,6,5.0,1.0,19.0,16,16.0,0,4.75,24.0,79.16,0.0,0.0,2.0,1.0,1.0,3.17,0.0,0.0,34.51,2016-2016,2016,2016,0,6,2.0,3.0,0.0,26.0,0.0,-,,8.66,,0.0,0.0,0.0,0.12,0.03,0.0,2016-2016,2016,2016,0,6,6.0,4.0,4.0,0.0,0.0,4.0,,0.666,0.67,0.67,0.0,True,True,All-rounder
Faheem Ashraf (PAK),2017-2019,2017,2019,2,27,18.0,6.0,133.0,21,21.0,0,11.08,110.0,120.9,0.0,0.0,4.0,7.0,8.0,4.93,0.0,0.0,55.01,2017-2019,2017,2019,2,27,26.0,74.3,1.0,557.0,24.0,03-May,23.2,7.47,18.6,0.0,0.0,0.89,0.13,0.66,0.0,2017-2019,2017,2019,2,27,27.0,7.0,7.0,0.0,0.0,7.0,,0.259,0.26,0.26,0.0,True,True,All-rounder
Faisal Javed (QAT),2019-2019,2019,2019,0,15,15.0,0.0,330.0,61,61.0,0,22.0,212.0,155.66,0.0,2.0,1.0,45.0,11.0,22.0,0.0,13.33,75.46,2019-2019,2019,2019,0,15,,,,,,-,,,,,,,,,,2019-2019,2019,2019,0,15,15.0,5.0,5.0,0.0,0.0,5.0,,0.333,0.33,0.33,0.0,True,True,All-rounder
Faisal Khan (Saudi),2019-2019,2019,2019,0,4,4.0,1.0,134.0,83*,83.0,1,44.66,56.0,239.28,0.0,1.0,1.0,13.0,10.0,33.5,0.0,25.0,122.51,2019-2019,2019,2019,0,4,1.0,2.0,0.0,21.0,1.0,Jan-21,21.0,10.5,12.0,0.0,0.0,0.25,0.1,0.2,0.0,2019-2019,2019,2019,0,4,4.0,1.0,1.0,0.0,0.0,1.0,,0.25,0.25,0.25,0.0,True,True,All-rounder
Faizan Asif (UAE),2014-2015,2014,2015,1,6,6.0,0.0,80.0,28,28.0,0,13.33,64.0,125.0,0.0,0.0,0.0,9.0,3.0,13.33,0.0,0.0,58.0,2014-2015,2014,2015,1,6,,,,,,-,,,,,,,,,,2014-2015,2014,2015,1,6,6.0,0.0,0.0,0.0,0.0,0.0,0.0,0.0,0.0,0.0,0.0,True,True,All-rounder
Fakhar Zaman (PAK),2017-2019,2017,2019,2,34,33.0,0.0,756.0,91,91.0,0,22.9,553.0,136.7,0.0,4.0,2.0,86.0,22.0,22.24,0.0,11.76,68.42,2017-2019,2017,2019,2,34,1.0,1.0,0.0,12.0,0.0,-,,12.0,,0.0,0.0,0.0,0.08,0.03,0.0,2017-2019,2017,2019,2,34,34.0,14.0,14.0,0.0,0.0,14.0,,0.411,0.41,0.41,0.0,True,True,All-rounder
Fakhrul Mohon (PORT),2019-2019,2019,2019,0,4,1.0,0.0,0.0,0,0.0,0,0.0,0.0,,0.0,0.0,1.0,0.0,0.0,,0.0,0.0,,2019-2019,2019,2019,0,4,4.0,14.0,2.0,85.0,2.0,Jan-21,42.5,6.07,42.0,0.0,0.0,0.5,0.16,0.4,0.0,2019-2019,2019,2019,0,4,4.0,0.0,0.0,0.0,0.0,0.0,0.0,0.0,0.0,0.0,0.0,True,True,All-rounder
Faran Afzal (ESP),2019-2019,2019,2019,0,9,8.0,1.0,141.0,59*,59.0,1,20.14,140.0,100.71,0.0,1.0,0.0,11.0,6.0,15.67,0.0,11.11,52.37,2019-2019,2019,2019,0,9,8.0,29.0,0.0,143.0,8.0,03-Nov,17.87,4.93,21.7,0.0,0.0,0.89,0.2,0.68,0.0,2019-2019,2019,2019,0,9,9.0,2.0,2.0,0.0,0.0,2.0,,0.222,0.22,0.22,0.0,True,True,All-rounder
Fareed Ahmad (AFG),2016-2019,2016,2019,3,14,1.0,1.0,24.0,24*,24.0,1,,15.0,160.0,0.0,0.0,0.0,4.0,0.0,1.71,0.0,0.0,,2016-2019,2016,2019,3,14,14.0,47.5,0.0,405.0,18.0,Mar-35,22.5,8.46,15.9,0.0,0.0,1.29,0.12,0.94,0.0,2016-2019,2016,2019,3,14,14.0,1.0,1.0,0.0,0.0,1.0,,0.071,0.07,0.07,0.0,True,True,All-rounder
Farhad Reza (BDESH),2006-2014,2006,2014,8,13,9.0,0.0,72.0,19,19.0,0,8.0,88.0,81.81,0.0,0.0,1.0,4.0,2.0,5.54,0.0,0.0,37.52,2006-2014,2006,2014,8,13,11.0,26.0,0.0,261.0,6.0,Feb-34,43.5,10.03,26.0,0.0,0.0,0.46,0.1,0.35,0.0,2006-2014,2006,2014,8,13,13.0,4.0,4.0,0.0,0.0,4.0,,0.307,0.31,0.31,0.0,True,True,All-rounder
Farhan Ahmed (UAE),2016-2016,2016,2016,0,3,1.0,0.0,4.0,4,4.0,0,4.0,8.0,50.0,0.0,0.0,0.0,0.0,0.0,1.33,0.0,0.0,22.4,2016-2016,2016,2016,0,3,3.0,9.0,0.0,66.0,3.0,Feb-28,22.0,7.33,18.0,0.0,0.0,1.0,0.14,0.74,0.0,2016-2016,2016,2016,0,3,3.0,1.0,1.0,0.0,0.0,1.0,,0.333,0.33,0.33,0.0,True,True,All-rounder
Fawad Ahmed (AUS),2013-2013,2013,2013,0,2,1.0,1.0,3.0,3*,3.0,1,,5.0,60.0,0.0,0.0,0.0,0.0,0.0,1.5,0.0,0.0,,2013-2013,2013,2013,0,2,2.0,8.0,0.0,68.0,3.0,Mar-25,22.66,8.5,16.0,0.0,0.0,1.5,0.12,1.09,0.0,2013-2013,2013,2013,0,2,2.0,0.0,0.0,0.0,0.0,0.0,0.0,0.0,0.0,0.0,0.0,True,True,All-rounder
Fawad Alam (PAK),2007-2010,2007,2010,3,24,17.0,6.0,194.0,28,28.0,0,17.63,169.0,114.79,0.0,0.0,1.0,7.0,7.0,8.08,0.0,0.0,56.49,2007-2010,2007,2010,3,24,6.0,15.0,0.0,95.0,8.0,03-Jul,11.87,6.33,11.2,0.0,0.0,0.33,0.16,0.28,0.0,2007-2010,2007,2010,3,24,24.0,7.0,7.0,0.0,0.0,7.0,,0.291,0.29,0.29,0.0,True,True,All-rounder
Fayyaz Ahmed (UAE),2015-2015,2015,2015,0,1,1.0,0.0,11.0,11,11.0,0,11.0,12.0,91.66,0.0,0.0,0.0,2.0,0.0,11.0,0.0,0.0,43.26,2015-2015,2015,2015,0,1,1.0,3.0,0.0,29.0,1.0,Jan-29,29.0,9.66,18.0,0.0,0.0,1.0,0.1,0.73,0.0,2015-2015,2015,2015,0,1,1.0,1.0,1.0,0.0,0.0,1.0,,1.0,1.0,1.0,0.0,True,True,All-rounder
Fayyaz Butt (OMAN),2019-2019,2019,2019,0,14,6.0,4.0,57.0,25*,25.0,1,28.5,48.0,118.75,0.0,0.0,0.0,4.0,2.0,4.07,0.0,0.0,64.6,2019-2019,2019,2019,0,14,14.0,43.3,0.0,313.0,10.0,Mar-16,31.3,7.19,26.1,0.0,0.0,0.71,0.14,0.54,0.0,2019-2019,2019,2019,0,14,14.0,2.0,2.0,0.0,0.0,2.0,,0.142,0.14,0.14,0.0,True,True,All-rounder
Fazal Niazai (AFG),2019-2019,2019,2019,0,1,1.0,0.0,12.0,12,12.0,0,12.0,15.0,80.0,0.0,0.0,0.0,1.0,0.0,12.0,0.0,0.0,39.2,2019-2019,2019,2019,0,1,1.0,1.0,0.0,13.0,0.0,-,,13.0,,0.0,0.0,0.0,0.08,0.02,0.0,2019-2019,2019,2019,0,1,1.0,0.0,0.0,0.0,0.0,0.0,0.0,0.0,0.0,0.0,0.0,True,True,All-rounder
Fiaz Ahmad (KUW),2019-2019,2019,2019,0,3,1.0,1.0,0.0,0*,0.0,1,,0.0,,0.0,0.0,0.0,0.0,0.0,,0.0,0.0,,2019-2019,2019,2019,0,3,3.0,5.0,0.0,56.0,1.0,Jan-13,56.0,11.2,30.0,0.0,0.0,0.33,0.09,0.26,0.0,2019-2019,2019,2019,0,3,3.0,0.0,0.0,0.0,0.0,0.0,0.0,0.0,0.0,0.0,0.0,True,True,All-rounder
Fiaz Ahmed (BAH),2019-2019,2019,2019,0,4,4.0,2.0,112.0,62*,62.0,1,56.0,72.0,155.55,0.0,1.0,1.0,6.0,8.0,28.0,0.0,25.0,95.82,2019-2019,2019,2019,0,4,,,,,,-,,,,,,,,,,2019-2019,2019,2019,0,4,4.0,3.0,3.0,0.0,0.0,3.0,,0.75,0.75,0.75,0.0,True,True,All-rounder
Fida Hussain (ITA),2019-2019,2019,2019,0,2,1.0,1.0,3.0,3*,3.0,1,,4.0,75.0,0.0,0.0,0.0,0.0,0.0,1.5,0.0,0.0,,2019-2019,2019,2019,0,2,,,,,,-,,,,,,,,,,2019-2019,2019,2019,0,2,2.0,0.0,0.0,0.0,0.0,0.0,0.0,0.0,0.0,0.0,0.0,True,True,All-rounder
Fitri Sham (MAL),2019-2019,2019,2019,0,15,10.0,4.0,40.0,15*,15.0,1,6.66,56.0,71.42,0.0,0.0,0.0,2.0,0.0,2.67,0.0,0.0,32.56,2019-2019,2019,2019,0,15,14.0,42.3,0.0,312.0,13.0,Mar-26,24.0,7.34,19.6,0.0,0.0,0.87,0.14,0.65,0.0,2019-2019,2019,2019,0,15,14.0,3.0,3.0,0.0,0.0,3.0,,0.214,0.2,0.2,0.0,True,True,All-rounder
G Bakiweyem (Ghana),2019-2019,2019,2019,0,3,2.0,1.0,27.0,15*,15.0,1,27.0,30.0,90.0,0.0,0.0,0.0,0.0,0.0,9.0,0.0,0.0,52.2,2019-2019,2019,2019,0,3,3.0,10.0,0.0,62.0,3.0,Feb-15,20.66,6.2,20.0,0.0,0.0,1.0,0.16,0.75,0.0,2019-2019,2019,2019,0,3,3.0,1.0,1.0,0.0,0.0,1.0,,0.333,0.33,0.33,0.0,True,True,All-rounder
G Caisley (),2019-2019,2019,2019,0,4,4.0,0.0,52.0,38,38.0,0,13.0,60.0,86.66,0.0,0.0,1.0,3.0,2.0,13.0,0.0,0.0,42.46,2019-2019,2019,2019,0,4,,,,,,-,,,,,,,,,,2019-2019,2019,2019,0,4,4.0,0.0,0.0,0.0,0.0,0.0,0.0,0.0,0.0,0.0,0.0,True,True,All-rounder
G Chaturvedi (MALTA),2019-2019,2019,2019,0,2,2.0,0.0,49.0,25,25.0,0,24.5,29.0,168.96,0.0,0.0,0.0,6.0,1.0,24.5,0.0,0.0,82.28,2019-2019,2019,2019,0,2,,,,,,-,,,,,,,,,,2019-2019,2019,2019,0,2,2.0,0.0,0.0,0.0,0.0,0.0,0.0,0.0,0.0,0.0,0.0,True,True,All-rounder
G Dutta (Mex),2019-2019,2019,2019,0,7,6.0,0.0,14.0,8,8.0,0,2.33,28.0,50.0,0.0,0.0,3.0,1.0,0.0,2.0,0.0,0.0,21.4,2019-2019,2019,2019,0,7,,,,,,-,,,,,,,,,,2019-2019,2019,2019,0,7,7.0,1.0,1.0,0.0,0.0,1.0,,0.142,0.14,0.14,0.0,True,True,All-rounder
G Gambhir (INDIA),2007-2012,2007,2012,5,37,36.0,2.0,932.0,75,75.0,0,27.41,783.0,119.02,0.0,7.0,2.0,109.0,10.0,25.19,0.0,18.92,64.05,2007-2012,2007,2012,5,37,,,,,,-,,,,,,,,,,2007-2012,2007,2012,5,37,36.0,11.0,11.0,0.0,0.0,11.0,,0.305,0.3,0.3,0.0,True,True,All-rounder
G Goudie (SCOT),2010-2013,2010,2013,3,9,6.0,2.0,25.0,9*,9.0,1,6.25,20.0,125.0,0.0,0.0,0.0,2.0,1.0,2.78,0.0,0.0,53.75,2010-2013,2010,2013,3,9,9.0,24.5,0.0,224.0,7.0,Mar-22,32.0,9.02,21.2,0.0,0.0,0.78,0.11,0.58,0.0,2010-2013,2010,2013,3,9,9.0,4.0,4.0,0.0,0.0,4.0,,0.444,0.44,0.44,0.0,True,True,All-rounder
G Kaltongga (VAN),2019-2019,2019,2019,0,3,2.0,0.0,10.0,10,10.0,0,5.0,12.0,83.33,0.0,0.0,1.0,1.0,0.0,3.33,0.0,0.0,36.33,2019-2019,2019,2019,0,3,,,,,,-,,,,,,,,,,2019-2019,2019,2019,0,3,3.0,0.0,0.0,0.0,0.0,0.0,0.0,0.0,0.0,0.0,0.0,True,True,All-rounder
G Kansonkho (MWI),2019-2019,2019,2019,0,6,3.0,1.0,26.0,22,22.0,0,13.0,21.0,123.8,0.0,0.0,1.0,4.0,0.0,4.33,0.0,0.0,57.32,2019-2019,2019,2019,0,6,1.0,1.0,0.0,15.0,0.0,-,,15.0,,0.0,0.0,0.0,0.07,0.02,0.0,2019-2019,2019,2019,0,6,6.0,4.0,4.0,0.0,0.0,4.0,,0.666,0.67,0.67,0.0,True,True,All-rounder
G Malla (NEPAL),2014-2019,2014,2019,5,24,23.0,0.0,482.0,107,107.0,0,20.95,389.0,123.9,1.0,1.0,1.0,46.0,21.0,20.08,4.17,4.17,62.13,2014-2019,2014,2019,5,24,,,,,,-,,,,,,,,,,2014-2019,2014,2019,5,24,24.0,14.0,14.0,0.0,0.0,14.0,,0.583,0.58,0.58,0.0,True,True,All-rounder
G Manan (ROM),2019-2019,2019,2019,0,3,3.0,0.0,64.0,29,29.0,0,21.33,52.0,123.07,0.0,0.0,0.0,11.0,1.0,21.33,0.0,0.0,62.03,2019-2019,2019,2019,0,3,,,,,,-,,,,,,,,,,2019-2019,2019,2019,0,3,3.0,0.0,0.0,0.0,0.0,0.0,0.0,0.0,0.0,0.0,0.0,True,True,All-rounder
G Murali (CRC),2019-2019,2019,2019,0,3,3.0,0.0,25.0,14,14.0,0,8.33,44.0,56.81,0.0,0.0,0.0,1.0,0.0,8.33,0.0,0.0,27.72,2019-2019,2019,2019,0,3,,,,,,-,,,,,,,,,,2019-2019,2019,2019,0,3,3.0,2.0,2.0,0.0,2.0,0.0,,0.666,0.67,0.67,0.0,True,True,All-rounder
G Nikitas (),2019-2019,2019,2019,0,2,,,,-,,0,,,,,,,,,,,,,2019-2019,2019,2019,0,2,,,,,,-,,,,,,,,,,2019-2019,2019,2019,0,2,2.0,2.0,0.0,2.0,0.0,0.0,,1.0,0.0,1.0,1.0,True,True,All-rounder
G Venkateswaran (LUX),2019-2019,2019,2019,0,3,3.0,1.0,74.0,59,59.0,0,37.0,58.0,127.58,0.0,1.0,0.0,10.0,1.0,24.67,0.0,33.33,73.23,2019-2019,2019,2019,0,3,,,,,,-,,,,,,,,,,2019-2019,2019,2019,0,3,3.0,0.0,0.0,0.0,0.0,0.0,0.0,0.0,0.0,0.0,0.0,True,True,All-rounder
G Wijekoon (SL),2007-2007,2007,2007,0,3,2.0,1.0,1.0,1*,1.0,1,1.0,5.0,20.0,0.0,0.0,1.0,0.0,0.0,0.33,0.0,0.0,8.6,2007-2007,2007,2007,0,3,3.0,11.0,0.0,101.0,2.0,01-Dec,50.5,9.18,33.0,0.0,0.0,0.67,0.11,0.5,0.0,2007-2007,2007,2007,0,3,3.0,0.0,0.0,0.0,0.0,0.0,0.0,0.0,0.0,0.0,0.0,True,True,All-rounder
GA Lamb (ZIM),2010-2010,2010,2010,0,5,4.0,2.0,32.0,14*,14.0,1,16.0,54.0,59.25,0.0,0.0,1.0,1.0,0.0,6.4,0.0,0.0,33.3,2010-2010,2010,2010,0,5,5.0,12.1,0.0,80.0,4.0,Feb-14,20.0,6.57,18.2,0.0,0.0,0.8,0.15,0.61,0.0,2010-2010,2010,2010,0,5,5.0,0.0,0.0,0.0,0.0,0.0,0.0,0.0,0.0,0.0,0.0,True,True,All-rounder
GA Reynold (Blz),2019-2019,2019,2019,0,3,2.0,1.0,10.0,6*,6.0,1,10.0,10.0,100.0,0.0,0.0,0.0,0.0,1.0,3.33,0.0,0.0,46.0,2019-2019,2019,2019,0,3,3.0,8.0,1.0,49.0,1.0,Jan-17,49.0,6.12,48.0,0.0,0.0,0.33,0.16,0.28,0.0,2019-2019,2019,2019,0,3,3.0,2.0,2.0,0.0,0.0,2.0,,0.666,0.67,0.67,0.0,True,True,All-rounder
GA Rogers (SCOT),2008-2009,2008,2009,1,2,2.0,2.0,7.0,6*,6.0,1,,8.0,87.5,0.0,0.0,0.0,0.0,0.0,3.5,0.0,0.0,,2008-2009,2008,2009,1,2,2.0,7.5,0.0,67.0,2.0,Feb-15,33.5,8.55,23.5,0.0,0.0,1.0,0.12,0.74,0.0,2008-2009,2008,2009,1,2,2.0,0.0,0.0,0.0,0.0,0.0,0.0,0.0,0.0,0.0,0.0,True,True,All-rounder
GB Brent (ZIM),2006-2007,2006,2007,1,3,1.0,0.0,2.0,2,2.0,0,2.0,5.0,40.0,0.0,0.0,0.0,0.0,0.0,0.67,0.0,0.0,17.2,2006-2007,2006,2007,1,3,3.0,11.0,0.0,93.0,4.0,Feb-19,23.25,8.45,16.5,0.0,0.0,1.33,0.12,0.97,0.0,2006-2007,2006,2007,1,3,3.0,2.0,2.0,0.0,0.0,2.0,,0.666,0.67,0.67,0.0,True,True,All-rounder
GB Hogg (AUS),2006-2014,2006,2014,8,15,4.0,0.0,55.0,41,41.0,0,13.75,39.0,141.02,0.0,0.0,0.0,3.0,3.0,3.67,0.0,0.0,64.66,2006-2014,2006,2014,8,15,15.0,49.0,1.0,373.0,7.0,Feb-31,53.28,7.61,42.0,0.0,0.0,0.47,0.13,0.37,0.0,2006-2014,2006,2014,8,15,15.0,1.0,1.0,0.0,0.0,1.0,,0.066,0.07,0.07,0.0,True,True,All-rounder
GBW Munaweera (QAT),2019-2019,2019,2019,0,5,1.0,1.0,6.0,6*,6.0,1,,7.0,85.71,0.0,0.0,0.0,0.0,0.0,1.2,0.0,0.0,,2019-2019,2019,2019,0,5,5.0,18.0,0.0,132.0,8.0,Feb-18,16.5,7.33,13.5,0.0,0.0,1.6,0.14,1.16,0.0,2019-2019,2019,2019,0,5,5.0,1.0,1.0,0.0,0.0,1.0,,0.2,0.2,0.2,0.0,True,True,All-rounder
GC Galanis (),2019-2019,2019,2019,0,2,1.0,0.0,0.0,0,0.0,0,0.0,1.0,0.0,0.0,0.0,1.0,0.0,0.0,,0.0,0.0,0.0,2019-2019,2019,2019,0,2,2.0,4.2,0.0,32.0,5.0,Mar-32,6.4,7.38,5.2,0.0,0.0,2.5,0.14,1.79,0.0,2019-2019,2019,2019,0,2,2.0,2.0,2.0,0.0,0.0,2.0,,1.0,1.0,1.0,0.0,True,True,All-rounder
GC Smith (SA),2005-2011,2005,2011,6,33,33.0,2.0,982.0,89*,89.0,1,31.67,770.0,127.53,0.0,5.0,1.0,123.0,26.0,29.76,0.0,15.15,70.01,2005-2011,2005,2011,6,33,3.0,4.0,0.0,57.0,0.0,-,,14.25,,0.0,0.0,0.0,0.07,0.02,0.0,2005-2011,2005,2011,6,33,33.0,18.0,18.0,0.0,0.0,18.0,,0.545,0.55,0.55,0.0,True,True,All-rounder
GC Tonge (WI),2009-2009,2009,2009,0,1,,,,-,,0,,,,,,,,,,,,,2009-2009,2009,2009,0,1,1.0,4.0,0.0,25.0,1.0,Jan-25,25.0,6.25,24.0,0.0,0.0,1.0,0.16,0.75,0.0,2009-2009,2009,2009,0,1,1.0,1.0,1.0,0.0,0.0,1.0,,1.0,1.0,1.0,0.0,True,True,All-rounder
GC Wilson (IRE),2008-2019,2008,2019,11,78,65.0,8.0,1239.0,65*,65.0,1,21.73,1185.0,104.55,0.0,3.0,4.0,105.0,20.0,15.88,0.0,3.85,54.86,2008-2019,2008,2019,11,78,,,,,,-,,,,,,,,,,2008-2019,2008,2019,11,78,76.0,46.0,39.0,7.0,28.0,11.0,,0.605,0.5,0.59,0.09,True,True,All-rounder
GD Drummond (SCOT),2008-2013,2008,2013,5,17,7.0,0.0,54.0,35,35.0,0,7.71,65.0,83.07,0.0,0.0,2.0,3.0,0.0,3.18,0.0,0.0,37.85,2008-2013,2008,2013,5,17,17.0,55.0,1.0,381.0,16.0,Mar-20,23.81,6.92,20.6,0.0,0.0,0.94,0.14,0.7,0.0,2008-2013,2008,2013,5,17,17.0,2.0,2.0,0.0,0.0,2.0,,0.117,0.12,0.12,0.0,True,True,All-rounder
GD Elliott (NZ/World),2009-2017,2009,2017,8,17,15.0,4.0,171.0,27,27.0,0,15.54,157.0,108.91,0.0,0.0,0.0,12.0,2.0,10.06,0.0,0.0,52.89,2009-2017,2009,2017,8,17,15.0,32.0,0.0,235.0,14.0,Apr-22,16.78,7.34,13.7,1.0,0.0,0.82,0.14,0.62,0.0,2009-2017,2009,2017,8,17,17.0,4.0,4.0,0.0,0.0,4.0,,0.235,0.24,0.24,0.0,True,True,All-rounder
GD McGrath (AUS),2005-2005,2005,2005,0,2,1.0,0.0,5.0,5,5.0,0,5.0,12.0,41.66,0.0,0.0,0.0,0.0,0.0,2.5,0.0,0.0,19.66,2005-2005,2005,2005,0,2,2.0,8.0,0.0,79.0,5.0,Mar-31,15.8,9.87,9.6,0.0,0.0,2.5,0.1,1.78,0.0,2005-2005,2005,2005,0,2,2.0,1.0,1.0,0.0,0.0,1.0,,0.5,0.5,0.5,0.0,True,True,All-rounder
GD Phillips (NZ),2017-2018,2017,2018,1,11,10.0,1.0,140.0,56,56.0,0,15.55,140.0,100.0,0.0,1.0,0.0,9.0,5.0,12.73,0.0,9.09,49.33,2017-2018,2017,2018,1,11,,,,,,-,,,,,,,,,,2017-2018,2017,2018,1,11,10.0,11.0,9.0,2.0,7.0,2.0,,1.1,0.82,1.0,0.18,True,True,All-rounder
GDR Eranga (CAN),2019-2019,2019,2019,0,9,1.0,0.0,1.0,1,1.0,0,1.0,1.0,100.0,0.0,0.0,0.0,0.0,0.0,0.11,0.0,0.0,40.6,2019-2019,2019,2019,0,9,9.0,31.5,1.0,204.0,12.0,Mar-19,17.0,6.4,15.9,0.0,0.0,1.33,0.16,0.98,0.0,2019-2019,2019,2019,0,9,9.0,2.0,2.0,0.0,0.0,2.0,,0.222,0.22,0.22,0.0,True,True,All-rounder
GE Kidd (IRE),2010-2010,2010,2010,0,1,1.0,1.0,1.0,1*,1.0,1,,1.0,100.0,0.0,0.0,0.0,0.0,0.0,1.0,0.0,0.0,,2010-2010,2010,2010,0,1,1.0,3.0,0.0,32.0,0.0,-,,10.66,,0.0,0.0,0.0,0.09,0.03,0.0,2010-2010,2010,2010,0,1,1.0,0.0,0.0,0.0,0.0,0.0,0.0,0.0,0.0,0.0,0.0,True,True,All-rounder
GE Mathurin (WI),2011-2012,2011,2012,1,3,2.0,2.0,4.0,3*,3.0,1,,5.0,80.0,0.0,0.0,0.0,0.0,0.0,1.33,0.0,0.0,,2011-2012,2011,2012,1,3,3.0,10.0,0.0,65.0,4.0,03-Sep,16.25,6.5,15.0,0.0,0.0,1.33,0.15,0.98,0.0,2011-2012,2011,2012,1,3,3.0,1.0,1.0,0.0,0.0,1.0,,0.333,0.33,0.33,0.0,True,True,All-rounder
GEF Barnett (CAN),2008-2010,2008,2010,2,5,5.0,1.0,131.0,36,36.0,0,32.75,136.0,96.32,0.0,0.0,0.0,16.0,0.0,26.2,0.0,0.0,58.18,2008-2010,2008,2010,2,5,1.0,1.0,0.0,11.0,0.0,-,,11.0,,0.0,0.0,0.0,0.09,0.03,0.0,2008-2010,2008,2010,2,5,5.0,2.0,2.0,0.0,0.0,2.0,,0.4,0.4,0.4,0.0,True,True,All-rounder
GF Gomes (Moz),2019-2019,2019,2019,0,7,6.0,1.0,44.0,28,28.0,0,8.8,46.0,95.65,0.0,0.0,1.0,6.0,1.0,6.29,0.0,0.0,43.54,2019-2019,2019,2019,0,7,1.0,2.0,0.0,16.0,0.0,-,,8.0,,0.0,0.0,0.0,0.13,0.04,0.0,2019-2019,2019,2019,0,7,6.0,0.0,0.0,0.0,0.0,0.0,0.0,0.0,0.0,0.0,0.0,True,True,All-rounder
GG Banner (Blz),2019-2019,2019,2019,0,3,3.0,1.0,77.0,47,47.0,0,38.5,65.0,118.46,0.0,0.0,0.0,1.0,8.0,25.67,0.0,0.0,70.48,2019-2019,2019,2019,0,3,1.0,3.3,0.0,10.0,2.0,02-Oct,5.0,2.85,10.5,0.0,0.0,0.67,0.35,0.57,0.0,2019-2019,2019,2019,0,3,3.0,2.0,2.0,0.0,0.0,2.0,,0.666,0.67,0.67,0.0,True,True,All-rounder
GH Bodi (SA),2007-2007,2007,2007,0,1,1.0,0.0,8.0,8,8.0,0,8.0,25.0,32.0,0.0,0.0,0.0,0.0,0.0,8.0,0.0,0.0,17.6,2007-2007,2007,2007,0,1,,,,,,-,,,,,,,,,,2007-2007,2007,2007,0,1,1.0,0.0,0.0,0.0,0.0,0.0,0.0,0.0,0.0,0.0,0.0,True,True,All-rounder
GH Dockrell (IRE),2010-2019,2010,2019,9,73,33.0,14.0,251.0,34*,34.0,1,13.21,207.0,121.25,0.0,0.0,4.0,14.0,7.0,3.44,0.0,0.0,56.43,2010-2019,2010,2019,9,73,69.0,221.2,1.0,1539.0,75.0,Apr-20,20.52,6.95,17.7,1.0,0.0,1.03,0.14,0.76,0.0,2010-2019,2010,2019,9,73,70.0,36.0,36.0,0.0,0.0,36.0,,0.514,0.49,0.49,0.0,True,True,All-rounder
GH O'Brien (BMUDA),2008-2019,2008,2019,11,11,6.0,2.0,32.0,7*,7.0,1,8.0,38.0,84.21,0.0,0.0,1.0,1.0,2.0,2.91,0.0,0.0,38.48,2008-2019,2008,2019,11,11,11.0,38.3,2.0,232.0,13.0,02-Nov,17.84,6.02,17.7,0.0,0.0,1.18,0.17,0.88,0.0,2008-2019,2008,2019,11,11,11.0,2.0,2.0,0.0,0.0,2.0,,0.181,0.18,0.18,0.0,True,True,All-rounder
GH Worker (NZ),2015-2015,2015,2015,0,2,2.0,0.0,90.0,62,62.0,0,45.0,64.0,140.62,0.0,1.0,0.0,6.0,5.0,45.0,0.0,50.0,83.25,2015-2015,2015,2015,0,2,1.0,2.0,0.0,19.0,1.0,Jan-19,19.0,9.5,12.0,0.0,0.0,0.5,0.11,0.38,0.0,2015-2015,2015,2015,0,2,2.0,1.0,1.0,0.0,0.0,1.0,,0.5,0.5,0.5,0.0,True,True,All-rounder
GI Maiden (SCOT),2008-2008,2008,2008,0,3,1.0,0.0,0.0,0,0.0,0,0.0,1.0,0.0,0.0,0.0,1.0,0.0,0.0,,0.0,0.0,0.0,2008-2008,2008,2008,0,3,3.0,10.0,0.0,58.0,2.0,Jan-20,29.0,5.8,30.0,0.0,0.0,0.67,0.17,0.52,0.0,2008-2008,2008,2008,0,3,3.0,1.0,1.0,0.0,0.0,1.0,,0.333,0.33,0.33,0.0,True,True,All-rounder
GJ Agius (MALTA),2019-2019,2019,2019,0,2,2.0,0.0,3.0,3,3.0,0,1.5,15.0,20.0,0.0,0.0,1.0,0.0,0.0,1.5,0.0,0.0,8.9,2019-2019,2019,2019,0,2,2.0,5.0,0.0,53.0,0.0,-,,10.6,,0.0,0.0,0.0,0.09,0.03,0.0,2019-2019,2019,2019,0,2,2.0,1.0,1.0,0.0,0.0,1.0,,0.5,0.5,0.5,0.0,True,True,All-rounder
GJ Bailey (AUS/World),2012-2017,2012,2017,5,30,26.0,7.0,473.0,63,63.0,0,24.89,346.0,136.7,0.0,2.0,1.0,37.0,20.0,15.77,0.0,6.67,69.61,2012-2017,2012,2017,5,30,,,,,,-,,,,,,,,,,2012-2017,2012,2017,5,30,30.0,10.0,10.0,0.0,0.0,10.0,,0.333,0.33,0.33,0.0,True,True,All-rounder
GJ Batty (ENG),2009-2009,2009,2009,0,1,1.0,0.0,4.0,4,4.0,0,4.0,7.0,57.14,0.0,0.0,0.0,0.0,0.0,4.0,0.0,0.0,25.26,2009-2009,2009,2009,0,1,1.0,3.0,0.0,17.0,0.0,-,,5.66,,0.0,0.0,0.0,0.18,0.05,0.0,2009-2009,2009,2009,0,1,1.0,0.0,0.0,0.0,0.0,0.0,0.0,0.0,0.0,0.0,0.0,True,True,All-rounder
GJ Delany (IRE),2019-2019,2019,2019,0,17,15.0,3.0,314.0,89*,89.0,1,26.16,206.0,152.42,0.0,2.0,0.0,28.0,12.0,18.47,0.0,11.76,76.66,2019-2019,2019,2019,0,17,17.0,53.0,1.0,391.0,16.0,Feb-23,24.43,7.37,19.8,0.0,0.0,0.94,0.14,0.7,0.0,2019-2019,2019,2019,0,17,17.0,5.0,5.0,0.0,0.0,5.0,,0.294,0.29,0.29,0.0,True,True,All-rounder
GJ Hopkins (NZ),2007-2010,2007,2010,3,10,8.0,0.0,86.0,36,36.0,0,10.75,71.0,121.12,0.0,0.0,0.0,5.0,5.0,8.6,0.0,0.0,54.9,2007-2010,2007,2010,3,10,,,,,,-,,,,,,,,,,2007-2010,2007,2010,3,10,10.0,6.0,4.0,2.0,2.0,2.0,,0.6,0.4,0.6,0.2,True,True,All-rounder
GJ Joseph (Blz),2019-2019,2019,2019,0,1,,,,-,,0,,,,,,,,,,,,,2019-2019,2019,2019,0,1,,,,,,-,,,,,,,,,,2019-2019,2019,2019,0,1,1.0,0.0,0.0,0.0,0.0,0.0,0.0,0.0,0.0,0.0,0.0,True,True,All-rounder
GJ Maxwell (AUS),2012-2019,2012,2019,7,61,54.0,9.0,1576.0,145*,145.0,1,35.02,985.0,160.0,3.0,7.0,1.0,133.0,81.0,25.84,4.92,11.48,85.01,2012-2019,2012,2019,7,61,40.0,94.0,0.0,704.0,26.0,03-Oct,27.07,7.48,21.6,0.0,0.0,0.43,0.13,0.34,0.0,2012-2019,2012,2019,7,61,60.0,30.0,30.0,0.0,0.0,30.0,,0.5,0.49,0.49,0.0,True,True,All-rounder
GJ McCarter (IRE),2015-2015,2015,2015,0,3,,,,-,,0,,,,,,,,,,,,,2015-2015,2015,2015,0,3,2.0,5.0,0.0,50.0,0.0,-,,10.0,,0.0,0.0,0.0,0.1,0.03,0.0,2015-2015,2015,2015,0,3,2.0,0.0,0.0,0.0,0.0,0.0,0.0,0.0,0.0,0.0,0.0,True,True,All-rounder
GJ Thompson (IRE),2016-2019,2016,2019,3,10,8.0,1.0,107.0,44,44.0,0,15.28,108.0,99.07,0.0,0.0,2.0,14.0,1.0,10.7,0.0,0.0,48.8,2016-2019,2016,2019,3,10,,,,,,-,,,,,,,,,,2016-2019,2016,2019,3,10,10.0,2.0,2.0,0.0,0.0,2.0,,0.2,0.2,0.2,0.0,True,True,All-rounder
GJP Kruger (SA),2006-2006,2006,2006,0,1,1.0,0.0,3.0,3,3.0,0,3.0,5.0,60.0,0.0,0.0,0.0,0.0,0.0,3.0,0.0,0.0,25.8,2006-2006,2006,2006,0,1,1.0,4.0,0.0,29.0,0.0,-,,7.25,,0.0,0.0,0.0,0.14,0.04,0.0,2006-2006,2006,2006,0,1,1.0,0.0,0.0,0.0,0.0,0.0,0.0,0.0,0.0,0.0,0.0,True,True,All-rounder
GL Cloete (SA),2018-2019,2018,2019,1,2,2.0,0.0,15.0,13,13.0,0,7.5,15.0,100.0,0.0,0.0,0.0,2.0,0.0,7.5,0.0,0.0,44.5,2018-2019,2018,2019,1,2,,,,,,-,,,,,,,,,,2018-2019,2018,2019,1,2,2.0,0.0,0.0,0.0,0.0,0.0,0.0,0.0,0.0,0.0,0.0,True,True,All-rounder
GM Hamilton (SCOT),2007-2010,2007,2010,3,12,8.0,0.0,90.0,32,32.0,0,11.25,110.0,81.81,0.0,0.0,0.0,6.0,1.0,7.5,0.0,0.0,39.47,2007-2010,2007,2010,3,12,,,,,,-,,,,,,,,,,2007-2010,2007,2010,3,12,11.0,3.0,3.0,0.0,0.0,3.0,,0.272,0.25,0.25,0.0,True,True,All-rounder
GM Hyde (Blz),2019-2019,2019,2019,0,3,1.0,0.0,1.0,1,1.0,0,1.0,6.0,16.66,0.0,0.0,0.0,0.0,0.0,0.33,0.0,0.0,7.26,2019-2019,2019,2019,0,3,2.0,5.0,0.0,43.0,1.0,Jan-14,43.0,8.6,30.0,0.0,0.0,0.33,0.12,0.27,0.0,2019-2019,2019,2019,0,3,3.0,1.0,1.0,0.0,0.0,1.0,,0.333,0.33,0.33,0.0,True,True,All-rounder
GM Ntambalika (MWI),2019-2019,2019,2019,0,3,1.0,0.0,5.0,5,5.0,0,5.0,11.0,45.45,0.0,0.0,0.0,0.0,0.0,1.67,0.0,0.0,21.18,2019-2019,2019,2019,0,3,3.0,9.0,0.0,56.0,4.0,Feb-13,14.0,6.22,13.5,0.0,0.0,1.33,0.16,0.98,0.0,2019-2019,2019,2019,0,3,3.0,0.0,0.0,0.0,0.0,0.0,0.0,0.0,0.0,0.0,0.0,True,True,All-rounder
GM Strydom (Caym),2019-2019,2019,2019,0,6,6.0,0.0,97.0,49,49.0,0,16.16,89.0,108.98,0.0,0.0,2.0,6.0,5.0,16.17,0.0,0.0,53.29,2019-2019,2019,2019,0,6,,,,,,-,,,,,,,,,,2019-2019,2019,2019,0,6,6.0,2.0,2.0,0.0,0.0,2.0,,0.333,0.33,0.33,0.0,True,True,All-rounder
GMC Mol (NL),2008-2008,2008,2008,0,1,,,,-,,0,,,,,,,,,,,,,2008-2008,2008,2008,0,1,,,,,,-,,,,,,,,,,2008-2008,2008,2008,0,1,,,,,,,,,,,,True,True,All-rounder
GO Jones (ENG),2005-2006,2005,2006,1,2,2.0,1.0,33.0,19,19.0,0,33.0,25.0,132.0,0.0,0.0,0.0,5.0,0.0,16.5,0.0,0.0,72.6,2005-2006,2005,2006,1,2,,,,,,-,,,,,,,,,,2005-2006,2005,2006,1,2,2.0,2.0,2.0,0.0,2.0,0.0,,1.0,1.0,1.0,0.0,True,True,All-rounder
GP Meade (ITA),2019-2019,2019,2019,0,8,5.0,0.0,57.0,18,18.0,0,11.4,63.0,90.47,0.0,0.0,0.0,4.0,1.0,7.13,0.0,0.0,43.03,2019-2019,2019,2019,0,8,,,,,,-,,,,,,,,,,2019-2019,2019,2019,0,8,7.0,3.0,3.0,0.0,0.0,3.0,,0.428,0.38,0.38,0.0,True,True,All-rounder
GP Swann (ENG),2008-2012,2008,2012,4,39,16.0,11.0,104.0,34,34.0,0,20.8,89.0,116.85,0.0,0.0,2.0,9.0,1.0,2.67,0.0,0.0,59.22,2008-2012,2008,2012,4,39,38.0,135.0,4.0,859.0,51.0,Mar-13,16.84,6.36,15.8,0.0,0.0,1.31,0.16,0.96,0.0,2008-2012,2008,2012,4,39,39.0,5.0,5.0,0.0,0.0,5.0,,0.128,0.13,0.13,0.0,True,True,All-rounder
GR Russ (PHI),2019-2019,2019,2019,0,3,2.0,1.0,17.0,10,10.0,0,17.0,29.0,58.62,0.0,0.0,0.0,0.0,0.0,5.67,0.0,0.0,33.65,2019-2019,2019,2019,0,3,2.0,3.0,0.0,52.0,0.0,-,,17.33,,0.0,0.0,0.0,0.06,0.02,0.0,2019-2019,2019,2019,0,3,3.0,1.0,1.0,0.0,0.0,1.0,,0.333,0.33,0.33,0.0,True,True,All-rounder
GRD Munasinghe (ITA),2019-2019,2019,2019,0,8,4.0,1.0,5.0,4*,4.0,1,1.66,13.0,38.46,0.0,0.0,2.0,1.0,0.0,0.63,0.0,0.0,16.38,2019-2019,2019,2019,0,8,7.0,27.0,1.0,191.0,9.0,04-Nov,21.22,7.07,18.0,1.0,0.0,1.13,0.14,0.83,0.0,2019-2019,2019,2019,0,8,7.0,4.0,4.0,0.0,0.0,4.0,,0.571,0.5,0.5,0.0,True,True,All-rounder
GSNFG Jayasuriya (SL),2015-2019,2015,2019,4,16,14.0,0.0,225.0,40,40.0,0,16.07,203.0,110.83,0.0,0.0,0.0,17.0,8.0,14.06,0.0,0.0,53.97,2015-2019,2015,2019,4,16,10.0,21.5,0.0,202.0,3.0,01-Nov,67.33,9.25,43.6,0.0,0.0,0.19,0.11,0.16,0.0,2015-2019,2015,2019,4,16,16.0,3.0,3.0,0.0,0.0,3.0,,0.187,0.19,0.19,0.0,True,True,All-rounder
GT Main (SCOT),2015-2016,2015,2016,1,4,,,,-,,0,,,,,,,,,,,,,2015-2016,2015,2016,1,4,2.0,4.0,0.0,34.0,2.0,Jan-13,17.0,8.5,12.0,0.0,0.0,0.5,0.12,0.39,0.0,2015-2016,2015,2016,1,4,2.0,1.0,1.0,0.0,0.0,1.0,,0.5,0.25,0.25,0.0,True,True,All-rounder
GW Aldridge (NZ),2011-2011,2011,2011,0,1,,,,-,,0,,,,,,,,,,,,,2011-2011,2011,2011,0,1,1.0,4.0,0.0,45.0,1.0,Jan-45,45.0,11.25,24.0,0.0,0.0,1.0,0.09,0.73,0.0,2011-2011,2011,2011,0,1,1.0,1.0,1.0,0.0,0.0,1.0,,1.0,1.0,1.0,0.0,True,True,All-rounder
Garret Banner (Blz),2019-2019,2019,2019,0,1,,,,-,,0,,,,,,,,,,,,,2019-2019,2019,2019,0,1,,,,,,-,,,,,,,,,,2019-2019,2019,2019,0,1,1.0,0.0,0.0,0.0,0.0,0.0,0.0,0.0,0.0,0.0,0.0,True,True,All-rounder
Gershon Yusuf (NGA),2019-2019,2019,2019,0,1,1.0,0.0,0.0,0,0.0,0,0.0,1.0,0.0,0.0,0.0,1.0,0.0,0.0,,0.0,0.0,0.0,2019-2019,2019,2019,0,1,,,,,,-,,,,,,,,,,2019-2019,2019,2019,0,1,1.0,1.0,1.0,0.0,0.0,1.0,,1.0,1.0,1.0,0.0,True,True,All-rounder
Ghulam Shabber (UAE),2016-2019,2016,2019,3,17,14.0,3.0,208.0,58*,58.0,1,18.9,182.0,114.28,0.0,1.0,0.0,24.0,4.0,12.24,0.0,5.88,57.05,2016-2019,2016,2019,3,17,,,,,,-,,,,,,,,,,2016-2019,2016,2019,3,17,17.0,15.0,14.0,1.0,14.0,0.0,,0.882,0.82,0.88,0.06,True,True,All-rounder
Gulbadin Naib (AFG),2012-2019,2012,2019,7,45,37.0,10.0,472.0,56*,56.0,1,17.48,393.0,120.1,0.0,1.0,3.0,33.0,22.0,10.49,0.0,2.22,58.53,2012-2019,2012,2019,7,45,28.0,68.0,0.0,560.0,16.0,Feb-24,35.0,8.23,25.5,0.0,0.0,0.36,0.12,0.29,0.0,2012-2019,2012,2019,7,45,45.0,18.0,18.0,0.0,0.0,18.0,,0.4,0.4,0.4,0.0,True,True,All-rounder
H Dajc (Serb),2019-2019,2019,2019,0,2,2.0,1.0,2.0,2*,2.0,1,2.0,3.0,66.66,0.0,0.0,1.0,0.0,0.0,1.0,0.0,0.0,27.86,2019-2019,2019,2019,0,2,1.0,4.0,0.0,36.0,1.0,Jan-36,36.0,9.0,24.0,0.0,0.0,0.5,0.11,0.38,0.0,2019-2019,2019,2019,0,2,2.0,0.0,0.0,0.0,0.0,0.0,0.0,0.0,0.0,0.0,0.0,True,True,All-rounder
H Dandapani (Fin),2019-2019,2019,2019,0,5,3.0,2.0,8.0,5,5.0,0,8.0,15.0,53.33,0.0,0.0,0.0,0.0,0.0,1.6,0.0,0.0,26.13,2019-2019,2019,2019,0,5,5.0,15.0,0.0,90.0,5.0,02-Jun,18.0,6.0,18.0,0.0,0.0,1.0,0.17,0.75,0.0,2019-2019,2019,2019,0,5,5.0,1.0,1.0,0.0,0.0,1.0,,0.2,0.2,0.2,0.0,True,True,All-rounder
H Davids (SA),2012-2013,2012,2013,1,9,9.0,0.0,161.0,68,68.0,0,17.88,134.0,120.14,0.0,2.0,2.0,18.0,4.0,17.89,0.0,22.22,58.78,2012-2013,2012,2013,1,9,2.0,2.0,0.0,13.0,1.0,01-Jun,13.0,6.5,12.0,0.0,0.0,0.11,0.15,0.12,0.0,2012-2013,2012,2013,1,9,9.0,0.0,0.0,0.0,0.0,0.0,0.0,0.0,0.0,0.0,0.0,True,True,All-rounder
H Fennell (Arg),2019-2019,2019,2019,0,5,5.0,2.0,27.0,25*,25.0,1,9.0,23.0,117.39,0.0,0.0,3.0,4.0,1.0,5.4,0.0,0.0,52.36,2019-2019,2019,2019,0,5,5.0,12.0,1.0,57.0,8.0,04-Dec,7.12,4.75,9.0,1.0,0.0,1.6,0.21,1.18,0.0,2019-2019,2019,2019,0,5,5.0,0.0,0.0,0.0,0.0,0.0,0.0,0.0,0.0,0.0,0.0,True,True,All-rounder
H Gori (CZK-R),2019-2019,2019,2019,0,7,7.0,0.0,231.0,66,66.0,0,33.0,176.0,131.25,0.0,1.0,0.0,23.0,12.0,33.0,0.0,14.29,72.3,2019-2019,2019,2019,0,7,7.0,23.0,0.0,133.0,8.0,Mar-13,16.62,5.78,17.2,0.0,0.0,1.14,0.17,0.85,0.0,2019-2019,2019,2019,0,7,7.0,1.0,1.0,0.0,0.0,1.0,,0.142,0.14,0.14,0.0,True,True,All-rounder
H Helva (TKY),2019-2019,2019,2019,0,4,4.0,0.0,12.0,7,7.0,0,3.0,25.0,48.0,0.0,0.0,2.0,2.0,0.0,3.0,0.0,0.0,21.0,2019-2019,2019,2019,0,4,,,,,,-,,,,,,,,,,2019-2019,2019,2019,0,4,4.0,0.0,0.0,0.0,0.0,0.0,0.0,0.0,0.0,0.0,0.0,True,True,All-rounder
H Hiri (PNG),2016-2019,2016,2019,3,5,4.0,0.0,9.0,4,4.0,0,2.25,15.0,60.0,0.0,0.0,0.0,0.0,0.0,1.8,0.0,0.0,25.35,2016-2019,2016,2019,3,5,1.0,1.0,0.0,5.0,0.0,-,,5.0,,0.0,0.0,0.0,0.2,0.06,0.0,2016-2019,2016,2019,3,5,5.0,0.0,0.0,0.0,0.0,0.0,0.0,0.0,0.0,0.0,0.0,True,True,All-rounder
H Ivanov (),2019-2019,2019,2019,0,3,1.0,0.0,4.0,4,4.0,0,4.0,6.0,66.66,0.0,0.0,0.0,0.0,0.0,1.33,0.0,0.0,29.06,2019-2019,2019,2019,0,3,,,,,,-,,,,,,,,,,2019-2019,2019,2019,0,3,3.0,2.0,2.0,0.0,2.0,0.0,,0.666,0.67,0.67,0.0,True,True,All-rounder
H Klaasen (SA),2018-2019,2018,2019,1,9,9.0,2.0,156.0,69,69.0,0,22.28,107.0,145.79,0.0,1.0,0.0,8.0,11.0,17.33,0.0,11.11,71.68,2018-2019,2018,2019,1,9,,,,,,-,,,,,,,,,,2018-2019,2018,2019,1,9,9.0,8.0,8.0,0.0,5.0,3.0,,0.888,0.89,0.89,0.0,True,True,All-rounder
H Lakov (),2019-2019,2019,2019,0,3,3.0,0.0,65.0,28,28.0,0,21.66,62.0,104.83,0.0,0.0,0.0,5.0,0.0,21.67,0.0,0.0,54.93,2019-2019,2019,2019,0,3,3.0,12.0,1.0,72.0,1.0,Jan-23,72.0,6.0,72.0,0.0,0.0,0.33,0.17,0.28,0.0,2019-2019,2019,2019,0,3,3.0,1.0,1.0,0.0,0.0,1.0,,0.333,0.33,0.33,0.0,True,True,All-rounder
H Masakadza (ZIM),2006-2019,2006,2019,13,66,66.0,2.0,1662.0,93*,93.0,1,25.96,1418.0,117.2,0.0,11.0,1.0,151.0,65.0,25.18,0.0,16.67,62.46,2006-2019,2006,2019,13,66,9.0,12.0,0.0,113.0,2.0,01-Apr,56.5,9.41,36.0,0.0,0.0,0.03,0.11,0.05,0.0,2006-2019,2006,2019,13,66,66.0,25.0,25.0,0.0,0.0,25.0,,0.378,0.38,0.38,0.0,True,True,All-rounder
H Osinde (CAN),2008-2013,2008,2013,5,11,6.0,2.0,31.0,17,17.0,0,7.75,34.0,91.17,0.0,0.0,0.0,1.0,2.0,2.82,0.0,0.0,41.12,2008-2013,2008,2013,5,11,11.0,35.0,0.0,250.0,10.0,Mar-36,25.0,7.14,21.0,0.0,0.0,0.91,0.14,0.68,0.0,2008-2013,2008,2013,5,11,11.0,7.0,7.0,0.0,0.0,7.0,,0.636,0.64,0.64,0.0,True,True,All-rounder
H Patel (CAN),2010-2013,2010,2013,3,11,11.0,1.0,220.0,88*,88.0,1,22.0,218.0,100.91,0.0,1.0,2.0,19.0,2.0,20.0,0.0,9.09,53.56,2010-2013,2010,2013,3,11,5.0,9.5,0.0,83.0,2.0,Feb-23,41.5,8.44,29.5,0.0,0.0,0.18,0.12,0.16,0.0,2010-2013,2010,2013,3,11,11.0,3.0,3.0,0.0,0.0,3.0,,0.272,0.27,0.27,0.0,True,True,All-rounder
H Pragji (Botsw),2019-2019,2019,2019,0,4,4.0,1.0,38.0,30*,30.0,1,12.66,65.0,58.46,0.0,0.0,0.0,1.0,0.0,9.5,0.0,0.0,30.98,2019-2019,2019,2019,0,4,,,,,,-,,,,,,,,,,2019-2019,2019,2019,0,4,4.0,0.0,0.0,0.0,0.0,0.0,0.0,0.0,0.0,0.0,0.0,True,True,All-rounder
H Singh (GER),2019-2019,2019,2019,0,7,6.0,3.0,117.0,44*,44.0,1,39.0,102.0,114.7,0.0,0.0,0.0,6.0,3.0,16.71,0.0,0.0,69.28,2019-2019,2019,2019,0,7,,,,,,-,,,,,,,,,,2019-2019,2019,2019,0,7,7.0,0.0,0.0,0.0,0.0,0.0,0.0,0.0,0.0,0.0,0.0,True,True,All-rounder
H Srinivasan (GER),2019-2019,2019,2019,0,1,,,,-,,0,,,,,,,,,,,,,2019-2019,2019,2019,0,1,,,,,,-,,,,,,,,,,2019-2019,2019,2019,0,1,1.0,2.0,1.0,1.0,1.0,0.0,,2.0,1.0,2.0,1.0,True,True,All-rounder
H Ssenyondo (UGA),2019-2019,2019,2019,0,4,1.0,1.0,0.0,0*,0.0,1,,0.0,,0.0,0.0,0.0,0.0,0.0,,0.0,0.0,,2019-2019,2019,2019,0,4,3.0,10.0,0.0,48.0,3.0,Mar-14,16.0,4.8,20.0,0.0,0.0,0.75,0.21,0.59,0.0,2019-2019,2019,2019,0,4,4.0,0.0,0.0,0.0,0.0,0.0,0.0,0.0,0.0,0.0,0.0,True,True,All-rounder
H Thaker (CAN),2019-2019,2019,2019,0,1,1.0,0.0,11.0,11,11.0,0,11.0,9.0,122.22,0.0,0.0,0.0,0.0,1.0,11.0,0.0,0.0,55.49,2019-2019,2019,2019,0,1,,,,,,-,,,,,,,,,,2019-2019,2019,2019,0,1,1.0,0.0,0.0,0.0,0.0,0.0,0.0,0.0,0.0,0.0,0.0,True,True,All-rounder
HA Varaiya (KENYA),2007-2013,2007,2013,6,25,12.0,11.0,51.0,18*,18.0,1,51.0,81.0,62.96,0.0,0.0,0.0,1.0,0.0,2.04,0.0,0.0,55.78,2007-2013,2007,2013,6,25,24.0,77.2,2.0,461.0,18.0,02-Oct,25.61,5.96,25.7,0.0,0.0,0.72,0.17,0.55,0.0,2007-2013,2007,2013,6,25,25.0,12.0,12.0,0.0,0.0,12.0,,0.48,0.48,0.48,0.0,True,True,All-rounder
HAM Shah (DEN),2019-2019,2019,2019,0,9,8.0,0.0,172.0,40,40.0,0,21.5,168.0,102.38,0.0,0.0,0.0,18.0,2.0,19.11,0.0,0.0,53.85,2019-2019,2019,2019,0,9,4.0,10.0,0.0,86.0,5.0,Apr-23,17.2,8.6,12.0,1.0,0.0,0.56,0.12,0.42,0.0,2019-2019,2019,2019,0,9,7.0,6.0,6.0,0.0,0.0,6.0,,0.857,0.67,0.67,0.0,True,True,All-rounder
HB Kayondo (UGA),2019-2019,2019,2019,0,3,3.0,0.0,76.0,31,31.0,0,25.33,69.0,110.14,0.0,0.0,0.0,2.0,4.0,25.33,0.0,0.0,59.25,2019-2019,2019,2019,0,3,,,,,,-,,,,,,,,,,2019-2019,2019,2019,0,3,3.0,0.0,0.0,0.0,0.0,0.0,0.0,0.0,0.0,0.0,0.0,True,True,All-rounder
HC Overdijk (NL),2018-2019,2018,2019,1,4,1.0,0.0,13.0,13,13.0,0,13.0,7.0,185.71,0.0,0.0,0.0,2.0,0.0,3.25,0.0,0.0,82.08,2018-2019,2018,2019,1,4,3.0,8.0,0.0,72.0,3.0,Feb-23,24.0,9.0,16.0,0.0,0.0,0.75,0.11,0.56,0.0,2018-2019,2018,2019,1,4,3.0,2.0,2.0,0.0,0.0,2.0,,0.666,0.5,0.5,0.0,True,True,All-rounder
HD Rutherford (NZ),2013-2019,2013,2019,6,8,7.0,0.0,151.0,62,62.0,0,21.57,105.0,143.8,0.0,1.0,1.0,12.0,9.0,18.88,0.0,12.5,70.46,2013-2019,2013,2019,6,8,,,,,,-,,,,,,,,,,2013-2019,2013,2019,6,8,8.0,1.0,1.0,0.0,0.0,1.0,,0.125,0.13,0.13,0.0,True,True,All-rounder
HDRL Thirimanne (SL),2012-2016,2012,2016,4,26,20.0,2.0,291.0,44,44.0,0,16.16,267.0,108.98,0.0,0.0,1.0,27.0,5.0,11.19,0.0,0.0,53.29,2012-2016,2012,2016,4,26,,,,,,-,,,,,,,,,,2012-2016,2012,2016,4,26,26.0,8.0,8.0,0.0,0.0,8.0,,0.307,0.31,0.31,0.0,True,True,All-rounder
HE van der Dussen (SA),2018-2019,2018,2019,1,9,8.0,0.0,254.0,64,64.0,0,31.75,192.0,132.29,0.0,2.0,1.0,14.0,12.0,28.22,0.0,22.22,71.97,2018-2019,2018,2019,1,9,,,,,,-,,,,,,,,,,2018-2019,2018,2019,1,9,9.0,3.0,3.0,0.0,0.0,3.0,,0.333,0.33,0.33,0.0,True,True,All-rounder
HER Tyler (PHI),2019-2019,2019,2019,0,2,1.0,0.0,6.0,6,6.0,0,6.0,9.0,66.66,0.0,0.0,0.0,0.0,0.0,3.0,0.0,0.0,30.26,2019-2019,2019,2019,0,2,2.0,6.0,0.0,48.0,0.0,-,,8.0,,0.0,0.0,0.0,0.13,0.04,0.0,2019-2019,2019,2019,0,2,2.0,0.0,0.0,0.0,0.0,0.0,0.0,0.0,0.0,0.0,0.0,True,True,All-rounder
HF Gurney (ENG),2014-2014,2014,2014,0,2,,,,-,,0,,,,,,,,,,,,,2014-2014,2014,2014,0,2,2.0,8.0,0.0,55.0,3.0,Feb-26,18.33,6.87,16.0,0.0,0.0,1.5,0.15,1.09,0.0,2014-2014,2014,2014,0,2,2.0,0.0,0.0,0.0,0.0,0.0,0.0,0.0,0.0,0.0,0.0,True,True,All-rounder
HG Kuhn (SA),2009-2017,2009,2017,8,7,6.0,2.0,49.0,29,29.0,0,12.25,42.0,116.66,0.0,0.0,0.0,3.0,2.0,7.0,0.0,0.0,54.01,2009-2017,2009,2017,8,7,,,,,,-,,,,,,,,,,2009-2017,2009,2017,8,7,7.0,5.0,5.0,0.0,4.0,1.0,,0.714,0.71,0.71,0.0,True,True,All-rounder
HG Munsey (SCOT),2015-2019,2015,2019,4,38,36.0,3.0,987.0,127*,127.0,1,29.9,640.0,154.21,1.0,5.0,4.0,114.0,45.0,25.97,2.63,13.16,79.62,2015-2019,2015,2019,4,38,,,,,,-,,,,,,,,,,2015-2019,2015,2019,4,38,36.0,12.0,12.0,0.0,0.0,12.0,,0.333,0.32,0.32,0.0,True,True,All-rounder
HGJM Kulatunga (SL),2008-2008,2008,2008,0,2,2.0,0.0,19.0,11,11.0,0,9.5,38.0,50.0,0.0,0.0,0.0,0.0,0.0,9.5,0.0,0.0,25.7,2008-2008,2008,2008,0,2,,,,,,-,,,,,,,,,,2008-2008,2008,2008,0,2,2.0,2.0,2.0,0.0,0.0,2.0,,1.0,1.0,1.0,0.0,True,True,All-rounder
HH Banner (Blz),2019-2019,2019,2019,0,3,2.0,1.0,9.0,6,6.0,0,9.0,10.0,90.0,0.0,0.0,0.0,0.0,1.0,3.0,0.0,0.0,41.4,2019-2019,2019,2019,0,3,3.0,12.0,1.0,67.0,4.0,Feb-18,16.75,5.58,18.0,0.0,0.0,1.33,0.18,0.99,0.0,2019-2019,2019,2019,0,3,3.0,0.0,0.0,0.0,0.0,0.0,0.0,0.0,0.0,0.0,0.0,True,True,All-rounder
HH Dippenaar (SA),2006-2006,2006,2006,0,1,1.0,0.0,1.0,1,1.0,0,1.0,5.0,20.0,0.0,0.0,0.0,0.0,0.0,1.0,0.0,0.0,8.6,2006-2006,2006,2006,0,1,,,,,,-,,,,,,,,,,2006-2006,2006,2006,0,1,1.0,0.0,0.0,0.0,0.0,0.0,0.0,0.0,0.0,0.0,0.0,True,True,All-rounder
HH Gibbs (SA),2005-2010,2005,2010,5,23,23.0,1.0,400.0,90*,90.0,1,18.18,318.0,125.78,0.0,3.0,4.0,45.0,12.0,17.39,0.0,13.04,61.22,2005-2010,2005,2010,5,23,,,,,,-,,,,,,,,,,2005-2010,2005,2010,5,23,23.0,8.0,8.0,0.0,0.0,8.0,,0.347,0.35,0.35,0.0,True,True,All-rounder
HH Pandya (INDIA),2016-2019,2016,2019,3,40,25.0,6.0,310.0,33*,33.0,1,16.31,210.0,147.61,0.0,0.0,2.0,18.0,19.0,7.75,0.0,0.0,68.83,2016-2019,2016,2019,3,40,39.0,116.5,1.0,976.0,38.0,Apr-38,25.68,8.35,18.4,1.0,0.0,0.95,0.12,0.7,0.0,2016-2019,2016,2019,3,40,40.0,23.0,23.0,0.0,0.0,23.0,,0.575,0.58,0.58,0.0,True,True,All-rounder
HH Patel (MWI),2019-2019,2019,2019,0,7,6.0,1.0,137.0,44*,44.0,1,27.4,104.0,131.73,0.0,0.0,0.0,17.0,3.0,19.57,0.0,0.0,69.13,2019-2019,2019,2019,0,7,5.0,13.0,0.0,104.0,2.0,Feb-13,52.0,8.0,39.0,0.0,0.0,0.29,0.13,0.24,0.0,2019-2019,2019,2019,0,7,7.0,6.0,6.0,0.0,0.0,6.0,,0.857,0.86,0.86,0.0,True,True,All-rounder
HJ Jordaan (THAI),2019-2019,2019,2019,0,4,4.0,1.0,94.0,37*,37.0,1,31.33,107.0,87.85,0.0,0.0,0.0,8.0,0.0,23.5,0.0,0.0,53.94,2019-2019,2019,2019,0,4,,,,,,-,,,,,,,,,,2019-2019,2019,2019,0,4,4.0,0.0,0.0,0.0,0.0,0.0,0.0,0.0,0.0,0.0,0.0,True,True,All-rounder
HJC Mol (NL),2008-2008,2008,2008,0,4,1.0,0.0,0.0,0,0.0,0,0.0,1.0,0.0,0.0,0.0,1.0,0.0,0.0,,0.0,0.0,0.0,2008-2008,2008,2008,0,4,1.0,1.3,0.0,12.0,0.0,-,,8.0,,0.0,0.0,0.0,0.13,0.04,0.0,2008-2008,2008,2008,0,4,3.0,1.0,1.0,0.0,0.0,1.0,,0.333,0.25,0.25,0.0,True,True,All-rounder
HJH Marshall (NZ),2005-2006,2005,2006,1,3,3.0,0.0,12.0,8,8.0,0,4.0,14.0,85.71,0.0,0.0,0.0,0.0,0.0,4.0,0.0,0.0,36.68,2005-2006,2005,2006,1,3,,,,,,-,,,,,,,,,,2005-2006,2005,2006,1,3,3.0,1.0,1.0,0.0,0.0,1.0,,0.333,0.33,0.33,0.0,True,True,All-rounder
HL Carlyon (JER),2019-2019,2019,2019,0,9,8.0,0.0,156.0,50,50.0,0,19.5,131.0,119.08,0.0,1.0,1.0,21.0,3.0,17.33,0.0,11.11,59.33,2019-2019,2019,2019,0,9,3.0,6.0,0.0,42.0,3.0,Mar-15,14.0,7.0,12.0,0.0,0.0,0.33,0.14,0.28,0.0,2019-2019,2019,2019,0,9,9.0,0.0,0.0,0.0,0.0,0.0,0.0,0.0,0.0,0.0,0.0,True,True,All-rounder
HM Amla (SA/World),2009-2018,2009,2018,9,44,44.0,6.0,1277.0,97*,97.0,1,33.6,967.0,132.05,0.0,8.0,2.0,146.0,26.0,29.02,0.0,18.18,72.98,2009-2018,2009,2018,9,44,,,,,,-,,,,,,,,,,2009-2018,2009,2018,9,44,44.0,19.0,19.0,0.0,0.0,19.0,,0.431,0.43,0.43,0.0,True,True,All-rounder
HM Nicholls (NZ),2016-2019,2016,2019,3,5,4.0,0.0,19.0,7,7.0,0,4.75,28.0,67.85,0.0,0.0,0.0,2.0,0.0,3.8,0.0,0.0,29.99,2016-2019,2016,2019,3,5,,,,,,-,,,,,,,,,,2016-2019,2016,2019,3,5,5.0,0.0,0.0,0.0,0.0,0.0,0.0,0.0,0.0,0.0,0.0,True,True,All-rounder
HMCM Bandara (SL),2006-2009,2006,2009,3,4,3.0,1.0,12.0,7,7.0,0,6.0,15.0,80.0,0.0,0.0,0.0,0.0,0.0,3.0,0.0,0.0,35.6,2006-2009,2006,2009,3,4,4.0,14.0,0.0,96.0,4.0,Mar-32,24.0,6.85,21.0,0.0,0.0,1.0,0.15,0.74,0.0,2006-2009,2006,2009,3,4,4.0,1.0,1.0,0.0,0.0,1.0,,0.25,0.25,0.25,0.0,True,True,All-rounder
HMRKB Herath (SL),2011-2016,2011,2016,5,17,6.0,3.0,8.0,3,3.0,0,2.66,12.0,66.66,0.0,0.0,0.0,0.0,0.0,0.47,0.0,0.0,28.26,2011-2016,2011,2016,5,17,17.0,60.5,3.0,373.0,18.0,05-Mar,20.72,6.13,20.2,0.0,1.0,1.06,0.16,0.79,0.059,2011-2016,2011,2016,5,17,17.0,0.0,0.0,0.0,0.0,0.0,0.0,0.0,0.0,0.0,0.0,True,True,All-rounder
HN Ya France (NAM),2019-2019,2019,2019,0,6,3.0,0.0,18.0,13,13.0,0,6.0,20.0,90.0,0.0,0.0,1.0,1.0,1.0,3.0,0.0,0.0,39.6,2019-2019,2019,2019,0,6,6.0,13.0,0.0,82.0,2.0,01-Mar,41.0,6.3,39.0,0.0,0.0,0.33,0.16,0.28,0.0,2019-2019,2019,2019,0,6,6.0,1.0,1.0,0.0,0.0,1.0,,0.166,0.17,0.17,0.0,True,True,All-rounder
HR Walsh (USA/WI),2019-2019,2019,2019,0,13,9.0,1.0,128.0,28,28.0,0,16.0,129.0,99.22,0.0,0.0,0.0,8.0,3.0,9.85,0.0,0.0,49.29,2019-2019,2019,2019,0,13,11.0,32.5,0.0,257.0,10.0,Feb-21,25.7,7.82,19.7,0.0,0.0,0.77,0.13,0.58,0.0,2019-2019,2019,2019,0,13,13.0,3.0,3.0,0.0,0.0,3.0,,0.23,0.23,0.23,0.0,True,True,All-rounder
HS Alta (TKY),2019-2019,2019,2019,0,4,4.0,1.0,1.0,1*,1.0,1,0.33,10.0,10.0,0.0,0.0,3.0,0.0,0.0,0.25,0.0,0.0,4.2,2019-2019,2019,2019,0,4,,,,,,-,,,,,,,,,,2019-2019,2019,2019,0,4,4.0,0.0,0.0,0.0,0.0,0.0,0.0,0.0,0.0,0.0,0.0,True,True,All-rounder
HS Baidwan (CAN),2008-2013,2008,2013,5,17,11.0,2.0,54.0,21,21.0,0,6.0,52.0,103.84,0.0,0.0,4.0,4.0,1.0,3.18,0.0,0.0,45.14,2008-2013,2008,2013,5,17,17.0,53.5,1.0,411.0,27.0,Apr-19,15.22,7.63,11.9,1.0,0.0,1.59,0.13,1.15,0.0,2008-2013,2008,2013,5,17,17.0,7.0,7.0,0.0,0.0,7.0,,0.411,0.41,0.41,0.0,True,True,All-rounder
HT Tector (IRE),2019-2019,2019,2019,0,14,12.0,3.0,233.0,60,60.0,0,25.88,176.0,132.38,0.0,1.0,0.0,20.0,5.0,16.64,0.0,7.14,68.48,2019-2019,2019,2019,0,14,,,,,,-,,,,,,,,,,2019-2019,2019,2019,0,14,14.0,8.0,8.0,0.0,0.0,8.0,,0.571,0.57,0.57,0.0,True,True,All-rounder
Habib Ahmadzai (Aut),2019-2019,2019,2019,0,5,3.0,2.0,23.0,15*,15.0,1,23.0,29.0,79.31,0.0,0.0,0.0,2.0,1.0,4.6,0.0,0.0,45.52,2019-2019,2019,2019,0,5,5.0,14.0,1.0,96.0,7.0,04-Dec,13.71,6.85,12.0,1.0,0.0,1.4,0.15,1.02,0.0,2019-2019,2019,2019,0,5,5.0,2.0,2.0,0.0,0.0,2.0,,0.4,0.4,0.4,0.0,True,True,All-rounder
Hafez Farooq (Peru),2019-2019,2019,2019,0,4,4.0,0.0,69.0,24,24.0,0,17.25,68.0,101.47,0.0,0.0,0.0,7.0,2.0,17.25,0.0,0.0,50.94,2019-2019,2019,2019,0,4,1.0,2.0,0.0,14.0,2.0,Feb-14,7.0,7.0,6.0,0.0,0.0,0.5,0.14,0.39,0.0,2019-2019,2019,2019,0,4,4.0,1.0,1.0,0.0,0.0,1.0,,0.25,0.25,0.25,0.0,True,True,All-rounder
Hamid Hassan (AFG),2010-2016,2010,2016,6,22,9.0,6.0,50.0,22,22.0,0,16.66,46.0,108.69,0.0,0.0,0.0,3.0,2.0,2.27,0.0,0.0,53.47,2010-2016,2010,2016,6,22,22.0,79.4,2.0,523.0,32.0,Apr-22,16.34,6.56,14.9,1.0,0.0,1.45,0.15,1.06,0.0,2010-2016,2010,2016,6,22,22.0,2.0,2.0,0.0,0.0,2.0,,0.09,0.09,0.09,0.0,True,True,All-rounder
Hammad Azam (PAK),2012-2013,2012,2013,1,5,4.0,1.0,34.0,21,21.0,0,11.33,34.0,100.0,0.0,0.0,0.0,3.0,1.0,6.8,0.0,0.0,46.8,2012-2013,2012,2013,1,5,,,,,,-,,,,,,,,,,2012-2013,2012,2013,1,5,5.0,2.0,2.0,0.0,0.0,2.0,,0.4,0.4,0.4,0.0,True,True,All-rounder
Hamza Dar (ESP),2019-2019,2019,2019,0,1,1.0,0.0,8.0,8,8.0,0,8.0,6.0,133.33,0.0,0.0,0.0,1.0,0.0,8.0,0.0,0.0,58.13,2019-2019,2019,2019,0,1,1.0,2.0,0.0,22.0,0.0,-,,11.0,,0.0,0.0,0.0,0.09,0.03,0.0,2019-2019,2019,2019,0,1,1.0,1.0,1.0,0.0,0.0,1.0,,1.0,1.0,1.0,0.0,True,True,All-rounder
Hamza Tahir (SCOT),2018-2019,2018,2019,1,11,,,,-,,0,,,,,,,,,,,,,2018-2019,2018,2019,1,11,11.0,43.0,1.0,352.0,18.0,Apr-30,19.55,8.18,14.3,1.0,0.0,1.64,0.12,1.18,0.0,2018-2019,2018,2019,1,11,11.0,4.0,4.0,0.0,0.0,4.0,,0.363,0.36,0.36,0.0,True,True,All-rounder
Hamza Tariq (CAN),2013-2019,2013,2019,6,15,11.0,1.0,100.0,33,33.0,0,10.0,82.0,121.95,0.0,0.0,2.0,4.0,5.0,6.67,0.0,0.0,54.78,2013-2019,2013,2019,6,15,,,,,,-,,,,,,,,,,2013-2019,2013,2019,6,15,15.0,16.0,12.0,4.0,12.0,0.0,,1.066,0.8,1.07,0.27,True,True,All-rounder
Harbhajan Singh (INDIA),2006-2016,2006,2016,10,28,13.0,5.0,108.0,21,21.0,0,13.5,87.0,124.13,0.0,0.0,1.0,11.0,4.0,3.86,0.0,0.0,57.75,2006-2016,2006,2016,10,28,27.0,102.0,5.0,633.0,25.0,04-Dec,25.32,6.2,24.4,1.0,0.0,0.89,0.16,0.67,0.0,2006-2016,2006,2016,10,28,27.0,7.0,7.0,0.0,0.0,7.0,,0.259,0.25,0.25,0.0,True,True,All-rounder
Hardev Singh (Chile),2019-2019,2019,2019,0,3,3.0,0.0,23.0,17,17.0,0,7.66,48.0,47.91,0.0,0.0,0.0,1.0,0.0,7.67,0.0,0.0,23.76,2019-2019,2019,2019,0,3,1.0,1.0,0.0,12.0,1.0,01-Dec,12.0,12.0,6.0,0.0,0.0,0.33,0.08,0.26,0.0,2019-2019,2019,2019,0,3,3.0,0.0,0.0,0.0,0.0,0.0,0.0,0.0,0.0,0.0,0.0,True,True,All-rounder
Haris Sohail (PAK),2013-2019,2013,2019,6,14,13.0,2.0,210.0,52,52.0,0,19.09,204.0,102.94,0.0,2.0,1.0,16.0,3.0,15.0,0.0,14.29,52.63,2013-2019,2013,2019,6,14,,,,,,-,,,,,,,,,,2013-2019,2013,2019,6,14,14.0,3.0,3.0,0.0,0.0,3.0,,0.214,0.21,0.21,0.0,True,True,All-rounder
Haroon Arshad (HKG),2019-2019,2019,2019,0,10,10.0,3.0,211.0,68,68.0,0,30.14,154.0,137.01,0.0,1.0,0.0,15.0,7.0,21.1,0.0,10.0,72.89,2019-2019,2019,2019,0,10,8.0,13.5,0.0,108.0,1.0,01-Apr,108.0,7.8,83.0,0.0,0.0,0.1,0.13,0.11,0.0,2019-2019,2019,2019,0,10,10.0,0.0,0.0,0.0,0.0,0.0,0.0,0.0,0.0,0.0,0.0,True,True,All-rounder
Haroon Mughal (MALTA),2019-2019,2019,2019,0,4,4.0,0.0,72.0,31,31.0,0,18.0,65.0,110.76,0.0,0.0,0.0,6.0,1.0,18.0,0.0,0.0,55.1,2019-2019,2019,2019,0,4,2.0,3.0,0.0,31.0,1.0,Jan-17,31.0,10.33,18.0,0.0,0.0,0.25,0.1,0.2,0.0,2019-2019,2019,2019,0,4,4.0,0.0,0.0,0.0,0.0,0.0,0.0,0.0,0.0,0.0,0.0,True,True,All-rounder
Hasan Ali (PAK),2016-2019,2016,2019,3,30,10.0,5.0,61.0,23,23.0,0,12.2,35.0,174.28,0.0,0.0,2.0,3.0,5.0,2.03,0.0,0.0,77.03,2016-2019,2016,2019,3,30,30.0,103.3,3.0,877.0,35.0,Mar-23,25.05,8.47,17.7,0.0,0.0,1.17,0.12,0.85,0.0,2016-2019,2016,2019,3,30,30.0,7.0,7.0,0.0,0.0,7.0,,0.233,0.23,0.23,0.0,True,True,All-rounder
Haseeb Amjad (HKG),2014-2016,2014,2016,2,18,10.0,6.0,45.0,12*,12.0,1,11.25,45.0,100.0,0.0,0.0,0.0,3.0,1.0,2.5,0.0,0.0,46.75,2014-2016,2014,2016,2,18,18.0,61.2,3.0,453.0,24.0,Apr-16,18.87,7.38,15.3,1.0,0.0,1.33,0.14,0.97,0.0,2014-2016,2014,2016,2,18,18.0,2.0,2.0,0.0,0.0,2.0,,0.111,0.11,0.11,0.0,True,True,All-rounder
Hasheem Shahzad (MALTA),2019-2019,2019,2019,0,2,2.0,0.0,5.0,5,5.0,0,2.5,9.0,55.55,0.0,0.0,1.0,1.0,0.0,2.5,0.0,0.0,23.72,2019-2019,2019,2019,0,2,1.0,4.0,0.0,32.0,0.0,-,,8.0,,0.0,0.0,0.0,0.13,0.04,0.0,2019-2019,2019,2019,0,2,2.0,0.0,0.0,0.0,0.0,0.0,0.0,0.0,0.0,0.0,0.0,True,True,All-rounder
Hashmatullah Shahidi (AFG),2013-2013,2013,2013,0,1,1.0,1.0,1.0,1*,1.0,1,,1.0,100.0,0.0,0.0,0.0,0.0,0.0,1.0,0.0,0.0,,2013-2013,2013,2013,0,1,,,,,,-,,,,,,,,,,2013-2013,2013,2013,0,1,1.0,0.0,0.0,0.0,0.0,0.0,0.0,0.0,0.0,0.0,0.0,True,True,All-rounder
Hassan Rasheed (Mald),2019-2019,2019,2019,0,8,7.0,0.0,72.0,22,22.0,0,10.28,100.0,72.0,0.0,0.0,0.0,4.0,1.0,9.0,0.0,0.0,34.97,2019-2019,2019,2019,0,8,,,,,,-,,,,,,,,,,2019-2019,2019,2019,0,8,8.0,0.0,0.0,0.0,0.0,0.0,0.0,0.0,0.0,0.0,0.0,True,True,All-rounder
Hayatullah Niazi (NOR),2019-2019,2019,2019,0,4,4.0,1.0,59.0,27,27.0,0,19.66,47.0,125.53,0.0,0.0,0.0,3.0,3.0,14.75,0.0,0.0,62.01,2019-2019,2019,2019,0,4,4.0,10.0,0.0,81.0,3.0,Jan-19,27.0,8.1,20.0,0.0,0.0,0.75,0.12,0.56,0.0,2019-2019,2019,2019,0,4,4.0,0.0,0.0,0.0,0.0,0.0,0.0,0.0,0.0,0.0,0.0,True,True,All-rounder
Hazratullah Zazai (AFG),2016-2019,2016,2019,3,13,13.0,1.0,519.0,162*,162.0,1,43.25,319.0,162.69,1.0,2.0,1.0,46.0,37.0,39.92,7.69,15.38,91.03,2016-2019,2016,2019,3,13,,,,,,-,,,,,,,,,,2016-2019,2016,2019,3,13,13.0,2.0,2.0,0.0,0.0,2.0,,0.153,0.15,0.15,0.0,True,True,All-rounder
Hilal Ahmad (CZK-R),2019-2019,2019,2019,0,7,7.0,2.0,67.0,30,30.0,0,13.4,59.0,113.55,0.0,0.0,0.0,6.0,1.0,9.57,0.0,0.0,53.46,2019-2019,2019,2019,0,7,,,,,,-,,,,,,,,,,2019-2019,2019,2019,0,7,7.0,5.0,5.0,0.0,5.0,0.0,,0.714,0.71,0.71,0.0,True,True,All-rounder
Hirenkumar Patel (Chile),2019-2019,2019,2019,0,4,4.0,0.0,74.0,22,22.0,0,18.5,82.0,90.24,0.0,0.0,0.0,9.0,1.0,18.5,0.0,0.0,47.2,2019-2019,2019,2019,0,4,4.0,15.0,0.0,82.0,7.0,Apr-21,11.71,5.46,12.8,1.0,0.0,1.75,0.18,1.28,0.0,2019-2019,2019,2019,0,4,4.0,2.0,2.0,0.0,0.0,2.0,,0.5,0.5,0.5,0.0,True,True,All-rounder
Hussain Talat (PAK),2018-2019,2018,2019,1,14,14.0,1.0,371.0,63,63.0,0,28.53,309.0,120.06,0.0,2.0,1.0,35.0,5.0,26.5,0.0,14.29,65.14,2018-2019,2018,2019,1,14,6.0,6.0,0.0,54.0,4.0,02-Dec,13.5,9.0,9.0,0.0,0.0,0.29,0.11,0.23,0.0,2018-2019,2018,2019,1,14,14.0,4.0,4.0,0.0,0.0,4.0,,0.285,0.29,0.29,0.0,True,True,All-rounder
I Civric (Serb),2019-2019,2019,2019,0,1,1.0,0.0,0.0,0,0.0,0,0.0,1.0,0.0,0.0,0.0,1.0,0.0,0.0,,0.0,0.0,0.0,2019-2019,2019,2019,0,1,,,,,,-,,,,,,,,,,2019-2019,2019,2019,0,1,1.0,0.0,0.0,0.0,0.0,0.0,0.0,0.0,0.0,0.0,0.0,True,True,All-rounder
I Danladi (NGA),2019-2019,2019,2019,0,3,2.0,0.0,37.0,37,37.0,0,18.5,38.0,97.36,0.0,0.0,1.0,4.0,1.0,12.33,0.0,0.0,50.04,2019-2019,2019,2019,0,3,3.0,9.0,0.0,52.0,4.0,02-Oct,13.0,5.77,13.5,0.0,0.0,1.33,0.17,0.99,0.0,2019-2019,2019,2019,0,3,3.0,0.0,0.0,0.0,0.0,0.0,0.0,0.0,0.0,0.0,0.0,True,True,All-rounder
I Katzarski (),2019-2019,2019,2019,0,3,2.0,0.0,5.0,3,3.0,0,2.5,12.0,41.66,0.0,0.0,0.0,0.0,0.0,1.67,0.0,0.0,18.16,2019-2019,2019,2019,0,3,,,,,,-,,,,,,,,,,2019-2019,2019,2019,0,3,3.0,3.0,3.0,0.0,0.0,3.0,,1.0,1.0,1.0,0.0,True,True,All-rounder
I Lisboa (Chile),2019-2019,2019,2019,0,1,1.0,0.0,2.0,2,2.0,0,2.0,3.0,66.66,0.0,0.0,0.0,0.0,0.0,2.0,0.0,0.0,27.86,2019-2019,2019,2019,0,1,1.0,2.0,0.0,17.0,0.0,-,,8.5,,0.0,0.0,0.0,0.12,0.04,0.0,2019-2019,2019,2019,0,1,1.0,0.0,0.0,0.0,0.0,0.0,0.0,0.0,0.0,0.0,0.0,True,True,All-rounder
I Master (Botsw),2019-2019,2019,2019,0,2,2.0,0.0,6.0,4,4.0,0,3.0,8.0,75.0,0.0,0.0,0.0,1.0,0.0,3.0,0.0,0.0,31.8,2019-2019,2019,2019,0,2,,,,,,-,,,,,,,,,,2019-2019,2019,2019,0,2,2.0,1.0,1.0,0.0,0.0,1.0,,0.5,0.5,0.5,0.0,True,True,All-rounder
I Pandey (NEPAL),2019-2019,2019,2019,0,4,4.0,0.0,33.0,22,22.0,0,8.25,50.0,66.0,0.0,0.0,0.0,5.0,0.0,8.25,0.0,0.0,31.35,2019-2019,2019,2019,0,4,,,,,,-,,,,,,,,,,2019-2019,2019,2019,0,4,4.0,1.0,1.0,0.0,0.0,1.0,,0.25,0.25,0.25,0.0,True,True,All-rounder
I Sawmy (DEN),2019-2019,2019,2019,0,2,2.0,1.0,0.0,0*,0.0,1,0.0,2.0,0.0,0.0,0.0,1.0,0.0,0.0,,0.0,0.0,0.0,2019-2019,2019,2019,0,2,1.0,3.0,0.0,12.0,1.0,01-Dec,12.0,4.0,18.0,0.0,0.0,0.5,0.25,0.43,0.0,2019-2019,2019,2019,0,2,2.0,1.0,1.0,0.0,0.0,1.0,,0.5,0.5,0.5,0.0,True,True,All-rounder
I Sharma (INDIA),2008-2013,2008,2013,5,14,3.0,2.0,8.0,5*,5.0,1,8.0,9.0,88.88,0.0,0.0,1.0,1.0,0.0,0.57,0.0,0.0,40.35,2008-2013,2008,2013,5,14,14.0,46.2,0.0,400.0,8.0,Feb-34,50.0,8.63,34.7,0.0,0.0,0.57,0.12,0.43,0.0,2008-2013,2008,2013,5,14,14.0,4.0,4.0,0.0,0.0,4.0,,0.285,0.29,0.29,0.0,True,True,All-rounder
I Udana (SL),2009-2019,2009,2019,10,27,19.0,9.0,226.0,84*,84.0,1,22.6,152.0,148.68,0.0,1.0,2.0,15.0,13.0,8.37,0.0,3.7,73.03,2009-2019,2009,2019,10,27,26.0,85.1,1.0,725.0,23.0,03-Nov,31.52,8.51,22.2,0.0,0.0,0.85,0.12,0.63,0.0,2009-2019,2009,2019,10,27,27.0,4.0,4.0,0.0,0.0,4.0,,0.148,0.15,0.15,0.0,True,True,All-rounder
I Wardlaw (SCOT),2013-2013,2013,2013,0,4,1.0,0.0,1.0,1,1.0,0,1.0,3.0,33.33,0.0,0.0,0.0,0.0,0.0,0.25,0.0,0.0,13.93,2013-2013,2013,2013,0,4,4.0,16.0,1.0,145.0,9.0,Mar-40,16.11,9.06,10.6,0.0,0.0,2.25,0.11,1.61,0.0,2013-2013,2013,2013,0,4,4.0,0.0,0.0,0.0,0.0,0.0,0.0,0.0,0.0,0.0,0.0,True,True,All-rounder
IA Karim (KENYA),2013-2019,2013,2019,6,16,16.0,3.0,286.0,71*,71.0,1,22.0,299.0,95.65,0.0,2.0,2.0,30.0,2.0,17.88,0.0,12.5,51.46,2013-2019,2013,2019,6,16,,,,,,-,,,,,,,,,,2013-2019,2013,2019,6,16,16.0,14.0,11.0,3.0,9.0,2.0,,0.875,0.69,0.88,0.19,True,True,All-rounder
IDR Bradshaw (WI),2006-2006,2006,2006,0,1,1.0,1.0,0.0,0*,0.0,1,,0.0,,0.0,0.0,0.0,0.0,0.0,,0.0,0.0,,2006-2006,2006,2006,0,1,1.0,4.0,0.0,22.0,0.0,-,,5.5,,0.0,0.0,0.0,0.18,0.05,0.0,2006-2006,2006,2006,0,1,1.0,1.0,1.0,0.0,0.0,1.0,,1.0,1.0,1.0,0.0,True,True,All-rounder
IE O'Brien (NZ),2009-2009,2009,2009,0,4,,,,-,,0,,,,,,,,,,,,,2009-2009,2009,2009,0,4,4.0,13.0,0.0,116.0,6.0,Feb-30,19.33,8.92,13.0,0.0,0.0,1.5,0.11,1.08,0.0,2009-2009,2009,2009,0,4,4.0,0.0,0.0,0.0,0.0,0.0,0.0,0.0,0.0,0.0,0.0,True,True,All-rounder
IG Butler (NZ),2009-2013,2009,2013,4,19,6.0,5.0,5.0,2*,2.0,1,5.0,10.0,50.0,0.0,0.0,0.0,0.0,0.0,0.26,0.0,0.0,23.0,2009-2013,2009,2013,4,19,18.0,59.4,1.0,481.0,23.0,Mar-19,20.91,8.06,15.5,0.0,0.0,1.21,0.12,0.88,0.0,2009-2013,2009,2013,4,19,19.0,3.0,3.0,0.0,0.0,3.0,,0.157,0.16,0.16,0.0,True,True,All-rounder
IH Romaine (BMUDA),2008-2008,2008,2008,0,2,2.0,0.0,9.0,8,8.0,0,4.5,20.0,45.0,0.0,0.0,0.0,0.0,0.0,4.5,0.0,0.0,20.7,2008-2008,2008,2008,0,2,2.0,3.4,0.0,21.0,2.0,02-Feb,10.5,5.72,11.0,0.0,0.0,1.0,0.17,0.75,0.0,2008-2008,2008,2008,0,2,2.0,1.0,1.0,0.0,0.0,1.0,,0.5,0.5,0.5,0.0,True,True,All-rounder
IJL Trott (ENG),2007-2010,2007,2010,3,7,7.0,1.0,138.0,51,51.0,0,23.0,144.0,95.83,0.0,1.0,0.0,9.0,3.0,19.71,0.0,14.29,52.13,2007-2010,2007,2010,3,7,,,,,,-,,,,,,,,,,2007-2010,2007,2010,3,7,7.0,0.0,0.0,0.0,0.0,0.0,0.0,0.0,0.0,0.0,0.0,True,True,All-rounder
IK Pathan (INDIA),2006-2012,2006,2012,6,24,14.0,7.0,172.0,33*,33.0,1,24.57,144.0,119.44,0.0,0.0,0.0,9.0,7.0,7.17,0.0,0.0,62.52,2006-2012,2006,2012,6,24,23.0,77.0,1.0,618.0,28.0,Mar-16,22.07,8.02,16.5,0.0,0.0,1.17,0.12,0.85,0.0,2006-2012,2006,2012,6,24,23.0,2.0,2.0,0.0,0.0,2.0,,0.086,0.08,0.08,0.0,True,True,All-rounder
IKO Aboagye (Ghana),2019-2019,2019,2019,0,4,4.0,0.0,16.0,7,7.0,0,4.0,37.0,43.24,0.0,0.0,1.0,0.0,0.0,4.0,0.0,0.0,19.7,2019-2019,2019,2019,0,4,4.0,14.0,0.0,83.0,6.0,Mar-26,13.83,5.92,14.0,0.0,0.0,1.5,0.17,1.1,0.0,2019-2019,2019,2019,0,4,4.0,2.0,2.0,0.0,0.0,2.0,,0.5,0.5,0.5,0.0,True,True,All-rounder
IO Okpe (NGA),2019-2019,2019,2019,0,8,8.0,0.0,84.0,19,19.0,0,10.5,109.0,77.06,0.0,0.0,0.0,2.0,2.0,10.5,0.0,0.0,37.12,2019-2019,2019,2019,0,8,8.0,20.5,1.0,188.0,6.0,Feb-17,31.33,9.02,20.8,0.0,0.0,0.75,0.11,0.56,0.0,2019-2019,2019,2019,0,8,8.0,1.0,1.0,0.0,0.0,1.0,,0.125,0.13,0.13,0.0,True,True,All-rounder
IR Bell (ENG),2006-2014,2006,2014,8,8,8.0,1.0,188.0,60*,60.0,1,26.85,163.0,115.33,0.0,1.0,0.0,23.0,2.0,23.5,0.0,12.5,62.24,2006-2014,2006,2014,8,8,,,,,,-,,,,,,,,,,2006-2014,2006,2014,8,8,8.0,4.0,4.0,0.0,0.0,4.0,,0.5,0.5,0.5,0.0,True,True,All-rounder
IS Billcliff (CAN),2010-2010,2010,2010,0,2,2.0,0.0,51.0,37,37.0,0,25.5,39.0,130.76,0.0,0.0,0.0,3.0,2.0,25.5,0.0,0.0,67.6,2010-2010,2010,2010,0,2,,,,,,-,,,,,,,,,,2010-2010,2010,2010,0,2,2.0,0.0,0.0,0.0,0.0,0.0,0.0,0.0,0.0,0.0,0.0,True,True,All-rounder
IS Sodhi (NZ),2014-2019,2014,2019,5,40,7.0,3.0,59.0,15,15.0,0,14.75,56.0,105.35,0.0,0.0,1.0,4.0,3.0,1.48,0.0,0.0,50.99,2014-2019,2014,2019,5,40,39.0,138.3,0.0,1131.0,47.0,Mar-18,24.06,8.16,17.6,0.0,0.0,1.18,0.12,0.86,0.0,2014-2019,2014,2019,5,40,39.0,9.0,9.0,0.0,0.0,9.0,,0.23,0.23,0.23,0.0,True,True,All-rounder
Ibrahim Hassan (Mald),2019-2019,2019,2019,0,11,7.0,2.0,19.0,12*,12.0,1,3.8,41.0,46.34,0.0,0.0,3.0,0.0,0.0,1.73,0.0,0.0,20.82,2019-2019,2019,2019,0,11,11.0,35.5,1.0,291.0,12.0,May-24,24.25,8.12,17.9,0.0,1.0,1.09,0.12,0.8,0.091,2019-2019,2019,2019,0,11,11.0,5.0,5.0,0.0,0.0,5.0,,0.454,0.45,0.45,0.0,True,True,All-rounder
Ibrahim Khan (Saudi),2019-2019,2019,2019,0,1,,,,-,,0,,,,,,,,,,,,,2019-2019,2019,2019,0,1,1.0,2.0,0.0,17.0,0.0,-,,8.5,,0.0,0.0,0.0,0.12,0.04,0.0,2019-2019,2019,2019,0,1,1.0,0.0,0.0,0.0,0.0,0.0,0.0,0.0,0.0,0.0,0.0,True,True,All-rounder
Ibrahim Nashath (Mald),2019-2019,2019,2019,0,3,2.0,1.0,3.0,3*,3.0,1,3.0,5.0,60.0,0.0,0.0,1.0,0.0,0.0,1.0,0.0,0.0,25.8,2019-2019,2019,2019,0,3,2.0,4.0,0.0,48.0,0.0,-,,12.0,,0.0,0.0,0.0,0.08,0.03,0.0,2019-2019,2019,2019,0,3,3.0,1.0,1.0,0.0,0.0,1.0,,0.333,0.33,0.33,0.0,True,True,All-rounder
Ibrahim Rizan (Mald),2019-2019,2019,2019,0,5,3.0,1.0,4.0,3,3.0,0,2.0,14.0,28.57,0.0,0.0,0.0,0.0,0.0,0.8,0.0,0.0,12.63,2019-2019,2019,2019,0,5,4.0,8.1,0.0,63.0,1.0,Jan-22,63.0,7.71,49.0,0.0,0.0,0.2,0.13,0.18,0.0,2019-2019,2019,2019,0,5,5.0,1.0,1.0,0.0,0.0,1.0,,0.2,0.2,0.2,0.0,True,True,All-rounder
Ibrahim Zadran (AFG),2019-2019,2019,2019,0,3,3.0,0.0,14.0,11,11.0,0,4.66,26.0,53.84,0.0,0.0,0.0,0.0,1.0,4.67,0.0,0.0,24.33,2019-2019,2019,2019,0,3,,,,,,-,,,,,,,,,,2019-2019,2019,2019,0,3,3.0,1.0,1.0,0.0,0.0,1.0,,0.333,0.33,0.33,0.0,True,True,All-rounder
Ibrarul Haq (Saudi),2019-2019,2019,2019,0,5,4.0,0.0,69.0,49,49.0,0,17.25,47.0,146.8,0.0,0.0,1.0,6.0,4.0,13.8,0.0,0.0,69.07,2019-2019,2019,2019,0,5,5.0,17.0,0.0,116.0,7.0,Mar-28,16.57,6.82,14.5,0.0,0.0,1.4,0.15,1.02,0.0,2019-2019,2019,2019,0,5,5.0,3.0,3.0,0.0,0.0,3.0,,0.6,0.6,0.6,0.0,True,True,All-rounder
Iftikhar Ahmed (PAK),2016-2019,2016,2019,3,6,6.0,4.0,150.0,62*,62.0,1,75.0,104.0,144.23,0.0,1.0,0.0,14.0,4.0,25.0,0.0,16.67,102.69,2016-2019,2016,2019,3,6,1.0,1.0,0.0,7.0,0.0,-,,7.0,,0.0,0.0,0.0,0.14,0.04,0.0,2016-2019,2016,2019,3,6,6.0,1.0,1.0,0.0,0.0,1.0,,0.166,0.17,0.17,0.0,True,True,All-rounder
Iftikhar Anjum (PAK),2007-2009,2007,2009,2,2,,,,-,,0,,,,,,,,,,,,,2007-2009,2007,2009,2,2,2.0,8.0,0.0,67.0,1.0,Jan-34,67.0,8.37,48.0,0.0,0.0,0.5,0.12,0.39,0.0,2007-2009,2007,2009,2,2,2.0,0.0,0.0,0.0,0.0,0.0,0.0,0.0,0.0,0.0,0.0,True,True,All-rounder
Ijaz Hussain (ROM),2019-2019,2019,2019,0,3,3.0,0.0,80.0,40,40.0,0,26.66,76.0,105.26,0.0,0.0,0.0,7.0,6.0,26.67,0.0,0.0,58.1,2019-2019,2019,2019,0,3,3.0,9.5,0.0,89.0,3.0,Feb-19,29.66,9.05,19.6,0.0,0.0,1.0,0.11,0.73,0.0,2019-2019,2019,2019,0,3,3.0,0.0,0.0,0.0,0.0,0.0,0.0,0.0,0.0,0.0,0.0,True,True,All-rounder
Ilyas Ahmed (KUW),2019-2019,2019,2019,0,6,3.0,2.0,2.0,1*,1.0,1,2.0,3.0,66.66,0.0,0.0,0.0,0.0,0.0,0.33,0.0,0.0,27.86,2019-2019,2019,2019,0,6,6.0,21.0,0.0,160.0,9.0,Mar-17,17.77,7.61,14.0,0.0,0.0,1.5,0.13,1.09,0.0,2019-2019,2019,2019,0,6,6.0,1.0,1.0,0.0,0.0,1.0,,0.166,0.17,0.17,0.0,True,True,All-rounder
Imad Wasim (PAK),2015-2019,2015,2019,4,41,29.0,9.0,261.0,47,47.0,0,13.05,180.0,145.0,0.0,0.0,6.0,28.0,7.0,6.37,0.0,0.0,65.83,2015-2019,2015,2019,4,41,40.0,147.0,3.0,877.0,42.0,May-14,20.88,5.96,21.0,1.0,1.0,1.02,0.17,0.77,0.024,2015-2019,2015,2019,4,41,41.0,14.0,14.0,0.0,0.0,14.0,,0.341,0.34,0.34,0.0,True,True,All-rounder
Imam-ul-Haq (PAK),2019-2019,2019,2019,0,2,2.0,0.0,21.0,14,14.0,0,10.5,25.0,84.0,0.0,0.0,0.0,2.0,0.0,10.5,0.0,0.0,39.9,2019-2019,2019,2019,0,2,,,,,,-,,,,,,,,,,2019-2019,2019,2019,0,2,2.0,0.0,0.0,0.0,0.0,0.0,0.0,0.0,0.0,0.0,0.0,True,True,All-rounder
Imran Ali (KUW),2019-2019,2019,2019,0,4,2.0,1.0,5.0,5*,5.0,1,5.0,6.0,83.33,0.0,0.0,1.0,0.0,0.0,1.25,0.0,0.0,36.33,2019-2019,2019,2019,0,4,4.0,15.0,0.0,136.0,7.0,Mar-16,19.42,9.06,12.8,0.0,0.0,1.75,0.11,1.26,0.0,2019-2019,2019,2019,0,4,4.0,2.0,2.0,0.0,0.0,2.0,,0.5,0.5,0.5,0.0,True,True,All-rounder
Imran Ali Butt (BAH),2019-2019,2019,2019,0,4,4.0,0.0,111.0,58,58.0,0,27.75,101.0,109.9,0.0,2.0,2.0,5.0,6.0,27.75,0.0,50.0,60.61,2019-2019,2019,2019,0,4,,,,,,-,,,,,,,,,,2019-2019,2019,2019,0,4,4.0,0.0,0.0,0.0,0.0,0.0,0.0,0.0,0.0,0.0,0.0,True,True,All-rounder
Imran Anwar (BAH),2019-2019,2019,2019,0,4,2.0,1.0,23.0,16*,16.0,1,23.0,22.0,104.54,0.0,0.0,0.0,2.0,0.0,5.75,0.0,0.0,55.62,2019-2019,2019,2019,0,4,4.0,16.0,0.0,134.0,5.0,Feb-24,26.8,8.37,19.2,0.0,0.0,1.25,0.12,0.91,0.0,2019-2019,2019,2019,0,4,4.0,2.0,2.0,0.0,0.0,2.0,,0.5,0.5,0.5,0.0,True,True,All-rounder
Imran Ashraf (QAT),2019-2019,2019,2019,0,3,,,,-,,0,,,,,,,,,,,,,2019-2019,2019,2019,0,3,3.0,9.0,0.0,78.0,2.0,Feb-23,39.0,8.66,27.0,0.0,0.0,0.67,0.12,0.5,0.0,2019-2019,2019,2019,0,3,3.0,1.0,1.0,0.0,0.0,1.0,,0.333,0.33,0.33,0.0,True,True,All-rounder
Imran Bulbulia (PNM),2019-2019,2019,2019,0,3,3.0,0.0,40.0,32,32.0,0,13.33,42.0,95.23,0.0,0.0,1.0,4.0,1.0,13.33,0.0,0.0,46.09,2019-2019,2019,2019,0,3,3.0,10.0,0.0,59.0,4.0,Feb-20,14.75,5.9,15.0,0.0,0.0,1.33,0.17,0.98,0.0,2019-2019,2019,2019,0,3,3.0,0.0,0.0,0.0,0.0,0.0,0.0,0.0,0.0,0.0,0.0,True,True,All-rounder
Imran Farhat (PAK),2010-2011,2010,2011,1,7,7.0,0.0,76.0,19,19.0,0,10.85,70.0,108.57,0.0,0.0,1.0,14.0,0.0,10.86,0.0,0.0,49.94,2010-2011,2010,2011,1,7,,,,,,-,,,,,,,,,,2010-2011,2010,2011,1,7,7.0,3.0,3.0,0.0,0.0,3.0,,0.428,0.43,0.43,0.0,True,True,All-rounder
Imran Haider (ROM),2019-2019,2019,2019,0,2,2.0,0.0,19.0,15,15.0,0,9.5,26.0,73.07,0.0,0.0,0.0,2.0,1.0,9.5,0.0,0.0,34.93,2019-2019,2019,2019,0,2,,,,,,-,,,,,,,,,,2019-2019,2019,2019,0,2,2.0,4.0,2.0,2.0,2.0,0.0,,2.0,1.0,2.0,1.0,True,True,All-rounder
Imran Haider (UAE),2016-2019,2016,2019,3,11,2.0,2.0,4.0,4*,4.0,1,,8.0,50.0,0.0,0.0,0.0,0.0,0.0,0.36,0.0,0.0,,2016-2019,2016,2019,3,11,11.0,31.0,0.0,250.0,7.0,Jan-16,35.71,8.06,26.5,0.0,0.0,0.64,0.12,0.48,0.0,2016-2019,2016,2019,3,11,11.0,1.0,1.0,0.0,0.0,1.0,,0.09,0.09,0.09,0.0,True,True,All-rounder
Imran Ismail (Moz),2019-2019,2019,2019,0,7,7.0,0.0,63.0,17,17.0,0,9.0,58.0,108.62,0.0,0.0,0.0,7.0,3.0,9.0,0.0,0.0,48.85,2019-2019,2019,2019,0,7,,,,,,-,,,,,,,,,,2019-2019,2019,2019,0,7,6.0,6.0,6.0,0.0,5.0,1.0,,1.0,0.86,0.86,0.0,True,True,All-rounder
Imran Khan (1) (PAK),2015-2015,2015,2015,0,3,1.0,0.0,0.0,0,0.0,0,0.0,1.0,0.0,0.0,0.0,1.0,0.0,0.0,,0.0,0.0,0.0,2015-2015,2015,2015,0,3,3.0,12.0,0.0,106.0,2.0,Feb-35,53.0,8.83,36.0,0.0,0.0,0.67,0.11,0.5,0.0,2015-2015,2015,2015,0,3,3.0,3.0,3.0,0.0,0.0,3.0,,1.0,1.0,1.0,0.0,True,True,All-rounder
Imran Khan (PORT),2019-2019,2019,2019,0,4,3.0,1.0,39.0,36,36.0,0,19.5,32.0,121.87,0.0,0.0,0.0,2.0,3.0,9.75,0.0,0.0,60.45,2019-2019,2019,2019,0,4,1.0,2.0,0.0,13.0,0.0,-,,6.5,,0.0,0.0,0.0,0.15,0.05,0.0,2019-2019,2019,2019,0,4,4.0,0.0,0.0,0.0,0.0,0.0,0.0,0.0,0.0,0.0,0.0,True,True,All-rounder
Imran Nazir (PAK),2007-2012,2007,2012,5,25,24.0,1.0,500.0,72,72.0,0,21.73,370.0,135.13,0.0,3.0,2.0,59.0,22.0,20.0,0.0,12.0,67.09,2007-2012,2007,2012,5,25,,,,,,-,,,,,,,,,,2007-2012,2007,2012,5,25,25.0,11.0,11.0,0.0,0.0,11.0,,0.44,0.44,0.44,0.0,True,True,All-rounder
Imran Tahir (SA/World),2013-2019,2013,2019,6,38,4.0,3.0,19.0,9*,9.0,1,19.0,18.0,105.55,0.0,0.0,0.0,1.0,1.0,0.5,0.0,0.0,53.62,2013-2019,2013,2019,6,38,38.0,140.5,0.0,948.0,63.0,May-23,15.04,6.73,13.4,2.0,2.0,1.66,0.15,1.21,0.053,2013-2019,2013,2019,6,38,38.0,7.0,7.0,0.0,0.0,7.0,,0.184,0.18,0.18,0.0,True,True,All-rounder
Imrul Kayes (BDESH),2010-2017,2010,2017,7,14,13.0,0.0,119.0,36,36.0,0,9.15,134.0,88.8,0.0,0.0,4.0,14.0,3.0,8.5,0.0,0.0,41.01,2010-2017,2010,2017,7,14,,,,,,-,,,,,,,,,,2010-2017,2010,2017,7,14,14.0,4.0,4.0,0.0,0.0,4.0,,0.285,0.29,0.29,0.0,True,True,All-rounder
Inam-ul-Haq (QAT),2019-2019,2019,2019,0,11,11.0,2.0,225.0,73*,73.0,1,25.0,205.0,109.75,0.0,1.0,1.0,28.0,2.0,20.45,0.0,9.09,58.9,2019-2019,2019,2019,0,11,10.0,31.0,2.0,211.0,8.0,Feb-23,26.37,6.8,23.2,0.0,0.0,0.73,0.15,0.55,0.0,2019-2019,2019,2019,0,11,11.0,3.0,3.0,0.0,0.0,3.0,,0.272,0.27,0.27,0.0,True,True,All-rounder
Inzamam-ul-Haq (PAK),2006-2006,2006,2006,0,1,1.0,1.0,11.0,11*,11.0,1,,15.0,73.33,0.0,0.0,0.0,0.0,1.0,11.0,0.0,0.0,,2006-2006,2006,2006,0,1,,,,,,-,,,,,,,,,,2006-2006,2006,2006,0,1,1.0,0.0,0.0,0.0,0.0,0.0,0.0,0.0,0.0,0.0,0.0,True,True,All-rounder
Iqbal Hussain (QAT),2019-2019,2019,2019,0,15,5.0,3.0,9.0,4*,4.0,1,4.5,10.0,90.0,0.0,0.0,1.0,1.0,0.0,0.6,0.0,0.0,38.7,2019-2019,2019,2019,0,15,15.0,52.1,0.0,426.0,26.0,Apr-33,16.38,8.16,12.0,1.0,0.0,1.73,0.12,1.25,0.0,2019-2019,2019,2019,0,15,15.0,7.0,7.0,0.0,0.0,7.0,,0.466,0.47,0.47,0.0,True,True,All-rounder
Irfan Ahmed (HKG),2014-2015,2014,2015,1,8,8.0,0.0,76.0,34,34.0,0,9.5,83.0,91.56,0.0,0.0,2.0,4.0,6.0,9.5,0.0,0.0,42.32,2014-2015,2014,2015,1,8,8.0,27.0,0.0,190.0,11.0,03-Nov,17.27,7.03,14.7,0.0,0.0,1.38,0.14,1.01,0.0,2014-2015,2014,2015,1,8,8.0,2.0,2.0,0.0,0.0,2.0,,0.25,0.25,0.25,0.0,True,True,All-rounder
Irfan Bhima (MWI),2019-2019,2019,2019,0,4,4.0,0.0,98.0,52,52.0,0,24.5,88.0,111.36,0.0,1.0,2.0,13.0,2.0,24.5,0.0,25.0,59.24,2019-2019,2019,2019,0,4,4.0,15.0,3.0,51.0,6.0,Mar-14,8.5,3.4,15.0,0.0,0.0,1.5,0.29,1.14,0.0,2019-2019,2019,2019,0,4,4.0,0.0,0.0,0.0,0.0,0.0,0.0,0.0,0.0,0.0,0.0,True,True,All-rounder
Irfan Mir (Chile),2019-2019,2019,2019,0,4,3.0,2.0,19.0,18*,18.0,1,19.0,7.0,271.42,0.0,0.0,1.0,0.0,2.0,4.75,0.0,0.0,119.97,2019-2019,2019,2019,0,4,4.0,15.0,0.0,73.0,1.0,Jan-26,73.0,4.86,90.0,0.0,0.0,0.25,0.21,0.24,0.0,2019-2019,2019,2019,0,4,4.0,0.0,0.0,0.0,0.0,0.0,0.0,0.0,0.0,0.0,0.0,True,True,All-rounder
Ismat Ullah (),2019-2019,2019,2019,0,4,4.0,0.0,44.0,42,42.0,0,11.0,47.0,93.61,0.0,0.0,1.0,4.0,1.0,11.0,0.0,0.0,44.04,2019-2019,2019,2019,0,4,2.0,4.0,0.0,16.0,1.0,01-Sep,16.0,4.0,24.0,0.0,0.0,0.25,0.25,0.25,0.0,2019-2019,2019,2019,0,4,4.0,2.0,2.0,0.0,0.0,2.0,,0.5,0.5,0.5,0.0,True,True,All-rounder
Izatullah Dawlatzai (AFG/GER),2012-2019,2012,2019,7,14,3.0,2.0,26.0,24*,24.0,1,26.0,16.0,162.5,0.0,0.0,0.0,2.0,2.0,1.86,0.0,0.0,80.6,2012-2019,2012,2019,7,14,14.0,50.4,0.0,345.0,18.0,Mar-23,19.16,6.8,16.8,0.0,0.0,1.29,0.15,0.94,0.0,2012-2019,2012,2019,7,14,14.0,3.0,3.0,0.0,0.0,3.0,,0.214,0.21,0.21,0.0,True,True,All-rounder
J Allen (),2019-2019,2019,2019,0,2,2.0,1.0,1.0,1*,1.0,1,1.0,4.0,25.0,0.0,0.0,1.0,0.0,0.0,0.5,0.0,0.0,10.6,2019-2019,2019,2019,0,2,2.0,2.0,0.0,19.0,1.0,01-Jul,19.0,9.5,12.0,0.0,0.0,0.5,0.11,0.38,0.0,2019-2019,2019,2019,0,2,2.0,0.0,0.0,0.0,0.0,0.0,0.0,0.0,0.0,0.0,0.0,True,True,All-rounder
J Anderson (IRE),2015-2015,2015,2015,0,4,2.0,0.0,12.0,9,9.0,0,6.0,18.0,66.66,0.0,0.0,0.0,1.0,0.0,3.0,0.0,0.0,30.26,2015-2015,2015,2015,0,4,1.0,1.0,0.0,13.0,0.0,-,,13.0,,0.0,0.0,0.0,0.08,0.02,0.0,2015-2015,2015,2015,0,4,2.0,0.0,0.0,0.0,0.0,0.0,0.0,0.0,0.0,0.0,0.0,True,True,All-rounder
J Barker (LUX),2019-2019,2019,2019,0,4,2.0,0.0,16.0,16,16.0,0,8.0,16.0,100.0,0.0,0.0,1.0,3.0,0.0,4.0,0.0,0.0,44.8,2019-2019,2019,2019,0,4,,,,,,-,,,,,,,,,,2019-2019,2019,2019,0,4,4.0,1.0,1.0,0.0,0.0,1.0,,0.25,0.25,0.25,0.0,True,True,All-rounder
J Botha (SA),2006-2012,2006,2012,6,40,20.0,9.0,201.0,34,34.0,0,18.27,165.0,121.81,0.0,0.0,1.0,15.0,9.0,5.03,0.0,0.0,59.69,2006-2012,2006,2012,6,40,39.0,129.0,1.0,823.0,37.0,Mar-16,22.24,6.37,20.9,0.0,0.0,0.93,0.16,0.69,0.0,2006-2012,2006,2012,6,40,40.0,17.0,17.0,0.0,0.0,17.0,,0.425,0.43,0.43,0.0,True,True,All-rounder
J Bulele (Moz),2019-2019,2019,2019,0,7,7.0,0.0,65.0,24,24.0,0,9.28,95.0,68.42,0.0,0.0,1.0,8.0,0.0,9.29,0.0,0.0,32.94,2019-2019,2019,2019,0,7,5.0,14.2,0.0,107.0,4.0,Feb-30,26.75,7.46,21.5,0.0,0.0,0.57,0.13,0.44,0.0,2019-2019,2019,2019,0,7,6.0,1.0,1.0,0.0,0.0,1.0,,0.166,0.14,0.14,0.0,True,True,All-rounder
J Butler (GUE),2019-2019,2019,2019,0,9,8.0,1.0,201.0,65*,65.0,1,28.71,214.0,93.92,0.0,1.0,0.0,20.0,1.0,22.33,0.0,11.11,54.79,2019-2019,2019,2019,0,9,1.0,1.0,0.0,15.0,0.0,-,,15.0,,0.0,0.0,0.0,0.07,0.02,0.0,2019-2019,2019,2019,0,9,9.0,3.0,3.0,0.0,0.0,3.0,,0.333,0.33,0.33,0.0,True,True,All-rounder
J Charles (WI),2011-2016,2011,2016,5,34,33.0,0.0,724.0,84,84.0,0,21.93,595.0,121.68,0.0,4.0,4.0,84.0,26.0,21.29,0.0,11.76,61.83,2011-2016,2011,2016,5,34,,,,,,-,,,,,,,,,,2011-2016,2011,2016,5,34,34.0,12.0,10.0,2.0,0.0,10.0,,0.352,0.29,0.35,0.06,True,True,All-rounder
J Cutinho (CRC),2019-2019,2019,2019,0,3,3.0,0.0,93.0,46,46.0,0,31.0,98.0,94.89,0.0,0.0,0.0,7.0,4.0,31.0,0.0,0.0,56.56,2019-2019,2019,2019,0,3,1.0,0.5,0.0,7.0,0.0,-,,8.4,,0.0,0.0,0.0,0.12,0.04,0.0,2019-2019,2019,2019,0,3,3.0,1.0,1.0,0.0,0.0,1.0,,0.333,0.33,0.33,0.0,True,True,All-rounder
J Dunn (VAN),2019-2019,2019,2019,0,4,3.0,0.0,36.0,23,23.0,0,12.0,41.0,87.8,0.0,0.0,0.0,0.0,1.0,9.0,0.0,0.0,42.32,2019-2019,2019,2019,0,4,,,,,,-,,,,,,,,,,2019-2019,2019,2019,0,4,4.0,0.0,0.0,0.0,0.0,0.0,0.0,0.0,0.0,0.0,0.0,True,True,All-rounder
J Edness (BMUDA),2008-2008,2008,2008,0,3,3.0,0.0,13.0,9,9.0,0,4.33,28.0,46.42,0.0,0.0,1.0,0.0,0.0,4.33,0.0,0.0,21.17,2008-2008,2008,2008,0,3,,,,,,-,,,,,,,,,,2008-2008,2008,2008,0,3,3.0,1.0,0.0,1.0,0.0,0.0,,0.333,0.0,0.33,0.33,True,True,All-rounder
J Hill (PHI),2019-2019,2019,2019,0,4,3.0,0.0,15.0,6,6.0,0,5.0,20.0,75.0,0.0,0.0,0.0,3.0,0.0,3.75,0.0,0.0,33.0,2019-2019,2019,2019,0,4,2.0,6.0,0.0,50.0,3.0,Feb-27,16.66,8.33,12.0,0.0,0.0,0.75,0.12,0.56,0.0,2019-2019,2019,2019,0,4,4.0,0.0,0.0,0.0,0.0,0.0,0.0,0.0,0.0,0.0,0.0,True,True,All-rounder
J Hirschi (MALTA),2019-2019,2019,2019,0,4,4.0,0.0,37.0,13,13.0,0,9.25,62.0,59.67,0.0,0.0,0.0,0.0,0.0,9.25,0.0,0.0,29.42,2019-2019,2019,2019,0,4,4.0,11.0,0.0,96.0,3.0,Feb-18,32.0,8.72,22.0,0.0,0.0,0.75,0.11,0.56,0.0,2019-2019,2019,2019,0,4,4.0,0.0,0.0,0.0,0.0,0.0,0.0,0.0,0.0,0.0,0.0,True,True,All-rounder
J Hurley (Arg),2019-2019,2019,2019,0,3,,,,-,,0,,,,,,,,,,,,,2019-2019,2019,2019,0,3,3.0,10.0,0.0,33.0,5.0,Mar-13,6.6,3.3,12.0,0.0,0.0,1.67,0.3,1.26,0.0,2019-2019,2019,2019,0,3,3.0,1.0,1.0,0.0,0.0,1.0,,0.333,0.33,0.33,0.0,True,True,All-rounder
J Jojo (DEN),2019-2019,2019,2019,0,7,5.0,3.0,36.0,13,13.0,0,18.0,27.0,133.33,0.0,0.0,0.0,1.0,1.0,5.14,0.0,0.0,64.13,2019-2019,2019,2019,0,7,5.0,17.0,0.0,98.0,2.0,Feb-25,49.0,5.76,51.0,0.0,0.0,0.29,0.17,0.25,0.0,2019-2019,2019,2019,0,7,5.0,1.0,1.0,0.0,0.0,1.0,,0.2,0.14,0.14,0.0,True,True,All-rounder
J Kila (PNG),2019-2019,2019,2019,0,12,5.0,3.0,60.0,27*,27.0,1,30.0,31.0,193.54,0.0,0.0,0.0,4.0,5.0,5.0,0.0,0.0,95.42,2019-2019,2019,2019,0,12,9.0,17.0,0.0,99.0,3.0,01-May,33.0,5.82,34.0,0.0,0.0,0.25,0.17,0.23,0.0,2019-2019,2019,2019,0,12,12.0,3.0,3.0,0.0,0.0,3.0,,0.25,0.25,0.25,0.0,True,True,All-rounder
J Lewis (ENG),2005-2007,2005,2007,2,2,2.0,1.0,1.0,1,1.0,0,1.0,4.0,25.0,0.0,0.0,0.0,0.0,0.0,0.5,0.0,0.0,10.6,2005-2007,2005,2007,2,2,2.0,7.0,0.0,55.0,4.0,Apr-24,13.75,7.85,10.5,1.0,0.0,2.0,0.13,1.44,0.0,2005-2007,2005,2007,2,2,2.0,1.0,1.0,0.0,0.0,1.0,,0.5,0.5,0.5,0.0,True,True,All-rounder
J Long (PHI),2019-2019,2019,2019,0,2,1.0,1.0,2.0,2*,2.0,1,,6.0,33.33,0.0,0.0,0.0,0.0,0.0,1.0,0.0,0.0,,2019-2019,2019,2019,0,2,1.0,2.0,0.0,26.0,1.0,Jan-26,26.0,13.0,12.0,0.0,0.0,0.5,0.08,0.37,0.0,2019-2019,2019,2019,0,2,2.0,1.0,1.0,0.0,0.0,1.0,,0.5,0.5,0.5,0.0,True,True,All-rounder
J Louw (SA),2008-2009,2008,2009,1,2,1.0,1.0,1.0,1*,1.0,1,,1.0,100.0,0.0,0.0,0.0,0.0,0.0,0.5,0.0,0.0,,2008-2009,2008,2009,1,2,2.0,7.0,0.0,54.0,2.0,Feb-36,27.0,7.71,21.0,0.0,0.0,1.0,0.13,0.74,0.0,2008-2009,2008,2009,1,2,2.0,0.0,0.0,0.0,0.0,0.0,0.0,0.0,0.0,0.0,0.0,True,True,All-rounder
J Mees (LUX),2019-2019,2019,2019,0,3,3.0,2.0,13.0,7*,7.0,1,13.0,20.0,65.0,0.0,0.0,0.0,1.0,0.0,4.33,0.0,0.0,33.8,2019-2019,2019,2019,0,3,,,,,,-,,,,,,,,,,2019-2019,2019,2019,0,3,3.0,1.0,1.0,0.0,1.0,0.0,,0.333,0.33,0.33,0.0,True,True,All-rounder
J Mubarak (SL),2007-2009,2007,2009,2,16,15.0,4.0,238.0,46*,46.0,1,21.63,188.0,126.59,0.0,0.0,2.0,21.0,8.0,14.88,0.0,0.0,63.61,2007-2009,2007,2009,2,16,2.0,1.2,0.0,17.0,1.0,01-Sep,17.0,12.75,8.0,0.0,0.0,0.06,0.08,0.07,0.0,2007-2009,2007,2009,2,16,16.0,9.0,9.0,0.0,0.0,9.0,,0.562,0.56,0.56,0.0,True,True,All-rounder
J Mulder (IRE),2016-2017,2016,2017,1,8,4.0,2.0,6.0,5*,5.0,1,3.0,11.0,54.54,0.0,0.0,1.0,0.0,0.0,0.75,0.0,0.0,23.62,2016-2017,2016,2017,1,8,8.0,29.0,0.0,192.0,12.0,Apr-16,16.0,6.62,14.5,1.0,0.0,1.5,0.15,1.1,0.0,2016-2017,2016,2017,1,8,8.0,2.0,2.0,0.0,0.0,2.0,,0.25,0.25,0.25,0.0,True,True,All-rounder
J Nyumbu (ZIM),2018-2018,2018,2018,0,2,2.0,2.0,7.0,6*,6.0,1,,11.0,63.63,0.0,0.0,0.0,1.0,0.0,3.5,0.0,0.0,,2018-2018,2018,2018,0,2,2.0,6.0,0.0,76.0,0.0,-,,12.66,,0.0,0.0,0.0,0.08,0.02,0.0,2018-2018,2018,2018,0,2,2.0,0.0,0.0,0.0,0.0,0.0,0.0,0.0,0.0,0.0,0.0,True,True,All-rounder
J Perman (ESP),2019-2019,2019,2019,0,2,,,,-,,0,,,,,,,,,,,,,2019-2019,2019,2019,0,2,2.0,8.0,0.0,41.0,3.0,Feb-18,13.66,5.12,16.0,0.0,0.0,1.5,0.2,1.11,0.0,2019-2019,2019,2019,0,2,2.0,1.0,1.0,0.0,0.0,1.0,,0.5,0.5,0.5,0.0,True,True,All-rounder
J Rasu (VAN),2019-2019,2019,2019,0,13,13.0,0.0,374.0,74,74.0,0,28.76,338.0,110.65,0.0,2.0,0.0,27.0,16.0,28.77,0.0,15.38,61.52,2019-2019,2019,2019,0,13,2.0,3.5,0.0,44.0,5.0,May-36,8.8,11.47,4.6,0.0,1.0,0.38,0.09,0.3,0.077,2019-2019,2019,2019,0,13,13.0,5.0,5.0,0.0,0.0,5.0,,0.384,0.38,0.38,0.0,True,True,All-rounder
J Reb (Serb),2019-2019,2019,2019,0,2,2.0,0.0,11.0,9,9.0,0,5.5,14.0,78.57,0.0,0.0,0.0,1.0,0.0,5.5,0.0,0.0,34.73,2019-2019,2019,2019,0,2,1.0,3.0,0.0,40.0,1.0,Jan-40,40.0,13.33,18.0,0.0,0.0,0.5,0.08,0.37,0.0,2019-2019,2019,2019,0,2,2.0,0.0,0.0,0.0,0.0,0.0,0.0,0.0,0.0,0.0,0.0,True,True,All-rounder
J Salazar (Peru),2019-2019,2019,2019,0,2,2.0,1.0,29.0,20*,20.0,1,29.0,36.0,80.55,0.0,0.0,0.0,0.0,0.0,14.5,0.0,0.0,49.62,2019-2019,2019,2019,0,2,,,,,,-,,,,,,,,,,2019-2019,2019,2019,0,2,2.0,2.0,2.0,0.0,0.0,2.0,,1.0,1.0,1.0,0.0,True,True,All-rounder
J Singye (BHU),2019-2019,2019,2019,0,2,2.0,0.0,48.0,40,40.0,0,24.0,64.0,75.0,0.0,0.0,0.0,2.0,0.0,24.0,0.0,0.0,44.4,2019-2019,2019,2019,0,2,2.0,8.0,0.0,69.0,1.0,Jan-28,69.0,8.62,48.0,0.0,0.0,0.5,0.12,0.38,0.0,2019-2019,2019,2019,0,2,2.0,1.0,1.0,0.0,0.0,1.0,,0.5,0.5,0.5,0.0,True,True,All-rounder
J Smits (NL),2008-2009,2008,2009,1,6,2.0,1.0,15.0,11*,11.0,1,15.0,27.0,55.55,0.0,0.0,0.0,0.0,0.0,2.5,0.0,0.0,31.22,2008-2009,2008,2009,1,6,,,,,,-,,,,,,,,,,2008-2009,2008,2009,1,6,5.0,1.0,1.0,0.0,1.0,0.0,,0.2,0.17,0.17,0.0,True,True,All-rounder
J Theron (SA),2010-2012,2010,2012,2,9,3.0,3.0,32.0,31*,31.0,1,,21.0,152.38,0.0,0.0,0.0,3.0,1.0,3.56,0.0,0.0,,2010-2012,2010,2012,2,9,9.0,32.2,0.0,261.0,12.0,Apr-27,21.75,8.07,16.1,1.0,0.0,1.33,0.12,0.97,0.0,2010-2012,2010,2012,2,9,9.0,2.0,2.0,0.0,0.0,2.0,,0.222,0.22,0.22,0.0,True,True,All-rounder
J Thinley (BHU),2019-2019,2019,2019,0,2,,,,-,,0,,,,,,,,,,,,,2019-2019,2019,2019,0,2,2.0,3.0,0.0,25.0,0.0,-,,8.33,,0.0,0.0,0.0,0.12,0.04,0.0,2019-2019,2019,2019,0,2,2.0,0.0,0.0,0.0,0.0,0.0,0.0,0.0,0.0,0.0,0.0,True,True,All-rounder
J Umanath (Mex),2019-2019,2019,2019,0,7,7.0,1.0,69.0,25,25.0,0,11.5,77.0,89.61,0.0,0.0,1.0,7.0,2.0,9.86,0.0,0.0,42.74,2019-2019,2019,2019,0,7,,,,,,-,,,,,,,,,,2019-2019,2019,2019,0,7,7.0,0.0,0.0,0.0,0.0,0.0,0.0,0.0,0.0,0.0,0.0,True,True,All-rounder
J Vira (VAN),2019-2019,2019,2019,0,14,12.0,4.0,74.0,23,23.0,0,9.25,68.0,108.82,0.0,0.0,1.0,7.0,2.0,5.29,0.0,0.0,49.08,2019-2019,2019,2019,0,14,,,,,,-,,,,,,,,,,2019-2019,2019,2019,0,14,14.0,14.0,10.0,4.0,10.0,0.0,,1.0,0.71,1.0,0.29,True,True,All-rounder
JA Fitzgerald (GIBR),2019-2019,2019,2019,0,4,2.0,2.0,13.0,11*,11.0,1,,10.0,130.0,0.0,0.0,0.0,0.0,1.0,3.25,0.0,0.0,,2019-2019,2019,2019,0,4,1.0,2.0,0.0,22.0,0.0,-,,11.0,,0.0,0.0,0.0,0.09,0.03,0.0,2019-2019,2019,2019,0,4,4.0,1.0,1.0,0.0,0.0,1.0,,0.25,0.25,0.25,0.0,True,True,All-rounder
JA Morkel (SA),2005-2015,2005,2015,10,50,38.0,11.0,572.0,43,43.0,0,21.18,402.0,142.28,0.0,0.0,1.0,29.0,39.0,11.44,0.0,0.0,69.62,2005-2015,2005,2015,10,50,46.0,107.5,2.0,864.0,26.0,03-Dec,33.23,8.01,24.8,0.0,0.0,0.52,0.12,0.4,0.0,2005-2015,2005,2015,10,50,50.0,17.0,17.0,0.0,0.0,17.0,,0.34,0.34,0.34,0.0,True,True,All-rounder
JA Richardson (AUS),2017-2019,2017,2019,2,9,3.0,2.0,13.0,7*,7.0,1,13.0,6.0,216.66,0.0,0.0,1.0,2.0,0.0,1.44,0.0,0.0,94.46,2017-2019,2017,2019,2,9,9.0,34.0,0.0,287.0,9.0,Feb-32,31.88,8.44,22.6,0.0,0.0,1.0,0.12,0.74,0.0,2017-2019,2017,2019,2,9,9.0,9.0,9.0,0.0,0.0,9.0,,1.0,1.0,1.0,0.0,True,True,All-rounder
JA Rudolph (SA),2006-2006,2006,2006,0,1,1.0,1.0,6.0,6*,6.0,1,,7.0,85.71,0.0,0.0,0.0,0.0,0.0,6.0,0.0,0.0,,2006-2006,2006,2006,0,1,,,,,,-,,,,,,,,,,2006-2006,2006,2006,0,1,1.0,0.0,0.0,0.0,0.0,0.0,0.0,0.0,0.0,0.0,0.0,True,True,All-rounder
JAH Marshall (NZ),2005-2008,2005,2008,3,3,2.0,0.0,14.0,13,13.0,0,7.0,15.0,93.33,0.0,0.0,0.0,2.0,0.0,4.67,0.0,0.0,41.53,2005-2008,2005,2008,3,3,,,,,,-,,,,,,,,,,2005-2008,2005,2008,3,3,3.0,0.0,0.0,0.0,0.0,0.0,0.0,0.0,0.0,0.0,0.0,True,True,All-rounder
JAR Blain (SCOT),2007-2008,2007,2008,1,6,3.0,1.0,4.0,3*,3.0,1,2.0,5.0,80.0,0.0,0.0,1.0,0.0,0.0,0.67,0.0,0.0,33.2,2007-2008,2007,2008,1,6,5.0,20.0,0.0,108.0,6.0,Feb-23,18.0,5.4,20.0,0.0,0.0,1.0,0.19,0.76,0.0,2007-2008,2007,2008,1,6,5.0,1.0,1.0,0.0,0.0,1.0,,0.2,0.17,0.17,0.0,True,True,All-rounder
JB Little (IRE),2016-2019,2016,2019,3,11,6.0,2.0,18.0,7,7.0,0,4.5,16.0,112.5,0.0,0.0,2.0,3.0,0.0,1.64,0.0,0.0,47.7,2016-2019,2016,2019,3,11,11.0,40.4,0.0,367.0,7.0,Feb-20,52.42,9.02,34.8,0.0,0.0,0.64,0.11,0.48,0.0,2016-2019,2016,2019,3,11,11.0,2.0,2.0,0.0,0.0,2.0,,0.181,0.18,0.18,0.0,True,True,All-rounder
JB Reva (PNG),2015-2019,2015,2019,4,9,4.0,0.0,16.0,7,7.0,0,4.0,22.0,72.72,0.0,0.0,0.0,1.0,1.0,1.78,0.0,0.0,31.49,2015-2019,2015,2019,4,9,8.0,21.1,0.0,148.0,7.0,02-Nov,21.14,6.99,18.1,0.0,0.0,0.78,0.14,0.59,0.0,2015-2019,2015,2019,4,9,9.0,1.0,1.0,0.0,0.0,1.0,,0.111,0.11,0.11,0.0,True,True,All-rounder
JC Archer (ENG),2019-2019,2019,2019,0,1,,,,-,,0,,,,,,,,,,,,,2019-2019,2019,2019,0,1,1.0,4.0,0.0,29.0,2.0,Feb-29,14.5,7.25,12.0,0.0,0.0,2.0,0.14,1.44,0.0,2019-2019,2019,2019,0,1,1.0,0.0,0.0,0.0,0.0,0.0,0.0,0.0,0.0,0.0,0.0,True,True,All-rounder
JC Buttler (ENG),2011-2018,2011,2018,7,66,58.0,11.0,1260.0,73*,73.0,1,26.8,912.0,138.15,0.0,7.0,3.0,102.0,53.0,19.09,0.0,10.61,71.34,2011-2018,2011,2018,7,66,,,,,,-,,,,,,,,,,2011-2018,2011,2018,7,66,65.0,27.0,23.0,4.0,21.0,2.0,,0.415,0.35,0.41,0.06,True,True,All-rounder
JC Tredwell (ENG),2012-2014,2012,2014,2,17,6.0,3.0,32.0,22,22.0,0,10.66,20.0,160.0,0.0,0.0,1.0,4.0,1.0,1.88,0.0,0.0,70.4,2012-2014,2012,2014,2,17,15.0,52.5,0.0,416.0,7.0,Jan-16,59.42,7.87,45.2,0.0,0.0,0.41,0.13,0.33,0.0,2012-2014,2012,2014,2,17,16.0,2.0,2.0,0.0,0.0,2.0,,0.125,0.12,0.12,0.0,True,True,All-rounder
JD Baker (Samoa),2019-2019,2019,2019,0,4,3.0,3.0,18.0,11*,11.0,1,,14.0,128.57,0.0,0.0,0.0,3.0,0.0,4.5,0.0,0.0,,2019-2019,2019,2019,0,4,4.0,13.0,0.0,107.0,4.0,Feb-32,26.75,8.23,19.5,0.0,0.0,1.0,0.12,0.74,0.0,2019-2019,2019,2019,0,4,4.0,1.0,1.0,0.0,0.0,1.0,,0.25,0.25,0.25,0.0,True,True,All-rounder
JD Campbell (WI),2019-2019,2019,2019,0,2,2.0,0.0,11.0,11,11.0,0,5.5,16.0,68.75,0.0,0.0,1.0,2.0,0.0,5.5,0.0,0.0,30.8,2019-2019,2019,2019,0,2,1.0,1.0,0.0,1.0,0.0,-,,1.0,,0.0,0.0,0.0,1.0,0.3,0.0,2019-2019,2019,2019,0,2,2.0,1.0,1.0,0.0,0.0,1.0,,0.5,0.5,0.5,0.0,True,True,All-rounder
JD Freyone (GIBR),2019-2019,2019,2019,0,4,4.0,0.0,8.0,4,4.0,0,2.0,29.0,27.58,0.0,0.0,2.0,0.0,0.0,2.0,0.0,0.0,12.23,2019-2019,2019,2019,0,4,,,,,,-,,,,,,,,,,2019-2019,2019,2019,0,4,4.0,2.0,2.0,0.0,0.0,2.0,,0.5,0.5,0.5,0.0,True,True,All-rounder
JD Nel (SCOT),2007-2010,2007,2010,3,10,5.0,2.0,34.0,13*,13.0,1,11.33,25.0,136.0,0.0,0.0,1.0,3.0,1.0,3.4,0.0,0.0,61.2,2007-2010,2007,2010,3,10,9.0,31.0,3.0,169.0,12.0,03-Oct,14.08,5.45,15.5,0.0,0.0,1.2,0.18,0.9,0.0,2007-2010,2007,2010,3,10,9.0,1.0,1.0,0.0,0.0,1.0,,0.111,0.1,0.1,0.0,True,True,All-rounder
JD Ryder (NZ),2008-2014,2008,2014,6,22,21.0,1.0,457.0,62,62.0,0,22.85,358.0,127.65,0.0,3.0,2.0,47.0,18.0,20.77,0.0,13.64,64.77,2008-2014,2008,2014,6,22,5.0,10.0,0.0,68.0,2.0,01-Feb,34.0,6.8,30.0,0.0,0.0,0.09,0.15,0.11,0.0,2008-2014,2008,2014,6,22,22.0,7.0,7.0,0.0,0.0,7.0,,0.318,0.32,0.32,0.0,True,True,All-rounder
JD Schoonheim (NL),2008-2008,2008,2008,0,1,,,,-,,0,,,,,,,,,,,,,2008-2008,2008,2008,0,1,,,,,,-,,,,,,,,,,2008-2008,2008,2008,0,1,,,,,,,,,,,,True,True,All-rounder
JD Unadkat (INDIA),2016-2018,2016,2018,2,10,,,,-,,0,,,,,,,,,,,,,2016-2018,2016,2018,2,10,10.0,34.4,0.0,301.0,14.0,Mar-38,21.5,8.68,14.8,0.0,0.0,1.4,0.12,1.01,0.0,2016-2018,2016,2018,2,10,10.0,3.0,3.0,0.0,0.0,3.0,,0.3,0.3,0.3,0.0,True,True,All-rounder
JD Wildermuth (AUS),2018-2018,2018,2018,0,2,1.0,1.0,1.0,1*,1.0,1,,1.0,100.0,0.0,0.0,0.0,0.0,0.0,0.5,0.0,0.0,,2018-2018,2018,2018,0,2,2.0,3.0,0.0,32.0,1.0,Jan-16,32.0,10.66,18.0,0.0,0.0,0.5,0.09,0.38,0.0,2018-2018,2018,2018,0,2,2.0,1.0,1.0,0.0,0.0,1.0,,0.5,0.5,0.5,0.0,True,True,All-rounder
JDF Vandersay (SL),2015-2019,2015,2019,4,10,7.0,6.0,15.0,8*,8.0,1,15.0,17.0,88.23,0.0,0.0,0.0,2.0,0.0,1.5,0.0,0.0,44.29,2015-2019,2015,2019,4,10,10.0,35.0,1.0,262.0,6.0,Feb-26,43.66,7.48,35.0,0.0,0.0,0.6,0.13,0.46,0.0,2015-2019,2015,2019,4,10,10.0,1.0,1.0,0.0,0.0,1.0,,0.1,0.1,0.1,0.0,True,True,All-rounder
JDP Oram (NZ),2005-2012,2005,2012,7,36,30.0,7.0,474.0,66*,66.0,1,20.6,339.0,139.82,0.0,2.0,3.0,38.0,22.0,13.17,0.0,5.56,68.29,2005-2012,2005,2012,7,36,32.0,91.0,0.0,793.0,19.0,Mar-33,41.73,8.71,28.7,0.0,0.0,0.53,0.11,0.4,0.0,2005-2012,2005,2012,7,36,36.0,12.0,12.0,0.0,0.0,12.0,,0.333,0.33,0.33,0.0,True,True,All-rounder
JDS Neesham (NZ),2012-2019,2012,2019,7,18,15.0,4.0,185.0,42,42.0,0,16.81,131.0,141.22,0.0,0.0,1.0,19.0,8.0,10.28,0.0,0.0,66.57,2012-2019,2012,2019,7,18,16.0,37.4,0.0,323.0,13.0,Mar-16,24.84,8.57,17.3,0.0,0.0,0.72,0.12,0.54,0.0,2012-2019,2012,2019,7,18,18.0,5.0,5.0,0.0,0.0,5.0,,0.277,0.28,0.28,0.0,True,True,All-rounder
JE Pitcher (BMUDA),2019-2019,2019,2019,0,3,1.0,1.0,5.0,5*,5.0,1,,4.0,125.0,0.0,0.0,0.0,0.0,0.0,1.67,0.0,0.0,,2019-2019,2019,2019,0,3,3.0,7.0,0.0,50.0,1.0,Jan-26,50.0,7.14,42.0,0.0,0.0,0.33,0.14,0.28,0.0,2019-2019,2019,2019,0,3,3.0,2.0,2.0,0.0,0.0,2.0,,0.666,0.67,0.67,0.0,True,True,All-rounder
JE Root (ENG),2012-2019,2012,2019,7,32,30.0,5.0,893.0,90*,90.0,1,35.72,707.0,126.3,0.0,5.0,2.0,92.0,16.0,27.91,0.0,15.63,71.95,2012-2019,2012,2019,7,32,9.0,14.0,0.0,139.0,6.0,02-Sep,23.16,9.92,14.0,0.0,0.0,0.19,0.1,0.16,0.0,2012-2019,2012,2019,7,32,32.0,18.0,18.0,0.0,0.0,18.0,,0.562,0.56,0.56,0.0,True,True,All-rounder
JE Taylor (WI),2006-2018,2006,2018,12,30,15.0,6.0,118.0,21,21.0,0,13.11,92.0,128.26,0.0,0.0,1.0,10.0,6.0,3.93,0.0,0.0,59.17,2006-2018,2006,2018,12,30,30.0,100.0,2.0,863.0,33.0,03-Jun,26.15,8.63,18.1,0.0,0.0,1.1,0.12,0.8,0.0,2006-2018,2006,2018,12,30,30.0,9.0,9.0,0.0,0.0,9.0,,0.3,0.3,0.3,0.0,True,True,All-rounder
JEC Franklin (NZ),2006-2013,2006,2013,7,38,31.0,8.0,463.0,60,60.0,0,20.13,391.0,118.41,0.0,2.0,2.0,28.0,23.0,12.18,0.0,5.26,59.44,2006-2013,2006,2013,7,38,26.0,54.3,0.0,417.0,20.0,Apr-15,20.85,7.65,16.3,1.0,0.0,0.53,0.13,0.41,0.0,2006-2013,2006,2013,7,38,38.0,13.0,13.0,0.0,0.0,13.0,,0.342,0.34,0.34,0.0,True,True,All-rounder
JF Mooney (IRE),2009-2015,2009,2015,6,27,23.0,9.0,231.0,31*,31.0,1,16.5,214.0,107.94,0.0,0.0,0.0,25.0,1.0,8.56,0.0,0.0,53.08,2009-2015,2009,2015,6,27,10.0,26.0,1.0,176.0,10.0,02-Jul,17.6,6.76,15.6,0.0,0.0,0.37,0.15,0.3,0.0,2009-2015,2009,2015,6,27,27.0,13.0,13.0,0.0,0.0,13.0,,0.481,0.48,0.48,0.0,True,True,All-rounder
JH Davey (SCOT),2012-2019,2012,2019,7,21,10.0,5.0,83.0,24,24.0,0,16.6,63.0,131.74,0.0,0.0,0.0,5.0,3.0,3.95,0.0,0.0,62.66,2012-2019,2012,2019,7,21,20.0,74.4,0.0,610.0,24.0,Apr-34,25.41,8.16,18.6,1.0,0.0,1.14,0.12,0.84,0.0,2012-2019,2012,2019,7,21,20.0,12.0,12.0,0.0,0.0,12.0,,0.6,0.57,0.57,0.0,True,True,All-rounder
JH Kallis (SA),2005-2012,2005,2012,7,25,23.0,4.0,666.0,73,73.0,0,35.05,558.0,119.35,0.0,5.0,0.0,56.0,20.0,26.64,0.0,20.0,68.77,2005-2012,2005,2012,7,25,19.0,46.0,1.0,333.0,12.0,Apr-15,27.75,7.23,23.0,1.0,0.0,0.48,0.14,0.38,0.0,2005-2012,2005,2012,7,25,25.0,7.0,7.0,0.0,0.0,7.0,,0.28,0.28,0.28,0.0,True,True,All-rounder
JH Kiani (PHI),2019-2019,2019,2019,0,4,3.0,1.0,25.0,13,13.0,0,12.5,36.0,69.44,0.0,0.0,0.0,2.0,0.0,6.25,0.0,0.0,35.28,2019-2019,2019,2019,0,4,1.0,4.0,0.0,26.0,1.0,Jan-26,26.0,6.5,24.0,0.0,0.0,0.25,0.15,0.22,0.0,2019-2019,2019,2019,0,4,4.0,0.0,0.0,0.0,0.0,0.0,0.0,0.0,0.0,0.0,0.0,True,True,All-rounder
JH Mensah (Ghana),2019-2019,2019,2019,0,2,2.0,0.0,17.0,16,16.0,0,8.5,10.0,170.0,0.0,0.0,0.0,1.0,1.0,8.5,0.0,0.0,73.1,2019-2019,2019,2019,0,2,,,,,,-,,,,,,,,,,2019-2019,2019,2019,0,2,2.0,0.0,0.0,0.0,0.0,0.0,0.0,0.0,0.0,0.0,0.0,True,True,All-rounder
JH Stander (SCOT),2009-2012,2009,2012,3,11,11.0,2.0,94.0,45,45.0,0,10.44,90.0,104.44,0.0,0.0,3.0,6.0,4.0,8.55,0.0,0.0,48.04,2009-2012,2009,2012,3,11,7.0,13.3,0.0,156.0,3.0,Feb-24,52.0,11.55,27.0,0.0,0.0,0.27,0.09,0.22,0.0,2009-2012,2009,2012,3,11,11.0,2.0,2.0,0.0,0.0,2.0,,0.181,0.18,0.18,0.0,True,True,All-rounder
JJ Atkinson (HKG),2014-2016,2014,2016,2,13,12.0,0.0,202.0,53,53.0,0,16.83,187.0,108.02,0.0,1.0,3.0,22.0,6.0,15.54,0.0,7.69,53.31,2014-2016,2014,2016,2,13,,,,,,-,,,,,,,,,,2014-2016,2014,2016,2,13,13.0,14.0,14.0,0.0,14.0,0.0,,1.076,1.08,1.08,0.0,True,True,All-rounder
JJ Bumrah (INDIA),2016-2019,2016,2019,3,42,6.0,4.0,8.0,7,7.0,0,4.0,13.0,61.53,0.0,0.0,1.0,1.0,0.0,0.19,0.0,0.0,27.01,2016-2019,2016,2019,3,42,42.0,153.1,5.0,1029.0,51.0,03-Nov,20.17,6.71,18.0,0.0,0.0,1.21,0.15,0.89,0.0,2016-2019,2016,2019,3,42,42.0,6.0,6.0,0.0,0.0,6.0,,0.142,0.14,0.14,0.0,True,True,All-rounder
JJ Celestine (BMUDA),2008-2008,2008,2008,0,3,3.0,0.0,9.0,7,7.0,0,3.0,17.0,52.94,0.0,0.0,1.0,0.0,0.0,3.0,0.0,0.0,22.98,2008-2008,2008,2008,0,3,,,,,,-,,,,,,,,,,2008-2008,2008,2008,0,3,3.0,0.0,0.0,0.0,0.0,0.0,0.0,0.0,0.0,0.0,0.0,True,True,All-rounder
JJ Huo (Moz),2019-2019,2019,2019,0,7,7.0,0.0,58.0,18,18.0,0,8.28,61.0,95.08,0.0,0.0,1.0,7.0,2.0,8.29,0.0,0.0,43.0,2019-2019,2019,2019,0,7,3.0,10.0,0.0,56.0,3.0,Mar-14,18.66,5.6,20.0,0.0,0.0,0.43,0.18,0.35,0.0,2019-2019,2019,2019,0,7,6.0,1.0,1.0,0.0,0.0,1.0,,0.166,0.14,0.14,0.0,True,True,All-rounder
JJ Roy (ENG),2014-2018,2014,2018,4,32,32.0,0.0,743.0,78,78.0,0,23.21,512.0,145.11,0.0,4.0,4.0,75.0,35.0,23.22,0.0,12.5,71.97,2014-2018,2014,2018,4,32,,,,,,-,,,,,,,,,,2014-2018,2014,2018,4,32,32.0,5.0,5.0,0.0,0.0,5.0,,0.156,0.16,0.16,0.0,True,True,All-rounder
JJ Smit (NAM),2019-2019,2019,2019,0,12,10.0,2.0,206.0,59,59.0,0,25.75,128.0,160.93,0.0,1.0,0.0,10.0,14.0,17.17,0.0,8.33,79.82,2019-2019,2019,2019,0,12,10.0,37.1,0.0,234.0,16.0,Mar-19,14.62,6.29,13.9,0.0,0.0,1.33,0.16,0.98,0.0,2019-2019,2019,2019,0,12,12.0,10.0,10.0,0.0,0.0,10.0,,0.833,0.83,0.83,0.0,True,True,All-rounder
JJ Tucker (BMUDA),2019-2019,2019,2019,0,5,5.0,1.0,94.0,50*,50.0,1,23.5,97.0,96.9,0.0,1.0,0.0,11.0,1.0,18.8,0.0,20.0,52.86,2019-2019,2019,2019,0,5,4.0,7.0,0.0,62.0,1.0,Jan-16,62.0,8.85,42.0,0.0,0.0,0.2,0.11,0.17,0.0,2019-2019,2019,2019,0,5,5.0,1.0,1.0,0.0,0.0,1.0,,0.2,0.2,0.2,0.0,True,True,All-rounder
JJ van der Wath (SA),2006-2007,2006,2007,1,8,4.0,1.0,46.0,21,21.0,0,15.33,39.0,117.94,0.0,0.0,0.0,3.0,1.0,5.75,0.0,0.0,56.37,2006-2007,2006,2007,1,8,8.0,31.0,0.0,231.0,8.0,Feb-31,28.87,7.45,23.2,0.0,0.0,1.0,0.13,0.74,0.0,2006-2007,2006,2007,1,8,8.0,0.0,0.0,0.0,0.0,0.0,0.0,0.0,0.0,0.0,0.0,True,True,All-rounder
JK Kamande (KENYA),2007-2010,2007,2010,3,12,9.0,0.0,83.0,42,42.0,0,9.22,92.0,90.21,0.0,0.0,2.0,5.0,3.0,6.92,0.0,0.0,41.62,2007-2010,2007,2010,3,12,10.0,34.2,1.0,212.0,13.0,Mar-28,16.3,6.17,15.8,0.0,0.0,1.08,0.16,0.81,0.0,2007-2010,2007,2010,3,12,12.0,1.0,1.0,0.0,0.0,1.0,,0.083,0.08,0.08,0.0,True,True,All-rounder
JK Mukhiya (NEPAL),2014-2015,2014,2015,1,4,1.0,1.0,0.0,0*,0.0,1,,0.0,,0.0,0.0,0.0,0.0,0.0,,0.0,0.0,,2014-2015,2014,2015,1,4,4.0,10.0,0.0,56.0,4.0,Mar-18,14.0,5.6,15.0,0.0,0.0,1.0,0.18,0.75,0.0,2014-2015,2014,2015,1,4,4.0,1.0,1.0,0.0,0.0,1.0,,0.25,0.25,0.25,0.0,True,True,All-rounder
JK Vifah (Ghana),2019-2019,2019,2019,0,3,3.0,0.0,42.0,23,23.0,0,14.0,45.0,93.33,0.0,0.0,0.0,2.0,1.0,14.0,0.0,0.0,45.73,2019-2019,2019,2019,0,3,1.0,1.1,0.0,8.0,0.0,-,,6.85,,0.0,0.0,0.0,0.15,0.04,0.0,2019-2019,2019,2019,0,3,3.0,0.0,0.0,0.0,0.0,0.0,0.0,0.0,0.0,0.0,0.0,True,True,All-rounder
JL Denly (ENG),2009-2019,2009,2019,10,10,9.0,1.0,92.0,30,30.0,0,11.5,93.0,98.92,0.0,0.0,2.0,11.0,1.0,9.2,0.0,0.0,46.47,2009-2019,2009,2019,10,10,5.0,11.0,0.0,85.0,7.0,Apr-19,12.14,7.72,9.4,1.0,0.0,0.7,0.13,0.53,0.0,2009-2019,2009,2019,10,10,10.0,3.0,3.0,0.0,0.0,3.0,,0.3,0.3,0.3,0.0,True,True,All-rounder
JL Martel (GUE),2019-2019,2019,2019,0,3,1.0,1.0,13.0,13*,13.0,1,,6.0,216.66,0.0,0.0,0.0,1.0,1.0,4.33,0.0,0.0,,2019-2019,2019,2019,0,3,3.0,11.0,0.0,59.0,6.0,Mar-15,9.83,5.36,11.0,0.0,0.0,2.0,0.19,1.46,0.0,2019-2019,2019,2019,0,3,3.0,0.0,0.0,0.0,0.0,0.0,0.0,0.0,0.0,0.0,0.0,True,True,All-rounder
JL Ontong (SA),2008-2015,2008,2015,7,14,10.0,0.0,158.0,48,48.0,0,15.8,109.0,144.95,0.0,0.0,1.0,6.0,11.0,11.29,0.0,0.0,67.46,2008-2015,2008,2015,7,14,4.0,6.0,0.0,83.0,1.0,Jan-25,83.0,13.83,36.0,0.0,0.0,0.07,0.07,0.07,0.0,2008-2015,2008,2015,7,14,14.0,10.0,10.0,0.0,0.0,10.0,,0.714,0.71,0.71,0.0,True,True,All-rounder
JL Pattinson (AUS),2011-2012,2011,2012,1,4,2.0,2.0,5.0,5*,5.0,1,,3.0,166.66,0.0,0.0,0.0,1.0,0.0,1.25,0.0,0.0,,2011-2012,2011,2012,1,4,4.0,13.0,0.0,104.0,3.0,Feb-17,34.66,8.0,26.0,0.0,0.0,0.75,0.13,0.56,0.0,2011-2012,2011,2012,1,4,4.0,3.0,3.0,0.0,0.0,3.0,,0.75,0.75,0.75,0.0,True,True,All-rounder
JM Anderson (ENG),2007-2009,2007,2009,2,19,4.0,3.0,1.0,1*,1.0,1,1.0,2.0,50.0,0.0,0.0,1.0,0.0,0.0,0.05,0.0,0.0,20.6,2007-2009,2007,2009,2,19,19.0,70.2,1.0,552.0,18.0,Mar-23,30.66,7.84,23.4,0.0,0.0,0.95,0.13,0.7,0.0,2007-2009,2007,2009,2,19,19.0,3.0,3.0,0.0,0.0,3.0,,0.157,0.16,0.16,0.0,True,True,All-rounder
JM Bairstow (ENG),2011-2019,2011,2019,8,34,29.0,6.0,603.0,68,68.0,0,26.21,450.0,134.0,0.0,3.0,2.0,56.0,25.0,17.74,0.0,8.82,69.33,2011-2019,2011,2019,8,34,,,,,,-,,,,,,,,,,2011-2019,2011,2019,8,34,34.0,30.0,30.0,0.0,8.0,22.0,,0.882,0.88,0.88,0.0,True,True,All-rounder
JM Davison (CAN),2008-2010,2008,2010,2,5,5.0,0.0,44.0,19,19.0,0,8.8,40.0,110.0,0.0,0.0,2.0,2.0,3.0,8.8,0.0,0.0,49.28,2008-2010,2008,2010,2,5,5.0,18.0,0.0,91.0,4.0,Feb-19,22.75,5.05,27.0,0.0,0.0,0.8,0.2,0.62,0.0,2008-2010,2008,2010,2,5,5.0,2.0,2.0,0.0,0.0,2.0,,0.4,0.4,0.4,0.0,True,True,All-rounder
JM How (NZ),2007-2008,2007,2008,1,5,5.0,0.0,56.0,31,31.0,0,11.2,67.0,83.58,0.0,0.0,0.0,5.0,1.0,11.2,0.0,0.0,40.15,2007-2008,2007,2008,1,5,,,,,,-,,,,,,,,,,2007-2008,2007,2008,1,5,5.0,1.0,1.0,0.0,0.0,1.0,,0.2,0.2,0.2,0.0,True,True,All-rounder
JM Kemp (SA),2005-2007,2005,2007,2,8,7.0,3.0,203.0,89*,89.0,1,50.75,160.0,126.87,0.0,1.0,0.0,17.0,10.0,25.38,0.0,12.5,81.2,2005-2007,2005,2007,2,8,1.0,1.0,0.0,5.0,0.0,-,,5.0,,0.0,0.0,0.0,0.2,0.06,0.0,2005-2007,2005,2007,2,8,8.0,3.0,3.0,0.0,0.0,3.0,,0.375,0.38,0.38,0.0,True,True,All-rounder
JM Muirhead (AUS),2014-2014,2014,2014,0,5,2.0,1.0,4.0,3,3.0,0,4.0,8.0,50.0,0.0,0.0,0.0,0.0,0.0,0.8,0.0,0.0,22.4,2014-2014,2014,2014,0,5,5.0,15.0,0.0,109.0,6.0,Feb-13,18.16,7.26,15.0,0.0,0.0,1.2,0.14,0.88,0.0,2014-2014,2014,2014,0,5,5.0,3.0,3.0,0.0,0.0,3.0,,0.6,0.6,0.6,0.0,True,True,All-rounder
JM Vince (ENG),2015-2019,2015,2019,4,12,12.0,0.0,340.0,59,59.0,0,28.33,275.0,123.63,0.0,1.0,0.0,34.0,9.0,28.33,0.0,8.33,66.45,2015-2019,2015,2019,4,12,,,,,,-,,,,,,,,,,2015-2019,2015,2019,4,12,12.0,5.0,5.0,0.0,0.0,5.0,,0.416,0.42,0.42,0.0,True,True,All-rounder
JN Dorji (BHU),2019-2019,2019,2019,0,1,1.0,0.0,0.0,0,0.0,0,0.0,0.0,,0.0,0.0,1.0,0.0,0.0,,0.0,0.0,,2019-2019,2019,2019,0,1,,,,,,-,,,,,,,,,,2019-2019,2019,2019,0,1,1.0,0.0,0.0,0.0,0.0,0.0,0.0,0.0,0.0,0.0,0.0,True,True,All-rounder
JN Frylinck (NAM),2019-2019,2019,2019,0,14,7.0,4.0,49.0,19*,19.0,1,16.33,47.0,104.25,0.0,0.0,1.0,2.0,1.0,3.5,0.0,0.0,51.5,2019-2019,2019,2019,0,14,13.0,42.1,0.0,240.0,21.0,Apr-21,11.42,5.69,12.0,1.0,0.0,1.5,0.18,1.1,0.0,2019-2019,2019,2019,0,14,14.0,8.0,8.0,0.0,0.0,8.0,,0.571,0.57,0.57,0.0,True,True,All-rounder
JN Gillespie (AUS),2005-2005,2005,2005,0,1,1.0,0.0,24.0,24,24.0,0,24.0,18.0,133.33,0.0,0.0,0.0,4.0,0.0,24.0,0.0,0.0,67.73,2005-2005,2005,2005,0,1,1.0,4.0,0.0,49.0,1.0,Jan-49,49.0,12.25,24.0,0.0,0.0,1.0,0.08,0.72,0.0,2005-2005,2005,2005,0,1,1.0,0.0,0.0,0.0,0.0,0.0,0.0,0.0,0.0,0.0,0.0,True,True,All-rounder
JN Malan (SA),2019-2019,2019,2019,0,2,2.0,0.0,35.0,33,33.0,0,17.5,37.0,94.59,0.0,0.0,0.0,3.0,2.0,17.5,0.0,0.0,48.34,2019-2019,2019,2019,0,2,,,,,,-,,,,,,,,,,2019-2019,2019,2019,0,2,2.0,2.0,2.0,0.0,0.0,2.0,,1.0,1.0,1.0,0.0,True,True,All-rounder
JN Mohammed (WI),2017-2018,2017,2018,1,9,8.0,3.0,90.0,23*,23.0,1,18.0,103.0,87.37,0.0,0.0,1.0,9.0,1.0,10.0,0.0,0.0,45.75,2017-2018,2017,2018,1,9,2.0,2.0,0.0,13.0,0.0,-,,6.5,,0.0,0.0,0.0,0.15,0.05,0.0,2017-2018,2017,2018,1,9,9.0,1.0,1.0,0.0,0.0,1.0,,0.111,0.11,0.11,0.0,True,True,All-rounder
JN Snape (ENG),2007-2007,2007,2007,0,1,1.0,0.0,7.0,7,7.0,0,7.0,11.0,63.63,0.0,0.0,0.0,0.0,0.0,7.0,0.0,0.0,29.65,2007-2007,2007,2007,0,1,1.0,1.0,0.0,12.0,0.0,-,,12.0,,0.0,0.0,0.0,0.08,0.03,0.0,2007-2007,2007,2007,0,1,1.0,1.0,1.0,0.0,0.0,1.0,,1.0,1.0,1.0,0.0,True,True,All-rounder
JNK Shannon (IRE),2013-2018,2013,2018,5,8,8.0,0.0,111.0,60,60.0,0,13.87,84.0,132.14,0.0,1.0,1.0,12.0,5.0,13.88,0.0,12.5,61.18,2013-2018,2013,2018,5,8,1.0,1.0,0.0,11.0,0.0,-,,11.0,,0.0,0.0,0.0,0.09,0.03,0.0,2013-2018,2013,2018,5,8,8.0,1.0,1.0,0.0,0.0,1.0,,0.125,0.13,0.13,0.0,True,True,All-rounder
JNT Vare (PNG),2015-2017,2015,2017,2,8,7.0,0.0,68.0,38,38.0,0,9.71,71.0,95.77,0.0,0.0,0.0,4.0,0.0,8.5,0.0,0.0,44.13,2015-2017,2015,2017,2,8,,,,,,-,,,,,,,,,,2015-2017,2015,2017,2,8,8.0,6.0,4.0,2.0,4.0,0.0,,0.75,0.5,0.75,0.25,True,True,All-rounder
JO Holder (WI),2014-2019,2014,2019,5,17,11.0,2.0,111.0,26*,26.0,1,12.33,84.0,132.14,0.0,0.0,2.0,10.0,4.0,6.53,0.0,0.0,60.25,2014-2019,2014,2019,5,17,17.0,62.1,0.0,524.0,13.0,Feb-23,40.3,8.42,28.6,0.0,0.0,0.76,0.12,0.57,0.0,2014-2019,2014,2019,5,17,17.0,7.0,7.0,0.0,0.0,7.0,,0.411,0.41,0.41,0.0,True,True,All-rounder
JO Ngoche (KENYA),2012-2013,2012,2013,1,7,3.0,1.0,4.0,2,2.0,0,2.0,17.0,23.52,0.0,0.0,0.0,0.0,0.0,0.57,0.0,0.0,10.61,2012-2013,2012,2013,1,7,7.0,24.0,0.0,140.0,4.0,Feb-31,35.0,5.83,36.0,0.0,0.0,0.57,0.17,0.45,0.0,2012-2013,2012,2013,1,7,7.0,0.0,0.0,0.0,0.0,0.0,0.0,0.0,0.0,0.0,0.0,True,True,All-rounder
JOA Gordon (CAN),2013-2019,2013,2019,6,7,2.0,2.0,3.0,2*,2.0,1,,6.0,50.0,0.0,0.0,0.0,0.0,0.0,0.43,0.0,0.0,,2013-2019,2013,2019,6,7,7.0,25.5,0.0,184.0,8.0,Mar-14,23.0,7.12,19.3,0.0,0.0,1.14,0.14,0.84,0.0,2013-2019,2013,2019,6,7,7.0,1.0,1.0,0.0,0.0,1.0,,0.142,0.14,0.14,0.0,True,True,All-rounder
JOP Scamans (Fin),2019-2019,2019,2019,0,2,2.0,1.0,20.0,12*,12.0,1,20.0,19.0,105.26,0.0,0.0,0.0,1.0,0.0,10.0,0.0,0.0,54.1,2019-2019,2019,2019,0,2,,,,,,-,,,,,,,,,,2019-2019,2019,2019,0,2,2.0,0.0,0.0,0.0,0.0,0.0,0.0,0.0,0.0,0.0,0.0,True,True,All-rounder
JP Behrendorff (AUS),2017-2019,2017,2019,2,7,,,,-,,0,,,,,,,,,,,,,2017-2019,2017,2019,2,7,6.0,16.0,0.0,117.0,7.0,Apr-21,16.71,7.31,13.7,1.0,0.0,1.0,0.14,0.74,0.0,2017-2019,2017,2019,2,7,6.0,4.0,4.0,0.0,0.0,4.0,,0.666,0.57,0.57,0.0,True,True,All-rounder
JP Bray (IRE),2009-2009,2009,2009,0,2,2.0,0.0,2.0,2,2.0,0,1.0,17.0,11.76,0.0,0.0,1.0,0.0,0.0,1.0,0.0,0.0,5.3,2009-2009,2009,2009,0,2,,,,,,-,,,,,,,,,,2009-2009,2009,2009,0,2,2.0,2.0,2.0,0.0,0.0,2.0,,1.0,1.0,1.0,0.0,True,True,All-rounder
JP Duminy (SA),2007-2019,2007,2019,12,81,75.0,25.0,1934.0,96*,96.0,1,38.68,1532.0,126.24,0.0,11.0,6.0,138.0,71.0,23.88,0.0,13.58,73.7,2007-2019,2007,2019,12,81,41.0,77.1,0.0,599.0,21.0,Mar-18,28.52,7.76,22.0,0.0,0.0,0.26,0.13,0.22,0.0,2007-2019,2007,2019,12,81,81.0,35.0,35.0,0.0,0.0,35.0,,0.432,0.43,0.43,0.0,True,True,All-rounder
JP Faulkner (AUS),2012-2017,2012,2017,5,24,18.0,7.0,159.0,41*,41.0,1,14.45,138.0,115.21,0.0,0.0,0.0,7.0,5.0,6.63,0.0,0.0,54.75,2012-2017,2012,2017,5,24,24.0,85.5,0.0,684.0,36.0,May-27,19.0,7.96,14.3,0.0,1.0,1.5,0.13,1.09,0.042,2012-2017,2012,2017,5,24,24.0,11.0,11.0,0.0,0.0,11.0,,0.458,0.46,0.46,0.0,True,True,All-rounder
JP Kotze (NAM),2019-2019,2019,2019,0,12,12.0,1.0,245.0,101*,101.0,1,22.27,193.0,126.94,1.0,0.0,1.0,21.0,13.0,20.42,8.33,0.0,64.14,2019-2019,2019,2019,0,12,,,,,,-,,,,,,,,,,2019-2019,2019,2019,0,12,12.0,5.0,5.0,0.0,0.0,5.0,,0.416,0.42,0.42,0.0,True,True,All-rounder
JR Hazlewood (AUS),2013-2016,2013,2016,3,7,,,,-,,0,,,,,,,,,,,,,2013-2016,2013,2016,3,7,7.0,28.0,0.0,269.0,8.0,Apr-30,33.62,9.6,21.0,1.0,0.0,1.14,0.1,0.83,0.0,2013-2016,2013,2016,3,7,7.0,1.0,1.0,0.0,0.0,1.0,,0.142,0.14,0.14,0.0,True,True,All-rounder
JR Hopes (AUS),2005-2010,2005,2010,5,12,7.0,2.0,105.0,30,30.0,0,21.0,98.0,107.14,0.0,0.0,0.0,7.0,1.0,8.75,0.0,0.0,55.46,2005-2010,2005,2010,5,12,12.0,37.0,0.0,283.0,10.0,Feb-26,28.3,7.64,22.2,0.0,0.0,0.83,0.13,0.62,0.0,2005-2010,2005,2010,5,12,12.0,3.0,3.0,0.0,0.0,3.0,,0.25,0.25,0.25,0.0,True,True,All-rounder
JR Singleton (),2019-2019,2019,2019,0,3,3.0,0.0,17.0,7,7.0,0,5.66,26.0,65.38,0.0,0.0,0.0,3.0,0.0,5.67,0.0,0.0,29.55,2019-2019,2019,2019,0,3,,,,,,-,,,,,,,,,,2019-2019,2019,2019,0,3,3.0,0.0,0.0,0.0,0.0,0.0,0.0,0.0,0.0,0.0,0.0,True,True,All-rounder
JRMVB Sanjaya (SL),2017-2017,2017,2017,0,8,5.0,2.0,20.0,6,6.0,0,6.66,18.0,111.11,0.0,0.0,0.0,3.0,0.0,2.5,0.0,0.0,48.44,2017-2017,2017,2017,0,8,8.0,28.5,1.0,250.0,9.0,Feb-20,27.77,8.67,19.2,0.0,0.0,1.13,0.12,0.82,0.0,2017-2017,2017,2017,0,8,8.0,1.0,1.0,0.0,0.0,1.0,,0.125,0.13,0.13,0.0,True,True,All-rounder
JS Foster (ENG),2009-2009,2009,2009,0,5,5.0,2.0,37.0,14*,14.0,1,12.33,32.0,115.62,0.0,0.0,0.0,0.0,1.0,7.4,0.0,0.0,53.65,2009-2009,2009,2009,0,5,,,,,,-,,,,,,,,,,2009-2009,2009,2009,0,5,5.0,6.0,3.0,3.0,3.0,0.0,,1.2,0.6,1.2,0.6,True,True,All-rounder
JS Jesani (KENYA),2007-2007,2007,2007,0,1,1.0,0.0,1.0,1,1.0,0,1.0,5.0,20.0,0.0,0.0,0.0,0.0,0.0,1.0,0.0,0.0,8.6,2007-2007,2007,2007,0,1,,,,,,-,,,,,,,,,,2007-2007,2007,2007,0,1,1.0,0.0,0.0,0.0,0.0,0.0,0.0,0.0,0.0,0.0,0.0,True,True,All-rounder
JS Kundi (KENYA),2019-2019,2019,2019,0,6,4.0,0.0,9.0,6,6.0,0,2.25,22.0,40.9,0.0,0.0,1.0,1.0,0.0,1.5,0.0,0.0,17.71,2019-2019,2019,2019,0,6,2.0,2.0,0.0,15.0,0.0,-,,7.5,,0.0,0.0,0.0,0.13,0.04,0.0,2019-2019,2019,2019,0,6,6.0,2.0,2.0,0.0,0.0,2.0,,0.333,0.33,0.33,0.0,True,True,All-rounder
JS Malhotra (USA),2019-2019,2019,2019,0,6,6.0,0.0,112.0,38,38.0,0,18.66,104.0,107.69,0.0,0.0,0.0,12.0,2.0,18.67,0.0,0.0,54.27,2019-2019,2019,2019,0,6,,,,,,-,,,,,,,,,,2019-2019,2019,2019,0,6,6.0,5.0,2.0,3.0,2.0,0.0,,0.833,0.33,0.83,0.5,True,True,All-rounder
JS Patel (NZ),2005-2008,2005,2008,3,11,4.0,1.0,9.0,5,5.0,0,3.0,14.0,64.28,0.0,0.0,1.0,1.0,0.0,0.82,0.0,0.0,27.51,2005-2008,2005,2008,3,11,10.0,33.1,1.0,269.0,16.0,Mar-20,16.81,8.11,12.4,0.0,0.0,1.45,0.12,1.06,0.0,2005-2008,2005,2008,3,11,11.0,4.0,4.0,0.0,0.0,4.0,,0.363,0.36,0.36,0.0,True,True,All-rounder
JSE Dunford (JER),2019-2019,2019,2019,0,17,9.0,3.0,54.0,29,29.0,0,9.0,67.0,80.59,0.0,0.0,3.0,2.0,0.0,3.18,0.0,0.0,37.64,2019-2019,2019,2019,0,17,,,,,,-,,,,,,,,,,2019-2019,2019,2019,0,17,17.0,11.0,6.0,5.0,6.0,0.0,,0.647,0.35,0.65,0.29,True,True,All-rounder
JT Ball (ENG),2018-2018,2018,2018,0,2,,,,-,,0,,,,,,,,,,,,,2018-2018,2018,2018,0,2,2.0,7.0,0.0,83.0,2.0,Jan-39,41.5,11.85,21.0,0.0,0.0,1.0,0.08,0.73,0.0,2018-2018,2018,2018,0,2,2.0,1.0,1.0,0.0,0.0,1.0,,0.5,0.5,0.5,0.0,True,True,All-rounder
JT Smuts (SA),2017-2018,2017,2018,1,8,8.0,0.0,126.0,45,45.0,0,15.75,114.0,110.52,0.0,0.0,1.0,14.0,5.0,15.75,0.0,0.0,53.66,2017-2018,2017,2018,1,8,6.0,12.4,0.0,101.0,1.0,Jan-19,101.0,7.97,76.0,0.0,0.0,0.13,0.13,0.13,0.0,2017-2018,2017,2018,1,8,8.0,1.0,1.0,0.0,0.0,1.0,,0.125,0.13,0.13,0.0,True,True,All-rounder
JTS Sumerauer (JER),2019-2019,2019,2019,0,8,6.0,1.0,34.0,13,13.0,0,6.8,39.0,87.17,0.0,0.0,0.0,3.0,0.0,4.25,0.0,0.0,38.95,2019-2019,2019,2019,0,8,8.0,20.1,0.0,155.0,7.0,02-Oct,22.14,7.68,17.2,0.0,0.0,0.88,0.13,0.65,0.0,2019-2019,2019,2019,0,8,8.0,2.0,2.0,0.0,0.0,2.0,,0.25,0.25,0.25,0.0,True,True,All-rounder
JW Chilia (VAN),2019-2019,2019,2019,0,14,7.0,4.0,54.0,23,23.0,0,18.0,54.0,100.0,0.0,0.0,0.0,3.0,3.0,3.86,0.0,0.0,50.8,2019-2019,2019,2019,0,14,13.0,47.2,0.0,315.0,6.0,Jan-21,52.5,6.65,47.3,0.0,0.0,0.43,0.15,0.35,0.0,2019-2019,2019,2019,0,14,14.0,4.0,4.0,0.0,0.0,4.0,,0.285,0.29,0.29,0.0,True,True,All-rounder
JW Dernbach (ENG),2011-2014,2011,2014,3,34,7.0,2.0,24.0,12,12.0,0,4.8,21.0,114.28,0.0,0.0,1.0,3.0,0.0,0.71,0.0,0.0,48.59,2011-2014,2011,2014,3,34,33.0,117.0,1.0,1020.0,39.0,Apr-22,26.15,8.71,18.0,1.0,0.0,1.15,0.11,0.84,0.0,2011-2014,2011,2014,3,34,33.0,8.0,8.0,0.0,0.0,8.0,,0.242,0.24,0.24,0.0,True,True,All-rounder
JW Hastings (AUS),2010-2016,2010,2016,6,9,6.0,2.0,46.0,15,15.0,0,11.5,37.0,124.32,0.0,0.0,0.0,3.0,1.0,5.11,0.0,0.0,56.63,2010-2016,2010,2016,6,9,9.0,31.0,0.0,247.0,7.0,Mar-14,35.28,7.96,26.5,0.0,0.0,0.78,0.13,0.58,0.0,2010-2016,2010,2016,6,9,9.0,2.0,2.0,0.0,0.0,2.0,,0.222,0.22,0.22,0.0,True,True,All-rounder
JW Jenner (JER),2019-2019,2019,2019,0,17,17.0,2.0,365.0,71,71.0,0,24.33,299.0,122.07,0.0,3.0,2.0,24.0,14.0,21.47,0.0,17.65,63.43,2019-2019,2019,2019,0,17,,,,,,-,,,,,,,,,,2019-2019,2019,2019,0,17,17.0,16.0,16.0,0.0,0.0,16.0,,0.941,0.94,0.94,0.0,True,True,All-rounder
JW Wilson (NZ),2005-2005,2005,2005,0,1,1.0,0.0,18.0,18,18.0,0,18.0,14.0,128.57,0.0,0.0,0.0,2.0,0.0,18.0,0.0,0.0,62.23,2005-2005,2005,2005,0,1,1.0,4.0,0.0,43.0,0.0,-,,10.75,,0.0,0.0,0.0,0.09,0.03,0.0,2005-2005,2005,2005,0,1,1.0,0.0,0.0,0.0,0.0,0.0,0.0,0.0,0.0,0.0,0.0,True,True,All-rounder
JWM Dalrymple (ENG),2006-2007,2006,2007,1,3,3.0,0.0,60.0,32,32.0,0,20.0,57.0,105.26,0.0,0.0,0.0,6.0,0.0,20.0,0.0,0.0,54.1,2006-2007,2006,2007,1,3,3.0,5.0,0.0,39.0,2.0,01-Oct,19.5,7.8,15.0,0.0,0.0,0.67,0.13,0.51,0.0,2006-2007,2006,2007,1,3,3.0,1.0,1.0,0.0,0.0,1.0,,0.333,0.33,0.33,0.0,True,True,All-rounder
JWN Moses (Botsw),2019-2019,2019,2019,0,3,3.0,0.0,14.0,9,9.0,0,4.66,20.0,70.0,0.0,0.0,0.0,0.0,1.0,4.67,0.0,0.0,30.8,2019-2019,2019,2019,0,3,2.0,8.0,0.0,46.0,0.0,-,,5.75,,0.0,0.0,0.0,0.17,0.05,0.0,2019-2019,2019,2019,0,3,3.0,0.0,0.0,0.0,0.0,0.0,0.0,0.0,0.0,0.0,0.0,True,True,All-rounder
Jagjit Singh (Peru),2019-2019,2019,2019,0,4,4.0,0.0,24.0,12,12.0,0,6.0,30.0,80.0,0.0,0.0,0.0,1.0,0.0,6.0,0.0,0.0,35.6,2019-2019,2019,2019,0,4,1.0,1.0,0.0,10.0,0.0,-,,10.0,,0.0,0.0,0.0,0.1,0.03,0.0,2019-2019,2019,2019,0,4,4.0,5.0,5.0,0.0,0.0,5.0,,1.25,1.25,1.25,0.0,True,True,All-rounder
Jahurul Islam (BDESH),2010-2013,2010,2013,3,3,3.0,0.0,31.0,18,18.0,0,10.33,23.0,134.78,0.0,0.0,0.0,3.0,1.0,10.33,0.0,0.0,60.11,2010-2013,2010,2013,3,3,,,,,,-,,,,,,,,,,2010-2013,2010,2013,3,3,3.0,3.0,3.0,0.0,0.0,3.0,,1.0,1.0,1.0,0.0,True,True,All-rounder
Janak Prakash (SGP),2019-2019,2019,2019,0,12,11.0,3.0,98.0,25*,25.0,1,12.25,78.0,125.64,0.0,0.0,2.0,9.0,3.0,8.17,0.0,0.0,57.61,2019-2019,2019,2019,0,12,12.0,41.4,1.0,309.0,15.0,Mar-15,20.6,7.41,16.6,0.0,0.0,1.25,0.13,0.92,0.0,2019-2019,2019,2019,0,12,12.0,6.0,6.0,0.0,0.0,6.0,,0.5,0.5,0.5,0.0,True,True,All-rounder
Jandu Hamoud (KUW),2019-2019,2019,2019,0,6,1.0,0.0,2.0,2,2.0,0,2.0,4.0,50.0,0.0,0.0,0.0,0.0,0.0,0.33,0.0,0.0,21.2,2019-2019,2019,2019,0,6,6.0,16.0,0.0,112.0,4.0,Feb-25,28.0,7.0,24.0,0.0,0.0,0.67,0.14,0.51,0.0,2019-2019,2019,2019,0,6,6.0,2.0,2.0,0.0,0.0,2.0,,0.333,0.33,0.33,0.0,True,True,All-rounder
Jasdeep Singh (USA),2019-2019,2019,2019,0,4,2.0,0.0,31.0,31,31.0,0,15.5,25.0,124.0,0.0,0.0,1.0,0.0,3.0,7.75,0.0,0.0,58.9,2019-2019,2019,2019,0,4,4.0,14.0,1.0,140.0,7.0,Feb-18,20.0,10.0,12.0,0.0,0.0,1.75,0.1,1.26,0.0,2019-2019,2019,2019,0,4,4.0,1.0,1.0,0.0,0.0,1.0,,0.25,0.25,0.25,0.0,True,True,All-rounder
Jaspreet Singh (ITA),2019-2019,2019,2019,0,5,2.0,0.0,19.0,11,11.0,0,9.5,23.0,82.6,0.0,0.0,0.0,1.0,0.0,3.8,0.0,0.0,38.74,2019-2019,2019,2019,0,5,2.0,5.0,0.0,53.0,1.0,Jan-26,53.0,10.6,30.0,0.0,0.0,0.2,0.09,0.17,0.0,2019-2019,2019,2019,0,5,4.0,1.0,1.0,0.0,0.0,1.0,,0.25,0.2,0.2,0.0,True,True,All-rounder
Jatinder Singh (OMAN),2015-2019,2015,2019,4,25,25.0,2.0,599.0,68*,68.0,1,26.04,535.0,111.96,0.0,3.0,1.0,63.0,6.0,23.96,0.0,12.0,60.41,2015-2019,2015,2019,4,25,1.0,2.0,0.0,17.0,0.0,-,,8.5,,0.0,0.0,0.0,0.12,0.04,0.0,2015-2019,2015,2019,4,25,25.0,11.0,11.0,0.0,0.0,11.0,,0.44,0.44,0.44,0.0,True,True,All-rounder
Javed Ahmadi (AFG),2012-2017,2012,2017,5,3,2.0,0.0,6.0,6,6.0,0,3.0,7.0,85.71,0.0,0.0,1.0,1.0,0.0,2.0,0.0,0.0,36.08,2012-2017,2012,2017,5,3,,,,,,-,,,,,,,,,,2012-2017,2012,2017,5,3,3.0,0.0,0.0,0.0,0.0,0.0,0.0,0.0,0.0,0.0,0.0,True,True,All-rounder
Javed Maroofkhail (NOR),2019-2019,2019,2019,0,2,1.0,0.0,3.0,3,3.0,0,3.0,8.0,37.5,0.0,0.0,0.0,0.0,0.0,1.5,0.0,0.0,16.8,2019-2019,2019,2019,0,2,1.0,2.0,0.0,22.0,0.0,-,,11.0,,0.0,0.0,0.0,0.09,0.03,0.0,2019-2019,2019,2019,0,2,2.0,0.0,0.0,0.0,0.0,0.0,0.0,0.0,0.0,0.0,0.0,True,True,All-rounder
Jay Odedra (OMAN),2019-2019,2019,2019,0,3,1.0,1.0,6.0,6*,6.0,1,,6.0,100.0,0.0,0.0,0.0,0.0,0.0,2.0,0.0,0.0,,2019-2019,2019,2019,0,3,3.0,7.0,0.0,74.0,0.0,-,,10.57,,0.0,0.0,0.0,0.09,0.03,0.0,2019-2019,2019,2019,0,3,3.0,0.0,0.0,0.0,0.0,0.0,0.0,0.0,0.0,0.0,0.0,True,True,All-rounder
Joginder Sharma (INDIA),2007-2007,2007,2007,0,4,,,,-,,0,,,,,,,,,,,,,2007-2007,2007,2007,0,4,4.0,14.3,0.0,138.0,4.0,Feb-20,34.5,9.51,21.7,0.0,0.0,1.0,0.11,0.73,0.0,2007-2007,2007,2007,0,4,4.0,2.0,2.0,0.0,0.0,2.0,,0.5,0.5,0.5,0.0,True,True,All-rounder
Jubair Hossain (BDESH),2015-2015,2015,2015,0,1,,,,-,,0,,,,,,,,,,,,,2015-2015,2015,2015,0,1,1.0,2.0,0.0,20.0,2.0,Feb-20,10.0,10.0,6.0,0.0,0.0,2.0,0.1,1.43,0.0,2015-2015,2015,2015,0,1,1.0,0.0,0.0,0.0,0.0,0.0,0.0,0.0,0.0,0.0,0.0,True,True,All-rounder
Junaid Khan (PAK),2011-2014,2011,2014,3,9,2.0,2.0,3.0,3*,3.0,1,,4.0,75.0,0.0,0.0,0.0,0.0,0.0,0.33,0.0,0.0,,2011-2014,2011,2014,3,9,9.0,27.0,0.0,236.0,8.0,Mar-24,29.5,8.74,20.2,0.0,0.0,0.89,0.11,0.66,0.0,2011-2014,2011,2014,3,9,9.0,0.0,0.0,0.0,0.0,0.0,0.0,0.0,0.0,0.0,0.0,True,True,All-rounder
Junaid Sheikh (NOR),2019-2019,2019,2019,0,5,3.0,0.0,19.0,9,9.0,0,6.33,20.0,95.0,0.0,0.0,0.0,1.0,1.0,3.8,0.0,0.0,41.8,2019-2019,2019,2019,0,5,5.0,16.0,1.0,104.0,2.0,Jan-21,52.0,6.5,48.0,0.0,0.0,0.4,0.15,0.33,0.0,2019-2019,2019,2019,0,5,5.0,5.0,5.0,0.0,0.0,5.0,,1.0,1.0,1.0,0.0,True,True,All-rounder
Junaid Siddique (BDESH),2007-2012,2007,2012,5,7,7.0,0.0,159.0,71,71.0,0,22.71,108.0,147.22,0.0,1.0,1.0,16.0,7.0,22.71,0.0,14.29,72.51,2007-2012,2007,2012,5,7,,,,,,-,,,,,,,,,,2007-2012,2007,2012,5,7,7.0,1.0,1.0,0.0,0.0,1.0,,0.142,0.14,0.14,0.0,True,True,All-rounder
Junaid Siddique (UAE),2019-2019,2019,2019,0,8,4.0,1.0,5.0,3,3.0,0,1.66,17.0,29.41,0.0,0.0,1.0,0.0,0.0,0.63,0.0,0.0,12.76,2019-2019,2019,2019,0,8,8.0,26.2,1.0,179.0,7.0,Feb-34,25.57,6.79,22.5,0.0,0.0,0.88,0.15,0.66,0.0,2019-2019,2019,2019,0,8,8.0,2.0,2.0,0.0,0.0,2.0,,0.25,0.25,0.25,0.0,True,True,All-rounder
Junaid Siddiqui (CAN),2012-2019,2012,2019,7,13,7.0,3.0,49.0,21,21.0,0,12.25,41.0,119.51,0.0,0.0,1.0,2.0,2.0,3.77,0.0,0.0,55.15,2012-2019,2012,2019,7,13,13.0,45.0,1.0,266.0,10.0,03-Oct,26.6,5.91,27.0,0.0,0.0,0.77,0.17,0.59,0.0,2012-2019,2012,2019,7,13,13.0,2.0,2.0,0.0,0.0,2.0,,0.153,0.15,0.15,0.0,True,True,All-rounder
K Birkenstock (NAM),2019-2019,2019,2019,0,4,2.0,0.0,64.0,59,59.0,0,32.0,33.0,193.93,0.0,1.0,0.0,7.0,4.0,16.0,0.0,25.0,96.77,2019-2019,2019,2019,0,4,,,,,,-,,,,,,,,,,2019-2019,2019,2019,0,4,4.0,0.0,0.0,0.0,0.0,0.0,0.0,0.0,0.0,0.0,0.0,True,True,All-rounder
K Christie (HKG),2019-2019,2019,2019,0,11,4.0,2.0,15.0,11*,11.0,1,7.5,20.0,75.0,0.0,0.0,0.0,0.0,0.0,1.36,0.0,0.0,34.5,2019-2019,2019,2019,0,11,11.0,39.0,0.0,292.0,10.0,Feb-23,29.2,7.48,23.4,0.0,0.0,0.91,0.13,0.68,0.0,2019-2019,2019,2019,0,11,11.0,4.0,4.0,0.0,0.0,4.0,,0.363,0.36,0.36,0.0,True,True,All-rounder
K Dasan (),2019-2019,2019,2019,0,3,3.0,0.0,114.0,74,74.0,0,38.0,108.0,105.55,0.0,1.0,0.0,10.0,2.0,38.0,0.0,33.33,65.02,2019-2019,2019,2019,0,3,2.0,8.0,0.0,52.0,4.0,Mar-23,13.0,6.5,12.0,0.0,0.0,1.33,0.15,0.98,0.0,2019-2019,2019,2019,0,3,3.0,1.0,1.0,0.0,0.0,1.0,,0.333,0.33,0.33,0.0,True,True,All-rounder
K Doriga (PNG),2019-2019,2019,2019,0,17,11.0,1.0,106.0,43*,43.0,1,10.6,103.0,102.91,0.0,0.0,0.0,3.0,3.0,6.24,0.0,0.0,47.52,2019-2019,2019,2019,0,17,,,,,,-,,,,,,,,,,2019-2019,2019,2019,0,17,17.0,16.0,15.0,1.0,15.0,0.0,,0.941,0.88,0.94,0.06,True,True,All-rounder
K Dorji (BHU),2019-2019,2019,2019,0,2,,,,-,,0,,,,,,,,,,,,,2019-2019,2019,2019,0,2,2.0,7.0,0.0,69.0,2.0,Feb-45,34.5,9.85,21.0,0.0,0.0,1.0,0.1,0.73,0.0,2019-2019,2019,2019,0,2,2.0,0.0,0.0,0.0,0.0,0.0,0.0,0.0,0.0,0.0,0.0,True,True,All-rounder
K Gore (USA),2019-2019,2019,2019,0,4,1.0,1.0,4.0,4*,4.0,1,,3.0,133.33,0.0,0.0,0.0,0.0,0.0,1.0,0.0,0.0,,2019-2019,2019,2019,0,4,4.0,16.0,2.0,70.0,8.0,03-May,8.75,4.37,12.0,0.0,0.0,2.0,0.23,1.47,0.0,2019-2019,2019,2019,0,4,4.0,1.0,1.0,0.0,0.0,1.0,,0.25,0.25,0.25,0.0,True,True,All-rounder
K Gupta (Chile),2019-2019,2019,2019,0,4,4.0,1.0,46.0,19*,19.0,1,15.33,64.0,71.87,0.0,0.0,1.0,1.0,0.0,11.5,0.0,0.0,37.95,2019-2019,2019,2019,0,4,,,,,,-,,,,,,,,,,2019-2019,2019,2019,0,4,4.0,4.0,3.0,1.0,3.0,0.0,,1.0,0.75,1.0,0.25,True,True,All-rounder
K Jethi (CAN),2008-2008,2008,2008,0,5,5.0,1.0,41.0,24,24.0,0,10.25,59.0,69.49,0.0,0.0,1.0,0.0,2.0,8.2,0.0,0.0,33.95,2008-2008,2008,2008,0,5,,,,,,-,,,,,,,,,,2008-2008,2008,2008,0,5,5.0,1.0,1.0,0.0,0.0,1.0,,0.2,0.2,0.2,0.0,True,True,All-rounder
K Joshi (Aut),2019-2019,2019,2019,0,4,3.0,1.0,41.0,32*,32.0,1,20.5,41.0,100.0,0.0,0.0,0.0,4.0,2.0,10.25,0.0,0.0,52.3,2019-2019,2019,2019,0,4,,,,,,-,,,,,,,,,,2019-2019,2019,2019,0,4,4.0,0.0,0.0,0.0,0.0,0.0,0.0,0.0,0.0,0.0,0.0,True,True,All-rounder
K Loday (BHU),2019-2019,2019,2019,0,1,1.0,1.0,0.0,0*,0.0,1,,1.0,0.0,0.0,0.0,0.0,0.0,0.0,,0.0,0.0,,2019-2019,2019,2019,0,1,,,,,,-,,,,,,,,,,2019-2019,2019,2019,0,1,1.0,0.0,0.0,0.0,0.0,0.0,0.0,0.0,0.0,0.0,0.0,True,True,All-rounder
K Mendon (CZK-R),2019-2019,2019,2019,0,6,4.0,4.0,58.0,39*,39.0,1,,51.0,113.72,0.0,0.0,0.0,5.0,2.0,9.67,0.0,0.0,,2019-2019,2019,2019,0,6,5.0,8.4,0.0,78.0,4.0,Mar-19,19.5,9.0,13.0,0.0,0.0,0.67,0.11,0.5,0.0,2019-2019,2019,2019,0,6,6.0,0.0,0.0,0.0,0.0,0.0,0.0,0.0,0.0,0.0,0.0,True,True,All-rounder
K Modise (Botsw),2019-2019,2019,2019,0,3,3.0,0.0,16.0,10,10.0,0,5.33,16.0,100.0,0.0,0.0,1.0,2.0,1.0,5.33,0.0,0.0,43.2,2019-2019,2019,2019,0,3,2.0,5.0,0.0,41.0,3.0,Mar-18,13.66,8.2,10.0,0.0,0.0,1.0,0.12,0.74,0.0,2019-2019,2019,2019,0,3,3.0,1.0,1.0,0.0,0.0,1.0,,0.333,0.33,0.33,0.0,True,True,All-rounder
K Motlhanka (Botsw),2019-2019,2019,2019,0,7,7.0,0.0,115.0,59,59.0,0,16.42,123.0,93.49,0.0,1.0,0.0,11.0,2.0,16.43,0.0,14.29,47.25,2019-2019,2019,2019,0,7,,,,,,-,,,,,,,,,,2019-2019,2019,2019,0,7,7.0,7.0,3.0,4.0,3.0,0.0,,1.0,0.43,1.0,0.57,True,True,All-rounder
K Nestor (GIBR),2019-2019,2019,2019,0,4,4.0,1.0,33.0,16,16.0,0,11.0,35.0,94.28,0.0,0.0,0.0,1.0,2.0,8.25,0.0,0.0,44.31,2019-2019,2019,2019,0,4,2.0,6.2,0.0,54.0,0.0,-,,8.52,,0.0,0.0,0.0,0.12,0.04,0.0,2019-2019,2019,2019,0,4,4.0,2.0,2.0,0.0,0.0,2.0,,0.5,0.5,0.5,0.0,True,True,All-rounder
K Nima (BHU),2019-2019,2019,2019,0,1,1.0,1.0,2.0,2*,2.0,1,,3.0,66.66,0.0,0.0,0.0,0.0,0.0,2.0,0.0,0.0,,2019-2019,2019,2019,0,1,1.0,3.0,0.0,22.0,1.0,Jan-22,22.0,7.33,18.0,0.0,0.0,1.0,0.14,0.74,0.0,2019-2019,2019,2019,0,1,1.0,0.0,0.0,0.0,0.0,0.0,0.0,0.0,0.0,0.0,0.0,True,True,All-rounder
K Pala (PNG),2015-2015,2015,2015,0,2,2.0,1.0,41.0,22*,22.0,1,41.0,30.0,136.66,0.0,0.0,0.0,4.0,2.0,20.5,0.0,0.0,79.26,2015-2015,2015,2015,0,2,,,,,,-,,,,,,,,,,2015-2015,2015,2015,0,2,2.0,1.0,1.0,0.0,0.0,1.0,,0.5,0.5,0.5,0.0,True,True,All-rounder
K Pierre (WI),2018-2019,2018,2019,1,8,4.0,2.0,17.0,9*,9.0,1,8.5,23.0,73.91,0.0,0.0,0.0,2.0,0.0,2.13,0.0,0.0,34.66,2018-2019,2018,2019,1,8,8.0,23.0,0.0,203.0,5.0,Feb-44,40.6,8.82,27.6,0.0,0.0,0.63,0.11,0.47,0.0,2018-2019,2018,2019,1,8,8.0,1.0,1.0,0.0,0.0,1.0,,0.125,0.13,0.13,0.0,True,True,All-rounder
K Rabada (SA),2014-2019,2014,2019,5,21,4.0,2.0,5.0,5*,5.0,1,2.5,12.0,41.66,0.0,0.0,2.0,0.0,0.0,0.24,0.0,0.0,18.16,2014-2019,2014,2019,5,21,21.0,77.2,0.0,648.0,28.0,Mar-30,23.14,8.37,16.5,0.0,0.0,1.33,0.12,0.97,0.0,2014-2019,2014,2019,5,21,21.0,3.0,3.0,0.0,0.0,3.0,,0.142,0.14,0.14,0.0,True,True,All-rounder
K Santokie (WI),2011-2014,2011,2014,3,12,1.0,1.0,0.0,0*,0.0,1,,0.0,,0.0,0.0,0.0,0.0,0.0,,0.0,0.0,,2011-2014,2011,2014,3,12,12.0,40.5,0.0,278.0,18.0,Apr-21,15.44,6.8,13.6,1.0,0.0,1.5,0.15,1.09,0.0,2011-2014,2011,2014,3,12,12.0,1.0,1.0,0.0,0.0,1.0,,0.083,0.08,0.08,0.0,True,True,All-rounder
K Senamontree (THAI),2019-2019,2019,2019,0,2,,,,-,,0,,,,,,,,,,,,,2019-2019,2019,2019,0,2,2.0,2.0,0.0,29.0,0.0,-,,14.5,,0.0,0.0,0.0,0.07,0.02,0.0,2019-2019,2019,2019,0,2,2.0,0.0,0.0,0.0,0.0,0.0,0.0,0.0,0.0,0.0,0.0,True,True,All-rounder
K Suttisan (THAI),2019-2019,2019,2019,0,2,2.0,0.0,4.0,4,4.0,0,2.0,5.0,80.0,0.0,0.0,1.0,1.0,0.0,2.0,0.0,0.0,33.2,2019-2019,2019,2019,0,2,,,,,,-,,,,,,,,,,2019-2019,2019,2019,0,2,2.0,2.0,2.0,0.0,0.0,2.0,,1.0,1.0,1.0,0.0,True,True,All-rounder
K Weeraratne (SL),2008-2009,2008,2009,1,5,5.0,2.0,49.0,20*,20.0,1,16.33,45.0,108.88,0.0,0.0,0.0,4.0,1.0,9.8,0.0,0.0,53.35,2008-2009,2008,2009,1,5,5.0,15.0,0.0,126.0,4.0,Apr-19,31.5,8.4,22.5,1.0,0.0,0.8,0.12,0.6,0.0,2008-2009,2008,2009,1,5,5.0,4.0,4.0,0.0,0.0,4.0,,0.8,0.8,0.8,0.0,True,True,All-rounder
KA Pollard (WI),2008-2019,2008,2019,11,68,58.0,12.0,1058.0,68,68.0,0,23.0,819.0,129.18,0.0,4.0,1.0,69.0,61.0,15.56,0.0,5.88,65.47,2008-2019,2008,2019,11,68,44.0,97.0,0.0,830.0,28.0,Mar-30,29.64,8.55,20.7,0.0,0.0,0.41,0.12,0.32,0.0,2008-2019,2008,2019,11,68,68.0,34.0,34.0,0.0,0.0,34.0,,0.5,0.5,0.5,0.0,True,True,All-rounder
KA Reynolds (Blz),2019-2019,2019,2019,0,3,,,,-,,0,,,,,,,,,,,,,2019-2019,2019,2019,0,3,3.0,11.0,0.0,60.0,6.0,Mar-26,10.0,5.45,11.0,0.0,0.0,2.0,0.18,1.46,0.0,2019-2019,2019,2019,0,3,3.0,3.0,3.0,0.0,0.0,3.0,,1.0,1.0,1.0,0.0,True,True,All-rounder
KAJ Roach (WI),2008-2012,2008,2012,4,11,1.0,1.0,3.0,3*,3.0,1,,2.0,150.0,0.0,0.0,0.0,0.0,0.0,0.27,0.0,0.0,,2008-2012,2008,2012,4,11,11.0,39.0,1.0,284.0,10.0,Feb-25,28.4,7.28,23.4,0.0,0.0,0.91,0.14,0.68,0.0,2008-2012,2008,2012,4,11,11.0,1.0,1.0,0.0,0.0,1.0,,0.09,0.09,0.09,0.0,True,True,All-rounder
KB Ratilal (PNM),2019-2019,2019,2019,0,3,1.0,1.0,1.0,1*,1.0,1,,2.0,50.0,0.0,0.0,0.0,0.0,0.0,0.33,0.0,0.0,,2019-2019,2019,2019,0,3,3.0,12.0,0.0,61.0,3.0,Feb-18,20.33,5.08,24.0,0.0,0.0,1.0,0.2,0.76,0.0,2019-2019,2019,2019,0,3,3.0,0.0,0.0,0.0,0.0,0.0,0.0,0.0,0.0,0.0,0.0,True,True,All-rounder
KC Hodsoll (BMUDA),2008-2008,2008,2008,0,1,1.0,0.0,0.0,0,0.0,0,0.0,1.0,0.0,0.0,0.0,1.0,0.0,0.0,,0.0,0.0,0.0,2008-2008,2008,2008,0,1,1.0,1.0,0.0,8.0,0.0,-,,8.0,,0.0,0.0,0.0,0.13,0.04,0.0,2008-2008,2008,2008,0,1,1.0,0.0,0.0,0.0,0.0,0.0,0.0,0.0,0.0,0.0,0.0,True,True,All-rounder
KC Sangakkara (SL),2006-2014,2006,2014,8,56,53.0,9.0,1382.0,78,78.0,0,31.4,1156.0,119.55,0.0,8.0,2.0,139.0,20.0,24.68,0.0,14.29,66.66,2006-2014,2006,2014,8,56,,,,,,-,,,,,,,,,,2006-2014,2006,2014,8,56,56.0,45.0,25.0,20.0,25.0,0.0,,0.803,0.45,0.8,0.36,True,True,All-rounder
KD Karthik (ICC/INDIA),2006-2019,2006,2019,13,32,26.0,14.0,399.0,48,48.0,0,33.25,278.0,143.52,0.0,0.0,2.0,42.0,15.0,12.47,0.0,0.0,77.36,2006-2019,2006,2019,13,32,,,,,,-,,,,,,,,,,2006-2019,2006,2019,13,32,31.0,19.0,14.0,5.0,6.0,8.0,,0.612,0.44,0.59,0.16,True,True,All-rounder
KD Mills (NZ),2005-2014,2005,2014,9,42,19.0,7.0,137.0,33*,33.0,1,11.41,123.0,111.38,0.0,0.0,4.0,11.0,5.0,3.26,0.0,0.0,51.4,2005-2014,2005,2014,9,42,42.0,149.3,1.0,1228.0,43.0,Mar-26,28.55,8.21,20.8,0.0,0.0,1.02,0.12,0.75,0.0,2005-2014,2005,2014,9,42,42.0,8.0,8.0,0.0,0.0,8.0,,0.19,0.19,0.19,0.0,True,True,All-rounder
KD Shah (HKG),2014-2019,2014,2019,5,26,22.0,3.0,351.0,79,79.0,0,18.47,340.0,103.23,0.0,2.0,3.0,26.0,10.0,13.5,0.0,7.69,52.37,2014-2019,2014,2019,5,26,9.0,24.0,1.0,190.0,5.0,Feb-31,38.0,7.91,28.8,0.0,0.0,0.19,0.13,0.17,0.0,2014-2019,2014,2019,5,26,26.0,5.0,5.0,0.0,0.0,5.0,,0.192,0.19,0.19,0.0,True,True,All-rounder
KDK Vithanage (SL),2014-2016,2014,2016,2,3,3.0,0.0,40.0,38,38.0,0,13.33,34.0,117.64,0.0,0.0,0.0,7.0,0.0,13.33,0.0,0.0,55.05,2014-2016,2014,2016,2,3,,,,,,-,,,,,,,,,,2014-2016,2014,2016,2,3,3.0,1.0,1.0,0.0,0.0,1.0,,0.333,0.33,0.33,0.0,True,True,All-rounder
KH Pandya (INDIA),2018-2019,2018,2019,1,18,9.0,4.0,121.0,26*,26.0,1,24.2,92.0,131.52,0.0,0.0,0.0,8.0,6.0,6.72,0.0,0.0,67.13,2018-2019,2018,2019,1,18,18.0,66.2,1.0,538.0,14.0,Apr-36,38.42,8.11,28.4,1.0,0.0,0.78,0.12,0.58,0.0,2018-2019,2018,2019,1,18,18.0,7.0,7.0,0.0,0.0,7.0,,0.388,0.39,0.39,0.0,True,True,All-rounder
KJ Abbott (SA),2013-2016,2013,2016,3,21,6.0,4.0,23.0,9*,9.0,1,11.5,20.0,115.0,0.0,0.0,0.0,2.0,0.0,1.1,0.0,0.0,52.9,2013-2016,2013,2016,3,21,21.0,72.4,0.0,579.0,26.0,Mar-20,22.26,7.96,16.7,0.0,0.0,1.24,0.13,0.9,0.0,2013-2016,2013,2016,3,21,21.0,7.0,7.0,0.0,0.0,7.0,,0.333,0.33,0.33,0.0,True,True,All-rounder
KJ Coetzer (SCOT),2008-2019,2008,2019,11,58,56.0,2.0,1386.0,89,89.0,0,25.66,1136.0,122.0,0.0,6.0,3.0,144.0,45.0,23.9,0.0,10.34,64.2,2008-2019,2008,2019,11,58,5.0,11.0,0.0,71.0,5.0,Mar-25,14.2,6.45,13.2,0.0,0.0,0.09,0.16,0.11,0.0,2008-2019,2008,2019,11,58,56.0,19.0,19.0,0.0,0.0,19.0,,0.339,0.33,0.33,0.0,True,True,All-rounder
KJ O'Brien (IRE),2008-2019,2008,2019,11,90,83.0,10.0,1504.0,124,124.0,0,20.6,1124.0,133.8,1.0,3.0,10.0,117.0,69.0,16.71,1.11,3.33,65.88,2008-2019,2008,2019,11,90,51.0,150.3,0.0,1134.0,58.0,Apr-45,19.55,7.53,15.5,1.0,0.0,0.64,0.13,0.49,0.0,2008-2019,2008,2019,11,90,86.0,34.0,34.0,0.0,0.0,34.0,,0.395,0.38,0.38,0.0,True,True,All-rounder
KJ Young (Blz),2019-2019,2019,2019,0,3,3.0,2.0,42.0,27*,27.0,1,42.0,34.0,123.52,0.0,0.0,0.0,3.0,1.0,14.0,0.0,0.0,74.61,2019-2019,2019,2019,0,3,,,,,,-,,,,,,,,,,2019-2019,2019,2019,0,3,3.0,3.0,3.0,0.0,3.0,0.0,,1.0,1.0,1.0,0.0,True,True,All-rounder
KK Ahmed (INDIA),2018-2019,2018,2019,1,14,1.0,1.0,1.0,1*,1.0,1,,1.0,100.0,0.0,0.0,0.0,0.0,0.0,0.07,0.0,0.0,,2018-2019,2018,2019,1,14,14.0,52.0,1.0,459.0,13.0,Feb-27,35.3,8.82,24.0,0.0,0.0,0.93,0.11,0.68,0.0,2018-2019,2018,2019,1,14,14.0,3.0,3.0,0.0,0.0,3.0,,0.214,0.21,0.21,0.0,True,True,All-rounder
KK Ahuja (Mex),2019-2019,2019,2019,0,8,7.0,0.0,28.0,8,8.0,0,4.0,50.0,56.0,0.0,0.0,1.0,1.0,1.0,3.5,0.0,0.0,24.8,2019-2019,2019,2019,0,8,,,,,,-,,,,,,,,,,2019-2019,2019,2019,0,8,8.0,5.0,2.0,3.0,1.0,1.0,,0.625,0.25,0.63,0.38,True,True,All-rounder
KK Bishnoi (),2019-2019,2019,2019,0,3,2.0,1.0,16.0,14,14.0,0,16.0,18.0,88.88,0.0,0.0,0.0,1.0,0.0,5.33,0.0,0.0,45.15,2019-2019,2019,2019,0,3,2.0,3.0,0.0,27.0,0.0,-,,9.0,,0.0,0.0,0.0,0.11,0.03,0.0,2019-2019,2019,2019,0,3,3.0,0.0,0.0,0.0,0.0,0.0,0.0,0.0,0.0,0.0,0.0,True,True,All-rounder
KK Flowers (Blz),2019-2019,2019,2019,0,3,3.0,1.0,20.0,17,17.0,0,10.0,33.0,60.6,0.0,0.0,1.0,3.0,0.0,6.67,0.0,0.0,30.24,2019-2019,2019,2019,0,3,1.0,2.0,0.0,16.0,1.0,Jan-16,16.0,8.0,12.0,0.0,0.0,0.33,0.13,0.27,0.0,2019-2019,2019,2019,0,3,3.0,0.0,0.0,0.0,0.0,0.0,0.0,0.0,0.0,0.0,0.0,True,True,All-rounder
KL Rahul (INDIA),2016-2019,2016,2019,3,34,31.0,5.0,1138.0,110*,110.0,1,43.76,777.0,146.46,2.0,8.0,1.0,102.0,50.0,33.47,5.88,23.53,84.84,2016-2019,2016,2019,3,34,,,,,,-,,,,,,,,,,2016-2019,2016,2019,3,34,34.0,13.0,13.0,0.0,0.0,13.0,,0.382,0.38,0.38,0.0,True,True,All-rounder
KM Dabengwa (ZIM),2006-2010,2006,2010,4,8,7.0,3.0,46.0,16*,16.0,1,11.5,40.0,115.0,0.0,0.0,0.0,4.0,2.0,5.75,0.0,0.0,52.9,2006-2010,2006,2010,4,8,7.0,11.0,0.0,106.0,2.0,01-Jan,53.0,9.63,33.0,0.0,0.0,0.25,0.1,0.21,0.0,2006-2010,2006,2010,4,8,8.0,2.0,2.0,0.0,0.0,2.0,,0.25,0.25,0.25,0.0,True,True,All-rounder
KM Jadhav (INDIA),2015-2017,2015,2017,2,9,6.0,0.0,122.0,58,58.0,0,20.33,99.0,123.23,0.0,1.0,0.0,12.0,3.0,13.56,0.0,11.11,61.49,2015-2017,2015,2017,2,9,,,,,,-,,,,,,,,,,2015-2017,2015,2017,2,9,9.0,1.0,1.0,0.0,0.0,1.0,,0.111,0.11,0.11,0.0,True,True,All-rounder
KM Jarvis (ZIM),2011-2019,2011,2019,8,22,12.0,5.0,55.0,27,27.0,0,7.85,64.0,85.93,0.0,0.0,4.0,1.0,4.0,2.5,0.0,0.0,39.08,2011-2019,2011,2019,8,22,22.0,74.4,0.0,665.0,28.0,Mar-15,23.75,8.9,16.0,0.0,0.0,1.27,0.11,0.92,0.0,2011-2019,2011,2019,8,22,22.0,5.0,5.0,0.0,0.0,5.0,,0.227,0.23,0.23,0.0,True,True,All-rounder
KM Silva (),2019-2019,2019,2019,0,3,2.0,0.0,1.0,1,1.0,0,0.5,6.0,16.66,0.0,0.0,1.0,0.0,0.0,0.33,0.0,0.0,6.96,2019-2019,2019,2019,0,3,2.0,3.0,0.0,18.0,3.0,02-Jan,6.0,6.0,6.0,0.0,0.0,1.0,0.17,0.75,0.0,2019-2019,2019,2019,0,3,3.0,0.0,0.0,0.0,0.0,0.0,0.0,0.0,0.0,0.0,0.0,True,True,All-rounder
KMA Paul (WI),2018-2019,2018,2019,1,18,12.0,5.0,142.0,29,29.0,0,20.28,123.0,115.44,0.0,0.0,0.0,8.0,8.0,7.89,0.0,0.0,58.34,2018-2019,2018,2019,1,18,18.0,65.0,0.0,540.0,24.0,May-15,22.5,8.3,16.2,0.0,1.0,1.33,0.12,0.97,0.056,2018-2019,2018,2019,1,18,18.0,2.0,2.0,0.0,0.0,2.0,,0.111,0.11,0.11,0.0,True,True,All-rounder
KMC Bandara (SL),2016-2016,2016,2016,0,1,1.0,1.0,2.0,2*,2.0,1,,4.0,50.0,0.0,0.0,0.0,0.0,0.0,2.0,0.0,0.0,,2016-2016,2016,2016,0,1,1.0,1.0,0.0,11.0,0.0,-,,11.0,,0.0,0.0,0.0,0.09,0.03,0.0,2016-2016,2016,2016,0,1,1.0,0.0,0.0,0.0,0.0,0.0,0.0,0.0,0.0,0.0,0.0,True,True,All-rounder
KMDN Kulasekara (SL),2008-2017,2008,2017,9,58,30.0,9.0,215.0,31,31.0,0,10.23,184.0,116.84,0.0,0.0,4.0,14.0,7.0,3.71,0.0,0.0,52.87,2008-2017,2008,2017,9,58,58.0,205.1,6.0,1530.0,66.0,Apr-31,23.18,7.45,18.6,2.0,0.0,1.14,0.13,0.84,0.0,2008-2017,2008,2017,9,58,58.0,17.0,17.0,0.0,0.0,17.0,,0.293,0.29,0.29,0.0,True,True,All-rounder
KO Meth (ZIM),2012-2012,2012,2012,0,2,1.0,1.0,6.0,6*,6.0,1,,6.0,100.0,0.0,0.0,0.0,0.0,0.0,3.0,0.0,0.0,,2012-2012,2012,2012,0,2,2.0,7.0,0.0,64.0,0.0,-,,9.14,,0.0,0.0,0.0,0.11,0.03,0.0,2012-2012,2012,2012,0,2,2.0,1.0,1.0,0.0,0.0,1.0,,0.5,0.5,0.5,0.0,True,True,All-rounder
KO Otieno (KENYA),2008-2008,2008,2008,0,4,4.0,0.0,74.0,40,40.0,0,18.5,79.0,93.67,0.0,0.0,0.0,5.0,2.0,18.5,0.0,0.0,48.57,2008-2008,2008,2008,0,4,,,,,,-,,,,,,,,,,2008-2008,2008,2008,0,4,4.0,2.0,2.0,0.0,0.0,2.0,,0.5,0.5,0.5,0.0,True,True,All-rounder
KOA Powell (WI),2014-2014,2014,2014,0,1,1.0,0.0,12.0,12,12.0,0,12.0,14.0,85.71,0.0,0.0,0.0,1.0,0.0,12.0,0.0,0.0,41.48,2014-2014,2014,2014,0,1,,,,,,-,,,,,,,,,,2014-2014,2014,2014,0,1,1.0,1.0,1.0,0.0,0.0,1.0,,1.0,1.0,1.0,0.0,True,True,All-rounder
KOK Williams (WI),2016-2019,2016,2019,3,24,7.0,4.0,19.0,13*,13.0,1,6.33,17.0,111.76,0.0,0.0,1.0,1.0,1.0,0.79,0.0,0.0,48.5,2016-2019,2016,2019,3,24,24.0,86.5,2.0,724.0,41.0,Apr-28,17.65,8.33,12.7,1.0,0.0,1.71,0.12,1.23,0.0,2016-2019,2016,2019,3,24,24.0,7.0,7.0,0.0,0.0,7.0,,0.291,0.29,0.29,0.0,True,True,All-rounder
KP Pietersen (ENG),2005-2013,2005,2013,8,37,36.0,5.0,1176.0,79,79.0,0,37.93,831.0,141.51,0.0,7.0,1.0,119.0,32.0,31.78,0.0,18.92,79.36,2005-2013,2005,2013,8,37,3.0,5.0,0.0,53.0,1.0,Jan-27,53.0,10.6,30.0,0.0,0.0,0.03,0.09,0.05,0.0,2005-2013,2005,2013,8,37,36.0,14.0,14.0,0.0,0.0,14.0,,0.388,0.38,0.38,0.0,True,True,All-rounder
KR Ebanks (Caym),2019-2019,2019,2019,0,5,4.0,0.0,15.0,8,8.0,0,3.75,27.0,55.55,0.0,0.0,1.0,1.0,0.0,3.0,0.0,0.0,24.47,2019-2019,2019,2019,0,5,5.0,11.0,0.0,104.0,1.0,Jan-25,104.0,9.45,66.0,0.0,0.0,0.2,0.11,0.17,0.0,2019-2019,2019,2019,0,5,5.0,0.0,0.0,0.0,0.0,0.0,0.0,0.0,0.0,0.0,0.0,True,True,All-rounder
KRP Silva (USA),2019-2019,2019,2019,0,2,2.0,0.0,32.0,25,25.0,0,16.0,12.0,266.66,0.0,0.0,0.0,2.0,3.0,16.0,0.0,0.0,116.26,2019-2019,2019,2019,0,2,1.0,2.0,0.0,19.0,0.0,-,,9.5,,0.0,0.0,0.0,0.11,0.03,0.0,2019-2019,2019,2019,0,2,2.0,1.0,1.0,0.0,0.0,1.0,,0.5,0.5,0.5,0.0,True,True,All-rounder
KS Bagabena (Ghana),2019-2019,2019,2019,0,4,3.0,2.0,32.0,23*,23.0,1,32.0,32.0,100.0,0.0,0.0,1.0,1.0,0.0,8.0,0.0,0.0,59.2,2019-2019,2019,2019,0,4,4.0,4.5,0.0,56.0,0.0,-,,11.58,,0.0,0.0,0.0,0.09,0.03,0.0,2019-2019,2019,2019,0,4,4.0,1.0,1.0,0.0,0.0,1.0,,0.25,0.25,0.25,0.0,True,True,All-rounder
KS Leverock (BMUDA),2019-2019,2019,2019,0,12,12.0,2.0,201.0,43*,43.0,1,20.1,165.0,121.81,0.0,0.0,3.0,16.0,11.0,16.75,0.0,0.0,60.78,2019-2019,2019,2019,0,12,8.0,26.0,0.0,210.0,9.0,Mar-19,23.33,8.07,17.3,0.0,0.0,0.75,0.12,0.56,0.0,2019-2019,2019,2019,0,12,12.0,3.0,3.0,0.0,0.0,3.0,,0.25,0.25,0.25,0.0,True,True,All-rounder
KS Lokuarachchi (SL),2012-2012,2012,2012,0,2,2.0,0.0,11.0,11,11.0,0,5.5,13.0,84.61,0.0,0.0,1.0,1.0,0.0,5.5,0.0,0.0,37.14,2012-2012,2012,2012,0,2,2.0,6.0,0.0,48.0,2.0,Feb-31,24.0,8.0,18.0,0.0,0.0,1.0,0.13,0.74,0.0,2012-2012,2012,2012,0,2,2.0,1.0,1.0,0.0,0.0,1.0,,0.5,0.5,0.5,0.0,True,True,All-rounder
KS Williamson (NZ),2011-2019,2011,2019,8,57,55.0,7.0,1505.0,73*,73.0,1,31.35,1236.0,121.76,0.0,9.0,2.0,158.0,26.0,26.4,0.0,15.79,67.51,2011-2019,2011,2019,8,57,12.0,19.4,0.0,164.0,6.0,Feb-16,27.33,8.33,19.6,0.0,0.0,0.11,0.12,0.11,0.0,2011-2019,2011,2019,8,57,56.0,27.0,27.0,0.0,0.0,27.0,,0.482,0.47,0.47,0.0,True,True,All-rounder
KTGD Prasad (SL),2011-2011,2011,2011,0,1,,,,-,,0,,,,,,,,,,,,,2011-2011,2011,2011,0,1,1.0,3.0,0.0,37.0,0.0,-,,12.33,,0.0,0.0,0.0,0.08,0.02,0.0,2011-2011,2011,2011,0,1,1.0,0.0,0.0,0.0,0.0,0.0,0.0,0.0,0.0,0.0,0.0,True,True,All-rounder
KV Sharma (INDIA),2014-2014,2014,2014,0,1,,,,-,,0,,,,,,,,,,,,,2014-2014,2014,2014,0,1,1.0,4.0,0.0,28.0,1.0,Jan-28,28.0,7.0,24.0,0.0,0.0,1.0,0.14,0.74,0.0,2014-2014,2014,2014,0,1,1.0,0.0,0.0,0.0,0.0,0.0,0.0,0.0,0.0,0.0,0.0,True,True,All-rounder
KW Richardson (AUS),2014-2019,2014,2019,5,15,2.0,0.0,9.0,9,9.0,0,4.5,8.0,112.5,0.0,0.0,1.0,0.0,0.0,0.6,0.0,0.0,47.7,2014-2019,2014,2019,5,15,15.0,56.0,0.0,447.0,17.0,Mar-18,26.29,7.98,19.7,0.0,0.0,1.13,0.13,0.83,0.0,2014-2019,2014,2019,5,15,15.0,8.0,8.0,0.0,0.0,8.0,,0.533,0.53,0.53,0.0,True,True,All-rounder
Kaleem Shah (Moz),2019-2019,2019,2019,0,7,7.0,1.0,176.0,72*,72.0,1,29.33,170.0,103.52,0.0,1.0,1.0,21.0,4.0,25.14,0.0,14.29,59.01,2019-2019,2019,2019,0,7,6.0,17.0,0.0,130.0,3.0,Feb-24,43.33,7.64,34.0,0.0,0.0,0.43,0.13,0.34,0.0,2019-2019,2019,2019,0,7,6.0,1.0,1.0,0.0,0.0,1.0,,0.166,0.14,0.14,0.0,True,True,All-rounder
Kaleemullah (OMAN),2017-2019,2017,2019,2,6,2.0,0.0,9.0,9,9.0,0,4.5,7.0,128.57,0.0,0.0,1.0,0.0,1.0,1.5,0.0,0.0,54.13,2017-2019,2017,2019,2,6,6.0,19.0,1.0,132.0,3.0,Feb-23,44.0,6.94,38.0,0.0,0.0,0.5,0.14,0.39,0.0,2017-2019,2017,2019,2,6,6.0,0.0,0.0,0.0,0.0,0.0,0.0,0.0,0.0,0.0,0.0,True,True,All-rounder
Kamran Akmal (PAK),2006-2017,2006,2017,11,58,53.0,6.0,987.0,73,73.0,0,21.0,825.0,119.63,0.0,5.0,7.0,100.0,31.0,17.02,0.0,8.62,60.45,2006-2017,2006,2017,11,58,,,,,,-,,,,,,,,,,2006-2017,2006,2017,11,58,58.0,60.0,28.0,32.0,28.0,0.0,,1.034,0.48,1.03,0.55,True,True,All-rounder
Kamran Khan (QAT),2019-2019,2019,2019,0,14,14.0,1.0,295.0,52,52.0,0,22.69,220.0,134.09,0.0,2.0,0.0,26.0,17.0,21.07,0.0,14.29,67.25,2019-2019,2019,2019,0,14,2.0,4.1,0.0,48.0,0.0,-,,11.52,,0.0,0.0,0.0,0.09,0.03,0.0,2019-2019,2019,2019,0,14,14.0,6.0,6.0,0.0,0.0,6.0,,0.428,0.43,0.43,0.0,True,True,All-rounder
Kamran Shazad (UAE),2014-2014,2014,2014,0,3,2.0,0.0,21.0,21,21.0,0,10.5,17.0,123.52,0.0,0.0,1.0,1.0,2.0,7.0,0.0,0.0,55.71,2014-2014,2014,2014,0,3,3.0,8.4,0.0,77.0,2.0,Feb-19,38.5,8.88,26.0,0.0,0.0,0.67,0.11,0.5,0.0,2014-2014,2014,2014,0,3,3.0,1.0,1.0,0.0,0.0,1.0,,0.333,0.33,0.33,0.0,True,True,All-rounder
Karan KC (NEPAL),2015-2019,2015,2019,4,25,16.0,5.0,173.0,40*,40.0,1,15.72,126.0,137.3,0.0,0.0,2.0,9.0,12.0,6.92,0.0,0.0,64.35,2015-2019,2015,2019,4,25,25.0,82.3,0.0,631.0,33.0,Apr-17,19.12,7.64,15.0,2.0,0.0,1.32,0.13,0.96,0.0,2015-2019,2015,2019,4,25,25.0,9.0,9.0,0.0,0.0,9.0,,0.36,0.36,0.36,0.0,True,True,All-rounder
Karim Janat (AFG),2016-2019,2016,2019,3,21,13.0,2.0,145.0,26,26.0,0,13.18,140.0,103.57,0.0,0.0,2.0,11.0,6.0,6.9,0.0,0.0,49.34,2016-2019,2016,2019,3,21,21.0,73.0,0.0,614.0,24.0,05-Nov,25.58,8.41,18.2,0.0,1.0,1.14,0.12,0.84,0.048,2016-2019,2016,2019,3,21,21.0,5.0,5.0,0.0,0.0,5.0,,0.238,0.24,0.24,0.0,True,True,All-rounder
Karim Sadiq (AFG),2010-2018,2010,2018,8,36,36.0,0.0,538.0,72,72.0,0,14.94,493.0,109.12,0.0,1.0,4.0,61.0,10.0,14.94,0.0,2.78,52.61,2010-2018,2010,2018,8,36,28.0,70.0,0.0,482.0,14.0,Mar-17,34.42,6.88,30.0,0.0,0.0,0.39,0.15,0.32,0.0,2010-2018,2010,2018,8,36,36.0,6.0,6.0,0.0,0.0,6.0,,0.166,0.17,0.17,0.0,True,True,All-rounder
Karweng NG (PHI),2019-2019,2019,2019,0,4,3.0,0.0,21.0,14,14.0,0,7.0,30.0,70.0,0.0,0.0,0.0,0.0,1.0,5.25,0.0,0.0,32.2,2019-2019,2019,2019,0,4,3.0,9.0,0.0,81.0,0.0,-,,9.0,,0.0,0.0,0.0,0.11,0.03,0.0,2019-2019,2019,2019,0,4,4.0,2.0,2.0,0.0,0.0,2.0,,0.5,0.5,0.5,0.0,True,True,All-rounder
Khalid Latif (PAK),2008-2016,2008,2016,8,13,13.0,2.0,237.0,59*,59.0,1,21.54,229.0,103.49,0.0,1.0,1.0,25.0,6.0,18.23,0.0,7.69,54.32,2008-2016,2008,2016,8,13,,,,,,-,,,,,,,,,,2008-2016,2008,2016,8,13,13.0,4.0,4.0,0.0,0.0,4.0,,0.307,0.31,0.31,0.0,True,True,All-rounder
Khawar Ali (OMAN),2015-2019,2015,2019,4,29,28.0,0.0,453.0,50,50.0,0,16.17,482.0,93.98,0.0,1.0,2.0,48.0,12.0,15.62,0.0,3.45,47.29,2015-2019,2015,2019,4,29,27.0,82.0,0.0,534.0,29.0,Apr-16,18.41,6.51,16.9,1.0,0.0,1.0,0.15,0.75,0.0,2015-2019,2015,2019,4,29,28.0,11.0,11.0,0.0,0.0,11.0,,0.392,0.38,0.38,0.0,True,True,All-rounder
Khizer Ahmed (NOR),2019-2019,2019,2019,0,5,4.0,2.0,32.0,18,18.0,0,16.0,47.0,68.08,0.0,0.0,0.0,1.0,0.0,6.4,0.0,0.0,36.83,2019-2019,2019,2019,0,5,,,,,,-,,,,,,,,,,2019-2019,2019,2019,0,5,5.0,1.0,0.0,1.0,0.0,0.0,,0.2,0.0,0.2,0.2,True,True,All-rounder
Khurram Chohan (CAN),2010-2010,2010,2010,0,4,4.0,2.0,18.0,8,8.0,0,9.0,14.0,128.57,0.0,0.0,0.0,1.0,1.0,4.5,0.0,0.0,56.83,2010-2010,2010,2010,0,4,4.0,12.1,0.0,106.0,1.0,Jan-24,106.0,8.71,73.0,0.0,0.0,0.25,0.11,0.21,0.0,2010-2010,2010,2010,0,4,4.0,1.0,1.0,0.0,0.0,1.0,,0.25,0.25,0.25,0.0,True,True,All-rounder
Khurram Khan (UAE),2014-2014,2014,2014,0,3,3.0,0.0,73.0,31,31.0,0,24.33,73.0,100.0,0.0,0.0,0.0,8.0,0.0,24.33,0.0,0.0,54.6,2014-2014,2014,2014,0,3,1.0,1.0,0.0,8.0,1.0,01-Aug,8.0,8.0,6.0,0.0,0.0,0.33,0.13,0.27,0.0,2014-2014,2014,2014,0,3,3.0,2.0,2.0,0.0,0.0,2.0,,0.666,0.67,0.67,0.0,True,True,All-rounder
Khurram Manzoor (PAK),2016-2016,2016,2016,0,3,3.0,0.0,11.0,10,10.0,0,3.66,27.0,40.74,0.0,0.0,1.0,1.0,0.0,3.67,0.0,0.0,18.49,2016-2016,2016,2016,0,3,,,,,,-,,,,,,,,,,2016-2016,2016,2016,0,3,3.0,0.0,0.0,0.0,0.0,0.0,0.0,0.0,0.0,0.0,0.0,True,True,All-rounder
Khurram Nawaz (OMAN),2017-2019,2017,2019,2,18,13.0,3.0,210.0,58,58.0,0,21.0,179.0,117.31,0.0,1.0,0.0,11.0,10.0,11.67,0.0,5.56,59.52,2017-2019,2017,2019,2,18,,,,,,-,,,,,,,,,,2017-2019,2017,2019,2,18,18.0,3.0,3.0,0.0,0.0,3.0,,0.166,0.17,0.17,0.0,True,True,All-rounder
Khushdil Shah (PAK),2019-2019,2019,2019,0,1,1.0,0.0,8.0,8,8.0,0,8.0,11.0,72.72,0.0,0.0,0.0,0.0,0.0,8.0,0.0,0.0,33.89,2019-2019,2019,2019,0,1,,,,,,-,,,,,,,,,,2019-2019,2019,2019,0,1,1.0,0.0,0.0,0.0,0.0,0.0,0.0,0.0,0.0,0.0,0.0,True,True,All-rounder
Kuldeep Lal (ESP),2019-2019,2019,2019,0,8,3.0,0.0,63.0,38,38.0,0,21.0,41.0,153.65,0.0,0.0,0.0,3.0,2.0,7.88,0.0,0.0,74.06,2019-2019,2019,2019,0,8,4.0,9.0,0.0,100.0,2.0,Feb-33,50.0,11.11,27.0,0.0,0.0,0.25,0.09,0.2,0.0,2019-2019,2019,2019,0,8,8.0,4.0,4.0,0.0,0.0,4.0,,0.5,0.5,0.5,0.0,True,True,All-rounder
Kuldeep Singh (PHI),2019-2019,2019,2019,0,4,3.0,0.0,8.0,6,6.0,0,2.66,16.0,50.0,0.0,0.0,0.0,0.0,0.0,2.0,0.0,0.0,21.6,2019-2019,2019,2019,0,4,,,,,,-,,,,,,,,,,2019-2019,2019,2019,0,4,4.0,1.0,1.0,0.0,0.0,1.0,,0.25,0.25,0.25,0.0,True,True,All-rounder
Kuldeep Yadav (INDIA),2017-2019,2017,2019,2,19,2.0,1.0,20.0,16,16.0,0,20.0,20.0,100.0,0.0,0.0,0.0,2.0,0.0,1.05,0.0,0.0,52.0,2017-2019,2017,2019,2,19,19.0,71.3,1.0,499.0,37.0,May-24,13.48,6.97,11.5,1.0,1.0,1.95,0.14,1.41,0.053,2017-2019,2017,2019,2,19,19.0,7.0,7.0,0.0,0.0,7.0,,0.368,0.37,0.37,0.0,True,True,All-rounder
Kushal Malla (NEPAL),2019-2019,2019,2019,0,3,2.0,0.0,7.0,5,5.0,0,3.5,15.0,46.66,0.0,0.0,0.0,1.0,0.0,2.33,0.0,0.0,20.76,2019-2019,2019,2019,0,3,2.0,4.0,0.0,38.0,0.0,-,,9.5,,0.0,0.0,0.0,0.11,0.03,0.0,2019-2019,2019,2019,0,3,3.0,0.0,0.0,0.0,0.0,0.0,0.0,0.0,0.0,0.0,0.0,True,True,All-rounder
L Balaji (INDIA),2012-2012,2012,2012,0,5,,,,-,,0,,,,,,,,,,,,,2012-2012,2012,2012,0,5,5.0,16.0,0.0,121.0,10.0,Mar-19,12.1,7.56,9.6,0.0,0.0,2.0,0.13,1.44,0.0,2012-2012,2012,2012,0,5,5.0,0.0,0.0,0.0,0.0,0.0,0.0,0.0,0.0,0.0,0.0,True,True,All-rounder
L Emilio (Moz),2019-2019,2019,2019,0,5,4.0,0.0,44.0,23,23.0,0,11.0,35.0,125.71,0.0,0.0,0.0,4.0,1.0,8.8,0.0,0.0,56.88,2019-2019,2019,2019,0,5,,,,,,-,,,,,,,,,,2019-2019,2019,2019,0,5,4.0,2.0,2.0,0.0,0.0,2.0,,0.5,0.4,0.4,0.0,True,True,All-rounder
L Evile (Samoa),2019-2019,2019,2019,0,4,1.0,0.0,6.0,6,6.0,0,6.0,7.0,85.71,0.0,0.0,0.0,1.0,0.0,1.5,0.0,0.0,37.88,2019-2019,2019,2019,0,4,4.0,12.0,1.0,67.0,3.0,1/0,22.33,5.58,24.0,0.0,0.0,0.75,0.18,0.58,0.0,2019-2019,2019,2019,0,4,4.0,1.0,1.0,0.0,0.0,1.0,,0.25,0.25,0.25,0.0,True,True,All-rounder
L Gharasim (ROM),2019-2019,2019,2019,0,2,1.0,0.0,0.0,0,0.0,0,0.0,1.0,0.0,0.0,0.0,1.0,0.0,0.0,,0.0,0.0,0.0,2019-2019,2019,2019,0,2,,,,,,-,,,,,,,,,,2019-2019,2019,2019,0,2,2.0,0.0,0.0,0.0,0.0,0.0,0.0,0.0,0.0,0.0,0.0,True,True,All-rounder
L Gregory (ENG),2019-2019,2019,2019,0,5,3.0,0.0,21.0,15,15.0,0,7.0,19.0,110.52,0.0,0.0,1.0,0.0,2.0,4.2,0.0,0.0,48.41,2019-2019,2019,2019,0,5,2.0,4.0,0.0,29.0,1.0,01-Oct,29.0,7.25,24.0,0.0,0.0,0.2,0.14,0.18,0.0,2019-2019,2019,2019,0,5,5.0,0.0,0.0,0.0,0.0,0.0,0.0,0.0,0.0,0.0,0.0,True,True,All-rounder
L Hermida (Mex),2019-2019,2019,2019,0,5,5.0,2.0,35.0,12,12.0,0,11.66,52.0,67.3,0.0,0.0,0.0,1.0,0.0,7.0,0.0,0.0,33.92,2019-2019,2019,2019,0,5,5.0,18.0,1.0,94.0,8.0,Mar-20,11.75,5.22,13.5,0.0,0.0,1.6,0.19,1.18,0.0,2019-2019,2019,2019,0,5,5.0,2.0,2.0,0.0,0.0,2.0,,0.4,0.4,0.4,0.0,True,True,All-rounder
L Louwrens (NAM),2019-2019,2019,2019,0,1,1.0,1.0,17.0,17*,17.0,1,,15.0,113.33,0.0,0.0,0.0,1.0,1.0,17.0,0.0,0.0,,2019-2019,2019,2019,0,1,,,,,,-,,,,,,,,,,2019-2019,2019,2019,0,1,1.0,0.0,0.0,0.0,0.0,0.0,0.0,0.0,0.0,0.0,0.0,True,True,All-rounder
L Ngidi (SA),2017-2018,2017,2018,1,7,2.0,1.0,6.0,4,4.0,0,6.0,9.0,66.66,0.0,0.0,0.0,0.0,0.0,0.86,0.0,0.0,30.26,2017-2018,2017,2018,1,7,7.0,20.0,0.0,128.0,11.0,Apr-19,11.63,6.4,10.9,1.0,0.0,1.57,0.16,1.15,0.0,2017-2018,2017,2018,1,7,7.0,1.0,1.0,0.0,0.0,1.0,,0.142,0.14,0.14,0.0,True,True,All-rounder
L Nou (PNG),2015-2015,2015,2015,0,3,1.0,1.0,2.0,2*,2.0,1,,3.0,66.66,0.0,0.0,0.0,0.0,0.0,0.67,0.0,0.0,,2015-2015,2015,2015,0,3,3.0,10.0,0.0,65.0,1.0,Jan-24,65.0,6.5,60.0,0.0,0.0,0.33,0.15,0.28,0.0,2015-2015,2015,2015,0,3,3.0,0.0,0.0,0.0,0.0,0.0,0.0,0.0,0.0,0.0,0.0,True,True,All-rounder
L Nussbaumer (GUE),2019-2019,2019,2019,0,1,1.0,0.0,0.0,0,0.0,0,0.0,1.0,0.0,0.0,0.0,1.0,0.0,0.0,,0.0,0.0,0.0,2019-2019,2019,2019,0,1,1.0,4.0,0.0,44.0,2.0,Feb-44,22.0,11.0,12.0,0.0,0.0,2.0,0.09,1.43,0.0,2019-2019,2019,2019,0,1,1.0,1.0,1.0,0.0,0.0,1.0,,1.0,1.0,1.0,0.0,True,True,All-rounder
L Ronchi (AUS/ICC/NZ),2008-2018,2008,2018,10,33,26.0,6.0,359.0,51*,51.0,1,17.95,256.0,140.23,0.0,1.0,5.0,30.0,14.0,10.88,0.0,3.03,66.86,2008-2018,2008,2018,10,33,,,,,,-,,,,,,,,,,2008-2018,2008,2018,10,33,33.0,30.0,24.0,6.0,24.0,0.0,,0.909,0.73,0.91,0.18,True,True,All-rounder
L Shafeeg (Mald),2019-2019,2019,2019,0,3,1.0,1.0,19.0,19*,19.0,1,,11.0,172.72,0.0,0.0,0.0,2.0,1.0,6.33,0.0,0.0,,2019-2019,2019,2019,0,3,3.0,11.0,0.0,76.0,4.0,Mar-33,19.0,6.9,16.5,0.0,0.0,1.33,0.14,0.98,0.0,2019-2019,2019,2019,0,3,3.0,0.0,0.0,0.0,0.0,0.0,0.0,0.0,0.0,0.0,0.0,True,True,All-rounder
L Siaka (PNG),2015-2019,2015,2019,4,26,22.0,2.0,296.0,39,39.0,0,14.8,271.0,109.22,0.0,0.0,4.0,26.0,7.0,11.38,0.0,0.0,52.57,2015-2019,2015,2019,4,26,5.0,12.0,0.0,56.0,9.0,Mar-16,6.22,4.66,8.0,0.0,0.0,0.35,0.21,0.31,0.0,2015-2019,2015,2019,4,26,26.0,20.0,20.0,0.0,0.0,20.0,,0.769,0.77,0.77,0.0,True,True,All-rounder
L Sipamla (SA),2019-2019,2019,2019,0,5,1.0,0.0,0.0,0,0.0,0,0.0,1.0,0.0,0.0,0.0,1.0,0.0,0.0,,0.0,0.0,0.0,2019-2019,2019,2019,0,5,5.0,15.4,0.0,131.0,4.0,Feb-22,32.75,8.36,23.5,0.0,0.0,0.8,0.12,0.6,0.0,2019-2019,2019,2019,0,5,5.0,2.0,2.0,0.0,0.0,2.0,,0.4,0.4,0.4,0.0,True,True,All-rounder
L Sreekumar (UAE),2017-2017,2017,2017,0,1,1.0,0.0,0.0,0,0.0,0,0.0,1.0,0.0,0.0,0.0,1.0,0.0,0.0,,0.0,0.0,0.0,2017-2017,2017,2017,0,1,,,,,,-,,,,,,,,,,2017-2017,2017,2017,0,1,1.0,0.0,0.0,0.0,0.0,0.0,0.0,0.0,0.0,0.0,0.0,True,True,All-rounder
L Vincent (NZ),2006-2007,2006,2007,1,9,9.0,0.0,174.0,42,42.0,0,19.33,174.0,100.0,0.0,0.0,1.0,17.0,3.0,19.33,0.0,0.0,51.6,2006-2007,2006,2007,1,9,,,,,,-,,,,,,,,,,2006-2007,2006,2007,1,9,9.0,1.0,1.0,0.0,0.0,1.0,,0.111,0.11,0.11,0.0,True,True,All-rounder
LA Collado (GIBR),2019-2019,2019,2019,0,4,3.0,2.0,18.0,8,8.0,0,18.0,34.0,52.94,0.0,0.0,0.0,0.0,0.0,4.5,0.0,0.0,31.98,2019-2019,2019,2019,0,4,,,,,,-,,,,,,,,,,2019-2019,2019,2019,0,4,4.0,3.0,2.0,1.0,2.0,0.0,,0.75,0.5,0.75,0.25,True,True,All-rounder
LA Dawson (ENG),2016-2018,2016,2018,2,6,2.0,1.0,17.0,10,10.0,0,17.0,8.0,212.5,0.0,0.0,0.0,2.0,1.0,2.83,0.0,0.0,95.2,2016-2018,2016,2018,2,6,6.0,20.0,0.0,152.0,5.0,Mar-27,30.4,7.6,24.0,0.0,0.0,0.83,0.13,0.62,0.0,2016-2018,2016,2018,2,6,6.0,2.0,2.0,0.0,0.0,2.0,,0.333,0.33,0.33,0.0,True,True,All-rounder
LA Dunbar (Serb),2019-2019,2019,2019,0,2,2.0,1.0,104.0,104*,104.0,1,104.0,62.0,167.74,1.0,0.0,1.0,5.0,10.0,52.0,50.0,0.0,129.5,2019-2019,2019,2019,0,2,,,,,,-,,,,,,,,,,2019-2019,2019,2019,0,2,2.0,1.0,1.0,0.0,1.0,0.0,,0.5,0.5,0.5,0.0,True,True,All-rounder
LA Musiani (Arg),2019-2019,2019,2019,0,5,5.0,1.0,40.0,22,22.0,0,10.0,60.0,66.66,0.0,0.0,1.0,4.0,0.0,8.0,0.0,0.0,32.66,2019-2019,2019,2019,0,5,4.0,15.0,1.0,69.0,2.0,Jan-16,34.5,4.6,45.0,0.0,0.0,0.4,0.22,0.35,0.0,2019-2019,2019,2019,0,5,5.0,2.0,2.0,0.0,0.0,2.0,,0.4,0.4,0.4,0.0,True,True,All-rounder
LA Pomersbach (AUS),2007-2007,2007,2007,0,1,1.0,0.0,15.0,15,15.0,0,15.0,7.0,214.28,0.0,0.0,0.0,1.0,1.0,15.0,0.0,0.0,94.71,2007-2007,2007,2007,0,1,,,,,,-,,,,,,,,,,2007-2007,2007,2007,0,1,1.0,0.0,0.0,0.0,0.0,0.0,0.0,0.0,0.0,0.0,0.0,True,True,All-rounder
LA Simango (Moz),2019-2019,2019,2019,0,3,2.0,1.0,3.0,2,2.0,0,3.0,4.0,75.0,0.0,0.0,0.0,0.0,0.0,1.0,0.0,0.0,31.8,2019-2019,2019,2019,0,3,3.0,6.1,0.0,55.0,2.0,Feb-20,27.5,8.91,18.5,0.0,0.0,0.67,0.11,0.5,0.0,2019-2019,2019,2019,0,3,3.0,0.0,0.0,0.0,0.0,0.0,0.0,0.0,0.0,0.0,0.0,True,True,All-rounder
LB Ferbrache (GUE),2019-2019,2019,2019,0,9,8.0,0.0,138.0,55,55.0,0,17.25,142.0,97.18,0.0,1.0,0.0,6.0,3.0,15.33,0.0,11.11,49.22,2019-2019,2019,2019,0,9,,,,,,-,,,,,,,,,,2019-2019,2019,2019,0,9,9.0,5.0,5.0,0.0,0.0,5.0,,0.555,0.56,0.56,0.0,True,True,All-rounder
LC Le Tissier (GUE),2019-2019,2019,2019,0,9,7.0,2.0,30.0,9,9.0,0,6.0,29.0,103.44,0.0,0.0,0.0,2.0,0.0,3.33,0.0,0.0,44.98,2019-2019,2019,2019,0,9,9.0,35.0,0.0,207.0,12.0,Mar-17,17.25,5.91,17.5,0.0,0.0,1.33,0.17,0.98,0.0,2019-2019,2019,2019,0,9,9.0,2.0,2.0,0.0,0.0,2.0,,0.222,0.22,0.22,0.0,True,True,All-rounder
LD Chandimal (SL),2010-2018,2010,2018,8,54,47.0,4.0,800.0,58,58.0,0,18.6,766.0,104.43,0.0,4.0,0.0,73.0,16.0,14.81,0.0,7.41,52.93,2010-2018,2010,2018,8,54,,,,,,-,,,,,,,,,,2010-2018,2010,2018,8,54,54.0,37.0,32.0,5.0,15.0,17.0,,0.685,0.59,0.69,0.09,True,True,All-rounder
LD Madushanka (SL),2019-2019,2019,2019,0,2,2.0,0.0,21.0,20,20.0,0,10.5,26.0,80.76,0.0,0.0,0.0,1.0,0.0,10.5,0.0,0.0,38.6,2019-2019,2019,2019,0,2,1.0,4.0,0.0,36.0,0.0,-,,9.0,,0.0,0.0,0.0,0.11,0.03,0.0,2019-2019,2019,2019,0,2,2.0,0.0,0.0,0.0,0.0,0.0,0.0,0.0,0.0,0.0,0.0,True,True,All-rounder
LE Bosman (SA),2006-2010,2006,2010,4,14,14.0,1.0,323.0,94,94.0,0,24.84,219.0,147.48,0.0,3.0,2.0,27.0,20.0,23.07,0.0,21.43,73.9,2006-2010,2006,2010,4,14,,,,,,-,,,,,,,,,,2006-2010,2006,2010,4,14,14.0,1.0,1.0,0.0,0.0,1.0,,0.071,0.07,0.07,0.0,True,True,All-rounder
LE Plunkett (ENG),2006-2019,2006,2019,13,22,11.0,4.0,42.0,18,18.0,0,6.0,34.0,123.52,0.0,0.0,3.0,3.0,1.0,1.91,0.0,0.0,53.01,2006-2019,2006,2019,13,22,22.0,79.2,1.0,627.0,25.0,Mar-21,25.08,7.9,19.0,0.0,0.0,1.14,0.13,0.83,0.0,2006-2019,2006,2019,13,22,22.0,7.0,7.0,0.0,0.0,7.0,,0.318,0.32,0.32,0.0,True,True,All-rounder
LF Goncalves (),2019-2019,2019,2019,0,3,2.0,0.0,16.0,13,13.0,0,8.0,21.0,76.19,0.0,0.0,0.0,1.0,0.0,5.33,0.0,0.0,35.28,2019-2019,2019,2019,0,3,,,,,,-,,,,,,,,,,2019-2019,2019,2019,0,3,3.0,3.0,1.0,2.0,1.0,0.0,,1.0,0.33,1.0,0.67,True,True,All-rounder
LH Ferguson (NZ),2017-2019,2017,2019,2,8,1.0,0.0,1.0,1,1.0,0,1.0,3.0,33.33,0.0,0.0,0.0,0.0,0.0,0.13,0.0,0.0,13.93,2017-2019,2017,2019,2,8,8.0,31.0,0.0,222.0,14.0,Mar-21,15.85,7.16,13.2,0.0,0.0,1.75,0.14,1.27,0.0,2017-2019,2017,2019,2,8,8.0,3.0,3.0,0.0,0.0,3.0,,0.375,0.38,0.38,0.0,True,True,All-rounder
LH Rodrigues (),2019-2019,2019,2019,0,4,3.0,2.0,7.0,4*,4.0,1,7.0,12.0,58.33,0.0,0.0,1.0,1.0,0.0,1.75,0.0,0.0,27.53,2019-2019,2019,2019,0,4,4.0,13.0,1.0,61.0,5.0,Mar-15,12.2,4.69,15.6,0.0,0.0,1.25,0.21,0.94,0.0,2019-2019,2019,2019,0,4,4.0,2.0,2.0,0.0,0.0,2.0,,0.5,0.5,0.5,0.0,True,True,All-rounder
LHB Harrington-Myers (Caym),2019-2019,2019,2019,0,4,4.0,1.0,32.0,17*,17.0,1,10.66,39.0,82.05,0.0,0.0,1.0,1.0,1.0,8.0,0.0,0.0,39.22,2019-2019,2019,2019,0,4,2.0,4.0,0.0,26.0,2.0,Feb-13,13.0,6.5,12.0,0.0,0.0,0.5,0.15,0.4,0.0,2019-2019,2019,2019,0,4,4.0,0.0,0.0,0.0,0.0,0.0,0.0,0.0,0.0,0.0,0.0,True,True,All-rounder
LHD Dilhara (SL),2008-2008,2008,2008,0,2,1.0,1.0,18.0,18*,18.0,1,,9.0,200.0,0.0,0.0,0.0,0.0,1.0,9.0,0.0,0.0,,2008-2008,2008,2008,0,2,2.0,5.0,0.0,30.0,2.0,02-Jun,15.0,6.0,15.0,0.0,0.0,1.0,0.17,0.75,0.0,2008-2008,2008,2008,0,2,2.0,0.0,0.0,0.0,0.0,0.0,0.0,0.0,0.0,0.0,0.0,True,True,All-rounder
LJ Barker (GUE),2019-2019,2019,2019,0,9,8.0,0.0,63.0,20,20.0,0,7.87,69.0,91.3,0.0,0.0,3.0,8.0,0.0,7.0,0.0,0.0,41.24,2019-2019,2019,2019,0,9,,,,,,-,,,,,,,,,,2019-2019,2019,2019,0,9,9.0,2.0,2.0,0.0,0.0,2.0,,0.222,0.22,0.22,0.0,True,True,All-rounder
LJ Tucker (IRE),2016-2019,2016,2019,3,14,11.0,1.0,102.0,22*,22.0,1,10.2,99.0,103.03,0.0,0.0,1.0,10.0,1.0,7.29,0.0,0.0,47.33,2016-2019,2016,2019,3,14,,,,,,-,,,,,,,,,,2016-2019,2016,2019,3,14,14.0,10.0,10.0,0.0,2.0,8.0,,0.714,0.71,0.71,0.0,True,True,All-rounder
LJ Woodcock (NZ),2010-2011,2010,2011,1,3,,,,-,,0,,,,,,,,,,,,,2010-2011,2010,2011,1,3,3.0,10.0,0.0,70.0,1.0,Jan-30,70.0,7.0,60.0,0.0,0.0,0.33,0.14,0.28,0.0,2010-2011,2010,2011,1,3,3.0,1.0,1.0,0.0,0.0,1.0,,0.333,0.33,0.33,0.0,True,True,All-rounder
LJ Wright (ENG),2007-2014,2007,2014,7,51,45.0,5.0,759.0,99*,99.0,1,18.97,554.0,137.0,0.0,4.0,9.0,68.0,31.0,14.88,0.0,7.84,66.18,2007-2014,2007,2014,7,51,23.0,55.0,0.0,465.0,18.0,Feb-24,25.83,8.45,18.3,0.0,0.0,0.35,0.12,0.28,0.0,2007-2014,2007,2014,7,51,50.0,14.0,14.0,0.0,0.0,14.0,,0.28,0.27,0.27,0.0,True,True,All-rounder
LL Tsotsobe (SA),2009-2014,2009,2014,5,23,3.0,2.0,2.0,1*,1.0,1,2.0,10.0,20.0,0.0,0.0,0.0,0.0,0.0,0.09,0.0,0.0,9.2,2009-2014,2009,2014,5,23,23.0,78.0,2.0,541.0,18.0,Mar-16,30.05,6.93,26.0,0.0,0.0,0.78,0.14,0.59,0.0,2009-2014,2009,2014,5,23,23.0,1.0,1.0,0.0,0.0,1.0,,0.043,0.04,0.04,0.0,True,True,All-rounder
LM Jongwe (ZIM),2015-2016,2015,2016,1,8,7.0,0.0,60.0,34,34.0,0,8.57,65.0,92.3,0.0,0.0,2.0,4.0,1.0,7.5,0.0,0.0,42.06,2015-2016,2015,2016,1,8,7.0,21.2,0.0,211.0,7.0,Feb-24,30.14,9.89,18.2,0.0,0.0,0.88,0.1,0.64,0.0,2015-2016,2015,2016,1,8,8.0,4.0,4.0,0.0,0.0,4.0,,0.5,0.5,0.5,0.0,True,True,All-rounder
LMP Simmons (WI),2007-2019,2007,2019,12,49,48.0,7.0,990.0,82*,82.0,1,24.14,848.0,116.74,0.0,6.0,6.0,92.0,37.0,20.2,0.0,12.24,61.18,2007-2019,2007,2019,12,49,3.0,6.0,0.0,55.0,6.0,Apr-19,9.16,9.16,6.0,1.0,0.0,0.12,0.11,0.12,0.0,2007-2019,2007,2019,12,49,49.0,20.0,20.0,0.0,1.0,19.0,,0.408,0.41,0.41,0.0,True,True,All-rounder
LN Oluoch (KENYA),2013-2019,2013,2019,6,10,6.0,3.0,26.0,7*,7.0,1,8.66,33.0,78.78,0.0,0.0,0.0,2.0,0.0,2.6,0.0,0.0,36.71,2013-2019,2013,2019,6,10,10.0,29.0,1.0,209.0,10.0,Mar-22,20.9,7.2,17.4,0.0,0.0,1.0,0.14,0.74,0.0,2013-2019,2013,2019,6,10,10.0,2.0,2.0,0.0,0.0,2.0,,0.2,0.2,0.2,0.0,True,True,All-rounder
LN Onyango (KENYA),2007-2010,2007,2010,3,5,4.0,2.0,17.0,5,5.0,0,8.5,21.0,80.95,0.0,0.0,0.0,0.0,0.0,3.4,0.0,0.0,37.48,2007-2010,2007,2010,3,5,5.0,13.0,0.0,128.0,4.0,Feb-17,32.0,9.84,19.5,0.0,0.0,0.8,0.1,0.59,0.0,2007-2010,2007,2010,3,5,5.0,0.0,0.0,0.0,0.0,0.0,0.0,0.0,0.0,0.0,0.0,True,True,All-rounder
LN Rajbanshi (NEPAL),2018-2019,2018,2019,1,12,2.0,1.0,3.0,3,3.0,0,3.0,7.0,42.85,0.0,0.0,0.0,0.0,0.0,0.25,0.0,0.0,18.94,2018-2019,2018,2019,1,12,12.0,38.2,0.0,231.0,10.0,03-Jun,23.1,6.02,23.0,0.0,0.0,0.83,0.17,0.63,0.0,2018-2019,2018,2019,1,12,12.0,3.0,3.0,0.0,0.0,3.0,,0.25,0.25,0.25,0.0,True,True,All-rounder
LPC Silva (SL),2006-2011,2006,2011,5,16,15.0,2.0,175.0,38,38.0,0,13.46,177.0,98.87,0.0,0.0,0.0,19.0,3.0,10.94,0.0,0.0,47.62,2006-2011,2006,2011,5,16,2.0,3.0,0.0,15.0,1.0,01-Apr,15.0,5.0,18.0,0.0,0.0,0.06,0.2,0.1,0.0,2006-2011,2006,2011,5,16,16.0,5.0,5.0,0.0,0.0,5.0,,0.312,0.31,0.31,0.0,True,True,All-rounder
LRPL Taylor (NZ),2006-2019,2006,2019,13,95,87.0,19.0,1743.0,63,63.0,0,25.63,1430.0,121.88,0.0,5.0,5.0,110.0,65.0,18.35,0.0,5.26,64.13,2006-2019,2006,2019,13,95,,,,,,-,,,,,,,,,,2006-2019,2006,2019,13,95,95.0,44.0,44.0,0.0,0.0,44.0,,0.463,0.46,0.46,0.0,True,True,All-rounder
LS Baker (WI),2008-2009,2008,2009,1,3,,,,-,,0,,,,,,,,,,,,,2008-2009,2008,2009,1,3,3.0,8.0,0.0,58.0,2.0,01-Dec,29.0,7.25,24.0,0.0,0.0,0.67,0.14,0.51,0.0,2008-2009,2008,2009,1,3,3.0,0.0,0.0,0.0,0.0,0.0,0.0,0.0,0.0,0.0,0.0,True,True,All-rounder
LS Livingstone (ENG),2017-2017,2017,2017,0,2,2.0,0.0,16.0,16,16.0,0,8.0,19.0,84.21,0.0,0.0,1.0,1.0,0.0,8.0,0.0,0.0,38.48,2017-2017,2017,2017,0,2,,,,,,-,,,,,,,,,,2017-2017,2017,2017,0,2,2.0,0.0,0.0,0.0,0.0,0.0,0.0,0.0,0.0,0.0,0.0,True,True,All-rounder
LV van Beek (NL),2014-2016,2014,2016,2,8,4.0,1.0,7.0,4*,4.0,1,2.33,15.0,46.66,0.0,0.0,0.0,0.0,0.0,0.88,0.0,0.0,20.06,2014-2016,2014,2016,2,8,7.0,17.0,0.0,160.0,5.0,03-Sep,32.0,9.41,20.4,0.0,0.0,0.63,0.11,0.47,0.0,2014-2016,2014,2016,2,8,8.0,3.0,3.0,0.0,0.0,3.0,,0.375,0.38,0.38,0.0,True,True,All-rounder
Liton Das (BDESH),2015-2019,2015,2019,4,25,25.0,0.0,497.0,61,61.0,0,19.88,360.0,138.05,0.0,2.0,2.0,44.0,22.0,19.88,0.0,8.0,67.15,2015-2019,2015,2019,4,25,,,,,,-,,,,,,,,,,2015-2019,2015,2019,4,25,25.0,13.0,13.0,0.0,0.0,13.0,,0.52,0.52,0.52,0.0,True,True,All-rounder
Lucky Ali (DEN),2019-2019,2019,2019,0,2,2.0,0.0,13.0,7,7.0,0,6.5,18.0,72.22,0.0,0.0,0.0,1.0,0.0,6.5,0.0,0.0,32.79,2019-2019,2019,2019,0,2,2.0,7.0,1.0,40.0,2.0,Jan-19,20.0,5.71,21.0,0.0,0.0,1.0,0.18,0.75,0.0,2019-2019,2019,2019,0,2,2.0,0.0,0.0,0.0,0.0,0.0,0.0,0.0,0.0,0.0,0.0,True,True,All-rounder
M Abdulla (MWI),2019-2019,2019,2019,0,5,5.0,2.0,112.0,42*,42.0,1,37.33,100.0,112.0,0.0,0.0,0.0,11.0,2.0,22.4,0.0,0.0,67.2,2019-2019,2019,2019,0,5,3.0,12.0,0.0,76.0,6.0,Mar-25,12.66,6.33,12.0,0.0,0.0,1.2,0.16,0.89,0.0,2019-2019,2019,2019,0,5,5.0,1.0,1.0,0.0,0.0,1.0,,0.2,0.2,0.2,0.0,True,True,All-rounder
M Aboagye (Ghana),2019-2019,2019,2019,0,3,3.0,1.0,47.0,24,24.0,0,23.5,53.0,88.67,0.0,0.0,0.0,3.0,0.0,15.67,0.0,0.0,49.57,2019-2019,2019,2019,0,3,1.0,1.0,0.0,17.0,0.0,-,,17.0,,0.0,0.0,0.0,0.06,0.02,0.0,2019-2019,2019,2019,0,3,3.0,0.0,0.0,0.0,0.0,0.0,0.0,0.0,0.0,0.0,0.0,True,True,All-rounder
M Ansari (OMAN),2015-2016,2015,2016,1,11,4.0,4.0,5.0,3*,3.0,1,,10.0,50.0,0.0,0.0,0.0,0.0,0.0,0.45,0.0,0.0,,2015-2016,2015,2016,1,11,10.0,37.5,0.0,334.0,8.0,Mar-37,41.75,8.82,28.3,0.0,0.0,0.73,0.11,0.54,0.0,2015-2016,2015,2016,1,11,10.0,0.0,0.0,0.0,0.0,0.0,0.0,0.0,0.0,0.0,0.0,True,True,All-rounder
M Bhanuka (SL),2019-2019,2019,2019,0,2,1.0,0.0,0.0,0,0.0,0,0.0,1.0,0.0,0.0,0.0,1.0,0.0,0.0,,0.0,0.0,0.0,2019-2019,2019,2019,0,2,,,,,,-,,,,,,,,,,2019-2019,2019,2019,0,2,2.0,2.0,2.0,0.0,2.0,0.0,,1.0,1.0,1.0,0.0,True,True,All-rounder
M Chauhan (Fin),2019-2019,2019,2019,0,2,2.0,0.0,16.0,15,15.0,0,8.0,8.0,200.0,0.0,0.0,0.0,0.0,2.0,8.0,0.0,0.0,84.8,2019-2019,2019,2019,0,2,2.0,8.0,1.0,38.0,3.0,Feb-16,12.66,4.75,16.0,0.0,0.0,1.5,0.21,1.11,0.0,2019-2019,2019,2019,0,2,2.0,0.0,0.0,0.0,0.0,0.0,0.0,0.0,0.0,0.0,0.0,True,True,All-rounder
M Cope (LUX),2019-2019,2019,2019,0,2,2.0,1.0,13.0,13,13.0,0,13.0,15.0,86.66,0.0,0.0,0.0,2.0,0.0,6.5,0.0,0.0,42.46,2019-2019,2019,2019,0,2,2.0,5.0,0.0,61.0,3.0,Feb-23,20.33,12.2,10.0,0.0,0.0,1.5,0.08,1.07,0.0,2019-2019,2019,2019,0,2,2.0,0.0,0.0,0.0,0.0,0.0,0.0,0.0,0.0,0.0,0.0,True,True,All-rounder
M Dixit (LUX),2019-2019,2019,2019,0,3,2.0,0.0,54.0,38,38.0,0,27.0,59.0,91.52,0.0,0.0,0.0,6.0,2.0,18.0,0.0,0.0,52.81,2019-2019,2019,2019,0,3,3.0,9.0,0.0,93.0,1.0,Jan-51,93.0,10.33,54.0,0.0,0.0,0.33,0.1,0.26,0.0,2019-2019,2019,2019,0,3,3.0,0.0,0.0,0.0,0.0,0.0,0.0,0.0,0.0,0.0,0.0,True,True,All-rounder
M Faheem (THAI),2019-2019,2019,2019,0,4,1.0,0.0,0.0,0,0.0,0,0.0,2.0,0.0,0.0,0.0,1.0,0.0,0.0,,0.0,0.0,0.0,2019-2019,2019,2019,0,4,4.0,14.0,0.0,103.0,6.0,Feb-20,17.16,7.35,14.0,0.0,0.0,1.5,0.14,1.09,0.0,2019-2019,2019,2019,0,4,4.0,1.0,1.0,0.0,0.0,1.0,,0.25,0.25,0.25,0.0,True,True,All-rounder
M Goonetilleke (MALTA),2019-2019,2019,2019,0,1,1.0,0.0,0.0,0,0.0,0,0.0,1.0,0.0,0.0,0.0,1.0,0.0,0.0,,0.0,0.0,0.0,2019-2019,2019,2019,0,1,,,,,,-,,,,,,,,,,2019-2019,2019,2019,0,1,1.0,0.0,0.0,0.0,0.0,0.0,0.0,0.0,0.0,0.0,0.0,True,True,All-rounder
M Kartik (INDIA),2007-2007,2007,2007,0,1,,,,-,,0,,,,,,,,,,,,,2007-2007,2007,2007,0,1,1.0,4.0,0.0,27.0,0.0,-,,6.75,,0.0,0.0,0.0,0.15,0.04,0.0,2007-2007,2007,2007,0,1,1.0,0.0,0.0,0.0,0.0,0.0,0.0,0.0,0.0,0.0,0.0,True,True,All-rounder
M Klinger (AUS),2017-2017,2017,2017,0,3,3.0,0.0,143.0,62,62.0,0,47.66,112.0,127.67,0.0,1.0,0.0,12.0,2.0,47.67,0.0,33.33,79.66,2017-2017,2017,2017,0,3,,,,,,-,,,,,,,,,,2017-2017,2017,2017,0,3,3.0,2.0,2.0,0.0,0.0,2.0,,0.666,0.67,0.67,0.0,True,True,All-rounder
M Markande (INDIA),2019-2019,2019,2019,0,1,,,,-,,0,,,,,,,,,,,,,2019-2019,2019,2019,0,1,1.0,4.0,0.0,31.0,0.0,-,,7.75,,0.0,0.0,0.0,0.13,0.04,0.0,2019-2019,2019,2019,0,1,1.0,0.0,0.0,0.0,0.0,0.0,0.0,0.0,0.0,0.0,0.0,True,True,All-rounder
M Meade (Chile),2019-2019,2019,2019,0,1,1.0,0.0,0.0,0,0.0,0,0.0,2.0,0.0,0.0,0.0,1.0,0.0,0.0,,0.0,0.0,0.0,2019-2019,2019,2019,0,1,,,,,,-,,,,,,,,,,2019-2019,2019,2019,0,1,1.0,1.0,1.0,0.0,0.0,1.0,,1.0,1.0,1.0,0.0,True,True,All-rounder
M Mooketsi (Botsw),2019-2019,2019,2019,0,7,5.0,0.0,8.0,3,3.0,0,1.6,24.0,33.33,0.0,0.0,1.0,0.0,0.0,1.14,0.0,0.0,14.29,2019-2019,2019,2019,0,7,7.0,25.0,0.0,197.0,6.0,Feb-31,32.83,7.88,25.0,0.0,0.0,0.86,0.13,0.64,0.0,2019-2019,2019,2019,0,7,7.0,1.0,1.0,0.0,0.0,1.0,,0.142,0.14,0.14,0.0,True,True,All-rounder
M Morkel (SA/World),2007-2017,2007,2017,10,44,8.0,5.0,22.0,8*,8.0,1,7.33,18.0,122.22,0.0,0.0,0.0,3.0,1.0,0.5,0.0,0.0,53.29,2007-2017,2007,2017,10,44,44.0,158.4,3.0,1191.0,47.0,Apr-17,25.34,7.5,20.2,2.0,0.0,1.07,0.13,0.79,0.0,2007-2017,2007,2017,10,44,44.0,5.0,5.0,0.0,0.0,5.0,,0.113,0.11,0.11,0.0,True,True,All-rounder
M Mosehle (SA),2017-2017,2017,2017,0,7,6.0,1.0,105.0,36,36.0,0,21.0,65.0,161.53,0.0,0.0,0.0,6.0,9.0,15.0,0.0,0.0,77.21,2017-2017,2017,2017,0,7,,,,,,-,,,,,,,,,,2017-2017,2017,2017,0,7,7.0,8.0,6.0,2.0,6.0,0.0,,1.142,0.86,1.14,0.29,True,True,All-rounder
M Muralitharan (SL),2006-2010,2006,2010,4,12,2.0,0.0,1.0,1,1.0,0,0.5,5.0,20.0,0.0,0.0,1.0,0.0,0.0,0.08,0.0,0.0,8.3,2006-2010,2006,2010,4,12,12.0,47.0,0.0,297.0,13.0,Mar-29,22.84,6.31,21.6,0.0,0.0,1.08,0.16,0.81,0.0,2006-2010,2006,2010,4,12,12.0,1.0,1.0,0.0,0.0,1.0,,0.083,0.08,0.08,0.0,True,True,All-rounder
M Mwamadi (MWI),2019-2019,2019,2019,0,3,,,,-,,0,,,,,,,,,,,,,2019-2019,2019,2019,0,3,,,,,,-,,,,,,,,,,2019-2019,2019,2019,0,3,3.0,1.0,1.0,0.0,0.0,1.0,,0.333,0.33,0.33,0.0,True,True,All-rounder
M Nandela (Mex),2019-2019,2019,2019,0,2,,,,-,,0,,,,,,,,,,,,,2019-2019,2019,2019,0,2,1.0,1.0,0.0,13.0,0.0,-,,13.0,,0.0,0.0,0.0,0.08,0.02,0.0,2019-2019,2019,2019,0,2,2.0,0.0,0.0,0.0,0.0,0.0,0.0,0.0,0.0,0.0,0.0,True,True,All-rounder
M Nasim Baras (AFG),2015-2015,2015,2015,0,3,1.0,0.0,1.0,1,1.0,0,1.0,2.0,50.0,0.0,0.0,0.0,0.0,0.0,0.33,0.0,0.0,20.6,2015-2015,2015,2015,0,3,3.0,8.0,0.0,56.0,2.0,01-Nov,28.0,7.0,24.0,0.0,0.0,0.67,0.14,0.51,0.0,2015-2015,2015,2015,0,3,3.0,3.0,3.0,0.0,0.0,3.0,,1.0,1.0,1.0,0.0,True,True,All-rounder
M Ntini (SA),2005-2011,2005,2011,6,10,4.0,2.0,10.0,5,5.0,0,5.0,11.0,90.9,0.0,0.0,1.0,2.0,0.0,1.0,0.0,0.0,39.36,2005-2011,2005,2011,6,10,10.0,32.0,0.0,298.0,6.0,Feb-22,49.66,9.31,32.0,0.0,0.0,0.6,0.11,0.45,0.0,2005-2011,2005,2011,6,10,10.0,2.0,2.0,0.0,0.0,2.0,,0.2,0.2,0.2,0.0,True,True,All-rounder
M Patel (Chile),2019-2019,2019,2019,0,3,3.0,0.0,12.0,8,8.0,0,4.0,15.0,80.0,0.0,0.0,1.0,1.0,1.0,4.0,0.0,0.0,34.4,2019-2019,2019,2019,0,3,,,,,,-,,,,,,,,,,2019-2019,2019,2019,0,3,3.0,0.0,0.0,0.0,0.0,0.0,0.0,0.0,0.0,0.0,0.0,True,True,All-rounder
M Patel (PNM),2019-2019,2019,2019,0,2,1.0,1.0,3.0,3*,3.0,1,,6.0,50.0,0.0,0.0,0.0,0.0,0.0,1.5,0.0,0.0,,2019-2019,2019,2019,0,2,,,,,,-,,,,,,,,,,2019-2019,2019,2019,0,2,2.0,0.0,0.0,0.0,0.0,0.0,0.0,0.0,0.0,0.0,0.0,True,True,All-rounder
M Pushpakumara (SL),2009-2009,2009,2009,0,1,,,,-,,0,,,,,,,,,,,,,2009-2009,2009,2009,0,1,1.0,3.0,0.0,27.0,1.0,Jan-27,27.0,9.0,18.0,0.0,0.0,1.0,0.11,0.73,0.0,2009-2009,2009,2009,0,1,1.0,1.0,1.0,0.0,0.0,1.0,,1.0,1.0,1.0,0.0,True,True,All-rounder
M Sarenac (Serb),2019-2019,2019,2019,0,2,1.0,0.0,1.0,1,1.0,0,1.0,2.0,50.0,0.0,0.0,0.0,0.0,0.0,0.5,0.0,0.0,20.6,2019-2019,2019,2019,0,2,1.0,1.0,0.0,12.0,0.0,-,,12.0,,0.0,0.0,0.0,0.08,0.03,0.0,2019-2019,2019,2019,0,2,2.0,1.0,1.0,0.0,0.0,1.0,,0.5,0.5,0.5,0.0,True,True,All-rounder
M Sert (TKY),2019-2019,2019,2019,0,4,4.0,1.0,42.0,16,16.0,0,14.0,59.0,71.18,0.0,0.0,0.0,5.0,0.0,10.5,0.0,0.0,36.87,2019-2019,2019,2019,0,4,4.0,10.0,0.0,93.0,3.0,Feb-38,31.0,9.3,20.0,0.0,0.0,0.75,0.11,0.56,0.0,2019-2019,2019,2019,0,4,4.0,0.0,0.0,0.0,0.0,0.0,0.0,0.0,0.0,0.0,0.0,True,True,All-rounder
M Simmons (BMUDA),2019-2019,2019,2019,0,2,1.0,0.0,0.0,0,0.0,0,0.0,2.0,0.0,0.0,0.0,1.0,0.0,0.0,,0.0,0.0,0.0,2019-2019,2019,2019,0,2,1.0,2.1,0.0,21.0,0.0,-,,9.69,,0.0,0.0,0.0,0.1,0.03,0.0,2019-2019,2019,2019,0,2,2.0,0.0,0.0,0.0,0.0,0.0,0.0,0.0,0.0,0.0,0.0,True,True,All-rounder
M Simpson-Parker (Aut),2019-2019,2019,2019,0,3,1.0,0.0,0.0,0,0.0,0,0.0,2.0,0.0,0.0,0.0,1.0,0.0,0.0,,0.0,0.0,0.0,2019-2019,2019,2019,0,3,3.0,5.0,0.0,40.0,3.0,02-Jun,13.33,8.0,10.0,0.0,0.0,1.0,0.13,0.74,0.0,2019-2019,2019,2019,0,3,3.0,1.0,1.0,0.0,0.0,1.0,,0.333,0.33,0.33,0.0,True,True,All-rounder
M Sohel Patel (PNM),2019-2019,2019,2019,0,2,2.0,0.0,43.0,40,40.0,0,21.5,39.0,110.25,0.0,0.0,0.0,2.0,3.0,21.5,0.0,0.0,57.0,2019-2019,2019,2019,0,2,,,,,,-,,,,,,,,,,2019-2019,2019,2019,0,2,2.0,0.0,0.0,0.0,0.0,0.0,0.0,0.0,0.0,0.0,0.0,True,True,All-rounder
M Spry (Peru),2019-2019,2019,2019,0,4,2.0,1.0,5.0,3*,3.0,1,5.0,11.0,45.45,0.0,0.0,0.0,0.0,0.0,1.25,0.0,0.0,21.18,2019-2019,2019,2019,0,4,4.0,10.0,0.0,62.0,7.0,04-Aug,8.85,6.2,8.5,1.0,0.0,1.75,0.16,1.27,0.0,2019-2019,2019,2019,0,4,4.0,0.0,0.0,0.0,0.0,0.0,0.0,0.0,0.0,0.0,0.0,True,True,All-rounder
M Vijay (INDIA),2010-2015,2010,2015,5,9,9.0,0.0,169.0,48,48.0,0,18.77,154.0,109.74,0.0,0.0,1.0,13.0,8.0,18.78,0.0,0.0,55.16,2010-2015,2010,2015,5,9,1.0,2.0,0.0,9.0,0.0,-,,4.5,,0.0,0.0,0.0,0.22,0.07,0.0,2010-2015,2010,2015,5,9,9.0,3.0,3.0,0.0,0.0,3.0,,0.333,0.33,0.33,0.0,True,True,All-rounder
M Zondeki (SA),2006-2006,2006,2006,0,1,1.0,0.0,0.0,0,0.0,0,0.0,1.0,0.0,0.0,0.0,1.0,0.0,0.0,,0.0,0.0,0.0,2006-2006,2006,2006,0,1,1.0,3.0,0.0,41.0,1.0,Jan-41,41.0,13.66,18.0,0.0,0.0,1.0,0.07,0.72,0.0,2006-2006,2006,2006,0,1,1.0,0.0,0.0,0.0,0.0,0.0,0.0,0.0,0.0,0.0,0.0,True,True,All-rounder
M de Lange (SA),2012-2015,2012,2015,3,6,,,,-,,0,,,,,,,,,,,,,2012-2015,2012,2015,3,6,6.0,23.2,0.0,228.0,7.0,Feb-26,32.57,9.77,20.0,0.0,0.0,1.17,0.1,0.85,0.0,2012-2015,2012,2015,3,6,6.0,1.0,1.0,0.0,0.0,1.0,,0.166,0.17,0.17,0.0,True,True,All-rounder
MA Aponso (SL),2018-2018,2018,2018,0,3,1.0,0.0,0.0,0,0.0,0,0.0,2.0,0.0,0.0,0.0,1.0,0.0,0.0,,0.0,0.0,0.0,2018-2018,2018,2018,0,3,3.0,10.0,0.0,79.0,4.0,Feb-29,19.75,7.9,15.0,0.0,0.0,1.33,0.13,0.97,0.0,2018-2018,2018,2018,0,3,3.0,0.0,0.0,0.0,0.0,0.0,0.0,0.0,0.0,0.0,0.0,True,True,All-rounder
MA Baig (MWI),2019-2019,2019,2019,0,7,4.0,0.0,5.0,5,5.0,0,1.25,12.0,41.66,0.0,0.0,3.0,1.0,0.0,0.71,0.0,0.0,17.41,2019-2019,2019,2019,0,7,7.0,26.0,0.0,160.0,11.0,Apr-20,14.54,6.15,14.1,1.0,0.0,1.57,0.16,1.15,0.0,2019-2019,2019,2019,0,7,7.0,4.0,4.0,0.0,0.0,4.0,,0.571,0.57,0.57,0.0,True,True,All-rounder
MA Carberry (ENG),2014-2014,2014,2014,0,1,1.0,0.0,7.0,7,7.0,0,7.0,7.0,100.0,0.0,0.0,0.0,1.0,0.0,7.0,0.0,0.0,44.2,2014-2014,2014,2014,0,1,,,,,,-,,,,,,,,,,2014-2014,2014,2014,0,1,1.0,1.0,1.0,0.0,0.0,1.0,,1.0,1.0,1.0,0.0,True,True,All-rounder
MA Leask (SCOT),2013-2019,2013,2019,6,31,22.0,2.0,240.0,58,58.0,0,12.0,199.0,120.6,0.0,1.0,2.0,16.0,12.0,7.74,0.0,3.23,55.44,2013-2019,2013,2019,6,31,22.0,59.3,0.0,499.0,18.0,Mar-20,27.72,8.38,19.8,0.0,0.0,0.58,0.12,0.44,0.0,2013-2019,2013,2019,6,31,29.0,18.0,18.0,0.0,0.0,18.0,,0.62,0.58,0.58,0.0,True,True,All-rounder
MA Ouma (KENYA),2007-2013,2007,2013,6,22,19.0,1.0,127.0,19,19.0,0,7.05,160.0,79.37,0.0,0.0,3.0,15.0,1.0,5.77,0.0,0.0,35.98,2007-2013,2007,2013,6,22,,,,,,-,,,,,,,,,,2007-2013,2007,2013,6,22,22.0,13.0,8.0,5.0,8.0,0.0,,0.59,0.36,0.59,0.23,True,True,All-rounder
MA Parker (SCOT),2012-2012,2012,2012,0,2,,,,-,,0,,,,,,,,,,,,,2012-2012,2012,2012,0,2,2.0,6.0,0.0,61.0,1.0,Jan-36,61.0,10.16,36.0,0.0,0.0,0.5,0.1,0.38,0.0,2012-2012,2012,2012,0,2,2.0,0.0,0.0,0.0,0.0,0.0,0.0,0.0,0.0,0.0,0.0,True,True,All-rounder
MA Starc (AUS),2012-2019,2012,2019,7,28,6.0,2.0,12.0,4,4.0,0,3.0,18.0,66.66,0.0,0.0,0.0,0.0,0.0,0.43,0.0,0.0,28.46,2012-2019,2012,2019,7,28,28.0,106.3,1.0,718.0,39.0,03-Nov,18.41,6.74,16.3,0.0,0.0,1.39,0.15,1.02,0.0,2012-2019,2012,2019,7,28,28.0,8.0,8.0,0.0,0.0,8.0,,0.285,0.29,0.29,0.0,True,True,All-rounder
MA Wood (ENG),2015-2019,2015,2019,4,5,2.0,2.0,10.0,5*,5.0,1,,12.0,83.33,0.0,0.0,0.0,1.0,0.0,2.0,0.0,0.0,,2015-2019,2015,2019,4,5,5.0,17.3,0.0,148.0,11.0,03-Sep,13.45,8.45,9.5,0.0,0.0,2.2,0.12,1.58,0.0,2015-2019,2015,2019,4,5,5.0,0.0,0.0,0.0,0.0,0.0,0.0,0.0,0.0,0.0,0.0,True,True,All-rounder
MB van Schelven (NL),2015-2015,2015,2015,0,2,,,,-,,0,,,,,,,,,,,,,2015-2015,2015,2015,0,2,2.0,7.0,0.0,30.0,3.0,Feb-22,10.0,4.28,14.0,0.0,0.0,1.5,0.23,1.12,0.0,2015-2015,2015,2015,0,2,2.0,1.0,1.0,0.0,0.0,1.0,,0.5,0.5,0.5,0.0,True,True,All-rounder
MBS Jonkman (NL),2010-2010,2010,2010,0,3,1.0,0.0,1.0,1,1.0,0,1.0,8.0,12.5,0.0,0.0,0.0,0.0,0.0,0.33,0.0,0.0,5.6,2010-2010,2010,2010,0,3,3.0,8.0,0.0,47.0,4.0,Feb-21,11.75,5.87,12.0,0.0,0.0,1.33,0.17,0.98,0.0,2010-2010,2010,2010,0,3,3.0,2.0,2.0,0.0,0.0,2.0,,0.666,0.67,0.67,0.0,True,True,All-rounder
MC Bascombe (WI),2011-2011,2011,2011,0,1,1.0,0.0,3.0,3,3.0,0,3.0,7.0,42.85,0.0,0.0,0.0,0.0,0.0,3.0,0.0,0.0,18.94,2011-2011,2011,2011,0,1,,,,,,-,,,,,,,,,,2011-2011,2011,2011,0,1,1.0,0.0,0.0,0.0,0.0,0.0,0.0,0.0,0.0,0.0,0.0,True,True,All-rounder
MC Henriques (AUS),2009-2017,2009,2017,8,11,8.0,3.0,159.0,62*,62.0,1,31.8,122.0,130.32,0.0,2.0,0.0,8.0,7.0,14.45,0.0,18.18,71.21,2009-2017,2009,2017,8,11,7.0,17.0,0.0,158.0,4.0,Feb-35,39.5,9.29,25.5,0.0,0.0,0.36,0.11,0.29,0.0,2009-2017,2009,2017,8,11,11.0,3.0,3.0,0.0,0.0,3.0,,0.272,0.27,0.27,0.0,True,True,All-rounder
MC Sorensen (IRE),2012-2016,2012,2016,4,26,11.0,6.0,92.0,26,26.0,0,18.4,79.0,116.45,0.0,0.0,1.0,4.0,3.0,3.54,0.0,0.0,57.62,2012-2016,2012,2016,4,26,22.0,65.0,2.0,471.0,26.0,Mar-17,18.11,7.24,15.0,0.0,0.0,1.0,0.14,0.74,0.0,2012-2016,2012,2016,4,26,24.0,9.0,9.0,0.0,0.0,9.0,,0.375,0.35,0.35,0.0,True,True,All-rounder
MD Bates (NZ),2012-2012,2012,2012,0,3,,,,-,,0,,,,,,,,,,,,,2012-2012,2012,2012,0,3,3.0,11.0,0.0,107.0,4.0,Mar-31,26.75,9.72,16.5,0.0,0.0,1.33,0.1,0.96,0.0,2012-2012,2012,2012,0,3,3.0,0.0,0.0,0.0,0.0,0.0,0.0,0.0,0.0,0.0,0.0,True,True,All-rounder
MD Dai (PNG),2015-2017,2015,2017,2,9,8.0,0.0,105.0,31,31.0,0,13.12,128.0,82.03,0.0,0.0,0.0,4.0,0.0,11.67,0.0,0.0,40.68,2015-2017,2015,2017,2,9,9.0,25.0,0.0,157.0,4.0,Feb-13,39.25,6.28,37.5,0.0,0.0,0.44,0.16,0.36,0.0,2015-2017,2015,2017,2,9,9.0,5.0,5.0,0.0,0.0,5.0,,0.555,0.56,0.56,0.0,True,True,All-rounder
MD Garratt (GIBR),2019-2019,2019,2019,0,4,2.0,1.0,1.0,1,1.0,0,1.0,5.0,20.0,0.0,0.0,0.0,0.0,0.0,0.25,0.0,0.0,8.6,2019-2019,2019,2019,0,4,1.0,2.5,0.0,12.0,1.0,01-Dec,12.0,4.23,17.0,0.0,0.0,0.25,0.24,0.25,0.0,2019-2019,2019,2019,0,4,4.0,0.0,0.0,0.0,0.0,0.0,0.0,0.0,0.0,0.0,0.0,True,True,All-rounder
MD Gunathilaka (SL),2016-2019,2016,2019,3,21,21.0,0.0,452.0,57,57.0,0,21.52,365.0,123.83,0.0,2.0,0.0,49.0,12.0,21.52,0.0,9.52,62.44,2016-2019,2016,2019,3,21,9.0,15.4,0.0,128.0,5.0,02-Mar,25.6,8.17,18.8,0.0,0.0,0.24,0.12,0.2,0.0,2016-2019,2016,2019,3,21,21.0,9.0,9.0,0.0,0.0,9.0,,0.428,0.43,0.43,0.0,True,True,All-rounder
MD Patel (USA),2019-2019,2019,2019,0,8,8.0,1.0,85.0,26,26.0,0,12.14,88.0,96.59,0.0,0.0,0.0,6.0,4.0,10.63,0.0,0.0,45.92,2019-2019,2019,2019,0,8,,,,,,-,,,,,,,,,,2019-2019,2019,2019,0,8,8.0,5.0,3.0,2.0,1.0,2.0,,0.625,0.38,0.63,0.25,True,True,All-rounder
MD Shanaka (SL),2015-2019,2015,2019,4,35,35.0,7.0,434.0,54,54.0,0,15.5,386.0,112.43,0.0,1.0,7.0,29.0,24.0,12.4,0.0,2.86,54.27,2015-2019,2015,2019,4,35,14.0,24.1,0.0,182.0,10.0,Mar-16,18.2,7.53,14.5,0.0,0.0,0.29,0.13,0.24,0.0,2015-2019,2015,2019,4,35,35.0,7.0,7.0,0.0,0.0,7.0,,0.2,0.2,0.2,0.0,True,True,All-rounder
MDK Perera (SL),2011-2011,2011,2011,0,3,2.0,0.0,1.0,1,1.0,0,0.5,6.0,16.66,0.0,0.0,1.0,0.0,0.0,0.33,0.0,0.0,6.96,2011-2011,2011,2011,0,3,3.0,10.0,0.0,72.0,3.0,Mar-26,24.0,7.2,20.0,0.0,0.0,1.0,0.14,0.74,0.0,2011-2011,2011,2011,0,3,3.0,0.0,0.0,0.0,0.0,0.0,0.0,0.0,0.0,0.0,0.0,True,True,All-rounder
MDKJ Perera (SL),2013-2019,2013,2019,6,42,42.0,0.0,1171.0,84,84.0,0,27.88,867.0,135.06,0.0,11.0,0.0,114.0,41.0,27.88,0.0,26.19,70.75,2013-2019,2013,2019,6,42,,,,,,-,,,,,,,,,,2013-2019,2013,2019,6,42,42.0,17.0,13.0,4.0,7.0,6.0,,0.404,0.31,0.4,0.1,True,True,All-rounder
ME Trescothick (ENG),2005-2006,2005,2006,1,3,3.0,0.0,166.0,72,72.0,0,55.33,131.0,126.71,0.0,2.0,0.0,23.0,1.0,55.33,0.0,66.67,83.88,2005-2006,2005,2006,1,3,,,,,,-,,,,,,,,,,2005-2006,2005,2006,1,3,3.0,2.0,2.0,0.0,0.0,2.0,,0.666,0.67,0.67,0.0,True,True,All-rounder
MEK Hussey (AUS),2005-2012,2005,2012,7,38,30.0,11.0,721.0,60*,60.0,1,37.94,529.0,136.29,0.0,4.0,1.0,58.0,25.0,18.97,0.0,10.53,77.28,2005-2012,2005,2012,7,38,1.0,1.0,0.0,5.0,0.0,-,,5.0,,0.0,0.0,0.0,0.2,0.06,0.0,2005-2012,2005,2012,7,38,38.0,20.0,20.0,0.0,0.0,20.0,,0.526,0.53,0.53,0.0,True,True,All-rounder
MF Koc (TKY),2019-2019,2019,2019,0,2,2.0,1.0,4.0,4*,4.0,1,4.0,15.0,26.66,0.0,0.0,1.0,0.0,0.0,2.0,0.0,0.0,13.06,2019-2019,2019,2019,0,2,,,,,,-,,,,,,,,,,2019-2019,2019,2019,0,2,2.0,0.0,0.0,0.0,0.0,0.0,0.0,0.0,0.0,0.0,0.0,True,True,All-rounder
MF Maharoof (SL),2006-2016,2006,2016,10,8,5.0,1.0,33.0,13*,13.0,1,8.25,43.0,76.74,0.0,0.0,1.0,0.0,1.0,4.13,0.0,0.0,35.65,2006-2016,2006,2016,10,8,8.0,27.0,0.0,199.0,7.0,Feb-18,28.42,7.37,23.1,0.0,0.0,0.88,0.14,0.65,0.0,2006-2016,2006,2016,10,8,8.0,2.0,2.0,0.0,0.0,2.0,,0.25,0.25,0.25,0.0,True,True,All-rounder
MG Erasmus (NAM),2019-2019,2019,2019,0,16,14.0,3.0,407.0,72,72.0,0,37.0,293.0,138.9,0.0,4.0,0.0,33.0,20.0,25.44,0.0,25.0,77.76,2019-2019,2019,2019,0,16,10.0,32.1,0.0,171.0,12.0,03-Dec,14.25,5.31,16.0,0.0,0.0,0.75,0.19,0.58,0.0,2019-2019,2019,2019,0,16,16.0,11.0,11.0,0.0,0.0,11.0,,0.687,0.69,0.69,0.0,True,True,All-rounder
MG Hunter (GIBR),2019-2019,2019,2019,0,4,3.0,0.0,45.0,27,27.0,0,15.0,61.0,73.77,0.0,0.0,0.0,2.0,1.0,11.25,0.0,0.0,38.51,2019-2019,2019,2019,0,4,4.0,11.3,0.0,63.0,4.0,Feb-22,15.75,5.47,17.2,0.0,0.0,1.0,0.18,0.75,0.0,2019-2019,2019,2019,0,4,4.0,1.0,1.0,0.0,0.0,1.0,,0.25,0.25,0.25,0.0,True,True,All-rounder
MG Johnson (AUS),2007-2013,2007,2013,6,30,17.0,7.0,109.0,28*,28.0,1,10.9,95.0,114.73,0.0,0.0,2.0,8.0,3.0,3.63,0.0,0.0,52.43,2007-2013,2007,2013,6,30,30.0,109.2,2.0,797.0,38.0,Mar-15,20.97,7.28,17.2,0.0,0.0,1.27,0.14,0.93,0.0,2007-2013,2007,2013,6,30,30.0,5.0,5.0,0.0,0.0,5.0,,0.166,0.17,0.17,0.0,True,True,All-rounder
MH Cross (SCOT),2013-2019,2013,2019,6,43,35.0,6.0,755.0,66*,66.0,1,26.03,593.0,127.31,0.0,5.0,3.0,77.0,22.0,17.56,0.0,11.63,66.54,2013-2019,2013,2019,6,43,,,,,,-,,,,,,,,,,2013-2019,2013,2019,6,43,41.0,33.0,22.0,11.0,22.0,0.0,,0.804,0.51,0.77,0.26,True,True,All-rounder
MH Yardy (ENG),2006-2011,2006,2011,5,14,8.0,5.0,96.0,35*,35.0,1,32.0,72.0,133.33,0.0,0.0,3.0,9.0,1.0,6.86,0.0,0.0,72.53,2006-2011,2006,2011,5,14,13.0,46.0,0.0,299.0,11.0,Feb-19,27.18,6.5,25.0,0.0,0.0,0.79,0.15,0.6,0.0,2006-2011,2006,2011,5,14,14.0,8.0,8.0,0.0,0.0,8.0,,0.571,0.57,0.57,0.0,True,True,All-rounder
MIA Patel (MWI),2019-2019,2019,2019,0,3,2.0,1.0,48.0,40*,40.0,1,48.0,44.0,109.09,0.0,0.0,0.0,6.0,1.0,16.0,0.0,0.0,72.44,2019-2019,2019,2019,0,3,3.0,12.0,0.0,83.0,5.0,Mar-25,16.6,6.91,14.4,0.0,0.0,1.67,0.14,1.21,0.0,2019-2019,2019,2019,0,3,3.0,0.0,0.0,0.0,0.0,0.0,0.0,0.0,0.0,0.0,0.0,True,True,All-rounder
MJ Clarke (AUS),2005-2010,2005,2010,5,34,28.0,5.0,488.0,67,67.0,0,21.21,473.0,103.17,0.0,1.0,2.0,29.0,10.0,14.35,0.0,2.94,53.99,2005-2010,2005,2010,5,34,15.0,26.0,0.0,225.0,6.0,01-Feb,37.5,8.65,26.0,0.0,0.0,0.18,0.12,0.16,0.0,2005-2010,2005,2010,5,34,34.0,13.0,13.0,0.0,0.0,13.0,,0.382,0.38,0.38,0.0,True,True,All-rounder
MJ Guptill (NZ),2009-2019,2009,2019,10,83,80.0,7.0,2436.0,105,105.0,0,33.36,1810.0,134.58,2.0,15.0,2.0,215.0,113.0,29.35,2.41,18.07,73.85,2009-2019,2009,2019,10,83,1.0,1.0,0.0,11.0,0.0,-,,11.0,,0.0,0.0,0.0,0.09,0.03,0.0,2009-2019,2009,2019,10,83,82.0,46.0,46.0,0.0,0.0,46.0,,0.56,0.55,0.55,0.0,True,True,All-rounder
MJ Henry (NZ),2014-2017,2014,2017,3,6,2.0,1.0,10.0,10,10.0,0,10.0,5.0,200.0,0.0,0.0,0.0,2.0,0.0,1.67,0.0,0.0,86.0,2014-2017,2014,2017,3,6,6.0,22.0,1.0,191.0,7.0,Mar-44,27.28,8.68,18.8,0.0,0.0,1.17,0.12,0.85,0.0,2014-2017,2014,2017,3,6,6.0,1.0,1.0,0.0,0.0,1.0,,0.166,0.17,0.17,0.0,True,True,All-rounder
MJ Lumb (ENG),2010-2014,2010,2014,4,27,27.0,1.0,552.0,63,63.0,0,21.23,413.0,133.65,0.0,3.0,1.0,64.0,21.0,20.44,0.0,11.11,66.2,2010-2014,2010,2014,4,27,,,,,,-,,,,,,,,,,2010-2014,2010,2014,4,27,26.0,8.0,8.0,0.0,0.0,8.0,,0.307,0.3,0.3,0.0,True,True,All-rounder
MJ Mason (NZ),2006-2008,2006,2008,2,3,1.0,0.0,2.0,2,2.0,0,2.0,2.0,100.0,0.0,0.0,0.0,0.0,0.0,0.67,0.0,0.0,41.2,2006-2008,2006,2008,2,3,3.0,9.0,0.0,65.0,2.0,Jan-18,32.5,7.22,27.0,0.0,0.0,0.67,0.14,0.51,0.0,2006-2008,2006,2008,2,3,3.0,0.0,0.0,0.0,0.0,0.0,0.0,0.0,0.0,0.0,0.0,True,True,All-rounder
MJ McClenaghan (ICC/NZ),2012-2018,2012,2018,6,29,8.0,4.0,24.0,10,10.0,0,6.0,23.0,104.34,0.0,0.0,2.0,1.0,2.0,0.83,0.0,0.0,45.34,2012-2018,2012,2018,6,29,29.0,101.2,2.0,789.0,30.0,Mar-17,26.3,7.78,20.2,0.0,0.0,1.03,0.13,0.76,0.0,2012-2018,2012,2018,6,29,29.0,7.0,7.0,0.0,0.0,7.0,,0.241,0.24,0.24,0.0,True,True,All-rounder
MJ North (AUS),2009-2009,2009,2009,0,1,1.0,0.0,20.0,20,20.0,0,20.0,21.0,95.23,0.0,0.0,0.0,1.0,0.0,20.0,0.0,0.0,50.09,2009-2009,2009,2009,0,1,,,,,,-,,,,,,,,,,2009-2009,2009,2009,0,1,1.0,0.0,0.0,0.0,0.0,0.0,0.0,0.0,0.0,0.0,0.0,True,True,All-rounder
MJ Prior (ENG),2007-2010,2007,2010,3,10,8.0,2.0,127.0,32,32.0,0,21.16,100.0,127.0,0.0,0.0,1.0,11.0,5.0,12.7,0.0,0.0,63.5,2007-2010,2007,2010,3,10,,,,,,-,,,,,,,,,,2007-2010,2007,2010,3,10,10.0,9.0,6.0,3.0,6.0,0.0,,0.9,0.6,0.9,0.3,True,True,All-rounder
MJ Richardson (GER),2019-2019,2019,2019,0,3,3.0,2.0,50.0,35*,35.0,1,50.0,38.0,131.57,0.0,0.0,0.0,7.0,0.0,16.67,0.0,0.0,82.63,2019-2019,2019,2019,0,3,,,,,,-,,,,,,,,,,2019-2019,2019,2019,0,3,3.0,4.0,1.0,3.0,1.0,0.0,,1.333,0.33,1.33,1.0,True,True,All-rounder
MJ Ross (ITA),2019-2019,2019,2019,0,8,5.0,1.0,56.0,34,34.0,0,14.0,42.0,133.33,0.0,0.0,0.0,2.0,3.0,7.0,0.0,0.0,61.73,2019-2019,2019,2019,0,8,7.0,19.0,0.0,120.0,7.0,Apr-15,17.14,6.31,16.2,1.0,0.0,0.88,0.16,0.66,0.0,2019-2019,2019,2019,0,8,7.0,3.0,3.0,0.0,0.0,3.0,,0.428,0.38,0.38,0.0,True,True,All-rounder
MJ Santner (NZ),2015-2019,2015,2019,4,39,27.0,10.0,263.0,37,37.0,0,15.47,205.0,128.29,0.0,0.0,3.0,22.0,7.0,6.74,0.0,0.0,60.6,2015-2019,2015,2019,4,39,38.0,128.5,1.0,928.0,49.0,04-Nov,18.93,7.2,15.7,1.0,0.0,1.26,0.14,0.92,0.0,2015-2019,2015,2019,4,39,38.0,14.0,14.0,0.0,0.0,14.0,,0.368,0.36,0.36,0.0,True,True,All-rounder
MJ Swepson (AUS),2018-2018,2018,2018,0,1,1.0,1.0,3.0,3*,3.0,1,,4.0,75.0,0.0,0.0,0.0,0.0,0.0,3.0,0.0,0.0,,2018-2018,2018,2018,0,1,1.0,4.0,0.0,37.0,2.0,Feb-37,18.5,9.25,12.0,0.0,0.0,2.0,0.11,1.43,0.0,2018-2018,2018,2018,0,1,1.0,0.0,0.0,0.0,0.0,0.0,0.0,0.0,0.0,0.0,0.0,True,True,All-rounder
MJG Rippon (NL),2013-2018,2013,2018,5,18,11.0,4.0,216.0,42,42.0,0,30.85,192.0,112.5,0.0,0.0,2.0,15.0,3.0,12.0,0.0,0.0,63.51,2013-2018,2013,2018,5,18,17.0,50.4,2.0,310.0,15.0,03-Aug,20.66,6.11,20.2,0.0,0.0,0.83,0.16,0.63,0.0,2013-2018,2013,2018,5,18,17.0,4.0,4.0,0.0,0.0,4.0,,0.235,0.22,0.22,0.0,True,True,All-rounder
MK Pandey (INDIA),2015-2019,2015,2019,4,32,27.0,12.0,587.0,79*,79.0,1,39.13,478.0,122.8,0.0,2.0,2.0,40.0,16.0,18.34,0.0,6.25,72.6,2015-2019,2015,2019,4,32,,,,,,-,,,,,,,,,,2015-2019,2015,2019,4,32,32.0,7.0,7.0,0.0,0.0,7.0,,0.218,0.22,0.22,0.0,True,True,All-rounder
MK Tiwary (INDIA),2011-2012,2011,2012,1,3,1.0,0.0,15.0,15,15.0,0,15.0,17.0,88.23,0.0,0.0,0.0,0.0,0.0,5.0,0.0,0.0,44.29,2011-2012,2011,2012,1,3,,,,,,-,,,,,,,,,,2011-2012,2011,2012,1,3,3.0,2.0,2.0,0.0,0.0,2.0,,0.666,0.67,0.67,0.0,True,True,All-rounder
ML Hayden (AUS),2005-2007,2005,2007,2,9,9.0,3.0,308.0,73*,73.0,1,51.33,214.0,143.92,0.0,4.0,0.0,37.0,13.0,34.22,0.0,44.44,88.37,2005-2007,2005,2007,2,9,,,,,,-,,,,,,,,,,2005-2007,2005,2007,2,9,9.0,1.0,1.0,0.0,0.0,1.0,,0.111,0.11,0.11,0.0,True,True,All-rounder
ML Lewis (AUS),2006-2006,2006,2006,0,2,,,,-,,0,,,,,,,,,,,,,2006-2006,2006,2006,0,2,2.0,7.3,0.0,49.0,4.0,Feb-18,12.25,6.53,11.2,0.0,0.0,2.0,0.15,1.45,0.0,2006-2006,2006,2006,0,2,2.0,1.0,1.0,0.0,0.0,1.0,,0.5,0.5,0.5,0.0,True,True,All-rounder
ML Nkala (ZIM),2006-2006,2006,2006,0,1,1.0,0.0,1.0,1,1.0,0,1.0,3.0,33.33,0.0,0.0,0.0,0.0,0.0,1.0,0.0,0.0,13.93,2006-2006,2006,2006,0,1,,,,,,-,,,,,,,,,,2006-2006,2006,2006,0,1,1.0,0.0,0.0,0.0,0.0,0.0,0.0,0.0,0.0,0.0,0.0,True,True,All-rounder
ML Udawatte (SL),2008-2017,2008,2017,9,8,8.0,0.0,96.0,25,25.0,0,12.0,87.0,110.34,0.0,0.0,2.0,10.0,2.0,12.0,0.0,0.0,51.34,2008-2017,2008,2017,9,8,,,,,,-,,,,,,,,,,2008-2017,2008,2017,9,8,8.0,0.0,0.0,0.0,0.0,0.0,0.0,0.0,0.0,0.0,0.0,True,True,All-rounder
MM Ali (ENG),2014-2018,2014,2018,4,25,22.0,6.0,235.0,72*,72.0,1,14.68,198.0,118.68,0.0,1.0,6.0,21.0,9.0,9.4,0.0,4.0,56.28,2014-2018,2014,2018,4,25,22.0,60.2,0.0,519.0,15.0,Feb-21,34.6,8.6,24.1,0.0,0.0,0.6,0.12,0.45,0.0,2014-2018,2014,2018,4,25,25.0,7.0,7.0,0.0,0.0,7.0,,0.28,0.28,0.28,0.0,True,True,All-rounder
MM Iqbal (SCOT),2012-2013,2012,2013,1,6,3.0,0.0,46.0,31,31.0,0,15.33,45.0,102.22,0.0,0.0,0.0,4.0,1.0,7.67,0.0,0.0,50.09,2012-2013,2012,2013,1,6,3.0,8.0,0.0,59.0,2.0,Feb-15,29.5,7.37,24.0,0.0,0.0,0.33,0.14,0.27,0.0,2012-2013,2012,2013,1,6,6.0,3.0,3.0,0.0,0.0,3.0,,0.5,0.5,0.5,0.0,True,True,All-rounder
MM Patel (INDIA),2011-2011,2011,2011,0,3,1.0,0.0,0.0,0,0.0,0,0.0,1.0,0.0,0.0,0.0,1.0,0.0,0.0,,0.0,0.0,0.0,2011-2011,2011,2011,0,3,3.0,10.0,0.0,86.0,4.0,Feb-25,21.5,8.6,15.0,0.0,0.0,1.33,0.12,0.97,0.0,2011-2011,2011,2011,0,3,3.0,0.0,0.0,0.0,0.0,0.0,0.0,0.0,0.0,0.0,0.0,True,True,All-rounder
MM Sarwar (KUW),2019-2019,2019,2019,0,5,3.0,1.0,9.0,8,8.0,0,4.5,9.0,100.0,0.0,0.0,1.0,0.0,1.0,1.8,0.0,0.0,42.7,2019-2019,2019,2019,0,5,4.0,10.4,0.0,99.0,4.0,Feb-13,24.75,9.28,16.0,0.0,0.0,0.8,0.11,0.59,0.0,2019-2019,2019,2019,0,5,5.0,1.0,1.0,0.0,0.0,1.0,,0.2,0.2,0.2,0.0,True,True,All-rounder
MM Sharma (INDIA),2014-2015,2014,2015,1,8,2.0,2.0,3.0,3*,3.0,1,,7.0,42.85,0.0,0.0,0.0,0.0,0.0,0.38,0.0,0.0,,2014-2015,2014,2015,1,8,8.0,23.0,0.0,185.0,6.0,Feb-28,30.83,8.04,23.0,0.0,0.0,0.75,0.12,0.56,0.0,2014-2015,2014,2015,1,8,8.0,1.0,1.0,0.0,0.0,1.0,,0.125,0.13,0.13,0.0,True,True,All-rounder
MN Samuels (WI),2007-2018,2007,2018,11,67,65.0,10.0,1611.0,89*,89.0,1,29.29,1386.0,116.23,0.0,10.0,0.0,144.0,69.0,24.04,0.0,14.93,64.07,2007-2018,2007,2018,11,67,30.0,79.5,0.0,622.0,22.0,Mar-23,28.27,7.79,21.7,0.0,0.0,0.33,0.13,0.27,0.0,2007-2018,2007,2018,11,67,67.0,12.0,12.0,0.0,0.0,12.0,,0.179,0.18,0.18,0.0,True,True,All-rounder
MN Waller (ZIM),2011-2018,2011,2018,7,32,31.0,8.0,613.0,68,68.0,0,26.65,443.0,138.37,0.0,1.0,2.0,42.0,28.0,19.16,0.0,3.13,71.34,2011-2018,2011,2018,7,32,3.0,5.0,0.0,42.0,0.0,-,,8.4,,0.0,0.0,0.0,0.12,0.04,0.0,2011-2018,2011,2018,7,32,32.0,9.0,9.0,0.0,0.0,9.0,,0.281,0.28,0.28,0.0,True,True,All-rounder
MN van Wyk (SA),2007-2015,2007,2015,8,8,7.0,1.0,225.0,114*,114.0,1,37.5,157.0,143.31,1.0,1.0,0.0,19.0,14.0,28.13,12.5,12.5,79.82,2007-2015,2007,2015,8,8,,,,,,-,,,,,,,,,,2007-2015,2007,2015,8,8,8.0,6.0,5.0,1.0,3.0,2.0,,0.75,0.63,0.75,0.13,True,True,All-rounder
MNM Aslam (KUW),2019-2019,2019,2019,0,6,4.0,0.0,55.0,26,26.0,0,13.75,59.0,93.22,0.0,0.0,1.0,4.0,1.0,9.17,0.0,0.0,45.54,2019-2019,2019,2019,0,6,5.0,14.0,0.0,85.0,3.0,Jan-13,28.33,6.07,28.0,0.0,0.0,0.5,0.16,0.4,0.0,2019-2019,2019,2019,0,6,6.0,2.0,2.0,0.0,0.0,2.0,,0.333,0.33,0.33,0.0,True,True,All-rounder
MNR Cooray (Mald),2019-2019,2019,2019,0,4,3.0,1.0,101.0,56*,56.0,1,50.5,77.0,131.16,0.0,1.0,0.0,12.0,3.0,25.25,0.0,25.0,82.76,2019-2019,2019,2019,0,4,4.0,16.0,0.0,99.0,6.0,Mar-26,16.5,6.18,16.0,0.0,0.0,1.5,0.16,1.1,0.0,2019-2019,2019,2019,0,4,4.0,0.0,0.0,0.0,0.0,0.0,0.0,0.0,0.0,0.0,0.0,True,True,All-rounder
MO Bacarese (GIBR),2019-2019,2019,2019,0,3,2.0,0.0,24.0,13,13.0,0,12.0,37.0,64.86,0.0,0.0,0.0,0.0,1.0,8.0,0.0,0.0,33.14,2019-2019,2019,2019,0,3,3.0,12.0,0.0,51.0,2.0,Jan-15,25.5,4.25,36.0,0.0,0.0,0.67,0.24,0.54,0.0,2019-2019,2019,2019,0,3,3.0,1.0,1.0,0.0,0.0,1.0,,0.333,0.33,0.33,0.0,True,True,All-rounder
MO Jones (BMUDA),2019-2019,2019,2019,0,8,7.0,2.0,81.0,27,27.0,0,16.2,83.0,97.59,0.0,0.0,0.0,5.0,3.0,10.13,0.0,0.0,48.76,2019-2019,2019,2019,0,8,7.0,15.0,0.0,116.0,4.0,Feb-26,29.0,7.73,22.5,0.0,0.0,0.5,0.13,0.39,0.0,2019-2019,2019,2019,0,8,8.0,1.0,1.0,0.0,0.0,1.0,,0.125,0.13,0.13,0.0,True,True,All-rounder
MP Biddappa (PHI),2019-2019,2019,2019,0,4,2.0,1.0,35.0,22*,22.0,1,35.0,47.0,74.46,0.0,0.0,0.0,1.0,1.0,8.75,0.0,0.0,50.78,2019-2019,2019,2019,0,4,,,,,,-,,,,,,,,,,2019-2019,2019,2019,0,4,4.0,4.0,3.0,1.0,3.0,0.0,,1.0,0.75,1.0,0.25,True,True,All-rounder
MP O'Dowd (NL),2015-2019,2015,2019,4,36,35.0,2.0,866.0,69,69.0,0,26.24,718.0,120.61,0.0,6.0,0.0,83.0,19.0,24.06,0.0,16.67,63.99,2015-2019,2015,2019,4,36,9.0,12.4,0.0,119.0,3.0,01-Jul,39.66,9.39,25.3,0.0,0.0,0.08,0.11,0.09,0.0,2015-2019,2015,2019,4,36,35.0,14.0,14.0,0.0,0.0,14.0,,0.4,0.39,0.39,0.0,True,True,All-rounder
MP Stoinis (AUS),2015-2019,2015,2019,4,19,14.0,5.0,136.0,33*,33.0,1,15.11,117.0,116.23,0.0,0.0,1.0,14.0,2.0,7.16,0.0,0.0,55.56,2015-2019,2015,2019,4,19,15.0,38.2,0.0,319.0,9.0,Feb-27,35.44,8.32,25.5,0.0,0.0,0.47,0.12,0.37,0.0,2015-2019,2015,2019,4,19,18.0,7.0,7.0,0.0,0.0,7.0,,0.388,0.37,0.37,0.0,True,True,All-rounder
MP Vaughan (ENG),2005-2007,2005,2007,2,2,2.0,0.0,27.0,27,27.0,0,13.5,22.0,122.72,0.0,0.0,1.0,4.0,0.0,13.5,0.0,0.0,57.19,2005-2007,2005,2007,2,2,,,,,,-,,,,,,,,,,2005-2007,2005,2007,2,2,2.0,0.0,0.0,0.0,0.0,0.0,0.0,0.0,0.0,0.0,0.0,True,True,All-rounder
MR Adair (IRE),2019-2019,2019,2019,0,17,14.0,4.0,152.0,38,38.0,0,15.2,118.0,128.81,0.0,0.0,1.0,8.0,7.0,8.94,0.0,0.0,60.64,2019-2019,2019,2019,0,17,17.0,62.5,2.0,413.0,27.0,Apr-40,15.29,6.57,13.9,1.0,0.0,1.59,0.15,1.16,0.0,2019-2019,2019,2019,0,17,17.0,3.0,3.0,0.0,0.0,3.0,,0.176,0.18,0.18,0.0,True,True,All-rounder
MR Gillespie (NZ),2006-2008,2006,2008,2,11,6.0,4.0,21.0,7,7.0,0,10.5,29.0,72.41,0.0,0.0,0.0,0.0,0.0,1.91,0.0,0.0,35.26,2006-2008,2006,2008,2,11,10.0,35.0,3.0,255.0,10.0,04-Jul,25.5,7.28,21.0,1.0,0.0,0.91,0.14,0.68,0.0,2006-2008,2006,2008,2,11,11.0,1.0,1.0,0.0,0.0,1.0,,0.09,0.09,0.09,0.0,True,True,All-rounder
MR Marsh (AUS),2011-2018,2011,2018,7,11,11.0,3.0,175.0,36,36.0,0,21.87,151.0,115.89,0.0,0.0,0.0,7.0,9.0,15.91,0.0,0.0,59.48,2011-2018,2011,2018,7,11,9.0,19.0,0.0,156.0,6.0,02-Jun,26.0,8.21,19.0,0.0,0.0,0.55,0.12,0.42,0.0,2011-2018,2011,2018,7,11,11.0,4.0,4.0,0.0,0.0,4.0,,0.363,0.36,0.36,0.0,True,True,All-rounder
MR Montfort (CAN),2019-2019,2019,2019,0,1,1.0,1.0,1.0,1*,1.0,1,,1.0,100.0,0.0,0.0,0.0,0.0,0.0,1.0,0.0,0.0,,2019-2019,2019,2019,0,1,1.0,3.0,0.0,25.0,1.0,Jan-25,25.0,8.33,18.0,0.0,0.0,1.0,0.12,0.74,0.0,2019-2019,2019,2019,0,1,1.0,0.0,0.0,0.0,0.0,0.0,0.0,0.0,0.0,0.0,0.0,True,True,All-rounder
MR Swart (NL),2012-2016,2012,2016,4,26,25.0,2.0,621.0,89,89.0,0,27.0,537.0,115.64,0.0,4.0,1.0,53.0,16.0,23.88,0.0,15.38,62.46,2012-2016,2012,2016,4,26,20.0,53.0,1.0,351.0,14.0,02-Aug,25.07,6.62,22.7,0.0,0.0,0.54,0.15,0.42,0.0,2012-2016,2012,2016,4,26,26.0,7.0,7.0,0.0,0.0,7.0,,0.269,0.27,0.27,0.0,True,True,All-rounder
MRJ Watt (SCOT),2015-2019,2015,2019,4,35,11.0,6.0,53.0,14*,14.0,1,10.6,40.0,132.5,0.0,0.0,1.0,6.0,1.0,1.51,0.0,0.0,59.36,2015-2019,2015,2019,4,35,33.0,125.0,2.0,903.0,45.0,May-27,20.06,7.22,16.6,0.0,1.0,1.29,0.14,0.94,0.029,2015-2019,2015,2019,4,35,33.0,7.0,7.0,0.0,0.0,7.0,,0.212,0.2,0.2,0.0,True,True,All-rounder
MS Atapattu (SL),2006-2006,2006,2006,0,2,1.0,0.0,5.0,5,5.0,0,5.0,8.0,62.5,0.0,0.0,0.0,0.0,0.0,2.5,0.0,0.0,28.0,2006-2006,2006,2006,0,2,,,,,,-,,,,,,,,,,2006-2006,2006,2006,0,2,2.0,0.0,0.0,0.0,0.0,0.0,0.0,0.0,0.0,0.0,0.0,True,True,All-rounder
MS Aulakh (CAN),2012-2013,2012,2013,1,3,1.0,0.0,0.0,0,0.0,0,0.0,2.0,0.0,0.0,0.0,1.0,0.0,0.0,,0.0,0.0,0.0,2012-2013,2012,2013,1,3,3.0,9.0,0.0,82.0,3.0,Feb-40,27.33,9.11,18.0,0.0,0.0,1.0,0.11,0.73,0.0,2012-2013,2012,2013,1,3,3.0,1.0,1.0,0.0,0.0,1.0,,0.333,0.33,0.33,0.0,True,True,All-rounder
MS Chapman (HKG/NZ),2014-2018,2014,2018,4,24,23.0,2.0,475.0,63*,63.0,1,22.61,416.0,114.18,0.0,1.0,0.0,38.0,13.0,19.79,0.0,4.17,59.24,2014-2018,2014,2018,4,24,4.0,10.0,0.0,77.0,3.0,01-Oct,25.66,7.7,20.0,0.0,0.0,0.13,0.13,0.13,0.0,2014-2018,2014,2018,4,24,24.0,7.0,7.0,0.0,0.0,7.0,,0.291,0.29,0.29,0.0,True,True,All-rounder
MS Crane (ENG),2017-2017,2017,2017,0,2,,,,-,,0,,,,,,,,,,,,,2017-2017,2017,2017,0,2,2.0,8.0,0.0,62.0,1.0,Jan-38,62.0,7.75,48.0,0.0,0.0,0.5,0.13,0.39,0.0,2017-2017,2017,2017,0,2,2.0,0.0,0.0,0.0,0.0,0.0,0.0,0.0,0.0,0.0,0.0,True,True,All-rounder
MS Dhoni (INDIA),2006-2019,2006,2019,13,98,85.0,42.0,1617.0,56,56.0,0,37.6,1282.0,126.13,0.0,2.0,1.0,116.0,52.0,16.5,0.0,2.04,73.01,2006-2019,2006,2019,13,98,,,,,,-,,,,,,,,,,2006-2019,2006,2019,13,98,97.0,91.0,57.0,34.0,57.0,0.0,,0.938,0.58,0.93,0.35,True,True,All-rounder
MS Kasprowicz (AUS),2005-2005,2005,2005,0,2,1.0,1.0,3.0,3*,3.0,1,,5.0,60.0,0.0,0.0,0.0,0.0,0.0,1.5,0.0,0.0,,2005-2005,2005,2005,0,2,2.0,7.0,0.0,57.0,5.0,Apr-29,11.4,8.14,8.4,1.0,0.0,2.5,0.12,1.79,0.0,2005-2005,2005,2005,0,2,2.0,2.0,2.0,0.0,0.0,2.0,,1.0,1.0,1.0,0.0,True,True,All-rounder
MS Panesar (ENG),2007-2007,2007,2007,0,1,1.0,0.0,1.0,1,1.0,0,1.0,2.0,50.0,0.0,0.0,0.0,0.0,0.0,1.0,0.0,0.0,20.6,2007-2007,2007,2007,0,1,1.0,4.0,0.0,40.0,2.0,Feb-40,20.0,10.0,12.0,0.0,0.0,2.0,0.1,1.43,0.0,2007-2007,2007,2007,0,1,1.0,0.0,0.0,0.0,0.0,0.0,0.0,0.0,0.0,0.0,0.0,True,True,All-rounder
MS Sinclair (NZ),2005-2007,2005,2007,2,2,2.0,0.0,0.0,0,0.0,0,0.0,5.0,0.0,0.0,0.0,2.0,0.0,0.0,,0.0,0.0,0.0,2005-2007,2005,2007,2,2,,,,,,-,,,,,,,,,,2005-2007,2005,2007,2,2,2.0,0.0,0.0,0.0,0.0,0.0,0.0,0.0,0.0,0.0,0.0,True,True,All-rounder
MS Wade (AUS),2011-2016,2011,2016,5,26,17.0,5.0,239.0,72,72.0,0,19.91,218.0,109.63,0.0,1.0,0.0,11.0,9.0,9.19,0.0,3.85,55.8,2011-2016,2011,2016,5,26,,,,,,-,,,,,,,,,,2011-2016,2011,2016,5,26,26.0,15.0,13.0,2.0,13.0,0.0,,0.576,0.5,0.58,0.08,True,True,All-rounder
MSS Mandy (Chile),2019-2019,2019,2019,0,4,4.0,0.0,54.0,32,32.0,0,13.5,67.0,80.59,0.0,0.0,0.0,8.0,0.0,13.5,0.0,0.0,40.34,2019-2019,2019,2019,0,4,3.0,8.0,0.0,43.0,3.0,Feb-19,14.33,5.37,16.0,0.0,0.0,0.75,0.19,0.58,0.0,2019-2019,2019,2019,0,4,4.0,4.0,4.0,0.0,0.0,4.0,,1.0,1.0,1.0,0.0,True,True,All-rounder
MV Boucher (SA),2005-2010,2005,2010,5,25,21.0,6.0,268.0,36*,36.0,1,17.86,275.0,97.45,0.0,0.0,0.0,22.0,2.0,10.72,0.0,0.0,49.7,2005-2010,2005,2010,5,25,,,,,,-,,,,,,,,,,2005-2010,2005,2010,5,25,25.0,19.0,18.0,1.0,18.0,0.0,,0.76,0.72,0.76,0.04,True,True,All-rounder
MVT Fernando (SL),2017-2017,2017,2017,0,1,1.0,0.0,2.0,2,2.0,0,2.0,2.0,100.0,0.0,0.0,0.0,0.0,0.0,2.0,0.0,0.0,41.2,2017-2017,2017,2017,0,1,1.0,2.0,0.0,16.0,0.0,-,,8.0,,0.0,0.0,0.0,0.13,0.04,0.0,2017-2017,2017,2017,0,1,1.0,0.0,0.0,0.0,0.0,0.0,0.0,0.0,0.0,0.0,0.0,True,True,All-rounder
MW Machan (SCOT),2013-2016,2013,2016,3,13,13.0,3.0,407.0,67*,67.0,1,40.7,318.0,127.98,0.0,3.0,0.0,37.0,7.0,31.31,0.0,23.08,75.61,2013-2016,2013,2016,3,13,7.0,22.3,0.0,156.0,5.0,Mar-23,31.2,6.93,27.0,0.0,0.0,0.38,0.14,0.31,0.0,2013-2016,2013,2016,3,13,13.0,7.0,7.0,0.0,0.0,7.0,,0.538,0.54,0.54,0.0,True,True,All-rounder
MW Parkinson (ENG),2019-2019,2019,2019,0,2,,,,-,,0,,,,,,,,,,,,,2019-2019,2019,2019,0,2,2.0,6.0,0.0,61.0,5.0,Apr-47,12.2,10.16,7.2,1.0,0.0,2.5,0.1,1.78,0.0,2019-2019,2019,2019,0,2,2.0,0.0,0.0,0.0,0.0,0.0,0.0,0.0,0.0,0.0,0.0,True,True,All-rounder
MWR Stokes (GUE),2019-2019,2019,2019,0,9,7.0,0.0,127.0,29,29.0,0,18.14,152.0,83.55,0.0,0.0,0.0,10.0,0.0,14.11,0.0,0.0,44.3,2019-2019,2019,2019,0,9,,,,,,-,,,,,,,,,,2019-2019,2019,2019,0,9,9.0,3.0,3.0,0.0,0.0,3.0,,0.333,0.33,0.33,0.0,True,True,All-rounder
Mahedi Hasan (BDESH),2018-2018,2018,2018,0,1,1.0,0.0,11.0,11,11.0,0,11.0,11.0,100.0,0.0,0.0,0.0,1.0,0.0,11.0,0.0,0.0,46.6,2018-2018,2018,2018,0,1,1.0,2.0,0.0,25.0,0.0,-,,12.5,,0.0,0.0,0.0,0.08,0.02,0.0,2018-2018,2018,2018,0,1,1.0,1.0,1.0,0.0,0.0,1.0,,1.0,1.0,1.0,0.0,True,True,All-rounder
Mahmad Data (PNM),2019-2019,2019,2019,0,2,1.0,0.0,3.0,3,3.0,0,3.0,5.0,60.0,0.0,0.0,0.0,0.0,0.0,1.5,0.0,0.0,25.8,2019-2019,2019,2019,0,2,2.0,5.0,0.0,31.0,1.0,Jan-15,31.0,6.2,30.0,0.0,0.0,0.5,0.16,0.4,0.0,2019-2019,2019,2019,0,2,2.0,1.0,1.0,0.0,0.0,1.0,,0.5,0.5,0.5,0.0,True,True,All-rounder
Mahmudullah (BDESH),2007-2019,2007,2019,12,83,76.0,16.0,1430.0,64*,64.0,1,23.83,1166.0,122.64,0.0,4.0,2.0,113.0,48.0,17.23,0.0,4.82,63.35,2007-2019,2007,2019,12,83,54.0,117.5,2.0,861.0,31.0,Mar-18,27.77,7.3,22.8,0.0,0.0,0.37,0.14,0.3,0.0,2007-2019,2007,2019,12,83,81.0,31.0,31.0,0.0,0.0,31.0,,0.382,0.37,0.37,0.0,True,True,All-rounder
Mamoon Latif (Belg),2019-2019,2019,2019,0,3,3.0,0.0,45.0,24,24.0,0,15.0,52.0,86.53,0.0,0.0,0.0,2.0,2.0,15.0,0.0,0.0,43.61,2019-2019,2019,2019,0,3,,,,,,-,,,,,,,,,,2019-2019,2019,2019,0,3,3.0,0.0,0.0,0.0,0.0,0.0,0.0,0.0,0.0,0.0,0.0,True,True,All-rounder
Mandeep Singh (INDIA),2016-2016,2016,2016,0,3,3.0,1.0,87.0,52*,52.0,1,43.5,73.0,119.17,0.0,1.0,0.0,11.0,1.0,29.0,0.0,33.33,73.77,2016-2016,2016,2016,0,3,,,,,,-,,,,,,,,,,2016-2016,2016,2016,0,3,3.0,1.0,1.0,0.0,0.0,1.0,,0.333,0.33,0.33,0.0,True,True,All-rounder
Manpreet Singh (ITA),2019-2019,2019,2019,0,8,6.0,0.0,83.0,36,36.0,0,13.83,98.0,84.69,0.0,0.0,0.0,10.0,1.0,10.38,0.0,0.0,42.17,2019-2019,2019,2019,0,8,,,,,,-,,,,,,,,,,2019-2019,2019,2019,0,8,7.0,9.0,6.0,3.0,6.0,0.0,,1.285,0.75,1.13,0.38,True,True,All-rounder
Manpreet Singh (SGP),2019-2019,2019,2019,0,12,12.0,1.0,255.0,42,42.0,0,23.18,222.0,114.86,0.0,0.0,0.0,15.0,5.0,21.25,0.0,0.0,59.85,2019-2019,2019,2019,0,12,,,,,,-,,,,,,,,,,2019-2019,2019,2019,0,12,12.0,8.0,4.0,4.0,4.0,0.0,,0.666,0.33,0.67,0.33,True,True,All-rounder
Mansoor Amjad (PAK),2008-2008,2008,2008,0,1,,,,-,,0,,,,,,,,,,,,,2008-2008,2008,2008,0,1,1.0,1.0,0.0,3.0,3.0,03-Mar,1.0,3.0,2.0,0.0,0.0,3.0,0.33,2.2,0.0,2008-2008,2008,2008,0,1,1.0,2.0,2.0,0.0,0.0,2.0,,2.0,2.0,2.0,0.0,True,True,All-rounder
Mashrafe Mortaza (BDESH),2006-2017,2006,2017,11,54,39.0,11.0,377.0,36,36.0,0,13.46,277.0,136.1,0.0,0.0,6.0,28.0,23.0,6.98,0.0,0.0,62.52,2006-2017,2006,2017,11,54,53.0,189.5,1.0,1527.0,42.0,Apr-19,36.35,8.04,27.1,1.0,0.0,0.78,0.12,0.58,0.0,2006-2017,2006,2017,11,54,53.0,10.0,10.0,0.0,0.0,10.0,,0.188,0.19,0.19,0.0,True,True,All-rounder
Md Nurul Huda (Fin),2019-2019,2019,2019,0,5,4.0,2.0,50.0,30*,30.0,1,25.0,32.0,156.25,0.0,0.0,0.0,4.0,2.0,10.0,0.0,0.0,77.5,2019-2019,2019,2019,0,5,5.0,16.3,0.0,118.0,9.0,03-Nov,13.11,7.15,11.0,0.0,0.0,1.8,0.14,1.3,0.0,2019-2019,2019,2019,0,5,5.0,4.0,4.0,0.0,0.0,4.0,,0.8,0.8,0.8,0.0,True,True,All-rounder
Md Shafiqul Haque (THAI),2019-2019,2019,2019,0,4,4.0,0.0,88.0,38,38.0,0,22.0,62.0,141.93,0.0,0.0,0.0,5.0,6.0,22.0,0.0,0.0,69.97,2019-2019,2019,2019,0,4,1.0,3.0,0.0,25.0,1.0,Jan-25,25.0,8.33,18.0,0.0,0.0,0.25,0.12,0.21,0.0,2019-2019,2019,2019,0,4,4.0,3.0,1.0,2.0,1.0,0.0,,0.75,0.25,0.75,0.5,True,True,All-rounder
Meet Bhavsar (KUW),2019-2019,2019,2019,0,9,7.0,1.0,104.0,38,38.0,0,17.33,88.0,118.18,0.0,0.0,0.0,10.0,1.0,11.56,0.0,0.0,57.67,2019-2019,2019,2019,0,9,1.0,1.0,0.0,11.0,0.0,-,,11.0,,0.0,0.0,0.0,0.09,0.03,0.0,2019-2019,2019,2019,0,9,9.0,4.0,4.0,0.0,4.0,0.0,,0.444,0.44,0.44,0.0,True,True,All-rounder
Mehidy Hasan Miraz (BDESH),2017-2018,2017,2018,1,13,11.0,2.0,94.0,19*,19.0,1,10.44,80.0,117.5,0.0,0.0,2.0,7.0,4.0,7.23,0.0,0.0,53.26,2017-2018,2017,2018,1,13,13.0,36.0,0.0,330.0,4.0,Feb-31,82.5,9.16,54.0,0.0,0.0,0.31,0.11,0.25,0.0,2017-2018,2017,2018,1,13,13.0,7.0,7.0,0.0,0.0,7.0,,0.538,0.54,0.54,0.0,True,True,All-rounder
Mehrab Hossain jnr (BDESH),2008-2009,2008,2009,1,2,2.0,1.0,16.0,10,10.0,0,16.0,25.0,64.0,0.0,0.0,0.0,1.0,0.0,8.0,0.0,0.0,35.2,2008-2009,2008,2009,1,2,1.0,2.5,0.0,20.0,0.0,-,,7.05,,0.0,0.0,0.0,0.14,0.04,0.0,2008-2009,2008,2009,1,2,2.0,0.0,0.0,0.0,0.0,0.0,0.0,0.0,0.0,0.0,0.0,True,True,All-rounder
Mehran Khan (OMAN),2015-2019,2015,2019,4,19,13.0,2.0,117.0,29,29.0,0,10.63,106.0,110.37,0.0,0.0,1.0,7.0,5.0,6.16,0.0,0.0,50.53,2015-2019,2015,2019,4,19,11.0,31.0,0.0,222.0,9.0,Mar-18,24.66,7.16,20.6,0.0,0.0,0.47,0.14,0.37,0.0,2015-2019,2015,2019,4,19,18.0,3.0,3.0,0.0,0.0,3.0,,0.166,0.16,0.16,0.0,True,True,All-rounder
Mian Mehmood (PORT),2019-2019,2019,2019,0,4,4.0,0.0,29.0,13,13.0,0,7.25,41.0,70.73,0.0,0.0,1.0,1.0,1.0,7.25,0.0,0.0,32.64,2019-2019,2019,2019,0,4,,,,,,-,,,,,,,,,,2019-2019,2019,2019,0,4,4.0,1.0,1.0,0.0,0.0,1.0,,0.25,0.25,0.25,0.0,True,True,All-rounder
Michael Nazir (MALTA),2019-2019,2019,2019,0,1,1.0,0.0,0.0,0,0.0,0,0.0,2.0,0.0,0.0,0.0,1.0,0.0,0.0,,0.0,0.0,0.0,2019-2019,2019,2019,0,1,,,,,,-,,,,,,,,,,2019-2019,2019,2019,0,1,1.0,0.0,0.0,0.0,0.0,0.0,0.0,0.0,0.0,0.0,0.0,True,True,All-rounder
Mihusan Hamid (Mald),2019-2019,2019,2019,0,1,,,,-,,0,,,,,,,,,,,,,2019-2019,2019,2019,0,1,1.0,3.0,0.0,29.0,0.0,-,,9.66,,0.0,0.0,0.0,0.1,0.03,0.0,2019-2019,2019,2019,0,1,1.0,0.0,0.0,0.0,0.0,0.0,0.0,0.0,0.0,0.0,0.0,True,True,All-rounder
Mirwais Ashraf (AFG),2010-2016,2010,2016,6,25,19.0,8.0,128.0,28*,28.0,1,11.63,115.0,111.3,0.0,0.0,2.0,5.0,8.0,5.12,0.0,0.0,51.5,2010-2016,2010,2016,6,25,22.0,65.2,1.0,444.0,14.0,02-Jun,31.71,6.79,28.0,0.0,0.0,0.56,0.15,0.44,0.0,2010-2016,2010,2016,6,25,25.0,5.0,5.0,0.0,0.0,5.0,,0.2,0.2,0.2,0.0,True,True,All-rounder
Mirza Ahsan (Aut),2019-2019,2019,2019,0,5,3.0,2.0,55.0,51*,51.0,1,55.0,18.0,305.55,0.0,1.0,0.0,2.0,7.0,11.0,0.0,20.0,155.22,2019-2019,2019,2019,0,5,,,,,,-,,,,,,,,,,2019-2019,2019,2019,0,5,5.0,0.0,0.0,0.0,0.0,0.0,0.0,0.0,0.0,0.0,0.0,True,True,All-rounder
Misbah-ul-Haq (PAK),2007-2012,2007,2012,5,39,34.0,13.0,788.0,87*,87.0,1,37.52,715.0,110.2,0.0,3.0,2.0,45.0,26.0,20.21,0.0,7.69,66.59,2007-2012,2007,2012,5,39,,,,,,-,,,,,,,,,,2007-2012,2007,2012,5,39,39.0,14.0,14.0,0.0,0.0,14.0,,0.358,0.36,0.36,0.0,True,True,All-rounder
Mohamed Arief (MAL),2019-2019,2019,2019,0,5,5.0,1.0,159.0,52*,52.0,1,39.75,114.0,139.47,0.0,1.0,0.0,18.0,4.0,31.8,0.0,20.0,79.64,2019-2019,2019,2019,0,5,2.0,2.0,0.0,19.0,0.0,-,,9.5,,0.0,0.0,0.0,0.11,0.03,0.0,2019-2019,2019,2019,0,5,5.0,0.0,0.0,0.0,0.0,0.0,0.0,0.0,0.0,0.0,0.0,True,True,All-rounder
Mohamed Azzam (Mald),2019-2019,2019,2019,0,7,6.0,2.0,58.0,17*,17.0,1,14.5,61.0,95.08,0.0,0.0,1.0,6.0,0.0,8.29,0.0,0.0,46.73,2019-2019,2019,2019,0,7,,,,,,-,,,,,,,,,,2019-2019,2019,2019,0,7,7.0,9.0,8.0,1.0,8.0,0.0,,1.285,1.14,1.29,0.14,True,True,All-rounder
Mohamed Mahfooz (Mald),2019-2019,2019,2019,0,11,5.0,0.0,42.0,16,16.0,0,8.4,53.0,79.24,0.0,0.0,0.0,3.0,0.0,3.82,0.0,0.0,36.74,2019-2019,2019,2019,0,11,11.0,37.5,0.0,262.0,8.0,Feb-20,32.75,6.92,28.3,0.0,0.0,0.73,0.14,0.55,0.0,2019-2019,2019,2019,0,11,11.0,0.0,0.0,0.0,0.0,0.0,0.0,0.0,0.0,0.0,0.0,True,True,All-rounder
Mohamed Rishwan (Mald),2019-2019,2019,2019,0,11,10.0,0.0,245.0,67,67.0,0,24.5,245.0,100.0,0.0,2.0,0.0,22.0,10.0,22.27,0.0,18.18,54.7,2019-2019,2019,2019,0,11,,,,,,-,,,,,,,,,,2019-2019,2019,2019,0,11,11.0,3.0,3.0,0.0,0.0,3.0,,0.272,0.27,0.27,0.0,True,True,All-rounder
Mohameed Taiwo (NGA),2019-2019,2019,2019,0,2,1.0,1.0,0.0,0*,0.0,1,,0.0,,0.0,0.0,0.0,0.0,0.0,,0.0,0.0,,2019-2019,2019,2019,0,2,2.0,8.0,0.0,41.0,2.0,Jan-16,20.5,5.12,24.0,0.0,0.0,1.0,0.2,0.76,0.0,2019-2019,2019,2019,0,2,2.0,0.0,0.0,0.0,0.0,0.0,0.0,0.0,0.0,0.0,0.0,True,True,All-rounder
Mohammad Adnan (Saudi),2019-2019,2019,2019,0,5,3.0,3.0,60.0,38*,38.0,1,,31.0,193.54,0.0,0.0,0.0,4.0,5.0,12.0,0.0,0.0,,2019-2019,2019,2019,0,5,5.0,17.0,0.0,120.0,2.0,Jan-27,60.0,7.05,51.0,0.0,0.0,0.4,0.14,0.32,0.0,2019-2019,2019,2019,0,5,5.0,0.0,0.0,0.0,0.0,0.0,0.0,0.0,0.0,0.0,0.0,True,True,All-rounder
Mohammad Ahsan (KUW),2019-2019,2019,2019,0,6,3.0,0.0,19.0,8,8.0,0,6.33,20.0,95.0,0.0,0.0,0.0,0.0,1.0,3.17,0.0,0.0,41.8,2019-2019,2019,2019,0,6,6.0,20.0,0.0,192.0,4.0,Feb-31,48.0,9.6,30.0,0.0,0.0,0.67,0.1,0.5,0.0,2019-2019,2019,2019,0,6,6.0,0.0,0.0,0.0,0.0,0.0,0.0,0.0,0.0,0.0,0.0,True,True,All-rounder
Mohammad Amin (KUW),2019-2019,2019,2019,0,4,4.0,2.0,38.0,15*,15.0,1,19.0,39.0,97.43,0.0,0.0,0.0,5.0,0.0,9.5,0.0,0.0,50.37,2019-2019,2019,2019,0,4,,,,,,-,,,,,,,,,,2019-2019,2019,2019,0,4,4.0,0.0,0.0,0.0,0.0,0.0,0.0,0.0,0.0,0.0,0.0,True,True,All-rounder
Mohammad Amir (PAK),2009-2019,2009,2019,10,48,14.0,6.0,59.0,21*,21.0,1,7.37,72.0,81.94,0.0,0.0,2.0,2.0,3.0,1.23,0.0,0.0,37.2,2009-2019,2009,2019,10,48,48.0,175.4,5.0,1224.0,59.0,Apr-13,20.74,6.96,17.8,1.0,0.0,1.23,0.14,0.9,0.0,2009-2019,2009,2019,10,48,48.0,4.0,4.0,0.0,0.0,4.0,,0.083,0.08,0.08,0.0,True,True,All-rounder
Mohammad Ashraful (BDESH),2007-2013,2007,2013,6,23,23.0,0.0,450.0,65,65.0,0,19.56,356.0,126.4,0.0,2.0,2.0,48.0,11.0,19.57,0.0,8.7,62.3,2007-2013,2007,2013,6,23,8.0,23.0,0.0,210.0,8.0,Mar-42,26.25,9.13,17.2,0.0,0.0,0.35,0.11,0.28,0.0,2007-2013,2007,2013,6,23,23.0,4.0,4.0,0.0,0.0,4.0,,0.173,0.17,0.17,0.0,True,True,All-rounder
Mohammad Asif (PAK),2006-2010,2006,2010,4,11,3.0,3.0,9.0,5*,5.0,1,,3.0,300.0,0.0,0.0,0.0,2.0,0.0,0.82,0.0,0.0,,2006-2010,2006,2010,4,11,11.0,42.5,1.0,343.0,13.0,Apr-18,26.38,8.0,19.7,1.0,0.0,1.18,0.13,0.86,0.0,2006-2010,2006,2010,4,11,11.0,3.0,3.0,0.0,0.0,3.0,,0.272,0.27,0.27,0.0,True,True,All-rounder
Mohammad Boota (UAE),2019-2019,2019,2019,0,16,12.0,4.0,112.0,20*,20.0,1,14.0,100.0,112.0,0.0,0.0,1.0,7.0,5.0,7.0,0.0,0.0,53.2,2019-2019,2019,2019,0,16,1.0,1.0,0.0,13.0,1.0,Jan-13,13.0,13.0,6.0,0.0,0.0,0.06,0.08,0.07,0.0,2019-2019,2019,2019,0,16,16.0,4.0,3.0,1.0,2.0,1.0,,0.25,0.19,0.25,0.06,True,True,All-rounder
Mohammad Ghazanfar (HKG),2019-2019,2019,2019,0,5,2.0,1.0,10.0,6*,6.0,1,10.0,10.0,100.0,0.0,0.0,0.0,1.0,0.0,2.0,0.0,0.0,46.0,2019-2019,2019,2019,0,5,5.0,14.0,0.0,85.0,3.0,02-Nov,28.33,6.07,28.0,0.0,0.0,0.6,0.16,0.47,0.0,2019-2019,2019,2019,0,5,5.0,2.0,2.0,0.0,0.0,2.0,,0.4,0.4,0.4,0.0,True,True,All-rounder
Mohammad Hafeez (PAK),2006-2018,2006,2018,12,89,86.0,8.0,1908.0,86,86.0,0,24.46,1643.0,116.12,0.0,10.0,6.0,196.0,51.0,21.44,0.0,11.24,61.12,2006-2018,2006,2018,12,89,67.0,186.1,2.0,1226.0,54.0,04-Oct,22.7,6.58,20.6,1.0,0.0,0.61,0.15,0.47,0.0,2006-2018,2006,2018,12,89,89.0,25.0,25.0,0.0,0.0,25.0,,0.28,0.28,0.28,0.0,True,True,All-rounder
Mohammad Hasnain (PAK),2019-2019,2019,2019,0,4,3.0,2.0,5.0,4*,4.0,1,5.0,12.0,41.66,0.0,0.0,0.0,1.0,0.0,1.25,0.0,0.0,19.66,2019-2019,2019,2019,0,4,4.0,16.0,0.0,137.0,3.0,Mar-37,45.66,8.56,32.0,0.0,0.0,0.75,0.12,0.56,0.0,2019-2019,2019,2019,0,4,4.0,0.0,0.0,0.0,0.0,0.0,0.0,0.0,0.0,0.0,0.0,True,True,All-rounder
Mohammad Iqbal (CAN),2008-2008,2008,2008,0,3,3.0,0.0,27.0,22,22.0,0,9.0,39.0,69.23,0.0,0.0,0.0,1.0,0.0,9.0,0.0,0.0,33.09,2008-2008,2008,2008,0,3,,,,,,-,,,,,,,,,,2008-2008,2008,2008,0,3,3.0,0.0,0.0,0.0,0.0,0.0,0.0,0.0,0.0,0.0,0.0,True,True,All-rounder
Mohammad Irfan (PAK),2012-2019,2012,2019,7,22,4.0,4.0,4.0,2*,2.0,1,,8.0,50.0,0.0,0.0,0.0,0.0,0.0,0.18,0.0,0.0,,2012-2019,2012,2019,7,22,22.0,75.3,0.0,562.0,16.0,Feb-18,35.12,7.44,28.3,0.0,0.0,0.73,0.13,0.55,0.0,2012-2019,2012,2019,7,22,22.0,1.0,1.0,0.0,0.0,1.0,,0.045,0.05,0.05,0.0,True,True,All-rounder
Mohammad Kashif (NL),2010-2010,2010,2010,0,3,1.0,1.0,0.0,0*,0.0,1,,0.0,,0.0,0.0,0.0,0.0,0.0,,0.0,0.0,,2010-2010,2010,2010,0,3,3.0,7.0,0.0,55.0,4.0,Feb-28,13.75,7.85,10.5,0.0,0.0,1.33,0.13,0.97,0.0,2010-2010,2010,2010,0,3,3.0,1.0,1.0,0.0,0.0,1.0,,0.333,0.33,0.33,0.0,True,True,All-rounder
Mohammad Mithun (BDESH),2014-2019,2014,2019,5,14,10.0,0.0,117.0,47,47.0,0,11.7,125.0,93.6,0.0,0.0,2.0,9.0,4.0,8.36,0.0,0.0,44.46,2014-2019,2014,2019,5,14,,,,,,-,,,,,,,,,,2014-2019,2014,2019,5,14,12.0,3.0,3.0,0.0,0.0,3.0,,0.25,0.21,0.21,0.0,True,True,All-rounder
Mohammad Nabi (AFG),2010-2019,2010,2019,9,75,70.0,11.0,1316.0,89,89.0,0,22.3,902.0,145.89,0.0,4.0,4.0,83.0,78.0,17.55,0.0,5.33,71.74,2010-2019,2010,2019,9,75,75.0,256.4,5.0,1839.0,69.0,04-Oct,26.65,7.16,22.3,3.0,0.0,0.92,0.14,0.69,0.0,2010-2019,2010,2019,9,75,75.0,41.0,41.0,0.0,0.0,41.0,,0.546,0.55,0.55,0.0,True,True,All-rounder
Mohammad Nadeem (OMAN),2015-2019,2015,2019,4,22,13.0,3.0,89.0,29,29.0,0,8.9,106.0,83.96,0.0,0.0,1.0,7.0,0.0,4.05,0.0,0.0,38.92,2015-2019,2015,2019,4,22,22.0,68.0,0.0,445.0,22.0,Apr-23,20.22,6.54,18.5,1.0,0.0,1.0,0.15,0.75,0.0,2015-2019,2015,2019,4,22,22.0,8.0,8.0,0.0,0.0,8.0,,0.363,0.36,0.36,0.0,True,True,All-rounder
Mohammad Naim (BDESH),2019-2019,2019,2019,0,3,3.0,0.0,143.0,81,81.0,0,47.66,107.0,133.64,0.0,1.0,0.0,17.0,3.0,47.67,0.0,33.33,82.05,2019-2019,2019,2019,0,3,,,,,,-,,,,,,,,,,2019-2019,2019,2019,0,3,3.0,2.0,2.0,0.0,0.0,2.0,,0.666,0.67,0.67,0.0,True,True,All-rounder
Mohammad Naveed (UAE),2015-2019,2015,2019,4,31,24.0,10.0,176.0,27*,27.0,1,12.57,147.0,119.72,0.0,0.0,3.0,17.0,8.0,5.68,0.0,0.0,55.43,2015-2019,2015,2019,4,31,31.0,114.4,5.0,729.0,37.0,Mar-14,19.7,6.35,18.5,0.0,0.0,1.19,0.16,0.88,0.0,2015-2019,2015,2019,4,31,31.0,4.0,4.0,0.0,0.0,4.0,,0.129,0.13,0.13,0.0,True,True,All-rounder
Mohammad Nawaz (3) (PAK),2016-2018,2016,2018,2,16,2.0,0.0,13.0,7,7.0,0,6.5,20.0,65.0,0.0,0.0,0.0,1.0,0.0,0.81,0.0,0.0,29.9,2016-2018,2016,2018,2,16,16.0,50.0,1.0,340.0,12.0,02-Nov,28.33,6.8,25.0,0.0,0.0,0.75,0.15,0.57,0.0,2016-2018,2016,2018,2,16,16.0,6.0,6.0,0.0,0.0,6.0,,0.375,0.38,0.38,0.0,True,True,All-rounder
Mohammad Qazi (CAN),2008-2008,2008,2008,0,1,1.0,0.0,0.0,0,0.0,0,0.0,1.0,0.0,0.0,0.0,1.0,0.0,0.0,,0.0,0.0,0.0,2008-2008,2008,2008,0,1,,,,,,-,,,,,,,,,,2008-2008,2008,2008,0,1,1.0,0.0,0.0,0.0,0.0,0.0,0.0,0.0,0.0,0.0,0.0,True,True,All-rounder
Mohammad Rafique (BDESH),2006-2006,2006,2006,0,1,1.0,0.0,13.0,13,13.0,0,13.0,5.0,260.0,0.0,0.0,0.0,3.0,0.0,13.0,0.0,0.0,111.8,2006-2006,2006,2006,0,1,1.0,4.0,0.0,22.0,1.0,Jan-22,22.0,5.5,24.0,0.0,0.0,1.0,0.18,0.75,0.0,2006-2006,2006,2006,0,1,1.0,0.0,0.0,0.0,0.0,0.0,0.0,0.0,0.0,0.0,0.0,True,True,All-rounder
Mohammad Rizwan (PAK),2015-2019,2015,2019,4,16,13.0,2.0,180.0,33*,33.0,1,16.36,184.0,97.82,0.0,0.0,1.0,14.0,2.0,11.25,0.0,0.0,48.94,2015-2019,2015,2019,4,16,,,,,,-,,,,,,,,,,2015-2019,2015,2019,4,16,16.0,5.0,3.0,2.0,3.0,0.0,,0.312,0.19,0.31,0.13,True,True,All-rounder
Mohammad Saifuddin (BDESH),2017-2019,2017,2019,2,13,9.0,3.0,108.0,39*,39.0,1,18.0,95.0,113.68,0.0,0.0,0.0,9.0,3.0,8.31,0.0,0.0,56.27,2017-2019,2017,2019,2,13,13.0,43.0,0.0,386.0,12.0,Apr-33,32.16,8.97,21.5,1.0,0.0,0.92,0.11,0.68,0.0,2017-2019,2017,2019,2,13,13.0,3.0,3.0,0.0,0.0,3.0,,0.23,0.23,0.23,0.0,True,True,All-rounder
Mohammad Salman (PAK),2011-2011,2011,2011,0,1,1.0,0.0,5.0,5,5.0,0,5.0,6.0,83.33,0.0,0.0,0.0,0.0,0.0,5.0,0.0,0.0,36.33,2011-2011,2011,2011,0,1,,,,,,-,,,,,,,,,,2011-2011,2011,2011,0,1,1.0,2.0,1.0,1.0,1.0,0.0,,2.0,1.0,2.0,1.0,True,True,All-rounder
Mohammad Sami (PAK),2010-2016,2010,2016,6,13,4.0,3.0,21.0,8,8.0,0,21.0,30.0,70.0,0.0,0.0,0.0,2.0,0.0,1.62,0.0,0.0,40.6,2010-2016,2010,2016,6,13,13.0,46.0,0.0,387.0,21.0,Mar-16,18.42,8.41,13.1,0.0,0.0,1.62,0.12,1.17,0.0,2010-2016,2010,2016,6,13,13.0,3.0,3.0,0.0,0.0,3.0,,0.23,0.23,0.23,0.0,True,True,All-rounder
Mohammad Shahid (BDESH),2016-2016,2016,2016,0,1,,,,-,,0,,,,,,,,,,,,,2016-2016,2016,2016,0,1,1.0,3.0,0.0,32.0,1.0,Jan-32,32.0,10.66,18.0,0.0,0.0,1.0,0.09,0.73,0.0,2016-2016,2016,2016,0,1,1.0,0.0,0.0,0.0,0.0,0.0,0.0,0.0,0.0,0.0,0.0,True,True,All-rounder
Mohammad Shahzad (AFG),2010-2018,2010,2018,8,65,65.0,3.0,1936.0,118*,118.0,1,31.22,1436.0,134.81,1.0,12.0,3.0,218.0,72.0,29.78,1.54,18.46,72.66,2010-2018,2010,2018,8,65,,,,,,-,,,,,,,,,,2010-2018,2010,2018,8,65,65.0,54.0,26.0,28.0,26.0,0.0,,0.83,0.4,0.83,0.43,True,True,All-rounder
Mohammad Shahzad (UAE),2015-2017,2015,2017,2,20,20.0,2.0,281.0,52,52.0,0,15.61,239.0,117.57,0.0,1.0,2.0,25.0,11.0,14.05,0.0,5.0,56.39,2015-2017,2015,2017,2,20,19.0,48.1,0.0,411.0,13.0,Mar-34,31.61,8.53,22.2,0.0,0.0,0.65,0.12,0.49,0.0,2015-2017,2015,2017,2,20,20.0,1.0,1.0,0.0,0.0,1.0,,0.05,0.05,0.05,0.0,True,True,All-rounder
Mohammad Tauqir (UAE),2015-2015,2015,2015,0,3,2.0,1.0,4.0,4,4.0,0,4.0,6.0,66.66,0.0,0.0,0.0,1.0,0.0,1.33,0.0,0.0,29.06,2015-2015,2015,2015,0,3,3.0,7.0,1.0,55.0,0.0,-,,7.85,,0.0,0.0,0.0,0.13,0.04,0.0,2015-2015,2015,2015,0,3,3.0,1.0,1.0,0.0,0.0,1.0,,0.333,0.33,0.33,0.0,True,True,All-rounder
Mohammad Yousuf (PAK),2006-2010,2006,2010,4,3,3.0,0.0,50.0,26,26.0,0,16.66,43.0,116.27,0.0,0.0,0.0,5.0,1.0,16.67,0.0,0.0,56.5,2006-2010,2006,2010,4,3,,,,,,-,,,,,,,,,,2006-2010,2006,2010,4,3,3.0,1.0,1.0,0.0,0.0,1.0,,0.333,0.33,0.33,0.0,True,True,All-rounder
Mohammed Asghar (KUW),2019-2019,2019,2019,0,4,4.0,0.0,124.0,45,45.0,0,31.0,91.0,136.26,0.0,0.0,0.0,13.0,5.0,31.0,0.0,0.0,73.1,2019-2019,2019,2019,0,4,2.0,4.0,0.0,28.0,0.0,-,,7.0,,0.0,0.0,0.0,0.14,0.04,0.0,2019-2019,2019,2019,0,4,4.0,2.0,2.0,0.0,0.0,2.0,,0.5,0.5,0.5,0.0,True,True,All-rounder
Mohammed Nadeem (QAT),2019-2019,2019,2019,0,15,2.0,2.0,0.0,0*,0.0,1,,1.0,0.0,0.0,0.0,0.0,0.0,0.0,,0.0,0.0,,2019-2019,2019,2019,0,15,15.0,52.0,0.0,364.0,11.0,Mar-23,33.09,7.0,28.3,0.0,0.0,0.73,0.14,0.56,0.0,2019-2019,2019,2019,0,15,15.0,5.0,5.0,0.0,0.0,5.0,,0.333,0.33,0.33,0.0,True,True,All-rounder
Mohammed Nurji (MWI),2019-2019,2019,2019,0,6,5.0,3.0,101.0,36,36.0,0,50.5,59.0,171.18,0.0,0.0,0.0,8.0,6.0,16.83,0.0,0.0,98.77,2019-2019,2019,2019,0,6,,,,,,-,,,,,,,,,,2019-2019,2019,2019,0,6,6.0,2.0,2.0,0.0,0.0,2.0,,0.333,0.33,0.33,0.0,True,True,All-rounder
Mohammed Qasim (UAE),2016-2017,2016,2017,1,3,3.0,1.0,36.0,13*,13.0,1,18.0,51.0,70.58,0.0,0.0,0.0,2.0,0.0,12.0,0.0,0.0,39.03,2016-2017,2016,2017,1,3,1.0,1.0,0.0,8.0,0.0,-,,8.0,,0.0,0.0,0.0,0.13,0.04,0.0,2016-2017,2016,2017,1,3,3.0,1.0,1.0,0.0,0.0,1.0,,0.333,0.33,0.33,0.0,True,True,All-rounder
Mohammed Rizlan (QAT),2019-2019,2019,2019,0,15,12.0,5.0,229.0,38*,38.0,1,32.71,218.0,105.04,0.0,0.0,0.0,14.0,10.0,15.27,0.0,0.0,61.64,2019-2019,2019,2019,0,15,,,,,,-,,,,,,,,,,2019-2019,2019,2019,0,15,15.0,11.0,8.0,3.0,8.0,0.0,,0.733,0.53,0.73,0.2,True,True,All-rounder
Mohammed Shami (INDIA),2014-2019,2014,2019,5,8,,,,-,,0,,,,,,,,,,,,,2014-2019,2014,2019,5,8,8.0,27.4,0.0,275.0,10.0,Mar-38,27.5,9.93,16.6,0.0,0.0,1.25,0.1,0.91,0.0,2014-2019,2014,2019,5,8,8.0,0.0,0.0,0.0,0.0,0.0,0.0,0.0,0.0,0.0,0.0,True,True,All-rounder
Mohammed Siraj (INDIA),2017-2018,2017,2018,1,3,,,,-,,0,,,,,,,,,,,,,2017-2018,2017,2018,1,3,3.0,12.0,0.0,148.0,3.0,Jan-45,49.33,12.33,24.0,0.0,0.0,1.0,0.08,0.72,0.0,2017-2018,2017,2018,1,3,3.0,1.0,1.0,0.0,0.0,1.0,,0.333,0.33,0.33,0.0,True,True,All-rounder
Mohsin Hub (Peru),2019-2019,2019,2019,0,4,4.0,1.0,36.0,16*,16.0,1,12.0,41.0,87.8,0.0,0.0,1.0,2.0,0.0,9.0,0.0,0.0,42.32,2019-2019,2019,2019,0,4,3.0,9.0,0.0,39.0,2.0,Jan-14,19.5,4.33,27.0,0.0,0.0,0.5,0.23,0.42,0.0,2019-2019,2019,2019,0,4,4.0,0.0,0.0,0.0,0.0,0.0,0.0,0.0,0.0,0.0,0.0,True,True,All-rounder
Mominul Haque (BDESH),2012-2014,2012,2014,2,6,4.0,1.0,60.0,26*,26.0,1,20.0,50.0,120.0,0.0,0.0,0.0,5.0,2.0,10.0,0.0,0.0,60.0,2012-2014,2012,2014,2,6,2.0,3.0,0.0,32.0,0.0,-,,10.66,,0.0,0.0,0.0,0.09,0.03,0.0,2012-2014,2012,2014,2,6,6.0,1.0,1.0,0.0,0.0,1.0,,0.166,0.17,0.17,0.0,True,True,All-rounder
Mosaddek Hossain (BDESH),2016-2019,2016,2019,3,14,13.0,4.0,183.0,34*,34.0,1,20.33,173.0,105.78,0.0,0.0,1.0,10.0,5.0,13.07,0.0,0.0,54.51,2016-2019,2016,2019,3,14,12.0,21.4,0.0,160.0,5.0,Feb-21,32.0,7.38,26.0,0.0,0.0,0.36,0.14,0.29,0.0,2016-2019,2016,2019,3,14,14.0,7.0,7.0,0.0,0.0,7.0,,0.5,0.5,0.5,0.0,True,True,All-rounder
Muaviath Ganee (Mald),2019-2019,2019,2019,0,5,4.0,0.0,42.0,19,19.0,0,10.5,44.0,95.45,0.0,0.0,0.0,3.0,1.0,8.4,0.0,0.0,44.48,2019-2019,2019,2019,0,5,,,,,,-,,,,,,,,,,2019-2019,2019,2019,0,5,5.0,0.0,0.0,0.0,0.0,0.0,0.0,0.0,0.0,0.0,0.0,True,True,All-rounder
Mudassar Bukhari (NL),2008-2016,2008,2016,8,38,26.0,8.0,157.0,28*,28.0,1,8.72,152.0,103.28,0.0,0.0,1.0,10.0,4.0,4.13,0.0,0.0,46.54,2008-2016,2008,2016,8,38,35.0,117.2,4.0,780.0,43.0,04-Jul,18.13,6.64,16.3,3.0,0.0,1.13,0.15,0.84,0.0,2008-2016,2008,2016,8,38,36.0,9.0,9.0,0.0,0.0,9.0,,0.25,0.24,0.24,0.0,True,True,All-rounder
Mudassar Muhammad (GER),2019-2019,2019,2019,0,7,7.0,0.0,112.0,30,30.0,0,16.0,135.0,82.96,0.0,0.0,0.0,5.0,3.0,16.0,0.0,0.0,42.78,2019-2019,2019,2019,0,7,,,,,,-,,,,,,,,,,2019-2019,2019,2019,0,7,7.0,1.0,1.0,0.0,0.0,1.0,,0.142,0.14,0.14,0.0,True,True,All-rounder
Muhamad Syahadat (MAL),2019-2019,2019,2019,0,10,9.0,3.0,122.0,41*,41.0,1,20.33,102.0,119.6,0.0,0.0,0.0,9.0,6.0,12.2,0.0,0.0,60.04,2019-2019,2019,2019,0,10,8.0,21.0,0.0,127.0,11.0,03-Jul,11.54,6.04,11.4,0.0,0.0,1.1,0.17,0.82,0.0,2019-2019,2019,2019,0,10,9.0,1.0,1.0,0.0,0.0,1.0,,0.111,0.1,0.1,0.0,True,True,All-rounder
Muhammad Amir (MAL),2019-2019,2019,2019,0,1,,,,-,,0,,,,,,,,,,,,,2019-2019,2019,2019,0,1,,,,,,-,,,,,,,,,,2019-2019,2019,2019,0,1,1.0,1.0,1.0,0.0,0.0,1.0,,1.0,1.0,1.0,0.0,True,True,All-rounder
Muhammad Asjed (ESP),2019-2019,2019,2019,0,2,1.0,0.0,9.0,9,9.0,0,9.0,9.0,100.0,0.0,0.0,0.0,1.0,0.0,4.5,0.0,0.0,45.4,2019-2019,2019,2019,0,2,1.0,1.0,0.0,9.0,0.0,-,,9.0,,0.0,0.0,0.0,0.11,0.03,0.0,2019-2019,2019,2019,0,2,2.0,1.0,1.0,0.0,0.0,1.0,,0.5,0.5,0.5,0.0,True,True,All-rounder
Muhammad Awais (),2019-2019,2019,2019,0,3,3.0,2.0,82.0,42*,42.0,1,82.0,59.0,138.98,0.0,0.0,0.0,12.0,1.0,27.33,0.0,0.0,104.79,2019-2019,2019,2019,0,3,,,,,,-,,,,,,,,,,2019-2019,2019,2019,0,3,3.0,4.0,3.0,1.0,3.0,0.0,,1.333,1.0,1.33,0.33,True,True,All-rounder
Muhammad Hamayun (Saudi),2019-2019,2019,2019,0,4,2.0,0.0,13.0,8,8.0,0,6.5,10.0,130.0,0.0,0.0,0.0,1.0,1.0,3.25,0.0,0.0,55.9,2019-2019,2019,2019,0,4,,,,,,-,,,,,,,,,,2019-2019,2019,2019,0,4,4.0,0.0,0.0,0.0,0.0,0.0,0.0,0.0,0.0,0.0,0.0,True,True,All-rounder
Muhammad Kaleem (UAE),2016-2016,2016,2016,0,9,9.0,0.0,97.0,50,50.0,0,10.77,116.0,83.62,0.0,1.0,1.0,9.0,3.0,10.78,0.0,11.11,39.91,2016-2016,2016,2016,0,9,,,,,,-,,,,,,,,,,2016-2016,2016,2016,0,9,9.0,1.0,1.0,0.0,0.0,1.0,,0.111,0.11,0.11,0.0,True,True,All-rounder
Muhammad Kashif (KUW),2019-2019,2019,2019,0,10,9.0,4.0,242.0,53,53.0,0,48.4,215.0,112.55,0.0,2.0,0.0,14.0,13.0,24.2,0.0,20.0,74.06,2019-2019,2019,2019,0,10,9.0,27.0,1.0,212.0,12.0,Mar-30,17.66,7.85,13.5,0.0,0.0,1.2,0.13,0.88,0.0,2019-2019,2019,2019,0,10,10.0,2.0,2.0,0.0,0.0,2.0,,0.2,0.2,0.2,0.0,True,True,All-rounder
Muhammad Khurram (MWI),2019-2019,2019,2019,0,5,3.0,0.0,4.0,3,3.0,0,1.33,20.0,20.0,0.0,0.0,1.0,0.0,0.0,0.8,0.0,0.0,8.8,2019-2019,2019,2019,0,5,,,,,,-,,,,,,,,,,2019-2019,2019,2019,0,5,5.0,1.0,1.0,0.0,1.0,0.0,,0.2,0.2,0.2,0.0,True,True,All-rounder
Muhammad Musa (PAK),2019-2019,2019,2019,0,1,,,,-,,0,,,,,,,,,,,,,2019-2019,2019,2019,0,1,1.0,3.5,0.0,39.0,0.0,-,,10.17,,0.0,0.0,0.0,0.1,0.03,0.0,2019-2019,2019,2019,0,1,1.0,0.0,0.0,0.0,0.0,0.0,0.0,0.0,0.0,0.0,0.0,True,True,All-rounder
Muhammad Nadeem (Saudi),2019-2019,2019,2019,0,5,3.0,0.0,48.0,43,43.0,0,16.0,49.0,97.95,0.0,0.0,0.0,7.0,1.0,9.6,0.0,0.0,48.78,2019-2019,2019,2019,0,5,2.0,5.0,0.0,49.0,5.0,Mar-16,9.8,9.8,6.0,0.0,0.0,1.0,0.1,0.73,0.0,2019-2019,2019,2019,0,5,5.0,2.0,2.0,0.0,0.0,2.0,,0.4,0.4,0.4,0.0,True,True,All-rounder
Muhammad Naeem (Saudi),2019-2019,2019,2019,0,5,4.0,2.0,90.0,42,42.0,0,45.0,91.0,98.9,0.0,0.0,1.0,7.0,1.0,18.0,0.0,0.0,66.56,2019-2019,2019,2019,0,5,1.0,1.0,0.0,13.0,0.0,-,,13.0,,0.0,0.0,0.0,0.08,0.02,0.0,2019-2019,2019,2019,0,5,5.0,1.0,1.0,0.0,0.0,1.0,,0.2,0.2,0.2,0.0,True,True,All-rounder
Muhammad Rafique (BAH),2019-2019,2019,2019,0,2,1.0,0.0,4.0,4,4.0,0,4.0,5.0,80.0,0.0,0.0,0.0,0.0,0.0,2.0,0.0,0.0,34.4,2019-2019,2019,2019,0,2,2.0,5.0,0.0,63.0,2.0,Jan-31,31.5,12.6,15.0,0.0,0.0,1.0,0.08,0.72,0.0,2019-2019,2019,2019,0,2,2.0,0.0,0.0,0.0,0.0,0.0,0.0,0.0,0.0,0.0,0.0,True,True,All-rounder
Muhammad Saleem (),2019-2019,2019,2019,0,4,4.0,0.0,59.0,52,52.0,0,14.75,54.0,109.25,0.0,1.0,0.0,5.0,1.0,14.75,0.0,25.0,52.55,2019-2019,2019,2019,0,4,4.0,11.0,1.0,45.0,5.0,Mar-19,9.0,4.09,13.2,0.0,0.0,1.25,0.24,0.95,0.0,2019-2019,2019,2019,0,4,4.0,1.0,1.0,0.0,0.0,1.0,,0.25,0.25,0.25,0.0,True,True,All-rounder
Muhammad Tanveer (QAT),2019-2019,2019,2019,0,15,15.0,4.0,428.0,57*,57.0,1,38.9,331.0,129.3,0.0,4.0,0.0,36.0,22.0,28.53,0.0,26.67,75.06,2019-2019,2019,2019,0,15,3.0,8.0,0.0,63.0,1.0,Jan-29,63.0,7.87,48.0,0.0,0.0,0.07,0.13,0.08,0.0,2019-2019,2019,2019,0,15,15.0,5.0,5.0,0.0,0.0,5.0,,0.333,0.33,0.33,0.0,True,True,All-rounder
Muhammad Usman (UAE),2016-2019,2016,2019,3,34,32.0,5.0,695.0,89*,89.0,1,25.74,593.0,117.2,0.0,3.0,3.0,61.0,21.0,20.44,0.0,8.82,62.32,2016-2019,2016,2019,3,34,,,,,,-,,,,,,,,,,2016-2019,2016,2019,3,34,34.0,6.0,6.0,0.0,0.0,6.0,,0.176,0.18,0.18,0.0,True,True,All-rounder
Muhammad Wafiq (MAL),2019-2019,2019,2019,0,4,3.0,1.0,9.0,6*,6.0,1,4.5,12.0,75.0,0.0,0.0,1.0,1.0,0.0,2.25,0.0,0.0,32.7,2019-2019,2019,2019,0,4,4.0,16.0,1.0,114.0,5.0,03-Oct,22.8,7.12,19.2,0.0,0.0,1.25,0.14,0.92,0.0,2019-2019,2019,2019,0,4,4.0,0.0,0.0,0.0,0.0,0.0,0.0,0.0,0.0,0.0,0.0,True,True,All-rounder
Muhammed Shanil (UAE),2016-2016,2016,2016,0,1,1.0,1.0,1.0,1*,1.0,1,,3.0,33.33,0.0,0.0,0.0,0.0,0.0,1.0,0.0,0.0,,2016-2016,2016,2016,0,1,1.0,4.0,0.0,49.0,0.0,-,,12.25,,0.0,0.0,0.0,0.08,0.02,0.0,2016-2016,2016,2016,0,1,1.0,0.0,0.0,0.0,0.0,0.0,0.0,0.0,0.0,0.0,0.0,True,True,All-rounder
Mujeeb Ur Rahman (AFG),2018-2019,2018,2019,1,16,3.0,3.0,8.0,8*,8.0,1,,8.0,100.0,0.0,0.0,0.0,1.0,0.0,0.5,0.0,0.0,,2018-2019,2018,2019,1,16,16.0,60.0,0.0,324.0,20.0,Apr-15,16.2,5.4,18.0,1.0,0.0,1.25,0.19,0.93,0.0,2018-2019,2018,2019,1,16,16.0,3.0,3.0,0.0,0.0,3.0,,0.187,0.19,0.19,0.0,True,True,All-rounder
Mukhtar Ahmed (PAK),2015-2015,2015,2015,0,6,6.0,0.0,192.0,83,83.0,0,32.0,134.0,143.28,0.0,2.0,0.0,23.0,5.0,32.0,0.0,33.33,76.51,2015-2015,2015,2015,0,6,,,,,,-,,,,,,,,,,2015-2015,2015,2015,0,6,6.0,2.0,2.0,0.0,0.0,2.0,,0.333,0.33,0.33,0.0,True,True,All-rounder
Mukhtiar Singh (ESP),2019-2019,2019,2019,0,2,,,,-,,0,,,,,,,,,,,,,2019-2019,2019,2019,0,2,,,,,,-,,,,,,,,,,2019-2019,2019,2019,0,2,2.0,0.0,0.0,0.0,0.0,0.0,0.0,0.0,0.0,0.0,0.0,True,True,All-rounder
Muktar Ali (BDESH),2016-2016,2016,2016,0,1,1.0,1.0,19.0,19*,19.0,1,,15.0,126.66,0.0,0.0,0.0,1.0,1.0,19.0,0.0,0.0,,2016-2016,2016,2016,0,1,1.0,2.0,0.0,17.0,0.0,-,,8.5,,0.0,0.0,0.0,0.12,0.04,0.0,2016-2016,2016,2016,0,1,1.0,0.0,0.0,0.0,0.0,0.0,0.0,0.0,0.0,0.0,0.0,True,True,All-rounder
Munir Dar (HKG),2014-2014,2014,2014,0,2,2.0,0.0,39.0,36,36.0,0,19.5,33.0,118.18,0.0,0.0,0.0,3.0,1.0,19.5,0.0,0.0,58.97,2014-2014,2014,2014,0,2,,,,,,-,,,,,,,,,,2014-2014,2014,2014,0,2,2.0,1.0,1.0,0.0,0.0,1.0,,0.5,0.5,0.5,0.0,True,True,All-rounder
Murid Ekrami (Belg),2019-2019,2019,2019,0,3,2.0,0.0,41.0,28,28.0,0,20.5,48.0,85.41,0.0,0.0,0.0,2.0,0.0,13.67,0.0,0.0,46.46,2019-2019,2019,2019,0,3,3.0,5.0,0.0,37.0,1.0,01-Oct,37.0,7.4,30.0,0.0,0.0,0.33,0.14,0.27,0.0,2019-2019,2019,2019,0,3,3.0,2.0,2.0,0.0,0.0,2.0,,0.666,0.67,0.67,0.0,True,True,All-rounder
Musa Shaheen (DEN),2019-2019,2019,2019,0,1,1.0,0.0,0.0,0,0.0,0,0.0,3.0,0.0,0.0,0.0,1.0,0.0,0.0,,0.0,0.0,0.0,2019-2019,2019,2019,0,1,1.0,2.2,0.0,11.0,3.0,03-Nov,3.66,4.71,4.6,0.0,0.0,3.0,0.21,2.16,0.0,2019-2019,2019,2019,0,1,1.0,0.0,0.0,0.0,0.0,0.0,0.0,0.0,0.0,0.0,0.0,True,True,All-rounder
Musawar Shah (QAT),2019-2019,2019,2019,0,2,,,,-,,0,,,,,,,,,,,,,2019-2019,2019,2019,0,2,2.0,3.0,0.0,32.0,0.0,-,,10.66,,0.0,0.0,0.0,0.09,0.03,0.0,2019-2019,2019,2019,0,2,2.0,1.0,1.0,0.0,0.0,1.0,,0.5,0.5,0.5,0.0,True,True,All-rounder
Mushfiqur Rahim (BDESH),2006-2019,2006,2019,13,84,76.0,13.0,1265.0,72*,72.0,1,20.07,1060.0,119.33,0.0,5.0,5.0,110.0,31.0,15.06,0.0,5.95,59.77,2006-2019,2006,2019,13,84,,,,,,-,,,,,,,,,,2006-2019,2006,2019,13,84,82.0,59.0,31.0,28.0,30.0,1.0,,0.719,0.37,0.7,0.33,True,True,All-rounder
Muslim Yar (GER),2019-2019,2019,2019,0,7,1.0,0.0,2.0,2,2.0,0,2.0,6.0,33.33,0.0,0.0,0.0,0.0,0.0,0.29,0.0,0.0,14.53,2019-2019,2019,2019,0,7,7.0,19.0,1.0,119.0,7.0,Feb-17,17.0,6.26,16.2,0.0,0.0,1.0,0.16,0.75,0.0,2019-2019,2019,2019,0,7,7.0,1.0,1.0,0.0,0.0,1.0,,0.142,0.14,0.14,0.0,True,True,All-rounder
Mustafizur Rahman (BDESH),2015-2019,2015,2019,4,37,15.0,5.0,43.0,15,15.0,0,4.3,55.0,78.18,0.0,0.0,4.0,3.0,3.0,1.16,0.0,0.0,33.85,2015-2019,2015,2019,4,37,37.0,135.1,3.0,1065.0,52.0,May-22,20.48,7.87,15.5,1.0,1.0,1.41,0.13,1.02,0.027,2015-2019,2015,2019,4,37,37.0,9.0,9.0,0.0,0.0,9.0,,0.243,0.24,0.24,0.0,True,True,All-rounder
N Advani (GIBR),2019-2019,2019,2019,0,1,1.0,0.0,2.0,2,2.0,0,2.0,4.0,50.0,0.0,0.0,0.0,0.0,0.0,2.0,0.0,0.0,21.2,2019-2019,2019,2019,0,1,1.0,3.0,0.0,12.0,1.0,01-Dec,12.0,4.0,18.0,0.0,0.0,1.0,0.25,0.78,0.0,2019-2019,2019,2019,0,1,1.0,0.0,0.0,0.0,0.0,0.0,0.0,0.0,0.0,0.0,0.0,True,True,All-rounder
N Boje (SA),2005-2005,2005,2005,0,1,,,,-,,0,,,,,,,,,,,,,2005-2005,2005,2005,0,1,1.0,4.0,0.0,27.0,1.0,Jan-27,27.0,6.75,24.0,0.0,0.0,1.0,0.15,0.74,0.0,2005-2005,2005,2005,0,1,1.0,0.0,0.0,0.0,0.0,0.0,0.0,0.0,0.0,0.0,0.0,True,True,All-rounder
N Buckle (GUE),2019-2019,2019,2019,0,3,1.0,1.0,1.0,1*,1.0,1,,1.0,100.0,0.0,0.0,0.0,0.0,0.0,0.33,0.0,0.0,,2019-2019,2019,2019,0,3,3.0,10.0,0.0,76.0,3.0,Mar-26,25.33,7.6,20.0,0.0,0.0,1.0,0.13,0.74,0.0,2019-2019,2019,2019,0,3,3.0,1.0,1.0,0.0,0.0,1.0,,0.333,0.33,0.33,0.0,True,True,All-rounder
N Chejay (BHU),2019-2019,2019,2019,0,1,,,,-,,0,,,,,,,,,,,,,2019-2019,2019,2019,0,1,,,,,,-,,,,,,,,,,2019-2019,2019,2019,0,1,1.0,1.0,1.0,0.0,0.0,1.0,,1.0,1.0,1.0,0.0,True,True,All-rounder
N Davin (NAM),2019-2019,2019,2019,0,16,16.0,1.0,335.0,54,54.0,0,22.33,216.0,155.09,0.0,1.0,1.0,33.0,15.0,20.94,0.0,6.25,75.43,2019-2019,2019,2019,0,16,,,,,,-,,,,,,,,,,2019-2019,2019,2019,0,16,16.0,11.0,11.0,0.0,0.0,11.0,,0.687,0.69,0.69,0.0,True,True,All-rounder
N Deonarine (WI),2010-2013,2010,2013,3,8,7.0,2.0,55.0,36*,36.0,1,11.0,53.0,103.77,0.0,0.0,3.0,5.0,0.0,6.88,0.0,0.0,48.11,2010-2013,2010,2013,3,8,4.0,9.0,0.0,87.0,0.0,-,,9.66,,0.0,0.0,0.0,0.1,0.03,0.0,2010-2013,2010,2013,3,8,8.0,2.0,2.0,0.0,0.0,2.0,,0.25,0.25,0.25,0.0,True,True,All-rounder
N Dickwella (SL),2016-2019,2016,2019,3,23,22.0,0.0,429.0,68,68.0,0,19.5,309.0,138.83,0.0,1.0,2.0,57.0,8.0,18.65,0.0,4.35,67.23,2016-2019,2016,2019,3,23,,,,,,-,,,,,,,,,,2016-2019,2016,2019,3,23,23.0,10.0,10.0,0.0,9.0,1.0,,0.434,0.43,0.43,0.0,True,True,All-rounder
N Dipakkumar Patel (PNM),2019-2019,2019,2019,0,3,1.0,0.0,0.0,0,0.0,0,0.0,0.0,,0.0,0.0,1.0,0.0,0.0,,0.0,0.0,,2019-2019,2019,2019,0,3,3.0,10.0,0.0,42.0,2.0,Feb-17,21.0,4.2,30.0,0.0,0.0,0.67,0.24,0.54,0.0,2019-2019,2019,2019,0,3,3.0,0.0,0.0,0.0,0.0,0.0,0.0,0.0,0.0,0.0,0.0,True,True,All-rounder
N Dutta (CAN),2019-2019,2019,2019,0,11,3.0,2.0,15.0,12,12.0,0,15.0,13.0,115.38,0.0,0.0,0.0,1.0,0.0,1.36,0.0,0.0,55.15,2019-2019,2019,2019,0,11,11.0,39.0,0.0,253.0,11.0,02-Dec,23.0,6.48,21.2,0.0,0.0,1.0,0.15,0.75,0.0,2019-2019,2019,2019,0,11,11.0,3.0,3.0,0.0,0.0,3.0,,0.272,0.27,0.27,0.0,True,True,All-rounder
N Khanna (MALTA),2019-2019,2019,2019,0,2,2.0,0.0,8.0,6,6.0,0,4.0,12.0,66.66,0.0,0.0,0.0,1.0,0.0,4.0,0.0,0.0,29.06,2019-2019,2019,2019,0,2,2.0,4.0,0.0,47.0,1.0,Jan-26,47.0,11.75,24.0,0.0,0.0,0.5,0.09,0.38,0.0,2019-2019,2019,2019,0,2,2.0,1.0,1.0,0.0,0.0,1.0,,0.5,0.5,0.5,0.0,True,True,All-rounder
N Khosla (MALTA),2019-2019,2019,2019,0,4,4.0,0.0,84.0,27,27.0,0,21.0,95.0,88.42,0.0,0.0,0.0,3.0,2.0,21.0,0.0,0.0,47.97,2019-2019,2019,2019,0,4,,,,,,-,,,,,,,,,,2019-2019,2019,2019,0,4,4.0,1.0,1.0,0.0,0.0,1.0,,0.25,0.25,0.25,0.0,True,True,All-rounder
N M'shangwe (ZIM),2013-2014,2013,2014,1,5,2.0,1.0,5.0,5*,5.0,1,5.0,4.0,125.0,0.0,0.0,1.0,1.0,0.0,1.0,0.0,0.0,53.0,2013-2014,2013,2014,1,5,5.0,16.0,0.0,142.0,4.0,Feb-33,35.5,8.87,24.0,0.0,0.0,0.8,0.11,0.59,0.0,2013-2014,2013,2014,1,5,5.0,1.0,1.0,0.0,0.0,1.0,,0.2,0.2,0.2,0.0,True,True,All-rounder
N Madziva (ZIM),2015-2019,2015,2019,4,15,10.0,5.0,88.0,28*,28.0,1,17.6,80.0,110.0,0.0,0.0,1.0,4.0,5.0,5.87,0.0,0.0,54.56,2015-2019,2015,2019,4,15,15.0,46.5,0.0,417.0,12.0,Apr-34,34.75,8.9,23.4,1.0,0.0,0.8,0.11,0.59,0.0,2015-2019,2015,2019,4,15,15.0,4.0,4.0,0.0,0.0,4.0,,0.266,0.27,0.27,0.0,True,True,All-rounder
N Master (Botsw),2019-2019,2019,2019,0,2,2.0,0.0,23.0,21,21.0,0,11.5,18.0,127.77,0.0,0.0,0.0,4.0,0.0,11.5,0.0,0.0,58.01,2019-2019,2019,2019,0,2,1.0,4.0,0.0,30.0,1.0,Jan-30,30.0,7.5,24.0,0.0,0.0,0.5,0.13,0.39,0.0,2019-2019,2019,2019,0,2,2.0,0.0,0.0,0.0,0.0,0.0,0.0,0.0,0.0,0.0,0.0,True,True,All-rounder
N Nankov (),2019-2019,2019,2019,0,3,2.0,1.0,14.0,14,14.0,0,14.0,20.0,70.0,0.0,0.0,0.0,1.0,0.0,4.67,0.0,0.0,36.4,2019-2019,2019,2019,0,3,1.0,1.0,0.0,15.0,0.0,-,,15.0,,0.0,0.0,0.0,0.07,0.02,0.0,2019-2019,2019,2019,0,3,3.0,2.0,2.0,0.0,0.0,2.0,,0.666,0.67,0.67,0.0,True,True,All-rounder
N Nipiko (VAN),2019-2019,2019,2019,0,14,14.0,2.0,312.0,62,62.0,0,26.0,297.0,105.05,0.0,2.0,1.0,16.0,13.0,22.29,0.0,14.29,57.62,2019-2019,2019,2019,0,14,13.0,39.2,0.0,311.0,24.0,May-19,12.95,7.9,9.8,2.0,1.0,1.71,0.13,1.24,0.071,2019-2019,2019,2019,0,14,14.0,4.0,4.0,0.0,0.0,4.0,,0.285,0.29,0.29,0.0,True,True,All-rounder
N Pathan (THAI),2019-2019,2019,2019,0,4,4.0,1.0,134.0,54*,54.0,1,44.66,106.0,126.41,0.0,1.0,0.0,8.0,7.0,33.5,0.0,25.0,77.36,2019-2019,2019,2019,0,4,4.0,6.0,0.0,60.0,2.0,01-Nov,30.0,10.0,18.0,0.0,0.0,0.5,0.1,0.38,0.0,2019-2019,2019,2019,0,4,4.0,0.0,0.0,0.0,0.0,0.0,0.0,0.0,0.0,0.0,0.0,True,True,All-rounder
N Pokana (PNG),2016-2019,2016,2019,3,19,7.0,5.0,20.0,8*,8.0,1,10.0,28.0,71.42,0.0,0.0,0.0,0.0,0.0,1.05,0.0,0.0,34.57,2016-2019,2016,2019,3,19,18.0,56.5,2.0,328.0,19.0,Mar-21,17.26,5.77,17.9,0.0,0.0,1.0,0.17,0.75,0.0,2016-2019,2016,2019,3,19,19.0,4.0,4.0,0.0,0.0,4.0,,0.21,0.21,0.21,0.0,True,True,All-rounder
N Pooran (WI),2016-2019,2016,2019,3,16,16.0,3.0,312.0,58,58.0,0,24.0,247.0,126.31,0.0,2.0,1.0,24.0,17.0,19.5,0.0,12.5,64.92,2016-2019,2016,2019,3,16,,,,,,-,,,,,,,,,,2016-2019,2016,2019,3,16,16.0,7.0,7.0,0.0,3.0,4.0,,0.437,0.44,0.44,0.0,True,True,All-rounder
N Pradeep (SL),2016-2019,2016,2019,3,14,6.0,5.0,10.0,8*,8.0,1,10.0,15.0,66.66,0.0,0.0,1.0,1.0,0.0,0.71,0.0,0.0,32.66,2016-2019,2016,2019,3,14,14.0,44.1,0.0,407.0,15.0,Apr-25,27.13,9.21,17.6,1.0,0.0,1.07,0.11,0.78,0.0,2016-2019,2016,2019,3,14,14.0,2.0,2.0,0.0,0.0,2.0,,0.142,0.14,0.14,0.0,True,True,All-rounder
N Vanua (PNG),2015-2019,2015,2019,4,25,22.0,8.0,321.0,54,54.0,0,22.92,211.0,152.13,0.0,1.0,4.0,12.0,23.0,12.84,0.0,4.0,74.6,2015-2019,2015,2019,4,25,25.0,81.4,3.0,505.0,35.0,May-17,14.42,6.18,14.0,1.0,1.0,1.4,0.16,1.03,0.04,2015-2019,2015,2019,4,25,25.0,8.0,8.0,0.0,0.0,8.0,,0.32,0.32,0.32,0.0,True,True,All-rounder
N Yordanov (),2019-2019,2019,2019,0,2,2.0,1.0,19.0,19*,19.0,1,19.0,11.0,172.72,0.0,0.0,1.0,0.0,2.0,9.5,0.0,0.0,80.49,2019-2019,2019,2019,0,2,1.0,3.0,0.0,20.0,0.0,-,,6.66,,0.0,0.0,0.0,0.15,0.05,0.0,2019-2019,2019,2019,0,2,2.0,0.0,0.0,0.0,0.0,0.0,0.0,0.0,0.0,0.0,0.0,True,True,All-rounder
NA Greenwood (JER),2019-2019,2019,2019,0,8,8.0,0.0,154.0,43,43.0,0,19.25,128.0,120.31,0.0,0.0,1.0,15.0,2.0,19.25,0.0,0.0,59.67,2019-2019,2019,2019,0,8,2.0,2.0,0.0,14.0,1.0,01-Apr,14.0,7.0,12.0,0.0,0.0,0.13,0.14,0.13,0.0,2019-2019,2019,2019,0,8,8.0,5.0,5.0,0.0,0.0,5.0,,0.625,0.63,0.63,0.0,True,True,All-rounder
NA Janes (THAI),2019-2019,2019,2019,0,2,2.0,0.0,9.0,9,9.0,0,4.5,11.0,81.81,0.0,0.0,1.0,1.0,0.0,4.5,0.0,0.0,35.42,2019-2019,2019,2019,0,2,1.0,1.0,0.0,12.0,0.0,-,,12.0,,0.0,0.0,0.0,0.08,0.03,0.0,2019-2019,2019,2019,0,2,2.0,0.0,0.0,0.0,0.0,0.0,0.0,0.0,0.0,0.0,0.0,True,True,All-rounder
NA Maiolo (ITA),2019-2019,2019,2019,0,8,7.0,1.0,106.0,39*,39.0,1,17.66,104.0,101.92,0.0,0.0,0.0,11.0,2.0,13.25,0.0,0.0,51.36,2019-2019,2019,2019,0,8,7.0,28.0,0.0,152.0,7.0,02-Aug,21.71,5.42,24.0,0.0,0.0,0.88,0.18,0.67,0.0,2019-2019,2019,2019,0,8,7.0,2.0,2.0,0.0,0.0,2.0,,0.285,0.25,0.25,0.0,True,True,All-rounder
NA Saini (INDIA),2019-2019,2019,2019,0,5,1.0,1.0,0.0,0*,0.0,1,,1.0,0.0,0.0,0.0,0.0,0.0,0.0,,0.0,0.0,,2019-2019,2019,2019,0,5,5.0,17.0,1.0,137.0,6.0,Mar-17,22.83,8.05,17.0,0.0,0.0,1.2,0.12,0.88,0.0,2019-2019,2019,2019,0,5,5.0,1.0,1.0,0.0,0.0,1.0,,0.2,0.2,0.2,0.0,True,True,All-rounder
NB Budayair (NEPAL),2014-2014,2014,2014,0,4,3.0,1.0,7.0,5,5.0,0,3.5,19.0,36.84,0.0,0.0,1.0,0.0,0.0,1.75,0.0,0.0,16.84,2014-2014,2014,2014,0,4,,,,,,-,,,,,,,,,,2014-2014,2014,2014,0,4,4.0,0.0,0.0,0.0,0.0,0.0,0.0,0.0,0.0,0.0,0.0,True,True,All-rounder
NCK Liyanage (MAL),2019-2019,2019,2019,0,6,3.0,1.0,8.0,8,8.0,0,4.0,8.0,100.0,0.0,0.0,1.0,1.0,0.0,1.33,0.0,0.0,42.4,2019-2019,2019,2019,0,6,5.0,14.0,0.0,100.0,3.0,Jan-19,33.33,7.14,28.0,0.0,0.0,0.5,0.14,0.39,0.0,2019-2019,2019,2019,0,6,5.0,1.0,1.0,0.0,0.0,1.0,,0.2,0.17,0.17,0.0,True,True,All-rounder
ND Laegsgaard (DEN),2019-2019,2019,2019,0,9,8.0,1.0,105.0,39,39.0,0,15.0,96.0,109.37,0.0,0.0,0.0,11.0,2.0,11.67,0.0,0.0,52.75,2019-2019,2019,2019,0,9,7.0,23.0,0.0,105.0,9.0,02-May,11.66,4.56,15.3,0.0,0.0,1.0,0.22,0.77,0.0,2019-2019,2019,2019,0,9,7.0,6.0,6.0,0.0,0.0,6.0,,0.857,0.67,0.67,0.0,True,True,All-rounder
ND McKenzie (SA),2006-2009,2006,2009,3,2,1.0,1.0,7.0,7*,7.0,1,,8.0,87.5,0.0,0.0,0.0,0.0,0.0,3.5,0.0,0.0,,2006-2009,2006,2009,3,2,,,,,,-,,,,,,,,,,2006-2009,2006,2009,3,2,2.0,0.0,0.0,0.0,0.0,0.0,0.0,0.0,0.0,0.0,0.0,True,True,All-rounder
NE Bonner (WI),2011-2012,2011,2012,1,2,2.0,0.0,27.0,24,24.0,0,13.5,38.0,71.05,0.0,0.0,0.0,2.0,0.0,13.5,0.0,0.0,36.52,2011-2012,2011,2012,1,2,1.0,2.0,0.0,18.0,0.0,-,,9.0,,0.0,0.0,0.0,0.11,0.03,0.0,2011-2012,2011,2012,1,2,2.0,0.0,0.0,0.0,0.0,0.0,0.0,0.0,0.0,0.0,0.0,True,True,All-rounder
NFI McCallum (SCOT),2007-2010,2007,2010,3,11,7.0,0.0,76.0,38,38.0,0,10.85,85.0,89.41,0.0,0.0,3.0,7.0,1.0,6.91,0.0,0.0,42.27,2007-2010,2007,2010,3,11,,,,,,-,,,,,,,,,,2007-2010,2007,2010,3,11,10.0,0.0,0.0,0.0,0.0,0.0,0.0,0.0,0.0,0.0,0.0,True,True,All-rounder
NG Collins (Fin),2019-2019,2019,2019,0,5,5.0,0.0,151.0,56,56.0,0,30.2,164.0,92.07,0.0,2.0,0.0,10.0,0.0,30.2,0.0,40.0,54.95,2019-2019,2019,2019,0,5,,,,,,-,,,,,,,,,,2019-2019,2019,2019,0,5,5.0,0.0,0.0,0.0,0.0,0.0,0.0,0.0,0.0,0.0,0.0,True,True,All-rounder
NG Jones (IRE),2010-2012,2010,2012,2,5,4.0,2.0,42.0,14*,14.0,1,21.0,38.0,110.52,0.0,0.0,1.0,1.0,2.0,8.4,0.0,0.0,56.81,2010-2012,2010,2012,2,5,2.0,2.0,0.0,14.0,0.0,-,,7.0,,0.0,0.0,0.0,0.14,0.04,0.0,2010-2012,2010,2012,2,5,4.0,1.0,1.0,0.0,0.0,1.0,,0.25,0.2,0.2,0.0,True,True,All-rounder
NH Naureen (ESP),2019-2019,2019,2019,0,1,,,,-,,0,,,,,,,,,,,,,2019-2019,2019,2019,0,1,1.0,3.0,1.0,32.0,1.0,Jan-32,32.0,10.66,18.0,0.0,0.0,1.0,0.09,0.73,0.0,2019-2019,2019,2019,0,1,1.0,0.0,0.0,0.0,0.0,0.0,0.0,0.0,0.0,0.0,0.0,True,True,All-rounder
NJ Astle (NZ),2005-2006,2005,2006,1,4,4.0,1.0,74.0,40*,40.0,1,24.66,67.0,110.44,0.0,0.0,0.0,7.0,2.0,18.5,0.0,0.0,58.97,2005-2006,2005,2006,1,4,2.0,6.5,0.0,50.0,4.0,Mar-20,12.5,7.31,10.2,0.0,0.0,1.0,0.14,0.74,0.0,2005-2006,2005,2006,1,4,4.0,3.0,3.0,0.0,0.0,3.0,,0.75,0.75,0.75,0.0,True,True,All-rounder
NJ Ferraby (JER),2019-2019,2019,2019,0,14,14.0,1.0,303.0,81*,81.0,1,23.3,257.0,117.89,0.0,1.0,2.0,38.0,2.0,21.64,0.0,7.14,61.14,2019-2019,2019,2019,0,14,,,,,,-,,,,,,,,,,2019-2019,2019,2019,0,14,14.0,2.0,2.0,0.0,0.0,2.0,,0.142,0.14,0.14,0.0,True,True,All-rounder
NJ Maddinson (AUS),2013-2018,2013,2018,5,6,4.0,0.0,45.0,34,34.0,0,11.25,35.0,128.57,0.0,0.0,0.0,6.0,1.0,7.5,0.0,0.0,58.18,2013-2018,2013,2018,5,6,,,,,,-,,,,,,,,,,2013-2018,2013,2018,5,6,6.0,1.0,1.0,0.0,0.0,1.0,,0.166,0.17,0.17,0.0,True,True,All-rounder
NJ O'Brien (IRE),2008-2016,2008,2016,8,30,28.0,2.0,466.0,50,50.0,0,17.92,475.0,98.1,0.0,1.0,0.0,40.0,7.0,15.53,0.0,3.33,49.99,2008-2016,2008,2016,8,30,,,,,,-,,,,,,,,,,2008-2016,2008,2016,8,30,28.0,27.0,17.0,10.0,15.0,2.0,,0.964,0.57,0.9,0.33,True,True,All-rounder
NJ Reardon (AUS),2014-2014,2014,2014,0,2,1.0,0.0,4.0,4,4.0,0,4.0,8.0,50.0,0.0,0.0,0.0,0.0,0.0,2.0,0.0,0.0,22.4,2014-2014,2014,2014,0,2,,,,,,-,,,,,,,,,,2014-2014,2014,2014,0,2,2.0,0.0,0.0,0.0,0.0,0.0,0.0,0.0,0.0,0.0,0.0,True,True,All-rounder
NK Patel (USA),2019-2019,2019,2019,0,4,2.0,1.0,5.0,5*,5.0,1,5.0,10.0,50.0,0.0,0.0,1.0,0.0,0.0,1.25,0.0,0.0,23.0,2019-2019,2019,2019,0,4,4.0,13.0,1.0,61.0,5.0,02-Aug,12.2,4.69,15.6,0.0,0.0,1.25,0.21,0.94,0.0,2019-2019,2019,2019,0,4,4.0,5.0,5.0,0.0,0.0,5.0,,1.25,1.25,1.25,0.0,True,True,All-rounder
NK Shetty (Mex),2019-2019,2019,2019,0,2,,,,-,,0,,,,,,,,,,,,,2019-2019,2019,2019,0,2,2.0,8.0,0.0,42.0,4.0,Mar-17,10.5,5.25,12.0,0.0,0.0,2.0,0.19,1.46,0.0,2019-2019,2019,2019,0,2,2.0,3.0,3.0,0.0,0.0,3.0,,1.5,1.5,1.5,0.0,True,True,All-rounder
NL McCullum (NZ),2007-2016,2007,2016,9,63,41.0,15.0,299.0,36*,36.0,1,11.5,297.0,100.67,0.0,0.0,4.0,19.0,8.0,4.75,0.0,0.0,47.17,2007-2016,2007,2016,9,63,59.0,187.1,0.0,1278.0,58.0,Apr-16,22.03,6.82,19.3,2.0,0.0,0.92,0.15,0.69,0.0,2007-2016,2007,2016,9,63,63.0,26.0,26.0,0.0,0.0,26.0,,0.412,0.41,0.41,0.0,True,True,All-rounder
NLTC Perera (ICC/SL/World),2010-2019,2010,2019,9,79,70.0,21.0,1169.0,61,61.0,0,23.85,767.0,152.41,0.0,3.0,8.0,87.0,62.0,14.8,0.0,3.8,75.27,2010-2019,2010,2019,9,79,64.0,175.4,1.0,1628.0,51.0,Mar-24,31.92,9.26,20.6,0.0,0.0,0.65,0.11,0.48,0.0,2010-2019,2010,2019,9,79,79.0,30.0,30.0,0.0,0.0,30.0,,0.379,0.38,0.38,0.0,True,True,All-rounder
NM Carter (SCOT),2013-2013,2013,2013,0,7,2.0,0.0,4.0,3,3.0,0,2.0,12.0,33.33,0.0,0.0,0.0,0.0,0.0,0.57,0.0,0.0,14.53,2013-2013,2013,2013,0,7,7.0,26.0,1.0,168.0,6.0,Feb-27,28.0,6.46,26.0,0.0,0.0,0.86,0.15,0.65,0.0,2013-2013,2013,2013,0,7,7.0,1.0,1.0,0.0,0.0,1.0,,0.142,0.14,0.14,0.0,True,True,All-rounder
NM Coulter-Nile (AUS),2013-2019,2013,2019,6,28,15.0,4.0,150.0,34,34.0,0,13.63,120.0,125.0,0.0,0.0,3.0,10.0,10.0,5.36,0.0,0.0,58.18,2013-2019,2013,2019,6,28,27.0,97.0,1.0,802.0,34.0,Apr-31,23.58,8.26,17.1,1.0,0.0,1.21,0.12,0.89,0.0,2013-2019,2013,2019,6,28,27.0,13.0,13.0,0.0,0.0,13.0,,0.481,0.46,0.46,0.0,True,True,All-rounder
NM Hauritz (AUS),2009-2009,2009,2009,0,3,2.0,0.0,6.0,4,4.0,0,3.0,10.0,60.0,0.0,0.0,0.0,1.0,0.0,2.0,0.0,0.0,25.8,2009-2009,2009,2009,0,3,2.0,7.2,0.0,47.0,2.0,Jan-20,23.5,6.4,22.0,0.0,0.0,0.67,0.16,0.51,0.0,2009-2009,2009,2009,0,3,3.0,1.0,1.0,0.0,0.0,1.0,,0.333,0.33,0.33,0.0,True,True,All-rounder
NM Lyon (AUS),2016-2018,2016,2018,2,2,1.0,1.0,4.0,4*,4.0,1,,4.0,100.0,0.0,0.0,0.0,0.0,0.0,2.0,0.0,0.0,,2016-2018,2016,2018,2,2,2.0,5.0,0.0,48.0,1.0,Jan-33,48.0,9.6,30.0,0.0,0.0,0.5,0.1,0.38,0.0,2016-2018,2016,2018,2,2,2.0,0.0,0.0,0.0,0.0,0.0,0.0,0.0,0.0,0.0,0.0,True,True,All-rounder
NM Odhiambo (KENYA),2010-2019,2010,2019,9,16,8.0,2.0,61.0,26,26.0,0,10.16,94.0,64.89,0.0,0.0,2.0,4.0,1.0,3.81,0.0,0.0,32.05,2010-2019,2010,2019,9,16,14.0,41.0,0.0,319.0,11.0,Mar-30,29.0,7.78,22.3,0.0,0.0,0.69,0.13,0.52,0.0,2010-2019,2010,2019,9,16,16.0,5.0,5.0,0.0,0.0,5.0,,0.312,0.31,0.31,0.0,True,True,All-rounder
NMS Param (SGP),2019-2019,2019,2019,0,8,7.0,2.0,160.0,72*,72.0,1,32.0,118.0,135.59,0.0,1.0,0.0,12.0,6.0,20.0,0.0,12.5,73.44,2019-2019,2019,2019,0,8,3.0,8.0,0.0,55.0,2.0,Feb-24,27.5,6.87,24.0,0.0,0.0,0.25,0.15,0.22,0.0,2019-2019,2019,2019,0,8,8.0,1.0,1.0,0.0,0.0,1.0,,0.125,0.13,0.13,0.0,True,True,All-rounder
NN Odhiambo (KENYA),2007-2013,2007,2013,6,24,20.0,2.0,174.0,41,41.0,0,9.66,177.0,98.3,0.0,0.0,3.0,17.0,4.0,7.25,0.0,0.0,45.12,2007-2013,2007,2013,6,24,21.0,56.1,1.0,468.0,16.0,May-20,29.25,8.33,21.0,0.0,1.0,0.67,0.12,0.5,0.042,2007-2013,2007,2013,6,24,24.0,6.0,6.0,0.0,0.0,6.0,,0.25,0.25,0.25,0.0,True,True,All-rounder
NO Miller (WI),2009-2014,2009,2014,5,9,5.0,4.0,43.0,15*,15.0,1,43.0,47.0,91.48,0.0,0.0,0.0,2.0,0.0,4.78,0.0,0.0,62.39,2009-2014,2009,2014,5,9,9.0,31.4,0.0,224.0,11.0,Feb-20,20.36,7.07,17.2,0.0,0.0,1.22,0.14,0.9,0.0,2009-2014,2009,2014,5,9,9.0,2.0,2.0,0.0,0.0,2.0,,0.222,0.22,0.22,0.0,True,True,All-rounder
NR Kirton (CAN),2019-2019,2019,2019,0,5,5.0,2.0,75.0,37*,37.0,1,25.0,83.0,90.36,0.0,0.0,0.0,4.0,1.0,15.0,0.0,0.0,51.14,2019-2019,2019,2019,0,5,,,,,,-,,,,,,,,,,2019-2019,2019,2019,0,5,5.0,1.0,1.0,0.0,0.0,1.0,,0.2,0.2,0.2,0.0,True,True,All-rounder
NR Kumar (CAN),2012-2019,2012,2019,7,18,16.0,2.0,434.0,83,83.0,0,31.0,336.0,129.16,0.0,3.0,1.0,34.0,13.0,24.11,0.0,16.67,70.26,2012-2019,2012,2019,7,18,10.0,26.0,0.0,160.0,7.0,Feb-18,22.85,6.15,22.2,0.0,0.0,0.39,0.16,0.32,0.0,2012-2019,2012,2019,7,18,18.0,5.0,5.0,0.0,0.0,5.0,,0.277,0.28,0.28,0.0,True,True,All-rounder
NS Dhaliwal (CAN),2019-2019,2019,2019,0,12,11.0,2.0,361.0,69,69.0,0,40.11,291.0,124.05,0.0,3.0,0.0,22.0,16.0,30.08,0.0,25.0,73.69,2019-2019,2019,2019,0,12,5.0,8.0,0.0,43.0,3.0,01-Nov,14.33,5.37,16.0,0.0,0.0,0.25,0.19,0.23,0.0,2019-2019,2019,2019,0,12,12.0,5.0,5.0,0.0,0.0,5.0,,0.416,0.42,0.42,0.0,True,True,All-rounder
NS Poonia (SCOT),2007-2010,2007,2010,3,8,7.0,2.0,95.0,38*,38.0,1,19.0,108.0,87.96,0.0,0.0,2.0,3.0,1.0,11.88,0.0,0.0,46.58,2007-2010,2007,2010,3,8,,,,,,-,,,,,,,,,,2007-2010,2007,2010,3,8,7.0,2.0,2.0,0.0,0.0,2.0,,0.285,0.25,0.25,0.0,True,True,All-rounder
NT Broom (NZ),2009-2017,2009,2017,8,11,7.0,1.0,73.0,36,36.0,0,12.16,68.0,107.35,0.0,0.0,0.0,8.0,1.0,6.64,0.0,0.0,50.24,2009-2017,2009,2017,8,11,,,,,,-,,,,,,,,,,2009-2017,2009,2017,8,11,11.0,4.0,4.0,0.0,0.0,4.0,,0.363,0.36,0.36,0.0,True,True,All-rounder
NV Ojha (INDIA),2010-2010,2010,2010,0,2,2.0,0.0,12.0,10,10.0,0,6.0,27.0,44.44,0.0,0.0,0.0,2.0,0.0,6.0,0.0,0.0,21.38,2010-2010,2010,2010,0,2,,,,,,-,,,,,,,,,,2010-2010,2010,2010,0,2,2.0,0.0,0.0,0.0,0.0,0.0,0.0,0.0,0.0,0.0,0.0,True,True,All-rounder
NW Bracken (AUS),2006-2009,2006,2009,3,19,6.0,3.0,15.0,4*,4.0,1,5.0,22.0,68.18,0.0,0.0,1.0,1.0,0.0,0.79,0.0,0.0,30.27,2006-2009,2006,2009,3,19,19.0,62.5,2.0,438.0,19.0,03-Nov,23.05,6.97,19.8,0.0,0.0,1.0,0.14,0.74,0.0,2006-2009,2006,2009,3,19,19.0,6.0,6.0,0.0,0.0,6.0,,0.315,0.32,0.32,0.0,True,True,All-rounder
Nadeem Ahmed (HKG),2014-2017,2014,2017,3,24,9.0,4.0,34.0,10,10.0,0,6.8,55.0,61.81,0.0,0.0,1.0,2.0,0.0,1.42,0.0,0.0,28.8,2014-2017,2014,2017,3,24,24.0,82.3,3.0,546.0,25.0,Apr-21,21.84,6.61,19.8,1.0,0.0,1.04,0.15,0.77,0.0,2014-2017,2014,2017,3,24,24.0,12.0,12.0,0.0,0.0,12.0,,0.5,0.5,0.5,0.0,True,True,All-rounder
Nadif Chowdhury (BDESH),2006-2007,2006,2007,1,3,3.0,0.0,27.0,12,12.0,0,9.0,23.0,117.39,0.0,0.0,0.0,2.0,0.0,9.0,0.0,0.0,52.36,2006-2007,2006,2007,1,3,,,,,,-,,,,,,,,,,2006-2007,2006,2007,1,3,3.0,0.0,0.0,0.0,0.0,0.0,0.0,0.0,0.0,0.0,0.0,True,True,All-rounder
Naeem Islam (BDESH),2008-2013,2008,2013,5,10,10.0,1.0,130.0,28,28.0,0,14.44,114.0,114.03,0.0,0.0,0.0,8.0,7.0,13.0,0.0,0.0,54.28,2008-2013,2008,2013,5,10,6.0,15.0,0.0,122.0,3.0,Feb-32,40.66,8.13,30.0,0.0,0.0,0.3,0.12,0.25,0.0,2008-2013,2008,2013,5,10,10.0,2.0,2.0,0.0,0.0,2.0,,0.2,0.2,0.2,0.0,True,True,All-rounder
Najeeb Amar (HKG),2014-2014,2014,2014,0,1,1.0,0.0,2.0,2,2.0,0,2.0,9.0,22.22,0.0,0.0,0.0,0.0,0.0,2.0,0.0,0.0,10.09,2014-2014,2014,2014,0,1,1.0,3.0,0.0,29.0,1.0,Jan-29,29.0,9.66,18.0,0.0,0.0,1.0,0.1,0.73,0.0,2014-2014,2014,2014,0,1,1.0,0.0,0.0,0.0,0.0,0.0,0.0,0.0,0.0,0.0,0.0,True,True,All-rounder
Najeeb Tarakai (AFG),2014-2019,2014,2019,5,12,12.0,0.0,258.0,90,90.0,0,21.5,210.0,122.85,0.0,1.0,1.0,21.0,13.0,21.5,0.0,8.33,62.04,2014-2019,2014,2019,5,12,,,,,,-,,,,,,,,,,2014-2019,2014,2019,5,12,12.0,3.0,3.0,0.0,0.0,3.0,,0.25,0.25,0.25,0.0,True,True,All-rounder
Najibullah Zadran (AFG),2012-2019,2012,2019,7,57,48.0,18.0,918.0,69*,69.0,1,30.6,663.0,138.46,0.0,3.0,1.0,60.0,48.0,16.11,0.0,5.26,73.74,2012-2019,2012,2019,7,57,,,,,,-,,,,,,,,,,2012-2019,2012,2019,7,57,57.0,27.0,27.0,0.0,0.0,27.0,,0.473,0.47,0.47,0.0,True,True,All-rounder
Najjam Shahzad (PORT),2019-2019,2019,2019,0,4,3.0,2.0,126.0,53*,53.0,1,126.0,97.0,129.89,0.0,1.0,0.0,4.0,10.0,31.5,0.0,25.0,127.56,2019-2019,2019,2019,0,4,4.0,12.2,0.0,65.0,4.0,Feb-16,16.25,5.27,18.5,0.0,0.0,1.0,0.19,0.76,0.0,2019-2019,2019,2019,0,4,4.0,1.0,1.0,0.0,0.0,1.0,,0.25,0.25,0.25,0.0,True,True,All-rounder
Najmul Hossain Shanto (BDESH),2019-2019,2019,2019,0,2,2.0,0.0,16.0,11,11.0,0,8.0,17.0,94.11,0.0,0.0,0.0,1.0,0.0,8.0,0.0,0.0,42.44,2019-2019,2019,2019,0,2,,,,,,-,,,,,,,,,,2019-2019,2019,2019,0,2,2.0,2.0,2.0,0.0,0.0,2.0,,1.0,1.0,1.0,0.0,True,True,All-rounder
Nanda Kumar (CRC),2019-2019,2019,2019,0,3,3.0,0.0,49.0,39,39.0,0,16.33,58.0,84.48,0.0,0.0,1.0,3.0,2.0,16.33,0.0,0.0,43.59,2019-2019,2019,2019,0,3,1.0,1.0,0.0,10.0,0.0,-,,10.0,,0.0,0.0,0.0,0.1,0.03,0.0,2019-2019,2019,2019,0,3,3.0,2.0,2.0,0.0,0.0,2.0,,0.666,0.67,0.67,0.0,True,True,All-rounder
Naseem Khushi (OMAN),2017-2019,2017,2019,2,10,8.0,2.0,117.0,29,29.0,0,19.5,77.0,151.94,0.0,0.0,2.0,6.0,8.0,11.7,0.0,0.0,72.48,2017-2019,2017,2019,2,10,,,,,,-,,,,,,,,,,2017-2019,2017,2019,2,10,10.0,1.0,1.0,0.0,0.0,1.0,,0.1,0.1,0.1,0.0,True,True,All-rounder
Nasir Aziz (UAE),2015-2015,2015,2015,0,1,,,,-,,0,,,,,,,,,,,,,2015-2015,2015,2015,0,1,1.0,4.0,0.0,21.0,0.0,-,,5.25,,0.0,0.0,0.0,0.19,0.06,0.0,2015-2015,2015,2015,0,1,1.0,0.0,0.0,0.0,0.0,0.0,0.0,0.0,0.0,0.0,0.0,True,True,All-rounder
Nasir Hossain (BDESH),2011-2016,2011,2016,5,31,24.0,4.0,370.0,50*,50.0,1,18.5,326.0,113.49,0.0,2.0,2.0,30.0,7.0,11.94,0.0,6.45,56.5,2011-2016,2011,2016,5,31,11.0,29.5,0.0,262.0,7.0,Feb-26,37.42,8.78,25.5,0.0,0.0,0.23,0.11,0.19,0.0,2011-2016,2011,2016,5,31,30.0,15.0,15.0,0.0,0.0,15.0,,0.5,0.48,0.48,0.0,True,True,All-rounder
Nasir Jamshed (PAK),2012-2013,2012,2013,1,18,18.0,1.0,363.0,56,56.0,0,21.35,320.0,113.43,0.0,2.0,1.0,34.0,12.0,20.17,0.0,11.11,58.18,2012-2013,2012,2013,1,18,,,,,,-,,,,,,,,,,2012-2013,2012,2013,1,18,18.0,6.0,6.0,0.0,0.0,6.0,,0.333,0.33,0.33,0.0,True,True,All-rounder
Nasrulla Rana (HKG),2019-2019,2019,2019,0,8,4.0,2.0,15.0,7,7.0,0,7.5,24.0,62.5,0.0,0.0,1.0,0.0,0.0,1.88,0.0,0.0,29.5,2019-2019,2019,2019,0,8,8.0,20.3,0.0,162.0,8.0,Mar-25,20.25,7.9,15.3,0.0,0.0,1.0,0.13,0.74,0.0,2019-2019,2019,2019,0,8,8.0,0.0,0.0,0.0,0.0,0.0,0.0,0.0,0.0,0.0,0.0,True,True,All-rounder
Nauman Anwar (PAK),2015-2015,2015,2015,0,1,1.0,0.0,18.0,18,18.0,0,18.0,10.0,180.0,0.0,0.0,0.0,2.0,1.0,18.0,0.0,0.0,82.8,2015-2015,2015,2015,0,1,,,,,,-,,,,,,,,,,2015-2015,2015,2015,0,1,1.0,0.0,0.0,0.0,0.0,0.0,0.0,0.0,0.0,0.0,0.0,True,True,All-rounder
Naved-ul-Hasan (PAK),2006-2010,2006,2010,4,4,2.0,1.0,18.0,17*,17.0,1,18.0,16.0,112.5,0.0,0.0,0.0,0.0,2.0,4.5,0.0,0.0,55.8,2006-2010,2006,2010,4,4,4.0,14.1,0.0,101.0,5.0,Mar-19,20.2,7.12,17.0,0.0,0.0,1.25,0.14,0.92,0.0,2006-2010,2006,2010,4,4,4.0,2.0,2.0,0.0,0.0,2.0,,0.5,0.5,0.5,0.0,True,True,All-rounder
Naveed Ahmed (CZK-R),2019-2019,2019,2019,0,7,1.0,0.0,0.0,0,0.0,0,0.0,1.0,0.0,0.0,0.0,1.0,0.0,0.0,,0.0,0.0,0.0,2019-2019,2019,2019,0,7,5.0,9.0,0.0,56.0,1.0,Jan-15,56.0,6.22,54.0,0.0,0.0,0.14,0.16,0.15,0.0,2019-2019,2019,2019,0,7,7.0,1.0,1.0,0.0,0.0,1.0,,0.142,0.14,0.14,0.0,True,True,All-rounder
Naveen-ul-Haq (AFG),2019-2019,2019,2019,0,4,2.0,1.0,7.0,5,5.0,0,7.0,7.0,100.0,0.0,0.0,0.0,1.0,0.0,1.75,0.0,0.0,44.2,2019-2019,2019,2019,0,4,4.0,15.0,0.0,102.0,7.0,Mar-24,14.57,6.8,12.8,0.0,0.0,1.75,0.15,1.27,0.0,2019-2019,2019,2019,0,4,4.0,0.0,0.0,0.0,0.0,0.0,0.0,0.0,0.0,0.0,0.0,True,True,All-rounder
Nawaf Ahmed (KUW),2019-2019,2019,2019,0,1,1.0,1.0,0.0,0*,0.0,1,,0.0,,0.0,0.0,0.0,0.0,0.0,,0.0,0.0,,2019-2019,2019,2019,0,1,1.0,2.0,0.0,16.0,0.0,-,,8.0,,0.0,0.0,0.0,0.13,0.04,0.0,2019-2019,2019,2019,0,1,1.0,0.0,0.0,0.0,0.0,0.0,0.0,0.0,0.0,0.0,0.0,True,True,All-rounder
Nawazish Jezuli (Saudi),2019-2019,2019,2019,0,1,,,,-,,0,,,,,,,,,,,,,2019-2019,2019,2019,0,1,,,,,,-,,,,,,,,,,2019-2019,2019,2019,0,1,1.0,2.0,2.0,0.0,2.0,0.0,,2.0,2.0,2.0,0.0,True,True,All-rounder
Nawroz Mangal (AFG),2010-2017,2010,2017,7,32,32.0,4.0,505.0,65*,65.0,1,18.03,453.0,111.47,0.0,2.0,4.0,42.0,19.0,15.78,0.0,6.25,55.41,2010-2017,2010,2017,7,32,6.0,10.0,0.0,80.0,4.0,Mar-23,20.0,8.0,15.0,0.0,0.0,0.13,0.13,0.13,0.0,2010-2017,2010,2017,7,32,32.0,16.0,16.0,0.0,0.0,16.0,,0.5,0.5,0.5,0.0,True,True,All-rounder
Nazakat Ali (NOR),2019-2019,2019,2019,0,2,2.0,0.0,35.0,25,25.0,0,17.5,31.0,112.9,0.0,0.0,0.0,1.0,3.0,17.5,0.0,0.0,55.66,2019-2019,2019,2019,0,2,2.0,3.0,0.0,16.0,1.0,01-Jun,16.0,5.33,18.0,0.0,0.0,0.5,0.19,0.41,0.0,2019-2019,2019,2019,0,2,2.0,1.0,1.0,0.0,0.0,1.0,,0.5,0.5,0.5,0.0,True,True,All-rounder
Nazimuddin (BDESH),2007-2008,2007,2008,1,7,7.0,0.0,178.0,81,81.0,0,25.42,158.0,112.65,0.0,1.0,2.0,13.0,10.0,25.43,0.0,14.29,60.31,2007-2008,2007,2008,1,7,,,,,,-,,,,,,,,,,2007-2008,2007,2008,1,7,7.0,0.0,0.0,0.0,0.0,0.0,0.0,0.0,0.0,0.0,0.0,True,True,All-rounder
Nazmul Hossain (BDESH),2009-2012,2009,2012,3,4,2.0,2.0,3.0,3*,3.0,1,,15.0,20.0,0.0,0.0,0.0,0.0,0.0,0.75,0.0,0.0,,2009-2012,2009,2012,3,4,4.0,7.0,0.0,67.0,1.0,Jan-15,67.0,9.57,42.0,0.0,0.0,0.25,0.1,0.21,0.0,2009-2012,2009,2012,3,4,4.0,0.0,0.0,0.0,0.0,0.0,0.0,0.0,0.0,0.0,0.0,True,True,All-rounder
Nazmul Islam (BDESH),2018-2018,2018,2018,0,13,4.0,3.0,18.0,7,7.0,0,18.0,17.0,105.88,0.0,0.0,0.0,2.0,0.0,1.38,0.0,0.0,53.15,2018-2018,2018,2018,0,13,12.0,38.3,2.0,265.0,8.0,Mar-28,33.12,6.88,28.8,0.0,0.0,0.62,0.15,0.47,0.0,2018-2018,2018,2018,0,13,13.0,2.0,2.0,0.0,0.0,2.0,,0.153,0.15,0.15,0.0,True,True,All-rounder
Nazmus Sadat (BDESH),2006-2006,2006,2006,0,1,1.0,0.0,4.0,4,4.0,0,4.0,3.0,133.33,0.0,0.0,0.0,0.0,0.0,4.0,0.0,0.0,55.73,2006-2006,2006,2006,0,1,,,,,,-,,,,,,,,,,2006-2006,2006,2006,0,1,1.0,0.0,0.0,0.0,0.0,0.0,0.0,0.0,0.0,0.0,0.0,True,True,All-rounder
Nazril Rahman (MAL),2019-2019,2019,2019,0,7,4.0,1.0,45.0,24*,24.0,1,15.0,45.0,100.0,0.0,0.0,0.0,4.0,0.0,6.43,0.0,0.0,49.0,2019-2019,2019,2019,0,7,7.0,17.0,0.0,166.0,4.0,Feb-28,41.5,9.76,25.5,0.0,0.0,0.57,0.1,0.43,0.0,2019-2019,2019,2019,0,7,7.0,1.0,1.0,0.0,0.0,1.0,,0.142,0.14,0.14,0.0,True,True,All-rounder
Nazwan Ismail (Mald),2019-2019,2019,2019,0,3,1.0,1.0,2.0,2*,2.0,1,,2.0,100.0,0.0,0.0,0.0,0.0,0.0,0.67,0.0,0.0,,2019-2019,2019,2019,0,3,,,,,,-,,,,,,,,,,2019-2019,2019,2019,0,3,3.0,2.0,2.0,0.0,0.0,2.0,,0.666,0.67,0.67,0.0,True,True,All-rounder
Nizakat Khan (HKG),2014-2019,2014,2019,5,34,32.0,0.0,576.0,62,62.0,0,18.0,478.0,120.5,0.0,2.0,4.0,51.0,19.0,16.94,0.0,5.88,59.0,2014-2019,2014,2019,5,34,5.0,14.0,0.0,83.0,4.0,Mar-19,20.75,5.92,21.0,0.0,0.0,0.12,0.17,0.13,0.0,2014-2019,2014,2019,5,34,34.0,10.0,10.0,0.0,0.0,10.0,,0.294,0.29,0.29,0.0,True,True,All-rounder
Noman Kamawi (Belg),2019-2019,2019,2019,0,1,1.0,0.0,2.0,2,2.0,0,2.0,7.0,28.57,0.0,0.0,0.0,0.0,0.0,2.0,0.0,0.0,12.63,2019-2019,2019,2019,0,1,1.0,3.0,0.0,28.0,1.0,Jan-28,28.0,9.33,18.0,0.0,0.0,1.0,0.11,0.73,0.0,2019-2019,2019,2019,0,1,1.0,0.0,0.0,0.0,0.0,0.0,0.0,0.0,0.0,0.0,0.0,True,True,All-rounder
Noor Ali Zadran (AFG),2010-2017,2010,2017,7,20,20.0,1.0,506.0,63,63.0,0,26.63,497.0,101.81,0.0,3.0,1.0,45.0,6.0,25.3,0.0,15.0,56.7,2010-2017,2010,2017,7,20,,,,,,-,,,,,,,,,,2010-2017,2010,2017,7,20,20.0,4.0,4.0,0.0,0.0,4.0,,0.2,0.2,0.2,0.0,True,True,All-rounder
Noor Momand (Belg),2019-2019,2019,2019,0,2,1.0,1.0,0.0,0*,0.0,1,,0.0,,0.0,0.0,0.0,0.0,0.0,,0.0,0.0,,2019-2019,2019,2019,0,2,,,,,,-,,,,,,,,,,2019-2019,2019,2019,0,2,2.0,2.0,2.0,0.0,2.0,0.0,,1.0,1.0,1.0,0.0,True,True,All-rounder
Nouman Sarwar (QAT),2019-2019,2019,2019,0,14,9.0,6.0,172.0,47*,47.0,1,57.33,128.0,134.37,0.0,0.0,1.0,16.0,6.0,12.29,0.0,0.0,88.15,2019-2019,2019,2019,0,14,13.0,34.5,1.0,267.0,18.0,Apr-14,14.83,7.66,11.6,1.0,0.0,1.29,0.13,0.94,0.0,2019-2019,2019,2019,0,14,14.0,8.0,8.0,0.0,0.0,8.0,,0.571,0.57,0.57,0.0,True,True,All-rounder
Nurul Hasan (BDESH),2016-2017,2016,2017,1,9,8.0,4.0,78.0,30*,30.0,1,19.5,63.0,123.8,0.0,0.0,1.0,9.0,0.0,8.67,0.0,0.0,61.22,2016-2017,2016,2017,1,9,,,,,,-,,,,,,,,,,2016-2017,2016,2017,1,9,9.0,6.0,2.0,4.0,2.0,0.0,,0.666,0.22,0.67,0.44,True,True,All-rounder
O Bascome (BMUDA),2019-2019,2019,2019,0,11,11.0,0.0,147.0,37,37.0,0,13.36,147.0,100.0,0.0,0.0,1.0,12.0,8.0,13.36,0.0,0.0,48.02,2019-2019,2019,2019,0,11,,,,,,-,,,,,,,,,,2019-2019,2019,2019,0,11,11.0,5.0,4.0,1.0,2.0,2.0,,0.454,0.36,0.45,0.09,True,True,All-rounder
O Fournier (CRC),2019-2019,2019,2019,0,2,,,,-,,0,,,,,,,,,,,,,2019-2019,2019,2019,0,2,,,,,,-,,,,,,,,,,2019-2019,2019,2019,0,2,2.0,4.0,4.0,0.0,0.0,4.0,,2.0,2.0,2.0,0.0,True,True,All-rounder
O Goker (TKY),2019-2019,2019,2019,0,1,1.0,1.0,1.0,1*,1.0,1,,1.0,100.0,0.0,0.0,0.0,0.0,0.0,1.0,0.0,0.0,,2019-2019,2019,2019,0,1,,,,,,-,,,,,,,,,,2019-2019,2019,2019,0,1,1.0,0.0,0.0,0.0,0.0,0.0,0.0,0.0,0.0,0.0,0.0,True,True,All-rounder
O Sam Arthur (CRC),2019-2019,2019,2019,0,3,2.0,1.0,1.0,1,1.0,0,1.0,1.0,100.0,0.0,0.0,0.0,0.0,0.0,0.33,0.0,0.0,40.6,2019-2019,2019,2019,0,3,3.0,9.0,0.0,76.0,4.0,Feb-21,19.0,8.44,13.5,0.0,0.0,1.33,0.12,0.97,0.0,2019-2019,2019,2019,0,3,3.0,0.0,0.0,0.0,0.0,0.0,0.0,0.0,0.0,0.0,0.0,True,True,All-rounder
O Thomas (WI),2018-2019,2018,2019,1,10,4.0,2.0,8.0,8*,8.0,1,4.0,11.0,72.72,0.0,0.0,2.0,2.0,0.0,0.8,0.0,0.0,31.49,2018-2019,2018,2019,1,10,10.0,37.0,1.0,326.0,9.0,Feb-21,36.22,8.81,24.6,0.0,0.0,0.9,0.11,0.66,0.0,2018-2019,2018,2019,1,10,10.0,0.0,0.0,0.0,0.0,0.0,0.0,0.0,0.0,0.0,0.0,True,True,All-rounder
OA Shah (ENG),2007-2009,2007,2009,2,17,15.0,1.0,347.0,55*,55.0,1,24.78,284.0,122.18,0.0,1.0,0.0,26.0,13.0,20.41,0.0,5.88,63.74,2007-2009,2007,2009,2,17,,,,,,-,,,,,,,,,,2007-2009,2007,2009,2,17,17.0,5.0,5.0,0.0,0.0,5.0,,0.294,0.29,0.29,0.0,True,True,All-rounder
OC McCoy (WI),2019-2019,2019,2019,0,2,2.0,1.0,11.0,10,10.0,0,11.0,10.0,110.0,0.0,0.0,0.0,1.0,1.0,5.5,0.0,0.0,50.6,2019-2019,2019,2019,0,2,1.0,3.0,0.0,44.0,1.0,Jan-44,44.0,14.66,18.0,0.0,0.0,0.5,0.07,0.37,0.0,2019-2019,2019,2019,0,2,2.0,0.0,0.0,0.0,0.0,0.0,0.0,0.0,0.0,0.0,0.0,True,True,All-rounder
OD Hald (DEN),2019-2019,2019,2019,0,9,8.0,1.0,61.0,18,18.0,0,8.71,57.0,107.01,0.0,0.0,1.0,4.0,2.0,6.78,0.0,0.0,48.03,2019-2019,2019,2019,0,9,7.0,21.3,0.0,113.0,9.0,Mar-18,12.55,5.25,14.3,0.0,0.0,1.0,0.19,0.76,0.0,2019-2019,2019,2019,0,9,7.0,4.0,4.0,0.0,0.0,4.0,,0.571,0.44,0.44,0.0,True,True,All-rounder
OE Newey (GUE),2019-2019,2019,2019,0,7,6.0,1.0,55.0,23*,23.0,1,11.0,66.0,83.33,0.0,0.0,1.0,2.0,0.0,7.86,0.0,0.0,39.93,2019-2019,2019,2019,0,7,,,,,,-,,,,,,,,,,2019-2019,2019,2019,0,7,7.0,5.0,4.0,1.0,4.0,0.0,,0.714,0.57,0.71,0.14,True,True,All-rounder
OF Smith (WI),2018-2018,2018,2018,0,2,1.0,0.0,6.0,6,6.0,0,6.0,5.0,120.0,0.0,0.0,0.0,1.0,0.0,3.0,0.0,0.0,51.6,2018-2018,2018,2018,0,2,2.0,7.0,0.0,78.0,2.0,Jan-38,39.0,11.14,21.0,0.0,0.0,1.0,0.09,0.73,0.0,2018-2018,2018,2018,0,2,2.0,0.0,0.0,0.0,0.0,0.0,0.0,0.0,0.0,0.0,0.0,True,True,All-rounder
OFJ Tonuu (Samoa),2019-2019,2019,2019,0,4,3.0,1.0,13.0,6*,6.0,1,6.5,18.0,72.22,0.0,0.0,0.0,0.0,0.0,3.25,0.0,0.0,32.79,2019-2019,2019,2019,0,4,,,,,,-,,,,,,,,,,2019-2019,2019,2019,0,4,4.0,3.0,3.0,0.0,3.0,0.0,,0.75,0.75,0.75,0.0,True,True,All-rounder
OGL Bascome (BMUDA),2019-2019,2019,2019,0,11,11.0,1.0,107.0,22,22.0,0,10.7,117.0,91.45,0.0,0.0,0.0,12.0,3.0,9.73,0.0,0.0,43.0,2019-2019,2019,2019,0,11,6.0,15.1,0.0,117.0,8.0,04-Oct,14.62,7.71,11.3,1.0,0.0,0.73,0.13,0.55,0.0,2019-2019,2019,2019,0,11,11.0,3.0,3.0,0.0,0.0,3.0,,0.272,0.27,0.27,0.0,True,True,All-rounder
OJ Hairs (SCOT),2019-2019,2019,2019,0,8,8.0,1.0,105.0,26,26.0,0,15.0,64.0,164.06,0.0,0.0,2.0,4.0,10.0,13.13,0.0,0.0,74.62,2019-2019,2019,2019,0,8,,,,,,-,,,,,,,,,,2019-2019,2019,2019,0,8,8.0,1.0,1.0,0.0,0.0,1.0,,0.125,0.13,0.13,0.0,True,True,All-rounder
OL Pitcher (BMUDA),2008-2008,2008,2008,0,3,3.0,0.0,34.0,15,15.0,0,11.33,53.0,64.15,0.0,0.0,0.0,1.0,0.0,11.33,0.0,0.0,32.46,2008-2008,2008,2008,0,3,1.0,1.0,0.0,7.0,0.0,-,,7.0,,0.0,0.0,0.0,0.14,0.04,0.0,2008-2008,2008,2008,0,3,3.0,2.0,2.0,0.0,0.0,2.0,,0.666,0.67,0.67,0.0,True,True,All-rounder
OM Marshall (Peru),2019-2019,2019,2019,0,3,1.0,0.0,0.0,0,0.0,0,0.0,3.0,0.0,0.0,0.0,1.0,0.0,0.0,,0.0,0.0,0.0,2019-2019,2019,2019,0,3,2.0,3.0,0.0,22.0,1.0,01-Oct,22.0,7.33,18.0,0.0,0.0,0.33,0.14,0.27,0.0,2019-2019,2019,2019,0,3,3.0,1.0,1.0,0.0,0.0,1.0,,0.333,0.33,0.33,0.0,True,True,All-rounder
OO Bascome (BMUDA),2008-2019,2008,2019,11,3,3.0,0.0,24.0,16,16.0,0,8.0,29.0,82.75,0.0,0.0,0.0,3.0,0.0,8.0,0.0,0.0,37.9,2008-2019,2008,2019,11,3,,,,,,-,,,,,,,,,,2008-2019,2008,2019,11,3,3.0,1.0,1.0,0.0,0.0,1.0,,0.333,0.33,0.33,0.0,True,True,All-rounder
OR Willis (Caym),2019-2019,2019,2019,0,3,3.0,0.0,17.0,15,15.0,0,5.66,32.0,53.12,0.0,0.0,0.0,0.0,1.0,5.67,0.0,0.0,24.64,2019-2019,2019,2019,0,3,,,,,,-,,,,,,,,,,2019-2019,2019,2019,0,3,3.0,2.0,1.0,1.0,0.0,1.0,,0.666,0.33,0.67,0.33,True,True,All-rounder
Omar Hayat (DEN),2019-2019,2019,2019,0,2,2.0,0.0,6.0,5,5.0,0,3.0,4.0,150.0,0.0,0.0,0.0,0.0,0.0,3.0,0.0,0.0,61.8,2019-2019,2019,2019,0,2,1.0,1.0,0.0,11.0,0.0,-,,11.0,,0.0,0.0,0.0,0.09,0.03,0.0,2019-2019,2019,2019,0,2,2.0,1.0,1.0,0.0,0.0,1.0,,0.5,0.5,0.5,0.0,True,True,All-rounder
Ovais Yousof (NGA),2019-2019,2019,2019,0,3,3.0,0.0,52.0,33,33.0,0,17.33,70.0,74.28,0.0,0.0,0.0,5.0,0.0,17.33,0.0,0.0,40.11,2019-2019,2019,2019,0,3,,,,,,-,,,,,,,,,,2019-2019,2019,2019,0,3,3.0,0.0,0.0,0.0,0.0,0.0,0.0,0.0,0.0,0.0,0.0,True,True,All-rounder
P Agnihotri (NOR),2019-2019,2019,2019,0,2,2.0,0.0,25.0,19,19.0,0,12.5,36.0,69.44,0.0,0.0,0.0,2.0,0.0,12.5,0.0,0.0,35.28,2019-2019,2019,2019,0,2,,,,,,-,,,,,,,,,,2019-2019,2019,2019,0,2,2.0,1.0,1.0,0.0,0.0,1.0,,0.5,0.5,0.5,0.0,True,True,All-rounder
P Arora (Mex),2019-2019,2019,2019,0,2,2.0,1.0,9.0,6*,6.0,1,9.0,4.0,225.0,0.0,0.0,0.0,0.0,1.0,4.5,0.0,0.0,95.4,2019-2019,2019,2019,0,2,,,,,,-,,,,,,,,,,2019-2019,2019,2019,0,2,2.0,1.0,1.0,0.0,0.0,1.0,,0.5,0.5,0.5,0.0,True,True,All-rounder
P Arrighi (Arg),2019-2019,2019,2019,0,5,4.0,0.0,16.0,11,11.0,0,4.0,46.0,34.78,0.0,0.0,1.0,0.0,0.0,3.2,0.0,0.0,16.31,2019-2019,2019,2019,0,5,5.0,19.0,2.0,84.0,10.0,05-Apr,8.4,4.42,11.4,0.0,1.0,2.0,0.23,1.47,0.2,2019-2019,2019,2019,0,5,5.0,3.0,3.0,0.0,0.0,3.0,,0.6,0.6,0.6,0.0,True,True,All-rounder
P Awana (INDIA),2012-2012,2012,2012,0,2,,,,-,,0,,,,,,,,,,,,,2012-2012,2012,2012,0,2,2.0,6.0,0.0,71.0,0.0,-,,11.83,,0.0,0.0,0.0,0.08,0.03,0.0,2012-2012,2012,2012,0,2,2.0,0.0,0.0,0.0,0.0,0.0,0.0,0.0,0.0,0.0,0.0,True,True,All-rounder
P Baron (Arg),2019-2019,2019,2019,0,5,3.0,0.0,43.0,27,27.0,0,14.33,38.0,113.15,0.0,0.0,0.0,0.0,4.0,8.6,0.0,0.0,53.86,2019-2019,2019,2019,0,5,,,,,,-,,,,,,,,,,2019-2019,2019,2019,0,5,5.0,1.0,1.0,0.0,0.0,1.0,,0.2,0.2,0.2,0.0,True,True,All-rounder
P Bharat Patel (PNM),2019-2019,2019,2019,0,2,1.0,1.0,4.0,4*,4.0,1,,7.0,57.14,0.0,0.0,0.0,0.0,0.0,2.0,0.0,0.0,,2019-2019,2019,2019,0,2,2.0,5.0,0.0,40.0,0.0,-,,8.0,,0.0,0.0,0.0,0.13,0.04,0.0,2019-2019,2019,2019,0,2,2.0,0.0,0.0,0.0,0.0,0.0,0.0,0.0,0.0,0.0,0.0,True,True,All-rounder
P Bhart (NOR),2019-2019,2019,2019,0,5,3.0,2.0,3.0,2*,2.0,1,3.0,17.0,17.64,0.0,0.0,1.0,0.0,0.0,0.6,0.0,0.0,8.86,2019-2019,2019,2019,0,5,4.0,12.0,1.0,68.0,3.0,Feb-29,22.66,5.66,24.0,0.0,0.0,0.6,0.18,0.47,0.0,2019-2019,2019,2019,0,5,5.0,0.0,0.0,0.0,0.0,0.0,0.0,0.0,0.0,0.0,0.0,True,True,All-rounder
P Buccimazza (PORT),2019-2019,2019,2019,0,4,2.0,0.0,2.0,1,1.0,0,1.0,13.0,15.38,0.0,0.0,0.0,0.0,0.0,0.5,0.0,0.0,6.75,2019-2019,2019,2019,0,4,4.0,13.0,0.0,86.0,3.0,Feb-18,28.66,6.61,26.0,0.0,0.0,0.75,0.15,0.57,0.0,2019-2019,2019,2019,0,4,4.0,0.0,0.0,0.0,0.0,0.0,0.0,0.0,0.0,0.0,0.0,True,True,All-rounder
P Chandran (Mex),2019-2019,2019,2019,0,3,3.0,0.0,31.0,23,23.0,0,10.33,47.0,65.95,0.0,0.0,1.0,2.0,1.0,10.33,0.0,0.0,32.58,2019-2019,2019,2019,0,3,2.0,4.0,0.0,45.0,2.0,Jan-22,22.5,11.25,12.0,0.0,0.0,0.67,0.09,0.49,0.0,2019-2019,2019,2019,0,3,3.0,1.0,1.0,0.0,0.0,1.0,,0.333,0.33,0.33,0.0,True,True,All-rounder
P Danci (ROM),2019-2019,2019,2019,0,2,2.0,1.0,7.0,5,5.0,0,7.0,11.0,63.63,0.0,0.0,0.0,1.0,0.0,3.5,0.0,0.0,29.65,2019-2019,2019,2019,0,2,,,,,,-,,,,,,,,,,2019-2019,2019,2019,0,2,2.0,2.0,2.0,0.0,0.0,2.0,,1.0,1.0,1.0,0.0,True,True,All-rounder
P Florin (ROM),2019-2019,2019,2019,0,4,2.0,1.0,1.0,1*,1.0,1,1.0,1.0,100.0,0.0,0.0,1.0,0.0,0.0,0.25,0.0,0.0,40.6,2019-2019,2019,2019,0,4,2.0,1.4,0.0,10.0,3.0,02-Mar,3.33,6.0,3.3,0.0,0.0,0.75,0.17,0.58,0.0,2019-2019,2019,2019,0,4,4.0,0.0,0.0,0.0,0.0,0.0,0.0,0.0,0.0,0.0,0.0,True,True,All-rounder
P Jayeshbhai Patel (PNM),2019-2019,2019,2019,0,2,2.0,1.0,14.0,8*,8.0,1,14.0,11.0,127.27,0.0,0.0,0.0,0.0,0.0,7.0,0.0,0.0,59.31,2019-2019,2019,2019,0,2,1.0,2.0,0.0,21.0,0.0,-,,10.5,,0.0,0.0,0.0,0.1,0.03,0.0,2019-2019,2019,2019,0,2,2.0,0.0,0.0,0.0,0.0,0.0,0.0,0.0,0.0,0.0,0.0,True,True,All-rounder
P Kerai (KENYA),2019-2019,2019,2019,0,6,1.0,0.0,0.0,0,0.0,0,0.0,1.0,0.0,0.0,0.0,1.0,0.0,0.0,,0.0,0.0,0.0,2019-2019,2019,2019,0,6,5.0,11.0,0.0,82.0,3.0,Mar-15,27.33,7.45,22.0,0.0,0.0,0.5,0.13,0.39,0.0,2019-2019,2019,2019,0,6,6.0,0.0,0.0,0.0,0.0,0.0,0.0,0.0,0.0,0.0,0.0,True,True,All-rounder
P Khadka (NEPAL),2014-2019,2014,2019,5,30,29.0,3.0,777.0,106*,106.0,1,29.88,602.0,129.06,1.0,4.0,3.0,79.0,26.0,25.9,3.33,13.33,69.55,2014-2019,2014,2019,5,30,23.0,51.0,2.0,323.0,8.0,02-Nov,40.37,6.33,38.2,0.0,0.0,0.27,0.16,0.23,0.0,2014-2019,2014,2019,5,30,30.0,16.0,16.0,0.0,0.0,16.0,,0.533,0.53,0.53,0.0,True,True,All-rounder
P Kumar (INDIA),2008-2012,2008,2012,4,10,3.0,0.0,7.0,6,6.0,0,2.33,16.0,43.75,0.0,0.0,1.0,0.0,0.0,0.7,0.0,0.0,18.9,2008-2012,2008,2012,4,10,10.0,26.0,1.0,193.0,8.0,Feb-14,24.12,7.42,19.5,0.0,0.0,0.8,0.13,0.6,0.0,2008-2012,2008,2012,4,10,10.0,1.0,1.0,0.0,0.0,1.0,,0.1,0.1,0.1,0.0,True,True,All-rounder
P Manning (Caym),2019-2019,2019,2019,0,6,6.0,1.0,56.0,28,28.0,0,11.2,89.0,62.92,0.0,0.0,1.0,4.0,0.0,9.33,0.0,0.0,31.89,2019-2019,2019,2019,0,6,4.0,8.0,0.0,53.0,2.0,02-Mar,26.5,6.62,24.0,0.0,0.0,0.33,0.15,0.28,0.0,2019-2019,2019,2019,0,6,6.0,1.0,1.0,0.0,0.0,1.0,,0.166,0.17,0.17,0.0,True,True,All-rounder
P Mishra (),2019-2019,2019,2019,0,3,3.0,1.0,43.0,23,23.0,0,21.5,26.0,165.38,0.0,0.0,0.0,3.0,4.0,14.33,0.0,0.0,79.05,2019-2019,2019,2019,0,3,3.0,9.0,0.0,37.0,5.0,03-Dec,7.4,4.11,10.8,0.0,0.0,1.67,0.24,1.24,0.0,2019-2019,2019,2019,0,3,3.0,1.0,1.0,0.0,0.0,1.0,,0.333,0.33,0.33,0.0,True,True,All-rounder
P Mustard (ENG),2008-2008,2008,2008,0,2,2.0,0.0,60.0,40,40.0,0,30.0,37.0,162.16,0.0,0.0,0.0,5.0,4.0,30.0,0.0,0.0,82.86,2008-2008,2008,2008,0,2,,,,,,-,,,,,,,,,,2008-2008,2008,2008,0,2,2.0,0.0,0.0,0.0,0.0,0.0,0.0,0.0,0.0,0.0,0.0,True,True,All-rounder
P Negi (INDIA),2016-2016,2016,2016,0,1,,,,-,,0,,,,,,,,,,,,,2016-2016,2016,2016,0,1,1.0,3.0,0.0,16.0,1.0,Jan-16,16.0,5.33,18.0,0.0,0.0,1.0,0.19,0.76,0.0,2016-2016,2016,2016,0,1,1.0,2.0,2.0,0.0,0.0,2.0,,2.0,2.0,2.0,0.0,True,True,All-rounder
P Raho (PNG),2016-2016,2016,2016,0,2,2.0,2.0,10.0,8*,8.0,1,,6.0,166.66,0.0,0.0,0.0,0.0,1.0,5.0,0.0,0.0,,2016-2016,2016,2016,0,2,2.0,3.0,0.0,20.0,3.0,03-Nov,6.66,6.66,6.0,0.0,0.0,1.5,0.15,1.1,0.0,2016-2016,2016,2016,0,2,2.0,0.0,0.0,0.0,0.0,0.0,0.0,0.0,0.0,0.0,0.0,True,True,All-rounder
P Sarraf (NEPAL),2019-2019,2019,2019,0,9,8.0,1.0,57.0,18,18.0,0,8.14,84.0,67.85,0.0,0.0,3.0,9.0,0.0,6.33,0.0,0.0,32.02,2019-2019,2019,2019,0,9,6.0,11.0,1.0,58.0,2.0,01-Mar,29.0,5.27,33.0,0.0,0.0,0.22,0.19,0.21,0.0,2019-2019,2019,2019,0,9,9.0,3.0,3.0,0.0,0.0,3.0,,0.333,0.33,0.33,0.0,True,True,All-rounder
P Silas (Botsw),2019-2019,2019,2019,0,4,3.0,0.0,39.0,20,20.0,0,13.0,44.0,88.63,0.0,0.0,0.0,1.0,1.0,9.75,0.0,0.0,43.25,2019-2019,2019,2019,0,4,1.0,1.0,0.0,21.0,0.0,-,,21.0,,0.0,0.0,0.0,0.05,0.01,0.0,2019-2019,2019,2019,0,4,4.0,3.0,3.0,0.0,0.0,3.0,,0.75,0.75,0.75,0.0,True,True,All-rounder
P Syafiq Ali (MAL),2019-2019,2019,2019,0,2,,,,-,,0,,,,,,,,,,,,,2019-2019,2019,2019,0,2,,,,,,-,,,,,,,,,,2019-2019,2019,2019,0,2,1.0,1.0,1.0,0.0,0.0,1.0,,1.0,0.5,0.5,0.0,True,True,All-rounder
P Taylor (CZK-R),2019-2019,2019,2019,0,7,2.0,1.0,11.0,7*,7.0,1,11.0,9.0,122.22,0.0,0.0,0.0,1.0,0.0,1.57,0.0,0.0,55.49,2019-2019,2019,2019,0,7,6.0,18.0,0.0,144.0,8.0,Apr-28,18.0,8.0,13.5,1.0,0.0,1.14,0.13,0.84,0.0,2019-2019,2019,2019,0,7,7.0,1.0,1.0,0.0,0.0,1.0,,0.142,0.14,0.14,0.0,True,True,All-rounder
P Utseya (ZIM),2006-2015,2006,2015,9,35,21.0,9.0,94.0,13*,13.0,1,7.83,115.0,81.73,0.0,0.0,3.0,6.0,1.0,2.69,0.0,0.0,37.39,2006-2015,2006,2015,9,35,35.0,124.5,2.0,858.0,26.0,Mar-25,33.0,6.87,28.8,0.0,0.0,0.74,0.15,0.56,0.0,2006-2015,2006,2015,9,35,35.0,6.0,6.0,0.0,0.0,6.0,,0.171,0.17,0.17,0.0,True,True,All-rounder
PA Desai (CAN),2012-2012,2012,2012,0,1,1.0,1.0,4.0,4*,4.0,1,,7.0,57.14,0.0,0.0,0.0,0.0,0.0,4.0,0.0,0.0,,2012-2012,2012,2012,0,1,1.0,3.0,0.0,30.0,1.0,Jan-30,30.0,10.0,18.0,0.0,0.0,1.0,0.1,0.73,0.0,2012-2012,2012,2012,0,1,1.0,0.0,0.0,0.0,0.0,0.0,0.0,0.0,0.0,0.0,0.0,True,True,All-rounder
PA Hitchcock (NZ),2008-2008,2008,2008,0,1,1.0,0.0,13.0,13,13.0,0,13.0,11.0,118.18,0.0,0.0,0.0,1.0,1.0,13.0,0.0,0.0,55.07,2008-2008,2008,2008,0,1,1.0,3.0,0.0,43.0,2.0,Feb-43,21.5,14.33,9.0,0.0,0.0,2.0,0.07,1.42,0.0,2008-2008,2008,2008,0,1,1.0,0.0,0.0,0.0,0.0,0.0,0.0,0.0,0.0,0.0,0.0,True,True,All-rounder
PA Nixon (ENG),2007-2007,2007,2007,0,1,1.0,1.0,31.0,31*,31.0,1,,22.0,140.9,0.0,0.0,0.0,2.0,1.0,31.0,0.0,0.0,,2007-2007,2007,2007,0,1,,,,,,-,,,,,,,,,,2007-2007,2007,2007,0,1,1.0,1.0,0.0,1.0,0.0,0.0,,1.0,0.0,1.0,1.0,True,True,All-rounder
PA Patel (INDIA),2011-2011,2011,2011,0,2,2.0,0.0,36.0,26,26.0,0,18.0,32.0,112.5,0.0,0.0,0.0,4.0,1.0,18.0,0.0,0.0,55.8,2011-2011,2011,2011,0,2,,,,,,-,,,,,,,,,,2011-2011,2011,2011,0,2,2.0,1.0,1.0,0.0,1.0,0.0,,0.5,0.5,0.5,0.0,True,True,All-rounder
PA van Meekeren (NL),2013-2019,2013,2019,6,41,9.0,1.0,39.0,18,18.0,0,4.87,40.0,97.5,0.0,0.0,3.0,0.0,3.0,0.95,0.0,0.0,41.92,2013-2019,2013,2019,6,41,39.0,136.1,2.0,945.0,47.0,04-Nov,20.1,6.94,17.3,2.0,0.0,1.15,0.14,0.85,0.0,2013-2019,2013,2019,6,41,39.0,11.0,11.0,0.0,0.0,11.0,,0.282,0.27,0.27,0.0,True,True,All-rounder
PADLR Sandakan (SL),2017-2019,2017,2019,2,14,4.0,2.0,18.0,10,10.0,0,9.0,24.0,75.0,0.0,0.0,0.0,2.0,0.0,1.29,0.0,0.0,35.4,2017-2019,2017,2019,2,14,14.0,55.0,1.0,400.0,13.0,Apr-23,30.76,7.27,25.3,1.0,0.0,0.93,0.14,0.69,0.0,2017-2019,2017,2019,2,14,14.0,4.0,4.0,0.0,0.0,4.0,,0.285,0.29,0.29,0.0,True,True,All-rounder
PBB Rajapaksa (SL),2019-2019,2019,2019,0,5,5.0,1.0,131.0,77,77.0,0,32.75,95.0,137.89,0.0,1.0,0.0,7.0,9.0,26.2,0.0,20.0,74.81,2019-2019,2019,2019,0,5,,,,,,-,,,,,,,,,,2019-2019,2019,2019,0,5,5.0,0.0,0.0,0.0,0.0,0.0,0.0,0.0,0.0,0.0,0.0,True,True,All-rounder
PC Connell (IRE),2008-2010,2008,2010,2,9,3.0,2.0,4.0,3*,3.0,1,4.0,7.0,57.14,0.0,0.0,1.0,0.0,0.0,0.44,0.0,0.0,25.26,2008-2010,2008,2010,2,9,8.0,25.3,1.0,156.0,10.0,03-Aug,15.6,6.11,15.3,0.0,0.0,1.11,0.16,0.83,0.0,2008-2010,2008,2010,2,9,8.0,3.0,3.0,0.0,0.0,3.0,,0.375,0.33,0.33,0.0,True,True,All-rounder
PC de Silva (SL),2017-2017,2017,2017,0,2,2.0,0.0,22.0,21,21.0,0,11.0,22.0,100.0,0.0,0.0,0.0,1.0,0.0,11.0,0.0,0.0,46.6,2017-2017,2017,2017,0,2,2.0,2.0,0.0,30.0,0.0,-,,15.0,,0.0,0.0,0.0,0.07,0.02,0.0,2017-2017,2017,2017,0,2,2.0,1.0,1.0,0.0,0.0,1.0,,0.5,0.5,0.5,0.0,True,True,All-rounder
PD Collingwood (ENG/World),2005-2017,2005,2017,12,36,33.0,2.0,583.0,79,79.0,0,18.8,459.0,127.01,0.0,3.0,3.0,37.0,24.0,16.19,0.0,8.33,62.08,2005-2017,2005,2017,12,36,20.0,39.0,0.0,347.0,16.0,Apr-22,21.68,8.89,14.6,1.0,0.0,0.44,0.11,0.34,0.0,2005-2017,2005,2017,12,36,36.0,15.0,15.0,0.0,0.0,15.0,,0.416,0.42,0.42,0.0,True,True,All-rounder
PD Hennessy (ESP),2019-2019,2019,2019,0,8,7.0,0.0,162.0,71,71.0,0,23.14,132.0,122.72,0.0,1.0,1.0,11.0,7.0,20.25,0.0,12.5,62.97,2019-2019,2019,2019,0,8,5.0,12.0,1.0,86.0,9.0,Mar-27,9.55,7.16,8.0,0.0,0.0,1.13,0.14,0.83,0.0,2019-2019,2019,2019,0,8,8.0,0.0,0.0,0.0,0.0,0.0,0.0,0.0,0.0,0.0,0.0,True,True,All-rounder
PD McGlashan (NZ),2006-2010,2006,2010,4,11,9.0,1.0,61.0,26,26.0,0,7.62,64.0,95.31,0.0,0.0,0.0,6.0,2.0,5.55,0.0,0.0,42.7,2006-2010,2006,2010,4,11,,,,,,-,,,,,,,,,,2006-2010,2006,2010,4,11,11.0,9.0,9.0,0.0,9.0,0.0,,0.818,0.82,0.82,0.0,True,True,All-rounder
PDRL Perera (SL),2006-2006,2006,2006,0,2,2.0,2.0,0.0,0*,0.0,1,,0.0,,0.0,0.0,0.0,0.0,0.0,,0.0,0.0,,2006-2006,2006,2006,0,2,2.0,7.0,0.0,77.0,0.0,-,,11.0,,0.0,0.0,0.0,0.09,0.03,0.0,2006-2006,2006,2006,0,2,2.0,0.0,0.0,0.0,0.0,0.0,0.0,0.0,0.0,0.0,0.0,True,True,All-rounder
PF Gallagher (Fin),2019-2019,2019,2019,0,3,3.0,0.0,83.0,36,36.0,0,27.66,68.0,122.05,0.0,0.0,0.0,4.0,5.0,27.67,0.0,0.0,65.42,2019-2019,2019,2019,0,3,,,,,,-,,,,,,,,,,2019-2019,2019,2019,0,3,3.0,4.0,4.0,0.0,0.0,4.0,,1.333,1.33,1.33,0.0,True,True,All-rounder
PG Fulton (NZ),2006-2012,2006,2012,6,12,12.0,1.0,127.0,25,25.0,0,11.54,140.0,90.71,0.0,0.0,2.0,7.0,6.0,10.58,0.0,0.0,43.21,2006-2012,2006,2012,6,12,,,,,,-,,,,,,,,,,2006-2012,2006,2012,6,12,12.0,4.0,4.0,0.0,0.0,4.0,,0.333,0.33,0.33,0.0,True,True,All-rounder
PH Shamdasani (Peru),2019-2019,2019,2019,0,4,4.0,1.0,61.0,37,37.0,0,20.33,72.0,84.72,0.0,0.0,0.0,3.0,1.0,15.25,0.0,0.0,46.09,2019-2019,2019,2019,0,4,4.0,12.0,1.0,70.0,6.0,02-Aug,11.66,5.83,12.0,0.0,0.0,1.5,0.17,1.1,0.0,2019-2019,2019,2019,0,4,4.0,2.0,2.0,0.0,0.0,2.0,,0.5,0.5,0.5,0.0,True,True,All-rounder
PHKD Mendis (SL),2018-2019,2018,2019,1,4,4.0,0.0,66.0,41,41.0,0,16.5,46.0,143.47,0.0,0.0,1.0,6.0,3.0,16.5,0.0,0.0,67.29,2018-2019,2018,2019,1,4,3.0,5.0,0.0,48.0,0.0,-,,9.6,,0.0,0.0,0.0,0.1,0.03,0.0,2018-2019,2018,2019,1,4,4.0,1.0,1.0,0.0,0.0,1.0,,0.25,0.25,0.25,0.0,True,True,All-rounder
PJ Cummins (AUS),2011-2019,2011,2019,8,25,11.0,4.0,35.0,13,13.0,0,5.0,37.0,94.59,0.0,0.0,2.0,2.0,1.0,1.4,0.0,0.0,40.84,2011-2019,2011,2019,8,25,25.0,95.0,3.0,644.0,32.0,Mar-15,20.12,6.77,17.8,0.0,0.0,1.28,0.15,0.94,0.0,2011-2019,2011,2019,8,25,25.0,7.0,7.0,0.0,0.0,7.0,,0.28,0.28,0.28,0.0,True,True,All-rounder
PJ Hughes (AUS),2014-2014,2014,2014,0,1,1.0,0.0,6.0,6,6.0,0,6.0,8.0,75.0,0.0,0.0,0.0,1.0,0.0,6.0,0.0,0.0,33.6,2014-2014,2014,2014,0,1,,,,,,-,,,,,,,,,,2014-2014,2014,2014,0,1,1.0,0.0,0.0,0.0,0.0,0.0,0.0,0.0,0.0,0.0,0.0,True,True,All-rounder
PJ Ingram (NZ),2010-2010,2010,2010,0,3,3.0,1.0,22.0,20*,20.0,1,11.0,35.0,62.85,0.0,0.0,1.0,3.0,0.0,7.33,0.0,0.0,31.74,2010-2010,2010,2010,0,3,,,,,,-,,,,,,,,,,2010-2010,2010,2010,0,3,3.0,1.0,1.0,0.0,0.0,1.0,,0.333,0.33,0.33,0.0,True,True,All-rounder
PJ Moor (ZIM),2016-2019,2016,2019,3,21,19.0,4.0,364.0,92*,92.0,1,24.26,286.0,127.27,0.0,1.0,0.0,22.0,24.0,17.33,0.0,4.76,65.46,2016-2019,2016,2019,3,21,,,,,,-,,,,,,,,,,2016-2019,2016,2019,3,21,21.0,7.0,7.0,0.0,2.0,5.0,,0.333,0.33,0.33,0.0,True,True,All-rounder
PJ Ongondo (KENYA),2007-2008,2007,2008,1,8,6.0,0.0,28.0,16,16.0,0,4.66,23.0,121.73,0.0,0.0,2.0,1.0,2.0,3.5,0.0,0.0,51.49,2007-2008,2007,2008,1,8,8.0,26.0,1.0,177.0,5.0,Feb-18,35.4,6.8,31.2,0.0,0.0,0.63,0.15,0.48,0.0,2007-2008,2007,2008,1,8,8.0,0.0,0.0,0.0,0.0,0.0,0.0,0.0,0.0,0.0,0.0,True,True,All-rounder
PK Matautaava (VAN),2019-2019,2019,2019,0,10,10.0,0.0,265.0,103,103.0,0,26.5,156.0,169.87,1.0,1.0,2.0,19.0,20.0,26.5,10.0,10.0,83.85,2019-2019,2019,2019,0,10,8.0,28.0,1.0,199.0,9.0,02-Sep,22.11,7.1,18.6,0.0,0.0,0.9,0.14,0.67,0.0,2019-2019,2019,2019,0,10,10.0,6.0,6.0,0.0,0.0,6.0,,0.6,0.6,0.6,0.0,True,True,All-rounder
PKD Chase (IRE),2018-2019,2018,2019,1,12,5.0,4.0,7.0,4,4.0,0,7.0,13.0,53.84,0.0,0.0,0.0,1.0,0.0,0.58,0.0,0.0,25.74,2018-2019,2018,2019,1,12,12.0,41.5,0.0,416.0,15.0,Apr-35,27.73,9.94,16.7,1.0,0.0,1.25,0.1,0.91,0.0,2018-2019,2018,2019,1,12,12.0,5.0,5.0,0.0,0.0,5.0,,0.416,0.42,0.42,0.0,True,True,All-rounder
PL Mommsen (SCOT),2012-2016,2012,2016,4,24,19.0,7.0,419.0,68*,68.0,1,34.91,329.0,127.35,0.0,2.0,1.0,32.0,11.0,17.46,0.0,8.33,71.89,2012-2016,2012,2016,4,24,7.0,23.0,0.0,164.0,4.0,Jan-23,41.0,7.13,34.5,0.0,0.0,0.17,0.14,0.16,0.0,2012-2016,2012,2016,4,24,22.0,11.0,11.0,0.0,0.0,11.0,,0.5,0.46,0.46,0.0,True,True,All-rounder
PM Nevill (AUS),2016-2016,2016,2016,0,9,5.0,4.0,25.0,10*,10.0,1,25.0,11.0,227.27,0.0,0.0,0.0,1.0,2.0,2.78,0.0,0.0,105.91,2016-2016,2016,2016,0,9,,,,,,-,,,,,,,,,,2016-2016,2016,2016,0,9,9.0,3.0,2.0,1.0,2.0,0.0,,0.333,0.22,0.33,0.11,True,True,All-rounder
PM Seelaar (NL),2008-2019,2008,2019,11,69,40.0,11.0,464.0,96*,96.0,1,16.0,423.0,109.69,0.0,1.0,1.0,31.0,8.0,6.72,0.0,1.45,53.48,2008-2019,2008,2019,11,69,58.0,172.3,3.0,1190.0,53.0,Apr-19,22.45,6.89,19.5,1.0,0.0,0.77,0.15,0.58,0.0,2008-2019,2008,2019,11,69,67.0,28.0,28.0,0.0,0.0,28.0,,0.417,0.41,0.41,0.0,True,True,All-rounder
PM Siddle (AUS),2009-2010,2009,2010,1,2,1.0,1.0,1.0,1*,1.0,1,,1.0,100.0,0.0,0.0,0.0,0.0,0.0,0.5,0.0,0.0,,2009-2010,2009,2010,1,2,2.0,8.0,0.0,58.0,3.0,Feb-24,19.33,7.25,16.0,0.0,0.0,1.5,0.14,1.09,0.0,2009-2010,2009,2010,1,2,2.0,0.0,0.0,0.0,0.0,0.0,0.0,0.0,0.0,0.0,0.0,True,True,All-rounder
PP Chawla (INDIA),2010-2012,2010,2012,2,7,1.0,0.0,0.0,0,0.0,0,0.0,1.0,0.0,0.0,0.0,1.0,0.0,0.0,,0.0,0.0,0.0,2010-2012,2010,2012,2,7,7.0,23.0,1.0,151.0,4.0,Feb-13,37.75,6.56,34.5,0.0,0.0,0.57,0.15,0.45,0.0,2010-2012,2010,2012,2,7,7.0,2.0,2.0,0.0,0.0,2.0,,0.285,0.29,0.29,0.0,True,True,All-rounder
PP Ojha (INDIA),2009-2010,2009,2010,1,6,1.0,1.0,10.0,10*,10.0,1,,6.0,166.66,0.0,0.0,0.0,0.0,1.0,1.67,0.0,0.0,,2009-2010,2009,2010,1,6,6.0,21.0,0.0,132.0,10.0,Apr-21,13.2,6.28,12.6,1.0,0.0,1.67,0.16,1.21,0.0,2009-2010,2009,2010,1,6,6.0,1.0,1.0,0.0,0.0,1.0,,0.166,0.17,0.17,0.0,True,True,All-rounder
PR Brown (ENG),2019-2019,2019,2019,0,4,1.0,1.0,4.0,4*,4.0,1,,9.0,44.44,0.0,0.0,0.0,0.0,0.0,1.0,0.0,0.0,,2019-2019,2019,2019,0,4,4.0,13.0,0.0,128.0,3.0,Jan-29,42.66,9.84,26.0,0.0,0.0,0.75,0.1,0.56,0.0,2019-2019,2019,2019,0,4,4.0,2.0,2.0,0.0,0.0,2.0,,0.5,0.5,0.5,0.0,True,True,All-rounder
PR Stirling (IRE),2009-2019,2009,2019,10,72,71.0,6.0,1929.0,91,91.0,0,29.67,1401.0,137.68,0.0,16.0,8.0,233.0,59.0,26.79,0.0,22.22,72.87,2009-2019,2009,2019,10,72,33.0,78.0,1.0,600.0,16.0,Mar-21,37.5,7.69,29.2,0.0,0.0,0.22,0.13,0.19,0.0,2009-2019,2009,2019,10,72,71.0,22.0,22.0,0.0,0.0,22.0,,0.309,0.31,0.31,0.0,True,True,All-rounder
PRP Boissevain (NL),2019-2019,2019,2019,0,4,2.0,1.0,7.0,7*,7.0,1,7.0,7.0,100.0,0.0,0.0,1.0,1.0,0.0,1.75,0.0,0.0,44.2,2019-2019,2019,2019,0,4,4.0,16.0,0.0,116.0,3.0,Jan-19,38.66,7.25,32.0,0.0,0.0,0.75,0.14,0.57,0.0,2019-2019,2019,2019,0,4,4.0,4.0,4.0,0.0,0.0,4.0,,1.0,1.0,1.0,0.0,True,True,All-rounder
PS Airee (NEPAL),2015-2019,2015,2019,4,11,11.0,0.0,87.0,29,29.0,0,7.9,93.0,93.54,0.0,0.0,4.0,10.0,1.0,7.91,0.0,0.0,42.16,2015-2019,2015,2019,4,11,,,,,,-,,,,,,,,,,2015-2019,2015,2019,4,11,11.0,6.0,5.0,1.0,3.0,2.0,,0.545,0.45,0.55,0.09,True,True,All-rounder
PS Eaglestone (IRE),2010-2010,2010,2010,0,1,,,,-,,0,,,,,,,,,,,,,2010-2010,2010,2010,0,1,1.0,2.0,0.0,16.0,0.0,-,,8.0,,0.0,0.0,0.0,0.13,0.04,0.0,2010-2010,2010,2010,0,1,1.0,0.0,0.0,0.0,0.0,0.0,0.0,0.0,0.0,0.0,0.0,True,True,All-rounder
PSP Handscomb (AUS),2019-2019,2019,2019,0,2,2.0,1.0,33.0,20*,20.0,1,33.0,33.0,100.0,0.0,0.0,0.0,1.0,0.0,16.5,0.0,0.0,59.8,2019-2019,2019,2019,0,2,,,,,,-,,,,,,,,,,2019-2019,2019,2019,0,2,2.0,0.0,0.0,0.0,0.0,0.0,0.0,0.0,0.0,0.0,0.0,True,True,All-rounder
PVD Chameera (SL),2015-2018,2015,2018,3,19,10.0,6.0,31.0,12,12.0,0,7.75,40.0,77.5,0.0,0.0,2.0,3.0,0.0,1.63,0.0,0.0,35.65,2015-2018,2015,2018,3,19,19.0,67.1,0.0,574.0,16.0,Mar-30,35.87,8.54,25.1,0.0,0.0,0.84,0.12,0.62,0.0,2015-2018,2015,2018,3,19,19.0,6.0,6.0,0.0,0.0,6.0,,0.315,0.32,0.32,0.0,True,True,All-rounder
PW Borren (NL),2008-2017,2008,2017,9,43,38.0,5.0,638.0,57,57.0,0,19.33,524.0,121.75,0.0,1.0,2.0,60.0,18.0,14.84,0.0,2.33,60.3,2008-2017,2008,2017,9,43,30.0,87.4,0.0,603.0,18.0,Feb-19,33.5,6.87,29.2,0.0,0.0,0.42,0.15,0.34,0.0,2008-2017,2008,2017,9,43,41.0,28.0,28.0,0.0,0.0,28.0,,0.682,0.65,0.65,0.0,True,True,All-rounder
PWH de Silva (SL),2019-2019,2019,2019,0,8,7.0,3.0,55.0,14*,14.0,1,13.75,50.0,110.0,0.0,0.0,0.0,3.0,0.0,6.88,0.0,0.0,52.25,2019-2019,2019,2019,0,8,8.0,25.4,0.0,204.0,12.0,Mar-21,17.0,7.94,12.8,0.0,0.0,1.5,0.13,1.09,0.0,2019-2019,2019,2019,0,8,8.0,4.0,4.0,0.0,0.0,4.0,,0.5,0.5,0.5,0.0,True,True,All-rounder
Parvez Rasool (INDIA),2017-2017,2017,2017,0,1,1.0,0.0,5.0,5,5.0,0,5.0,6.0,83.33,0.0,0.0,0.0,0.0,0.0,5.0,0.0,0.0,36.33,2017-2017,2017,2017,0,1,1.0,4.0,0.0,32.0,1.0,Jan-32,32.0,8.0,24.0,0.0,0.0,1.0,0.13,0.74,0.0,2017-2017,2017,2017,0,1,1.0,0.0,0.0,0.0,0.0,0.0,0.0,0.0,0.0,0.0,0.0,True,True,All-rounder
Pavandeep Singh (MAL),2019-2019,2019,2019,0,10,4.0,3.0,4.0,2*,2.0,1,4.0,7.0,57.14,0.0,0.0,0.0,0.0,0.0,0.4,0.0,0.0,25.26,2019-2019,2019,2019,0,10,10.0,35.1,0.0,249.0,13.0,03-Dec,19.15,7.08,16.2,0.0,0.0,1.3,0.14,0.95,0.0,2019-2019,2019,2019,0,10,10.0,3.0,3.0,0.0,0.0,3.0,,0.3,0.3,0.3,0.0,True,True,All-rounder
Q de Kock (SA),2012-2019,2012,2019,7,38,38.0,5.0,1018.0,79*,79.0,1,30.84,787.0,129.35,0.0,4.0,3.0,117.0,32.0,26.79,0.0,10.53,70.24,2012-2019,2012,2019,7,38,,,,,,-,,,,,,,,,,2012-2019,2012,2019,7,38,38.0,46.0,36.0,10.0,36.0,0.0,,1.21,0.95,1.21,0.26,True,True,All-rounder
Qadeer Ahmed (UAE),2015-2019,2015,2019,4,10,4.0,3.0,7.0,5*,5.0,1,7.0,12.0,58.33,0.0,0.0,1.0,1.0,0.0,0.7,0.0,0.0,27.53,2015-2019,2015,2019,4,10,10.0,32.0,1.0,253.0,9.0,Feb-18,28.11,7.9,21.3,0.0,0.0,0.9,0.13,0.67,0.0,2015-2019,2015,2019,4,10,10.0,2.0,2.0,0.0,0.0,2.0,,0.2,0.2,0.2,0.0,True,True,All-rounder
Qalandar Khan (QAT),2019-2019,2019,2019,0,4,3.0,0.0,48.0,25,25.0,0,16.0,43.0,111.62,0.0,0.0,0.0,2.0,3.0,12.0,0.0,0.0,54.25,2019-2019,2019,2019,0,4,,,,,,-,,,,,,,,,,2019-2019,2019,2019,0,4,4.0,0.0,0.0,0.0,0.0,0.0,0.0,0.0,0.0,0.0,0.0,True,True,All-rounder
Qasim Zia (BAH),2019-2019,2019,2019,0,3,1.0,1.0,4.0,4*,4.0,1,,1.0,400.0,0.0,0.0,0.0,1.0,0.0,1.33,0.0,0.0,,2019-2019,2019,2019,0,3,3.0,9.0,0.0,68.0,1.0,Jan-17,68.0,7.55,54.0,0.0,0.0,0.33,0.13,0.27,0.0,2019-2019,2019,2019,0,3,3.0,0.0,0.0,0.0,0.0,0.0,0.0,0.0,0.0,0.0,0.0,True,True,All-rounder
R Ankad (Mex),2019-2019,2019,2019,0,8,7.0,3.0,68.0,40*,40.0,1,17.0,72.0,94.44,0.0,0.0,2.0,7.0,0.0,8.5,0.0,0.0,47.98,2019-2019,2019,2019,0,8,8.0,23.4,1.0,178.0,5.0,Mar-22,35.6,7.52,28.4,0.0,0.0,0.63,0.13,0.48,0.0,2019-2019,2019,2019,0,8,8.0,2.0,2.0,0.0,0.0,2.0,,0.25,0.25,0.25,0.0,True,True,All-rounder
R Ashwin (INDIA),2010-2017,2010,2017,7,46,11.0,7.0,123.0,31*,31.0,1,30.75,115.0,106.95,0.0,0.0,0.0,14.0,1.0,2.67,0.0,0.0,61.23,2010-2017,2010,2017,7,46,46.0,171.0,2.0,1193.0,52.0,04-Aug,22.94,6.97,19.7,2.0,0.0,1.13,0.14,0.83,0.0,2010-2017,2010,2017,7,46,46.0,8.0,8.0,0.0,0.0,8.0,,0.173,0.17,0.17,0.0,True,True,All-rounder
R Avery (),2019-2019,2019,2019,0,4,3.0,0.0,10.0,9,9.0,0,3.33,24.0,41.66,0.0,0.0,1.0,0.0,0.0,2.5,0.0,0.0,18.66,2019-2019,2019,2019,0,4,4.0,11.0,0.0,66.0,4.0,Feb-13,16.5,6.0,16.5,0.0,0.0,1.0,0.17,0.75,0.0,2019-2019,2019,2019,0,4,4.0,0.0,0.0,0.0,0.0,0.0,0.0,0.0,0.0,0.0,0.0,True,True,All-rounder
R Bakum (Ghana),2019-2019,2019,2019,0,4,4.0,0.0,45.0,18,18.0,0,11.25,45.0,100.0,0.0,0.0,1.0,4.0,2.0,11.25,0.0,0.0,46.75,2019-2019,2019,2019,0,4,,,,,,-,,,,,,,,,,2019-2019,2019,2019,0,4,4.0,0.0,0.0,0.0,0.0,0.0,0.0,0.0,0.0,0.0,0.0,True,True,All-rounder
R Dhawan (INDIA),2016-2016,2016,2016,0,1,1.0,1.0,1.0,1*,1.0,1,,2.0,50.0,0.0,0.0,0.0,0.0,0.0,1.0,0.0,0.0,,2016-2016,2016,2016,0,1,1.0,4.0,0.0,42.0,1.0,Jan-42,42.0,10.5,24.0,0.0,0.0,1.0,0.1,0.73,0.0,2016-2016,2016,2016,0,1,1.0,2.0,2.0,0.0,0.0,2.0,,2.0,2.0,2.0,0.0,True,True,All-rounder
R Dravid (INDIA),2011-2011,2011,2011,0,1,1.0,0.0,31.0,31,31.0,0,31.0,21.0,147.61,0.0,0.0,0.0,0.0,3.0,31.0,0.0,0.0,77.64,2011-2011,2011,2011,0,1,,,,,,-,,,,,,,,,,2011-2011,2011,2011,0,1,1.0,0.0,0.0,0.0,0.0,0.0,0.0,0.0,0.0,0.0,0.0,True,True,All-rounder
R Escobar (Arg),2019-2019,2019,2019,0,5,4.0,1.0,68.0,28*,28.0,1,22.66,76.0,89.47,0.0,0.0,0.0,6.0,1.0,13.6,0.0,0.0,49.38,2019-2019,2019,2019,0,5,,,,,,-,,,,,,,,,,2019-2019,2019,2019,0,5,5.0,10.0,7.0,3.0,7.0,0.0,,2.0,1.4,2.0,0.6,True,True,All-rounder
R Flannigan (SCOT),2012-2012,2012,2012,0,4,4.0,1.0,38.0,18,18.0,0,12.66,33.0,115.15,0.0,0.0,1.0,4.0,0.0,9.5,0.0,0.0,53.66,2012-2012,2012,2012,0,4,,,,,,-,,,,,,,,,,2012-2012,2012,2012,0,4,4.0,0.0,0.0,0.0,0.0,0.0,0.0,0.0,0.0,0.0,0.0,True,True,All-rounder
R Frylinck (SA),2017-2018,2017,2018,1,3,,,,-,,0,,,,,,,,,,,,,2017-2018,2017,2018,1,3,3.0,10.0,0.0,62.0,5.0,Feb-20,12.4,6.2,12.0,0.0,0.0,1.67,0.16,1.22,0.0,2017-2018,2017,2018,1,3,3.0,1.0,1.0,0.0,0.0,1.0,,0.333,0.33,0.33,0.0,True,True,All-rounder
R Gaznavi (SGP),2019-2019,2019,2019,0,2,2.0,0.0,12.0,8,8.0,0,6.0,12.0,100.0,0.0,0.0,0.0,2.0,0.0,6.0,0.0,0.0,43.6,2019-2019,2019,2019,0,2,,,,,,-,,,,,,,,,,2019-2019,2019,2019,0,2,2.0,0.0,0.0,0.0,0.0,0.0,0.0,0.0,0.0,0.0,0.0,True,True,All-rounder
R Goodwin (PHI),2019-2019,2019,2019,0,4,4.0,1.0,26.0,16*,16.0,1,8.66,36.0,72.22,0.0,0.0,1.0,1.0,0.0,6.5,0.0,0.0,34.08,2019-2019,2019,2019,0,4,,,,,,-,,,,,,,,,,2019-2019,2019,2019,0,4,4.0,1.0,1.0,0.0,0.0,1.0,,0.25,0.25,0.25,0.0,True,True,All-rounder
R Gunasekera (CAN),2012-2013,2012,2013,1,8,8.0,0.0,202.0,65,65.0,0,25.25,188.0,107.44,0.0,1.0,0.0,23.0,4.0,25.25,0.0,12.5,58.13,2012-2013,2012,2013,1,8,,,,,,-,,,,,,,,,,2012-2013,2012,2013,1,8,8.0,0.0,0.0,0.0,0.0,0.0,0.0,0.0,0.0,0.0,0.0,True,True,All-rounder
R Hekure (PNG),2019-2019,2019,2019,0,8,4.0,1.0,6.0,2*,2.0,1,2.0,12.0,50.0,0.0,0.0,0.0,0.0,0.0,0.75,0.0,0.0,21.2,2019-2019,2019,2019,0,8,6.0,4.5,0.0,37.0,1.0,01-Jun,37.0,7.65,29.0,0.0,0.0,0.13,0.13,0.13,0.0,2019-2019,2019,2019,0,8,8.0,4.0,4.0,0.0,0.0,4.0,,0.5,0.5,0.5,0.0,True,True,All-rounder
R Kumar (ROM),2019-2019,2019,2019,0,4,3.0,1.0,37.0,32,32.0,0,18.5,27.0,137.03,0.0,0.0,0.0,6.0,0.0,9.25,0.0,0.0,65.91,2019-2019,2019,2019,0,4,3.0,12.0,0.0,98.0,5.0,Feb-28,19.6,8.16,14.4,0.0,0.0,1.25,0.12,0.91,0.0,2019-2019,2019,2019,0,4,4.0,1.0,1.0,0.0,0.0,1.0,,0.25,0.25,0.25,0.0,True,True,All-rounder
R Mahajan (PHI),2019-2019,2019,2019,0,3,1.0,1.0,1.0,1*,1.0,1,,1.0,100.0,0.0,0.0,0.0,0.0,0.0,0.33,0.0,0.0,,2019-2019,2019,2019,0,3,3.0,10.0,0.0,93.0,2.0,Jan-18,46.5,9.3,30.0,0.0,0.0,0.67,0.11,0.5,0.0,2019-2019,2019,2019,0,3,3.0,0.0,0.0,0.0,0.0,0.0,0.0,0.0,0.0,0.0,0.0,True,True,All-rounder
R McLaren (SA),2009-2014,2009,2014,5,12,4.0,3.0,9.0,6*,6.0,1,9.0,13.0,69.23,0.0,0.0,0.0,0.0,0.0,0.75,0.0,0.0,33.09,2009-2014,2009,2014,5,12,12.0,43.5,0.0,332.0,17.0,May-19,19.52,7.57,15.4,0.0,1.0,1.42,0.13,1.03,0.083,2009-2014,2009,2014,5,12,12.0,3.0,3.0,0.0,0.0,3.0,,0.25,0.25,0.25,0.0,True,True,All-rounder
R Mutumbami (ZIM),2015-2019,2015,2019,4,22,19.0,4.0,294.0,54,54.0,0,19.6,251.0,117.13,0.0,1.0,1.0,19.0,15.0,13.36,0.0,4.55,58.61,2015-2019,2015,2019,4,22,,,,,,-,,,,,,,,,,2015-2019,2015,2019,4,22,22.0,19.0,15.0,4.0,11.0,4.0,,0.863,0.68,0.86,0.18,True,True,All-rounder
R Neale (LUX),2019-2019,2019,2019,0,3,2.0,0.0,1.0,1,1.0,0,0.5,6.0,16.66,0.0,0.0,1.0,0.0,0.0,0.33,0.0,0.0,6.96,2019-2019,2019,2019,0,3,1.0,3.0,0.0,30.0,1.0,Jan-30,30.0,10.0,18.0,0.0,0.0,0.33,0.1,0.26,0.0,2019-2019,2019,2019,0,3,3.0,0.0,0.0,0.0,0.0,0.0,0.0,0.0,0.0,0.0,0.0,True,True,All-rounder
R Nehonde (Botsw),2019-2019,2019,2019,0,7,7.0,1.0,61.0,26,26.0,0,10.16,79.0,77.21,0.0,0.0,1.0,3.0,1.0,8.71,0.0,0.0,36.98,2019-2019,2019,2019,0,7,5.0,13.0,0.0,113.0,0.0,-,,8.69,,0.0,0.0,0.0,0.12,0.03,0.0,2019-2019,2019,2019,0,7,7.0,5.0,5.0,0.0,0.0,5.0,,0.714,0.71,0.71,0.0,True,True,All-rounder
R Ngarava (ZIM),2019-2019,2019,2019,0,1,,,,-,,0,,,,,,,,,,,,,2019-2019,2019,2019,0,1,1.0,4.0,0.0,48.0,2.0,Feb-48,24.0,12.0,12.0,0.0,0.0,2.0,0.08,1.43,0.0,2019-2019,2019,2019,0,1,1.0,0.0,0.0,0.0,0.0,0.0,0.0,0.0,0.0,0.0,0.0,True,True,All-rounder
R Olipa (UGA),2019-2019,2019,2019,0,2,1.0,0.0,3.0,3,3.0,0,3.0,4.0,75.0,0.0,0.0,0.0,0.0,0.0,1.5,0.0,0.0,31.8,2019-2019,2019,2019,0,2,1.0,1.0,0.0,8.0,0.0,-,,8.0,,0.0,0.0,0.0,0.13,0.04,0.0,2019-2019,2019,2019,0,2,2.0,1.0,1.0,0.0,0.0,1.0,,0.5,0.5,0.5,0.0,True,True,All-rounder
R Panchal (ESP),2019-2019,2019,2019,0,9,8.0,3.0,199.0,71*,71.0,1,39.8,185.0,107.56,0.0,1.0,0.0,9.0,7.0,22.11,0.0,11.11,66.9,2019-2019,2019,2019,0,9,9.0,28.0,1.0,139.0,7.0,Mar-22,19.85,4.96,24.0,0.0,0.0,0.78,0.2,0.6,0.0,2019-2019,2019,2019,0,9,9.0,5.0,5.0,0.0,0.0,5.0,,0.555,0.56,0.56,0.0,True,True,All-rounder
R Pillai (GER),2019-2019,2019,2019,0,6,5.0,1.0,28.0,14,14.0,0,7.0,44.0,63.63,0.0,0.0,1.0,1.0,0.0,4.67,0.0,0.0,29.65,2019-2019,2019,2019,0,6,,,,,,-,,,,,,,,,,2019-2019,2019,2019,0,6,6.0,1.0,1.0,0.0,0.0,1.0,,0.166,0.17,0.17,0.0,True,True,All-rounder
R Pisal (ROM),2019-2019,2019,2019,0,1,,,,-,,0,,,,,,,,,,,,,2019-2019,2019,2019,0,1,1.0,3.0,0.0,4.0,3.0,03-Apr,1.33,1.33,6.0,0.0,0.0,3.0,0.75,2.33,0.0,2019-2019,2019,2019,0,1,1.0,1.0,1.0,0.0,0.0,1.0,,1.0,1.0,1.0,0.0,True,True,All-rounder
R Powell (WI),2017-2019,2017,2019,2,23,18.0,3.0,311.0,54,54.0,0,20.73,250.0,124.4,0.0,2.0,1.0,26.0,13.0,13.52,0.0,8.7,62.2,2017-2019,2017,2019,2,23,4.0,8.0,0.0,74.0,2.0,Jan-20,37.0,9.25,24.0,0.0,0.0,0.09,0.11,0.09,0.0,2017-2019,2017,2019,2,23,23.0,9.0,9.0,0.0,0.0,9.0,,0.391,0.39,0.39,0.0,True,True,All-rounder
R Rampaul (WI),2007-2015,2007,2015,8,23,6.0,5.0,12.0,8,8.0,0,12.0,21.0,57.14,0.0,0.0,0.0,0.0,0.0,0.52,0.0,0.0,30.06,2007-2015,2007,2015,8,23,23.0,82.5,1.0,705.0,29.0,Mar-16,24.31,8.51,17.1,0.0,0.0,1.26,0.12,0.92,0.0,2007-2015,2007,2015,8,23,23.0,2.0,2.0,0.0,0.0,2.0,,0.086,0.09,0.09,0.0,True,True,All-rounder
R Rivas (Chile),2019-2019,2019,2019,0,3,1.0,0.0,0.0,0,0.0,0,0.0,1.0,0.0,0.0,0.0,1.0,0.0,0.0,,0.0,0.0,0.0,2019-2019,2019,2019,0,3,1.0,4.0,0.0,45.0,1.0,Jan-45,45.0,11.25,24.0,0.0,0.0,0.33,0.09,0.26,0.0,2019-2019,2019,2019,0,3,3.0,0.0,0.0,0.0,0.0,0.0,0.0,0.0,0.0,0.0,0.0,True,True,All-rounder
R Rohan (SGP),2019-2019,2019,2019,0,10,10.0,0.0,191.0,49,49.0,0,19.1,156.0,122.43,0.0,0.0,1.0,23.0,6.0,19.1,0.0,0.0,60.43,2019-2019,2019,2019,0,10,1.0,1.0,0.0,7.0,0.0,-,,7.0,,0.0,0.0,0.0,0.14,0.04,0.0,2019-2019,2019,2019,0,10,10.0,2.0,2.0,0.0,0.0,2.0,,0.2,0.2,0.2,0.0,True,True,All-rounder
R Sandaruwan (KUW),2019-2019,2019,2019,0,10,10.0,1.0,358.0,103,103.0,0,39.77,216.0,165.74,1.0,2.0,2.0,29.0,24.0,35.8,10.0,20.0,90.16,2019-2019,2019,2019,0,10,,,,,,-,,,,,,,,,,2019-2019,2019,2019,0,10,10.0,1.0,1.0,0.0,0.0,1.0,,0.1,0.1,0.1,0.0,True,True,All-rounder
R Satheesan (ROM),2019-2019,2019,2019,0,4,3.0,1.0,55.0,23,23.0,0,27.5,42.0,130.95,0.0,0.0,0.0,3.0,4.0,13.75,0.0,0.0,68.88,2019-2019,2019,2019,0,4,4.0,13.0,2.0,44.0,8.0,Mar-14,5.5,3.38,9.7,0.0,0.0,2.0,0.3,1.49,0.0,2019-2019,2019,2019,0,4,4.0,0.0,0.0,0.0,0.0,0.0,0.0,0.0,0.0,0.0,0.0,True,True,All-rounder
R Sharma (INDIA),2012-2012,2012,2012,0,2,,,,-,,0,,,,,,,,,,,,,2012-2012,2012,2012,0,2,2.0,7.2,0.0,56.0,3.0,Feb-29,18.66,7.63,14.6,0.0,0.0,1.5,0.13,1.09,0.0,2012-2012,2012,2012,0,2,2.0,0.0,0.0,0.0,0.0,0.0,0.0,0.0,0.0,0.0,0.0,True,True,All-rounder
R Strydom (IRE),2008-2008,2008,2008,0,4,2.0,1.0,6.0,5*,5.0,1,6.0,7.0,85.71,0.0,0.0,0.0,0.0,0.0,1.5,0.0,0.0,37.88,2008-2008,2008,2008,0,4,,,,,,-,,,,,,,,,,2008-2008,2008,2008,0,4,3.0,1.0,1.0,0.0,0.0,1.0,,0.333,0.25,0.25,0.0,True,True,All-rounder
R Tari (VAN),2019-2019,2019,2019,0,14,14.0,5.0,137.0,28,28.0,0,15.22,117.0,117.09,0.0,0.0,2.0,6.0,5.0,9.79,0.0,0.0,55.97,2019-2019,2019,2019,0,14,,,,,,-,,,,,,,,,,2019-2019,2019,2019,0,14,14.0,7.0,7.0,0.0,0.0,7.0,,0.5,0.5,0.5,0.0,True,True,All-rounder
R Telemachus (SA),2006-2007,2006,2007,1,3,1.0,1.0,5.0,5*,5.0,1,,3.0,166.66,0.0,0.0,0.0,0.0,0.0,1.67,0.0,0.0,,2006-2007,2006,2007,1,3,3.0,12.0,0.0,90.0,2.0,Jan-22,45.0,7.5,36.0,0.0,0.0,0.67,0.13,0.51,0.0,2006-2007,2006,2007,1,3,3.0,0.0,0.0,0.0,0.0,0.0,0.0,0.0,0.0,0.0,0.0,True,True,All-rounder
R Ulutuna (TKY),2019-2019,2019,2019,0,4,4.0,0.0,3.0,1,1.0,0,0.75,16.0,18.75,0.0,0.0,1.0,0.0,0.0,0.75,0.0,0.0,7.95,2019-2019,2019,2019,0,4,1.0,1.0,0.0,11.0,0.0,-,,11.0,,0.0,0.0,0.0,0.09,0.03,0.0,2019-2019,2019,2019,0,4,4.0,0.0,0.0,0.0,0.0,0.0,0.0,0.0,0.0,0.0,0.0,True,True,All-rounder
R Vinay Kumar (INDIA),2010-2013,2010,2013,3,9,1.0,1.0,2.0,2*,2.0,1,,4.0,50.0,0.0,0.0,0.0,0.0,0.0,0.22,0.0,0.0,,2010-2013,2010,2013,3,9,9.0,31.3,0.0,247.0,10.0,Mar-24,24.7,7.84,18.9,0.0,0.0,1.11,0.13,0.82,0.0,2010-2013,2010,2013,3,9,9.0,1.0,1.0,0.0,0.0,1.0,,0.111,0.11,0.11,0.0,True,True,All-rounder
R Vishwanath (LUX),2019-2019,2019,2019,0,2,2.0,0.0,8.0,5,5.0,0,4.0,10.0,80.0,0.0,0.0,0.0,1.0,0.0,4.0,0.0,0.0,34.4,2019-2019,2019,2019,0,2,,,,,,-,,,,,,,,,,2019-2019,2019,2019,0,2,2.0,0.0,0.0,0.0,0.0,0.0,0.0,0.0,0.0,0.0,0.0,True,True,All-rounder
R van der Merwe (Arg),2019-2019,2019,2019,0,5,2.0,2.0,1.0,1*,1.0,1,,1.0,100.0,0.0,0.0,0.0,0.0,0.0,0.2,0.0,0.0,,2019-2019,2019,2019,0,5,5.0,13.0,2.0,62.0,8.0,03-Sep,7.75,4.76,9.7,0.0,0.0,1.6,0.21,1.18,0.0,2019-2019,2019,2019,0,5,5.0,2.0,2.0,0.0,0.0,2.0,,0.4,0.4,0.4,0.0,True,True,All-rounder
RA Abolarin (NGA),2019-2019,2019,2019,0,1,,,,-,,0,,,,,,,,,,,,,2019-2019,2019,2019,0,1,1.0,0.4,0.0,7.0,0.0,-,,10.5,,0.0,0.0,0.0,0.1,0.03,0.0,2019-2019,2019,2019,0,1,1.0,0.0,0.0,0.0,0.0,0.0,0.0,0.0,0.0,0.0,0.0,True,True,All-rounder
RA Bhatti (CAN),2012-2012,2012,2012,0,4,4.0,1.0,25.0,11*,11.0,1,8.33,37.0,67.56,0.0,0.0,1.0,1.0,0.0,6.25,0.0,0.0,32.02,2012-2012,2012,2012,0,4,,,,,,-,,,,,,,,,,2012-2012,2012,2012,0,4,4.0,2.0,1.0,1.0,1.0,0.0,,0.5,0.25,0.5,0.25,True,True,All-rounder
RA Jadeja (INDIA),2009-2019,2009,2019,10,46,22.0,8.0,163.0,25,25.0,0,11.64,165.0,98.78,0.0,0.0,2.0,7.0,4.0,3.54,0.0,0.0,46.5,2009-2019,2009,2019,10,46,46.0,152.1,4.0,1093.0,35.0,Mar-48,31.22,7.18,26.0,0.0,0.0,0.76,0.14,0.57,0.0,2009-2019,2009,2019,10,46,46.0,20.0,20.0,0.0,0.0,20.0,,0.434,0.43,0.43,0.0,True,True,All-rounder
RA Thomas (CAN),2019-2019,2019,2019,0,8,8.0,1.0,73.0,18,18.0,0,10.42,95.0,76.84,0.0,0.0,1.0,7.0,1.0,9.13,0.0,0.0,36.99,2019-2019,2019,2019,0,8,,,,,,-,,,,,,,,,,2019-2019,2019,2019,0,8,8.0,2.0,2.0,0.0,0.0,2.0,,0.25,0.25,0.25,0.0,True,True,All-rounder
RAJ Smith (SCOT),2019-2019,2019,2019,0,2,1.0,1.0,9.0,9*,9.0,1,,7.0,128.57,0.0,0.0,0.0,1.0,0.0,4.5,0.0,0.0,,2019-2019,2019,2019,0,2,2.0,6.5,0.0,66.0,0.0,-,,9.65,,0.0,0.0,0.0,0.1,0.03,0.0,2019-2019,2019,2019,0,2,2.0,0.0,0.0,0.0,0.0,0.0,0.0,0.0,0.0,0.0,0.0,True,True,All-rounder
RAS Lakmal (SL),2011-2019,2011,2019,8,11,6.0,3.0,7.0,5*,5.0,1,2.33,11.0,63.63,0.0,0.0,2.0,1.0,0.0,0.64,0.0,0.0,26.85,2011-2019,2011,2019,8,11,11.0,34.4,0.0,330.0,8.0,Feb-26,41.25,9.51,26.0,0.0,0.0,0.73,0.11,0.54,0.0,2011-2019,2011,2019,8,11,11.0,3.0,3.0,0.0,0.0,3.0,,0.272,0.27,0.27,0.0,True,True,All-rounder
RD Berrington (SCOT),2008-2019,2008,2019,11,61,54.0,10.0,1247.0,100,100.0,0,28.34,967.0,128.95,1.0,3.0,6.0,117.0,36.0,20.44,1.64,4.92,68.58,2008-2019,2008,2019,11,61,37.0,81.2,0.0,609.0,27.0,Mar-17,22.55,7.48,18.0,0.0,0.0,0.44,0.13,0.35,0.0,2008-2019,2008,2019,11,61,59.0,7.0,7.0,0.0,0.0,7.0,,0.118,0.11,0.11,0.0,True,True,All-rounder
RD Chahar (INDIA),2019-2019,2019,2019,0,1,,,,-,,0,,,,,,,,,,,,,2019-2019,2019,2019,0,1,1.0,3.0,0.0,27.0,1.0,Jan-27,27.0,9.0,18.0,0.0,0.0,1.0,0.11,0.73,0.0,2019-2019,2019,2019,0,1,1.0,0.0,0.0,0.0,0.0,0.0,0.0,0.0,0.0,0.0,0.0,True,True,All-rounder
RD McCann (IRE),2012-2012,2012,2012,0,3,1.0,0.0,1.0,1,1.0,0,1.0,2.0,50.0,0.0,0.0,0.0,0.0,0.0,0.33,0.0,0.0,20.6,2012-2012,2012,2012,0,3,,,,,,-,,,,,,,,,,2012-2012,2012,2012,0,3,3.0,3.0,1.0,2.0,1.0,0.0,,1.0,0.33,1.0,0.67,True,True,All-rounder
RDM Leverock (BMUDA),2008-2008,2008,2008,0,2,,,,-,,0,,,,,,,,,,,,,2008-2008,2008,2008,0,2,2.0,5.0,0.0,27.0,0.0,-,,5.4,,0.0,0.0,0.0,0.19,0.06,0.0,2008-2008,2008,2008,0,2,2.0,0.0,0.0,0.0,0.0,0.0,0.0,0.0,0.0,0.0,0.0,True,True,All-rounder
RE Levi (SA),2012-2012,2012,2012,0,13,13.0,2.0,236.0,117*,117.0,1,21.45,167.0,141.31,1.0,1.0,3.0,20.0,15.0,18.15,7.69,7.69,69.39,2012-2012,2012,2012,0,13,,,,,,-,,,,,,,,,,2012-2012,2012,2012,0,13,13.0,4.0,4.0,0.0,0.0,4.0,,0.307,0.31,0.31,0.0,True,True,All-rounder
RE van der Merwe (NL/SA),2009-2019,2009,2019,10,43,29.0,12.0,454.0,75*,75.0,1,26.7,345.0,131.59,0.0,2.0,4.0,36.0,13.0,10.56,0.0,4.65,68.66,2009-2019,2009,2019,10,43,42.0,149.1,1.0,938.0,54.0,Apr-35,17.37,6.28,16.5,1.0,0.0,1.26,0.16,0.93,0.0,2009-2019,2009,2019,10,43,42.0,19.0,19.0,0.0,0.0,19.0,,0.452,0.44,0.44,0.0,True,True,All-rounder
RG Aga (KENYA),2008-2013,2008,2013,5,20,18.0,2.0,213.0,52*,52.0,1,13.31,196.0,108.67,0.0,1.0,0.0,15.0,5.0,10.65,0.0,5.0,51.45,2008-2013,2008,2013,5,20,19.0,48.0,1.0,306.0,15.0,Mar-24,20.4,6.37,19.2,0.0,0.0,0.75,0.16,0.57,0.0,2008-2013,2008,2013,5,20,20.0,7.0,7.0,0.0,0.0,7.0,,0.35,0.35,0.35,0.0,True,True,All-rounder
RG Mukasa (UGA),2019-2019,2019,2019,0,4,4.0,0.0,31.0,14,14.0,0,7.75,40.0,77.5,0.0,0.0,0.0,1.0,0.0,7.75,0.0,0.0,35.65,2019-2019,2019,2019,0,4,2.0,7.0,0.0,40.0,0.0,-,,5.71,,0.0,0.0,0.0,0.18,0.05,0.0,2019-2019,2019,2019,0,4,4.0,2.0,2.0,0.0,0.0,2.0,,0.5,0.5,0.5,0.0,True,True,All-rounder
RG Sharma (INDIA),2007-2019,2007,2019,12,104,96.0,14.0,2633.0,118,118.0,0,32.1,1905.0,138.21,4.0,19.0,6.0,234.0,120.0,25.32,3.85,18.27,74.54,2007-2019,2007,2019,12,104,9.0,11.2,0.0,113.0,1.0,Jan-22,113.0,9.97,68.0,0.0,0.0,0.01,0.1,0.04,0.0,2007-2019,2007,2019,12,104,104.0,38.0,38.0,0.0,0.0,38.0,,0.365,0.37,0.37,0.0,True,True,All-rounder
RI Ahmed (NL),2015-2015,2015,2015,0,2,2.0,0.0,38.0,25,25.0,0,19.0,50.0,76.0,0.0,0.0,0.0,2.0,0.0,19.0,0.0,0.0,41.8,2015-2015,2015,2015,0,2,,,,,,-,,,,,,,,,,2015-2015,2015,2015,0,2,2.0,0.0,0.0,0.0,0.0,0.0,0.0,0.0,0.0,0.0,0.0,True,True,All-rounder
RJ Campbell (HKG),2016-2016,2016,2016,0,3,3.0,0.0,36.0,27,27.0,0,12.0,47.0,76.59,0.0,0.0,1.0,6.0,0.0,12.0,0.0,0.0,37.84,2016-2016,2016,2016,0,3,3.0,10.0,0.0,68.0,2.0,Feb-28,34.0,6.8,30.0,0.0,0.0,0.67,0.15,0.51,0.0,2016-2016,2016,2016,0,3,3.0,1.0,1.0,0.0,0.0,1.0,,0.333,0.33,0.33,0.0,True,True,All-rounder
RJ Harris (AUS),2010-2010,2010,2010,0,3,1.0,1.0,2.0,2*,2.0,1,,1.0,200.0,0.0,0.0,0.0,0.0,0.0,0.67,0.0,0.0,,2010-2010,2010,2010,0,3,3.0,11.4,1.0,95.0,4.0,Feb-27,23.75,8.14,17.5,0.0,0.0,1.33,0.12,0.97,0.0,2010-2010,2010,2010,0,3,3.0,0.0,0.0,0.0,0.0,0.0,0.0,0.0,0.0,0.0,0.0,True,True,All-rounder
RJ Hatchman (GIBR),2019-2019,2019,2019,0,1,,,,-,,0,,,,,,,,,,,,,2019-2019,2019,2019,0,1,1.0,4.0,0.0,33.0,0.0,-,,8.25,,0.0,0.0,0.0,0.12,0.04,0.0,2019-2019,2019,2019,0,1,1.0,0.0,0.0,0.0,0.0,0.0,0.0,0.0,0.0,0.0,0.0,True,True,All-rounder
RJ Kirtley (ENG),2007-2007,2007,2007,0,1,1.0,1.0,2.0,2*,2.0,1,,4.0,50.0,0.0,0.0,0.0,0.0,0.0,2.0,0.0,0.0,,2007-2007,2007,2007,0,1,1.0,1.0,0.0,17.0,0.0,-,,17.0,,0.0,0.0,0.0,0.06,0.02,0.0,2007-2007,2007,2007,0,1,1.0,0.0,0.0,0.0,0.0,0.0,0.0,0.0,0.0,0.0,0.0,True,True,All-rounder
RJ Nicol (NZ),2010-2013,2010,2013,3,21,19.0,0.0,327.0,58,58.0,0,17.21,296.0,110.47,0.0,2.0,2.0,33.0,11.0,15.57,0.0,9.52,54.51,2010-2013,2010,2013,3,21,13.0,20.3,0.0,167.0,5.0,Feb-20,33.4,8.14,24.6,0.0,0.0,0.24,0.12,0.2,0.0,2010-2013,2010,2013,3,21,21.0,5.0,5.0,0.0,0.0,5.0,,0.238,0.24,0.24,0.0,True,True,All-rounder
RJ Peterson (SA),2006-2014,2006,2014,8,21,12.0,4.0,124.0,34,34.0,0,15.5,113.0,109.73,0.0,0.0,1.0,13.0,2.0,5.9,0.0,0.0,53.19,2006-2014,2006,2014,8,21,19.0,59.5,1.0,451.0,24.0,Mar-28,18.79,7.53,14.9,0.0,0.0,1.14,0.13,0.84,0.0,2006-2014,2006,2014,8,21,21.0,10.0,10.0,0.0,0.0,10.0,,0.476,0.48,0.48,0.0,True,True,All-rounder
RJ Ranpura (OMAN),2015-2016,2015,2016,1,3,2.0,2.0,5.0,5*,5.0,1,,8.0,62.5,0.0,0.0,0.0,0.0,0.0,1.67,0.0,0.0,,2015-2016,2015,2016,1,3,2.0,6.0,0.0,32.0,3.0,Feb-17,10.66,5.33,12.0,0.0,0.0,1.0,0.19,0.76,0.0,2015-2016,2015,2016,1,3,2.0,0.0,0.0,0.0,0.0,0.0,0.0,0.0,0.0,0.0,0.0,True,True,All-rounder
RJ Sidebottom (ENG),2007-2010,2007,2010,3,18,1.0,1.0,5.0,5*,5.0,1,,4.0,125.0,0.0,0.0,0.0,1.0,0.0,0.28,0.0,0.0,,2007-2010,2007,2010,3,18,18.0,61.1,0.0,437.0,23.0,Mar-16,19.0,7.14,15.9,0.0,0.0,1.28,0.14,0.94,0.0,2007-2010,2007,2010,3,18,18.0,5.0,5.0,0.0,0.0,5.0,,0.277,0.28,0.28,0.0,True,True,All-rounder
RJ Trott (BMUDA),2008-2019,2008,2019,11,15,10.0,4.0,46.0,19,19.0,0,7.66,84.0,54.76,0.0,0.0,2.0,3.0,0.0,3.07,0.0,0.0,26.5,2008-2019,2008,2019,11,15,13.0,38.3,0.0,277.0,8.0,Feb-15,34.62,7.19,28.8,0.0,0.0,0.53,0.14,0.42,0.0,2008-2019,2008,2019,11,15,15.0,0.0,0.0,0.0,0.0,0.0,0.0,0.0,0.0,0.0,0.0,True,True,All-rounder
RJG Palmer (JER),2019-2019,2019,2019,0,2,,,,-,,0,,,,,,,,,,,,,2019-2019,2019,2019,0,2,2.0,4.0,0.0,27.0,1.0,01-Oct,27.0,6.75,24.0,0.0,0.0,0.5,0.15,0.39,0.0,2019-2019,2019,2019,0,2,2.0,0.0,0.0,0.0,0.0,0.0,0.0,0.0,0.0,0.0,0.0,True,True,All-rounder
RJMGM Rupasinghe (SL),2009-2009,2009,2009,0,2,2.0,0.0,33.0,18,18.0,0,16.5,39.0,84.61,0.0,0.0,0.0,2.0,0.0,16.5,0.0,0.0,43.74,2009-2009,2009,2009,0,2,,,,,,-,,,,,,,,,,2009-2009,2009,2009,0,2,2.0,1.0,1.0,0.0,0.0,1.0,,0.5,0.5,0.5,0.0,True,True,All-rounder
RJW Topley (ENG),2015-2016,2015,2016,1,6,1.0,1.0,1.0,1*,1.0,1,,2.0,50.0,0.0,0.0,0.0,0.0,0.0,0.17,0.0,0.0,,2015-2016,2015,2016,1,6,6.0,17.1,0.0,173.0,5.0,Mar-24,34.6,10.07,20.6,0.0,0.0,0.83,0.1,0.61,0.0,2015-2016,2015,2016,1,6,6.0,1.0,1.0,0.0,0.0,1.0,,0.166,0.17,0.17,0.0,True,True,All-rounder
RK Inampud (Mex),2019-2019,2019,2019,0,3,3.0,2.0,23.0,17*,17.0,1,23.0,28.0,82.14,0.0,0.0,0.0,0.0,1.0,7.67,0.0,0.0,46.66,2019-2019,2019,2019,0,3,3.0,12.0,0.0,68.0,4.0,Feb-29,17.0,5.66,18.0,0.0,0.0,1.33,0.18,0.99,0.0,2019-2019,2019,2019,0,3,3.0,0.0,0.0,0.0,0.0,0.0,0.0,0.0,0.0,0.0,0.0,True,True,All-rounder
RK Kleinveldt (SA),2008-2013,2008,2013,5,6,3.0,2.0,25.0,22,22.0,0,25.0,10.0,250.0,0.0,0.0,0.0,1.0,3.0,4.17,0.0,0.0,115.0,2008-2013,2008,2013,5,6,6.0,20.2,1.0,173.0,9.0,Mar-18,19.22,8.5,13.5,0.0,0.0,1.5,0.12,1.09,0.0,2008-2013,2008,2013,5,6,6.0,1.0,1.0,0.0,0.0,1.0,,0.166,0.17,0.17,0.0,True,True,All-rounder
RK Paudel (NEPAL),2019-2019,2019,2019,0,11,10.0,2.0,80.0,19,19.0,0,10.0,89.0,89.88,0.0,0.0,0.0,7.0,0.0,7.27,0.0,0.0,41.95,2019-2019,2019,2019,0,11,,,,,,-,,,,,,,,,,2019-2019,2019,2019,0,11,11.0,4.0,4.0,0.0,0.0,4.0,,0.363,0.36,0.36,0.0,True,True,All-rounder
RL Bhudia (KENYA),2007-2007,2007,2007,0,3,3.0,1.0,20.0,11*,11.0,1,10.0,20.0,100.0,0.0,0.0,1.0,0.0,2.0,6.67,0.0,0.0,46.0,2007-2007,2007,2007,0,3,3.0,7.2,0.0,78.0,0.0,-,,10.63,,0.0,0.0,0.0,0.09,0.03,0.0,2007-2007,2007,2007,0,3,3.0,1.0,1.0,0.0,0.0,1.0,,0.333,0.33,0.33,0.0,True,True,All-rounder
RLB Rambukwella (SL),2013-2016,2013,2016,3,2,1.0,0.0,19.0,19,19.0,0,19.0,16.0,118.75,0.0,0.0,0.0,1.0,1.0,9.5,0.0,0.0,58.9,2013-2016,2013,2016,3,2,2.0,6.3,0.0,46.0,1.0,Jan-19,46.0,7.07,39.0,0.0,0.0,0.5,0.14,0.39,0.0,2013-2016,2013,2016,3,2,2.0,0.0,0.0,0.0,0.0,0.0,0.0,0.0,0.0,0.0,0.0,True,True,All-rounder
RM Dorji (BHU),2019-2019,2019,2019,0,1,1.0,0.0,27.0,27,27.0,0,27.0,23.0,117.39,0.0,0.0,0.0,0.0,4.0,27.0,0.0,0.0,63.16,2019-2019,2019,2019,0,1,,,,,,-,,,,,,,,,,2019-2019,2019,2019,0,1,1.0,0.0,0.0,0.0,0.0,0.0,0.0,0.0,0.0,0.0,0.0,True,True,All-rounder
RM Haq (SCOT),2007-2013,2007,2013,6,21,12.0,7.0,64.0,21*,21.0,1,12.8,96.0,66.66,0.0,0.0,1.0,2.0,1.0,3.05,0.0,0.0,34.34,2007-2013,2007,2013,6,21,20.0,75.0,1.0,472.0,28.0,Mar-20,16.85,6.29,16.0,0.0,0.0,1.33,0.16,0.98,0.0,2007-2013,2007,2013,6,21,20.0,4.0,4.0,0.0,0.0,4.0,,0.2,0.19,0.19,0.0,True,True,All-rounder
RM Hira (NZ),2012-2013,2012,2013,1,15,3.0,1.0,37.0,20*,20.0,1,18.5,33.0,112.12,0.0,0.0,0.0,4.0,1.0,2.47,0.0,0.0,55.95,2012-2013,2012,2013,1,15,13.0,42.2,1.0,337.0,10.0,Feb-42,33.7,7.96,25.4,0.0,0.0,0.67,0.13,0.5,0.0,2012-2013,2012,2013,1,15,15.0,2.0,2.0,0.0,0.0,2.0,,0.133,0.13,0.13,0.0,True,True,All-rounder
RM Siri (Arg),2019-2019,2019,2019,0,4,4.0,1.0,82.0,49*,49.0,1,27.33,80.0,102.5,0.0,0.0,1.0,6.0,1.0,20.5,0.0,0.0,57.4,2019-2019,2019,2019,0,4,,,,,,-,,,,,,,,,,2019-2019,2019,2019,0,4,4.0,0.0,0.0,0.0,0.0,0.0,0.0,0.0,0.0,0.0,0.0,True,True,All-rounder
RM West (IRE),2009-2009,2009,2009,0,5,4.0,1.0,11.0,8,8.0,0,3.66,11.0,100.0,0.0,0.0,0.0,1.0,0.0,2.2,0.0,0.0,42.2,2009-2009,2009,2009,0,5,5.0,19.0,0.0,142.0,3.0,Jan-23,47.33,7.47,38.0,0.0,0.0,0.6,0.13,0.46,0.0,2009-2009,2009,2009,0,5,5.0,1.0,1.0,0.0,0.0,1.0,,0.2,0.2,0.2,0.0,True,True,All-rounder
RML Taylor (SCOT),2013-2016,2013,2016,3,9,6.0,3.0,85.0,41*,41.0,1,28.33,58.0,146.55,0.0,0.0,0.0,6.0,4.0,9.44,0.0,0.0,75.62,2013-2016,2013,2016,3,9,9.0,25.0,1.0,196.0,5.0,Mar-17,39.2,7.84,30.0,0.0,0.0,0.56,0.13,0.43,0.0,2013-2016,2013,2016,3,9,9.0,8.0,8.0,0.0,0.0,8.0,,0.888,0.89,0.89,0.0,True,True,All-rounder
RMS Eranga (SL),2012-2013,2012,2013,1,3,1.0,0.0,6.0,6,6.0,0,6.0,7.0,85.71,0.0,0.0,0.0,1.0,0.0,2.0,0.0,0.0,37.88,2012-2013,2012,2013,1,3,3.0,11.0,0.0,90.0,3.0,Feb-30,30.0,8.18,22.0,0.0,0.0,1.0,0.12,0.74,0.0,2012-2013,2012,2013,1,3,3.0,1.0,1.0,0.0,0.0,1.0,,0.333,0.33,0.33,0.0,True,True,All-rounder
RN Lewis (WI),2008-2008,2008,2008,0,1,1.0,0.0,0.0,0,0.0,0,0.0,4.0,0.0,0.0,0.0,1.0,0.0,0.0,,0.0,0.0,0.0,2008-2008,2008,2008,0,1,1.0,1.0,0.0,9.0,0.0,-,,9.0,,0.0,0.0,0.0,0.11,0.03,0.0,2008-2008,2008,2008,0,1,1.0,1.0,1.0,0.0,0.0,1.0,,1.0,1.0,1.0,0.0,True,True,All-rounder
RN Patel (KENYA),2019-2019,2019,2019,0,2,2.0,1.0,15.0,15*,15.0,1,15.0,25.0,60.0,0.0,0.0,1.0,1.0,0.0,7.5,0.0,0.0,33.0,2019-2019,2019,2019,0,2,,,,,,-,,,,,,,,,,2019-2019,2019,2019,0,2,2.0,1.0,1.0,0.0,0.0,1.0,,0.5,0.5,0.5,0.0,True,True,All-rounder
RN ten Doeschate (NL),2008-2019,2008,2019,11,22,22.0,10.0,533.0,59,59.0,0,44.41,400.0,133.25,0.0,3.0,1.0,27.0,19.0,24.23,0.0,13.64,79.95,2008-2019,2008,2019,11,22,10.0,35.0,0.0,245.0,13.0,Mar-23,18.84,7.0,16.1,0.0,0.0,0.59,0.14,0.46,0.0,2008-2019,2008,2019,11,22,21.0,4.0,4.0,0.0,0.0,4.0,,0.19,0.18,0.18,0.0,True,True,All-rounder
RP Arnold (SL),2006-2006,2006,2006,0,1,1.0,0.0,7.0,7,7.0,0,7.0,7.0,100.0,0.0,0.0,0.0,0.0,0.0,7.0,0.0,0.0,44.2,2006-2006,2006,2006,0,1,,,,,,-,,,,,,,,,,2006-2006,2006,2006,0,1,1.0,0.0,0.0,0.0,0.0,0.0,0.0,0.0,0.0,0.0,0.0,True,True,All-rounder
RP Burl (ZIM),2018-2019,2018,2019,1,16,13.0,3.0,254.0,57*,57.0,1,25.4,221.0,114.93,0.0,1.0,0.0,16.0,10.0,15.88,0.0,6.25,61.21,2018-2019,2018,2019,1,16,15.0,33.0,1.0,279.0,11.0,Mar-24,25.36,8.45,18.0,0.0,0.0,0.69,0.12,0.52,0.0,2018-2019,2018,2019,1,16,16.0,10.0,10.0,0.0,0.0,10.0,,0.625,0.63,0.63,0.0,True,True,All-rounder
RP Magar (NEPAL),2014-2015,2014,2015,1,6,6.0,0.0,52.0,25,25.0,0,8.66,89.0,58.42,0.0,0.0,1.0,0.0,3.0,8.67,0.0,0.0,28.56,2014-2015,2014,2015,1,6,,,,,,-,,,,,,,,,,2014-2015,2014,2015,1,6,6.0,0.0,0.0,0.0,0.0,0.0,0.0,0.0,0.0,0.0,0.0,True,True,All-rounder
RP Singh (INDIA),2007-2009,2007,2009,2,10,2.0,2.0,3.0,2*,2.0,1,,3.0,100.0,0.0,0.0,0.0,0.0,0.0,0.3,0.0,0.0,,2007-2009,2007,2009,2,10,9.0,33.0,0.0,225.0,15.0,Apr-13,15.0,6.81,13.2,1.0,0.0,1.5,0.15,1.09,0.0,2007-2009,2007,2009,2,10,9.0,2.0,2.0,0.0,0.0,2.0,,0.222,0.2,0.2,0.0,True,True,All-rounder
RR David (CAN),2008-2008,2008,2008,0,4,4.0,0.0,39.0,17,17.0,0,9.75,65.0,60.0,0.0,0.0,0.0,2.0,1.0,9.75,0.0,0.0,29.85,2008-2008,2008,2008,0,4,,,,,,-,,,,,,,,,,2008-2008,2008,2008,0,4,4.0,2.0,2.0,0.0,0.0,2.0,,0.5,0.5,0.5,0.0,True,True,All-rounder
RR Emrit (WI),2018-2018,2018,2018,0,4,3.0,0.0,17.0,11,11.0,0,5.66,27.0,62.96,0.0,0.0,0.0,0.0,1.0,4.25,0.0,0.0,28.58,2018-2018,2018,2018,0,4,4.0,16.0,0.0,156.0,4.0,Jan-24,39.0,9.75,24.0,0.0,0.0,1.0,0.1,0.73,0.0,2018-2018,2018,2018,0,4,4.0,0.0,0.0,0.0,0.0,0.0,0.0,0.0,0.0,0.0,0.0,True,True,All-rounder
RR Hendricks (SA),2014-2019,2014,2019,5,22,22.0,0.0,593.0,74,74.0,0,26.95,487.0,121.76,0.0,4.0,2.0,71.0,8.0,26.95,0.0,18.18,64.87,2014-2019,2014,2019,5,22,,,,,,-,,,,,,,,,,2014-2019,2014,2019,5,22,22.0,8.0,8.0,0.0,0.0,8.0,,0.363,0.36,0.36,0.0,True,True,All-rounder
RR Pant (INDIA),2017-2019,2017,2019,2,26,24.0,4.0,409.0,65*,65.0,1,20.45,336.0,121.72,0.0,2.0,3.0,28.0,18.0,15.73,0.0,7.69,60.96,2017-2019,2017,2019,2,26,,,,,,-,,,,,,,,,,2017-2019,2017,2019,2,26,26.0,9.0,6.0,3.0,4.0,2.0,,0.346,0.23,0.35,0.12,True,True,All-rounder
RR Patel (KENYA),2008-2019,2008,2019,11,30,26.0,4.0,526.0,55,55.0,0,23.9,414.0,127.05,0.0,3.0,1.0,31.0,31.0,17.53,0.0,10.0,65.16,2008-2019,2008,2019,11,30,7.0,15.0,0.0,104.0,4.0,Feb-19,26.0,6.93,22.5,0.0,0.0,0.13,0.14,0.14,0.0,2008-2019,2008,2019,11,30,30.0,19.0,19.0,0.0,0.0,19.0,,0.633,0.63,0.63,0.0,True,True,All-rounder
RR Rossouw (SA),2014-2016,2014,2016,2,15,14.0,3.0,327.0,78,78.0,0,29.72,237.0,137.97,0.0,2.0,2.0,29.0,12.0,21.8,0.0,13.33,73.02,2014-2016,2014,2016,2,15,,,,,,-,,,,,,,,,,2014-2016,2014,2016,2,15,15.0,9.0,9.0,0.0,0.0,9.0,,0.6,0.6,0.6,0.0,True,True,All-rounder
RR Sarwan (WI),2007-2010,2007,2010,3,18,16.0,3.0,298.0,59,59.0,0,22.92,286.0,104.19,0.0,2.0,1.0,19.0,6.0,16.56,0.0,11.11,55.43,2007-2010,2007,2010,3,18,1.0,2.0,0.0,10.0,2.0,02-Oct,5.0,5.0,6.0,0.0,0.0,0.11,0.2,0.14,0.0,2007-2010,2007,2010,3,18,18.0,7.0,7.0,0.0,0.0,7.0,,0.388,0.39,0.39,0.0,True,True,All-rounder
RR Watson (SCOT),2007-2010,2007,2010,3,10,9.0,0.0,159.0,54,54.0,0,17.66,141.0,112.76,0.0,1.0,1.0,22.0,1.0,15.9,0.0,10.0,55.7,2007-2010,2007,2010,3,10,5.0,10.0,0.0,92.0,3.0,01-Apr,30.66,9.2,20.0,0.0,0.0,0.3,0.11,0.24,0.0,2007-2010,2007,2010,3,10,9.0,4.0,4.0,0.0,0.0,4.0,,0.444,0.4,0.4,0.0,True,True,All-rounder
RS Bopara (ENG),2008-2014,2008,2014,6,38,35.0,10.0,711.0,65*,65.0,1,28.44,599.0,118.69,0.0,3.0,0.0,54.0,17.0,18.71,0.0,7.89,64.54,2008-2014,2008,2014,6,38,21.0,53.4,1.0,387.0,16.0,04-Oct,24.18,7.21,20.1,1.0,0.0,0.42,0.14,0.34,0.0,2008-2014,2008,2014,6,38,37.0,7.0,7.0,0.0,0.0,7.0,,0.189,0.18,0.18,0.0,True,True,All-rounder
RS Morton (WI),2006-2010,2006,2010,4,7,7.0,1.0,96.0,40,40.0,0,16.0,103.0,93.2,0.0,0.0,1.0,8.0,2.0,13.71,0.0,0.0,46.88,2006-2010,2006,2010,4,7,,,,,,-,,,,,,,,,,2006-2010,2006,2010,4,7,7.0,2.0,2.0,0.0,0.0,2.0,,0.285,0.29,0.29,0.0,True,True,All-rounder
RT Lyons (SCOT),2010-2010,2010,2010,0,2,2.0,0.0,4.0,4,4.0,0,2.0,17.0,23.52,0.0,0.0,1.0,0.0,0.0,2.0,0.0,0.0,10.61,2010-2010,2010,2010,0,2,2.0,6.0,0.0,40.0,1.0,Jan-26,40.0,6.66,36.0,0.0,0.0,0.5,0.15,0.4,0.0,2010-2010,2010,2010,0,2,2.0,0.0,0.0,0.0,0.0,0.0,0.0,0.0,0.0,0.0,0.0,True,True,All-rounder
RT Ponting (AUS),2005-2009,2005,2009,4,17,16.0,2.0,401.0,98*,98.0,1,28.64,302.0,132.78,0.0,2.0,2.0,41.0,11.0,23.59,0.0,11.76,70.3,2005-2009,2005,2009,4,17,,,,,,-,,,,,,,,,,2005-2009,2005,2009,4,17,17.0,8.0,8.0,0.0,0.0,8.0,,0.47,0.47,0.47,0.0,True,True,All-rounder
RV Uthappa (INDIA),2007-2015,2007,2015,8,13,12.0,2.0,249.0,50,50.0,0,24.9,211.0,118.0,0.0,1.0,1.0,26.0,6.0,19.15,0.0,7.69,62.14,2007-2015,2007,2015,8,13,,,,,,-,,,,,,,,,,2007-2015,2007,2015,8,13,12.0,2.0,2.0,0.0,1.0,1.0,,0.166,0.15,0.15,0.0,True,True,All-rounder
RW Chakabva (ZIM),2008-2019,2008,2019,11,12,12.0,1.0,159.0,48,48.0,0,14.45,134.0,118.65,0.0,0.0,4.0,12.0,7.0,13.25,0.0,0.0,56.13,2008-2019,2008,2019,11,12,,,,,,-,,,,,,,,,,2008-2019,2008,2019,11,12,12.0,4.0,4.0,0.0,0.0,4.0,,0.333,0.33,0.33,0.0,True,True,All-rounder
RW Price (ZIM),2008-2012,2008,2012,4,16,9.0,4.0,15.0,7*,7.0,1,3.0,28.0,53.57,0.0,0.0,1.0,1.0,0.0,0.94,0.0,0.0,23.23,2008-2012,2008,2012,4,16,16.0,61.3,4.0,378.0,13.0,02-Jun,29.07,6.14,28.3,0.0,0.0,0.81,0.16,0.62,0.0,2008-2012,2008,2012,4,16,16.0,3.0,3.0,0.0,0.0,3.0,,0.187,0.19,0.19,0.0,True,True,All-rounder
RWT Key (ENG),2009-2009,2009,2009,0,1,1.0,1.0,10.0,10*,10.0,1,,8.0,125.0,0.0,0.0,0.0,0.0,0.0,10.0,0.0,0.0,,2009-2009,2009,2009,0,1,,,,,,-,,,,,,,,,,2009-2009,2009,2009,0,1,1.0,1.0,1.0,0.0,0.0,1.0,,1.0,1.0,1.0,0.0,True,True,All-rounder
Raag Kapur (HKG),2019-2019,2019,2019,0,4,3.0,1.0,12.0,6,6.0,0,6.0,16.0,75.0,0.0,0.0,0.0,1.0,0.0,3.0,0.0,0.0,33.6,2019-2019,2019,2019,0,4,3.0,7.0,0.0,49.0,1.0,Jan-26,49.0,7.0,42.0,0.0,0.0,0.25,0.14,0.22,0.0,2019-2019,2019,2019,0,4,4.0,2.0,2.0,0.0,0.0,2.0,,0.5,0.5,0.5,0.0,True,True,All-rounder
Raees Ahmadzai (AFG),2010-2010,2010,2010,0,8,6.0,3.0,91.0,33*,33.0,1,30.33,84.0,108.33,0.0,0.0,0.0,5.0,1.0,11.38,0.0,0.0,61.53,2010-2010,2010,2010,0,8,,,,,,-,,,,,,,,,,2010-2010,2010,2010,0,8,8.0,2.0,2.0,0.0,0.0,2.0,,0.25,0.25,0.25,0.0,True,True,All-rounder
Rafatullah Mohmand (PAK),2015-2015,2015,2015,0,3,3.0,0.0,39.0,23,23.0,0,13.0,45.0,86.66,0.0,0.0,1.0,4.0,0.0,13.0,0.0,0.0,42.46,2015-2015,2015,2015,0,3,,,,,,-,,,,,,,,,,2015-2015,2015,2015,0,3,3.0,0.0,0.0,0.0,0.0,0.0,0.0,0.0,0.0,0.0,0.0,True,True,All-rounder
Rahman Ademi (Serb),2019-2019,2019,2019,0,2,1.0,1.0,0.0,0*,0.0,1,,4.0,0.0,0.0,0.0,0.0,0.0,0.0,,0.0,0.0,,2019-2019,2019,2019,0,2,,,,,,-,,,,,,,,,,2019-2019,2019,2019,0,2,2.0,0.0,0.0,0.0,0.0,0.0,0.0,0.0,0.0,0.0,0.0,True,True,All-rounder
Rahmanullah Gurbaz (AFG),2019-2019,2019,2019,0,7,7.0,0.0,227.0,79,79.0,0,32.42,164.0,138.41,0.0,2.0,2.0,19.0,13.0,32.43,0.0,28.57,74.82,2019-2019,2019,2019,0,7,,,,,,-,,,,,,,,,,2019-2019,2019,2019,0,7,7.0,5.0,4.0,1.0,4.0,0.0,,0.714,0.57,0.71,0.14,True,True,All-rounder
Raja Adeel (ESP),2019-2019,2019,2019,0,3,,,,-,,0,,,,,,,,,,,,,2019-2019,2019,2019,0,3,3.0,11.0,0.0,36.0,3.0,Feb-15,12.0,3.27,22.0,0.0,0.0,1.0,0.31,0.79,0.0,2019-2019,2019,2019,0,3,3.0,0.0,0.0,0.0,0.0,0.0,0.0,0.0,0.0,0.0,0.0,True,True,All-rounder
Rakibul Hasan (ITA),2019-2019,2019,2019,0,8,4.0,1.0,14.0,5*,5.0,1,4.66,17.0,82.35,0.0,0.0,1.0,1.0,0.0,1.75,0.0,0.0,35.74,2019-2019,2019,2019,0,8,7.0,23.0,2.0,147.0,8.0,Feb-20,18.37,6.39,17.2,0.0,0.0,1.0,0.16,0.75,0.0,2019-2019,2019,2019,0,8,7.0,0.0,0.0,0.0,0.0,0.0,0.0,0.0,0.0,0.0,0.0,True,True,All-rounder
Rameez Raja (2) (PAK),2011-2011,2011,2011,0,2,2.0,0.0,24.0,23,23.0,0,12.0,29.0,82.75,0.0,0.0,0.0,2.0,0.0,12.0,0.0,0.0,40.3,2011-2011,2011,2011,0,2,,,,,,-,,,,,,,,,,2011-2011,2011,2011,0,2,2.0,0.0,0.0,0.0,0.0,0.0,0.0,0.0,0.0,0.0,0.0,True,True,All-rounder
Rameez Shahzad (UAE),2016-2019,2016,2019,3,22,21.0,3.0,449.0,54,54.0,0,24.94,404.0,111.13,0.0,1.0,2.0,37.0,13.0,20.41,0.0,4.55,59.42,2016-2019,2016,2019,3,22,,,,,,-,,,,,,,,,,2016-2019,2016,2019,3,22,22.0,8.0,8.0,0.0,0.0,8.0,,0.363,0.36,0.36,0.0,True,True,All-rounder
Raqibul Hasan (BDESH),2008-2010,2008,2010,2,5,5.0,0.0,51.0,18,18.0,0,10.2,62.0,82.25,0.0,0.0,0.0,3.0,1.0,10.2,0.0,0.0,39.02,2008-2010,2008,2010,2,5,,,,,,-,,,,,,,,,,2008-2010,2008,2010,2,5,5.0,1.0,1.0,0.0,0.0,1.0,,0.2,0.2,0.2,0.0,True,True,All-rounder
Rashid Khan (AFG/ICC),2015-2019,2015,2019,4,45,22.0,11.0,149.0,33,33.0,0,13.54,124.0,120.16,0.0,0.0,4.0,9.0,9.0,3.31,0.0,0.0,56.19,2015-2019,2015,2019,4,45,45.0,171.0,1.0,1052.0,84.0,05-Mar,12.52,6.15,12.2,3.0,2.0,1.87,0.16,1.36,0.044,2015-2019,2015,2019,4,45,45.0,16.0,16.0,0.0,0.0,16.0,,0.355,0.36,0.36,0.0,True,True,All-rounder
Rashid Khan (NEPAL),2019-2019,2019,2019,0,1,,,,-,,0,,,,,,,,,,,,,2019-2019,2019,2019,0,1,1.0,4.0,0.0,19.0,0.0,-,,4.75,,0.0,0.0,0.0,0.21,0.06,0.0,2019-2019,2019,2019,0,1,1.0,0.0,0.0,0.0,0.0,0.0,0.0,0.0,0.0,0.0,0.0,True,True,All-rounder
Ravinder Singh (MALTA),2019-2019,2019,2019,0,2,2.0,0.0,14.0,8,8.0,0,7.0,13.0,107.69,0.0,0.0,0.0,0.0,1.0,7.0,0.0,0.0,47.28,2019-2019,2019,2019,0,2,2.0,6.0,0.0,72.0,1.0,Jan-36,72.0,12.0,36.0,0.0,0.0,0.5,0.08,0.38,0.0,2019-2019,2019,2019,0,2,2.0,0.0,0.0,0.0,0.0,0.0,0.0,0.0,0.0,0.0,0.0,True,True,All-rounder
Ravinderpal Singh (CAN),2019-2019,2019,2019,0,12,10.0,2.0,266.0,101,101.0,0,33.25,177.0,150.28,1.0,1.0,1.0,13.0,19.0,22.17,8.33,8.33,80.06,2019-2019,2019,2019,0,12,,,,,,-,,,,,,,,,,2019-2019,2019,2019,0,12,12.0,8.0,8.0,0.0,0.0,8.0,,0.666,0.67,0.67,0.0,True,True,All-rounder
Raza Hasan (PAK),2012-2014,2012,2014,2,10,4.0,4.0,18.0,13*,13.0,1,,25.0,72.0,0.0,0.0,0.0,2.0,0.0,1.8,0.0,0.0,,2012-2014,2012,2014,2,10,10.0,38.0,1.0,219.0,10.0,Feb-14,21.9,5.76,22.8,0.0,0.0,1.0,0.17,0.75,0.0,2012-2014,2012,2014,2,10,10.0,2.0,2.0,0.0,0.0,2.0,,0.2,0.2,0.2,0.0,True,True,All-rounder
Raza Iqbal (NOR),2019-2019,2019,2019,0,5,5.0,0.0,87.0,39,39.0,0,17.4,89.0,97.75,0.0,0.0,0.0,13.0,0.0,17.4,0.0,0.0,49.54,2019-2019,2019,2019,0,5,4.0,13.0,0.0,85.0,5.0,Feb-20,17.0,6.53,15.6,0.0,0.0,1.0,0.15,0.75,0.0,2019-2019,2019,2019,0,5,5.0,1.0,1.0,0.0,0.0,1.0,,0.2,0.2,0.2,0.0,True,True,All-rounder
Raza-ur-Rehman (CAN),2012-2013,2012,2013,1,5,4.0,0.0,25.0,10,10.0,0,6.25,29.0,86.2,0.0,0.0,0.0,3.0,0.0,5.0,0.0,0.0,38.23,2012-2013,2012,2013,1,5,3.0,9.0,0.0,58.0,2.0,Feb-16,29.0,6.44,27.0,0.0,0.0,0.4,0.16,0.33,0.0,2012-2013,2012,2013,1,5,5.0,2.0,2.0,0.0,0.0,2.0,,0.4,0.4,0.4,0.0,True,True,All-rounder
Razmal Shigiwal (Aut),2019-2019,2019,2019,0,4,3.0,0.0,96.0,53,53.0,0,32.0,78.0,123.07,0.0,1.0,0.0,3.0,8.0,24.0,0.0,25.0,68.43,2019-2019,2019,2019,0,4,,,,,,-,,,,,,,,,,2019-2019,2019,2019,0,4,4.0,0.0,0.0,0.0,0.0,0.0,0.0,0.0,0.0,0.0,0.0,True,True,All-rounder
Rehman Abdul (ITA),2019-2019,2019,2019,0,7,5.0,3.0,102.0,37*,37.0,1,51.0,103.0,99.02,0.0,0.0,0.0,7.0,3.0,14.57,0.0,0.0,70.21,2019-2019,2019,2019,0,7,,,,,,-,,,,,,,,,,2019-2019,2019,2019,0,7,6.0,6.0,6.0,0.0,0.0,6.0,,1.0,0.86,0.86,0.0,True,True,All-rounder
Riazat Ali Shah (UGA),2019-2019,2019,2019,0,4,4.0,2.0,140.0,53*,53.0,1,70.0,108.0,129.62,0.0,1.0,0.0,8.0,8.0,35.0,0.0,25.0,93.85,2019-2019,2019,2019,0,4,3.0,7.4,0.0,58.0,1.0,Jan-20,58.0,7.56,46.0,0.0,0.0,0.25,0.13,0.21,0.0,2019-2019,2019,2019,0,4,4.0,0.0,0.0,0.0,0.0,0.0,0.0,0.0,0.0,0.0,0.0,True,True,All-rounder
Rizwan Cheema (CAN),2008-2019,2008,2019,11,24,24.0,2.0,389.0,72,72.0,0,17.68,314.0,123.88,0.0,2.0,5.0,33.0,28.0,16.21,0.0,8.33,60.16,2008-2019,2008,2019,11,24,15.0,50.0,1.0,382.0,9.0,Feb-19,42.44,7.64,33.3,0.0,0.0,0.38,0.13,0.3,0.0,2008-2019,2008,2019,11,24,24.0,11.0,11.0,0.0,0.0,11.0,,0.458,0.46,0.46,0.0,True,True,All-rounder
Rizwan Mahmood (DEN),2019-2019,2019,2019,0,5,4.0,0.0,76.0,37,37.0,0,19.0,61.0,124.59,0.0,0.0,0.0,3.0,3.0,15.2,0.0,0.0,61.24,2019-2019,2019,2019,0,5,,,,,,-,,,,,,,,,,2019-2019,2019,2019,0,5,3.0,0.0,0.0,0.0,0.0,0.0,0.0,0.0,0.0,0.0,0.0,True,True,All-rounder
Robiul Islam (BDESH),2013-2013,2013,2013,0,1,,,,-,,0,,,,,,,,,,,,,2013-2013,2013,2013,0,1,1.0,1.0,0.0,13.0,0.0,-,,13.0,,0.0,0.0,0.0,0.08,0.02,0.0,2013-2013,2013,2013,0,1,1.0,0.0,0.0,0.0,0.0,0.0,0.0,0.0,0.0,0.0,0.0,True,True,All-rounder
Rohan Mustafa (UAE),2014-2019,2014,2019,5,38,37.0,1.0,605.0,77,77.0,0,16.8,521.0,116.12,0.0,2.0,4.0,71.0,17.0,15.92,0.0,5.26,56.53,2014-2019,2014,2019,5,38,36.0,113.5,2.0,774.0,39.0,Apr-18,19.84,6.79,17.5,1.0,0.0,1.03,0.15,0.76,0.0,2014-2019,2014,2019,5,38,38.0,11.0,11.0,0.0,0.0,11.0,,0.289,0.29,0.29,0.0,True,True,All-rounder
Rokhan Barakzai (AFG),2015-2015,2015,2015,0,3,,,,-,,0,,,,,,,,,,,,,2015-2015,2015,2015,0,3,3.0,10.0,0.0,75.0,6.0,Feb-21,12.5,7.5,10.0,0.0,0.0,2.0,0.13,1.44,0.0,2015-2015,2015,2015,0,3,3.0,0.0,0.0,0.0,0.0,0.0,0.0,0.0,0.0,0.0,0.0,True,True,All-rounder
Rony Talukdar (BDESH),2015-2015,2015,2015,0,1,1.0,0.0,21.0,21,21.0,0,21.0,22.0,95.45,0.0,0.0,0.0,0.0,1.0,21.0,0.0,0.0,50.78,2015-2015,2015,2015,0,1,,,,,,-,,,,,,,,,,2015-2015,2015,2015,0,1,1.0,0.0,0.0,0.0,0.0,0.0,0.0,0.0,0.0,0.0,0.0,True,True,All-rounder
Rubel Hossain (BDESH),2009-2018,2009,2018,9,27,14.0,9.0,17.0,8*,8.0,1,3.4,30.0,56.66,0.0,0.0,4.0,1.0,0.0,0.63,0.0,0.0,24.7,2009-2018,2009,2018,9,27,26.0,94.3,0.0,879.0,28.0,Mar-31,31.39,9.3,20.2,0.0,0.0,1.04,0.11,0.76,0.0,2009-2018,2009,2018,9,27,26.0,1.0,1.0,0.0,0.0,1.0,,0.038,0.04,0.04,0.0,True,True,All-rounder
Rumman Raees (PAK),2016-2018,2016,2018,2,8,1.0,1.0,0.0,0*,0.0,1,,0.0,,0.0,0.0,0.0,0.0,0.0,,0.0,0.0,,2016-2018,2016,2018,2,8,8.0,28.5,2.0,220.0,8.0,Feb-24,27.5,7.63,21.6,0.0,0.0,1.0,0.13,0.74,0.0,2016-2018,2016,2018,2,8,8.0,1.0,1.0,0.0,0.0,1.0,,0.125,0.13,0.13,0.0,True,True,All-rounder
S Adedeji (NGA),2019-2019,2019,2019,0,6,6.0,2.0,89.0,51*,51.0,1,22.25,114.0,78.07,0.0,1.0,1.0,5.0,2.0,14.83,0.0,16.67,44.58,2019-2019,2019,2019,0,6,1.0,2.0,0.0,21.0,0.0,-,,10.5,,0.0,0.0,0.0,0.1,0.03,0.0,2019-2019,2019,2019,0,6,6.0,3.0,3.0,0.0,0.0,3.0,,0.5,0.5,0.5,0.0,True,True,All-rounder
S Appu (MALTA),2019-2019,2019,2019,0,4,4.0,1.0,8.0,6,6.0,0,2.66,14.0,57.14,0.0,0.0,0.0,0.0,0.0,2.0,0.0,0.0,24.45,2019-2019,2019,2019,0,4,4.0,9.0,0.0,74.0,3.0,Jan-21,24.66,8.22,18.0,0.0,0.0,0.75,0.12,0.56,0.0,2019-2019,2019,2019,0,4,4.0,0.0,0.0,0.0,0.0,0.0,0.0,0.0,0.0,0.0,0.0,True,True,All-rounder
S Arachchige (ITA),2019-2019,2019,2019,0,4,1.0,0.0,0.0,0,0.0,0,0.0,2.0,0.0,0.0,0.0,1.0,0.0,0.0,,0.0,0.0,0.0,2019-2019,2019,2019,0,4,4.0,6.0,0.0,42.0,2.0,Feb-15,21.0,7.0,18.0,0.0,0.0,0.5,0.14,0.39,0.0,2019-2019,2019,2019,0,4,4.0,1.0,1.0,0.0,0.0,1.0,,0.25,0.25,0.25,0.0,True,True,All-rounder
S Aravind (INDIA),2015-2015,2015,2015,0,1,,,,-,,0,,,,,,,,,,,,,2015-2015,2015,2015,0,1,1.0,3.4,0.0,44.0,1.0,Jan-44,44.0,12.0,22.0,0.0,0.0,1.0,0.08,0.73,0.0,2015-2015,2015,2015,0,1,1.0,0.0,0.0,0.0,0.0,0.0,0.0,0.0,0.0,0.0,0.0,True,True,All-rounder
S Ateak (Ghana),2019-2019,2019,2019,0,3,3.0,0.0,45.0,26,26.0,0,15.0,48.0,93.75,0.0,0.0,0.0,6.0,1.0,15.0,0.0,0.0,46.5,2019-2019,2019,2019,0,3,,,,,,-,,,,,,,,,,2019-2019,2019,2019,0,3,3.0,0.0,0.0,0.0,0.0,0.0,0.0,0.0,0.0,0.0,0.0,True,True,All-rounder
S Badree (WI/World),2012-2018,2012,2018,6,52,16.0,10.0,43.0,14*,14.0,1,7.16,65.0,66.15,0.0,0.0,0.0,1.0,1.0,0.83,0.0,0.0,30.76,2012-2018,2012,2018,6,52,52.0,191.0,4.0,1180.0,56.0,Apr-15,21.07,6.17,20.4,1.0,0.0,1.08,0.16,0.8,0.0,2012-2018,2012,2018,6,52,52.0,7.0,7.0,0.0,0.0,7.0,,0.134,0.13,0.13,0.0,True,True,All-rounder
S Badrinath (INDIA),2011-2011,2011,2011,0,1,1.0,0.0,43.0,43,43.0,0,43.0,37.0,116.21,0.0,0.0,0.0,5.0,0.0,43.0,0.0,0.0,72.28,2011-2011,2011,2011,0,1,,,,,,-,,,,,,,,,,2011-2011,2011,2011,0,1,1.0,0.0,0.0,0.0,0.0,0.0,0.0,0.0,0.0,0.0,0.0,True,True,All-rounder
S Bantzas (),2019-2019,2019,2019,0,1,,,,-,,0,,,,,,,,,,,,,2019-2019,2019,2019,0,1,1.0,3.0,0.0,12.0,3.0,03-Dec,4.0,4.0,6.0,0.0,0.0,3.0,0.25,2.18,0.0,2019-2019,2019,2019,0,1,1.0,1.0,1.0,0.0,0.0,1.0,,1.0,1.0,1.0,0.0,True,True,All-rounder
S Bau (PNG),2016-2019,2016,2019,3,23,17.0,3.0,356.0,40*,40.0,1,25.42,338.0,105.32,0.0,0.0,1.0,21.0,11.0,15.48,0.0,0.0,57.38,2016-2019,2016,2019,3,23,10.0,14.0,0.0,79.0,4.0,02-Apr,19.75,5.64,21.0,0.0,0.0,0.17,0.18,0.17,0.0,2016-2019,2016,2019,3,23,23.0,8.0,8.0,0.0,0.0,8.0,,0.347,0.35,0.35,0.0,True,True,All-rounder
S Bhari (NEPAL),2019-2019,2019,2019,0,6,3.0,2.0,1.0,1*,1.0,1,1.0,5.0,20.0,0.0,0.0,1.0,0.0,0.0,0.17,0.0,0.0,8.6,2019-2019,2019,2019,0,6,6.0,18.0,0.0,113.0,5.0,Feb-22,22.6,6.27,21.6,0.0,0.0,0.83,0.16,0.63,0.0,2019-2019,2019,2019,0,6,6.0,0.0,0.0,0.0,0.0,0.0,0.0,0.0,0.0,0.0,0.0,True,True,All-rounder
S Byrne (MALTA),2019-2019,2019,2019,0,2,2.0,0.0,3.0,3,3.0,0,1.5,9.0,33.33,0.0,0.0,1.0,0.0,0.0,1.5,0.0,0.0,14.23,2019-2019,2019,2019,0,2,,,,,,-,,,,,,,,,,2019-2019,2019,2019,0,2,2.0,0.0,0.0,0.0,0.0,0.0,0.0,0.0,0.0,0.0,0.0,True,True,All-rounder
S Chanderpaul (WI),2006-2010,2006,2010,4,22,22.0,5.0,343.0,41,41.0,0,20.17,347.0,98.84,0.0,0.0,0.0,34.0,5.0,15.59,0.0,0.0,51.64,2006-2010,2006,2010,4,22,,,,,,-,,,,,,,,,,2006-2010,2006,2010,4,22,22.0,7.0,7.0,0.0,0.0,7.0,,0.318,0.32,0.32,0.0,True,True,All-rounder
S Chandramohan (SGP),2019-2019,2019,2019,0,12,12.0,1.0,348.0,66,66.0,0,31.63,292.0,119.17,0.0,3.0,3.0,33.0,15.0,29.0,0.0,25.0,66.65,2019-2019,2019,2019,0,12,,,,,,-,,,,,,,,,,2019-2019,2019,2019,0,12,12.0,11.0,11.0,0.0,0.0,11.0,,0.916,0.92,0.92,0.0,True,True,All-rounder
S Chophel (BHU),2019-2019,2019,2019,0,1,1.0,1.0,2.0,2*,2.0,1,,5.0,40.0,0.0,0.0,0.0,0.0,0.0,2.0,0.0,0.0,,2019-2019,2019,2019,0,1,,,,,,-,,,,,,,,,,2019-2019,2019,2019,0,1,1.0,0.0,0.0,0.0,0.0,0.0,0.0,0.0,0.0,0.0,0.0,True,True,All-rounder
S Dalton (CZK-R),2019-2019,2019,2019,0,3,1.0,0.0,0.0,0,0.0,0,0.0,1.0,0.0,0.0,0.0,1.0,0.0,0.0,,0.0,0.0,0.0,2019-2019,2019,2019,0,3,,,,,,-,,,,,,,,,,2019-2019,2019,2019,0,3,3.0,0.0,0.0,0.0,0.0,0.0,0.0,0.0,0.0,0.0,0.0,True,True,All-rounder
S Davizi (CZK-R),2019-2019,2019,2019,0,2,2.0,0.0,192.0,101,101.0,0,96.0,133.0,144.36,1.0,1.0,0.0,14.0,10.0,96.0,50.0,50.0,115.34,2019-2019,2019,2019,0,2,2.0,4.2,0.0,23.0,6.0,Apr-15,3.83,5.3,4.3,1.0,0.0,3.0,0.19,2.16,0.0,2019-2019,2019,2019,0,2,2.0,0.0,0.0,0.0,0.0,0.0,0.0,0.0,0.0,0.0,0.0,True,True,All-rounder
S Dhaniram (CAN),2008-2010,2008,2010,2,11,9.0,0.0,100.0,26,26.0,0,11.11,123.0,81.3,0.0,0.0,0.0,6.0,2.0,9.09,0.0,0.0,39.19,2008-2010,2008,2010,2,11,11.0,33.4,1.0,192.0,6.0,02-Sep,32.0,5.7,33.6,0.0,0.0,0.55,0.18,0.43,0.0,2008-2010,2008,2010,2,11,11.0,4.0,4.0,0.0,0.0,4.0,,0.363,0.36,0.36,0.0,True,True,All-rounder
S Dhawan (INDIA),2011-2019,2011,2019,8,58,57.0,3.0,1504.0,92,92.0,0,27.85,1173.0,128.21,0.0,9.0,1.0,166.0,46.0,25.93,0.0,15.52,67.99,2011-2019,2011,2019,8,58,,,,,,-,,,,,,,,,,2011-2019,2011,2019,8,58,58.0,18.0,18.0,0.0,0.0,18.0,,0.31,0.31,0.31,0.0,True,True,All-rounder
S Dube (INDIA),2019-2019,2019,2019,0,6,4.0,2.0,64.0,54,54.0,0,32.0,42.0,152.38,0.0,1.0,0.0,3.0,4.0,10.67,0.0,16.67,80.15,2019-2019,2019,2019,0,6,6.0,12.3,0.0,114.0,3.0,Mar-30,38.0,9.12,25.0,0.0,0.0,0.5,0.11,0.38,0.0,2019-2019,2019,2019,0,6,6.0,4.0,4.0,0.0,0.0,4.0,,0.666,0.67,0.67,0.0,True,True,All-rounder
S Goud (CZK-R),2019-2019,2019,2019,0,1,,,,-,,0,,,,,,,,,,,,,2019-2019,2019,2019,0,1,,,,,,-,,,,,,,,,,2019-2019,2019,2019,0,1,1.0,1.0,1.0,0.0,0.0,1.0,,1.0,1.0,1.0,0.0,True,True,All-rounder
S Goustis (),2019-2019,2019,2019,0,3,1.0,0.0,11.0,11,11.0,0,11.0,19.0,57.89,0.0,0.0,0.0,0.0,0.0,3.67,0.0,0.0,29.76,2019-2019,2019,2019,0,3,3.0,9.0,1.0,42.0,4.0,Feb-28,10.5,4.66,13.5,0.0,0.0,1.33,0.21,1.0,0.0,2019-2019,2019,2019,0,3,3.0,0.0,0.0,0.0,0.0,0.0,0.0,0.0,0.0,0.0,0.0,True,True,All-rounder
S Hallett (Peru),2019-2019,2019,2019,0,4,4.0,0.0,10.0,5,5.0,0,2.5,16.0,62.5,0.0,0.0,1.0,1.0,0.0,2.5,0.0,0.0,26.5,2019-2019,2019,2019,0,4,,,,,,-,,,,,,,,,,2019-2019,2019,2019,0,4,4.0,5.0,4.0,1.0,4.0,0.0,,1.25,1.0,1.25,0.25,True,True,All-rounder
S Hirugade (Mex),2019-2019,2019,2019,0,6,6.0,0.0,74.0,35,35.0,0,12.33,86.0,86.04,0.0,0.0,1.0,8.0,2.0,12.33,0.0,0.0,41.81,2019-2019,2019,2019,0,6,5.0,13.3,0.0,92.0,6.0,Apr-16,15.33,6.81,13.5,1.0,0.0,1.0,0.15,0.74,0.0,2019-2019,2019,2019,0,6,6.0,2.0,2.0,0.0,0.0,2.0,,0.333,0.33,0.33,0.0,True,True,All-rounder
S Hongsi (THAI),2019-2019,2019,2019,0,3,3.0,3.0,27.0,11*,11.0,1,,16.0,168.75,0.0,0.0,0.0,3.0,1.0,9.0,0.0,0.0,,2019-2019,2019,2019,0,3,2.0,3.0,0.0,35.0,1.0,Jan-15,35.0,11.66,18.0,0.0,0.0,0.33,0.09,0.26,0.0,2019-2019,2019,2019,0,3,3.0,0.0,0.0,0.0,0.0,0.0,0.0,0.0,0.0,0.0,0.0,True,True,All-rounder
S Jamil (Belg),2019-2019,2019,2019,0,3,3.0,0.0,48.0,24,24.0,0,16.0,49.0,97.95,0.0,0.0,0.0,5.0,2.0,16.0,0.0,0.0,48.78,2019-2019,2019,2019,0,3,,,,,,-,,,,,,,,,,2019-2019,2019,2019,0,3,3.0,1.0,1.0,0.0,0.0,1.0,,0.333,0.33,0.33,0.0,True,True,All-rounder
S Jora (NEPAL),2019-2019,2019,2019,0,6,6.0,1.0,101.0,53*,53.0,1,20.2,83.0,121.68,0.0,1.0,1.0,5.0,4.0,16.83,0.0,16.67,60.79,2019-2019,2019,2019,0,6,,,,,,-,,,,,,,,,,2019-2019,2019,2019,0,6,6.0,3.0,3.0,0.0,0.0,3.0,,0.5,0.5,0.5,0.0,True,True,All-rounder
S Jyoti (CAN),2008-2008,2008,2008,0,2,2.0,1.0,10.0,10*,10.0,1,10.0,20.0,50.0,0.0,0.0,1.0,0.0,0.0,5.0,0.0,0.0,26.0,2008-2008,2008,2008,0,2,,,,,,-,,,,,,,,,,2008-2008,2008,2008,0,2,2.0,0.0,0.0,0.0,0.0,0.0,0.0,0.0,0.0,0.0,0.0,True,True,All-rounder
S Kansoy (TKY),2019-2019,2019,2019,0,4,4.0,0.0,2.0,2,2.0,0,0.5,7.0,28.57,0.0,0.0,3.0,0.0,0.0,0.5,0.0,0.0,11.73,2019-2019,2019,2019,0,4,1.0,1.0,0.0,14.0,0.0,-,,14.0,,0.0,0.0,0.0,0.07,0.02,0.0,2019-2019,2019,2019,0,4,4.0,0.0,0.0,0.0,0.0,0.0,0.0,0.0,0.0,0.0,0.0,True,True,All-rounder
S Kaul (INDIA),2018-2019,2018,2019,1,3,,,,-,,0,,,,,,,,,,,,,2018-2019,2018,2019,1,3,3.0,9.4,0.0,84.0,4.0,Feb-35,21.0,8.68,14.5,0.0,0.0,1.33,0.12,0.97,0.0,2018-2019,2018,2019,1,3,3.0,0.0,0.0,0.0,0.0,0.0,0.0,0.0,0.0,0.0,0.0,True,True,All-rounder
S Kaveri (Mex),2019-2019,2019,2019,0,7,6.0,1.0,114.0,43,43.0,0,22.8,146.0,78.08,0.0,0.0,0.0,9.0,1.0,16.29,0.0,0.0,44.91,2019-2019,2019,2019,0,7,5.0,13.0,0.0,70.0,6.0,02-Oct,11.66,5.38,13.0,0.0,0.0,0.86,0.19,0.66,0.0,2019-2019,2019,2019,0,7,7.0,3.0,3.0,0.0,0.0,3.0,,0.428,0.43,0.43,0.0,True,True,All-rounder
S Keshvani (CAN),2010-2010,2010,2010,0,2,1.0,1.0,0.0,0*,0.0,1,,1.0,0.0,0.0,0.0,0.0,0.0,0.0,,0.0,0.0,,2010-2010,2010,2010,0,2,,,,,,-,,,,,,,,,,2010-2010,2010,2010,0,2,2.0,1.0,1.0,0.0,0.0,1.0,,0.5,0.5,0.5,0.0,True,True,All-rounder
S Kizilkaya (TKY),2019-2019,2019,2019,0,4,4.0,0.0,17.0,8,8.0,0,4.25,28.0,60.71,0.0,0.0,1.0,3.0,0.0,4.25,0.0,0.0,26.83,2019-2019,2019,2019,0,4,4.0,9.0,0.0,74.0,4.0,02-Sep,18.5,8.22,13.5,0.0,0.0,1.0,0.12,0.74,0.0,2019-2019,2019,2019,0,4,4.0,0.0,0.0,0.0,0.0,0.0,0.0,0.0,0.0,0.0,0.0,True,True,All-rounder
S Lamichhane (ICC/NEPAL),2018-2019,2018,2019,1,18,8.0,4.0,23.0,9,9.0,0,5.75,29.0,79.31,0.0,0.0,1.0,1.0,0.0,1.28,0.0,0.0,35.17,2018-2019,2018,2019,1,18,18.0,64.0,0.0,439.0,28.0,Apr-20,15.67,6.85,13.7,1.0,0.0,1.56,0.15,1.13,0.0,2018-2019,2018,2019,1,18,18.0,3.0,3.0,0.0,0.0,3.0,,0.166,0.17,0.17,0.0,True,True,All-rounder
S Mahmood (ENG),2019-2019,2019,2019,0,3,2.0,1.0,7.0,4,4.0,0,7.0,7.0,100.0,0.0,0.0,0.0,1.0,0.0,2.33,0.0,0.0,44.2,2019-2019,2019,2019,0,3,3.0,10.0,0.0,115.0,3.0,Jan-20,38.33,11.5,20.0,0.0,0.0,1.0,0.09,0.73,0.0,2019-2019,2019,2019,0,3,3.0,1.0,1.0,0.0,0.0,1.0,,0.333,0.33,0.33,0.0,True,True,All-rounder
S Matsikenyeri (ZIM),2006-2012,2006,2012,6,10,10.0,0.0,76.0,32,32.0,0,7.6,82.0,92.68,0.0,0.0,2.0,6.0,3.0,7.6,0.0,0.0,41.63,2006-2012,2006,2012,6,10,3.0,2.4,0.0,23.0,0.0,-,,8.62,,0.0,0.0,0.0,0.12,0.03,0.0,2006-2012,2006,2012,6,10,10.0,5.0,5.0,0.0,0.0,5.0,,0.5,0.5,0.5,0.0,True,True,All-rounder
S Muniandy (MAL),2019-2019,2019,2019,0,15,13.0,4.0,124.0,27,27.0,0,13.77,103.0,120.38,0.0,0.0,2.0,7.0,7.0,8.27,0.0,0.0,56.41,2019-2019,2019,2019,0,15,12.0,30.0,0.0,260.0,9.0,02-May,28.88,8.66,20.0,0.0,0.0,0.6,0.12,0.45,0.0,2019-2019,2019,2019,0,15,14.0,5.0,5.0,0.0,0.0,5.0,,0.357,0.33,0.33,0.0,True,True,All-rounder
S Murari (CRC),2019-2019,2019,2019,0,3,3.0,1.0,21.0,16,16.0,0,10.5,20.0,105.0,0.0,0.0,0.0,2.0,0.0,7.0,0.0,0.0,48.3,2019-2019,2019,2019,0,3,3.0,10.0,0.0,52.0,2.0,01-Oct,26.0,5.2,30.0,0.0,0.0,0.67,0.19,0.52,0.0,2019-2019,2019,2019,0,3,3.0,0.0,0.0,0.0,0.0,0.0,0.0,0.0,0.0,0.0,0.0,True,True,All-rounder
S Nadigotla (ROM),2019-2019,2019,2019,0,2,1.0,0.0,2.0,2,2.0,0,2.0,6.0,33.33,0.0,0.0,0.0,0.0,0.0,1.0,0.0,0.0,14.53,2019-2019,2019,2019,0,2,1.0,2.0,0.0,10.0,0.0,-,,5.0,,0.0,0.0,0.0,0.2,0.06,0.0,2019-2019,2019,2019,0,2,2.0,0.0,0.0,0.0,0.0,0.0,0.0,0.0,0.0,0.0,0.0,True,True,All-rounder
S Nerandzic (Serb),2019-2019,2019,2019,0,2,2.0,0.0,10.0,5,5.0,0,5.0,33.0,30.3,0.0,0.0,0.0,1.0,0.0,5.0,0.0,0.0,15.12,2019-2019,2019,2019,0,2,1.0,2.0,0.0,26.0,0.0,-,,13.0,,0.0,0.0,0.0,0.08,0.02,0.0,2019-2019,2019,2019,0,2,2.0,0.0,0.0,0.0,0.0,0.0,0.0,0.0,0.0,0.0,0.0,True,True,All-rounder
S Periyalwar (ROM),2019-2019,2019,2019,0,4,4.0,2.0,140.0,105*,105.0,1,70.0,91.0,153.84,1.0,0.0,1.0,15.0,6.0,35.0,25.0,0.0,103.54,2019-2019,2019,2019,0,4,1.0,0.1,0.0,4.0,0.0,-,,24.0,,0.0,0.0,0.0,0.04,0.01,0.0,2019-2019,2019,2019,0,4,4.0,0.0,0.0,0.0,0.0,0.0,0.0,0.0,0.0,0.0,0.0,True,True,All-rounder
S Pillai (CRC),2019-2019,2019,2019,0,3,3.0,0.0,14.0,6,6.0,0,4.66,27.0,51.85,0.0,0.0,0.0,1.0,0.0,4.67,0.0,0.0,23.54,2019-2019,2019,2019,0,3,3.0,8.4,0.0,56.0,4.0,Mar-14,14.0,6.46,13.0,0.0,0.0,1.33,0.15,0.98,0.0,2019-2019,2019,2019,0,3,3.0,0.0,0.0,0.0,0.0,0.0,0.0,0.0,0.0,0.0,0.0,True,True,All-rounder
S Pokhriyal (CZK-R),2019-2019,2019,2019,0,5,4.0,0.0,140.0,79,79.0,0,35.0,131.0,106.87,0.0,1.0,0.0,23.0,2.0,28.0,0.0,20.0,63.75,2019-2019,2019,2019,0,5,1.0,2.0,0.0,22.0,1.0,Jan-22,22.0,11.0,12.0,0.0,0.0,0.2,0.09,0.17,0.0,2019-2019,2019,2019,0,5,5.0,1.0,1.0,0.0,0.0,1.0,,0.2,0.2,0.2,0.0,True,True,All-rounder
S Prasanna (SL),2013-2017,2013,2017,4,20,20.0,6.0,214.0,37*,37.0,1,15.28,161.0,132.91,0.0,0.0,0.0,13.0,13.0,10.7,0.0,0.0,62.33,2013-2017,2013,2017,4,20,18.0,50.0,1.0,359.0,10.0,Feb-45,35.9,7.18,30.0,0.0,0.0,0.5,0.14,0.39,0.0,2013-2017,2013,2017,4,20,20.0,4.0,4.0,0.0,0.0,4.0,,0.2,0.2,0.2,0.0,True,True,All-rounder
S Qeshile (SA),2019-2019,2019,2019,0,2,,,,-,,0,,,,,,,,,,,,,2019-2019,2019,2019,0,2,,,,,,-,,,,,,,,,,2019-2019,2019,2019,0,2,2.0,3.0,3.0,0.0,3.0,0.0,,1.5,1.5,1.5,0.0,True,True,All-rounder
S Rakshit (CZK-R),2019-2019,2019,2019,0,7,5.0,1.0,34.0,15,15.0,0,8.5,44.0,77.27,0.0,0.0,1.0,5.0,0.0,4.86,0.0,0.0,36.01,2019-2019,2019,2019,0,7,5.0,12.5,0.0,99.0,2.0,01-Nov,49.5,7.71,38.5,0.0,0.0,0.29,0.13,0.24,0.0,2019-2019,2019,2019,0,7,7.0,2.0,2.0,0.0,0.0,2.0,,0.285,0.29,0.29,0.0,True,True,All-rounder
S Randiv (SL),2010-2011,2010,2011,1,7,2.0,0.0,8.0,6,6.0,0,4.0,6.0,133.33,0.0,0.0,0.0,1.0,0.0,1.14,0.0,0.0,55.73,2010-2011,2010,2011,1,7,7.0,21.0,0.0,139.0,7.0,Mar-20,19.85,6.61,18.0,0.0,0.0,1.0,0.15,0.75,0.0,2010-2011,2010,2011,1,7,7.0,0.0,0.0,0.0,0.0,0.0,0.0,0.0,0.0,0.0,0.0,True,True,All-rounder
S Ravikumar (CRC),2019-2019,2019,2019,0,3,3.0,1.0,40.0,29*,29.0,1,20.0,44.0,90.9,0.0,0.0,1.0,3.0,1.0,13.33,0.0,0.0,48.36,2019-2019,2019,2019,0,3,3.0,6.2,0.0,56.0,2.0,01-Dec,28.0,8.84,19.0,0.0,0.0,0.67,0.11,0.5,0.0,2019-2019,2019,2019,0,3,3.0,3.0,3.0,0.0,0.0,3.0,,1.0,1.0,1.0,0.0,True,True,All-rounder
S Rossi (Arg),2019-2019,2019,2019,0,5,4.0,1.0,29.0,13,13.0,0,9.66,27.0,107.4,0.0,0.0,0.0,2.0,1.0,5.8,0.0,0.0,48.76,2019-2019,2019,2019,0,5,3.0,6.5,2.0,21.0,4.0,Feb-15,5.25,3.07,10.2,0.0,0.0,0.8,0.33,0.66,0.0,2019-2019,2019,2019,0,5,5.0,2.0,2.0,0.0,0.0,2.0,,0.4,0.4,0.4,0.0,True,True,All-rounder
S Saeed (Mald),2019-2019,2019,2019,0,5,1.0,0.0,2.0,2,2.0,0,2.0,4.0,50.0,0.0,0.0,0.0,0.0,0.0,0.4,0.0,0.0,21.2,2019-2019,2019,2019,0,5,5.0,11.0,0.0,95.0,1.0,Jan-24,95.0,8.63,66.0,0.0,0.0,0.2,0.12,0.17,0.0,2019-2019,2019,2019,0,5,5.0,2.0,2.0,0.0,0.0,2.0,,0.4,0.4,0.4,0.0,True,True,All-rounder
S Samarawickrama (SL),2017-2019,2017,2019,2,7,7.0,0.0,97.0,32,32.0,0,13.85,93.0,104.3,0.0,0.0,1.0,9.0,0.0,13.86,0.0,0.0,50.03,2017-2019,2017,2019,2,7,,,,,,-,,,,,,,,,,2017-2019,2017,2019,2,7,7.0,6.0,4.0,2.0,3.0,1.0,,0.857,0.57,0.86,0.29,True,True,All-rounder
S Singh (PHI),2019-2019,2019,2019,0,4,,,,-,,0,,,,,,,,,,,,,2019-2019,2019,2019,0,4,4.0,11.0,0.0,110.0,3.0,Mar-32,36.66,10.0,22.0,0.0,0.0,0.75,0.1,0.56,0.0,2019-2019,2019,2019,0,4,4.0,0.0,0.0,0.0,0.0,0.0,0.0,0.0,0.0,0.0,0.0,True,True,All-rounder
S Singh (PORT),2019-2019,2019,2019,0,1,1.0,0.0,0.0,0,0.0,0,0.0,9.0,0.0,0.0,0.0,1.0,0.0,0.0,,0.0,0.0,0.0,2019-2019,2019,2019,0,1,,,,,,-,,,,,,,,,,2019-2019,2019,2019,0,1,1.0,0.0,0.0,0.0,0.0,0.0,0.0,0.0,0.0,0.0,0.0,True,True,All-rounder
S Smith (BMUDA),2019-2019,2019,2019,0,5,3.0,3.0,14.0,7*,7.0,1,,27.0,51.85,0.0,0.0,0.0,0.0,0.0,2.8,0.0,0.0,,2019-2019,2019,2019,0,5,,,,,,-,,,,,,,,,,2019-2019,2019,2019,0,5,5.0,2.0,2.0,0.0,2.0,0.0,,0.4,0.4,0.4,0.0,True,True,All-rounder
S Snater (NL),2018-2019,2018,2019,1,13,6.0,1.0,18.0,10,10.0,0,3.6,16.0,112.5,0.0,0.0,2.0,0.0,1.0,1.38,0.0,0.0,47.16,2018-2019,2018,2019,1,13,12.0,34.5,0.0,337.0,13.0,Mar-42,25.92,9.67,16.0,0.0,0.0,1.0,0.1,0.73,0.0,2018-2019,2018,2019,1,13,12.0,2.0,2.0,0.0,0.0,2.0,,0.166,0.15,0.15,0.0,True,True,All-rounder
S Sohal (USA),2019-2019,2019,2019,0,3,2.0,0.0,23.0,18,18.0,0,11.5,29.0,79.31,0.0,0.0,0.0,1.0,1.0,7.67,0.0,0.0,38.62,2019-2019,2019,2019,0,3,,,,,,-,,,,,,,,,,2019-2019,2019,2019,0,3,3.0,0.0,0.0,0.0,0.0,0.0,0.0,0.0,0.0,0.0,0.0,True,True,All-rounder
S Sola (Samoa),2019-2019,2019,2019,0,4,3.0,0.0,37.0,18,18.0,0,12.33,36.0,102.77,0.0,0.0,0.0,1.0,3.0,9.25,0.0,0.0,48.51,2019-2019,2019,2019,0,4,1.0,1.0,0.0,9.0,0.0,-,,9.0,,0.0,0.0,0.0,0.11,0.03,0.0,2019-2019,2019,2019,0,4,4.0,0.0,0.0,0.0,0.0,0.0,0.0,0.0,0.0,0.0,0.0,True,True,All-rounder
S Soosiyakumar (),2019-2019,2019,2019,0,1,1.0,0.0,0.0,0,0.0,0,0.0,2.0,0.0,0.0,0.0,1.0,0.0,0.0,,0.0,0.0,0.0,2019-2019,2019,2019,0,1,1.0,2.0,0.0,16.0,0.0,-,,8.0,,0.0,0.0,0.0,0.13,0.04,0.0,2019-2019,2019,2019,0,1,1.0,0.0,0.0,0.0,0.0,0.0,0.0,0.0,0.0,0.0,0.0,True,True,All-rounder
S Sreesanth (INDIA),2006-2008,2006,2008,2,10,3.0,2.0,20.0,19*,19.0,1,20.0,14.0,142.85,0.0,0.0,1.0,4.0,0.0,2.0,0.0,0.0,69.14,2006-2008,2006,2008,2,10,9.0,34.0,2.0,288.0,7.0,02-Dec,41.14,8.47,29.1,0.0,0.0,0.7,0.12,0.53,0.0,2006-2008,2006,2008,2,10,9.0,2.0,2.0,0.0,0.0,2.0,,0.222,0.2,0.2,0.0,True,True,All-rounder
S Thuraisingam (CAN),2008-2008,2008,2008,0,3,2.0,1.0,18.0,15,15.0,0,18.0,24.0,75.0,0.0,0.0,0.0,1.0,0.0,6.0,0.0,0.0,40.8,2008-2008,2008,2008,0,3,3.0,7.5,0.0,44.0,2.0,Jan-13,22.0,5.61,23.5,0.0,0.0,0.67,0.18,0.52,0.0,2008-2008,2008,2008,0,3,3.0,0.0,0.0,0.0,0.0,0.0,0.0,0.0,0.0,0.0,0.0,True,True,All-rounder
S Tobgay (BHU),2019-2019,2019,2019,0,2,2.0,0.0,39.0,24,24.0,0,19.5,58.0,67.24,0.0,0.0,0.0,1.0,0.0,19.5,0.0,0.0,38.6,2019-2019,2019,2019,0,2,1.0,4.0,0.0,50.0,0.0,-,,12.5,,0.0,0.0,0.0,0.08,0.02,0.0,2019-2019,2019,2019,0,2,2.0,1.0,1.0,0.0,0.0,1.0,,0.5,0.5,0.5,0.0,True,True,All-rounder
S Tyagi (INDIA),2009-2009,2009,2009,0,1,,,,-,,0,,,,,,,,,,,,,2009-2009,2009,2009,0,1,1.0,2.0,0.0,21.0,0.0,-,,10.5,,0.0,0.0,0.0,0.1,0.03,0.0,2009-2009,2009,2009,0,1,1.0,1.0,1.0,0.0,0.0,1.0,,1.0,1.0,1.0,0.0,True,True,All-rounder
S Varathappan (KUW),2019-2019,2019,2019,0,3,3.0,0.0,14.0,9,9.0,0,4.66,14.0,100.0,0.0,0.0,1.0,3.0,0.0,4.67,0.0,0.0,42.8,2019-2019,2019,2019,0,3,,,,,,-,,,,,,,,,,2019-2019,2019,2019,0,3,3.0,0.0,0.0,0.0,0.0,0.0,0.0,0.0,0.0,0.0,0.0,True,True,All-rounder
S Vashisht (ROM),2019-2019,2019,2019,0,3,1.0,0.0,4.0,4,4.0,0,4.0,6.0,66.66,0.0,0.0,0.0,1.0,0.0,1.33,0.0,0.0,29.06,2019-2019,2019,2019,0,3,3.0,9.0,1.0,31.0,2.0,01-May,15.5,3.44,27.0,0.0,0.0,0.67,0.29,0.55,0.0,2019-2019,2019,2019,0,3,3.0,2.0,2.0,0.0,0.0,2.0,,0.666,0.67,0.67,0.0,True,True,All-rounder
S Vesawkar (NEPAL),2014-2019,2014,2019,5,17,16.0,3.0,310.0,40,40.0,0,23.84,313.0,99.04,0.0,0.0,0.0,25.0,7.0,18.24,0.0,0.0,53.92,2014-2019,2014,2019,5,17,1.0,3.0,0.0,25.0,0.0,-,,8.33,,0.0,0.0,0.0,0.12,0.04,0.0,2014-2019,2014,2019,5,17,17.0,6.0,6.0,0.0,0.0,6.0,,0.352,0.35,0.35,0.0,True,True,All-rounder
S Vijayakumar (SGP),2019-2019,2019,2019,0,9,2.0,0.0,2.0,1,1.0,0,1.0,5.0,40.0,0.0,0.0,0.0,0.0,0.0,0.22,0.0,0.0,16.6,2019-2019,2019,2019,0,9,9.0,28.0,1.0,204.0,12.0,Apr-25,17.0,7.28,14.0,1.0,0.0,1.33,0.14,0.97,0.0,2019-2019,2019,2019,0,9,9.0,1.0,1.0,0.0,0.0,1.0,,0.111,0.11,0.11,0.0,True,True,All-rounder
S Waqas Ahmed (NOR),2019-2019,2019,2019,0,5,3.0,1.0,9.0,8*,8.0,1,4.5,20.0,45.0,0.0,0.0,1.0,0.0,0.0,1.8,0.0,0.0,20.7,2019-2019,2019,2019,0,5,4.0,10.0,0.0,83.0,5.0,Feb-24,16.6,8.3,12.0,0.0,0.0,1.0,0.12,0.74,0.0,2019-2019,2019,2019,0,5,5.0,0.0,0.0,0.0,0.0,0.0,0.0,0.0,0.0,0.0,0.0,True,True,All-rounder
S Wickramasekara (CZK-R),2019-2019,2019,2019,0,5,5.0,2.0,214.0,104*,104.0,1,71.33,104.0,205.76,1.0,1.0,0.0,17.0,19.0,42.8,20.0,20.0,125.1,2019-2019,2019,2019,0,5,5.0,15.3,1.0,93.0,3.0,02-Feb,31.0,6.0,31.0,0.0,0.0,0.6,0.17,0.47,0.0,2019-2019,2019,2019,0,5,5.0,1.0,1.0,0.0,0.0,1.0,,0.2,0.2,0.2,0.0,True,True,All-rounder
S Zargar (Mex),2019-2019,2019,2019,0,1,,,,-,,0,,,,,,,,,,,,,2019-2019,2019,2019,0,1,1.0,3.0,0.0,22.0,2.0,Feb-22,11.0,7.33,9.0,0.0,0.0,2.0,0.14,1.44,0.0,2019-2019,2019,2019,0,1,1.0,0.0,0.0,0.0,0.0,0.0,0.0,0.0,0.0,0.0,0.0,True,True,All-rounder
SA Abbott (AUS),2014-2019,2014,2019,5,4,1.0,0.0,5.0,5,5.0,0,5.0,8.0,62.5,0.0,0.0,0.0,1.0,0.0,1.25,0.0,0.0,28.0,2014-2019,2014,2019,5,4,4.0,10.0,0.0,61.0,3.0,Feb-14,20.33,6.1,20.0,0.0,0.0,0.75,0.16,0.57,0.0,2014-2019,2014,2019,5,4,4.0,2.0,2.0,0.0,0.0,2.0,,0.5,0.5,0.5,0.0,True,True,All-rounder
SA Ahmad (DEN),2019-2019,2019,2019,0,5,3.0,1.0,46.0,25,25.0,0,23.0,54.0,85.18,0.0,0.0,0.0,2.0,0.0,9.2,0.0,0.0,47.87,2019-2019,2019,2019,0,5,3.0,9.0,1.0,40.0,4.0,03-Sep,10.0,4.44,13.5,0.0,0.0,0.8,0.23,0.63,0.0,2019-2019,2019,2019,0,5,3.0,1.0,1.0,0.0,0.0,1.0,,0.333,0.2,0.2,0.0,True,True,All-rounder
SA Edwards (NL),2018-2019,2018,2019,1,29,22.0,8.0,334.0,42*,42.0,1,23.85,229.0,145.85,0.0,0.0,1.0,33.0,6.0,11.52,0.0,0.0,72.65,2018-2019,2018,2019,1,29,,,,,,-,,,,,,,,,,2018-2019,2018,2019,1,29,28.0,28.0,24.0,4.0,24.0,0.0,,1.0,0.83,0.97,0.14,True,True,All-rounder
SA Okpe (NGA),2019-2019,2019,2019,0,8,6.0,1.0,25.0,12,12.0,0,5.0,46.0,54.34,0.0,0.0,0.0,1.0,0.0,3.13,0.0,0.0,24.74,2019-2019,2019,2019,0,8,7.0,12.2,0.0,94.0,6.0,Feb-22,15.66,7.62,12.3,0.0,0.0,0.75,0.13,0.56,0.0,2019-2019,2019,2019,0,8,8.0,2.0,2.0,0.0,0.0,2.0,,0.25,0.25,0.25,0.0,True,True,All-rounder
SA Wijeyeratne (CAN),2019-2019,2019,2019,0,2,2.0,0.0,77.0,56,56.0,0,38.5,51.0,150.98,0.0,1.0,0.0,12.0,0.0,38.5,0.0,50.0,83.49,2019-2019,2019,2019,0,2,,,,,,-,,,,,,,,,,2019-2019,2019,2019,0,2,2.0,1.0,1.0,0.0,0.0,1.0,,0.5,0.5,0.5,0.0,True,True,All-rounder
SB Styris (NZ),2005-2010,2005,2010,5,31,29.0,2.0,578.0,66,66.0,0,21.4,483.0,119.66,0.0,1.0,0.0,40.0,25.0,18.65,0.0,3.23,60.7,2005-2010,2005,2010,5,31,21.0,51.3,0.0,349.0,18.0,03-May,19.38,6.77,17.1,0.0,0.0,0.58,0.15,0.45,0.0,2005-2010,2005,2010,5,31,31.0,8.0,8.0,0.0,0.0,8.0,,0.258,0.26,0.26,0.0,True,True,All-rounder
SC Getkate (IRE),2019-2019,2019,2019,0,14,12.0,2.0,87.0,24,24.0,0,8.7,73.0,119.17,0.0,0.0,1.0,4.0,4.0,6.21,0.0,0.0,52.89,2019-2019,2019,2019,0,14,14.0,35.0,0.0,323.0,8.0,Feb-15,40.37,9.22,26.2,0.0,0.0,0.57,0.11,0.43,0.0,2019-2019,2019,2019,0,14,14.0,3.0,3.0,0.0,0.0,3.0,,0.214,0.21,0.21,0.0,True,True,All-rounder
SC Kuggeleijn (NZ),2019-2019,2019,2019,0,9,5.0,3.0,65.0,35*,35.0,1,32.5,30.0,216.66,0.0,0.0,1.0,4.0,6.0,7.22,0.0,0.0,106.16,2019-2019,2019,2019,0,9,9.0,26.5,0.0,260.0,5.0,Feb-38,52.0,9.68,32.2,0.0,0.0,0.56,0.1,0.42,0.0,2019-2019,2019,2019,0,9,9.0,4.0,4.0,0.0,0.0,4.0,,0.444,0.44,0.44,0.0,True,True,All-rounder
SC Meaker (ENG),2012-2012,2012,2012,0,2,,,,-,,0,,,,,,,,,,,,,2012-2012,2012,2012,0,2,2.0,7.5,0.0,70.0,2.0,Jan-28,35.0,8.93,23.5,0.0,0.0,1.0,0.11,0.73,0.0,2012-2012,2012,2012,0,2,2.0,1.0,1.0,0.0,0.0,1.0,,0.5,0.5,0.5,0.0,True,True,All-rounder
SC Williams (ZIM),2006-2019,2006,2019,13,38,38.0,5.0,821.0,66,66.0,0,24.87,630.0,130.31,0.0,6.0,4.0,75.0,24.0,21.61,0.0,15.79,67.05,2006-2019,2006,2019,13,38,37.0,123.0,0.0,890.0,32.0,Mar-15,27.81,7.23,23.0,0.0,0.0,0.84,0.14,0.63,0.0,2006-2019,2006,2019,13,38,38.0,15.0,15.0,0.0,0.0,15.0,,0.394,0.39,0.39,0.0,True,True,All-rounder
SCJ Broad (ENG),2006-2014,2006,2014,8,56,26.0,10.0,118.0,18*,18.0,1,7.37,118.0,100.0,0.0,0.0,2.0,7.0,3.0,2.11,0.0,0.0,44.42,2006-2014,2006,2014,8,56,55.0,195.3,2.0,1491.0,65.0,Apr-24,22.93,7.62,18.0,1.0,0.0,1.16,0.13,0.85,0.0,2006-2014,2006,2014,8,56,56.0,21.0,21.0,0.0,0.0,21.0,,0.375,0.38,0.38,0.0,True,True,All-rounder
SD Hope (WI),2017-2019,2017,2019,2,13,11.0,0.0,238.0,55,55.0,0,21.63,175.0,136.0,0.0,2.0,1.0,24.0,10.0,18.31,0.0,15.38,67.38,2017-2019,2017,2019,2,13,,,,,,-,,,,,,,,,,2017-2019,2017,2019,2,13,13.0,6.0,6.0,0.0,6.0,0.0,,0.461,0.46,0.46,0.0,True,True,All-rounder
SD Outerbridge (BMUDA),2008-2008,2008,2008,0,3,3.0,1.0,49.0,37*,37.0,1,24.5,51.0,96.07,0.0,0.0,0.0,2.0,1.0,16.33,0.0,0.0,53.13,2008-2008,2008,2008,0,3,,,,,,-,,,,,,,,,,2008-2008,2008,2008,0,3,3.0,1.0,1.0,0.0,0.0,1.0,,0.333,0.33,0.33,0.0,True,True,All-rounder
SD Parry (ENG),2014-2015,2014,2015,1,5,1.0,0.0,1.0,1,1.0,0,1.0,1.0,100.0,0.0,0.0,0.0,0.0,0.0,0.2,0.0,0.0,40.6,2014-2015,2014,2015,1,5,5.0,16.0,0.0,138.0,3.0,Feb-33,46.0,8.62,32.0,0.0,0.0,0.6,0.12,0.45,0.0,2014-2015,2014,2015,1,5,5.0,2.0,2.0,0.0,0.0,2.0,,0.4,0.4,0.4,0.0,True,True,All-rounder
SDJJ Dima (Moz),2019-2019,2019,2019,0,4,2.0,0.0,6.0,3,3.0,0,3.0,8.0,75.0,0.0,0.0,0.0,0.0,0.0,1.5,0.0,0.0,31.8,2019-2019,2019,2019,0,4,2.0,5.0,0.0,57.0,3.0,Mar-41,19.0,11.4,10.0,0.0,0.0,0.75,0.09,0.55,0.0,2019-2019,2019,2019,0,4,3.0,0.0,0.0,0.0,0.0,0.0,0.0,0.0,0.0,0.0,0.0,True,True,All-rounder
SE Aquilina (MALTA),2019-2019,2019,2019,0,4,4.0,0.0,22.0,14,14.0,0,5.5,30.0,73.33,0.0,0.0,0.0,2.0,0.0,5.5,0.0,0.0,32.63,2019-2019,2019,2019,0,4,,,,,,-,,,,,,,,,,2019-2019,2019,2019,0,4,4.0,4.0,0.0,4.0,0.0,0.0,,1.0,0.0,1.0,1.0,True,True,All-rounder
SE Bond (NZ),2005-2010,2005,2010,5,20,8.0,3.0,21.0,8*,8.0,1,4.2,21.0,100.0,0.0,0.0,2.0,2.0,0.0,1.05,0.0,0.0,42.52,2005-2010,2005,2010,5,20,20.0,77.3,2.0,543.0,25.0,Mar-18,21.72,7.0,18.6,0.0,0.0,1.25,0.14,0.92,0.0,2005-2010,2005,2010,5,20,20.0,4.0,4.0,0.0,0.0,4.0,,0.2,0.2,0.2,0.0,True,True,All-rounder
SE Findlay (WI),2008-2008,2008,2008,0,2,2.0,0.0,32.0,19,19.0,0,16.0,31.0,103.22,0.0,0.0,0.0,4.0,0.0,16.0,0.0,0.0,50.89,2008-2008,2008,2008,0,2,,,,,,-,,,,,,,,,,2008-2008,2008,2008,0,2,2.0,1.0,1.0,0.0,0.0,1.0,,0.5,0.5,0.5,0.0,True,True,All-rounder
SE Marsh (AUS),2008-2016,2008,2016,8,15,15.0,1.0,255.0,47*,47.0,1,18.21,248.0,102.82,0.0,0.0,2.0,15.0,10.0,17.0,0.0,0.0,52.05,2008-2016,2008,2016,8,15,,,,,,-,,,,,,,,,,2008-2016,2008,2016,8,15,15.0,3.0,3.0,0.0,0.0,3.0,,0.2,0.2,0.2,0.0,True,True,All-rounder
SE Rutherford (WI),2018-2019,2018,2019,1,3,3.0,0.0,17.0,9,9.0,0,5.66,23.0,73.91,0.0,0.0,0.0,1.0,0.0,5.67,0.0,0.0,32.96,2018-2019,2018,2019,1,3,1.0,3.0,0.0,28.0,0.0,-,,9.33,,0.0,0.0,0.0,0.11,0.03,0.0,2018-2019,2018,2019,1,3,3.0,1.0,1.0,0.0,0.0,1.0,,0.333,0.33,0.33,0.0,True,True,All-rounder
SF Mire (ZIM),2018-2019,2018,2019,1,9,8.0,0.0,253.0,94,94.0,0,31.62,196.0,129.08,0.0,2.0,0.0,23.0,13.0,28.11,0.0,22.22,70.6,2018-2019,2018,2019,1,9,5.0,12.0,0.0,115.0,1.0,Jan-15,115.0,9.58,72.0,0.0,0.0,0.11,0.1,0.11,0.0,2018-2019,2018,2019,1,9,9.0,2.0,2.0,0.0,0.0,2.0,,0.222,0.22,0.22,0.0,True,True,All-rounder
SF Tiai (Samoa),2019-2019,2019,2019,0,4,3.0,0.0,21.0,11,11.0,0,7.0,22.0,95.45,0.0,0.0,1.0,2.0,0.0,5.25,0.0,0.0,42.38,2019-2019,2019,2019,0,4,4.0,11.0,0.0,82.0,3.0,Feb-16,27.33,7.45,22.0,0.0,0.0,0.75,0.13,0.57,0.0,2019-2019,2019,2019,0,4,4.0,0.0,0.0,0.0,0.0,0.0,0.0,0.0,0.0,0.0,0.0,True,True,All-rounder
SG Borthwick (ENG),2011-2011,2011,2011,0,1,1.0,0.0,14.0,14,14.0,0,14.0,16.0,87.5,0.0,0.0,0.0,2.0,0.0,14.0,0.0,0.0,43.4,2011-2011,2011,2011,0,1,1.0,4.0,0.0,15.0,1.0,Jan-15,15.0,3.75,24.0,0.0,0.0,1.0,0.27,0.78,0.0,2011-2011,2011,2011,0,1,1.0,1.0,1.0,0.0,0.0,1.0,,1.0,1.0,1.0,0.0,True,True,All-rounder
SG Whittingham (SCOT),2018-2018,2018,2018,0,3,,,,-,,0,,,,,,,,,,,,,2018-2018,2018,2018,0,3,3.0,10.0,0.0,79.0,3.0,Feb-33,26.33,7.9,20.0,0.0,0.0,1.0,0.13,0.74,0.0,2018-2018,2018,2018,0,3,3.0,0.0,0.0,0.0,0.0,0.0,0.0,0.0,0.0,0.0,0.0,True,True,All-rounder
SH Obed (VAN),2019-2019,2019,2019,0,12,7.0,2.0,29.0,9,9.0,0,5.8,41.0,70.73,0.0,0.0,0.0,1.0,0.0,2.42,0.0,0.0,31.77,2019-2019,2019,2019,0,12,9.0,28.0,0.0,190.0,11.0,Mar-23,17.27,6.78,15.2,0.0,0.0,0.92,0.15,0.69,0.0,2019-2019,2019,2019,0,12,12.0,1.0,1.0,0.0,0.0,1.0,,0.083,0.08,0.08,0.0,True,True,All-rounder
SHA Rance (NZ),2017-2019,2017,2019,2,8,3.0,0.0,10.0,8,8.0,0,3.33,21.0,47.61,0.0,0.0,0.0,0.0,0.0,1.25,0.0,0.0,21.04,2017-2019,2017,2019,2,8,7.0,27.0,0.0,245.0,10.0,Mar-26,24.5,9.07,16.2,0.0,0.0,1.25,0.11,0.91,0.0,2017-2019,2017,2019,2,8,7.0,0.0,0.0,0.0,0.0,0.0,0.0,0.0,0.0,0.0,0.0,True,True,All-rounder
SHT Kandamby (SL),2008-2011,2008,2011,3,5,4.0,0.0,13.0,10,10.0,0,3.25,21.0,61.9,0.0,0.0,1.0,0.0,0.0,2.6,0.0,0.0,26.71,2008-2011,2008,2011,3,5,,,,,,-,,,,,,,,,,2008-2011,2008,2011,3,5,5.0,4.0,4.0,0.0,0.0,4.0,,0.8,0.8,0.8,0.0,True,True,All-rounder
SI Mahmood (ENG),2006-2009,2006,2009,3,4,2.0,2.0,1.0,1*,1.0,1,,2.0,50.0,0.0,0.0,0.0,0.0,0.0,0.25,0.0,0.0,,2006-2009,2006,2009,3,4,4.0,14.0,0.0,155.0,3.0,Jan-31,51.66,11.07,28.0,0.0,0.0,0.75,0.09,0.55,0.0,2006-2009,2006,2009,3,4,4.0,1.0,1.0,0.0,0.0,1.0,,0.25,0.25,0.25,0.0,True,True,All-rounder
SI Runsewe (NGA),2019-2019,2019,2019,0,6,6.0,1.0,74.0,27,27.0,0,14.8,87.0,85.05,0.0,0.0,1.0,4.0,0.0,12.33,0.0,0.0,42.9,2019-2019,2019,2019,0,6,2.0,2.3,0.0,23.0,2.0,01-Apr,11.5,9.2,7.5,0.0,0.0,0.33,0.11,0.27,0.0,2019-2019,2019,2019,0,6,6.0,0.0,0.0,0.0,0.0,0.0,0.0,0.0,0.0,0.0,0.0,True,True,All-rounder
SI de Saram (SL),2009-2009,2009,2009,0,1,,,,-,,0,,,,,,,,,,,,,2009-2009,2009,2009,0,1,,,,,,-,,,,,,,,,,2009-2009,2009,2009,0,1,1.0,1.0,1.0,0.0,0.0,1.0,,1.0,1.0,1.0,0.0,True,True,All-rounder
SJ Baard (NAM),2019-2019,2019,2019,0,13,13.0,2.0,387.0,92,92.0,0,35.18,305.0,126.88,0.0,4.0,1.0,32.0,13.0,29.77,0.0,30.77,71.86,2019-2019,2019,2019,0,13,,,,,,-,,,,,,,,,,2019-2019,2019,2019,0,13,13.0,5.0,5.0,0.0,0.0,5.0,,0.384,0.38,0.38,0.0,True,True,All-rounder
SJ Benn (WI),2008-2016,2008,2016,8,24,7.0,4.0,37.0,13*,13.0,1,12.33,42.0,88.09,0.0,0.0,1.0,5.0,1.0,1.54,0.0,0.0,42.63,2008-2016,2008,2016,8,24,24.0,84.0,3.0,606.0,18.0,04-Jun,33.66,7.21,28.0,1.0,0.0,0.75,0.14,0.57,0.0,2008-2016,2008,2016,8,24,24.0,10.0,10.0,0.0,0.0,10.0,,0.416,0.42,0.42,0.0,True,True,All-rounder
SJ Cotter (Samoa),2019-2019,2019,2019,0,4,4.0,0.0,52.0,25,25.0,0,13.0,62.0,83.87,0.0,0.0,0.0,4.0,1.0,13.0,0.0,0.0,41.35,2019-2019,2019,2019,0,4,,,,,,-,,,,,,,,,,2019-2019,2019,2019,0,4,4.0,0.0,0.0,0.0,0.0,0.0,0.0,0.0,0.0,0.0,0.0,True,True,All-rounder
SJ Harmison (ENG),2005-2006,2005,2006,1,2,,,,-,,0,,,,,,,,,,,,,2005-2006,2005,2006,1,2,2.0,6.3,0.0,42.0,1.0,Jan-13,42.0,6.46,39.0,0.0,0.0,0.5,0.15,0.4,0.0,2005-2006,2005,2006,1,2,2.0,1.0,1.0,0.0,0.0,1.0,,0.5,0.5,0.5,0.0,True,True,All-rounder
SJ Myburgh (NL),2012-2019,2012,2019,7,33,32.0,2.0,741.0,71*,71.0,1,24.7,635.0,116.69,0.0,5.0,6.0,82.0,22.0,22.45,0.0,15.15,61.5,2012-2019,2012,2019,7,33,,,,,,-,,,,,,,,,,2012-2019,2012,2019,7,33,32.0,5.0,5.0,0.0,0.0,5.0,,0.156,0.15,0.15,0.0,True,True,All-rounder
SJS Smith (SCOT),2010-2012,2010,2012,2,5,4.0,1.0,21.0,9,9.0,0,7.0,40.0,52.5,0.0,0.0,1.0,1.0,0.0,4.2,0.0,0.0,25.2,2010-2012,2010,2012,2,5,,,,,,-,,,,,,,,,,2010-2012,2010,2012,2,5,5.0,1.0,0.0,1.0,0.0,0.0,,0.2,0.0,0.2,0.2,True,True,All-rounder
SK Atai (PNG),2019-2019,2019,2019,0,2,1.0,0.0,0.0,0,0.0,0,0.0,1.0,0.0,0.0,0.0,1.0,0.0,0.0,,0.0,0.0,0.0,2019-2019,2019,2019,0,2,,,,,,-,,,,,,,,,,2019-2019,2019,2019,0,2,2.0,1.0,1.0,0.0,0.0,1.0,,0.5,0.5,0.5,0.0,True,True,All-rounder
SK Raina (INDIA),2006-2018,2006,2018,12,78,66.0,11.0,1605.0,101,101.0,0,29.18,1190.0,134.87,1.0,5.0,3.0,145.0,58.0,20.58,1.28,6.41,71.46,2006-2018,2006,2018,12,78,27.0,58.1,0.0,442.0,13.0,02-Jun,34.0,7.59,26.8,0.0,0.0,0.17,0.13,0.16,0.0,2006-2018,2006,2018,12,78,78.0,42.0,42.0,0.0,0.0,42.0,,0.538,0.54,0.54,0.0,True,True,All-rounder
SKW Kelly (BMUDA),2008-2008,2008,2008,0,3,2.0,2.0,13.0,11*,11.0,1,,24.0,54.16,0.0,0.0,0.0,0.0,0.0,4.33,0.0,0.0,,2008-2008,2008,2008,0,3,3.0,7.0,0.0,50.0,3.0,Feb-18,16.66,7.14,14.0,0.0,0.0,1.0,0.14,0.74,0.0,2008-2008,2008,2008,0,3,3.0,0.0,0.0,0.0,0.0,0.0,0.0,0.0,0.0,0.0,0.0,True,True,All-rounder
SL Malinga (SL),2006-2019,2006,2019,13,79,30.0,12.0,128.0,27,27.0,0,7.11,153.0,83.66,0.0,0.0,6.0,9.0,4.0,1.62,0.0,0.0,37.73,2006-2019,2006,2019,13,79,79.0,284.5,1.0,2061.0,106.0,05-Jun,19.44,7.23,16.1,1.0,2.0,1.34,0.14,0.98,0.025,2006-2019,2006,2019,13,79,79.0,20.0,20.0,0.0,0.0,20.0,,0.253,0.25,0.25,0.0,True,True,All-rounder
SL Perera (Ghana),2019-2019,2019,2019,0,2,2.0,0.0,10.0,7,7.0,0,5.0,23.0,43.47,0.0,0.0,0.0,0.0,0.0,5.0,0.0,0.0,20.39,2019-2019,2019,2019,0,2,,,,,,-,,,,,,,,,,2019-2019,2019,2019,0,2,2.0,1.0,1.0,0.0,0.0,1.0,,0.5,0.5,0.5,0.0,True,True,All-rounder
SM Boland (AUS),2016-2016,2016,2016,0,3,,,,-,,0,,,,,,,,,,,,,2016-2016,2016,2016,0,3,3.0,11.0,0.0,90.0,3.0,Mar-26,30.0,8.18,22.0,0.0,0.0,1.0,0.12,0.74,0.0,2016-2016,2016,2016,0,3,3.0,1.0,1.0,0.0,0.0,1.0,,0.333,0.33,0.33,0.0,True,True,All-rounder
SM Curran (ENG),2019-2019,2019,2019,0,5,3.0,0.0,35.0,24,24.0,0,11.66,23.0,152.17,0.0,0.0,0.0,3.0,2.0,7.0,0.0,0.0,67.86,2019-2019,2019,2019,0,5,5.0,18.0,0.0,153.0,6.0,Feb-22,25.5,8.5,18.0,0.0,0.0,1.2,0.12,0.88,0.0,2019-2019,2019,2019,0,5,5.0,0.0,0.0,0.0,0.0,0.0,0.0,0.0,0.0,0.0,0.0,True,True,All-rounder
SM Davies (ENG),2009-2011,2009,2011,2,5,5.0,0.0,102.0,33,33.0,0,20.4,82.0,124.39,0.0,0.0,0.0,12.0,0.0,20.4,0.0,0.0,62.0,2009-2011,2009,2011,2,5,,,,,,-,,,,,,,,,,2009-2011,2009,2011,2,5,5.0,3.0,2.0,1.0,2.0,0.0,,0.6,0.4,0.6,0.2,True,True,All-rounder
SM Harwood (AUS),2007-2009,2007,2009,2,3,1.0,1.0,0.0,0*,0.0,1,,0.0,,0.0,0.0,0.0,0.0,0.0,,0.0,0.0,,2007-2009,2007,2009,2,3,3.0,12.0,0.0,113.0,3.0,Feb-21,37.66,9.41,24.0,0.0,0.0,1.0,0.11,0.73,0.0,2007-2009,2007,2009,2,3,3.0,0.0,0.0,0.0,0.0,0.0,0.0,0.0,0.0,0.0,0.0,True,True,All-rounder
SM Katich (AUS),2005-2006,2005,2006,1,3,2.0,0.0,69.0,39,39.0,0,34.5,47.0,146.8,0.0,0.0,0.0,8.0,2.0,23.0,0.0,0.0,79.42,2005-2006,2005,2006,1,3,,,,,,-,,,,,,,,,,2005-2006,2005,2006,1,3,3.0,2.0,2.0,0.0,0.0,2.0,,0.666,0.67,0.67,0.0,True,True,All-rounder
SM Pollock (SA),2005-2008,2005,2008,3,12,9.0,2.0,86.0,36*,36.0,1,12.28,70.0,122.85,0.0,0.0,3.0,4.0,4.0,7.17,0.0,0.0,56.51,2005-2008,2005,2008,3,12,11.0,40.3,1.0,309.0,15.0,Mar-28,20.6,7.62,16.2,0.0,0.0,1.25,0.13,0.91,0.0,2005-2008,2005,2008,3,12,12.0,2.0,2.0,0.0,0.0,2.0,,0.166,0.17,0.17,0.0,True,True,All-rounder
SM Sharif (SCOT),2012-2019,2012,2019,7,42,18.0,9.0,123.0,26,26.0,0,13.66,100.0,123.0,0.0,0.0,2.0,8.0,3.0,2.93,0.0,0.0,57.4,2012-2019,2012,2019,7,42,41.0,143.5,0.0,1185.0,49.0,Apr-24,24.18,8.23,17.6,1.0,0.0,1.17,0.12,0.85,0.0,2012-2019,2012,2019,7,42,41.0,10.0,10.0,0.0,0.0,10.0,,0.243,0.24,0.24,0.0,True,True,All-rounder
SMA Priyanjan (SL),2017-2017,2017,2017,0,3,3.0,2.0,54.0,40*,40.0,1,54.0,62.0,87.09,0.0,0.0,0.0,1.0,2.0,18.0,0.0,0.0,67.24,2017-2017,2017,2017,0,3,,,,,,-,,,,,,,,,,2017-2017,2017,2017,0,3,3.0,0.0,0.0,0.0,0.0,0.0,0.0,0.0,0.0,0.0,0.0,True,True,All-rounder
SMK Waththage (CZK-R),2019-2019,2019,2019,0,5,1.0,0.0,3.0,3,3.0,0,3.0,5.0,60.0,0.0,0.0,0.0,0.0,0.0,0.6,0.0,0.0,25.8,2019-2019,2019,2019,0,5,5.0,12.0,3.0,66.0,4.0,03-Apr,16.5,5.5,18.0,0.0,0.0,0.8,0.18,0.61,0.0,2019-2019,2019,2019,0,5,5.0,0.0,0.0,0.0,0.0,0.0,0.0,0.0,0.0,0.0,0.0,True,True,All-rounder
SMSM Senanayake (SL),2012-2016,2012,2016,4,24,12.0,6.0,56.0,17,17.0,0,9.33,66.0,84.84,0.0,0.0,2.0,3.0,1.0,2.33,0.0,0.0,39.53,2012-2016,2012,2016,4,24,23.0,81.0,0.0,549.0,25.0,Apr-46,21.96,6.77,19.4,1.0,0.0,1.04,0.15,0.77,0.0,2012-2016,2012,2016,4,24,24.0,3.0,3.0,0.0,0.0,3.0,,0.125,0.13,0.13,0.0,True,True,All-rounder
SN Netravalkar (USA),2019-2019,2019,2019,0,8,2.0,1.0,19.0,12,12.0,0,19.0,15.0,126.66,0.0,0.0,0.0,1.0,1.0,2.38,0.0,0.0,62.06,2019-2019,2019,2019,0,8,8.0,22.4,0.0,161.0,4.0,Feb-28,40.25,7.1,34.0,0.0,0.0,0.5,0.14,0.39,0.0,2019-2019,2019,2019,0,8,8.0,4.0,4.0,0.0,0.0,4.0,,0.5,0.5,0.5,0.0,True,True,All-rounder
SN Thakur (INDIA),2018-2018,2018,2018,0,7,,,,-,,0,,,,,,,,,,,,,2018-2018,2018,2018,0,7,7.0,27.3,0.0,242.0,8.0,Apr-27,30.25,8.8,20.6,1.0,0.0,1.14,0.11,0.83,0.0,2018-2018,2018,2018,0,7,7.0,3.0,3.0,0.0,0.0,3.0,,0.428,0.43,0.43,0.0,True,True,All-rounder
SNJ O'Keefe (AUS),2010-2011,2010,2011,1,7,5.0,0.0,32.0,22,22.0,0,6.4,26.0,123.07,0.0,0.0,0.0,4.0,1.0,4.57,0.0,0.0,53.07,2010-2011,2010,2011,1,7,7.0,19.0,0.0,149.0,6.0,Mar-29,24.83,7.84,19.0,0.0,0.0,0.86,0.13,0.64,0.0,2010-2011,2010,2011,1,7,7.0,1.0,1.0,0.0,0.0,1.0,,0.142,0.14,0.14,0.0,True,True,All-rounder
SO Hetmyer (WI),2018-2019,2018,2019,1,20,18.0,1.0,279.0,56,56.0,0,16.41,223.0,125.11,0.0,1.0,2.0,19.0,17.0,13.95,0.0,5.0,59.89,2018-2019,2018,2019,1,20,,,,,,-,,,,,,,,,,2018-2019,2018,2019,1,20,20.0,6.0,6.0,0.0,0.0,6.0,,0.3,0.3,0.3,0.0,True,True,All-rounder
SO Ngoche (KENYA),2010-2019,2010,2019,9,28,18.0,5.0,107.0,38,38.0,0,8.23,118.0,90.67,0.0,0.0,2.0,5.0,4.0,3.82,0.0,0.0,41.21,2010-2019,2010,2019,9,28,28.0,94.0,0.0,637.0,35.0,Apr-14,18.2,6.77,16.1,2.0,0.0,1.25,0.15,0.92,0.0,2010-2019,2010,2019,9,28,28.0,9.0,9.0,0.0,0.0,9.0,,0.321,0.32,0.32,0.0,True,True,All-rounder
SO Tikolo (KENYA),2007-2013,2007,2013,6,15,15.0,3.0,345.0,56*,56.0,1,28.75,281.0,122.77,0.0,2.0,3.0,46.0,6.0,23.0,0.0,13.33,66.36,2007-2013,2007,2013,6,15,10.0,28.2,0.0,168.0,12.0,04-Feb,14.0,5.92,14.1,1.0,0.0,0.8,0.17,0.61,0.0,2007-2013,2007,2013,6,15,15.0,5.0,5.0,0.0,0.0,5.0,,0.333,0.33,0.33,0.0,True,True,All-rounder
SP Fleming (NZ),2005-2006,2005,2006,1,5,5.0,0.0,110.0,38,38.0,0,22.0,85.0,129.41,0.0,0.0,0.0,20.0,0.0,22.0,0.0,0.0,64.96,2005-2006,2005,2006,1,5,,,,,,-,,,,,,,,,,2005-2006,2005,2006,1,5,5.0,2.0,2.0,0.0,0.0,2.0,,0.4,0.4,0.4,0.0,True,True,All-rounder
SP Gauchan (NEPAL),2014-2015,2014,2015,1,9,5.0,2.0,13.0,6*,6.0,1,4.33,43.0,30.23,0.0,0.0,2.0,0.0,0.0,1.44,0.0,0.0,14.69,2014-2015,2014,2015,1,9,8.0,30.0,0.0,169.0,8.0,03-Sep,21.12,5.63,22.5,0.0,0.0,0.89,0.18,0.68,0.0,2014-2015,2014,2015,1,9,9.0,0.0,0.0,0.0,0.0,0.0,0.0,0.0,0.0,0.0,0.0,True,True,All-rounder
SP Khakurel (NEPAL),2014-2015,2014,2015,1,8,8.0,0.0,112.0,56,56.0,0,14.0,139.0,80.57,0.0,1.0,0.0,10.0,1.0,14.0,0.0,12.5,40.63,2014-2015,2014,2015,1,8,,,,,,-,,,,,,,,,,2014-2015,2014,2015,1,8,8.0,5.0,2.0,3.0,2.0,0.0,,0.625,0.25,0.63,0.38,True,True,All-rounder
SP Narine (WI),2012-2019,2012,2019,7,51,23.0,8.0,155.0,30,30.0,0,10.33,138.0,112.31,0.0,0.0,2.0,13.0,5.0,3.04,0.0,0.0,51.12,2012-2019,2012,2019,7,51,49.0,183.4,1.0,1105.0,52.0,04-Dec,21.25,6.01,21.1,1.0,0.0,1.02,0.17,0.76,0.0,2012-2019,2012,2019,7,51,51.0,7.0,7.0,0.0,0.0,7.0,,0.137,0.14,0.14,0.0,True,True,All-rounder
SP Patil (UAE),2014-2016,2014,2016,2,18,13.0,0.0,187.0,37,37.0,0,14.38,218.0,85.77,0.0,0.0,3.0,16.0,4.0,10.39,0.0,0.0,42.94,2014-2016,2014,2016,2,18,,,,,,-,,,,,,,,,,2014-2016,2014,2016,2,18,18.0,13.0,9.0,4.0,9.0,0.0,,0.722,0.5,0.72,0.22,True,True,All-rounder
SP Terry (IRE),2016-2016,2016,2016,0,1,1.0,0.0,4.0,4,4.0,0,4.0,6.0,66.66,0.0,0.0,0.0,0.0,0.0,4.0,0.0,0.0,29.06,2016-2016,2016,2016,0,1,,,,,,-,,,,,,,,,,2016-2016,2016,2016,0,1,1.0,1.0,1.0,0.0,0.0,1.0,,1.0,1.0,1.0,0.0,True,True,All-rounder
SPD Smith (AUS),2010-2019,2010,2019,9,36,28.0,7.0,577.0,90,90.0,0,27.47,448.0,128.79,0.0,4.0,1.0,53.0,12.0,16.03,0.0,11.11,68.0,2010-2019,2010,2019,9,36,17.0,48.3,1.0,377.0,17.0,Mar-20,22.17,7.77,17.1,0.0,0.0,0.47,0.13,0.37,0.0,2010-2019,2010,2019,9,36,36.0,21.0,21.0,0.0,0.0,21.0,,0.583,0.58,0.58,0.0,True,True,All-rounder
SR Bhudia (KENYA),2019-2019,2019,2019,0,4,3.0,1.0,4.0,3,3.0,0,2.0,16.0,25.0,0.0,0.0,1.0,0.0,0.0,1.0,0.0,0.0,11.2,2019-2019,2019,2019,0,4,4.0,9.0,0.0,63.0,1.0,01-Jun,63.0,7.0,54.0,0.0,0.0,0.25,0.14,0.22,0.0,2019-2019,2019,2019,0,4,4.0,1.0,1.0,0.0,0.0,1.0,,0.25,0.25,0.25,0.0,True,True,All-rounder
SR Clark (AUS),2006-2007,2006,2007,1,9,,,,-,,0,,,,,,,,,,,,,2006-2007,2006,2007,1,9,9.0,36.0,0.0,237.0,13.0,Apr-20,18.23,6.58,16.6,1.0,0.0,1.44,0.15,1.06,0.0,2006-2007,2006,2007,1,9,9.0,4.0,4.0,0.0,0.0,4.0,,0.444,0.44,0.44,0.0,True,True,All-rounder
SR Patel (ENG),2011-2013,2011,2013,2,18,14.0,2.0,189.0,67,67.0,0,15.75,173.0,109.24,0.0,1.0,2.0,17.0,5.0,10.5,0.0,5.56,53.15,2011-2013,2011,2013,2,18,15.0,42.0,0.0,321.0,7.0,02-Jun,45.85,7.64,36.0,0.0,0.0,0.39,0.13,0.31,0.0,2011-2013,2011,2013,2,18,18.0,3.0,3.0,0.0,0.0,3.0,,0.166,0.17,0.17,0.0,True,True,All-rounder
SR Taylor (USA),2019-2019,2019,2019,0,8,8.0,1.0,265.0,72,72.0,0,37.85,207.0,128.01,0.0,2.0,1.0,28.0,10.0,33.13,0.0,25.0,73.91,2019-2019,2019,2019,0,8,5.0,13.0,1.0,70.0,3.0,02-Oct,23.33,5.38,26.0,0.0,0.0,0.38,0.19,0.32,0.0,2019-2019,2019,2019,0,8,8.0,5.0,5.0,0.0,0.0,5.0,,0.625,0.63,0.63,0.0,True,True,All-rounder
SR Tendulkar (INDIA),2006-2006,2006,2006,0,1,1.0,0.0,10.0,10,10.0,0,10.0,12.0,83.33,0.0,0.0,0.0,2.0,0.0,10.0,0.0,0.0,39.33,2006-2006,2006,2006,0,1,1.0,2.3,0.0,12.0,1.0,01-Dec,12.0,4.8,15.0,0.0,0.0,1.0,0.21,0.76,0.0,2006-2006,2006,2006,0,1,1.0,1.0,1.0,0.0,0.0,1.0,,1.0,1.0,1.0,0.0,True,True,All-rounder
SR Thompson (IRE),2014-2019,2014,2019,5,41,30.0,8.0,328.0,56,56.0,0,14.9,254.0,129.13,0.0,1.0,1.0,23.0,14.0,8.0,0.0,2.44,60.59,2014-2019,2014,2019,5,41,30.0,79.0,0.0,670.0,18.0,Apr-18,37.22,8.48,26.3,1.0,0.0,0.44,0.12,0.34,0.0,2014-2019,2014,2019,5,41,39.0,23.0,23.0,0.0,0.0,23.0,,0.589,0.56,0.56,0.0,True,True,All-rounder
SR Watson (AUS),2006-2016,2006,2016,10,58,56.0,6.0,1462.0,124*,124.0,1,29.24,1006.0,145.32,1.0,10.0,3.0,115.0,83.0,25.21,1.72,17.24,75.67,2006-2016,2006,2016,10,58,49.0,155.0,2.0,1187.0,48.0,Apr-15,24.72,7.65,19.3,1.0,0.0,0.83,0.13,0.62,0.0,2006-2016,2006,2016,10,58,58.0,20.0,20.0,0.0,0.0,20.0,,0.344,0.34,0.34,0.0,True,True,All-rounder
SR Welsh (CAN),2008-2008,2008,2008,0,1,,,,-,,0,,,,,,,,,,,,,2008-2008,2008,2008,0,1,1.0,3.0,0.0,6.0,2.0,02-Jun,3.0,2.0,9.0,0.0,0.0,2.0,0.5,1.55,0.0,2008-2008,2008,2008,0,1,1.0,2.0,2.0,0.0,0.0,2.0,,2.0,2.0,2.0,0.0,True,True,All-rounder
SS Cottrell (WI),2014-2019,2014,2019,5,22,7.0,4.0,15.0,4*,4.0,1,5.0,22.0,68.18,0.0,0.0,1.0,2.0,0.0,0.68,0.0,0.0,30.27,2014-2019,2014,2019,5,22,22.0,76.0,2.0,615.0,30.0,Apr-28,20.5,8.09,15.2,1.0,0.0,1.36,0.12,0.99,0.0,2014-2019,2014,2019,5,22,22.0,10.0,10.0,0.0,0.0,10.0,,0.454,0.45,0.45,0.0,True,True,All-rounder
SS Iyer (INDIA),2017-2019,2017,2019,2,14,13.0,3.0,226.0,62,62.0,0,22.6,178.0,126.96,0.0,1.0,1.0,18.0,9.0,16.14,0.0,7.14,64.34,2017-2019,2017,2019,2,14,,,,,,-,,,,,,,,,,2017-2019,2017,2019,2,14,14.0,4.0,4.0,0.0,0.0,4.0,,0.285,0.29,0.29,0.0,True,True,All-rounder
SS McKechnie (HKG),2019-2019,2019,2019,0,10,10.0,3.0,130.0,44,44.0,0,18.57,137.0,94.89,0.0,0.0,1.0,9.0,1.0,13.0,0.0,0.0,49.1,2019-2019,2019,2019,0,10,,,,,,-,,,,,,,,,,2019-2019,2019,2019,0,10,10.0,5.0,4.0,1.0,4.0,0.0,,0.5,0.4,0.5,0.1,True,True,All-rounder
SS Pathirana (SL),2016-2017,2016,2017,1,5,5.0,0.0,27.0,14,14.0,0,5.4,24.0,112.5,0.0,0.0,0.0,3.0,0.0,5.4,0.0,0.0,48.24,2016-2017,2016,2017,1,5,5.0,15.5,0.0,119.0,5.0,Feb-23,23.8,7.51,19.0,0.0,0.0,1.0,0.13,0.74,0.0,2016-2017,2016,2017,1,5,5.0,0.0,0.0,0.0,0.0,0.0,0.0,0.0,0.0,0.0,0.0,True,True,All-rounder
ST Finn (ENG),2011-2015,2011,2015,4,21,3.0,3.0,14.0,8*,8.0,1,,19.0,73.68,0.0,0.0,0.0,1.0,0.0,0.67,0.0,0.0,,2011-2015,2011,2015,4,21,21.0,80.0,0.0,583.0,27.0,Mar-16,21.59,7.28,17.7,0.0,0.0,1.29,0.14,0.94,0.0,2011-2015,2011,2015,4,21,21.0,6.0,6.0,0.0,0.0,6.0,,0.285,0.29,0.29,0.0,True,True,All-rounder
ST Gabriel (WI),2013-2013,2013,2013,0,2,,,,-,,0,,,,,,,,,,,,,2013-2013,2013,2013,0,2,2.0,7.0,0.0,56.0,3.0,Mar-44,18.66,8.0,14.0,0.0,0.0,1.5,0.13,1.09,0.0,2013-2013,2013,2013,0,2,2.0,1.0,1.0,0.0,0.0,1.0,,0.5,0.5,0.5,0.0,True,True,All-rounder
ST Jayasuriya (SL),2006-2011,2006,2011,5,31,30.0,3.0,629.0,88,88.0,0,23.29,487.0,129.15,0.0,4.0,4.0,76.0,23.0,20.29,0.0,12.9,65.63,2006-2011,2006,2011,5,31,24.0,61.5,0.0,456.0,19.0,Mar-21,24.0,7.37,19.5,0.0,0.0,0.61,0.14,0.47,0.0,2006-2011,2006,2011,5,31,31.0,4.0,4.0,0.0,0.0,4.0,,0.129,0.13,0.13,0.0,True,True,All-rounder
ST de Silva (SL),2017-2017,2017,2017,0,3,2.0,0.0,3.0,3,3.0,0,1.5,7.0,42.85,0.0,0.0,1.0,0.0,0.0,1.0,0.0,0.0,18.04,2017-2017,2017,2017,0,3,1.0,1.0,0.0,10.0,0.0,-,,10.0,,0.0,0.0,0.0,0.1,0.03,0.0,2017-2017,2017,2017,0,3,3.0,0.0,0.0,0.0,0.0,0.0,0.0,0.0,0.0,0.0,0.0,True,True,All-rounder
STR Binny (INDIA),2015-2016,2015,2016,1,3,2.0,0.0,35.0,24,24.0,0,17.5,29.0,120.68,0.0,0.0,0.0,2.0,1.0,11.67,0.0,0.0,58.77,2015-2016,2015,2016,1,3,3.0,5.0,0.0,54.0,1.0,Jan-14,54.0,10.8,30.0,0.0,0.0,0.33,0.09,0.26,0.0,2015-2016,2015,2016,1,3,3.0,0.0,0.0,0.0,0.0,0.0,0.0,0.0,0.0,0.0,0.0,True,True,All-rounder
SV Samson (INDIA),2015-2015,2015,2015,0,1,1.0,0.0,19.0,19,19.0,0,19.0,24.0,79.16,0.0,0.0,0.0,1.0,0.0,19.0,0.0,0.0,43.06,2015-2015,2015,2015,0,1,,,,,,-,,,,,,,,,,2015-2015,2015,2015,0,1,1.0,1.0,1.0,0.0,0.0,1.0,,1.0,1.0,1.0,0.0,True,True,All-rounder
SW Billings (ENG/ICC),2015-2019,2015,2019,4,26,23.0,3.0,348.0,87,87.0,0,17.4,255.0,136.47,0.0,2.0,1.0,33.0,11.0,13.38,0.0,7.69,65.03,2015-2019,2015,2019,4,26,,,,,,-,,,,,,,,,,2015-2019,2015,2019,4,26,26.0,16.0,15.0,1.0,4.0,11.0,,0.615,0.58,0.62,0.04,True,True,All-rounder
SW Masakadza (ZIM),2010-2013,2010,2013,3,7,5.0,1.0,18.0,9,9.0,0,4.5,24.0,75.0,0.0,0.0,1.0,1.0,0.0,2.57,0.0,0.0,32.7,2010-2013,2010,2013,3,7,7.0,19.3,0.0,211.0,4.0,Feb-39,52.75,10.82,29.2,0.0,0.0,0.57,0.09,0.43,0.0,2010-2013,2010,2013,3,7,7.0,2.0,2.0,0.0,0.0,2.0,,0.285,0.29,0.29,0.0,True,True,All-rounder
SW Poynter (IRE),2015-2019,2015,2019,4,25,21.0,6.0,240.0,39,39.0,0,16.0,213.0,112.67,0.0,0.0,0.0,22.0,6.0,9.6,0.0,0.0,54.67,2015-2019,2015,2019,4,25,,,,,,-,,,,,,,,,,2015-2019,2015,2019,4,25,23.0,15.0,13.0,2.0,8.0,5.0,,0.652,0.52,0.6,0.08,True,True,All-rounder
SW Tait (AUS),2007-2016,2007,2016,9,21,6.0,2.0,11.0,6,6.0,0,2.75,15.0,73.33,0.0,0.0,1.0,0.0,1.0,0.52,0.0,0.0,30.98,2007-2016,2007,2016,9,21,21.0,79.4,2.0,589.0,28.0,Mar-13,21.03,7.39,17.0,0.0,0.0,1.33,0.14,0.97,0.0,2007-2016,2007,2016,9,21,21.0,3.0,3.0,0.0,0.0,3.0,,0.142,0.14,0.14,0.0,True,True,All-rounder
Saad Bin Zafar (CAN),2019-2019,2019,2019,0,11,4.0,1.0,43.0,20,20.0,0,14.33,33.0,130.3,0.0,0.0,0.0,3.0,2.0,3.91,0.0,0.0,60.72,2019-2019,2019,2019,0,11,11.0,43.0,2.0,285.0,17.0,03-Aug,16.76,6.62,15.1,0.0,0.0,1.55,0.15,1.13,0.0,2019-2019,2019,2019,0,11,11.0,3.0,3.0,0.0,0.0,3.0,,0.272,0.27,0.27,0.0,True,True,All-rounder
Saad Nasim (PAK),2014-2014,2014,2014,0,3,2.0,0.0,44.0,25,25.0,0,22.0,53.0,83.01,0.0,0.0,0.0,0.0,1.0,14.67,0.0,0.0,46.4,2014-2014,2014,2014,0,3,1.0,1.0,0.0,12.0,0.0,-,,12.0,,0.0,0.0,0.0,0.08,0.03,0.0,2014-2014,2014,2014,0,3,3.0,1.0,1.0,0.0,0.0,1.0,,0.333,0.33,0.33,0.0,True,True,All-rounder
Sabbir Rahman (BDESH),2014-2019,2014,2019,5,44,43.0,5.0,946.0,80,80.0,0,24.89,783.0,120.81,0.0,4.0,2.0,89.0,28.0,21.5,0.0,9.09,63.26,2014-2019,2014,2019,5,44,8.0,11.1,0.0,70.0,6.0,03-Nov,11.66,6.26,11.1,0.0,0.0,0.14,0.16,0.14,0.0,2014-2019,2014,2019,5,44,43.0,25.0,25.0,0.0,0.0,25.0,,0.581,0.57,0.57,0.0,True,True,All-rounder
Saber Zakhil (Belg),2019-2019,2019,2019,0,3,3.0,0.0,49.0,18,18.0,0,16.33,35.0,140.0,0.0,0.0,0.0,2.0,3.0,16.33,0.0,0.0,65.8,2019-2019,2019,2019,0,3,3.0,9.0,0.0,69.0,1.0,Jan-23,69.0,7.66,54.0,0.0,0.0,0.33,0.13,0.27,0.0,2019-2019,2019,2019,0,3,3.0,2.0,2.0,0.0,0.0,2.0,,0.666,0.67,0.67,0.0,True,True,All-rounder
Sadeeq Khan (ROM),2019-2019,2019,2019,0,3,3.0,1.0,64.0,28,28.0,0,32.0,42.0,152.38,0.0,0.0,0.0,3.0,6.0,21.33,0.0,0.0,80.15,2019-2019,2019,2019,0,3,3.0,12.0,0.0,63.0,2.0,Jan-21,31.5,5.25,36.0,0.0,0.0,0.67,0.19,0.52,0.0,2019-2019,2019,2019,0,3,3.0,1.0,1.0,0.0,0.0,1.0,,0.333,0.33,0.33,0.0,True,True,All-rounder
Saeed Ajmal (PAK),2009-2015,2009,2015,6,64,23.0,12.0,91.0,21*,21.0,1,8.27,86.0,105.81,0.0,0.0,3.0,7.0,2.0,1.42,0.0,0.0,47.29,2009-2015,2009,2015,6,64,63.0,238.2,2.0,1516.0,85.0,Apr-19,17.83,6.36,16.8,4.0,0.0,1.33,0.16,0.98,0.0,2009-2015,2009,2015,6,64,64.0,12.0,12.0,0.0,0.0,12.0,,0.187,0.19,0.19,0.0,True,True,All-rounder
Sagar Pun (NEPAL),2014-2015,2014,2015,1,9,9.0,0.0,90.0,20,20.0,0,10.0,100.0,90.0,0.0,0.0,0.0,13.0,0.0,10.0,0.0,0.0,42.0,2014-2015,2014,2015,1,9,8.0,23.3,0.0,131.0,6.0,Mar-26,21.83,5.57,23.5,0.0,0.0,0.67,0.18,0.52,0.0,2014-2015,2014,2015,1,9,9.0,2.0,2.0,0.0,0.0,2.0,,0.222,0.22,0.22,0.0,True,True,All-rounder
Sahibzada Farhan (PAK),2018-2018,2018,2018,0,3,3.0,0.0,40.0,39,39.0,0,13.33,46.0,86.95,0.0,0.0,1.0,2.0,3.0,13.33,0.0,0.0,42.78,2018-2018,2018,2018,0,3,,,,,,-,,,,,,,,,,2018-2018,2018,2018,0,3,3.0,2.0,2.0,0.0,0.0,2.0,,0.666,0.67,0.67,0.0,True,True,All-rounder
Sahir Naqash (GER),2019-2019,2019,2019,0,7,5.0,1.0,71.0,38*,38.0,1,17.75,52.0,136.53,0.0,0.0,2.0,2.0,5.0,10.14,0.0,0.0,65.26,2019-2019,2019,2019,0,7,5.0,9.0,0.0,52.0,4.0,02-Mar,13.0,5.77,13.5,0.0,0.0,0.57,0.17,0.45,0.0,2019-2019,2019,2019,0,7,7.0,1.0,1.0,0.0,0.0,1.0,,0.142,0.14,0.14,0.0,True,True,All-rounder
Sajedul Islam (BDESH),2013-2013,2013,2013,0,1,,,,-,,0,,,,,,,,,,,,,2013-2013,2013,2013,0,1,1.0,1.0,0.0,15.0,0.0,-,,15.0,,0.0,0.0,0.0,0.07,0.02,0.0,2013-2013,2013,2013,0,1,1.0,1.0,1.0,0.0,0.0,1.0,,1.0,1.0,1.0,0.0,True,True,All-rounder
Sajid Cheema (Saudi),2019-2019,2019,2019,0,5,5.0,0.0,118.0,47,47.0,0,23.6,97.0,121.64,0.0,0.0,0.0,12.0,5.0,23.6,0.0,0.0,62.82,2019-2019,2019,2019,0,5,,,,,,-,,,,,,,,,,2019-2019,2019,2019,0,5,5.0,3.0,3.0,0.0,0.0,3.0,,0.6,0.6,0.6,0.0,True,True,All-rounder
Sajid Liaqat (GER),2019-2019,2019,2019,0,2,1.0,1.0,0.0,0*,0.0,1,,0.0,,0.0,0.0,0.0,0.0,0.0,,0.0,0.0,,2019-2019,2019,2019,0,2,2.0,8.0,0.0,72.0,2.0,Jan-30,36.0,9.0,24.0,0.0,0.0,1.0,0.11,0.73,0.0,2019-2019,2019,2019,0,2,2.0,0.0,0.0,0.0,0.0,0.0,0.0,0.0,0.0,0.0,0.0,True,True,All-rounder
Sakib Hasan (Serb),2019-2019,2019,2019,0,2,2.0,0.0,9.0,8,8.0,0,4.5,7.0,128.57,0.0,0.0,0.0,1.0,0.0,4.5,0.0,0.0,54.13,2019-2019,2019,2019,0,2,1.0,1.0,0.0,13.0,0.0,-,,13.0,,0.0,0.0,0.0,0.08,0.02,0.0,2019-2019,2019,2019,0,2,2.0,0.0,0.0,0.0,0.0,0.0,0.0,0.0,0.0,0.0,0.0,True,True,All-rounder
Salman Butt (PAK),2007-2010,2007,2010,3,24,23.0,2.0,595.0,74,74.0,0,28.33,551.0,107.98,0.0,3.0,1.0,66.0,10.0,24.79,0.0,12.5,60.19,2007-2010,2007,2010,3,24,,,,,,-,,,,,,,,,,2007-2010,2007,2010,3,24,24.0,3.0,3.0,0.0,0.0,3.0,,0.125,0.13,0.13,0.0,True,True,All-rounder
Sami Sohail (MWI),2019-2019,2019,2019,0,7,5.0,4.0,115.0,33*,33.0,1,115.0,97.0,118.55,0.0,0.0,0.0,10.0,2.0,16.43,0.0,0.0,116.42,2019-2019,2019,2019,0,7,7.0,26.0,3.0,164.0,14.0,Apr-18,11.71,6.3,11.1,1.0,0.0,2.0,0.16,1.45,0.0,2019-2019,2019,2019,0,7,7.0,5.0,5.0,0.0,0.0,5.0,,0.714,0.71,0.71,0.0,True,True,All-rounder
Samiullah Shinwari (AFG),2010-2019,2010,2019,9,62,55.0,10.0,985.0,61,61.0,0,21.88,829.0,118.81,0.0,2.0,2.0,73.0,37.0,15.89,0.0,3.23,60.65,2010-2019,2010,2019,9,62,38.0,105.4,0.0,688.0,28.0,May-13,24.57,6.51,22.6,1.0,1.0,0.45,0.15,0.36,0.016,2010-2019,2010,2019,9,62,62.0,18.0,18.0,0.0,0.0,18.0,,0.29,0.29,0.29,0.0,True,True,All-rounder
Sandeep Goud (OMAN),2019-2019,2019,2019,0,12,7.0,3.0,77.0,31*,31.0,1,19.25,72.0,106.94,0.0,0.0,0.0,3.0,3.0,6.42,0.0,0.0,54.33,2019-2019,2019,2019,0,12,2.0,6.0,0.0,48.0,2.0,Feb-36,24.0,8.0,18.0,0.0,0.0,0.17,0.13,0.15,0.0,2019-2019,2019,2019,0,12,12.0,5.0,5.0,0.0,0.0,5.0,,0.416,0.42,0.42,0.0,True,True,All-rounder
Sandeep Sharma (INDIA),2015-2015,2015,2015,0,2,1.0,1.0,1.0,1*,1.0,1,,1.0,100.0,0.0,0.0,0.0,0.0,0.0,0.5,0.0,0.0,,2015-2015,2015,2015,0,2,2.0,7.0,0.0,73.0,1.0,Jan-39,73.0,10.42,42.0,0.0,0.0,0.5,0.1,0.38,0.0,2015-2015,2015,2015,0,2,2.0,0.0,0.0,0.0,0.0,0.0,0.0,0.0,0.0,0.0,0.0,True,True,All-rounder
Saqib Zulfiqar (NL),2018-2019,2018,2019,1,6,4.0,0.0,34.0,18,18.0,0,8.5,43.0,79.06,0.0,0.0,0.0,1.0,0.0,5.67,0.0,0.0,36.72,2018-2019,2018,2019,1,6,4.0,9.0,0.0,61.0,2.0,01-Apr,30.5,6.77,27.0,0.0,0.0,0.33,0.15,0.28,0.0,2018-2019,2018,2019,1,6,6.0,2.0,2.0,0.0,0.0,2.0,,0.333,0.33,0.33,0.0,True,True,All-rounder
Saqlain Ali (Belg),2019-2019,2019,2019,0,2,1.0,0.0,2.0,2,2.0,0,2.0,6.0,33.33,0.0,0.0,0.0,0.0,0.0,1.0,0.0,0.0,14.53,2019-2019,2019,2019,0,2,2.0,7.0,0.0,36.0,2.0,01-Dec,18.0,5.14,21.0,0.0,0.0,1.0,0.19,0.76,0.0,2019-2019,2019,2019,0,2,2.0,0.0,0.0,0.0,0.0,0.0,0.0,0.0,0.0,0.0,0.0,True,True,All-rounder
Saqlain Arshad (QAT),2019-2019,2019,2019,0,2,1.0,0.0,11.0,11,11.0,0,11.0,10.0,110.0,0.0,0.0,0.0,0.0,1.0,5.5,0.0,0.0,50.6,2019-2019,2019,2019,0,2,1.0,1.0,0.0,12.0,0.0,-,,12.0,,0.0,0.0,0.0,0.08,0.03,0.0,2019-2019,2019,2019,0,2,2.0,1.0,1.0,0.0,0.0,1.0,,0.5,0.5,0.5,0.0,True,True,All-rounder
Saqlain Haider (UAE),2016-2016,2016,2016,0,6,5.0,1.0,14.0,7,7.0,0,3.5,35.0,40.0,0.0,0.0,0.0,0.0,0.0,2.33,0.0,0.0,18.1,2016-2016,2016,2016,0,6,,,,,,-,,,,,,,,,,2016-2016,2016,2016,0,6,6.0,4.0,4.0,0.0,0.0,4.0,,0.666,0.67,0.67,0.0,True,True,All-rounder
Saqlain Sajib (BDESH),2016-2016,2016,2016,0,1,,,,-,,0,,,,,,,,,,,,,2016-2016,2016,2016,0,1,1.0,3.3,0.0,40.0,0.0,-,,11.42,,0.0,0.0,0.0,0.09,0.03,0.0,2016-2016,2016,2016,0,1,1.0,0.0,0.0,0.0,0.0,0.0,0.0,0.0,0.0,0.0,0.0,True,True,All-rounder
Sarfaraz Ahmed (PAK),2010-2019,2010,2019,9,58,41.0,12.0,812.0,89*,89.0,1,28.0,641.0,126.67,0.0,3.0,2.0,79.0,15.0,14.0,0.0,5.17,67.47,2010-2019,2010,2019,9,58,,,,,,-,,,,,,,,,,2010-2019,2010,2019,9,58,58.0,45.0,35.0,10.0,35.0,0.0,,0.775,0.6,0.78,0.17,True,True,All-rounder
Sarfaraz Ali (BAH),2019-2019,2019,2019,0,4,4.0,0.0,141.0,59,59.0,0,35.25,87.0,162.06,0.0,1.0,0.0,17.0,8.0,35.25,0.0,25.0,85.97,2019-2019,2019,2019,0,4,3.0,8.0,0.0,60.0,2.0,Feb-20,30.0,7.5,24.0,0.0,0.0,0.5,0.13,0.39,0.0,2019-2019,2019,2019,0,4,4.0,0.0,0.0,0.0,0.0,0.0,0.0,0.0,0.0,0.0,0.0,True,True,All-rounder
Sayed Shirzad (AFG),2015-2019,2015,2019,4,4,1.0,0.0,1.0,1,1.0,0,1.0,2.0,50.0,0.0,0.0,0.0,0.0,0.0,0.25,0.0,0.0,20.6,2015-2019,2015,2019,4,4,4.0,15.0,1.0,116.0,7.0,Mar-16,16.57,7.73,12.8,0.0,0.0,1.75,0.13,1.26,0.0,2015-2019,2015,2019,4,4,4.0,1.0,1.0,0.0,0.0,1.0,,0.25,0.25,0.25,0.0,True,True,All-rounder
Shabbir Ahmed (PAK),2007-2007,2007,2007,0,1,,,,-,,0,,,,,,,,,,,,,2007-2007,2007,2007,0,1,1.0,2.0,0.0,19.0,0.0,-,,9.5,,0.0,0.0,0.0,0.11,0.03,0.0,2007-2007,2007,2007,0,1,1.0,0.0,0.0,0.0,0.0,0.0,0.0,0.0,0.0,0.0,0.0,True,True,All-rounder
Shabir Noori (AFG),2012-2012,2012,2012,0,1,1.0,0.0,15.0,15,15.0,0,15.0,18.0,83.33,0.0,0.0,0.0,1.0,0.0,15.0,0.0,0.0,42.33,2012-2012,2012,2012,0,1,,,,,,-,,,,,,,,,,2012-2012,2012,2012,0,1,1.0,0.0,0.0,0.0,0.0,0.0,0.0,0.0,0.0,0.0,0.0,True,True,All-rounder
Shadab Khan (PAK),2017-2019,2017,2019,2,38,14.0,5.0,122.0,29,29.0,0,13.55,96.0,127.08,0.0,0.0,2.0,6.0,6.0,3.21,0.0,0.0,58.96,2017-2019,2017,2019,2,38,36.0,135.3,1.0,948.0,46.0,Apr-14,20.6,6.99,17.6,1.0,0.0,1.21,0.14,0.89,0.0,2017-2019,2017,2019,2,38,38.0,11.0,11.0,0.0,0.0,11.0,,0.289,0.29,0.29,0.0,True,True,All-rounder
Shaffeq Muhammad (),2019-2019,2019,2019,0,2,,,,-,,0,,,,,,,,,,,,,2019-2019,2019,2019,0,2,2.0,7.0,1.0,21.0,2.0,02-Dec,10.5,3.0,21.0,0.0,0.0,1.0,0.33,0.8,0.0,2019-2019,2019,2019,0,2,2.0,1.0,1.0,0.0,0.0,1.0,,0.5,0.5,0.5,0.0,True,True,All-rounder
Shafiq Sharif (MAL),2019-2019,2019,2019,0,10,10.0,0.0,225.0,53,53.0,0,22.5,171.0,131.57,0.0,1.0,2.0,32.0,5.0,22.5,0.0,10.0,66.13,2019-2019,2019,2019,0,10,,,,,,-,,,,,,,,,,2019-2019,2019,2019,0,10,9.0,5.0,2.0,3.0,2.0,0.0,,0.555,0.2,0.5,0.3,True,True,All-rounder
Shafiqullah (AFG),2010-2019,2010,2019,9,46,42.0,12.0,494.0,51*,51.0,1,16.46,340.0,145.29,0.0,1.0,5.0,35.0,31.0,10.74,0.0,2.17,67.99,2010-2019,2010,2019,9,46,,,,,,-,,,,,,,,,,2010-2019,2010,2019,9,46,46.0,16.0,14.0,2.0,1.0,13.0,,0.347,0.3,0.35,0.04,True,True,All-rounder
Shafiul Islam (BDESH),2010-2019,2010,2019,9,17,6.0,1.0,23.0,16,16.0,0,4.6,33.0,69.69,0.0,0.0,1.0,1.0,1.0,1.35,0.0,0.0,30.64,2010-2019,2010,2019,9,17,17.0,56.4,1.0,459.0,16.0,Mar-36,28.68,8.1,21.2,0.0,0.0,0.94,0.12,0.7,0.0,2010-2019,2010,2019,9,17,17.0,1.0,1.0,0.0,0.0,1.0,,0.058,0.06,0.06,0.0,True,True,All-rounder
Shafraz Jaleel (Mald),2019-2019,2019,2019,0,4,3.0,0.0,17.0,17,17.0,0,5.66,14.0,121.42,0.0,0.0,2.0,1.0,1.0,4.25,0.0,0.0,51.96,2019-2019,2019,2019,0,4,,,,,,-,,,,,,,,,,2019-2019,2019,2019,0,4,4.0,6.0,4.0,2.0,4.0,0.0,,1.5,1.0,1.5,0.5,True,True,All-rounder
Shahadat Hossain (BDESH),2006-2013,2006,2013,7,6,5.0,3.0,8.0,4*,4.0,1,4.0,12.0,66.66,0.0,0.0,1.0,0.0,0.0,1.33,0.0,0.0,29.06,2006-2013,2006,2013,7,6,6.0,20.0,0.0,198.0,4.0,Feb-22,49.5,9.9,30.0,0.0,0.0,0.67,0.1,0.5,0.0,2006-2013,2006,2013,7,6,6.0,0.0,0.0,0.0,0.0,0.0,0.0,0.0,0.0,0.0,0.0,True,True,All-rounder
Shahbaz Badar (BAH),2019-2019,2019,2019,0,3,3.0,0.0,25.0,16,16.0,0,8.33,32.0,78.12,0.0,0.0,1.0,3.0,0.0,8.33,0.0,0.0,36.25,2019-2019,2019,2019,0,3,,,,,,-,,,,,,,,,,2019-2019,2019,2019,0,3,3.0,0.0,0.0,0.0,0.0,0.0,0.0,0.0,0.0,0.0,0.0,True,True,All-rounder
Shaheen Shah Afridi (PAK),2018-2019,2018,2019,1,10,1.0,1.0,0.0,0*,0.0,1,,2.0,0.0,0.0,0.0,0.0,0.0,0.0,,0.0,0.0,,2018-2019,2018,2019,1,10,10.0,38.0,0.0,288.0,14.0,Mar-20,20.57,7.57,16.2,0.0,0.0,1.4,0.13,1.02,0.0,2018-2019,2018,2019,1,10,10.0,1.0,1.0,0.0,0.0,1.0,,0.1,0.1,0.1,0.0,True,True,All-rounder
Shaheryar Butt (Belg),2019-2019,2019,2019,0,3,3.0,1.0,58.0,30*,30.0,1,29.0,55.0,105.45,0.0,0.0,0.0,3.0,4.0,19.33,0.0,0.0,59.58,2019-2019,2019,2019,0,3,,,,,,-,,,,,,,,,,2019-2019,2019,2019,0,3,3.0,1.0,1.0,0.0,0.0,1.0,,0.333,0.33,0.33,0.0,True,True,All-rounder
Shahid Afridi (ICC/PAK),2006-2018,2006,2018,12,99,91.0,12.0,1416.0,54*,54.0,1,17.92,944.0,150.0,0.0,4.0,8.0,103.0,73.0,14.3,0.0,4.04,70.75,2006-2018,2006,2018,12,99,97.0,361.2,4.0,2396.0,98.0,04-Nov,24.44,6.63,22.1,3.0,0.0,0.99,0.15,0.74,0.0,2006-2018,2006,2018,12,99,99.0,30.0,30.0,0.0,0.0,30.0,,0.303,0.3,0.3,0.0,True,True,All-rounder
Shahid Wasif (HKG),2016-2019,2016,2019,3,9,8.0,3.0,77.0,40,40.0,0,15.4,66.0,116.66,0.0,0.0,1.0,3.0,1.0,8.56,0.0,0.0,55.9,2016-2019,2016,2019,3,9,,,,,,-,,,,,,,,,,2016-2019,2016,2019,3,9,9.0,1.0,1.0,0.0,0.0,1.0,,0.111,0.11,0.11,0.0,True,True,All-rounder
Shahriar Nafees (BDESH),2006-2006,2006,2006,0,1,1.0,0.0,25.0,25,25.0,0,25.0,17.0,147.05,0.0,0.0,0.0,3.0,1.0,25.0,0.0,0.0,73.82,2006-2006,2006,2006,0,1,,,,,,-,,,,,,,,,,2006-2006,2006,2006,0,1,1.0,1.0,1.0,0.0,0.0,1.0,,1.0,1.0,1.0,0.0,True,True,All-rounder
Shahzad Muhammad (Mex),2019-2019,2019,2019,0,2,1.0,0.0,14.0,14,14.0,0,14.0,7.0,200.0,0.0,0.0,0.0,1.0,1.0,7.0,0.0,0.0,88.4,2019-2019,2019,2019,0,2,1.0,3.0,0.0,29.0,1.0,Jan-29,29.0,9.66,18.0,0.0,0.0,0.5,0.1,0.38,0.0,2019-2019,2019,2019,0,2,2.0,0.0,0.0,0.0,0.0,0.0,0.0,0.0,0.0,0.0,0.0,True,True,All-rounder
Shahzaib Hasan (PAK),2009-2010,2009,2010,1,10,10.0,0.0,116.0,35,35.0,0,11.6,130.0,89.23,0.0,0.0,3.0,13.0,3.0,11.6,0.0,0.0,42.65,2009-2010,2009,2010,1,10,,,,,,-,,,,,,,,,,2009-2010,2009,2010,1,10,10.0,3.0,3.0,0.0,0.0,3.0,,0.3,0.3,0.3,0.0,True,True,All-rounder
Shaikh Ashraf (Peru),2019-2019,2019,2019,0,4,4.0,0.0,82.0,38,38.0,0,20.5,67.0,122.38,0.0,0.0,0.0,8.0,3.0,20.5,0.0,0.0,61.25,2019-2019,2019,2019,0,4,2.0,4.0,0.0,34.0,1.0,Jan-18,34.0,8.5,24.0,0.0,0.0,0.25,0.12,0.21,0.0,2019-2019,2019,2019,0,4,4.0,2.0,2.0,0.0,0.0,2.0,,0.5,0.5,0.5,0.0,True,True,All-rounder
Shaiman Anwar (UAE),2014-2019,2014,2019,5,32,32.0,3.0,971.0,117*,117.0,1,33.48,770.0,126.1,1.0,6.0,1.0,75.0,43.0,30.34,3.13,18.75,70.53,2014-2019,2014,2019,5,32,,,,,,-,,,,,,,,,,2014-2019,2014,2019,5,32,32.0,11.0,11.0,0.0,0.0,11.0,,0.343,0.34,0.34,0.0,True,True,All-rounder
Shakeel Ansar (PAK),2012-2012,2012,2012,0,2,1.0,0.0,0.0,0,0.0,0,0.0,1.0,0.0,0.0,0.0,1.0,0.0,0.0,,0.0,0.0,0.0,2012-2012,2012,2012,0,2,,,,,,-,,,,,,,,,,2012-2012,2012,2012,0,2,2.0,2.0,1.0,1.0,1.0,0.0,,1.0,0.5,1.0,0.5,True,True,All-rounder
Shakib Al Hasan (BDESH),2006-2019,2006,2019,13,76,76.0,10.0,1567.0,84,84.0,0,23.74,1266.0,123.77,0.0,9.0,5.0,163.0,33.0,20.62,0.0,11.84,63.75,2006-2019,2006,2019,13,76,75.0,277.5,2.0,1894.0,92.0,May-20,20.58,6.81,18.1,3.0,1.0,1.21,0.15,0.89,0.013,2006-2019,2006,2019,13,76,75.0,19.0,19.0,0.0,0.0,19.0,,0.253,0.25,0.25,0.0,True,True,All-rounder
Shamsudheen Purat (Saudi),2019-2019,2019,2019,0,3,3.0,1.0,95.0,88*,88.0,1,47.5,53.0,179.24,0.0,1.0,1.0,8.0,7.0,31.67,0.0,33.33,100.2,2019-2019,2019,2019,0,3,,,,,,-,,,,,,,,,,2019-2019,2019,2019,0,3,3.0,1.0,1.0,0.0,0.0,1.0,,0.333,0.33,0.33,0.0,True,True,All-rounder
Shamsur Rahman (BDESH),2013-2014,2013,2014,1,9,8.0,0.0,86.0,53,53.0,0,10.75,85.0,101.17,0.0,1.0,2.0,12.0,1.0,9.56,0.0,11.11,46.92,2013-2014,2013,2014,1,9,,,,,,-,,,,,,,,,,2013-2014,2013,2014,1,9,8.0,2.0,2.0,0.0,0.0,2.0,,0.25,0.22,0.22,0.0,True,True,All-rounder
Shapoor Zadran (AFG),2010-2018,2010,2018,8,34,13.0,6.0,27.0,13,13.0,0,3.85,65.0,41.53,0.0,0.0,3.0,0.0,3.0,0.79,0.0,0.0,18.92,2010-2018,2010,2018,8,34,34.0,107.5,3.0,843.0,35.0,Mar-40,24.08,7.81,18.4,0.0,0.0,1.03,0.13,0.76,0.0,2010-2018,2010,2018,8,34,34.0,5.0,5.0,0.0,0.0,5.0,,0.147,0.15,0.15,0.0,True,True,All-rounder
Sharafuddin Ashraf (AFG),2015-2019,2015,2019,4,8,4.0,1.0,28.0,18,18.0,0,9.33,29.0,96.55,0.0,0.0,0.0,1.0,1.0,3.5,0.0,0.0,44.22,2015-2019,2015,2019,4,8,8.0,25.0,1.0,201.0,5.0,Mar-27,40.2,8.04,30.0,0.0,0.0,0.63,0.12,0.47,0.0,2015-2019,2015,2019,4,8,8.0,1.0,1.0,0.0,0.0,1.0,,0.125,0.13,0.13,0.0,True,True,All-rounder
Sharif Asadullah (UAE),2014-2014,2014,2014,0,1,,,,-,,0,,,,,,,,,,,,,2014-2014,2014,2014,0,1,1.0,3.0,0.0,21.0,2.0,Feb-21,10.5,7.0,9.0,0.0,0.0,2.0,0.14,1.44,0.0,2014-2014,2014,2014,0,1,1.0,0.0,0.0,0.0,0.0,0.0,0.0,0.0,0.0,0.0,0.0,True,True,All-rounder
Sharjeel Khan (PAK),2013-2016,2013,2016,3,15,15.0,0.0,360.0,59,59.0,0,24.0,262.0,137.4,0.0,2.0,0.0,48.0,13.0,24.0,0.0,13.33,69.36,2013-2016,2013,2016,3,15,,,,,,-,,,,,,,,,,2013-2016,2013,2016,3,15,15.0,5.0,5.0,0.0,0.0,5.0,,0.333,0.33,0.33,0.0,True,True,All-rounder
Shiraz Khan (KUW),2019-2019,2019,2019,0,6,5.0,1.0,32.0,16*,16.0,1,8.0,27.0,118.51,0.0,0.0,1.0,2.0,1.0,5.33,0.0,0.0,52.2,2019-2019,2019,2019,0,6,6.0,20.0,0.0,140.0,3.0,Feb-35,46.66,7.0,40.0,0.0,0.0,0.5,0.14,0.39,0.0,2019-2019,2019,2019,0,6,6.0,3.0,3.0,0.0,0.0,3.0,,0.5,0.5,0.5,0.0,True,True,All-rounder
Shoaib Akhtar (PAK),2006-2010,2006,2010,4,15,6.0,3.0,21.0,8*,8.0,1,7.0,16.0,131.25,0.0,0.0,1.0,2.0,1.0,1.4,0.0,0.0,56.7,2006-2010,2006,2010,4,15,15.0,53.0,3.0,432.0,19.0,Mar-38,22.73,8.15,16.7,0.0,0.0,1.27,0.12,0.92,0.0,2006-2010,2006,2010,4,15,15.0,2.0,2.0,0.0,0.0,2.0,,0.133,0.13,0.13,0.0,True,True,All-rounder
Shoaib Ali (Saudi),2019-2019,2019,2019,0,5,2.0,0.0,6.0,6,6.0,0,3.0,10.0,60.0,0.0,0.0,1.0,0.0,0.0,1.2,0.0,0.0,25.8,2019-2019,2019,2019,0,5,5.0,15.3,0.0,129.0,3.0,Feb-25,43.0,8.32,31.0,0.0,0.0,0.6,0.12,0.46,0.0,2019-2019,2019,2019,0,5,5.0,2.0,2.0,0.0,0.0,2.0,,0.4,0.4,0.4,0.0,True,True,All-rounder
Shoaib Gazi Hossain (Chile),2019-2019,2019,2019,0,4,1.0,0.0,2.0,2,2.0,0,2.0,5.0,40.0,0.0,0.0,0.0,0.0,0.0,0.5,0.0,0.0,17.2,2019-2019,2019,2019,0,4,1.0,2.0,0.0,23.0,0.0,-,,11.5,,0.0,0.0,0.0,0.09,0.03,0.0,2019-2019,2019,2019,0,4,4.0,0.0,0.0,0.0,0.0,0.0,0.0,0.0,0.0,0.0,0.0,True,True,All-rounder
Shoaib Khan jnr (PAK),2008-2008,2008,2008,0,4,4.0,0.0,65.0,50,50.0,0,16.25,74.0,87.83,0.0,1.0,1.0,7.0,0.0,16.25,0.0,25.0,44.88,2008-2008,2008,2008,0,4,,,,,,-,,,,,,,,,,2008-2008,2008,2008,0,4,4.0,1.0,1.0,0.0,0.0,1.0,,0.25,0.25,0.25,0.0,True,True,All-rounder
Shoaib Malik (ICC/PAK),2006-2019,2006,2019,13,111,104.0,30.0,2263.0,75,75.0,0,30.58,1824.0,124.06,0.0,7.0,1.0,186.0,61.0,20.39,0.0,6.31,67.97,2006-2019,2006,2019,13,111,46.0,90.0,0.0,644.0,28.0,02-Jul,23.0,7.15,19.2,0.0,0.0,0.25,0.14,0.22,0.0,2006-2019,2006,2019,13,111,111.0,50.0,50.0,0.0,0.0,50.0,,0.45,0.45,0.45,0.0,True,True,All-rounder
Shoaib Qureshi (Fin),2019-2019,2019,2019,0,5,4.0,0.0,27.0,12,12.0,0,6.75,34.0,79.41,0.0,0.0,1.0,2.0,0.0,5.4,0.0,0.0,35.81,2019-2019,2019,2019,0,5,5.0,13.4,0.0,109.0,6.0,Feb-22,18.16,7.97,13.6,0.0,0.0,1.2,0.13,0.88,0.0,2019-2019,2019,2019,0,5,5.0,2.0,2.0,0.0,0.0,2.0,,0.4,0.4,0.4,0.0,True,True,All-rounder
Shuvagata Hom (BDESH),2016-2016,2016,2016,0,5,4.0,2.0,35.0,16*,16.0,1,17.5,35.0,100.0,0.0,0.0,0.0,3.0,1.0,7.0,0.0,0.0,50.5,2016-2016,2016,2016,0,5,4.0,11.0,0.0,71.0,2.0,Jan-18,35.5,6.45,33.0,0.0,0.0,0.4,0.16,0.33,0.0,2016-2016,2016,2016,0,5,5.0,1.0,1.0,0.0,0.0,1.0,,0.2,0.2,0.2,0.0,True,True,All-rounder
Sidhant Singh (SGP),2019-2019,2019,2019,0,8,6.0,2.0,25.0,12,12.0,0,6.25,26.0,96.15,0.0,0.0,1.0,1.0,1.0,3.13,0.0,0.0,42.21,2019-2019,2019,2019,0,8,8.0,23.0,0.0,216.0,6.0,Feb-27,36.0,9.39,23.0,0.0,0.0,0.75,0.11,0.56,0.0,2019-2019,2019,2019,0,8,8.0,2.0,2.0,0.0,0.0,2.0,,0.25,0.25,0.25,0.0,True,True,All-rounder
Sikandar Raza (ZIM),2013-2019,2013,2019,6,32,30.0,0.0,406.0,59,59.0,0,13.53,384.0,105.72,0.0,1.0,0.0,34.0,8.0,12.69,0.0,3.13,50.41,2013-2019,2013,2019,6,32,22.0,46.0,0.0,376.0,11.0,02-Jul,34.18,8.17,25.0,0.0,0.0,0.34,0.12,0.28,0.0,2013-2019,2013,2019,6,32,32.0,17.0,17.0,0.0,0.0,17.0,,0.531,0.53,0.53,0.0,True,True,All-rounder
Sikander Zulfiqar (NL),2016-2019,2016,2019,3,11,8.0,1.0,68.0,18,18.0,0,9.71,68.0,100.0,0.0,0.0,0.0,5.0,0.0,6.18,0.0,0.0,45.83,2016-2019,2016,2019,3,11,7.0,10.0,0.0,79.0,3.0,01-Sep,26.33,7.9,20.0,0.0,0.0,0.27,0.13,0.23,0.0,2016-2019,2016,2019,3,11,11.0,4.0,4.0,0.0,0.0,4.0,,0.363,0.36,0.36,0.0,True,True,All-rounder
Simandeep Singh (HKG),2019-2019,2019,2019,0,7,7.0,2.0,33.0,14*,14.0,1,6.6,32.0,103.12,0.0,0.0,0.0,2.0,0.0,4.71,0.0,0.0,45.21,2019-2019,2019,2019,0,7,,,,,,-,,,,,,,,,,2019-2019,2019,2019,0,7,7.0,4.0,4.0,0.0,0.0,4.0,,0.571,0.57,0.57,0.0,True,True,All-rounder
Simi Singh (IRE),2018-2019,2018,2019,1,18,17.0,2.0,169.0,57*,57.0,1,11.26,144.0,117.36,0.0,1.0,5.0,12.0,6.0,9.39,0.0,5.56,53.7,2018-2019,2018,2019,1,18,18.0,43.2,0.0,344.0,15.0,Mar-15,22.93,7.93,17.3,0.0,0.0,0.83,0.13,0.62,0.0,2018-2019,2018,2019,1,18,18.0,7.0,7.0,0.0,0.0,7.0,,0.388,0.39,0.39,0.0,True,True,All-rounder
Simranjit Singh (ITA),2019-2019,2019,2019,0,1,1.0,0.0,8.0,8,8.0,0,8.0,9.0,88.88,0.0,0.0,0.0,0.0,0.0,8.0,0.0,0.0,40.35,2019-2019,2019,2019,0,1,,,,,,-,,,,,,,,,,2019-2019,2019,2019,0,1,1.0,0.0,0.0,0.0,0.0,0.0,0.0,0.0,0.0,0.0,0.0,True,True,All-rounder
Sohag Gazi (BDESH),2012-2015,2012,2015,3,10,7.0,3.0,57.0,24,24.0,0,14.25,59.0,96.61,0.0,0.0,0.0,3.0,1.0,5.7,0.0,0.0,47.19,2012-2015,2012,2015,3,10,10.0,35.0,1.0,299.0,4.0,Jan-28,74.75,8.54,52.5,0.0,0.0,0.4,0.12,0.32,0.0,2012-2015,2012,2015,3,10,10.0,2.0,2.0,0.0,0.0,2.0,,0.2,0.2,0.2,0.0,True,True,All-rounder
Sohaib Maqsood (PAK),2013-2016,2013,2016,3,20,18.0,2.0,221.0,37,37.0,0,13.81,201.0,109.95,0.0,0.0,2.0,15.0,8.0,11.05,0.0,0.0,52.27,2013-2016,2013,2016,3,20,1.0,1.0,0.0,12.0,0.0,-,,12.0,,0.0,0.0,0.0,0.08,0.03,0.0,2013-2016,2013,2016,3,20,20.0,4.0,4.0,0.0,0.0,4.0,,0.2,0.2,0.2,0.0,True,True,All-rounder
Sohail Khan (PAK),2008-2017,2008,2017,9,5,1.0,1.0,1.0,1*,1.0,1,,1.0,100.0,0.0,0.0,0.0,0.0,0.0,0.2,0.0,0.0,,2008-2017,2008,2017,9,5,5.0,15.0,0.0,123.0,5.0,Feb-13,24.6,8.2,18.0,0.0,0.0,1.0,0.12,0.74,0.0,2008-2017,2008,2017,9,5,5.0,0.0,0.0,0.0,0.0,0.0,0.0,0.0,0.0,0.0,0.0,True,True,All-rounder
Sohail Tanvir (PAK),2007-2017,2007,2017,10,57,25.0,8.0,196.0,41,41.0,0,11.52,164.0,119.51,0.0,0.0,2.0,16.0,9.0,3.44,0.0,0.0,54.72,2007-2017,2007,2017,10,57,57.0,202.2,3.0,1454.0,54.0,03-Dec,26.92,7.18,22.4,0.0,0.0,0.95,0.14,0.7,0.0,2007-2017,2007,2017,10,57,57.0,7.0,7.0,0.0,0.0,7.0,,0.122,0.12,0.12,0.0,True,True,All-rounder
Soheel Hussain (Belg),2019-2019,2019,2019,0,1,,,,-,,0,,,,,,,,,,,,,2019-2019,2019,2019,0,1,1.0,1.0,0.0,7.0,0.0,-,,7.0,,0.0,0.0,0.0,0.14,0.04,0.0,2019-2019,2019,2019,0,1,1.0,0.0,0.0,0.0,0.0,0.0,0.0,0.0,0.0,0.0,0.0,True,True,All-rounder
Sohrawordi Shuvo (BDESH),2010-2010,2010,2010,0,1,1.0,1.0,1.0,1*,1.0,1,,3.0,33.33,0.0,0.0,0.0,0.0,0.0,1.0,0.0,0.0,,2010-2010,2010,2010,0,1,1.0,1.0,0.0,12.0,0.0,-,,12.0,,0.0,0.0,0.0,0.08,0.03,0.0,2010-2010,2010,2010,0,1,1.0,0.0,0.0,0.0,0.0,0.0,0.0,0.0,0.0,0.0,0.0,True,True,All-rounder
Sompal Kami (NEPAL),2014-2019,2014,2019,5,28,19.0,6.0,198.0,40,40.0,0,15.23,176.0,112.5,0.0,0.0,1.0,15.0,7.0,7.07,0.0,0.0,54.14,2014-2019,2014,2019,5,28,28.0,90.0,1.0,644.0,26.0,Mar-23,24.76,7.15,20.7,0.0,0.0,0.93,0.14,0.69,0.0,2014-2019,2014,2019,5,28,28.0,8.0,8.0,0.0,0.0,8.0,,0.285,0.29,0.29,0.0,True,True,All-rounder
Soumya Sarkar (BDESH),2015-2019,2015,2019,4,46,46.0,0.0,791.0,51,51.0,0,17.19,648.0,122.06,0.0,1.0,8.0,81.0,28.0,17.2,0.0,2.17,59.14,2015-2019,2015,2019,4,46,13.0,23.3,0.0,249.0,6.0,Feb-29,41.5,10.59,23.5,0.0,0.0,0.13,0.09,0.12,0.0,2015-2019,2015,2019,4,46,45.0,23.0,23.0,0.0,0.0,23.0,,0.511,0.5,0.5,0.0,True,True,All-rounder
Sufyan Mehmood (OMAN),2015-2019,2015,2019,4,3,2.0,1.0,19.0,13*,13.0,1,19.0,41.0,46.34,0.0,0.0,0.0,2.0,0.0,6.33,0.0,0.0,29.94,2015-2019,2015,2019,4,3,3.0,5.3,0.0,39.0,1.0,Jan-22,39.0,7.09,33.0,0.0,0.0,0.33,0.14,0.28,0.0,2015-2019,2015,2019,4,3,3.0,1.0,1.0,0.0,0.0,1.0,,0.333,0.33,0.33,0.0,True,True,All-rounder
Suhail Sadiq (LUX),2019-2019,2019,2019,0,2,1.0,1.0,7.0,7*,7.0,1,,5.0,140.0,0.0,0.0,0.0,0.0,1.0,3.5,0.0,0.0,,2019-2019,2019,2019,0,2,2.0,6.0,0.0,45.0,3.0,Feb-13,15.0,7.5,12.0,0.0,0.0,1.5,0.13,1.09,0.0,2019-2019,2019,2019,0,2,2.0,0.0,0.0,0.0,0.0,0.0,0.0,0.0,0.0,0.0,0.0,True,True,All-rounder
Suhrid Roy (MALTA),2019-2019,2019,2019,0,1,1.0,1.0,2.0,2*,2.0,1,,3.0,66.66,0.0,0.0,0.0,0.0,0.0,2.0,0.0,0.0,,2019-2019,2019,2019,0,1,1.0,4.0,0.0,44.0,1.0,Jan-44,44.0,11.0,24.0,0.0,0.0,1.0,0.09,0.73,0.0,2019-2019,2019,2019,0,1,1.0,0.0,0.0,0.0,0.0,0.0,0.0,0.0,0.0,0.0,0.0,True,True,All-rounder
Sultan Ahmed (OMAN),2015-2017,2015,2017,2,17,12.0,3.0,104.0,37*,37.0,1,11.55,83.0,125.3,0.0,0.0,3.0,14.0,0.0,6.12,0.0,0.0,57.05,2015-2017,2015,2017,2,17,,,,,,-,,,,,,,,,,2015-2017,2015,2017,2,17,16.0,17.0,14.0,3.0,14.0,0.0,,1.062,0.82,1.0,0.18,True,True,All-rounder
Sultan Ahmed (UAE),2017-2019,2017,2019,2,17,9.0,3.0,35.0,11,11.0,0,5.83,37.0,94.59,0.0,0.0,3.0,0.0,2.0,2.06,0.0,0.0,41.33,2017-2019,2017,2019,2,17,17.0,55.0,3.0,365.0,15.0,Mar-33,24.33,6.63,22.0,0.0,0.0,0.88,0.15,0.66,0.0,2017-2019,2017,2019,2,17,17.0,9.0,9.0,0.0,0.0,9.0,,0.529,0.53,0.53,0.0,True,True,All-rounder
Sumair Khan (MALTA),2019-2019,2019,2019,0,1,1.0,0.0,7.0,7,7.0,0,7.0,6.0,116.66,0.0,0.0,0.0,1.0,0.0,7.0,0.0,0.0,50.86,2019-2019,2019,2019,0,1,,,,,,-,,,,,,,,,,2019-2019,2019,2019,0,1,1.0,0.0,0.0,0.0,0.0,0.0,0.0,0.0,0.0,0.0,0.0,True,True,All-rounder
Suraj Kumar (OMAN),2019-2019,2019,2019,0,13,9.0,2.0,102.0,42*,42.0,1,14.57,89.0,114.6,0.0,0.0,0.0,9.0,3.0,7.85,0.0,0.0,54.58,2019-2019,2019,2019,0,13,,,,,,-,,,,,,,,,,2019-2019,2019,2019,0,13,13.0,9.0,7.0,2.0,7.0,0.0,,0.692,0.54,0.69,0.15,True,True,All-rounder
Suresh Kumar (Peru),2019-2019,2019,2019,0,2,2.0,1.0,11.0,10*,10.0,1,11.0,15.0,73.33,0.0,0.0,0.0,0.0,0.0,5.5,0.0,0.0,35.93,2019-2019,2019,2019,0,2,2.0,4.0,0.0,35.0,0.0,-,,8.75,,0.0,0.0,0.0,0.11,0.03,0.0,2019-2019,2019,2019,0,2,2.0,0.0,0.0,0.0,0.0,0.0,0.0,0.0,0.0,0.0,0.0,True,True,All-rounder
Syazrul Idrus (MAL),2019-2019,2019,2019,0,2,1.0,1.0,9.0,9*,9.0,1,,8.0,112.5,0.0,0.0,0.0,1.0,0.0,4.5,0.0,0.0,,2019-2019,2019,2019,0,2,2.0,7.0,0.0,64.0,3.0,Feb-31,21.33,9.14,14.0,0.0,0.0,1.5,0.11,1.08,0.0,2019-2019,2019,2019,0,2,2.0,0.0,0.0,0.0,0.0,0.0,0.0,0.0,0.0,0.0,0.0,True,True,All-rounder
Syed Aziz (MAL),2019-2019,2019,2019,0,14,14.0,2.0,415.0,87,87.0,0,34.58,297.0,139.73,0.0,4.0,2.0,43.0,16.0,29.64,0.0,28.57,76.64,2019-2019,2019,2019,0,14,8.0,24.5,0.0,187.0,4.0,Feb-33,46.75,7.53,37.2,0.0,0.0,0.29,0.13,0.24,0.0,2019-2019,2019,2019,0,14,13.0,2.0,2.0,0.0,0.0,2.0,,0.153,0.14,0.14,0.0,True,True,All-rounder
Syed Rasel (BDESH),2007-2008,2007,2008,1,8,3.0,1.0,7.0,6,6.0,0,3.5,9.0,77.77,0.0,0.0,0.0,1.0,0.0,0.88,0.0,0.0,33.21,2007-2008,2007,2008,1,8,8.0,29.0,2.0,202.0,4.0,01-Oct,50.5,6.96,43.5,0.0,0.0,0.5,0.14,0.39,0.0,2007-2008,2007,2008,1,8,8.0,1.0,1.0,0.0,0.0,1.0,,0.125,0.13,0.13,0.0,True,True,All-rounder
T Banton (ENG),2019-2019,2019,2019,0,3,3.0,0.0,56.0,31,31.0,0,18.66,34.0,164.7,0.0,0.0,0.0,6.0,3.0,18.67,0.0,0.0,77.08,2019-2019,2019,2019,0,3,,,,,,-,,,,,,,,,,2019-2019,2019,2019,0,3,3.0,4.0,4.0,0.0,0.0,4.0,,1.333,1.33,1.33,0.0,True,True,All-rounder
T Bavuma (SA),2019-2019,2019,2019,0,2,2.0,1.0,76.0,49,49.0,0,76.0,66.0,115.15,0.0,0.0,0.0,5.0,2.0,38.0,0.0,0.0,91.66,2019-2019,2019,2019,0,2,,,,,,-,,,,,,,,,,2019-2019,2019,2019,0,2,2.0,1.0,1.0,0.0,0.0,1.0,,0.5,0.5,0.5,0.0,True,True,All-rounder
T Caruana (GIBR),2019-2019,2019,2019,0,2,1.0,0.0,5.0,5,5.0,0,5.0,13.0,38.46,0.0,0.0,0.0,0.0,0.0,2.5,0.0,0.0,18.38,2019-2019,2019,2019,0,2,,,,,,-,,,,,,,,,,2019-2019,2019,2019,0,2,2.0,0.0,0.0,0.0,0.0,0.0,0.0,0.0,0.0,0.0,0.0,True,True,All-rounder
T Henderson (SA),2006-2006,2006,2006,0,1,1.0,0.0,0.0,0,0.0,0,0.0,2.0,0.0,0.0,0.0,1.0,0.0,0.0,,0.0,0.0,0.0,2006-2006,2006,2006,0,1,1.0,4.0,0.0,31.0,0.0,-,,7.75,,0.0,0.0,0.0,0.13,0.04,0.0,2006-2006,2006,2006,0,1,1.0,0.0,0.0,0.0,0.0,0.0,0.0,0.0,0.0,0.0,0.0,True,True,All-rounder
T Jamtsho (BHU),2019-2019,2019,2019,0,2,2.0,1.0,25.0,19,19.0,0,25.0,27.0,92.59,0.0,0.0,0.0,1.0,1.0,12.5,0.0,0.0,52.04,2019-2019,2019,2019,0,2,2.0,4.1,0.0,48.0,0.0,-,,11.52,,0.0,0.0,0.0,0.09,0.03,0.0,2019-2019,2019,2019,0,2,2.0,0.0,0.0,0.0,0.0,0.0,0.0,0.0,0.0,0.0,0.0,True,True,All-rounder
T Langa (VAN),2019-2019,2019,2019,0,1,1.0,0.0,14.0,14,14.0,0,14.0,9.0,155.55,0.0,0.0,0.0,2.0,0.0,14.0,0.0,0.0,70.62,2019-2019,2019,2019,0,1,,,,,,-,,,,,,,,,,2019-2019,2019,2019,0,1,1.0,0.0,0.0,0.0,0.0,0.0,0.0,0.0,0.0,0.0,0.0,True,True,All-rounder
T Lungameni (NAM),2019-2019,2019,2019,0,6,1.0,1.0,2.0,2*,2.0,1,,2.0,100.0,0.0,0.0,0.0,0.0,0.0,0.33,0.0,0.0,,2019-2019,2019,2019,0,6,6.0,16.0,1.0,88.0,4.0,Feb-16,22.0,5.5,24.0,0.0,0.0,0.67,0.18,0.52,0.0,2019-2019,2019,2019,0,6,6.0,1.0,1.0,0.0,0.0,1.0,,0.166,0.17,0.17,0.0,True,True,All-rounder
T Maruma (ZIM),2008-2019,2008,2019,11,13,13.0,4.0,100.0,23*,23.0,1,11.11,109.0,91.74,0.0,0.0,1.0,6.0,4.0,7.69,0.0,0.0,43.36,2008-2019,2008,2019,11,13,2.0,3.0,0.0,20.0,1.0,01-Aug,20.0,6.66,18.0,0.0,0.0,0.08,0.15,0.1,0.0,2008-2019,2008,2019,11,13,13.0,5.0,5.0,0.0,0.0,5.0,,0.384,0.38,0.38,0.0,True,True,All-rounder
T Mishra (KENYA),2007-2013,2007,2013,6,15,15.0,0.0,227.0,38,38.0,0,15.13,263.0,86.31,0.0,0.0,2.0,15.0,4.0,15.13,0.0,0.0,43.6,2007-2013,2007,2013,6,15,2.0,5.0,0.0,33.0,3.0,Mar-25,11.0,6.6,10.0,0.0,0.0,0.2,0.15,0.19,0.0,2007-2013,2007,2013,6,15,15.0,3.0,3.0,0.0,0.0,3.0,,0.2,0.2,0.2,0.0,True,True,All-rounder
T Munyonga (ZIM),2019-2019,2019,2019,0,5,3.0,2.0,45.0,44,44.0,0,45.0,34.0,132.35,0.0,0.0,0.0,3.0,1.0,9.0,0.0,0.0,79.94,2019-2019,2019,2019,0,5,1.0,1.0,0.0,3.0,0.0,-,,3.0,,0.0,0.0,0.0,0.33,0.1,0.0,2019-2019,2019,2019,0,5,5.0,3.0,3.0,0.0,0.0,3.0,,0.6,0.6,0.6,0.0,True,True,All-rounder
T Mupariwa (ZIM),2007-2008,2007,2008,1,4,2.0,2.0,5.0,3*,3.0,1,,3.0,166.66,0.0,0.0,0.0,0.0,0.0,1.25,0.0,0.0,,2007-2008,2007,2008,1,4,4.0,13.0,0.0,94.0,1.0,Jan-22,94.0,7.23,78.0,0.0,0.0,0.25,0.14,0.22,0.0,2007-2008,2007,2008,1,4,4.0,0.0,0.0,0.0,0.0,0.0,0.0,0.0,0.0,0.0,0.0,True,True,All-rounder
T Muzarabani (ZIM),2015-2016,2015,2016,1,9,1.0,1.0,0.0,0*,0.0,1,,2.0,0.0,0.0,0.0,0.0,0.0,0.0,,0.0,0.0,,2015-2016,2015,2016,1,9,9.0,30.0,0.0,280.0,6.0,Feb-31,46.66,9.33,30.0,0.0,0.0,0.67,0.11,0.5,0.0,2015-2016,2015,2016,1,9,9.0,1.0,1.0,0.0,0.0,1.0,,0.111,0.11,0.11,0.0,True,True,All-rounder
T Panyangara (ZIM),2013-2016,2013,2016,3,14,5.0,4.0,23.0,17*,17.0,1,23.0,17.0,135.29,0.0,0.0,0.0,1.0,2.0,1.64,0.0,0.0,67.92,2013-2016,2013,2016,3,14,14.0,50.3,1.0,398.0,20.0,Apr-37,19.9,7.88,15.1,1.0,0.0,1.43,0.13,1.04,0.0,2013-2016,2013,2016,3,14,14.0,2.0,2.0,0.0,0.0,2.0,,0.142,0.14,0.14,0.0,True,True,All-rounder
T Perera (Botsw),2019-2019,2019,2019,0,6,6.0,0.0,101.0,30,30.0,0,16.83,127.0,79.52,0.0,0.0,0.0,16.0,0.0,16.83,0.0,0.0,41.91,2019-2019,2019,2019,0,6,2.0,3.0,0.0,37.0,0.0,-,,12.33,,0.0,0.0,0.0,0.08,0.02,0.0,2019-2019,2019,2019,0,6,6.0,2.0,2.0,0.0,0.0,2.0,,0.333,0.33,0.33,0.0,True,True,All-rounder
T Phaswana (Botsw),2019-2019,2019,2019,0,1,1.0,0.0,0.0,0,0.0,0,0.0,3.0,0.0,0.0,0.0,1.0,0.0,0.0,,0.0,0.0,0.0,2019-2019,2019,2019,0,1,,,,,,-,,,,,,,,,,2019-2019,2019,2019,0,1,1.0,0.0,0.0,0.0,0.0,0.0,0.0,0.0,0.0,0.0,0.0,True,True,All-rounder
T Shamsi (SA),2017-2019,2017,2019,2,16,3.0,2.0,0.0,0*,0.0,1,0.0,5.0,0.0,0.0,0.0,1.0,0.0,0.0,,0.0,0.0,0.0,2017-2019,2017,2019,2,16,16.0,57.0,1.0,429.0,12.0,Feb-16,35.75,7.52,28.5,0.0,0.0,0.75,0.13,0.56,0.0,2017-2019,2017,2019,2,16,16.0,4.0,4.0,0.0,0.0,4.0,,0.25,0.25,0.25,0.0,True,True,All-rounder
T Singye (BHU),2019-2019,2019,2019,0,2,2.0,0.0,17.0,11,11.0,0,8.5,25.0,68.0,0.0,0.0,0.0,2.0,0.0,8.5,0.0,0.0,32.3,2019-2019,2019,2019,0,2,2.0,6.0,0.0,65.0,1.0,Jan-53,65.0,10.83,36.0,0.0,0.0,0.5,0.09,0.38,0.0,2019-2019,2019,2019,0,2,2.0,0.0,0.0,0.0,0.0,0.0,0.0,0.0,0.0,0.0,0.0,True,True,All-rounder
T Taibu (ZIM),2007-2012,2007,2012,5,17,15.0,6.0,259.0,45*,45.0,1,28.77,257.0,100.77,0.0,0.0,2.0,19.0,2.0,15.24,0.0,0.0,57.57,2007-2012,2007,2012,5,17,2.0,4.0,0.0,41.0,0.0,-,,10.25,,0.0,0.0,0.0,0.1,0.03,0.0,2007-2012,2007,2012,5,17,17.0,11.0,6.0,5.0,6.0,0.0,,0.647,0.35,0.65,0.29,True,True,All-rounder
T Taylor (Caym),2019-2019,2019,2019,0,6,6.0,2.0,71.0,19*,19.0,1,17.75,91.0,78.02,0.0,0.0,0.0,2.0,5.0,11.83,0.0,0.0,41.86,2019-2019,2019,2019,0,6,4.0,9.0,0.0,74.0,2.0,Jan-17,37.0,8.22,27.0,0.0,0.0,0.33,0.12,0.27,0.0,2019-2019,2019,2019,0,6,6.0,1.0,1.0,0.0,0.0,1.0,,0.166,0.17,0.17,0.0,True,True,All-rounder
T Thushara (SL),2008-2010,2008,2010,2,6,2.0,0.0,4.0,3,3.0,0,2.0,8.0,50.0,0.0,0.0,0.0,0.0,0.0,0.67,0.0,0.0,21.2,2008-2010,2008,2010,2,6,6.0,22.0,0.0,179.0,7.0,Feb-37,25.57,8.13,18.8,0.0,0.0,1.17,0.12,0.85,0.0,2008-2010,2008,2010,2,6,6.0,2.0,2.0,0.0,0.0,2.0,,0.333,0.33,0.33,0.0,True,True,All-rounder
T Tshose (Botsw),2019-2019,2019,2019,0,2,2.0,2.0,4.0,4*,4.0,1,,6.0,66.66,0.0,0.0,0.0,0.0,0.0,2.0,0.0,0.0,,2019-2019,2019,2019,0,2,1.0,2.0,0.0,12.0,0.0,-,,6.0,,0.0,0.0,0.0,0.17,0.05,0.0,2019-2019,2019,2019,0,2,2.0,2.0,2.0,0.0,0.0,2.0,,1.0,1.0,1.0,0.0,True,True,All-rounder
T Turan (TKY),2019-2019,2019,2019,0,4,4.0,0.0,1.0,1,1.0,0,0.25,17.0,5.88,0.0,0.0,3.0,0.0,0.0,0.25,0.0,0.0,2.5,2019-2019,2019,2019,0,4,3.0,8.1,0.0,111.0,2.0,Jan-32,55.5,13.59,24.5,0.0,0.0,0.5,0.07,0.37,0.0,2019-2019,2019,2019,0,4,4.0,0.0,0.0,0.0,0.0,0.0,0.0,0.0,0.0,0.0,0.0,True,True,All-rounder
T Ulutuna (TKY),2019-2019,2019,2019,0,3,3.0,0.0,4.0,4,4.0,0,1.33,9.0,44.44,0.0,0.0,2.0,1.0,0.0,1.33,0.0,0.0,18.57,2019-2019,2019,2019,0,3,,,,,,-,,,,,,,,,,2019-2019,2019,2019,0,3,3.0,0.0,0.0,0.0,0.0,0.0,0.0,0.0,0.0,0.0,0.0,True,True,All-rounder
T Wangchuk jnr (BHU),2019-2019,2019,2019,0,2,2.0,0.0,9.0,9,9.0,0,4.5,17.0,52.94,0.0,0.0,1.0,2.0,0.0,4.5,0.0,0.0,23.88,2019-2019,2019,2019,0,2,,,,,,-,,,,,,,,,,2019-2019,2019,2019,0,2,2.0,0.0,0.0,0.0,0.0,0.0,0.0,0.0,0.0,0.0,0.0,True,True,All-rounder
T Whiteman (LUX),2019-2019,2019,2019,0,4,2.0,1.0,14.0,14*,14.0,1,14.0,10.0,140.0,0.0,0.0,1.0,0.0,1.0,3.5,0.0,0.0,64.4,2019-2019,2019,2019,0,4,2.0,3.4,0.0,38.0,1.0,Jan-24,38.0,10.36,22.0,0.0,0.0,0.25,0.1,0.2,0.0,2019-2019,2019,2019,0,4,4.0,0.0,0.0,0.0,0.0,0.0,0.0,0.0,0.0,0.0,0.0,True,True,All-rounder
T van der Gugten (NL),2012-2019,2012,2019,7,39,11.0,4.0,109.0,40*,40.0,1,15.57,81.0,134.56,0.0,0.0,1.0,4.0,6.0,2.79,0.0,0.0,63.17,2012-2019,2012,2019,7,39,38.0,118.5,0.0,847.0,40.0,03-Sep,21.17,7.12,17.8,0.0,0.0,1.03,0.14,0.76,0.0,2012-2019,2012,2019,7,39,38.0,9.0,9.0,0.0,0.0,9.0,,0.236,0.23,0.23,0.0,True,True,All-rounder
TA Blundell (NZ),2017-2018,2017,2018,1,3,2.0,1.0,17.0,14,14.0,0,17.0,21.0,80.95,0.0,0.0,0.0,0.0,0.0,5.67,0.0,0.0,42.58,2017-2018,2017,2018,1,3,,,,,,-,,,,,,,,,,2017-2018,2017,2018,1,3,3.0,1.0,1.0,0.0,1.0,0.0,,0.333,0.33,0.33,0.0,True,True,All-rounder
TA Boult (NZ),2013-2019,2013,2019,6,27,8.0,3.0,22.0,8,8.0,0,4.4,32.0,68.75,0.0,0.0,1.0,1.0,0.0,0.81,0.0,0.0,30.14,2013-2019,2013,2019,6,27,27.0,98.5,1.0,854.0,39.0,Apr-34,21.89,8.64,15.2,1.0,0.0,1.44,0.12,1.05,0.0,2013-2019,2013,2019,6,27,27.0,12.0,12.0,0.0,0.0,12.0,,0.444,0.44,0.44,0.0,True,True,All-rounder
TAM Siriwardana (SL),2015-2017,2015,2017,2,22,19.0,3.0,275.0,42,42.0,0,17.18,208.0,132.21,0.0,0.0,4.0,16.0,12.0,12.5,0.0,0.0,63.19,2015-2017,2015,2017,2,22,13.0,23.0,0.0,206.0,8.0,Feb-17,25.75,8.95,17.2,0.0,0.0,0.36,0.11,0.29,0.0,2015-2017,2015,2017,2,22,22.0,6.0,6.0,0.0,0.0,6.0,,0.272,0.27,0.27,0.0,True,True,All-rounder
TB Sole (SCOT),2019-2019,2019,2019,0,9,6.0,2.0,69.0,33*,33.0,1,17.25,43.0,160.46,0.0,0.0,0.0,9.0,1.0,7.67,0.0,0.0,74.53,2019-2019,2019,2019,0,9,6.0,21.0,0.0,137.0,6.0,Feb-15,22.83,6.52,21.0,0.0,0.0,0.67,0.15,0.51,0.0,2019-2019,2019,2019,0,9,9.0,5.0,5.0,0.0,0.0,5.0,,0.555,0.56,0.56,0.0,True,True,All-rounder
TB de Bruyn (SA),2017-2017,2017,2017,0,2,2.0,0.0,26.0,19,19.0,0,13.0,16.0,162.5,0.0,0.0,0.0,3.0,1.0,13.0,0.0,0.0,72.8,2017-2017,2017,2017,0,2,,,,,,-,,,,,,,,,,2017-2017,2017,2017,0,2,2.0,2.0,2.0,0.0,0.0,2.0,,1.0,1.0,1.0,0.0,True,True,All-rounder
TC Barker (LUX),2019-2019,2019,2019,0,4,4.0,0.0,27.0,18,18.0,0,6.75,33.0,81.81,0.0,0.0,0.0,1.0,0.0,6.75,0.0,0.0,36.77,2019-2019,2019,2019,0,4,,,,,,-,,,,,,,,,,2019-2019,2019,2019,0,4,4.0,0.0,0.0,0.0,0.0,0.0,0.0,0.0,0.0,0.0,0.0,True,True,All-rounder
TC Bastiampillai (CAN),2010-2010,2010,2010,0,2,,,,-,,0,,,,,,,,,,,,,2010-2010,2010,2010,0,2,,,,,,-,,,,,,,,,,2010-2010,2010,2010,0,2,2.0,0.0,0.0,0.0,0.0,0.0,0.0,0.0,0.0,0.0,0.0,True,True,All-rounder
TC Bruce (NZ),2017-2019,2017,2019,2,15,15.0,2.0,279.0,59*,59.0,1,21.46,222.0,125.67,0.0,2.0,0.0,24.0,7.0,18.6,0.0,13.33,63.14,2017-2019,2017,2019,2,15,,,,,,-,,,,,,,,,,2017-2019,2017,2019,2,15,14.0,13.0,13.0,0.0,1.0,12.0,,0.928,0.87,0.87,0.0,True,True,All-rounder
TC Vine (ESP),2019-2019,2019,2019,0,6,1.0,1.0,6.0,6*,6.0,1,,7.0,85.71,0.0,0.0,0.0,1.0,0.0,1.0,0.0,0.0,,2019-2019,2019,2019,0,6,6.0,15.0,0.0,105.0,8.0,Apr-28,13.12,7.0,11.2,1.0,0.0,1.33,0.14,0.98,0.0,2019-2019,2019,2019,0,6,6.0,0.0,0.0,0.0,0.0,0.0,0.0,0.0,0.0,0.0,0.0,True,True,All-rounder
TCR Kimber (GUE),2019-2019,2019,2019,0,3,3.0,0.0,5.0,2,2.0,0,1.66,13.0,38.46,0.0,0.0,0.0,0.0,0.0,1.67,0.0,0.0,16.38,2019-2019,2019,2019,0,3,,,,,,-,,,,,,,,,,2019-2019,2019,2019,0,3,3.0,1.0,0.0,1.0,0.0,0.0,,0.333,0.0,0.33,0.33,True,True,All-rounder
TCW Veillard (GUE),2019-2019,2019,2019,0,4,2.0,1.0,11.0,8,8.0,0,11.0,17.0,64.7,0.0,0.0,0.0,0.0,0.0,2.75,0.0,0.0,32.48,2019-2019,2019,2019,0,4,4.0,16.0,0.0,93.0,4.0,Jan-15,23.25,5.81,24.0,0.0,0.0,1.0,0.17,0.75,0.0,2019-2019,2019,2019,0,4,4.0,1.0,1.0,0.0,0.0,1.0,,0.25,0.25,0.25,0.0,True,True,All-rounder
TD Astle (NZ),2016-2019,2016,2019,3,3,2.0,0.0,4.0,3,3.0,0,2.0,10.0,40.0,0.0,0.0,0.0,0.0,0.0,1.33,0.0,0.0,17.2,2016-2019,2016,2019,3,3,3.0,8.0,0.0,69.0,3.0,Mar-28,23.0,8.62,16.0,0.0,0.0,1.0,0.12,0.73,0.0,2016-2019,2016,2019,3,3,3.0,3.0,3.0,0.0,0.0,3.0,,1.0,1.0,1.0,0.0,True,True,All-rounder
TD Paine (AUS/World),2009-2017,2009,2017,8,12,9.0,1.0,82.0,25,25.0,0,10.25,77.0,106.49,0.0,0.0,2.0,7.0,3.0,6.83,0.0,0.0,48.75,2009-2017,2009,2017,8,12,,,,,,-,,,,,,,,,,2009-2017,2009,2017,8,12,12.0,13.0,11.0,2.0,11.0,0.0,,1.083,0.92,1.08,0.17,True,True,All-rounder
TE Kane (IRE),2015-2019,2015,2019,4,7,3.0,1.0,36.0,26*,26.0,1,18.0,23.0,156.52,0.0,0.0,0.0,5.0,0.0,5.14,0.0,0.0,73.41,2015-2019,2015,2019,4,7,5.0,15.2,0.0,143.0,9.0,Mar-19,15.88,9.32,10.2,0.0,0.0,1.29,0.11,0.93,0.0,2015-2019,2015,2019,4,7,5.0,1.0,1.0,0.0,0.0,1.0,,0.2,0.14,0.14,0.0,True,True,All-rounder
TE Tucker (BMUDA),2008-2008,2008,2008,0,1,1.0,0.0,1.0,1,1.0,0,1.0,5.0,20.0,0.0,0.0,0.0,0.0,0.0,1.0,0.0,0.0,8.6,2008-2008,2008,2008,0,1,1.0,2.0,0.0,5.0,0.0,-,,2.5,,0.0,0.0,0.0,0.4,0.12,0.0,2008-2008,2008,2008,0,1,1.0,0.0,0.0,0.0,0.0,0.0,0.0,0.0,0.0,0.0,0.0,True,True,All-rounder
TG Gordon (CAN),2012-2012,2012,2012,0,3,3.0,0.0,32.0,23,23.0,0,10.66,37.0,86.48,0.0,0.0,0.0,3.0,0.0,10.67,0.0,0.0,40.99,2012-2012,2012,2012,0,3,,,,,,-,,,,,,,,,,2012-2012,2012,2012,0,3,3.0,1.0,1.0,0.0,0.0,1.0,,0.333,0.33,0.33,0.0,True,True,All-rounder
TG Southee (NZ),2008-2019,2008,2019,11,66,30.0,12.0,220.0,39,39.0,0,12.22,150.0,146.66,0.0,0.0,4.0,14.0,15.0,3.33,0.0,0.0,66.0,2008-2019,2008,2019,11,66,64.0,233.3,2.0,1954.0,75.0,May-18,26.05,8.36,18.6,0.0,1.0,1.14,0.12,0.83,0.015,2008-2019,2008,2019,11,66,65.0,29.0,29.0,0.0,0.0,29.0,,0.446,0.44,0.44,0.0,True,True,All-rounder
TGJ Gruijters (NL),2012-2013,2012,2013,1,8,5.0,3.0,51.0,21*,21.0,1,25.5,47.0,108.51,0.0,0.0,0.0,3.0,1.0,6.38,0.0,0.0,58.7,2012-2013,2012,2013,1,8,5.0,12.0,0.0,74.0,3.0,01-May,24.66,6.16,24.0,0.0,0.0,0.38,0.16,0.31,0.0,2012-2013,2012,2013,1,8,8.0,4.0,4.0,0.0,0.0,4.0,,0.5,0.5,0.5,0.0,True,True,All-rounder
TH David (SGP),2019-2019,2019,2019,0,12,12.0,1.0,408.0,77,77.0,0,37.09,274.0,148.9,0.0,2.0,0.0,36.0,17.0,34.0,0.0,16.67,81.81,2019-2019,2019,2019,0,12,9.0,22.2,0.0,202.0,3.0,Jan-18,67.33,9.04,44.6,0.0,0.0,0.25,0.11,0.21,0.0,2019-2019,2019,2019,0,12,12.0,11.0,11.0,0.0,0.0,11.0,,0.916,0.92,0.92,0.0,True,True,All-rounder
TJ Murtagh (IRE),2012-2016,2012,2016,4,14,5.0,3.0,26.0,12*,12.0,1,13.0,25.0,104.0,0.0,0.0,0.0,0.0,1.0,1.86,0.0,0.0,49.4,2012-2016,2012,2016,4,14,14.0,44.4,0.0,324.0,13.0,Mar-23,24.92,7.25,20.6,0.0,0.0,0.93,0.14,0.69,0.0,2012-2016,2012,2016,4,14,14.0,3.0,3.0,0.0,0.0,3.0,,0.214,0.21,0.21,0.0,True,True,All-rounder
TJ Stephenson (Blz),2019-2019,2019,2019,0,1,,,,-,,0,,,,,,,,,,,,,2019-2019,2019,2019,0,1,1.0,1.0,0.0,11.0,0.0,-,,11.0,,0.0,0.0,0.0,0.09,0.03,0.0,2019-2019,2019,2019,0,1,1.0,0.0,0.0,0.0,0.0,0.0,0.0,0.0,0.0,0.0,0.0,True,True,All-rounder
TK Curran (ENG),2017-2019,2017,2019,2,15,6.0,4.0,36.0,14*,14.0,1,18.0,27.0,133.33,0.0,0.0,0.0,0.0,3.0,2.4,0.0,0.0,64.13,2017-2019,2017,2019,2,15,15.0,48.0,1.0,418.0,16.0,Apr-36,26.12,8.7,18.0,1.0,0.0,1.07,0.11,0.78,0.0,2017-2019,2017,2019,2,15,15.0,3.0,3.0,0.0,0.0,3.0,,0.2,0.2,0.2,0.0,True,True,All-rounder
TK Musakanda (ZIM),2018-2018,2018,2018,0,6,6.0,0.0,98.0,43,43.0,0,16.33,80.0,122.5,0.0,0.0,2.0,7.0,2.0,16.33,0.0,0.0,58.8,2018-2018,2018,2018,0,6,,,,,,-,,,,,,,,,,2018-2018,2018,2018,0,6,6.0,2.0,2.0,0.0,0.0,2.0,,0.333,0.33,0.33,0.0,True,True,All-rounder
TK Patel (USA),2019-2019,2019,2019,0,7,3.0,3.0,17.0,14*,14.0,1,,18.0,94.44,0.0,0.0,0.0,1.0,0.0,2.43,0.0,0.0,,2019-2019,2019,2019,0,7,6.0,22.0,0.0,146.0,11.0,Apr-27,13.27,6.63,12.0,1.0,0.0,1.57,0.15,1.15,0.0,2019-2019,2019,2019,0,7,7.0,0.0,0.0,0.0,0.0,0.0,0.0,0.0,0.0,0.0,0.0,True,True,All-rounder
TK Saha (Fin),2019-2019,2019,2019,0,4,4.0,3.0,26.0,18*,18.0,1,26.0,23.0,113.04,0.0,0.0,0.0,1.0,0.0,6.5,0.0,0.0,60.82,2019-2019,2019,2019,0,4,4.0,10.0,0.0,88.0,2.0,Jan-22,44.0,8.8,30.0,0.0,0.0,0.5,0.11,0.38,0.0,2019-2019,2019,2019,0,4,4.0,0.0,0.0,0.0,0.0,0.0,0.0,0.0,0.0,0.0,0.0,True,True,All-rounder
TL Best (WI),2013-2014,2013,2014,1,6,1.0,1.0,17.0,17*,17.0,1,,9.0,188.88,0.0,0.0,0.0,0.0,2.0,2.83,0.0,0.0,,2013-2014,2013,2014,1,6,6.0,20.0,0.0,154.0,6.0,Mar-18,25.66,7.7,20.0,0.0,0.0,1.0,0.13,0.74,0.0,2013-2014,2013,2014,1,6,6.0,0.0,0.0,0.0,0.0,0.0,0.0,0.0,0.0,0.0,0.0,True,True,All-rounder
TL Chatara (ZIM),2010-2019,2010,2019,9,21,3.0,0.0,15.0,8,8.0,0,5.0,18.0,83.33,0.0,0.0,1.0,1.0,0.0,0.71,0.0,0.0,36.33,2010-2019,2010,2019,9,21,21.0,75.0,1.0,591.0,25.0,Mar-20,23.64,7.88,18.0,0.0,0.0,1.19,0.13,0.87,0.0,2010-2019,2010,2019,9,21,21.0,4.0,4.0,0.0,0.0,4.0,,0.19,0.19,0.19,0.0,True,True,All-rounder
TL Seifert (NZ),2018-2019,2018,2019,1,19,18.0,1.0,316.0,84,84.0,0,18.58,228.0,138.59,0.0,1.0,2.0,22.0,21.0,16.63,0.0,5.26,66.58,2018-2019,2018,2019,1,19,,,,,,-,,,,,,,,,,2018-2019,2018,2019,1,19,19.0,12.0,8.0,4.0,8.0,0.0,,0.631,0.42,0.63,0.21,True,True,All-rounder
TLW Cooper (NL),2012-2016,2012,2016,4,18,17.0,3.0,404.0,72*,72.0,1,28.85,306.0,132.02,0.0,2.0,2.0,38.0,16.0,22.44,0.0,11.11,70.12,2012-2016,2012,2016,4,18,9.0,17.0,0.0,132.0,3.0,Feb-18,44.0,7.76,34.0,0.0,0.0,0.17,0.13,0.16,0.0,2012-2016,2012,2016,4,18,17.0,6.0,6.0,0.0,0.0,6.0,,0.352,0.33,0.33,0.0,True,True,All-rounder
TM Dilshan (SL),2006-2016,2006,2016,10,80,79.0,12.0,1889.0,104*,104.0,1,28.19,1567.0,120.54,1.0,13.0,10.0,223.0,33.0,23.61,1.25,16.25,65.13,2006-2016,2006,2016,10,80,25.0,43.0,0.0,313.0,9.0,02-Apr,34.77,7.27,28.6,0.0,0.0,0.11,0.14,0.12,0.0,2006-2016,2006,2016,10,80,80.0,33.0,31.0,2.0,5.0,26.0,,0.412,0.39,0.41,0.03,True,True,All-rounder
TM Dowlin (WI),2009-2010,2009,2010,1,2,2.0,1.0,68.0,37*,37.0,1,68.0,69.0,98.55,0.0,0.0,0.0,8.0,0.0,34.0,0.0,0.0,80.22,2009-2010,2009,2010,1,2,,,,,,-,,,,,,,,,,2009-2010,2009,2010,1,2,2.0,0.0,0.0,0.0,0.0,0.0,0.0,0.0,0.0,0.0,0.0,True,True,All-rounder
TM Head (AUS),2016-2018,2016,2018,2,16,15.0,3.0,319.0,48*,48.0,1,26.58,245.0,130.2,0.0,0.0,0.0,19.0,10.0,19.94,0.0,0.0,68.03,2016-2018,2016,2018,2,16,3.0,4.0,0.0,39.0,1.0,Jan-16,39.0,9.75,24.0,0.0,0.0,0.06,0.1,0.07,0.0,2016-2018,2016,2018,2,16,16.0,4.0,4.0,0.0,0.0,4.0,,0.25,0.25,0.25,0.0,True,True,All-rounder
TM Odoyo (KENYA),2007-2013,2007,2013,6,11,10.0,0.0,95.0,22,22.0,0,9.5,119.0,79.83,0.0,0.0,1.0,6.0,2.0,8.64,0.0,0.0,37.63,2007-2013,2007,2013,6,11,10.0,36.0,0.0,170.0,11.0,Mar-17,15.45,4.72,19.6,0.0,0.0,1.0,0.21,0.76,0.0,2007-2013,2007,2013,6,11,11.0,5.0,5.0,0.0,0.0,5.0,,0.454,0.45,0.45,0.0,True,True,All-rounder
TN de Grooth (NL),2008-2013,2008,2013,5,15,13.0,5.0,163.0,49,49.0,0,20.37,155.0,105.16,0.0,0.0,0.0,16.0,1.0,10.87,0.0,0.0,54.29,2008-2013,2008,2013,5,15,,,,,,-,,,,,,,,,,2008-2013,2008,2013,5,15,14.0,4.0,4.0,0.0,0.0,4.0,,0.285,0.27,0.27,0.0,True,True,All-rounder
TP Allen (USA),2019-2019,2019,2019,0,5,3.0,1.0,27.0,11*,11.0,1,13.5,17.0,158.82,0.0,0.0,0.0,0.0,3.0,5.4,0.0,0.0,71.63,2019-2019,2019,2019,0,5,2.0,3.0,0.0,28.0,1.0,01-Nov,28.0,9.33,18.0,0.0,0.0,0.2,0.11,0.17,0.0,2019-2019,2019,2019,0,5,5.0,3.0,3.0,0.0,0.0,3.0,,0.6,0.6,0.6,0.0,True,True,All-rounder
TP Kamungozi (ZIM),2014-2014,2014,2014,0,1,,,,-,,0,,,,,,,,,,,,,2014-2014,2014,2014,0,1,1.0,2.0,0.0,17.0,0.0,-,,8.5,,0.0,0.0,0.0,0.12,0.04,0.0,2014-2014,2014,2014,0,1,1.0,0.0,0.0,0.0,0.0,0.0,0.0,0.0,0.0,0.0,0.0,True,True,All-rounder
TP Ura (PNG),2015-2019,2015,2019,4,23,23.0,5.0,671.0,107*,107.0,1,37.27,476.0,140.96,1.0,4.0,0.0,54.0,31.0,29.17,4.35,17.39,78.75,2015-2019,2015,2019,4,23,,,,,,-,,,,,,,,,,2015-2019,2015,2019,4,23,23.0,7.0,7.0,0.0,0.0,7.0,,0.304,0.3,0.3,0.0,True,True,All-rounder
TP Visee (NL),2015-2019,2015,2019,4,27,27.0,0.0,478.0,78,78.0,0,17.7,316.0,151.26,0.0,3.0,4.0,65.0,17.0,17.7,0.0,11.11,71.12,2015-2019,2015,2019,4,27,,,,,,-,,,,,,,,,,2015-2019,2015,2019,4,27,26.0,3.0,3.0,0.0,0.0,3.0,,0.115,0.11,0.11,0.0,True,True,All-rounder
TR Ambrose (ENG),2008-2008,2008,2008,0,1,,,,-,,0,,,,,,,,,,,,,2008-2008,2008,2008,0,1,,,,,,-,,,,,,,,,,2008-2008,2008,2008,0,1,1.0,2.0,1.0,1.0,1.0,0.0,,2.0,1.0,2.0,1.0,True,True,All-rounder
TR Birt (AUS),2010-2012,2010,2012,2,4,3.0,0.0,31.0,17,17.0,0,10.33,33.0,93.93,0.0,0.0,0.0,3.0,1.0,7.75,0.0,0.0,43.77,2010-2012,2010,2012,2,4,,,,,,-,,,,,,,,,,2010-2012,2010,2012,2,4,4.0,1.0,1.0,0.0,0.0,1.0,,0.25,0.25,0.25,0.0,True,True,All-rounder
TS Bharaj (DEN),2019-2019,2019,2019,0,9,8.0,0.0,52.0,19,19.0,0,6.5,77.0,67.53,0.0,0.0,1.0,2.0,0.0,5.78,0.0,0.0,30.91,2019-2019,2019,2019,0,9,,,,,,-,,,,,,,,,,2019-2019,2019,2019,0,9,7.0,4.0,4.0,0.0,0.0,4.0,,0.571,0.44,0.44,0.0,True,True,All-rounder
TS Braat (NL),2019-2019,2019,2019,0,3,2.0,0.0,6.0,5,5.0,0,3.0,7.0,85.71,0.0,0.0,0.0,1.0,0.0,2.0,0.0,0.0,36.08,2019-2019,2019,2019,0,3,3.0,10.0,0.0,70.0,4.0,Mar-26,17.5,7.0,15.0,0.0,0.0,1.33,0.14,0.98,0.0,2019-2019,2019,2019,0,3,3.0,0.0,0.0,0.0,0.0,0.0,0.0,0.0,0.0,0.0,0.0,True,True,All-rounder
TS Chisoro (ZIM),2015-2018,2015,2018,3,12,6.0,2.0,40.0,14*,14.0,1,10.0,42.0,95.23,0.0,0.0,0.0,2.0,2.0,3.33,0.0,0.0,44.09,2015-2018,2015,2018,3,12,12.0,46.0,1.0,316.0,12.0,Mar-17,26.33,6.86,23.0,0.0,0.0,1.0,0.15,0.74,0.0,2015-2018,2015,2018,3,12,12.0,1.0,1.0,0.0,0.0,1.0,,0.083,0.08,0.08,0.0,True,True,All-rounder
TS Fray (BMUDA),2019-2019,2019,2019,0,10,10.0,1.0,73.0,29,29.0,0,8.11,96.0,76.04,0.0,0.0,3.0,9.0,0.0,7.3,0.0,0.0,35.28,2019-2019,2019,2019,0,10,,,,,,-,,,,,,,,,,2019-2019,2019,2019,0,10,10.0,1.0,1.0,0.0,0.0,1.0,,0.1,0.1,0.1,0.0,True,True,All-rounder
TS Mills (ENG/ICC),2016-2018,2016,2018,2,5,1.0,0.0,0.0,0,0.0,0,0.0,2.0,0.0,0.0,0.0,1.0,0.0,0.0,,0.0,0.0,0.0,2016-2018,2016,2018,2,5,5.0,19.0,1.0,129.0,3.0,Jan-27,43.0,6.78,38.0,0.0,0.0,0.6,0.15,0.46,0.0,2016-2018,2016,2018,2,5,5.0,1.0,1.0,0.0,0.0,1.0,,0.2,0.2,0.2,0.0,True,True,All-rounder
TT Bresnan (ENG),2006-2014,2006,2014,8,34,22.0,9.0,216.0,47*,47.0,1,16.61,170.0,127.05,0.0,0.0,3.0,16.0,6.0,6.35,0.0,0.0,60.79,2006-2014,2006,2014,8,34,34.0,110.3,1.0,887.0,24.0,03-Oct,36.95,8.02,27.6,0.0,0.0,0.71,0.12,0.53,0.0,2006-2014,2006,2014,8,34,34.0,10.0,10.0,0.0,0.0,10.0,,0.294,0.29,0.29,0.0,True,True,All-rounder
TWM Latham (NZ),2012-2017,2012,2017,5,13,10.0,0.0,163.0,39,39.0,0,16.3,157.0,103.82,0.0,0.0,0.0,12.0,2.0,12.54,0.0,0.0,51.31,2012-2017,2012,2017,5,13,,,,,,-,,,,,,,,,,2012-2017,2012,2017,5,13,13.0,6.0,6.0,0.0,4.0,2.0,,0.461,0.46,0.46,0.0,True,True,All-rounder
Tafseer Ali (NOR),2019-2019,2019,2019,0,5,4.0,1.0,31.0,19,19.0,0,10.33,53.0,58.49,0.0,0.0,0.0,1.0,0.0,6.2,0.0,0.0,29.59,2019-2019,2019,2019,0,5,3.0,4.0,0.0,37.0,1.0,Jan-17,37.0,9.25,24.0,0.0,0.0,0.2,0.11,0.17,0.0,2019-2019,2019,2019,0,5,5.0,0.0,0.0,0.0,0.0,0.0,0.0,0.0,0.0,0.0,0.0,True,True,All-rounder
Tahir Dar (BAH),2019-2019,2019,2019,0,4,2.0,0.0,25.0,15,15.0,0,12.5,25.0,100.0,0.0,0.0,0.0,1.0,2.0,6.25,0.0,0.0,47.5,2019-2019,2019,2019,0,4,4.0,14.0,0.0,128.0,3.0,Feb-31,42.66,9.14,28.0,0.0,0.0,0.75,0.11,0.56,0.0,2019-2019,2019,2019,0,4,4.0,2.0,2.0,0.0,0.0,2.0,,0.5,0.5,0.5,0.0,True,True,All-rounder
Taijul Islam (BDESH),2019-2019,2019,2019,0,2,1.0,1.0,0.0,0*,0.0,1,,1.0,0.0,0.0,0.0,0.0,0.0,0.0,,0.0,0.0,,2019-2019,2019,2019,0,2,2.0,7.0,0.0,58.0,1.0,Jan-26,58.0,8.28,42.0,0.0,0.0,0.5,0.12,0.39,0.0,2019-2019,2019,2019,0,2,2.0,0.0,0.0,0.0,0.0,0.0,0.0,0.0,0.0,0.0,0.0,True,True,All-rounder
Talha Khan (GER),2019-2019,2019,2019,0,1,1.0,1.0,40.0,40*,40.0,1,,41.0,97.56,0.0,0.0,0.0,4.0,0.0,40.0,0.0,0.0,,2019-2019,2019,2019,0,1,,,,,,-,,,,,,,,,,2019-2019,2019,2019,0,1,1.0,0.0,0.0,0.0,0.0,0.0,0.0,0.0,0.0,0.0,0.0,True,True,All-rounder
Tamim Iqbal (BDESH/ICC/World),2007-2018,2007,2018,11,75,75.0,5.0,1613.0,103*,103.0,1,23.04,1383.0,116.63,1.0,6.0,6.0,174.0,41.0,21.51,1.33,8.0,60.48,2007-2018,2007,2018,11,75,,,,,,-,,,,,,,,,,2007-2018,2007,2018,11,75,73.0,18.0,18.0,0.0,0.0,18.0,,0.246,0.24,0.24,0.0,True,True,All-rounder
Tamoor Sajjad (QAT),2019-2019,2019,2019,0,12,11.0,2.0,301.0,68,68.0,0,33.44,216.0,139.35,0.0,1.0,1.0,24.0,14.0,25.08,0.0,8.33,75.8,2019-2019,2019,2019,0,12,12.0,43.2,1.0,309.0,13.0,03-Nov,23.76,7.13,20.0,0.0,0.0,1.08,0.14,0.8,0.0,2019-2019,2019,2019,0,12,12.0,12.0,12.0,0.0,0.0,12.0,,1.0,1.0,1.0,0.0,True,True,All-rounder
Tanveer Ahmed (HKG),2016-2017,2016,2017,1,5,2.0,1.0,7.0,7*,7.0,1,7.0,11.0,63.63,0.0,0.0,1.0,1.0,0.0,1.4,0.0,0.0,29.65,2016-2017,2016,2017,1,5,5.0,13.3,0.0,116.0,3.0,Feb-29,38.66,8.59,27.0,0.0,0.0,0.6,0.12,0.45,0.0,2016-2017,2016,2017,1,5,5.0,1.0,1.0,0.0,0.0,1.0,,0.2,0.2,0.2,0.0,True,True,All-rounder
Tanvir Ahmed (PAK),2010-2010,2010,2010,0,1,,,,-,,0,,,,,,,,,,,,,2010-2010,2010,2010,0,1,1.0,3.0,0.0,13.0,1.0,Jan-13,13.0,4.33,18.0,0.0,0.0,1.0,0.23,0.77,0.0,2010-2010,2010,2010,0,1,1.0,0.0,0.0,0.0,0.0,0.0,0.0,0.0,0.0,0.0,0.0,True,True,All-rounder
Tanwir Afzal (HKG),2014-2016,2014,2016,2,21,18.0,2.0,219.0,56,56.0,0,13.68,173.0,126.58,0.0,1.0,4.0,9.0,15.0,10.43,0.0,4.76,58.84,2014-2016,2014,2016,2,21,21.0,71.0,2.0,509.0,19.0,02-Aug,26.78,7.16,22.4,0.0,0.0,0.9,0.14,0.68,0.0,2014-2016,2014,2016,2,21,21.0,4.0,4.0,0.0,0.0,4.0,,0.19,0.19,0.19,0.0,True,True,All-rounder
Tariq Aziz (PORT),2019-2019,2019,2019,0,4,4.0,1.0,40.0,23,23.0,0,13.33,47.0,85.1,0.0,0.0,1.0,1.0,2.0,10.0,0.0,0.0,42.04,2019-2019,2019,2019,0,4,4.0,16.0,0.0,70.0,6.0,Mar-20,11.66,4.37,16.0,0.0,0.0,1.5,0.23,1.12,0.0,2019-2019,2019,2019,0,4,4.0,0.0,0.0,0.0,0.0,0.0,0.0,0.0,0.0,0.0,0.0,True,True,All-rounder
Tarun Sharma (Mex),2019-2019,2019,2019,0,8,8.0,1.0,164.0,49*,49.0,1,23.42,160.0,102.5,0.0,0.0,1.0,12.0,6.0,20.5,0.0,0.0,55.05,2019-2019,2019,2019,0,8,1.0,1.0,0.0,14.0,0.0,-,,14.0,,0.0,0.0,0.0,0.07,0.02,0.0,2019-2019,2019,2019,0,8,8.0,0.0,0.0,0.0,0.0,0.0,0.0,0.0,0.0,0.0,0.0,True,True,All-rounder
Taskin Ahmed (BDESH),2014-2018,2014,2018,4,19,6.0,3.0,29.0,15*,15.0,1,9.66,31.0,93.54,0.0,0.0,1.0,3.0,1.0,1.53,0.0,0.0,43.21,2014-2018,2014,2018,4,19,17.0,55.5,1.0,438.0,12.0,Feb-32,36.5,7.84,27.9,0.0,0.0,0.63,0.13,0.48,0.0,2014-2018,2014,2018,4,19,17.0,1.0,1.0,0.0,0.0,1.0,,0.058,0.05,0.05,0.0,True,True,All-rounder
Tauqeer Hussain (ESP),2019-2019,2019,2019,0,4,1.0,1.0,3.0,3*,3.0,1,,3.0,100.0,0.0,0.0,0.0,0.0,0.0,0.75,0.0,0.0,,2019-2019,2019,2019,0,4,4.0,9.3,0.0,48.0,5.0,02-Dec,9.6,5.05,11.4,0.0,0.0,1.25,0.2,0.93,0.0,2019-2019,2019,2019,0,4,4.0,2.0,2.0,0.0,0.0,2.0,,0.5,0.5,0.5,0.0,True,True,All-rounder
U Aryaman Sunil (SGP),2019-2019,2019,2019,0,2,1.0,0.0,6.0,6,6.0,0,6.0,4.0,150.0,0.0,0.0,0.0,0.0,1.0,3.0,0.0,0.0,63.6,2019-2019,2019,2019,0,2,2.0,3.0,0.0,28.0,0.0,-,,9.33,,0.0,0.0,0.0,0.11,0.03,0.0,2019-2019,2019,2019,0,2,2.0,1.0,1.0,0.0,0.0,1.0,,0.5,0.5,0.5,0.0,True,True,All-rounder
U Bhatti (CAN),2008-2010,2008,2010,2,7,7.0,3.0,49.0,12,12.0,0,12.25,48.0,102.08,0.0,0.0,0.0,3.0,1.0,7.0,0.0,0.0,48.18,2008-2010,2008,2010,2,7,7.0,23.0,0.0,148.0,8.0,Mar-23,18.5,6.43,17.2,0.0,0.0,1.14,0.16,0.85,0.0,2008-2010,2008,2010,2,7,7.0,0.0,0.0,0.0,0.0,0.0,0.0,0.0,0.0,0.0,0.0,True,True,All-rounder
U Dorji (BHU),2019-2019,2019,2019,0,2,2.0,0.0,16.0,8,8.0,0,8.0,17.0,94.11,0.0,0.0,0.0,2.0,0.0,8.0,0.0,0.0,42.44,2019-2019,2019,2019,0,2,,,,,,-,,,,,,,,,,2019-2019,2019,2019,0,2,2.0,0.0,0.0,0.0,0.0,0.0,0.0,0.0,0.0,0.0,0.0,True,True,All-rounder
UKPW Kumaranayaka (KUW),2019-2019,2019,2019,0,3,,,,-,,0,,,,,,,,,,,,,2019-2019,2019,2019,0,3,3.0,12.0,0.0,102.0,3.0,Feb-26,34.0,8.5,24.0,0.0,0.0,1.0,0.12,0.74,0.0,2019-2019,2019,2019,0,3,3.0,1.0,1.0,0.0,0.0,1.0,,0.333,0.33,0.33,0.0,True,True,All-rounder
UT Khawaja (AUS),2016-2016,2016,2016,0,9,9.0,0.0,241.0,58,58.0,0,26.77,182.0,132.41,0.0,1.0,0.0,31.0,5.0,26.78,0.0,11.11,69.03,2016-2016,2016,2016,0,9,,,,,,-,,,,,,,,,,2016-2016,2016,2016,0,9,9.0,5.0,5.0,0.0,0.0,5.0,,0.555,0.56,0.56,0.0,True,True,All-rounder
UT Yadav (INDIA),2012-2019,2012,2019,7,7,1.0,0.0,2.0,2,2.0,0,2.0,4.0,50.0,0.0,0.0,0.0,0.0,0.0,0.29,0.0,0.0,21.2,2012-2019,2012,2019,7,7,7.0,25.0,0.0,219.0,9.0,Feb-19,24.33,8.76,16.6,0.0,0.0,1.29,0.11,0.93,0.0,2012-2019,2012,2019,7,7,7.0,3.0,3.0,0.0,0.0,3.0,,0.428,0.43,0.43,0.0,True,True,All-rounder
UWMBCA Welegedara (SL),2010-2010,2010,2010,0,2,1.0,1.0,2.0,2*,2.0,1,,3.0,66.66,0.0,0.0,0.0,0.0,0.0,1.0,0.0,0.0,,2010-2010,2010,2010,0,2,2.0,6.0,0.0,61.0,1.0,Jan-21,61.0,10.16,36.0,0.0,0.0,0.5,0.1,0.38,0.0,2010-2010,2010,2010,0,2,2.0,0.0,0.0,0.0,0.0,0.0,0.0,0.0,0.0,0.0,0.0,True,True,All-rounder
Umair Ali (UAE),2015-2015,2015,2015,0,3,3.0,2.0,22.0,13,13.0,0,22.0,18.0,122.22,0.0,0.0,0.0,2.0,1.0,7.33,0.0,0.0,62.09,2015-2015,2015,2015,0,3,2.0,4.0,0.0,28.0,1.0,Jan-13,28.0,7.0,24.0,0.0,0.0,0.33,0.14,0.28,0.0,2015-2015,2015,2015,0,3,3.0,0.0,0.0,0.0,0.0,0.0,0.0,0.0,0.0,0.0,0.0,True,True,All-rounder
Umar Adam (Mald),2019-2019,2019,2019,0,11,10.0,1.0,185.0,53,53.0,0,20.55,149.0,124.16,0.0,1.0,1.0,19.0,6.0,16.82,0.0,9.09,61.99,2019-2019,2019,2019,0,11,8.0,27.0,0.0,168.0,12.0,Mar-17,14.0,6.22,13.5,0.0,0.0,1.09,0.16,0.81,0.0,2019-2019,2019,2019,0,11,11.0,2.0,2.0,0.0,0.0,2.0,,0.181,0.18,0.18,0.0,True,True,All-rounder
Umar Akmal (PAK),2009-2019,2009,2019,10,84,79.0,14.0,1690.0,94,94.0,0,26.0,1377.0,122.73,0.0,8.0,10.0,122.0,55.0,20.12,0.0,9.52,64.69,2009-2019,2009,2019,10,84,,,,,,-,,,,,,,,,,2009-2019,2009,2019,10,84,84.0,52.0,50.0,2.0,11.0,39.0,,0.619,0.6,0.62,0.02,True,True,All-rounder
Umar Amin (PAK),2013-2018,2013,2018,5,14,9.0,0.0,142.0,47,47.0,0,15.77,123.0,115.44,0.0,0.0,3.0,15.0,4.0,10.14,0.0,0.0,55.64,2013-2018,2013,2018,5,14,,,,,,-,,,,,,,,,,2013-2018,2013,2018,5,14,14.0,4.0,4.0,0.0,0.0,4.0,,0.285,0.29,0.29,0.0,True,True,All-rounder
Umar Gul (PAK),2007-2016,2007,2016,9,60,27.0,9.0,165.0,32,32.0,0,9.16,156.0,105.76,0.0,0.0,6.0,11.0,10.0,2.75,0.0,0.0,47.8,2007-2016,2007,2016,9,60,60.0,200.3,2.0,1443.0,85.0,05-Jun,16.97,7.19,14.1,4.0,2.0,1.42,0.14,1.03,0.033,2007-2016,2007,2016,9,60,60.0,18.0,18.0,0.0,0.0,18.0,,0.3,0.3,0.3,0.0,True,True,All-rounder
Usama Master (MWI),2019-2019,2019,2019,0,6,2.0,0.0,15.0,15,15.0,0,7.5,13.0,115.38,0.0,0.0,1.0,1.0,0.0,2.5,0.0,0.0,50.65,2019-2019,2019,2019,0,6,5.0,13.1,0.0,106.0,5.0,Feb-24,21.2,8.05,15.8,0.0,0.0,0.83,0.12,0.62,0.0,2019-2019,2019,2019,0,6,6.0,1.0,1.0,0.0,0.0,1.0,,0.166,0.17,0.17,0.0,True,True,All-rounder
Usman Ali (Saudi),2019-2019,2019,2019,0,5,2.0,1.0,9.0,7,7.0,0,9.0,14.0,64.28,0.0,0.0,0.0,1.0,0.0,1.8,0.0,0.0,31.11,2019-2019,2019,2019,0,5,5.0,19.0,0.0,130.0,4.0,Jan-21,32.5,6.84,28.5,0.0,0.0,0.8,0.15,0.6,0.0,2019-2019,2019,2019,0,5,5.0,1.0,1.0,0.0,0.0,1.0,,0.2,0.2,0.2,0.0,True,True,All-rounder
Usman Ghani (AFG),2015-2019,2015,2019,4,19,19.0,1.0,445.0,73,73.0,0,24.72,407.0,109.33,0.0,3.0,0.0,44.0,12.0,23.42,0.0,15.79,58.56,2015-2019,2015,2019,4,19,,,,,,-,,,,,,,,,,2015-2019,2015,2019,4,19,19.0,10.0,10.0,0.0,0.0,10.0,,0.526,0.53,0.53,0.0,True,True,All-rounder
Usman Limbada (CAN),2010-2013,2010,2013,3,7,3.0,2.0,53.0,21*,21.0,1,53.0,41.0,129.26,0.0,0.0,0.0,6.0,0.0,7.57,0.0,0.0,83.5,2010-2013,2010,2013,3,7,,,,,,-,,,,,,,,,,2010-2013,2010,2013,3,7,7.0,1.0,1.0,0.0,0.0,1.0,,0.142,0.14,0.14,0.0,True,True,All-rounder
Usman Mushtaq (UAE),2016-2016,2016,2016,0,3,2.0,1.0,13.0,9,9.0,0,13.0,24.0,54.16,0.0,0.0,0.0,1.0,0.0,4.33,0.0,0.0,29.46,2016-2016,2016,2016,0,3,,,,,,-,,,,,,,,,,2016-2016,2016,2016,0,3,3.0,0.0,0.0,0.0,0.0,0.0,0.0,0.0,0.0,0.0,0.0,True,True,All-rounder
Usman Shinwari (PAK),2013-2019,2013,2019,6,16,3.0,3.0,2.0,2*,2.0,1,,3.0,66.66,0.0,0.0,0.0,0.0,0.0,0.13,0.0,0.0,,2013-2019,2013,2019,6,16,16.0,51.0,0.0,424.0,13.0,Mar-31,32.61,8.31,23.5,0.0,0.0,0.81,0.12,0.6,0.0,2013-2019,2013,2019,6,16,16.0,1.0,1.0,0.0,0.0,1.0,,0.062,0.06,0.06,0.0,True,True,All-rounder
Usman Waheed (KUW),2019-2019,2019,2019,0,6,4.0,1.0,64.0,28*,28.0,1,21.33,61.0,104.91,0.0,0.0,1.0,6.0,1.0,10.67,0.0,0.0,54.76,2019-2019,2019,2019,0,6,,,,,,-,,,,,,,,,,2019-2019,2019,2019,0,6,6.0,1.0,1.0,0.0,0.0,1.0,,0.166,0.17,0.17,0.0,True,True,All-rounder
V Ateak (Ghana),2019-2019,2019,2019,0,4,1.0,1.0,1.0,1*,1.0,1,,2.0,50.0,0.0,0.0,0.0,0.0,0.0,0.25,0.0,0.0,,2019-2019,2019,2019,0,4,3.0,11.0,0.0,94.0,3.0,Feb-36,31.33,8.54,22.0,0.0,0.0,0.75,0.12,0.56,0.0,2019-2019,2019,2019,0,4,4.0,1.0,1.0,0.0,0.0,1.0,,0.25,0.25,0.25,0.0,True,True,All-rounder
V Balakrishnan (Botsw),2019-2019,2019,2019,0,3,3.0,1.0,63.0,29*,29.0,1,31.5,82.0,76.82,0.0,0.0,0.0,6.0,1.0,21.0,0.0,0.0,49.63,2019-2019,2019,2019,0,3,,,,,,-,,,,,,,,,,2019-2019,2019,2019,0,3,3.0,3.0,3.0,0.0,0.0,3.0,,1.0,1.0,1.0,0.0,True,True,All-rounder
V Baskaran (SGP),2019-2019,2019,2019,0,12,5.0,3.0,18.0,14*,14.0,1,9.0,23.0,78.26,0.0,0.0,1.0,0.0,0.0,1.5,0.0,0.0,36.7,2019-2019,2019,2019,0,12,12.0,36.0,2.0,245.0,5.0,Feb-22,49.0,6.8,43.2,0.0,0.0,0.42,0.15,0.34,0.0,2019-2019,2019,2019,0,12,12.0,3.0,3.0,0.0,0.0,3.0,,0.25,0.25,0.25,0.0,True,True,All-rounder
V Dikov (),2019-2019,2019,2019,0,3,,,,-,,0,,,,,,,,,,,,,2019-2019,2019,2019,0,3,,,,,,-,,,,,,,,,,2019-2019,2019,2019,0,3,3.0,0.0,0.0,0.0,0.0,0.0,0.0,0.0,0.0,0.0,0.0,True,True,All-rounder
V Ganesan (GER),2019-2019,2019,2019,0,4,4.0,0.0,31.0,15,15.0,0,7.75,42.0,73.8,0.0,0.0,0.0,0.0,0.0,7.75,0.0,0.0,34.17,2019-2019,2019,2019,0,4,4.0,9.0,1.0,44.0,2.0,01-Oct,22.0,4.88,27.0,0.0,0.0,0.5,0.2,0.41,0.0,2019-2019,2019,2019,0,4,4.0,2.0,2.0,0.0,0.0,2.0,,0.5,0.5,0.5,0.0,True,True,All-rounder
V Kohli (INDIA),2010-2019,2010,2019,9,75,70.0,20.0,2633.0,94*,94.0,1,52.66,1907.0,138.07,0.0,24.0,2.0,247.0,71.0,35.11,0.0,32.0,86.82,2010-2019,2010,2019,9,75,12.0,24.2,0.0,198.0,4.0,Jan-13,49.5,8.13,36.5,0.0,0.0,0.05,0.12,0.07,0.0,2010-2019,2010,2019,9,75,75.0,37.0,37.0,0.0,0.0,37.0,,0.493,0.49,0.49,0.0,True,True,All-rounder
V Mbazo (Botsw),2019-2019,2019,2019,0,4,3.0,1.0,51.0,27*,27.0,1,25.5,67.0,76.11,0.0,0.0,0.0,3.0,0.0,12.75,0.0,0.0,45.74,2019-2019,2019,2019,0,4,,,,,,-,,,,,,,,,,2019-2019,2019,2019,0,4,4.0,0.0,0.0,0.0,0.0,0.0,0.0,0.0,0.0,0.0,0.0,True,True,All-rounder
V Permaul (WI),2018-2018,2018,2018,0,1,,,,-,,0,,,,,,,,,,,,,2018-2018,2018,2018,0,1,1.0,0.3,0.0,8.0,0.0,-,,16.0,,0.0,0.0,0.0,0.06,0.02,0.0,2018-2018,2018,2018,0,1,1.0,0.0,0.0,0.0,0.0,0.0,0.0,0.0,0.0,0.0,0.0,True,True,All-rounder
V Sehwag (INDIA),2006-2012,2006,2012,6,19,18.0,0.0,394.0,68,68.0,0,21.88,271.0,145.38,0.0,2.0,1.0,43.0,16.0,20.74,0.0,10.53,71.28,2006-2012,2006,2012,6,19,1.0,1.0,0.0,20.0,0.0,-,,20.0,,0.0,0.0,0.0,0.05,0.02,0.0,2006-2012,2006,2012,6,19,18.0,2.0,2.0,0.0,0.0,2.0,,0.111,0.11,0.11,0.0,True,True,All-rounder
V Shankar (INDIA),2018-2019,2018,2019,1,9,4.0,0.0,101.0,43,43.0,0,25.25,73.0,138.35,0.0,0.0,0.0,11.0,5.0,11.22,0.0,0.0,70.49,2018-2019,2018,2019,1,9,6.0,21.0,0.0,191.0,5.0,Feb-32,38.2,9.09,25.2,0.0,0.0,0.56,0.11,0.42,0.0,2018-2019,2018,2019,1,9,9.0,2.0,2.0,0.0,0.0,2.0,,0.222,0.22,0.22,0.0,True,True,All-rounder
V Shetty (UAE),2014-2014,2014,2014,0,2,2.0,1.0,11.0,10,10.0,0,11.0,13.0,84.61,0.0,0.0,0.0,1.0,0.0,5.5,0.0,0.0,40.44,2014-2014,2014,2014,0,2,,,,,,-,,,,,,,,,,2014-2014,2014,2014,0,2,2.0,1.0,1.0,0.0,0.0,1.0,,0.5,0.5,0.5,0.0,True,True,All-rounder
V Sibanda (ZIM),2007-2016,2007,2016,9,26,26.0,1.0,511.0,59,59.0,0,20.44,503.0,101.59,0.0,1.0,3.0,52.0,11.0,19.65,0.0,3.85,52.9,2007-2016,2007,2016,9,26,,,,,,-,,,,,,,,,,2007-2016,2007,2016,9,26,26.0,12.0,12.0,0.0,0.0,12.0,,0.461,0.46,0.46,0.0,True,True,All-rounder
V Vijh (LUX),2019-2019,2019,2019,0,4,4.0,2.0,107.0,64*,64.0,1,53.5,119.0,89.91,0.0,1.0,0.0,13.0,1.0,26.75,0.0,25.0,68.06,2019-2019,2019,2019,0,4,3.0,7.5,0.0,72.0,0.0,-,,9.19,,0.0,0.0,0.0,0.11,0.03,0.0,2019-2019,2019,2019,0,4,4.0,0.0,0.0,0.0,0.0,0.0,0.0,0.0,0.0,0.0,0.0,True,True,All-rounder
VB Chikkannaiah (GER),2019-2019,2019,2019,0,7,7.0,1.0,148.0,70*,70.0,1,24.66,167.0,88.62,0.0,1.0,0.0,10.0,2.0,21.14,0.0,14.29,50.24,2019-2019,2019,2019,0,7,,,,,,-,,,,,,,,,,2019-2019,2019,2019,0,7,7.0,0.0,0.0,0.0,0.0,0.0,0.0,0.0,0.0,0.0,0.0,True,True,All-rounder
VB van Jaarsveld (SA),2009-2009,2009,2009,0,3,3.0,0.0,15.0,12,12.0,0,5.0,23.0,65.21,0.0,0.0,1.0,0.0,0.0,5.0,0.0,0.0,29.08,2009-2009,2009,2009,0,3,,,,,,-,,,,,,,,,,2009-2009,2009,2009,0,3,3.0,0.0,0.0,0.0,0.0,0.0,0.0,0.0,0.0,0.0,0.0,True,True,All-rounder
VD Adewoye (NGA),2019-2019,2019,2019,0,7,6.0,2.0,47.0,23*,23.0,1,11.75,42.0,111.9,0.0,0.0,2.0,4.0,2.0,6.71,0.0,0.0,51.81,2019-2019,2019,2019,0,7,7.0,16.2,1.0,135.0,6.0,Apr-18,22.5,8.26,16.3,1.0,0.0,0.86,0.12,0.64,0.0,2019-2019,2019,2019,0,7,7.0,1.0,1.0,0.0,0.0,1.0,,0.142,0.14,0.14,0.0,True,True,All-rounder
VD Chandra (PNM),2019-2019,2019,2019,0,3,2.0,0.0,37.0,26,26.0,0,18.5,30.0,123.33,0.0,0.0,0.0,3.0,3.0,12.33,0.0,0.0,60.43,2019-2019,2019,2019,0,3,,,,,,-,,,,,,,,,,2019-2019,2019,2019,0,3,3.0,2.0,2.0,0.0,2.0,0.0,,0.666,0.67,0.67,0.0,True,True,All-rounder
VD Philander (SA),2007-2007,2007,2007,0,7,4.0,0.0,14.0,6,6.0,0,3.5,28.0,50.0,0.0,0.0,0.0,0.0,0.0,2.0,0.0,0.0,22.1,2007-2007,2007,2007,0,7,6.0,13.5,0.0,114.0,4.0,Feb-23,28.5,8.24,20.7,0.0,0.0,0.57,0.12,0.44,0.0,2007-2007,2007,2007,0,7,7.0,1.0,1.0,0.0,0.0,1.0,,0.142,0.14,0.14,0.0,True,True,All-rounder
VE Tembo (Moz),2019-2019,2019,2019,0,6,5.0,2.0,45.0,20*,20.0,1,15.0,52.0,86.53,0.0,0.0,0.0,2.0,0.0,7.5,0.0,0.0,43.61,2019-2019,2019,2019,0,6,,,,,,-,,,,,,,,,,2019-2019,2019,2019,0,6,5.0,0.0,0.0,0.0,0.0,0.0,0.0,0.0,0.0,0.0,0.0,True,True,All-rounder
VJ Kingma (NL),2016-2019,2016,2019,3,4,2.0,1.0,1.0,1,1.0,0,1.0,5.0,20.0,0.0,0.0,0.0,0.0,0.0,0.25,0.0,0.0,8.6,2016-2019,2016,2019,3,4,4.0,14.4,0.0,142.0,5.0,Feb-47,28.4,9.68,17.6,0.0,0.0,1.25,0.1,0.91,0.0,2016-2019,2016,2019,3,4,4.0,0.0,0.0,0.0,0.0,0.0,0.0,0.0,0.0,0.0,0.0,True,True,All-rounder
VM Sachdev (PNM),2019-2019,2019,2019,0,2,2.0,1.0,23.0,12*,12.0,1,23.0,31.0,74.19,0.0,0.0,0.0,2.0,0.0,11.5,0.0,0.0,43.48,2019-2019,2019,2019,0,2,,,,,,-,,,,,,,,,,2019-2019,2019,2019,0,2,2.0,1.0,1.0,0.0,0.0,1.0,,0.5,0.5,0.5,0.0,True,True,All-rounder
VRCF Poubel (),2019-2019,2019,2019,0,3,3.0,2.0,9.0,5*,5.0,1,9.0,15.0,60.0,0.0,0.0,0.0,0.0,0.0,3.0,0.0,0.0,29.4,2019-2019,2019,2019,0,3,,,,,,-,,,,,,,,,,2019-2019,2019,2019,0,3,3.0,0.0,0.0,0.0,0.0,0.0,0.0,0.0,0.0,0.0,0.0,True,True,All-rounder
VS Padhaal (Fin),2019-2019,2019,2019,0,5,5.0,0.0,31.0,14,14.0,0,6.2,44.0,70.45,0.0,0.0,0.0,4.0,0.0,6.2,0.0,0.0,31.9,2019-2019,2019,2019,0,5,,,,,,-,,,,,,,,,,2019-2019,2019,2019,0,5,5.0,0.0,0.0,0.0,0.0,0.0,0.0,0.0,0.0,0.0,0.0,True,True,All-rounder
VS Solanki (ENG),2005-2007,2005,2007,2,3,3.0,0.0,76.0,43,43.0,0,25.33,61.0,124.59,0.0,0.0,0.0,10.0,1.0,25.33,0.0,0.0,65.03,2005-2007,2005,2007,2,3,,,,,,-,,,,,,,,,,2005-2007,2005,2007,2,3,3.0,3.0,3.0,0.0,2.0,1.0,,1.0,1.0,1.0,0.0,True,True,All-rounder
VS Wategaonkar (OMAN),2016-2016,2016,2016,0,2,1.0,0.0,14.0,14,14.0,0,14.0,14.0,100.0,0.0,0.0,0.0,1.0,0.0,7.0,0.0,0.0,48.4,2016-2016,2016,2016,0,2,,,,,,-,,,,,,,,,,2016-2016,2016,2016,0,2,2.0,1.0,1.0,0.0,0.0,1.0,,0.5,0.5,0.5,0.0,True,True,All-rounder
VV Morea (PNG),2015-2017,2015,2017,2,5,5.0,0.0,35.0,19,19.0,0,7.0,44.0,79.54,0.0,0.0,1.0,4.0,0.0,7.0,0.0,0.0,36.02,2015-2017,2015,2017,2,5,,,,,,-,,,,,,,,,,2015-2017,2015,2017,2,5,5.0,0.0,0.0,0.0,0.0,0.0,0.0,0.0,0.0,0.0,0.0,True,True,All-rounder
Vichanath Singh (THAI),2019-2019,2019,2019,0,4,,,,-,,0,,,,,,,,,,,,,2019-2019,2019,2019,0,4,4.0,16.0,1.0,90.0,3.0,Jan-15,30.0,5.62,32.0,0.0,0.0,0.75,0.18,0.58,0.0,2019-2019,2019,2019,0,4,4.0,2.0,2.0,0.0,0.0,2.0,,0.5,0.5,0.5,0.0,True,True,All-rounder
Vikramjit Singh (NL),2019-2019,2019,2019,0,1,1.0,0.0,15.0,15,15.0,0,15.0,13.0,115.38,0.0,0.0,0.0,1.0,0.0,15.0,0.0,0.0,55.15,2019-2019,2019,2019,0,1,,,,,,-,,,,,,,,,,2019-2019,2019,2019,0,1,1.0,0.0,0.0,0.0,0.0,0.0,0.0,0.0,0.0,0.0,0.0,True,True,All-rounder
Vimal Kumar (PHI),2019-2019,2019,2019,0,2,,,,-,,0,,,,,,,,,,,,,2019-2019,2019,2019,0,2,1.0,3.0,0.0,32.0,0.0,-,,10.66,,0.0,0.0,0.0,0.09,0.03,0.0,2019-2019,2019,2019,0,2,2.0,1.0,1.0,0.0,0.0,1.0,,0.5,0.5,0.5,0.0,True,True,All-rounder
Vinod Kumar (ESP),2019-2019,2019,2019,0,3,3.0,1.0,25.0,17,17.0,0,12.5,30.0,83.33,0.0,0.0,0.0,3.0,0.0,8.33,0.0,0.0,40.83,2019-2019,2019,2019,0,3,,,,,,-,,,,,,,,,,2019-2019,2019,2019,0,3,3.0,2.0,2.0,0.0,0.0,2.0,,0.666,0.67,0.67,0.0,True,True,All-rounder
Virandeep Singh (MAL),2019-2019,2019,2019,0,12,12.0,0.0,311.0,57,57.0,0,25.91,309.0,100.64,0.0,1.0,1.0,27.0,7.0,25.92,0.0,8.33,55.8,2019-2019,2019,2019,0,12,8.0,17.2,0.0,135.0,3.0,Feb-15,45.0,7.78,34.6,0.0,0.0,0.25,0.13,0.21,0.0,2019-2019,2019,2019,0,12,12.0,6.0,6.0,0.0,0.0,6.0,,0.5,0.5,0.5,0.0,True,True,All-rounder
Vishal Ahir (PNM),2019-2019,2019,2019,0,1,,,,-,,0,,,,,,,,,,,,,2019-2019,2019,2019,0,1,,,,,,-,,,,,,,,,,2019-2019,2019,2019,0,1,1.0,1.0,1.0,0.0,0.0,1.0,,1.0,1.0,1.0,0.0,True,True,All-rounder
W Barresi (NL),2012-2019,2012,2019,7,42,41.0,6.0,799.0,75*,75.0,1,22.82,695.0,114.96,0.0,4.0,3.0,69.0,21.0,19.02,0.0,9.52,59.68,2012-2019,2012,2019,7,42,3.0,5.4,0.0,49.0,2.0,01-Mar,24.5,8.64,17.0,0.0,0.0,0.05,0.12,0.07,0.0,2012-2019,2012,2019,7,42,40.0,27.0,26.0,1.0,26.0,0.0,,0.675,0.62,0.64,0.02,True,True,All-rounder
W Nalisa (VAN),2019-2019,2019,2019,0,9,3.0,2.0,2.0,1*,1.0,1,2.0,4.0,50.0,0.0,0.0,1.0,0.0,0.0,0.22,0.0,0.0,21.2,2019-2019,2019,2019,0,9,7.0,20.0,0.0,177.0,5.0,Feb-25,35.4,8.85,24.0,0.0,0.0,0.56,0.11,0.42,0.0,2019-2019,2019,2019,0,9,9.0,1.0,1.0,0.0,0.0,1.0,,0.111,0.11,0.11,0.0,True,True,All-rounder
W Viraliliu (VAN),2019-2019,2019,2019,0,10,7.0,3.0,34.0,13*,13.0,1,8.5,26.0,130.76,0.0,0.0,0.0,3.0,2.0,3.4,0.0,0.0,57.4,2019-2019,2019,2019,0,10,9.0,20.2,0.0,164.0,5.0,Mar-19,32.8,8.06,24.4,0.0,0.0,0.5,0.12,0.39,0.0,2019-2019,2019,2019,0,10,10.0,1.0,1.0,0.0,0.0,1.0,,0.1,0.1,0.1,0.0,True,True,All-rounder
WA Peatfield (GUE),2019-2019,2019,2019,0,8,2.0,1.0,8.0,7*,7.0,1,8.0,12.0,66.66,0.0,0.0,0.0,1.0,0.0,1.0,0.0,0.0,31.46,2019-2019,2019,2019,0,8,8.0,28.0,0.0,198.0,9.0,Mar-23,22.0,7.07,18.6,0.0,0.0,1.13,0.14,0.83,0.0,2019-2019,2019,2019,0,8,8.0,0.0,0.0,0.0,0.0,0.0,0.0,0.0,0.0,0.0,0.0,True,True,All-rounder
WB Rankin (ENG/IRE),2009-2019,2009,2019,10,48,15.0,8.0,64.0,16*,16.0,1,9.14,74.0,86.48,0.0,0.0,2.0,3.0,3.0,1.33,0.0,0.0,40.08,2009-2019,2009,2019,10,48,47.0,170.0,2.0,1138.0,53.0,Mar-16,21.47,6.69,19.2,0.0,0.0,1.1,0.15,0.82,0.0,2009-2019,2009,2019,10,48,47.0,16.0,16.0,0.0,0.0,16.0,,0.34,0.33,0.33,0.0,True,True,All-rounder
WD Balaji Rao (CAN),2008-2008,2008,2008,0,4,4.0,1.0,32.0,22*,22.0,1,10.66,30.0,106.66,0.0,0.0,1.0,1.0,2.0,8.0,0.0,0.0,49.06,2008-2008,2008,2008,0,4,4.0,14.0,0.0,107.0,6.0,Mar-21,17.83,7.64,14.0,0.0,0.0,1.5,0.13,1.09,0.0,2008-2008,2008,2008,0,4,4.0,1.0,1.0,0.0,0.0,1.0,,0.25,0.25,0.25,0.0,True,True,All-rounder
WD Parnell (SA),2009-2017,2009,2017,8,40,13.0,9.0,114.0,29*,29.0,1,28.5,96.0,118.75,0.0,0.0,0.0,10.0,3.0,2.85,0.0,0.0,64.6,2009-2017,2009,2017,8,40,39.0,124.5,3.0,1038.0,41.0,Apr-13,25.31,8.31,18.2,1.0,0.0,1.03,0.12,0.75,0.0,2009-2017,2009,2017,8,40,40.0,5.0,5.0,0.0,0.0,5.0,,0.125,0.13,0.13,0.0,True,True,All-rounder
WIA Fernando (SL),2019-2019,2019,2019,0,10,10.0,0.0,148.0,37,37.0,0,14.8,156.0,94.87,0.0,0.0,1.0,9.0,3.0,14.8,0.0,0.0,46.83,2019-2019,2019,2019,0,10,,,,,,-,,,,,,,,,,2019-2019,2019,2019,0,10,10.0,2.0,2.0,0.0,0.0,2.0,,0.2,0.2,0.2,0.0,True,True,All-rounder
WJ Malinda (Mald),2019-2019,2019,2019,0,3,2.0,1.0,11.0,10*,10.0,1,11.0,9.0,122.22,0.0,0.0,0.0,0.0,1.0,3.67,0.0,0.0,55.49,2019-2019,2019,2019,0,3,1.0,4.0,0.0,27.0,1.0,Jan-27,27.0,6.75,24.0,0.0,0.0,0.33,0.15,0.28,0.0,2019-2019,2019,2019,0,3,3.0,3.0,3.0,0.0,0.0,3.0,,1.0,1.0,1.0,0.0,True,True,All-rounder
WJR Robertson (JER),2019-2019,2019,2019,0,6,2.0,2.0,1.0,1*,1.0,1,,2.0,50.0,0.0,0.0,0.0,0.0,0.0,0.17,0.0,0.0,,2019-2019,2019,2019,0,6,6.0,18.1,1.0,101.0,3.0,01-Jul,33.66,5.55,36.3,0.0,0.0,0.5,0.18,0.4,0.0,2019-2019,2019,2019,0,6,6.0,0.0,0.0,0.0,0.0,0.0,0.0,0.0,0.0,0.0,0.0,True,True,All-rounder
WK McCallan (IRE),2008-2009,2008,2009,1,9,3.0,2.0,11.0,9*,9.0,1,11.0,15.0,73.33,0.0,0.0,1.0,1.0,0.0,1.22,0.0,0.0,35.93,2008-2009,2008,2009,1,9,7.0,21.5,0.0,152.0,8.0,Feb-26,19.0,6.96,16.3,0.0,0.0,0.89,0.14,0.67,0.0,2008-2009,2008,2009,1,9,8.0,3.0,3.0,0.0,0.0,3.0,,0.375,0.33,0.33,0.0,True,True,All-rounder
WKD Perkins (WI),2008-2008,2008,2008,0,1,1.0,0.0,9.0,9,9.0,0,9.0,11.0,81.81,0.0,0.0,0.0,1.0,0.0,9.0,0.0,0.0,38.12,2008-2008,2008,2008,0,1,,,,,,-,,,,,,,,,,2008-2008,2008,2008,0,1,1.0,1.0,1.0,0.0,0.0,1.0,,1.0,1.0,1.0,0.0,True,True,All-rounder
WP Masakadza (ZIM),2015-2019,2015,2019,4,12,6.0,3.0,25.0,6*,6.0,1,8.33,30.0,83.33,0.0,0.0,0.0,2.0,0.0,2.08,0.0,0.0,38.33,2015-2019,2015,2019,4,12,12.0,40.0,1.0,312.0,12.0,Apr-28,26.0,7.8,20.0,1.0,0.0,1.0,0.13,0.74,0.0,2015-2019,2015,2019,4,12,12.0,4.0,4.0,0.0,0.0,4.0,,0.333,0.33,0.33,0.0,True,True,All-rounder
WPUJC Vaas (SL),2006-2007,2006,2007,1,6,2.0,1.0,33.0,21,21.0,0,33.0,41.0,80.48,0.0,0.0,0.0,1.0,0.0,5.5,0.0,0.0,51.99,2006-2007,2006,2007,1,6,6.0,22.0,1.0,128.0,6.0,Feb-14,21.33,5.81,22.0,0.0,0.0,1.0,0.17,0.75,0.0,2006-2007,2006,2007,1,6,6.0,0.0,0.0,0.0,0.0,0.0,0.0,0.0,0.0,0.0,0.0,True,True,All-rounder
WT Gavera (PNG),2015-2017,2015,2017,2,6,2.0,0.0,3.0,2,2.0,0,1.5,6.0,50.0,0.0,0.0,0.0,0.0,0.0,0.5,0.0,0.0,20.9,2015-2017,2015,2017,2,6,6.0,17.0,1.0,113.0,5.0,Mar-17,22.6,6.64,20.4,0.0,0.0,0.83,0.15,0.63,0.0,2015-2017,2015,2017,2,6,6.0,1.0,1.0,0.0,0.0,1.0,,0.166,0.17,0.17,0.0,True,True,All-rounder
WT Mashinge (ZIM),2019-2019,2019,2019,0,2,,,,-,,0,,,,,,,,,,,,,2019-2019,2019,2019,0,2,2.0,5.0,0.0,57.0,1.0,Jan-37,57.0,11.4,30.0,0.0,0.0,0.5,0.09,0.38,0.0,2019-2019,2019,2019,0,2,2.0,2.0,2.0,0.0,0.0,2.0,,1.0,1.0,1.0,0.0,True,True,All-rounder
WTS Porterfield (IRE),2008-2018,2008,2018,10,61,59.0,6.0,1079.0,72,72.0,0,20.35,971.0,111.12,0.0,3.0,5.0,120.0,23.0,17.69,0.0,4.92,56.66,2008-2018,2008,2018,10,61,,,,,,-,,,,,,,,,,2008-2018,2008,2018,10,61,59.0,22.0,22.0,0.0,0.0,22.0,,0.372,0.36,0.36,0.0,True,True,All-rounder
WU Tharanga (SL),2006-2018,2006,2018,12,26,26.0,1.0,407.0,47,47.0,0,16.28,330.0,123.33,0.0,0.0,3.0,42.0,12.0,15.65,0.0,0.0,59.1,2006-2018,2006,2018,12,26,,,,,,-,,,,,,,,,,2006-2018,2006,2018,12,26,26.0,2.0,2.0,0.0,0.0,2.0,,0.076,0.08,0.08,0.0,True,True,All-rounder
WW Hinds (WI),2006-2010,2006,2010,4,5,5.0,1.0,30.0,14,14.0,0,7.5,41.0,73.17,0.0,0.0,1.0,3.0,0.0,6.0,0.0,0.0,33.77,2006-2010,2006,2010,4,5,,,,,,-,,,,,,,,,,2006-2010,2006,2010,4,5,5.0,1.0,1.0,0.0,0.0,1.0,,0.2,0.2,0.2,0.0,True,True,All-rounder
Wahab Riaz (PAK),2008-2019,2008,2019,11,31,17.0,6.0,145.0,30*,30.0,1,13.18,118.0,122.88,0.0,0.0,2.0,10.0,6.0,4.68,0.0,0.0,57.06,2008-2019,2008,2019,11,31,30.0,101.3,2.0,813.0,30.0,Mar-18,27.1,8.0,20.3,0.0,0.0,0.97,0.13,0.71,0.0,2008-2019,2008,2019,11,31,31.0,5.0,5.0,0.0,0.0,5.0,,0.161,0.16,0.16,0.0,True,True,All-rounder
Waheed Ahmed (UAE),2019-2019,2019,2019,0,10,9.0,4.0,66.0,19,19.0,0,13.2,80.0,82.5,0.0,0.0,0.0,6.0,2.0,6.6,0.0,0.0,40.92,2019-2019,2019,2019,0,10,10.0,27.0,0.0,198.0,6.0,Mar-21,33.0,7.33,27.0,0.0,0.0,0.6,0.14,0.46,0.0,2019-2019,2019,2019,0,10,10.0,2.0,2.0,0.0,0.0,2.0,,0.2,0.2,0.2,0.0,True,True,All-rounder
Walid Ghauri (NOR),2019-2019,2019,2019,0,4,4.0,1.0,93.0,44*,44.0,1,31.0,80.0,116.25,0.0,0.0,0.0,10.0,2.0,23.25,0.0,0.0,65.1,2019-2019,2019,2019,0,4,2.0,3.5,0.0,31.0,1.0,Jan-16,31.0,8.08,23.0,0.0,0.0,0.25,0.12,0.21,0.0,2019-2019,2019,2019,0,4,4.0,0.0,0.0,0.0,0.0,0.0,0.0,0.0,0.0,0.0,0.0,True,True,All-rounder
Waqar Khan (Peru),2019-2019,2019,2019,0,4,2.0,1.0,2.0,2*,2.0,1,2.0,3.0,66.66,0.0,0.0,1.0,0.0,0.0,0.5,0.0,0.0,27.86,2019-2019,2019,2019,0,4,4.0,13.0,0.0,86.0,8.0,Mar-21,10.75,6.61,9.7,0.0,0.0,2.0,0.15,1.45,0.0,2019-2019,2019,2019,0,4,4.0,1.0,1.0,0.0,0.0,1.0,,0.25,0.25,0.25,0.0,True,True,All-rounder
Waqas Ali (Belg),2019-2019,2019,2019,0,2,2.0,0.0,27.0,14,14.0,0,13.5,31.0,87.09,0.0,0.0,0.0,0.0,2.0,13.5,0.0,0.0,42.94,2019-2019,2019,2019,0,2,1.0,1.0,0.0,9.0,0.0,-,,9.0,,0.0,0.0,0.0,0.11,0.03,0.0,2019-2019,2019,2019,0,2,2.0,1.0,1.0,0.0,0.0,1.0,,0.5,0.5,0.5,0.0,True,True,All-rounder
Waqas Barkat (HKG),2014-2019,2014,2019,5,22,20.0,2.0,254.0,37,37.0,0,14.11,286.0,88.81,0.0,0.0,2.0,20.0,0.0,11.55,0.0,0.0,43.99,2014-2019,2014,2019,5,22,10.0,21.2,0.0,152.0,4.0,Feb-13,38.0,7.12,32.0,0.0,0.0,0.18,0.14,0.17,0.0,2014-2019,2014,2019,5,22,22.0,7.0,7.0,0.0,0.0,7.0,,0.318,0.32,0.32,0.0,True,True,All-rounder
Waqas Khan (HKG),2014-2017,2014,2017,3,8,7.0,3.0,68.0,33*,33.0,1,17.0,89.0,76.4,0.0,0.0,1.0,3.0,2.0,8.5,0.0,0.0,40.76,2014-2017,2014,2017,3,8,1.0,1.0,0.0,12.0,0.0,-,,12.0,,0.0,0.0,0.0,0.08,0.03,0.0,2014-2017,2014,2017,3,8,8.0,0.0,0.0,0.0,0.0,0.0,0.0,0.0,0.0,0.0,0.0,True,True,All-rounder
Waqas Maqsood (PAK),2018-2018,2018,2018,0,1,,,,-,,0,,,,,,,,,,,,,2018-2018,2018,2018,0,1,1.0,1.5,0.0,21.0,2.0,Feb-21,10.5,11.45,5.5,0.0,0.0,2.0,0.09,1.43,0.0,2018-2018,2018,2018,0,1,1.0,0.0,0.0,0.0,0.0,0.0,0.0,0.0,0.0,0.0,0.0,True,True,All-rounder
Waqas Raja (Fin),2019-2019,2019,2019,0,1,1.0,1.0,2.0,2*,2.0,1,,2.0,100.0,0.0,0.0,0.0,0.0,0.0,2.0,0.0,0.0,,2019-2019,2019,2019,0,1,1.0,1.0,0.0,9.0,0.0,-,,9.0,,0.0,0.0,0.0,0.11,0.03,0.0,2019-2019,2019,2019,0,1,1.0,0.0,0.0,0.0,0.0,0.0,0.0,0.0,0.0,0.0,0.0,True,True,All-rounder
Washeem Abbas (MALTA),2019-2019,2019,2019,0,2,2.0,1.0,13.0,9*,9.0,1,13.0,7.0,185.71,0.0,0.0,0.0,0.0,1.0,6.5,0.0,0.0,82.08,2019-2019,2019,2019,0,2,2.0,8.0,0.0,70.0,1.0,Jan-31,70.0,8.75,48.0,0.0,0.0,0.5,0.11,0.38,0.0,2019-2019,2019,2019,0,2,2.0,1.0,1.0,0.0,0.0,1.0,,0.5,0.5,0.5,0.0,True,True,All-rounder
Washington Sundar (INDIA),2017-2019,2017,2019,2,18,5.0,3.0,26.0,14*,14.0,1,13.0,12.0,216.66,0.0,0.0,1.0,1.0,3.0,1.44,0.0,0.0,94.46,2017-2019,2017,2019,2,18,18.0,63.0,1.0,417.0,15.0,Mar-22,27.8,6.61,25.2,0.0,0.0,0.83,0.15,0.63,0.0,2017-2019,2017,2019,2,18,18.0,5.0,5.0,0.0,0.0,5.0,,0.277,0.28,0.28,0.0,True,True,All-rounder
Wasim Ali (OMAN),2019-2019,2019,2019,0,1,1.0,0.0,1.0,1,1.0,0,1.0,4.0,25.0,0.0,0.0,0.0,0.0,0.0,1.0,0.0,0.0,10.6,2019-2019,2019,2019,0,1,1.0,2.0,0.0,16.0,0.0,-,,8.0,,0.0,0.0,0.0,0.13,0.04,0.0,2019-2019,2019,2019,0,1,1.0,0.0,0.0,0.0,0.0,0.0,0.0,0.0,0.0,0.0,0.0,True,True,All-rounder
XJ Doherty (AUS),2012-2013,2012,2013,1,11,4.0,3.0,18.0,9*,9.0,1,18.0,17.0,105.88,0.0,0.0,0.0,1.0,0.0,1.64,0.0,0.0,53.15,2012-2013,2012,2013,1,11,11.0,38.0,0.0,300.0,10.0,Mar-20,30.0,7.89,22.8,0.0,0.0,0.91,0.13,0.67,0.0,2012-2013,2012,2013,1,11,11.0,0.0,0.0,0.0,0.0,0.0,0.0,0.0,0.0,0.0,0.0,True,True,All-rounder
XM Marshall (USA/WI),2008-2019,2008,2019,11,13,13.0,0.0,183.0,36,36.0,0,14.07,185.0,98.91,0.0,0.0,2.0,13.0,6.0,14.08,0.0,0.0,48.01,2008-2019,2008,2019,11,13,,,,,,-,,,,,,,,,,2008-2019,2008,2019,11,13,13.0,4.0,4.0,0.0,0.0,4.0,,0.307,0.31,0.31,0.0,True,True,All-rounder
YA Abdulla (SA),2009-2009,2009,2009,0,2,,,,-,,0,,,,,,,,,,,,,2009-2009,2009,2009,0,2,2.0,7.0,0.0,44.0,2.0,Jan-16,22.0,6.28,21.0,0.0,0.0,1.0,0.16,0.75,0.0,2009-2009,2009,2009,0,2,2.0,0.0,0.0,0.0,0.0,0.0,0.0,0.0,0.0,0.0,0.0,True,True,All-rounder
YK Pathan (INDIA),2007-2012,2007,2012,5,22,18.0,5.0,236.0,37*,37.0,1,18.15,161.0,146.58,0.0,0.0,3.0,11.0,17.0,10.73,0.0,0.0,69.52,2007-2012,2007,2012,5,22,17.0,50.5,0.0,438.0,13.0,Feb-22,33.69,8.61,23.4,0.0,0.0,0.59,0.12,0.45,0.0,2007-2012,2007,2012,5,22,22.0,9.0,9.0,0.0,0.0,9.0,,0.409,0.41,0.41,0.0,True,True,All-rounder
YS Chahal (INDIA),2016-2019,2016,2019,3,36,3.0,2.0,4.0,3*,3.0,1,4.0,9.0,44.44,0.0,0.0,0.0,0.0,0.0,0.11,0.0,0.0,20.18,2016-2019,2016,2019,3,36,36.0,140.3,1.0,1139.0,52.0,Jun-25,21.9,8.1,16.2,2.0,1.0,1.44,0.12,1.05,0.028,2016-2019,2016,2019,3,36,36.0,7.0,7.0,0.0,0.0,7.0,,0.194,0.19,0.19,0.0,True,True,All-rounder
YSD Seneveratne (Caym),2019-2019,2019,2019,0,6,6.0,0.0,48.0,19,19.0,0,8.0,79.0,60.75,0.0,0.0,1.0,5.0,1.0,8.0,0.0,0.0,29.1,2019-2019,2019,2019,0,6,2.0,2.0,0.0,22.0,0.0,-,,11.0,,0.0,0.0,0.0,0.09,0.03,0.0,2019-2019,2019,2019,0,6,6.0,0.0,0.0,0.0,0.0,0.0,0.0,0.0,0.0,0.0,0.0,True,True,All-rounder
Yamin Ahmadzai (AFG),2015-2015,2015,2015,0,2,1.0,1.0,1.0,1*,1.0,1,,1.0,100.0,0.0,0.0,0.0,0.0,0.0,0.5,0.0,0.0,,2015-2015,2015,2015,0,2,2.0,7.1,0.0,65.0,5.0,Mar-34,13.0,9.06,8.6,0.0,0.0,2.5,0.11,1.78,0.0,2015-2015,2015,2015,0,2,2.0,0.0,0.0,0.0,0.0,0.0,0.0,0.0,0.0,0.0,0.0,True,True,All-rounder
Yasar Haroon (),2019-2019,2019,2019,0,4,4.0,0.0,45.0,29,29.0,0,11.25,62.0,72.58,0.0,0.0,0.0,4.0,1.0,11.25,0.0,0.0,35.78,2019-2019,2019,2019,0,4,4.0,13.0,1.0,72.0,5.0,Feb-18,14.4,5.53,15.6,0.0,0.0,1.25,0.18,0.93,0.0,2019-2019,2019,2019,0,4,4.0,2.0,2.0,0.0,0.0,2.0,,0.5,0.5,0.5,0.0,True,True,All-rounder
Yasar Idrees (KUW),2019-2019,2019,2019,0,1,1.0,0.0,8.0,8,8.0,0,8.0,4.0,200.0,0.0,0.0,0.0,0.0,1.0,8.0,0.0,0.0,84.8,2019-2019,2019,2019,0,1,,,,,,-,,,,,,,,,,2019-2019,2019,2019,0,1,1.0,1.0,1.0,0.0,0.0,1.0,,1.0,1.0,1.0,0.0,True,True,All-rounder
Yasir Ali (ESP),2019-2019,2019,2019,0,9,9.0,3.0,196.0,57,57.0,0,32.66,183.0,107.1,0.0,1.0,1.0,11.0,9.0,21.78,0.0,11.11,62.44,2019-2019,2019,2019,0,9,5.0,9.5,0.0,52.0,5.0,02-Nov,10.4,5.28,11.8,0.0,0.0,0.56,0.19,0.45,0.0,2019-2019,2019,2019,0,9,9.0,7.0,7.0,0.0,0.0,7.0,,0.777,0.78,0.78,0.0,True,True,All-rounder
Yasir Arafat (PAK),2007-2012,2007,2012,5,13,11.0,4.0,92.0,17,17.0,0,13.14,79.0,116.45,0.0,0.0,0.0,8.0,2.0,7.08,0.0,0.0,54.46,2007-2012,2007,2012,5,13,13.0,39.2,0.0,316.0,16.0,Mar-18,19.75,8.03,14.7,0.0,0.0,1.23,0.12,0.9,0.0,2007-2012,2007,2012,5,13,13.0,1.0,1.0,0.0,0.0,1.0,,0.076,0.08,0.08,0.0,True,True,All-rounder
Yasir Shah (PAK),2011-2011,2011,2011,0,2,1.0,1.0,11.0,11*,11.0,1,,7.0,157.14,0.0,0.0,0.0,1.0,0.0,5.5,0.0,0.0,,2011-2011,2011,2011,0,2,2.0,4.0,0.0,39.0,0.0,-,,9.75,,0.0,0.0,0.0,0.1,0.03,0.0,2011-2011,2011,2011,0,2,2.0,4.0,4.0,0.0,0.0,4.0,,2.0,2.0,2.0,0.0,True,True,All-rounder
Younis Khan (PAK),2006-2010,2006,2010,4,25,23.0,3.0,442.0,51,51.0,0,22.1,364.0,121.42,0.0,2.0,2.0,31.0,12.0,17.68,0.0,8.0,61.83,2006-2010,2006,2010,4,25,1.0,3.4,0.0,18.0,3.0,Mar-18,6.0,4.9,7.3,0.0,0.0,0.12,0.2,0.15,0.0,2006-2010,2006,2010,4,25,25.0,12.0,12.0,0.0,0.0,12.0,,0.48,0.48,0.48,0.0,True,True,All-rounder
Yusuf Ebrahim (PNM),2019-2019,2019,2019,0,3,3.0,1.0,137.0,72,72.0,0,68.5,97.0,141.23,0.0,1.0,0.0,14.0,5.0,45.67,0.0,33.33,97.59,2019-2019,2019,2019,0,3,3.0,7.0,1.0,44.0,1.0,Jan-13,44.0,6.28,42.0,0.0,0.0,0.33,0.16,0.28,0.0,2019-2019,2019,2019,0,3,3.0,2.0,2.0,0.0,0.0,2.0,,0.666,0.67,0.67,0.0,True,True,All-rounder
Yuvraj Singh (INDIA),2007-2017,2007,2017,10,58,51.0,9.0,1177.0,77*,77.0,1,28.02,863.0,136.38,0.0,8.0,1.0,77.0,74.0,20.29,0.0,13.79,71.36,2007-2017,2007,2017,10,58,31.0,70.4,0.0,499.0,28.0,Mar-17,17.82,7.06,15.1,0.0,0.0,0.48,0.14,0.38,0.0,2007-2017,2007,2017,10,58,57.0,12.0,12.0,0.0,0.0,12.0,,0.21,0.21,0.21,0.0,True,True,All-rounder
Z Abbasi (Botsw),2019-2019,2019,2019,0,1,1.0,0.0,1.0,1,1.0,0,1.0,5.0,20.0,0.0,0.0,0.0,0.0,0.0,1.0,0.0,0.0,8.6,2019-2019,2019,2019,0,1,,,,,,-,,,,,,,,,,2019-2019,2019,2019,0,1,1.0,0.0,0.0,0.0,0.0,0.0,0.0,0.0,0.0,0.0,0.0,True,True,All-rounder
Z Arinaitwe (UGA),2019-2019,2019,2019,0,3,3.0,0.0,22.0,15,15.0,0,7.33,26.0,84.61,0.0,0.0,0.0,3.0,1.0,7.33,0.0,0.0,38.24,2019-2019,2019,2019,0,3,,,,,,-,,,,,,,,,,2019-2019,2019,2019,0,3,3.0,0.0,0.0,0.0,0.0,0.0,0.0,0.0,0.0,0.0,0.0,True,True,All-rounder
Z Groenewald (NAM),2019-2019,2019,2019,0,10,4.0,1.0,20.0,13,13.0,0,6.66,35.0,57.14,0.0,0.0,0.0,0.0,0.0,2.0,0.0,0.0,26.85,2019-2019,2019,2019,0,10,10.0,28.0,2.0,163.0,8.0,Mar-20,20.37,5.82,21.0,0.0,0.0,0.8,0.17,0.61,0.0,2019-2019,2019,2019,0,10,10.0,3.0,3.0,0.0,0.0,3.0,,0.3,0.3,0.3,0.0,True,True,All-rounder
Z Hoque (THAI),2019-2019,2019,2019,0,3,3.0,0.0,46.0,20,20.0,0,15.33,35.0,131.42,0.0,0.0,0.0,4.0,2.0,15.33,0.0,0.0,61.77,2019-2019,2019,2019,0,3,3.0,12.0,0.0,51.0,3.0,Jan-13,17.0,4.25,24.0,0.0,0.0,1.0,0.24,0.77,0.0,2019-2019,2019,2019,0,3,3.0,1.0,1.0,0.0,0.0,1.0,,0.333,0.33,0.33,0.0,True,True,All-rounder
Z Khan (INDIA),2006-2012,2006,2012,6,17,4.0,2.0,13.0,9,9.0,0,6.5,10.0,130.0,0.0,0.0,0.0,0.0,1.0,0.76,0.0,0.0,55.9,2006-2012,2006,2012,6,17,17.0,58.4,0.0,448.0,17.0,Apr-19,26.35,7.63,20.7,1.0,0.0,1.0,0.13,0.74,0.0,2006-2012,2006,2012,6,17,17.0,2.0,2.0,0.0,0.0,2.0,,0.117,0.12,0.12,0.0,True,True,All-rounder
Z McLaughlin (Caym),2019-2019,2019,2019,0,3,2.0,2.0,6.0,4*,4.0,1,,16.0,37.5,0.0,0.0,0.0,0.0,0.0,2.0,0.0,0.0,,2019-2019,2019,2019,0,3,3.0,7.1,0.0,54.0,2.0,Feb-30,27.0,7.53,21.5,0.0,0.0,0.67,0.13,0.51,0.0,2019-2019,2019,2019,0,3,3.0,0.0,0.0,0.0,0.0,0.0,0.0,0.0,0.0,0.0,0.0,True,True,All-rounder
ZE Green (NAM),2019-2019,2019,2019,0,16,11.0,3.0,79.0,18*,18.0,1,9.87,78.0,101.28,0.0,0.0,1.0,4.0,3.0,4.94,0.0,0.0,46.43,2019-2019,2019,2019,0,16,,,,,,-,,,,,,,,,,2019-2019,2019,2019,0,16,16.0,15.0,10.0,5.0,10.0,0.0,,0.937,0.63,0.94,0.31,True,True,All-rounder
ZE Matsinhe (Moz),2019-2019,2019,2019,0,7,4.0,1.0,10.0,6*,6.0,1,3.33,17.0,58.82,0.0,0.0,1.0,0.0,1.0,1.43,0.0,0.0,25.53,2019-2019,2019,2019,0,7,5.0,16.0,0.0,101.0,7.0,Mar-27,14.42,6.31,13.7,0.0,0.0,1.0,0.16,0.75,0.0,2019-2019,2019,2019,0,7,6.0,0.0,0.0,0.0,0.0,0.0,0.0,0.0,0.0,0.0,0.0,True,True,All-rounder
ZE Surkari (CAN),2008-2008,2008,2008,0,4,3.0,0.0,10.0,6,6.0,0,3.33,33.0,30.3,0.0,0.0,1.0,0.0,0.0,2.5,0.0,0.0,14.12,2008-2008,2008,2008,0,4,,,,,,-,,,,,,,,,,2008-2008,2008,2008,0,4,4.0,0.0,0.0,0.0,0.0,0.0,0.0,0.0,0.0,0.0,0.0,True,True,All-rounder
ZK Shem (VAN),2019-2019,2019,2019,0,5,2.0,2.0,1.0,1*,1.0,1,,4.0,25.0,0.0,0.0,0.0,0.0,0.0,0.2,0.0,0.0,,2019-2019,2019,2019,0,5,3.0,6.0,0.0,72.0,1.0,Jan-36,72.0,12.0,36.0,0.0,0.0,0.2,0.08,0.17,0.0,2019-2019,2019,2019,0,5,5.0,0.0,0.0,0.0,0.0,0.0,0.0,0.0,0.0,0.0,0.0,True,True,All-rounder
Zaheer Ibrahim (QAT),2019-2019,2019,2019,0,13,11.0,3.0,97.0,27*,27.0,1,12.12,89.0,108.98,0.0,0.0,2.0,7.0,5.0,7.46,0.0,0.0,50.86,2019-2019,2019,2019,0,13,,,,,,-,,,,,,,,,,2019-2019,2019,2019,0,13,13.0,9.0,9.0,0.0,0.0,9.0,,0.692,0.69,0.69,0.0,True,True,All-rounder
Zaheer Maqsood (UAE),2015-2016,2015,2016,1,3,1.0,0.0,2.0,2,2.0,0,2.0,5.0,40.0,0.0,0.0,0.0,0.0,0.0,0.67,0.0,0.0,17.2,2015-2016,2015,2016,1,3,3.0,9.0,0.0,80.0,1.0,Jan-29,80.0,8.88,54.0,0.0,0.0,0.33,0.11,0.27,0.0,2015-2016,2015,2016,1,3,3.0,1.0,1.0,0.0,0.0,1.0,,0.333,0.33,0.33,0.0,True,True,All-rounder
Zahid Hussain (CAN),2012-2012,2012,2012,0,3,2.0,2.0,3.0,2*,2.0,1,,8.0,37.5,0.0,0.0,0.0,0.0,0.0,1.0,0.0,0.0,,2012-2012,2012,2012,0,3,3.0,9.3,0.0,47.0,3.0,Mar-16,15.66,4.94,19.0,0.0,0.0,1.0,0.2,0.76,0.0,2012-2012,2012,2012,0,3,3.0,1.0,1.0,0.0,0.0,1.0,,0.333,0.33,0.33,0.0,True,True,All-rounder
Zahoor Khan (UAE),2017-2019,2017,2019,2,18,5.0,2.0,10.0,6,6.0,0,3.33,19.0,52.63,0.0,0.0,0.0,1.0,0.0,0.56,0.0,0.0,23.05,2017-2019,2017,2019,2,18,18.0,59.3,0.0,442.0,20.0,Feb-17,22.1,7.42,17.8,0.0,0.0,1.11,0.13,0.82,0.0,2017-2019,2017,2019,2,18,18.0,2.0,2.0,0.0,0.0,2.0,,0.111,0.11,0.11,0.0,True,True,All-rounder
Zain ul Tashnam (CRC),2019-2019,2019,2019,0,3,2.0,1.0,17.0,11,11.0,0,17.0,26.0,65.38,0.0,0.0,0.0,1.0,0.0,5.67,0.0,0.0,36.35,2019-2019,2019,2019,0,3,2.0,8.0,1.0,35.0,2.0,Jan-16,17.5,4.37,24.0,0.0,0.0,0.67,0.23,0.54,0.0,2019-2019,2019,2019,0,3,3.0,0.0,0.0,0.0,0.0,0.0,0.0,0.0,0.0,0.0,0.0,True,True,All-rounder
Zaki Ul Hassan (Belg),2019-2019,2019,2019,0,3,1.0,0.0,1.0,1,1.0,0,1.0,2.0,50.0,0.0,0.0,0.0,0.0,0.0,0.33,0.0,0.0,20.6,2019-2019,2019,2019,0,3,3.0,9.0,0.0,56.0,3.0,01-Dec,18.66,6.22,18.0,0.0,0.0,1.0,0.16,0.75,0.0,2019-2019,2019,2019,0,3,3.0,0.0,0.0,0.0,0.0,0.0,0.0,0.0,0.0,0.0,0.0,True,True,All-rounder
Zakir Hasan (BDESH),2018-2018,2018,2018,0,1,1.0,0.0,10.0,10,10.0,0,10.0,9.0,111.11,0.0,0.0,0.0,1.0,0.0,10.0,0.0,0.0,50.44,2018-2018,2018,2018,0,1,,,,,,-,,,,,,,,,,2018-2018,2018,2018,0,1,1.0,0.0,0.0,0.0,0.0,0.0,0.0,0.0,0.0,0.0,0.0,True,True,All-rounder
Zameer Khan (DEN),2019-2019,2019,2019,0,2,2.0,1.0,60.0,33,33.0,0,60.0,61.0,98.36,0.0,0.0,0.0,4.0,0.0,30.0,0.0,0.0,75.34,2019-2019,2019,2019,0,2,,,,,,-,,,,,,,,,,2019-2019,2019,2019,0,2,2.0,1.0,1.0,0.0,0.0,1.0,,0.5,0.5,0.5,0.0,True,True,All-rounder
Zamir Khan (AFG),2012-2012,2012,2012,0,1,,,,-,,0,,,,,,,,,,,,,2012-2012,2012,2012,0,1,1.0,4.0,0.0,26.0,1.0,Jan-26,26.0,6.5,24.0,0.0,0.0,1.0,0.15,0.75,0.0,2012-2012,2012,2012,0,1,1.0,0.0,0.0,0.0,0.0,0.0,0.0,0.0,0.0,0.0,0.0,True,True,All-rounder
Zawar Farid (UAE),2019-2019,2019,2019,0,4,4.0,0.0,67.0,55,55.0,0,16.75,53.0,126.41,0.0,1.0,0.0,5.0,3.0,16.75,0.0,25.0,60.61,2019-2019,2019,2019,0,4,2.0,4.1,0.0,35.0,1.0,Jan-34,35.0,8.4,25.0,0.0,0.0,0.25,0.12,0.21,0.0,2019-2019,2019,2019,0,4,4.0,1.0,1.0,0.0,0.0,1.0,,0.25,0.25,0.25,0.0,True,True,All-rounder
Zeeshan Abbas (BAH),2019-2019,2019,2019,0,1,1.0,0.0,1.0,1,1.0,0,1.0,4.0,25.0,0.0,0.0,0.0,0.0,0.0,1.0,0.0,0.0,10.6,2019-2019,2019,2019,0,1,1.0,4.0,0.0,20.0,0.0,-,,5.0,,0.0,0.0,0.0,0.2,0.06,0.0,2019-2019,2019,2019,0,1,1.0,1.0,1.0,0.0,0.0,1.0,,1.0,1.0,1.0,0.0,True,True,All-rounder
Zeeshan Maqsood (OMAN),2015-2019,2015,2019,4,29,25.0,4.0,542.0,56,56.0,0,25.8,481.0,112.68,0.0,2.0,2.0,66.0,12.0,18.69,0.0,6.9,60.55,2015-2019,2015,2019,4,29,19.0,62.0,0.0,416.0,18.0,04-Jul,23.11,6.7,20.6,1.0,0.0,0.62,0.15,0.48,0.0,2015-2019,2015,2019,4,29,28.0,6.0,6.0,0.0,0.0,6.0,,0.214,0.21,0.21,0.0,True,True,All-rounder
Zeeshan Siddiqui (OMAN),2015-2015,2015,2015,0,5,5.0,1.0,60.0,33*,33.0,1,15.0,63.0,95.23,0.0,0.0,0.0,7.0,0.0,12.0,0.0,0.0,47.09,2015-2015,2015,2015,0,5,,,,,,-,,,,,,,,,,2015-2015,2015,2015,0,5,5.0,0.0,0.0,0.0,0.0,0.0,0.0,0.0,0.0,0.0,0.0,True,True,All-rounder
Zeshan Arif (Aut),2019-2019,2019,2019,0,4,1.0,1.0,11.0,11*,11.0,1,,8.0,137.5,0.0,0.0,0.0,2.0,0.0,2.75,0.0,0.0,,2019-2019,2019,2019,0,4,3.0,7.5,0.0,49.0,6.0,04-Oct,8.16,6.25,7.8,1.0,0.0,1.5,0.16,1.1,0.0,2019-2019,2019,2019,0,4,4.0,0.0,0.0,0.0,0.0,0.0,0.0,0.0,0.0,0.0,0.0,True,True,All-rounder
Ziaur Rahman (AFG),2019-2019,2019,2019,0,1,,,,-,,0,,,,,,,,,,,,,2019-2019,2019,2019,0,1,1.0,4.0,0.0,42.0,2.0,Feb-42,21.0,10.5,12.0,0.0,0.0,2.0,0.1,1.43,0.0,2019-2019,2019,2019,0,1,1.0,0.0,0.0,0.0,0.0,0.0,0.0,0.0,0.0,0.0,0.0,True,True,All-rounder
Ziaur Rahman (BDESH),2012-2014,2012,2014,2,14,12.0,3.0,117.0,40*,40.0,1,13.0,91.0,128.57,0.0,0.0,3.0,3.0,10.0,8.36,0.0,0.0,59.23,2012-2014,2012,2014,2,14,7.0,12.3,0.0,127.0,3.0,Jan-16,42.33,10.16,25.0,0.0,0.0,0.21,0.1,0.18,0.0,2012-2014,2012,2014,2,14,14.0,4.0,4.0,0.0,0.0,4.0,,0.285,0.29,0.29,0.0,True,True,All-rounder
Ziaur Rehman (Fin),2019-2019,2019,2019,0,1,1.0,0.0,0.0,0,0.0,0,0.0,4.0,0.0,0.0,0.0,1.0,0.0,0.0,,0.0,0.0,0.0,2019-2019,2019,2019,0,1,,,,,,-,,,,,,,,,,2019-2019,2019,2019,0,1,1.0,0.0,0.0,0.0,0.0,0.0,0.0,0.0,0.0,0.0,0.0,True,True,All-rounder
Zishan Shah (DEN),2019-2019,2019,2019,0,6,5.0,1.0,88.0,50,50.0,0,22.0,87.0,101.14,0.0,1.0,0.0,7.0,1.0,14.67,0.0,16.67,53.66,2019-2019,2019,2019,0,6,,,,,,-,,,,,,,,,,2019-2019,2019,2019,0,6,4.0,2.0,2.0,0.0,0.0,2.0,,0.5,0.33,0.33,0.0,True,True,All-rounder
Zohaib Sarwar (PORT),2019-2019,2019,2019,0,4,4.0,1.0,45.0,33*,33.0,1,15.0,46.0,97.82,0.0,0.0,2.0,1.0,4.0,11.25,0.0,0.0,48.13,2019-2019,2019,2019,0,4,4.0,7.0,0.0,51.0,1.0,01-Aug,51.0,7.28,42.0,0.0,0.0,0.25,0.14,0.22,0.0,2019-2019,2019,2019,0,4,4.0,0.0,0.0,0.0,0.0,0.0,0.0,0.0,0.0,0.0,0.0,True,True,All-rounder
Zubaidi Zulkifle (MAL),2019-2019,2019,2019,0,4,4.0,0.0,31.0,22,22.0,0,7.75,29.0,106.89,0.0,0.0,1.0,2.0,2.0,7.75,0.0,0.0,47.41,2019-2019,2019,2019,0,4,,,,,,-,,,,,,,,,,2019-2019,2019,2019,0,4,4.0,1.0,1.0,0.0,0.0,1.0,,0.25,0.25,0.25,0.0,True,True,All-rounder
Zulfiqar Babar (PAK),2013-2014,2013,2014,1,7,3.0,3.0,27.0,13*,13.0,1,,27.0,100.0,0.0,0.0,0.0,2.0,1.0,3.86,0.0,0.0,,2013-2014,2013,2014,1,7,7.0,26.0,1.0,185.0,12.0,Mar-23,15.41,7.11,13.0,0.0,0.0,1.71,0.14,1.24,0.0,2013-2014,2013,2014,1,7,7.0,1.0,1.0,0.0,0.0,1.0,,0.142,0.14,0.14,0.0,True,True,All-rounder
Zulqarnain Haider (ESP),2019-2019,2019,2019,0,5,1.0,0.0,0.0,0,0.0,0,0.0,0.0,,0.0,0.0,1.0,0.0,0.0,,0.0,0.0,,2019-2019,2019,2019,0,5,5.0,13.0,0.0,60.0,3.0,01-Jul,20.0,4.61,26.0,0.0,0.0,0.6,0.22,0.49,0.0,2019-2019,2019,2019,0,5,5.0,1.0,1.0,0.0,0.0,1.0,,0.2,0.2,0.2,0.0,True,True,All-rounder
Zulqarnain Haider (PAK),2007-2010,2007,2010,3,3,3.0,0.0,23.0,17,17.0,0,7.66,30.0,76.66,0.0,0.0,0.0,1.0,0.0,7.67,0.0,0.0,35.26,2007-2010,2007,2010,3,3,,,,,,-,,,,,,,,,,2007-2010,2007,2010,3,3,3.0,1.0,0.0,1.0,0.0,0.0,,0.333,0.0,0.33,0.33,True,True,All-rounder
