Player,Span,Start_Year,End_Year,Career_Lenght,Mat,Inns,NO,Runs,HS,HS_Numeric,HS_NotOut,Ave,BF,SR,100,50,0,4s,6s, Runs_Per_Match ,Century_Rate,Fifty_Rate,Consistency_Score
V Kohli (INDIA),2010-2019,2010,2019,9,75,70,20,2633,94*,94,1,52.66,1907,138.07,0,24,2,247,71, 35.11 ,0.00,32.00,86.82
RG Sharma (INDIA),2007-2019,2007,2019,12,104,96,14,2633,118,118,0,32.1,1905,138.21,4,19,6,234,120, 25.32 ,3.85,18.27,74.54
MJ Guptill (NZ),2009-2019,2009,2019,10,83,80,7,2436,105,105,0,33.36,1810,134.58,2,15,2,215,113, 29.35 ,2.41,18.07,73.85
Shoaib Malik (ICC/PAK),2006-2019,2006,2019,13,111,104,30,2263,75,75,0,30.58,1824,124.06,0,7,1,186,61, 20.39 ,0.00,6.31,67.97
BB McCullum (NZ),2005-2015,2005,2015,10,71,70,10,2140,123,123,0,35.66,1571,136.21,2,13,3,199,91, 30.14 ,2.82,18.31,75.88
DA Warner (AUS),2009-2019,2009,2019,10,76,76,8,2079,100*,100,1,30.57,1476,140.85,1,15,5,203,86, 27.36 ,1.32,19.74,74.68
EJG Morgan (ENG),2009-2019,2009,2019,10,86,84,17,2002,91,91,0,29.88,1475,135.72,0,11,3,151,96, 23.28 ,0.00,12.79,72.22
Mohammad Shahzad (AFG),2010-2018,2010,2018,8,65,65,3,1936,118*,118,1,31.22,1436,134.81,1,12,3,218,72, 29.78 ,1.54,18.46,72.66
JP Duminy (SA),2007-2019,2007,2019,12,81,75,25,1934,96*,96,1,38.68,1532,126.24,0,11,6,138,71, 23.88 ,0.00,13.58,73.70
PR Stirling (IRE),2009-2019,2009,2019,10,72,71,6,1929,91,91,0,29.67,1401,137.68,0,16,8,233,59, 26.79 ,0.00,22.22,72.87
Mohammad Hafeez (PAK),2006-2018,2006,2018,12,89,86,8,1908,86,86,0,24.46,1643,116.12,0,10,6,196,51, 21.44 ,0.00,11.24,61.12
TM Dilshan (SL),2006-2016,2006,2016,10,80,79,12,1889,104*,104,1,28.19,1567,120.54,1,13,10,223,33, 23.61 ,1.25,16.25,65.13
AJ Finch (AUS),2011-2019,2011,2019,8,58,58,9,1878,172,172,0,38.32,1200,156.5,2,11,4,182,90, 32.38 ,3.45,18.97,85.59
LRPL Taylor (NZ),2006-2019,2006,2019,13,95,87,19,1743,63,63,0,25.63,1430,121.88,0,5,5,110,65, 18.35 ,0.00,5.26,64.13
Umar Akmal (PAK),2009-2019,2009,2019,10,84,79,14,1690,94,94,0,26,1377,122.73,0,8,10,122,55, 20.12 ,0.00,9.52,64.69
AB de Villiers (SA),2006-2017,2006,2017,11,78,75,11,1672,79*,79,1,26.12,1237,135.16,0,10,5,140,60, 21.44 ,0.00,12.82,69.74
H Masakadza (ZIM),2006-2019,2006,2019,13,66,66,2,1662,93*,93,1,25.96,1418,117.2,0,11,1,151,65, 25.18 ,0.00,16.67,62.46
AD Hales (ENG),2011-2019,2011,2019,8,60,60,7,1644,116*,116,1,31.01,1203,136.65,1,8,4,175,55, 27.40 ,1.67,13.33,73.27
CH Gayle (WI),2006-2019,2006,2019,13,58,54,4,1627,117,117,0,32.54,1139,142.84,2,13,3,138,105, 28.05 ,3.45,22.41,76.66
MS Dhoni (INDIA),2006-2019,2006,2019,13,98,85,42,1617,56,56,0,37.6,1282,126.13,0,2,1,116,52, 16.50 ,0.00,2.04,73.01
Tamim Iqbal (BDESH/ICC/World),2007-2018,2007,2018,11,75,75,5,1613,103*,103,1,23.04,1383,116.63,1,6,6,174,41, 21.51 ,1.33,8.00,60.48
MN Samuels (WI),2007-2018,2007,2018,11,67,65,10,1611,89*,89,1,29.29,1386,116.23,0,10,0,144,69, 24.04 ,0.00,14.93,64.07
SK Raina (INDIA),2006-2018,2006,2018,12,78,66,11,1605,101,101,0,29.18,1190,134.87,1,5,3,145,58, 20.58 ,1.28,6.41,71.46
GJ Maxwell (AUS),2012-2019,2012,2019,7,61,54,9,1576,145*,145,1,35.02,985,160,3,7,1,133,81, 25.84 ,4.92,11.48,85.01
Shakib Al Hasan (BDESH),2006-2019,2006,2019,13,76,76,10,1567,84,84,0,23.74,1266,123.77,0,9,5,163,33, 20.62 ,0.00,11.84,63.75
C Munro (NZ),2012-2019,2012,2019,7,60,57,7,1546,109*,109,1,30.92,966,160.04,3,9,5,114,100, 25.77 ,5.00,15.00,82.57
KS Williamson (NZ),2011-2019,2011,2019,8,57,55,7,1505,73*,73,1,31.35,1236,121.76,0,9,2,158,26, 26.40 ,0.00,15.79,67.51
S Dhawan (INDIA),2011-2019,2011,2019,8,58,57,3,1504,92,92,0,27.85,1173,128.21,0,9,1,166,46, 25.93 ,0.00,15.52,67.99
KJ O'Brien (IRE),2008-2019,2008,2019,11,90,83,10,1504,124,124,0,20.6,1124,133.8,1,3,10,117,69, 16.71 ,1.11,3.33,65.88
DPMD Jayawardene (SL),2006-2014,2006,2014,8,55,55,8,1493,100,100,0,31.76,1121,133.18,1,9,4,173,33, 27.15 ,1.82,16.36,72.33
Ahmed Shehzad (PAK),2009-2019,2009,2019,10,59,59,2,1471,111*,111,1,25.8,1282,114.74,1,7,2,157,33, 24.93 ,1.69,11.86,61.38
SR Watson (AUS),2006-2016,2006,2016,10,58,56,6,1462,124*,124,1,29.24,1006,145.32,1,10,3,115,83, 25.21 ,1.72,17.24,75.67
Mahmudullah (BDESH),2007-2019,2007,2019,12,83,76,16,1430,64*,64,1,23.83,1166,122.64,0,4,2,113,48, 17.23 ,0.00,4.82,63.35
Shahid Afridi (ICC/PAK),2006-2018,2006,2018,12,99,91,12,1416,54*,54,1,17.92,944,150,0,4,8,103,73, 14.30 ,0.00,4.04,70.75
Babar Azam (PAK),2016-2019,2016,2019,3,36,36,8,1405,97*,97,1,50.17,1102,127.49,0,12,0,139,20, 39.03 ,0.00,33.33,81.10
KJ Coetzer (SCOT),2008-2019,2008,2019,11,58,56,2,1386,89,89,0,25.66,1136,122,0,6,3,144,45, 23.90 ,0.00,10.34,64.20
KC Sangakkara (SL),2006-2014,2006,2014,8,56,53,9,1382,78,78,0,31.4,1156,119.55,0,8,2,139,20, 24.68 ,0.00,14.29,66.66
F du Plessis (SA/World),2012-2019,2012,2019,7,44,44,6,1363,119,119,0,35.86,1006,135.48,1,8,0,126,45, 30.98 ,2.27,18.18,75.71
Mohammad Nabi (AFG),2010-2019,2010,2019,9,75,70,11,1316,89,89,0,22.3,902,145.89,0,4,4,83,78, 17.55 ,0.00,5.33,71.74
DA Miller (SA/World),2010-2019,2010,2019,9,72,62,18,1309,101*,101,1,29.75,935,140,1,2,0,91,57, 18.18 ,1.39,2.78,73.85
HM Amla (SA/World),2009-2018,2009,2018,9,44,44,6,1277,97*,97,1,33.6,967,132.05,0,8,2,146,26, 29.02 ,0.00,18.18,72.98
Mushfiqur Rahim (BDESH),2006-2019,2006,2019,13,84,76,13,1265,72*,72,1,20.07,1060,119.33,0,5,5,110,31, 15.06 ,0.00,5.95,59.77
JC Buttler (ENG),2011-2018,2011,2018,7,66,58,11,1260,73*,73,1,26.8,912,138.15,0,7,3,102,53, 19.09 ,0.00,10.61,71.34
RD Berrington (SCOT),2008-2019,2008,2019,11,61,54,10,1247,100,100,0,28.34,967,128.95,1,3,6,117,36, 20.44 ,1.64,4.92,68.58
GC Wilson (IRE),2008-2019,2008,2019,11,78,65,8,1239,65*,65,1,21.73,1185,104.55,0,3,4,105,20, 15.88 ,0.00,3.85,54.86
Yuvraj Singh (INDIA),2007-2017,2007,2017,10,58,51,9,1177,77*,77,1,28.02,863,136.38,0,8,1,77,74, 20.29 ,0.00,13.79,71.36
KP Pietersen (ENG),2005-2013,2005,2013,8,37,36,5,1176,79,79,0,37.93,831,141.51,0,7,1,119,32, 31.78 ,0.00,18.92,79.36
MDKJ Perera (SL),2013-2019,2013,2019,6,42,42,0,1171,84,84,0,27.88,867,135.06,0,11,0,114,41, 27.88 ,0.00,26.19,70.75
NLTC Perera (ICC/SL/World),2010-2019,2010,2019,9,79,70,21,1169,61,61,0,23.85,767,152.41,0,3,8,87,62, 14.80 ,0.00,3.80,75.27
Asghar Afghan (AFG),2010-2019,2010,2019,9,66,60,4,1167,62,62,0,20.83,1102,105.89,0,3,4,69,58, 17.68 ,0.00,4.55,54.85
DJ Bravo (WI),2006-2016,2006,2016,10,66,59,12,1142,66*,66,1,24.29,981,116.41,0,4,4,67,49, 17.30 ,0.00,6.06,61.14
KL Rahul (INDIA),2016-2019,2016,2019,3,34,31,5,1138,110*,110,1,43.76,777,146.46,2,8,1,102,50, 33.47 ,5.88,23.53,84.84
BN Cooper (NL),2013-2019,2013,2019,6,51,48,9,1094,91*,91,1,28.05,890,122.92,0,7,5,96,36, 21.45 ,0.00,13.73,66.00
WTS Porterfield (IRE),2008-2018,2008,2018,10,61,59,6,1079,72,72,0,20.35,971,111.12,0,3,5,120,23, 17.69 ,0.00,4.92,56.66
KA Pollard (WI),2008-2019,2008,2019,11,68,58,12,1058,68,68,0,23,819,129.18,0,4,1,69,61, 15.56 ,0.00,5.88,65.47
AD Mathews (SL),2009-2018,2009,2018,9,72,57,18,1055,81*,81,1,27.05,893,118.14,0,5,1,67,35, 14.65 ,0.00,6.94,63.49
CS MacLeod (SCOT),2009-2019,2009,2019,10,49,47,7,1042,74,74,0,26.05,905,115.13,0,7,4,93,21, 21.27 ,0.00,14.29,61.68
Q de Kock (SA),2012-2019,2012,2019,7,38,38,5,1018,79*,79,1,30.84,787,129.35,0,4,3,117,32, 26.79 ,0.00,10.53,70.24
LMP Simmons (WI),2007-2019,2007,2019,12,49,48,7,990,82*,82,1,24.14,848,116.74,0,6,6,92,37, 20.20 ,0.00,12.24,61.18
Kamran Akmal (PAK),2006-2017,2006,2017,11,58,53,6,987,73,73,0,21,825,119.63,0,5,7,100,31, 17.02 ,0.00,8.62,60.45
HG Munsey (SCOT),2015-2019,2015,2019,4,38,36,3,987,127*,127,1,29.9,640,154.21,1,5,4,114,45, 25.97 ,2.63,13.16,79.62
Samiullah Shinwari (AFG),2010-2019,2010,2019,9,62,55,10,985,61,61,0,21.88,829,118.81,0,2,2,73,37, 15.89 ,0.00,3.23,60.65
CL White (AUS),2007-2014,2007,2014,7,47,44,14,984,85*,85,1,32.8,740,132.97,0,5,3,71,44, 20.94 ,0.00,10.64,72.87
GC Smith (SA),2005-2011,2005,2011,6,33,33,2,982,89*,89,1,31.67,770,127.53,0,5,1,123,26, 29.76 ,0.00,15.15,70.01
Shaiman Anwar (UAE),2014-2019,2014,2019,5,32,32,3,971,117*,117,1,33.48,770,126.1,1,6,1,75,43, 30.34 ,3.13,18.75,70.53
Sabbir Rahman (BDESH),2014-2019,2014,2019,5,44,43,5,946,80,80,0,24.89,783,120.81,0,4,2,89,28, 21.50 ,0.00,9.09,63.26
G Gambhir (INDIA),2007-2012,2007,2012,5,37,36,2,932,75,75,0,27.41,783,119.02,0,7,2,109,10, 25.19 ,0.00,18.92,64.05
Najibullah Zadran (AFG),2012-2019,2012,2019,7,57,48,18,918,69*,69,1,30.6,663,138.46,0,3,1,60,48, 16.11 ,0.00,5.26,73.74
JE Root (ENG),2012-2019,2012,2019,7,32,30,5,893,90*,90,1,35.72,707,126.3,0,5,2,92,16, 27.91 ,0.00,15.63,71.95
MP O'Dowd (NL),2015-2019,2015,2019,4,36,35,2,866,69,69,0,26.24,718,120.61,0,6,0,83,19, 24.06 ,0.00,16.67,63.99
E Chigumbura (ZIM),2006-2019,2006,2019,13,54,53,9,852,54*,54,1,19.36,597,142.71,0,3,6,58,51, 15.78 ,0.00,5.56,68.70
E Lewis (WI),2016-2019,2016,2019,3,29,28,1,833,125*,125,1,30.85,544,153.12,2,5,3,54,67, 28.72 ,6.90,17.24,79.76
SC Williams (ZIM),2006-2019,2006,2019,13,38,38,5,821,66,66,0,24.87,630,130.31,0,6,4,75,24, 21.61 ,0.00,15.79,67.05
BRM Taylor (ZIM),2006-2019,2006,2019,13,38,38,5,818,75*,75,1,24.78,678,120.64,0,5,5,81,23, 21.53 ,0.00,13.16,63.12
Sarfaraz Ahmed (PAK),2010-2019,2010,2019,9,58,41,12,812,89*,89,1,28,641,126.67,0,3,2,79,15, 14.00 ,0.00,5.17,67.47
LD Chandimal (SL),2010-2018,2010,2018,8,54,47,4,800,58,58,0,18.6,766,104.43,0,4,0,73,16, 14.81 ,0.00,7.41,52.93
W Barresi (NL),2012-2019,2012,2019,7,42,41,6,799,75*,75,1,22.82,695,114.96,0,4,3,69,21, 19.02 ,0.00,9.52,59.68
Soumya Sarkar (BDESH),2015-2019,2015,2019,4,46,46,0,791,51,51,0,17.19,648,122.06,0,1,8,81,28, 17.20 ,0.00,2.17,59.14
A Balbirnie (IRE),2015-2019,2015,2019,4,37,33,2,790,83,83,0,25.48,593,133.22,0,4,3,94,12, 21.35 ,0.00,10.81,68.58
Misbah-ul-Haq (PAK),2007-2012,2007,2012,5,39,34,13,788,87*,87,1,37.52,715,110.2,0,3,2,45,26, 20.21 ,0.00,7.69,66.59
P Khadka (NEPAL),2014-2019,2014,2019,5,30,29,3,777,106*,106,1,29.88,602,129.06,1,4,3,79,26, 25.90 ,3.33,13.33,69.55
ADS Fletcher (WI),2008-2018,2008,2018,10,42,40,4,765,84*,84,1,21.25,707,108.2,0,6,6,54,37, 18.21 ,0.00,14.29,56.03
LJ Wright (ENG),2007-2014,2007,2014,7,51,45,5,759,99*,99,1,18.97,554,137,0,4,9,68,31, 14.88 ,0.00,7.84,66.18
Fakhar Zaman (PAK),2017-2019,2017,2019,2,34,33,0,756,91,91,0,22.9,553,136.7,0,4,2,86,22, 22.24 ,0.00,11.76,68.42
DJ Hussey (AUS),2008-2012,2008,2012,4,39,36,3,756,88*,88,1,22.9,623,121.34,0,3,4,41,34, 19.38 ,0.00,7.69,62.28
MH Cross (SCOT),2013-2019,2013,2019,6,43,35,6,755,66*,66,1,26.03,593,127.31,0,5,3,77,22, 17.56 ,0.00,11.63,66.54
JJ Roy (ENG),2014-2018,2014,2018,4,32,32,0,743,78,78,0,23.21,512,145.11,0,4,4,75,35, 23.22 ,0.00,12.50,71.97
SJ Myburgh (NL),2012-2019,2012,2019,7,33,32,2,741,71*,71,1,24.7,635,116.69,0,5,6,82,22, 22.45 ,0.00,15.15,61.50
J Charles (WI),2011-2016,2011,2016,5,34,33,0,724,84,84,0,21.93,595,121.68,0,4,4,84,26, 21.29 ,0.00,11.76,61.83
MEK Hussey (AUS),2005-2012,2005,2012,7,38,30,11,721,60*,60,1,37.94,529,136.29,0,4,1,58,25, 18.97 ,0.00,10.53,77.28
RS Bopara (ENG),2008-2014,2008,2014,6,38,35,10,711,65*,65,1,28.44,599,118.69,0,3,0,54,17, 18.71 ,0.00,7.89,64.54
CK Kapugedera (SL),2006-2017,2006,2017,11,43,38,7,703,50,50,0,22.67,591,118.95,0,1,0,58,25, 16.35 ,0.00,2.33,61.18
Muhammad Usman (UAE),2016-2019,2016,2019,3,34,32,5,695,89*,89,1,25.74,593,117.2,0,3,3,61,21, 20.44 ,0.00,8.82,62.32
CO Obuya (KENYA),2007-2019,2007,2019,12,35,33,6,691,75*,75,1,25.59,649,106.47,0,4,3,47,17, 19.74 ,0.00,11.43,57.94
TP Ura (PNG),2015-2019,2015,2019,4,23,23,5,671,107*,107,1,37.27,476,140.96,1,4,0,54,31, 29.17 ,4.35,17.39,78.75
JH Kallis (SA),2005-2012,2005,2012,7,25,23,4,666,73,73,0,35.05,558,119.35,0,5,0,56,20, 26.64 ,0.00,20.00,68.77
PW Borren (NL),2008-2017,2008,2017,9,43,38,5,638,57,57,0,19.33,524,121.75,0,1,2,60,18, 14.84 ,0.00,2.33,60.30
D Ramdin (WI),2006-2019,2006,2019,13,71,50,16,636,55*,55,1,18.7,551,115.42,0,1,3,51,19, 8.96 ,0.00,1.41,57.39
ST Jayasuriya (SL),2006-2011,2006,2011,5,31,30,3,629,88,88,0,23.29,487,129.15,0,4,4,76,23, 20.29 ,0.00,12.90,65.63
CJ Chibhabha (ZIM),2006-2018,2006,2018,12,33,32,0,621,67,67,0,19.4,570,108.94,0,5,3,72,12, 18.82 ,0.00,15.15,55.22
MR Swart (NL),2012-2016,2012,2016,4,26,25,2,621,89,89,0,27,537,115.64,0,4,1,53,16, 23.88 ,0.00,15.38,62.46
MN Waller (ZIM),2011-2018,2011,2018,7,32,31,8,613,68,68,0,26.65,443,138.37,0,1,2,42,28, 19.16 ,0.00,3.13,71.34
Rohan Mustafa (UAE),2014-2019,2014,2019,5,38,37,1,605,77,77,0,16.8,521,116.12,0,2,4,71,17, 15.92 ,0.00,5.26,56.53
JM Bairstow (ENG),2011-2019,2011,2019,8,34,29,6,603,68,68,0,26.21,450,134,0,3,2,56,25, 17.74 ,0.00,8.82,69.33
Jatinder Singh (OMAN),2015-2019,2015,2019,4,25,25,2,599,68*,68,1,26.04,535,111.96,0,3,1,63,6, 23.96 ,0.00,12.00,60.41
Salman Butt (PAK),2007-2010,2007,2010,3,24,23,2,595,74,74,0,28.33,551,107.98,0,3,1,66,10, 24.79 ,0.00,12.50,60.19
RR Hendricks (SA),2014-2019,2014,2019,5,22,22,0,593,74,74,0,26.95,487,121.76,0,4,2,71,8, 26.95 ,0.00,18.18,64.87
DJM Short (AUS),2018-2019,2018,2019,1,20,20,2,592,76,76,0,32.88,490,120.81,0,4,1,66,15, 29.60 ,0.00,20.00,68.05
MK Pandey (INDIA),2015-2019,2015,2019,4,32,27,12,587,79*,79,1,39.13,478,122.8,0,2,2,40,16, 18.34 ,0.00,6.25,72.60
DJG Sammy (WI/World),2007-2017,2007,2017,10,68,52,18,587,42*,42,1,17.26,398,147.48,0,0,3,45,31, 8.63 ,0.00,0.00,69.35
PD Collingwood (ENG/World),2005-2017,2005,2017,12,36,33,2,583,79,79,0,18.8,459,127.01,0,3,3,37,24, 16.19 ,0.00,8.33,62.08
DR Smith (WI),2006-2015,2006,2015,9,33,32,0,582,72,72,0,18.18,474,122.78,0,3,1,62,31, 17.64 ,0.00,9.09,60.02
SB Styris (NZ),2005-2010,2005,2010,5,31,29,2,578,66,66,0,21.4,483,119.66,0,1,0,40,25, 18.65 ,0.00,3.23,60.70
SPD Smith (AUS),2010-2019,2010,2019,9,36,28,7,577,90,90,0,27.47,448,128.79,0,4,1,53,12, 16.03 ,0.00,11.11,68.00
Nizakat Khan (HKG),2014-2019,2014,2019,5,34,32,0,576,62,62,0,18,478,120.5,0,2,4,51,19, 16.94 ,0.00,5.88,59.00
JA Morkel (SA),2005-2015,2005,2015,10,50,38,11,572,43,43,0,21.18,402,142.28,0,0,1,29,39, 11.44 ,0.00,0.00,69.62
MJ Lumb (ENG),2010-2014,2010,2014,4,27,27,1,552,63,63,0,21.23,413,133.65,0,3,1,64,21, 20.44 ,0.00,11.11,66.20
Zeeshan Maqsood (OMAN),2015-2019,2015,2019,4,29,25,4,542,56,56,0,25.8,481,112.68,0,2,2,66,12, 18.69 ,0.00,6.90,60.55
Babar Hayat (HKG),2014-2017,2014,2017,3,24,24,4,541,122,122,0,27.05,433,124.94,1,2,2,45,20, 22.54 ,4.17,8.33,66.21
Karim Sadiq (AFG),2010-2018,2010,2018,8,36,36,0,538,72,72,0,14.94,493,109.12,0,1,4,61,10, 14.94 ,0.00,2.78,52.61
RN ten Doeschate (NL),2008-2019,2008,2019,11,22,22,10,533,59,59,0,44.41,400,133.25,0,3,1,27,19, 24.23 ,0.00,13.64,79.95
C Kieswetter (ENG),2010-2012,2010,2012,2,25,25,1,526,63,63,0,21.91,470,111.91,0,3,2,47,23, 21.04 ,0.00,12.00,57.91
RR Patel (KENYA),2008-2019,2008,2019,11,30,26,4,526,55,55,0,23.9,414,127.05,0,3,1,31,31, 17.53 ,0.00,10.00,65.16
Hazratullah Zazai (AFG),2016-2019,2016,2019,3,13,13,1,519,162*,162,1,43.25,319,162.69,1,2,1,46,37, 39.92 ,7.69,15.38,91.03
F Behardien (SA),2012-2018,2012,2018,6,38,30,14,518,64*,64,1,32.37,404,128.21,0,1,1,37,16, 13.63 ,0.00,2.63,70.71
V Sibanda (ZIM),2007-2016,2007,2016,9,26,26,1,511,59,59,0,20.44,503,101.59,0,1,3,52,11, 19.65 ,0.00,3.85,52.90
Noor Ali Zadran (AFG),2010-2017,2010,2017,7,20,20,1,506,63,63,0,26.63,497,101.81,0,3,1,45,6, 25.30 ,0.00,15.00,56.70
Nawroz Mangal (AFG),2010-2017,2010,2017,7,32,32,4,505,65*,65,1,18.03,453,111.47,0,2,4,42,19, 15.78 ,0.00,6.25,55.41
Imran Nazir (PAK),2007-2012,2007,2012,5,25,24,1,500,72,72,0,21.73,370,135.13,0,3,2,59,22, 20.00 ,0.00,12.00,67.09
Liton Das (BDESH),2015-2019,2015,2019,4,25,25,0,497,61,61,0,19.88,360,138.05,0,2,2,44,22, 19.88 ,0.00,8.00,67.15
Shafiqullah (AFG),2010-2019,2010,2019,9,46,42,12,494,51*,51,1,16.46,340,145.29,0,1,5,35,31, 10.74 ,0.00,2.17,67.99
MJ Clarke (AUS),2005-2010,2005,2010,5,34,28,5,488,67,67,0,21.21,473,103.17,0,1,2,29,10, 14.35 ,0.00,2.94,53.99
CJ Anderson (NZ),2012-2018,2012,2018,6,31,24,4,485,94*,94,1,24.25,351,138.17,0,2,3,30,26, 15.65 ,0.00,6.45,69.82
G Malla (NEPAL),2014-2019,2014,2019,5,24,23,0,482,107,107,0,20.95,389,123.9,1,1,1,46,21, 20.08 ,4.17,4.17,62.13
C de Grandhomme (NZ),2012-2019,2012,2019,7,33,31,7,479,59,59,0,19.95,321,149.22,0,3,3,27,29, 14.52 ,0.00,9.09,71.66
TP Visee (NL),2015-2019,2015,2019,4,27,27,0,478,78,78,0,17.7,316,151.26,0,3,4,65,17, 17.70 ,0.00,11.11,71.12
MS Chapman (HKG/NZ),2014-2018,2014,2018,4,24,23,2,475,63*,63,1,22.61,416,114.18,0,1,0,38,13, 19.79 ,0.00,4.17,59.24
JDP Oram (NZ),2005-2012,2005,2012,7,36,30,7,474,66*,66,1,20.6,339,139.82,0,2,3,38,22, 13.17 ,0.00,5.56,68.29
GJ Bailey (AUS/World),2012-2017,2012,2017,5,30,26,7,473,63,63,0,24.89,346,136.7,0,2,1,37,20, 15.77 ,0.00,6.67,69.61
BKG Mendis (SL),2016-2019,2016,2019,3,24,24,0,473,79,79,0,19.7,353,133.99,0,5,2,40,21, 19.71 ,0.00,20.83,65.42
Gulbadin Naib (AFG),2012-2019,2012,2019,7,45,37,10,472,56*,56,1,17.48,393,120.1,0,1,3,33,22, 10.49 ,0.00,2.22,58.53
NJ O'Brien (IRE),2008-2016,2008,2016,8,30,28,2,466,50,50,0,17.92,475,98.1,0,1,0,40,7, 15.53 ,0.00,3.33,49.99
AD Russell (WI),2011-2018,2011,2018,7,47,39,13,465,47,47,0,17.88,329,141.33,0,0,6,30,32, 9.89 ,0.00,0.00,67.26
PM Seelaar (NL),2008-2019,2008,2019,11,69,40,11,464,96*,96,1,16,423,109.69,0,1,1,31,8, 6.72 ,0.00,1.45,53.48
JEC Franklin (NZ),2006-2013,2006,2013,7,38,31,8,463,60,60,0,20.13,391,118.41,0,2,2,28,23, 12.18 ,0.00,5.26,59.44
CR Ervine (ZIM),2010-2019,2010,2019,9,22,21,1,461,68*,68,1,23.05,454,101.54,0,3,1,43,13, 20.95 ,0.00,13.64,54.45
A Vala (PNG),2015-2019,2015,2019,4,26,24,4,460,68,68,0,23,427,107.72,0,2,0,39,13, 17.69 ,0.00,7.69,56.89
DJ Malan (ENG),2017-2019,2017,2019,2,9,9,1,458,103*,103,1,57.25,293,156.31,1,5,0,47,20, 50.89 ,11.11,55.56,96.87
JD Ryder (NZ),2008-2014,2008,2014,6,22,21,1,457,62,62,0,22.85,358,127.65,0,3,2,47,18, 20.77 ,0.00,13.64,64.77
RE van der Merwe (NL/SA),2009-2019,2009,2019,10,43,29,12,454,75*,75,1,26.7,345,131.59,0,2,4,36,13, 10.56 ,0.00,4.65,68.66
Khawar Ali (OMAN),2015-2019,2015,2019,4,29,28,0,453,50,50,0,16.17,482,93.98,0,1,2,48,12, 15.62 ,0.00,3.45,47.29
MD Gunathilaka (SL),2016-2019,2016,2019,3,21,21,0,452,57,57,0,21.52,365,123.83,0,2,0,49,12, 21.52 ,0.00,9.52,62.44
Mohammad Ashraful (BDESH),2007-2013,2007,2013,6,23,23,0,450,65,65,0,19.56,356,126.4,0,2,2,48,11, 19.57 ,0.00,8.70,62.30
Rameez Shahzad (UAE),2016-2019,2016,2019,3,22,21,3,449,54,54,0,24.94,404,111.13,0,1,2,37,13, 20.41 ,0.00,4.55,59.42
Usman Ghani (AFG),2015-2019,2015,2019,4,19,19,1,445,73,73,0,24.72,407,109.33,0,3,0,44,12, 23.42 ,0.00,15.79,58.56
Younis Khan (PAK),2006-2010,2006,2010,4,25,23,3,442,51,51,0,22.1,364,121.42,0,2,2,31,12, 17.68 ,0.00,8.00,61.83
NR Kumar (CAN),2012-2019,2012,2019,7,18,16,2,434,83,83,0,31,336,129.16,0,3,1,34,13, 24.11 ,0.00,16.67,70.26
MD Shanaka (SL),2015-2019,2015,2019,4,35,35,7,434,54,54,0,15.5,386,112.43,0,1,7,29,24, 12.40 ,0.00,2.86,54.27
N Dickwella (SL),2016-2019,2016,2019,3,23,22,0,429,68,68,0,19.5,309,138.83,0,1,2,57,8, 18.65 ,0.00,4.35,67.23
Muhammad Tanveer (QAT),2019-2019,2019,2019,0,15,15,4,428,57*,57,1,38.9,331,129.3,0,4,0,36,22, 28.53 ,0.00,26.67,75.06
PL Mommsen (SCOT),2012-2016,2012,2016,4,24,19,7,419,68*,68,1,34.91,329,127.35,0,2,1,32,11, 17.46 ,0.00,8.33,71.89
Syed Aziz (MAL),2019-2019,2019,2019,0,14,14,2,415,87,87,0,34.58,297,139.73,0,4,2,43,16, 29.64 ,0.00,28.57,76.64
RR Pant (INDIA),2017-2019,2017,2019,2,26,24,4,409,65*,65,1,20.45,336,121.72,0,2,3,28,18, 15.73 ,0.00,7.69,60.96
Aqib Ilyas (OMAN),2015-2019,2015,2019,4,22,22,4,408,60,60,0,22.66,356,114.6,0,2,1,47,7, 18.55 ,0.00,9.09,59.44
TH David (SGP),2019-2019,2019,2019,0,12,12,1,408,77,77,0,37.09,274,148.9,0,2,0,36,17, 34.00 ,0.00,16.67,81.81
MG Erasmus (NAM),2019-2019,2019,2019,0,16,14,3,407,72,72,0,37,293,138.9,0,4,0,33,20, 25.44 ,0.00,25.00,77.76
MW Machan (SCOT),2013-2016,2013,2016,3,13,13,3,407,67*,67,1,40.7,318,127.98,0,3,0,37,7, 31.31 ,0.00,23.08,75.61
WU Tharanga (SL),2006-2018,2006,2018,12,26,26,1,407,47,47,0,16.28,330,123.33,0,0,3,42,12, 15.65 ,0.00,0.00,59.10
Sikandar Raza (ZIM),2013-2019,2013,2019,6,32,30,0,406,59,59,0,13.53,384,105.72,0,1,0,34,8, 12.69 ,0.00,3.13,50.41
EC Joyce (ENG/IRE),2006-2014,2006,2014,8,18,15,3,405,78*,78,1,33.75,431,93.96,0,1,0,30,5, 22.50 ,0.00,5.56,57.83
TLW Cooper (NL),2012-2016,2012,2016,4,18,17,3,404,72*,72,1,28.85,306,132.02,0,2,2,38,16, 22.44 ,0.00,11.11,70.12
BJ Haddin (AUS),2006-2014,2006,2014,8,34,29,6,402,47,47,0,17.47,351,114.52,0,0,2,30,13, 11.82 ,0.00,0.00,56.29
RT Ponting (AUS),2005-2009,2005,2009,4,17,16,2,401,98*,98,1,28.64,302,132.78,0,2,2,41,11, 23.59 ,0.00,11.76,70.30
HH Gibbs (SA),2005-2010,2005,2010,5,23,23,1,400,90*,90,1,18.18,318,125.78,0,3,4,45,12, 17.39 ,0.00,13.04,61.22
KD Karthik (ICC/INDIA),2006-2019,2006,2019,13,32,26,14,399,48,48,0,33.25,278,143.52,0,0,2,42,15, 12.47 ,0.00,0.00,77.36
V Sehwag (INDIA),2006-2012,2006,2012,6,19,18,0,394,68,68,0,21.88,271,145.38,0,2,1,43,16, 20.74 ,0.00,10.53,71.28
Abdul Razzaq (PAK),2006-2013,2006,2013,7,32,29,10,393,46*,46,1,20.68,337,116.61,0,0,2,21,21, 12.28 ,0.00,0.00,59.05
Rizwan Cheema (CAN),2008-2019,2008,2019,11,24,24,2,389,72,72,0,17.68,314,123.88,0,2,5,33,28, 16.21 ,0.00,8.33,60.16
SJ Baard (NAM),2019-2019,2019,2019,0,13,13,2,387,92,92,0,35.18,305,126.88,0,4,1,32,13, 29.77 ,0.00,30.77,71.86
AA Obanda (KENYA),2007-2019,2007,2019,12,30,28,2,381,79,79,0,14.65,362,105.24,0,1,5,49,7, 12.70 ,0.00,3.33,50.89
CJA Amini (PNG),2015-2019,2015,2019,4,23,18,4,377,60,60,0,26.92,324,116.35,0,2,2,16,13, 16.39 ,0.00,8.70,62.69
Mashrafe Mortaza (BDESH),2006-2017,2006,2017,11,54,39,11,377,36,36,0,13.46,277,136.1,0,0,6,28,23, 6.98 ,0.00,0.00,62.52
AM Rahane (INDIA),2011-2016,2011,2016,5,20,20,2,375,61,61,0,20.83,331,113.29,0,1,2,32,6, 18.75 ,0.00,5.00,57.81
J Rasu (VAN),2019-2019,2019,2019,0,13,13,0,374,74,74,0,28.76,338,110.65,0,2,0,27,16, 28.77 ,0.00,15.38,61.52
Hussain Talat (PAK),2018-2019,2018,2019,1,14,14,1,371,63,63,0,28.53,309,120.06,0,2,1,35,5, 26.50 ,0.00,14.29,65.14
Nasir Hossain (BDESH),2011-2016,2011,2016,5,31,24,4,370,50*,50,1,18.5,326,113.49,0,2,2,30,7, 11.94 ,0.00,6.45,56.50
JW Jenner (JER),2019-2019,2019,2019,0,17,17,2,365,71,71,0,24.33,299,122.07,0,3,2,24,14, 21.47 ,0.00,17.65,63.43
PJ Moor (ZIM),2016-2019,2016,2019,3,21,19,4,364,92*,92,1,24.26,286,127.27,0,1,0,22,24, 17.33 ,0.00,4.76,65.46
Nasir Jamshed (PAK),2012-2013,2012,2013,1,18,18,1,363,56,56,0,21.35,320,113.43,0,2,1,34,12, 20.17 ,0.00,11.11,58.18
NS Dhaliwal (CAN),2019-2019,2019,2019,0,12,11,2,361,69,69,0,40.11,291,124.05,0,3,0,22,16, 30.08 ,0.00,25.00,73.69
Sharjeel Khan (PAK),2013-2016,2013,2016,3,15,15,0,360,59,59,0,24,262,137.4,0,2,0,48,13, 24.00 ,0.00,13.33,69.36
L Ronchi (AUS/ICC/NZ),2008-2018,2008,2018,10,33,26,6,359,51*,51,1,17.95,256,140.23,0,1,5,30,14, 10.88 ,0.00,3.03,66.86
R Sandaruwan (KUW),2019-2019,2019,2019,0,10,10,1,358,103,103,0,39.77,216,165.74,1,2,2,29,24, 35.80 ,10.00,20.00,90.16
S Bau (PNG),2016-2019,2016,2019,3,23,17,3,356,40*,40,1,25.42,338,105.32,0,0,1,21,11, 15.48 ,0.00,0.00,57.38
Anamul Haque (BDESH),2012-2015,2012,2015,3,13,13,2,355,58,58,0,32.27,301,117.94,0,1,1,38,12, 27.31 ,0.00,7.69,66.54
KD Shah (HKG),2014-2019,2014,2019,5,26,22,3,351,79,79,0,18.47,340,103.23,0,2,3,26,10, 13.50 ,0.00,7.69,52.37
SW Billings (ENG/ICC),2015-2019,2015,2019,4,26,23,3,348,87,87,0,17.4,255,136.47,0,2,1,33,11, 13.38 ,0.00,7.69,65.03
S Chandramohan (SGP),2019-2019,2019,2019,0,12,12,1,348,66,66,0,31.63,292,119.17,0,3,3,33,15, 29.00 ,0.00,25.00,66.65
OA Shah (ENG),2007-2009,2007,2009,2,17,15,1,347,55*,55,1,24.78,284,122.18,0,1,0,26,13, 20.41 ,0.00,5.88,63.74
SO Tikolo (KENYA),2007-2013,2007,2013,6,15,15,3,345,56*,56,1,28.75,281,122.77,0,2,3,46,6, 23.00 ,0.00,13.33,66.36
S Chanderpaul (WI),2006-2010,2006,2010,4,22,22,5,343,41,41,0,20.17,347,98.84,0,0,0,34,5, 15.59 ,0.00,0.00,51.64
DM Bravo (WI),2010-2019,2010,2019,9,20,18,1,340,43*,43,1,20,317,107.25,0,0,3,28,13, 17.00 ,0.00,0.00,54.90
JM Vince (ENG),2015-2019,2015,2019,4,12,12,0,340,59,59,0,28.33,275,123.63,0,1,0,34,9, 28.33 ,0.00,8.33,66.45
A Symonds (AUS),2005-2009,2005,2009,4,14,11,4,337,85*,85,1,48.14,199,169.34,0,2,2,33,10, 24.07 ,0.00,14.29,96.62
N Davin (NAM),2019-2019,2019,2019,0,16,16,1,335,54,54,0,22.33,216,155.09,0,1,1,33,15, 20.94 ,0.00,6.25,75.43
SA Edwards (NL),2018-2019,2018,2019,1,29,22,8,334,42*,42,1,23.85,229,145.85,0,0,1,33,6, 11.52 ,0.00,0.00,72.65
Asif Ali (PAK),2018-2019,2018,2019,1,25,24,6,331,41*,41,1,18.38,258,128.29,0,0,1,15,19, 13.24 ,0.00,0.00,62.34
Faisal Javed (QAT),2019-2019,2019,2019,0,15,15,0,330,61,61,0,22,212,155.66,0,2,1,45,11, 22.00 ,0.00,13.33,75.46
SR Thompson (IRE),2014-2019,2014,2019,5,41,30,8,328,56,56,0,14.9,254,129.13,0,1,1,23,14, 8.00 ,0.00,2.44,60.59
RJ Nicol (NZ),2010-2013,2010,2013,3,21,19,0,327,58,58,0,17.21,296,110.47,0,2,2,33,11, 15.57 ,0.00,9.52,54.51
RR Rossouw (SA),2014-2016,2014,2016,2,15,14,3,327,78,78,0,29.72,237,137.97,0,2,2,29,12, 21.80 ,0.00,13.33,73.02
Aamir Kaleem (OMAN),2015-2019,2015,2019,4,25,22,4,325,46*,46,1,18.05,306,106.2,0,0,4,26,9, 13.00 ,0.00,0.00,53.31
LE Bosman (SA),2006-2010,2006,2010,4,14,14,1,323,94,94,0,24.84,219,147.48,0,3,2,27,20, 23.07 ,0.00,21.43,73.90
Anshuman Rath (HKG),2015-2017,2015,2017,2,20,19,2,321,44,44,0,18.88,344,93.31,0,0,1,31,2, 16.05 ,0.00,0.00,48.65
N Vanua (PNG),2015-2019,2015,2019,4,25,22,8,321,54,54,0,22.92,211,152.13,0,1,4,12,23, 12.84 ,0.00,4.00,74.60
TM Head (AUS),2016-2018,2016,2018,2,16,15,3,319,48*,48,1,26.58,245,130.2,0,0,0,19,10, 19.94 ,0.00,0.00,68.03
TL Seifert (NZ),2018-2019,2018,2019,1,19,18,1,316,84,84,0,18.58,228,138.59,0,1,2,22,21, 16.63 ,0.00,5.26,66.58
BDH Stevens (JER),2019-2019,2019,2019,0,17,17,1,316,44,44,0,19.75,315,100.31,0,0,1,30,6, 18.59 ,0.00,0.00,51.97
GJ Delany (IRE),2019-2019,2019,2019,0,17,15,3,314,89*,89,1,26.16,206,152.42,0,2,0,28,12, 18.47 ,0.00,11.76,76.66
N Nipiko (VAN),2019-2019,2019,2019,0,14,14,2,312,62,62,0,26,297,105.05,0,2,1,16,13, 22.29 ,0.00,14.29,57.62
N Pooran (WI),2016-2019,2016,2019,3,16,16,3,312,58,58,0,24,247,126.31,0,2,1,24,17, 19.50 ,0.00,12.50,64.92
R Powell (WI),2017-2019,2017,2019,2,23,18,3,311,54,54,0,20.73,250,124.4,0,2,1,26,13, 13.52 ,0.00,8.70,62.20
Virandeep Singh (MAL),2019-2019,2019,2019,0,12,12,0,311,57,57,0,25.91,309,100.64,0,1,1,27,7, 25.92 ,0.00,8.33,55.80
CR Brathwaite (WI),2011-2019,2011,2019,8,41,27,6,310,37*,37,1,14.76,274,113.13,0,0,3,13,22, 7.56 ,0.00,0.00,54.11
HH Pandya (INDIA),2016-2019,2016,2019,3,40,25,6,310,33*,33,1,16.31,210,147.61,0,0,2,18,19, 7.75 ,0.00,0.00,68.83
S Vesawkar (NEPAL),2014-2019,2014,2019,5,17,16,3,310,40,40,0,23.84,313,99.04,0,0,0,25,7, 18.24 ,0.00,0.00,53.92
ML Hayden (AUS),2005-2007,2005,2007,2,9,9,3,308,73*,73,1,51.33,214,143.92,0,4,0,37,13, 34.22 ,0.00,44.44,88.37
NJ Ferraby (JER),2019-2019,2019,2019,0,14,14,1,303,81*,81,1,23.3,257,117.89,0,1,2,38,2, 21.64 ,0.00,7.14,61.14
Tamoor Sajjad (QAT),2019-2019,2019,2019,0,12,11,2,301,68,68,0,33.44,216,139.35,0,1,1,24,14, 25.08 ,0.00,8.33,75.80
NL McCullum (NZ),2007-2016,2007,2016,9,63,41,15,299,36*,36,1,11.5,297,100.67,0,0,4,19,8, 4.75 ,0.00,0.00,47.17
RR Sarwan (WI),2007-2010,2007,2010,3,18,16,3,298,59,59,0,22.92,286,104.19,0,2,1,19,6, 16.56 ,0.00,11.11,55.43
L Siaka (PNG),2015-2019,2015,2019,4,26,22,2,296,39,39,0,14.8,271,109.22,0,0,4,26,7, 11.38 ,0.00,0.00,52.57
Kamran Khan (QAT),2019-2019,2019,2019,0,14,14,1,295,52,52,0,22.69,220,134.09,0,2,0,26,17, 21.07 ,0.00,14.29,67.25
R Mutumbami (ZIM),2015-2019,2015,2019,4,22,19,4,294,54,54,0,19.6,251,117.13,0,1,1,19,15, 13.36 ,0.00,4.55,58.61
B Bhandari (NEPAL),2014-2019,2014,2019,5,27,23,6,292,58*,58,1,17.17,262,111.45,0,2,1,23,12, 10.81 ,0.00,7.41,54.88
CA Lynn (AUS),2014-2018,2014,2018,4,18,16,1,291,44,44,0,19.4,221,131.67,0,0,1,28,14, 16.17 ,0.00,0.00,64.31
HDRL Thirimanne (SL),2012-2016,2012,2016,4,26,20,2,291,44,44,0,16.16,267,108.98,0,0,1,27,5, 11.19 ,0.00,0.00,53.29
AN Kervezee (NL),2009-2012,2009,2012,3,10,10,1,289,58*,58,1,32.11,262,110.3,0,2,0,19,6, 28.90 ,0.00,20.00,63.39
DS Airee (NEPAL),2018-2019,2018,2019,1,18,16,2,287,47*,47,1,20.5,260,110.38,0,0,0,22,6, 15.94 ,0.00,0.00,56.45
IA Karim (KENYA),2013-2019,2013,2019,6,16,16,3,286,71*,71,1,22,299,95.65,0,2,2,30,2, 17.88 ,0.00,12.50,51.46
A Bagai (CAN),2008-2013,2008,2013,5,9,9,2,284,67*,67,1,40.57,249,114.05,0,2,0,27,0, 31.56 ,0.00,22.22,69.96
Mohammad Shahzad (UAE),2015-2017,2015,2017,2,20,20,2,281,52,52,0,15.61,239,117.57,0,1,2,25,11, 14.05 ,0.00,5.00,56.39
TC Bruce (NZ),2017-2019,2017,2019,2,15,15,2,279,59*,59,1,21.46,222,125.67,0,2,0,24,7, 18.60 ,0.00,13.33,63.14
SO Hetmyer (WI),2018-2019,2018,2019,1,20,18,1,279,56,56,0,16.41,223,125.11,0,1,2,19,17, 13.95 ,0.00,5.00,59.89
TAM Siriwardana (SL),2015-2017,2015,2017,2,22,19,3,275,42,42,0,17.18,208,132.21,0,0,4,16,12, 12.50 ,0.00,0.00,63.19
AC Gilchrist (AUS),2005-2008,2005,2008,3,13,13,1,272,48,48,0,22.66,192,141.66,0,0,0,27,13, 20.92 ,0.00,0.00,70.26
Amjad Javed (UAE),2014-2017,2014,2017,3,22,18,3,271,76,76,0,18.06,242,111.98,0,1,1,17,15, 12.32 ,0.00,4.55,55.63
MV Boucher (SA),2005-2010,2005,2010,5,25,21,6,268,36*,36,1,17.86,275,97.45,0,0,0,22,2, 10.72 ,0.00,0.00,49.70
Ravinderpal Singh (CAN),2019-2019,2019,2019,0,12,10,2,266,101,101,0,33.25,177,150.28,1,1,1,13,19, 22.17 ,8.33,8.33,80.06
PK Matautaava (VAN),2019-2019,2019,2019,0,10,10,0,265,103,103,0,26.5,156,169.87,1,1,2,19,20, 26.50 ,10.00,10.00,83.85
SR Taylor (USA),2019-2019,2019,2019,0,8,8,1,265,72,72,0,37.85,207,128.01,0,2,1,28,10, 33.13 ,0.00,25.00,73.91
MJ Santner (NZ),2015-2019,2015,2019,4,39,27,10,263,37,37,0,15.47,205,128.29,0,0,3,22,7, 6.74 ,0.00,0.00,60.60
Imad Wasim (PAK),2015-2019,2015,2019,4,41,29,9,261,47,47,0,13.05,180,145,0,0,6,28,7, 6.37 ,0.00,0.00,65.83
DMW Rawlins (BMUDA),2019-2019,2019,2019,0,11,11,0,261,63,63,0,23.72,201,129.85,0,1,1,23,15, 23.73 ,0.00,9.09,66.17
Adnan Idrees (KUW),2019-2019,2019,2019,0,6,6,0,259,80,80,0,43.16,157,164.96,0,3,0,35,9, 43.17 ,0.00,50.00,91.88
T Taibu (ZIM),2007-2012,2007,2012,5,17,15,6,259,45*,45,1,28.77,257,100.77,0,0,2,19,2, 15.24 ,0.00,0.00,57.57
Adnan Ilyas (OMAN),2015-2016,2015,2016,1,12,11,0,258,54,54,0,23.45,218,118.34,0,1,0,16,8, 21.50 ,0.00,8.33,61.41
Najeeb Tarakai (AFG),2014-2019,2014,2019,5,12,12,0,258,90,90,0,21.5,210,122.85,0,1,1,21,13, 21.50 ,0.00,8.33,62.04
DM de Silva (SL),2015-2019,2015,2019,4,13,13,0,257,62,62,0,19.76,252,101.98,0,1,0,18,4, 19.77 ,0.00,7.69,52.65
Manpreet Singh (SGP),2019-2019,2019,2019,0,12,12,1,255,42,42,0,23.18,222,114.86,0,0,0,15,5, 21.25 ,0.00,0.00,59.85
SE Marsh (AUS),2008-2016,2008,2016,8,15,15,1,255,47*,47,1,18.21,248,102.82,0,0,2,15,10, 17.00 ,0.00,0.00,52.05
RP Burl (ZIM),2018-2019,2018,2019,1,16,13,3,254,57*,57,1,25.4,221,114.93,0,1,0,16,10, 15.88 ,0.00,6.25,61.21
HE van der Dussen (SA),2018-2019,2018,2019,1,9,8,0,254,64,64,0,31.75,192,132.29,0,2,1,14,12, 28.22 ,0.00,22.22,71.97
Waqas Barkat (HKG),2014-2019,2014,2019,5,22,20,2,254,37,37,0,14.11,286,88.81,0,0,2,20,0, 11.55 ,0.00,0.00,43.99
SF Mire (ZIM),2018-2019,2018,2019,1,9,8,0,253,94,94,0,31.62,196,129.08,0,2,0,23,13, 28.11 ,0.00,22.22,70.60
GH Dockrell (IRE),2010-2019,2010,2019,9,73,33,14,251,34*,34,1,13.21,207,121.25,0,0,4,14,7, 3.44 ,0.00,0.00,56.43
DT Johnston (IRE),2008-2013,2008,2013,5,30,19,7,249,62,62,0,20.75,184,135.32,0,1,1,13,11, 8.30 ,0.00,3.33,66.58
RV Uthappa (INDIA),2007-2015,2007,2015,8,13,12,2,249,50,50,0,24.9,211,118,0,1,1,26,6, 19.15 ,0.00,7.69,62.14
CG Williams (NAM),2019-2019,2019,2019,0,13,12,3,249,68*,68,1,27.66,210,118.57,0,1,1,15,10, 19.15 ,0.00,7.69,64.02
JP Kotze (NAM),2019-2019,2019,2019,0,12,12,1,245,101*,101,1,22.27,193,126.94,1,0,1,21,13, 20.42 ,8.33,0.00,64.14
Mohamed Rishwan (Mald),2019-2019,2019,2019,0,11,10,0,245,67,67,0,24.5,245,100,0,2,0,22,10, 22.27 ,0.00,18.18,54.70
CN Ackermann (NL),2019-2019,2019,2019,0,11,11,3,243,43*,43,1,30.37,196,123.97,0,0,0,18,5, 22.09 ,0.00,0.00,67.81
Muhammad Kashif (KUW),2019-2019,2019,2019,0,10,9,4,242,53,53,0,48.4,215,112.55,0,2,0,14,13, 24.20 ,0.00,20.00,74.06
UT Khawaja (AUS),2016-2016,2016,2016,0,9,9,0,241,58,58,0,26.77,182,132.41,0,1,0,31,5, 26.78 ,0.00,11.11,69.03
MA Leask (SCOT),2013-2019,2013,2019,6,31,22,2,240,58,58,0,12,199,120.6,0,1,2,16,12, 7.74 ,0.00,3.23,55.44
SW Poynter (IRE),2015-2019,2015,2019,4,25,21,6,240,39,39,0,16,213,112.67,0,0,0,22,6, 9.60 ,0.00,0.00,54.67
Aizaz Khan (HKG),2014-2019,2014,2019,5,30,27,7,239,31,31,0,11.95,234,102.13,0,0,4,19,4, 7.97 ,0.00,0.00,48.02
MS Wade (AUS),2011-2016,2011,2016,5,26,17,5,239,72,72,0,19.91,218,109.63,0,1,0,11,9, 9.19 ,0.00,3.85,55.80
Ashfaq Ahmed (UAE),2018-2019,2018,2019,1,12,12,0,238,75,75,0,19.83,185,128.64,0,3,2,32,6, 19.83 ,0.00,25.00,63.35
SD Hope (WI),2017-2019,2017,2019,2,13,11,0,238,55,55,0,21.63,175,136,0,2,1,24,10, 18.31 ,0.00,15.38,67.38
J Mubarak (SL),2007-2009,2007,2009,2,16,15,4,238,46*,46,1,21.63,188,126.59,0,0,2,21,8, 14.88 ,0.00,0.00,63.61
Khalid Latif (PAK),2008-2016,2008,2016,8,13,13,2,237,59*,59,1,21.54,229,103.49,0,1,1,25,6, 18.23 ,0.00,7.69,54.32
RE Levi (SA),2012-2012,2012,2012,0,13,13,2,236,117*,117,1,21.45,167,141.31,1,1,3,20,15, 18.15 ,7.69,7.69,69.39
YK Pathan (INDIA),2007-2012,2007,2012,5,22,18,5,236,37*,37,1,18.15,161,146.58,0,0,3,11,17, 10.73 ,0.00,0.00,69.52
MM Ali (ENG),2014-2018,2014,2018,4,25,22,6,235,72*,72,1,14.68,198,118.68,0,1,6,21,9, 9.40 ,0.00,4.00,56.28
F Damiao Couana (Moz),2019-2019,2019,2019,0,7,7,1,233,71*,71,1,38.83,179,130.16,0,1,0,16,14, 33.29 ,0.00,14.29,75.36
ES Szwarczynski (NL),2008-2013,2008,2013,5,14,12,1,233,45,45,0,21.18,243,95.88,0,0,0,22,2, 16.64 ,0.00,0.00,51.06
HT Tector (IRE),2019-2019,2019,2019,0,14,12,3,233,60,60,0,25.88,176,132.38,0,1,0,20,5, 16.64 ,0.00,7.14,68.48
BA Stokes (ENG),2011-2018,2011,2018,7,23,20,5,232,38,38,0,15.46,178,130.33,0,0,1,20,9, 10.09 ,0.00,0.00,61.41
H Gori (CZK-R),2019-2019,2019,2019,0,7,7,0,231,66,66,0,33,176,131.25,0,1,0,23,12, 33.00 ,0.00,14.29,72.30
JF Mooney (IRE),2009-2015,2009,2015,6,27,23,9,231,31*,31,1,16.5,214,107.94,0,0,0,25,1, 8.56 ,0.00,0.00,53.08
AR Cusack (IRE),2008-2015,2008,2015,7,37,21,6,229,65,65,0,15.26,177,129.37,0,1,1,17,6, 6.19 ,0.00,2.70,60.90
Mohammed Rizlan (QAT),2019-2019,2019,2019,0,15,12,5,229,38*,38,1,32.71,218,105.04,0,0,0,14,10, 15.27 ,0.00,0.00,61.64
Aftab Ahmed (BDESH),2006-2010,2006,2010,4,11,11,1,228,62*,62,1,22.8,178,128.08,0,1,0,26,6, 20.73 ,0.00,9.09,64.91
T Mishra (KENYA),2007-2013,2007,2013,6,15,15,0,227,38,38,0,15.13,263,86.31,0,0,2,15,4, 15.13 ,0.00,0.00,43.60
Rahmanullah Gurbaz (AFG),2019-2019,2019,2019,0,7,7,0,227,79,79,0,32.42,164,138.41,0,2,2,19,13, 32.43 ,0.00,28.57,74.82
C Bisson (JER),2019-2019,2019,2019,0,14,14,2,226,54,54,0,18.83,177,127.68,0,1,3,24,5, 16.14 ,0.00,7.14,62.37
SS Iyer (INDIA),2017-2019,2017,2019,2,14,13,3,226,62,62,0,22.6,178,126.96,0,1,1,18,9, 16.14 ,0.00,7.14,64.34
I Udana (SL),2009-2019,2009,2019,10,27,19,9,226,84*,84,1,22.6,152,148.68,0,1,2,15,13, 8.37 ,0.00,3.70,73.03
DAS Gunaratne (SL),2016-2017,2016,2017,1,12,12,3,225,84*,84,1,25,178,126.4,0,2,2,19,6, 18.75 ,0.00,16.67,65.56
Inam-ul-Haq (QAT),2019-2019,2019,2019,0,11,11,2,225,73*,73,1,25,205,109.75,0,1,1,28,2, 20.45 ,0.00,9.09,58.90
GSNFG Jayasuriya (SL),2015-2019,2015,2019,4,16,14,0,225,40,40,0,16.07,203,110.83,0,0,0,17,8, 14.06 ,0.00,0.00,53.97
Shafiq Sharif (MAL),2019-2019,2019,2019,0,10,10,0,225,53,53,0,22.5,171,131.57,0,1,2,32,5, 22.50 ,0.00,10.00,66.13
MN van Wyk (SA),2007-2015,2007,2015,8,8,7,1,225,114*,114,1,37.5,157,143.31,1,1,0,19,14, 28.13 ,12.50,12.50,79.82
CAK Walton (WI),2014-2018,2014,2018,4,19,17,0,225,40,40,0,13.23,203,110.83,0,0,5,23,11, 11.84 ,0.00,0.00,52.27
DG Blampied (JER),2019-2019,2019,2019,0,17,15,6,221,43*,43,1,24.55,222,99.54,0,0,1,14,0, 13.00 ,0.00,0.00,54.55
Sohaib Maqsood (PAK),2013-2016,2013,2016,3,20,18,2,221,37,37,0,13.81,201,109.95,0,0,2,15,8, 11.05 ,0.00,0.00,52.27
H Patel (CAN),2010-2013,2010,2013,3,11,11,1,220,88*,88,1,22,218,100.91,0,1,2,19,2, 20.00 ,0.00,9.09,53.56
TG Southee (NZ),2008-2019,2008,2019,11,66,30,12,220,39,39,0,12.22,150,146.66,0,0,4,14,15, 3.33 ,0.00,0.00,66.00
AD Poynter (IRE),2012-2016,2012,2016,4,19,14,3,219,57,57,0,19.9,184,119.02,0,1,1,21,8, 11.53 ,0.00,5.26,59.55
Tanwir Afzal (HKG),2014-2016,2014,2016,2,21,18,2,219,56,56,0,13.68,173,126.58,0,1,4,9,15, 10.43 ,0.00,4.76,58.84
TT Bresnan (ENG),2006-2014,2006,2014,8,34,22,9,216,47*,47,1,16.61,170,127.05,0,0,3,16,6, 6.35 ,0.00,0.00,60.79
CJ Jordan (ENG),2014-2019,2014,2019,5,43,25,11,216,36,36,0,15.42,166,130.12,0,0,2,16,11, 5.02 ,0.00,0.00,61.30
DO Obuya (KENYA),2007-2012,2007,2012,5,10,10,2,216,65*,65,1,27,228,94.73,0,2,1,22,4, 21.60 ,0.00,20.00,54.09
MJG Rippon (NL),2013-2018,2013,2018,5,18,11,4,216,42,42,0,30.85,192,112.5,0,0,2,15,3, 12.00 ,0.00,0.00,63.51
KMDN Kulasekara (SL),2008-2017,2008,2017,9,58,30,9,215,31,31,0,10.23,184,116.84,0,0,4,14,7, 3.71 ,0.00,0.00,52.87
EMDY Munaweera (SL),2012-2017,2012,2017,5,13,13,1,215,53,53,0,17.91,164,131.09,0,1,1,25,7, 16.54 ,0.00,7.69,63.18
B Ward (JER),2019-2019,2019,2019,0,13,12,3,215,58*,58,1,23.88,160,134.37,0,1,1,8,15, 16.54 ,0.00,7.69,68.08
S Prasanna (SL),2013-2017,2013,2017,4,20,20,6,214,37*,37,1,15.28,161,132.91,0,0,0,13,13, 10.70 ,0.00,0.00,62.33
S Wickramasekara (CZK-R),2019-2019,2019,2019,0,5,5,2,214,104*,104,1,71.33,104,205.76,1,1,0,17,19, 42.80 ,20.00,20.00,125.10
RG Aga (KENYA),2008-2013,2008,2013,5,20,18,2,213,52*,52,1,13.31,196,108.67,0,1,0,15,5, 10.65 ,0.00,5.00,51.45
Haroon Arshad (HKG),2019-2019,2019,2019,0,10,10,3,211,68,68,0,30.14,154,137.01,0,1,0,15,7, 21.10 ,0.00,10.00,72.89
Haris Sohail (PAK),2013-2019,2013,2019,6,14,13,2,210,52,52,0,19.09,204,102.94,0,2,1,16,3, 15.00 ,0.00,14.29,52.63
CA Ingram (SA),2010-2012,2010,2012,2,9,9,1,210,78,78,0,26.25,162,129.62,0,1,1,23,7, 23.33 ,0.00,11.11,67.60
Khurram Nawaz (OMAN),2017-2019,2017,2019,2,18,13,3,210,58,58,0,21,179,117.31,0,1,0,11,10, 11.67 ,0.00,5.56,59.52
Bilal Zalmai (Aut),2019-2019,2019,2019,0,5,4,1,208,111*,111,1,69.33,109,190.82,1,0,0,16,16, 41.60 ,20.00,0.00,117.93
Ghulam Shabber (UAE),2016-2019,2016,2019,3,17,14,3,208,58*,58,1,18.9,182,114.28,0,1,0,24,4, 12.24 ,0.00,5.88,57.05
BBJL Perera (ITA),2019-2019,2019,2019,0,8,7,1,208,67,67,0,34.66,144,144.44,0,1,0,23,8, 26.00 ,0.00,12.50,78.57
BMAJ Mendis (SL),2011-2018,2011,2018,7,22,15,4,207,43*,43,1,18.81,174,118.96,0,0,1,18,6, 9.41 ,0.00,0.00,58.87
JJ Smit (NAM),2019-2019,2019,2019,0,12,10,2,206,59,59,0,25.75,128,160.93,0,1,0,10,14, 17.17 ,0.00,8.33,79.82
DL Vettori (NZ),2007-2014,2007,2014,7,34,22,6,205,38,38,0,12.81,190,107.89,0,0,3,14,2, 6.03 ,0.00,0.00,50.84
JM Kemp (SA),2005-2007,2005,2007,2,8,7,3,203,89*,89,1,50.75,160,126.87,0,1,0,17,10, 25.38 ,0.00,12.50,81.20
DS Smith (WI),2007-2009,2007,2009,2,6,6,0,203,61,61,0,33.83,161,126.08,0,2,0,22,5, 33.83 ,0.00,33.33,70.73
Ahmed Faiz (MAL),2019-2019,2019,2019,0,10,10,1,202,45,45,0,22.44,179,112.84,0,0,0,14,6, 20.20 ,0.00,0.00,58.60
JJ Atkinson (HKG),2014-2016,2014,2016,2,13,12,0,202,53,53,0,16.83,187,108.02,0,1,3,22,6, 15.54 ,0.00,7.69,53.31
R Gunasekera (CAN),2012-2013,2012,2013,1,8,8,0,202,65,65,0,25.25,188,107.44,0,1,0,23,4, 25.25 ,0.00,12.50,58.13
J Botha (SA),2006-2012,2006,2012,6,40,20,9,201,34,34,0,18.27,165,121.81,0,0,1,15,9, 5.03 ,0.00,0.00,59.69
J Butler (GUE),2019-2019,2019,2019,0,9,8,1,201,65*,65,1,28.71,214,93.92,0,1,0,20,1, 22.33 ,0.00,11.11,54.79
KS Leverock (BMUDA),2019-2019,2019,2019,0,12,12,2,201,43*,43,1,20.1,165,121.81,0,0,3,16,11, 16.75 ,0.00,0.00,60.78
DM Gondaria (KENYA),2013-2019,2013,2019,6,11,9,2,199,85*,85,1,28.42,157,126.75,0,1,0,12,6, 18.09 ,0.00,9.09,67.75
R Panchal (ESP),2019-2019,2019,2019,0,9,8,3,199,71*,71,1,39.8,185,107.56,0,1,0,9,7, 22.11 ,0.00,11.11,66.90
Sompal Kami (NEPAL),2014-2019,2014,2019,5,28,19,6,198,40,40,0,15.23,176,112.5,0,0,1,15,7, 7.07 ,0.00,0.00,54.14
Sohail Tanvir (PAK),2007-2017,2007,2017,10,57,25,8,196,41,41,0,11.52,164,119.51,0,0,2,16,9, 3.44 ,0.00,0.00,54.72
Yasir Ali (ESP),2019-2019,2019,2019,0,9,9,3,196,57,57,0,32.66,183,107.1,0,1,1,11,9, 21.78 ,0.00,11.11,62.44
Aarif Sheikh (NEPAL),2018-2019,2018,2019,1,11,10,2,194,39*,39,1,24.25,181,107.18,0,0,0,18,4, 17.64 ,0.00,0.00,57.42
Fawad Alam (PAK),2007-2010,2007,2010,3,24,17,6,194,28,28,0,17.63,169,114.79,0,0,1,7,7, 8.08 ,0.00,0.00,56.49
Asad Shafiq (PAK),2010-2012,2010,2012,2,10,10,0,192,38,38,0,19.2,185,103.78,0,0,0,19,2, 19.20 ,0.00,0.00,53.03
S Davizi (CZK-R),2019-2019,2019,2019,0,2,2,0,192,101,101,0,96,133,144.36,1,1,0,14,10, 96.00 ,50.00,50.00,115.34
Mukhtar Ahmed (PAK),2015-2015,2015,2015,0,6,6,0,192,83,83,0,32,134,143.28,0,2,0,23,5, 32.00 ,0.00,33.33,76.51
R Rohan (SGP),2019-2019,2019,2019,0,10,10,0,191,49,49,0,19.1,156,122.43,0,0,1,23,6, 19.10 ,0.00,0.00,60.43
Ahmed Hassan (Mald),2019-2019,2019,2019,0,11,10,0,189,53,53,0,18.9,192,98.43,0,1,0,18,2, 17.18 ,0.00,9.09,50.71
SR Patel (ENG),2011-2013,2011,2013,2,18,14,2,189,67,67,0,15.75,173,109.24,0,1,2,17,5, 10.50 ,0.00,5.56,53.15
IR Bell (ENG),2006-2014,2006,2014,8,8,8,1,188,60*,60,1,26.85,163,115.33,0,1,0,23,2, 23.50 ,0.00,12.50,62.24
CD McMillan (NZ),2005-2007,2005,2007,2,8,7,1,187,57,57,0,31.16,117,159.82,0,1,0,8,14, 23.38 ,0.00,12.50,82.62
SP Patil (UAE),2014-2016,2014,2016,2,18,13,0,187,37,37,0,14.38,218,85.77,0,0,3,16,4, 10.39 ,0.00,0.00,42.94
JDS Neesham (NZ),2012-2019,2012,2019,7,18,15,4,185,42,42,0,16.81,131,141.22,0,0,1,19,8, 10.28 ,0.00,0.00,66.57
Umar Adam (Mald),2019-2019,2019,2019,0,11,10,1,185,53,53,0,20.55,149,124.16,0,1,1,19,6, 16.82 ,0.00,9.09,61.99
BJ Hodge (AUS),2007-2014,2007,2014,7,15,11,4,183,36,36,0,26.14,144,127.08,0,0,0,9,7, 12.20 ,0.00,0.00,66.52
XM Marshall (USA/WI),2008-2019,2008,2019,11,13,13,0,183,36,36,0,14.07,185,98.91,0,0,2,13,6, 14.08 ,0.00,0.00,48.01
Mosaddek Hossain (BDESH),2016-2019,2016,2019,3,14,13,4,183,34*,34,1,20.33,173,105.78,0,0,1,10,5, 13.07 ,0.00,0.00,54.51
Mohammad Rizwan (PAK),2015-2019,2015,2019,4,16,13,2,180,33*,33,1,16.36,184,97.82,0,0,1,14,2, 11.25 ,0.00,0.00,48.94
C Tommy (VAN),2019-2019,2019,2019,0,12,11,0,180,47,47,0,16.36,191,94.24,0,0,2,6,8, 15.00 ,0.00,0.00,47.51
CAJ Meschede (GER),2019-2019,2019,2019,0,5,5,1,179,67,67,0,44.75,115,155.65,0,1,1,9,14, 35.80 ,0.00,20.00,89.11
Nazimuddin (BDESH),2007-2008,2007,2008,1,7,7,0,178,81,81,0,25.42,158,112.65,0,1,2,13,10, 25.43 ,0.00,14.29,60.31
Kaleem Shah (Moz),2019-2019,2019,2019,0,7,7,1,176,72*,72,1,29.33,170,103.52,0,1,1,21,4, 25.14 ,0.00,14.29,59.01
Mohammad Naveed (UAE),2015-2019,2015,2019,4,31,24,10,176,27*,27,1,12.57,147,119.72,0,0,3,17,8, 5.68 ,0.00,0.00,55.43
MR Marsh (AUS),2011-2018,2011,2018,7,11,11,3,175,36,36,0,21.87,151,115.89,0,0,0,7,9, 15.91 ,0.00,0.00,59.48
LPC Silva (SL),2006-2011,2006,2011,5,16,15,2,175,38,38,0,13.46,177,98.87,0,0,0,19,3, 10.94 ,0.00,0.00,47.62
NN Odhiambo (KENYA),2007-2013,2007,2013,6,24,20,2,174,41,41,0,9.66,177,98.3,0,0,3,17,4, 7.25 ,0.00,0.00,45.12
L Vincent (NZ),2006-2007,2006,2007,1,9,9,0,174,42,42,0,19.33,174,100,0,0,1,17,3, 19.33 ,0.00,0.00,51.60
Karan KC (NEPAL),2015-2019,2015,2019,4,25,16,5,173,40*,40,1,15.72,126,137.3,0,0,2,9,12, 6.92 ,0.00,0.00,64.35
Nouman Sarwar (QAT),2019-2019,2019,2019,0,14,9,6,172,47*,47,1,57.33,128,134.37,0,0,1,16,6, 12.29 ,0.00,0.00,88.15
IK Pathan (INDIA),2006-2012,2006,2012,6,24,14,7,172,33*,33,1,24.57,144,119.44,0,0,0,9,7, 7.17 ,0.00,0.00,62.52
HAM Shah (DEN),2019-2019,2019,2019,0,9,8,0,172,40,40,0,21.5,168,102.38,0,0,0,18,2, 19.11 ,0.00,0.00,53.85
GD Elliott (NZ/World),2009-2017,2009,2017,8,17,15,4,171,27,27,0,15.54,157,108.91,0,0,0,12,2, 10.06 ,0.00,0.00,52.89
Simi Singh (IRE),2018-2019,2018,2019,1,18,17,2,169,57*,57,1,11.26,144,117.36,0,1,5,12,6, 9.39 ,0.00,5.56,53.70
M Vijay (INDIA),2010-2015,2010,2015,5,9,9,0,169,48,48,0,18.77,154,109.74,0,0,1,13,8, 18.78 ,0.00,0.00,55.16
ME Trescothick (ENG),2005-2006,2005,2006,1,3,3,0,166,72,72,0,55.33,131,126.71,0,2,0,23,1, 55.33 ,0.00,66.67,83.88
DJ Willey (ENG),2015-2019,2015,2019,4,28,19,7,166,29*,29,1,13.83,126,131.74,0,0,1,8,10, 5.93 ,0.00,0.00,60.99
Umar Gul (PAK),2007-2016,2007,2016,9,60,27,9,165,32,32,0,9.16,156,105.76,0,0,6,11,10, 2.75 ,0.00,0.00,47.80
Tarun Sharma (Mex),2019-2019,2019,2019,0,8,8,1,164,49*,49,1,23.42,160,102.5,0,0,1,12,6, 20.50 ,0.00,0.00,55.05
TN de Grooth (NL),2008-2013,2008,2013,5,15,13,5,163,49,49,0,20.37,155,105.16,0,0,0,16,1, 10.87 ,0.00,0.00,54.29
RA Jadeja (INDIA),2009-2019,2009,2019,10,46,22,8,163,25,25,0,11.64,165,98.78,0,0,2,7,4, 3.54 ,0.00,0.00,46.50
TWM Latham (NZ),2012-2017,2012,2017,5,13,10,0,163,39,39,0,16.3,157,103.82,0,0,0,12,2, 12.54 ,0.00,0.00,51.31
PD Hennessy (ESP),2019-2019,2019,2019,0,8,7,0,162,71,71,0,23.14,132,122.72,0,1,1,11,7, 20.25 ,0.00,12.50,62.97
H Davids (SA),2012-2013,2012,2013,1,9,9,0,161,68,68,0,17.88,134,120.14,0,2,2,18,4, 17.89 ,0.00,22.22,58.78
NMS Param (SGP),2019-2019,2019,2019,0,8,7,2,160,72*,72,1,32,118,135.59,0,1,0,12,6, 20.00 ,0.00,12.50,73.44
RW Chakabva (ZIM),2008-2019,2008,2019,11,12,12,1,159,48,48,0,14.45,134,118.65,0,0,4,12,7, 13.25 ,0.00,0.00,56.13
JP Faulkner (AUS),2012-2017,2012,2017,5,24,18,7,159,41*,41,1,14.45,138,115.21,0,0,0,7,5, 6.63 ,0.00,0.00,54.75
MC Henriques (AUS),2009-2017,2009,2017,8,11,8,3,159,62*,62,1,31.8,122,130.32,0,2,0,8,7, 14.45 ,0.00,18.18,71.21
Junaid Siddique (BDESH),2007-2012,2007,2012,5,7,7,0,159,71,71,0,22.71,108,147.22,0,1,1,16,7, 22.71 ,0.00,14.29,72.51
A Mansale (VAN),2019-2019,2019,2019,0,14,14,0,159,38,38,0,11.35,151,105.29,0,0,4,14,5, 11.36 ,0.00,0.00,48.93
Mohamed Arief (MAL),2019-2019,2019,2019,0,5,5,1,159,52*,52,1,39.75,114,139.47,0,1,0,18,4, 31.80 ,0.00,20.00,79.64
RR Watson (SCOT),2007-2010,2007,2010,3,10,9,0,159,54,54,0,17.66,141,112.76,0,1,1,22,1, 15.90 ,0.00,10.00,55.70
JL Ontong (SA),2008-2015,2008,2015,7,14,10,0,158,48,48,0,15.8,109,144.95,0,0,1,6,11, 11.29 ,0.00,0.00,67.46
Mudassar Bukhari (NL),2008-2016,2008,2016,8,38,26,8,157,28*,28,1,8.72,152,103.28,0,0,1,10,4, 4.13 ,0.00,0.00,46.54
HL Carlyon (JER),2019-2019,2019,2019,0,9,8,0,156,50,50,0,19.5,131,119.08,0,1,1,21,3, 17.33 ,0.00,11.11,59.33
H Klaasen (SA),2018-2019,2018,2019,1,9,9,2,156,69,69,0,22.28,107,145.79,0,1,0,8,11, 17.33 ,0.00,11.11,71.68
SP Narine (WI),2012-2019,2012,2019,7,51,23,8,155,30,30,0,10.33,138,112.31,0,0,2,13,5, 3.04 ,0.00,0.00,51.12
NA Greenwood (JER),2019-2019,2019,2019,0,8,8,0,154,43,43,0,19.25,128,120.31,0,0,1,15,2, 19.25 ,0.00,0.00,59.67
MR Adair (IRE),2019-2019,2019,2019,0,17,14,4,152,38,38,0,15.2,118,128.81,0,0,1,8,7, 8.94 ,0.00,0.00,60.64
NG Collins (Fin),2019-2019,2019,2019,0,5,5,0,151,56,56,0,30.2,164,92.07,0,2,0,10,0, 30.20 ,0.00,40.00,54.95
HD Rutherford (NZ),2013-2019,2013,2019,6,8,7,0,151,62,62,0,21.57,105,143.8,0,1,1,12,9, 18.88 ,0.00,12.50,70.46
NM Coulter-Nile (AUS),2013-2019,2013,2019,6,28,15,4,150,34,34,0,13.63,120,125,0,0,3,10,10, 5.36 ,0.00,0.00,58.18
Iftikhar Ahmed (PAK),2016-2019,2016,2019,3,6,6,4,150,62*,62,1,75,104,144.23,0,1,0,14,4, 25.00 ,0.00,16.67,102.69
Rashid Khan (AFG/ICC),2015-2019,2015,2019,4,45,22,11,149,33,33,0,13.54,124,120.16,0,0,4,9,9, 3.31 ,0.00,0.00,56.19
VB Chikkannaiah (GER),2019-2019,2019,2019,0,7,7,1,148,70*,70,1,24.66,167,88.62,0,1,0,10,2, 21.14 ,0.00,14.29,50.24
WIA Fernando (SL),2019-2019,2019,2019,0,10,10,0,148,37,37,0,14.8,156,94.87,0,0,1,9,3, 14.80 ,0.00,0.00,46.83
O Bascome (BMUDA),2019-2019,2019,2019,0,11,11,0,147,37,37,0,13.36,147,100,0,0,1,12,8, 13.36 ,0.00,0.00,48.02
CD Wallace (SCOT),2012-2019,2012,2019,7,19,14,6,146,27,27,0,18.25,122,119.67,0,0,1,14,2, 7.68 ,0.00,0.00,58.82
Karim Janat (AFG),2016-2019,2016,2019,3,21,13,2,145,26,26,0,13.18,140,103.57,0,0,2,11,6, 6.90 ,0.00,0.00,49.34
Wahab Riaz (PAK),2008-2019,2008,2019,11,31,17,6,145,30*,30,1,13.18,118,122.88,0,0,2,10,6, 4.68 ,0.00,0.00,57.06
M Klinger (AUS),2017-2017,2017,2017,0,3,3,0,143,62,62,0,47.66,112,127.67,0,1,0,12,2, 47.67 ,0.00,33.33,79.66
Mohammad Naim (BDESH),2019-2019,2019,2019,0,3,3,0,143,81,81,0,47.66,107,133.64,0,1,0,17,3, 47.67 ,0.00,33.33,82.05
Ehsan Khan (HKG),2016-2019,2016,2019,3,15,10,6,142,42*,42,1,35.5,128,110.93,0,0,0,9,7, 9.47 ,0.00,0.00,65.67
KMA Paul (WI),2018-2019,2018,2019,1,18,12,5,142,29,29,0,20.28,123,115.44,0,0,0,8,8, 7.89 ,0.00,0.00,58.34
Umar Amin (PAK),2013-2018,2013,2018,5,14,9,0,142,47,47,0,15.77,123,115.44,0,0,3,15,4, 10.14 ,0.00,0.00,55.64
Faran Afzal (ESP),2019-2019,2019,2019,0,9,8,1,141,59*,59,1,20.14,140,100.71,0,1,0,11,6, 15.67 ,0.00,11.11,52.37
Sarfaraz Ali (BAH),2019-2019,2019,2019,0,4,4,0,141,59,59,0,35.25,87,162.06,0,1,0,17,8, 35.25 ,0.00,25.00,85.97
S Periyalwar (ROM),2019-2019,2019,2019,0,4,4,2,140,105*,105,1,70,91,153.84,1,0,1,15,6, 35.00 ,25.00,0.00,103.54
GD Phillips (NZ),2017-2018,2017,2018,1,11,10,1,140,56,56,0,15.55,140,100,0,1,0,9,5, 12.73 ,0.00,9.09,49.33
S Pokhriyal (CZK-R),2019-2019,2019,2019,0,5,4,0,140,79,79,0,35,131,106.87,0,1,0,23,2, 28.00 ,0.00,20.00,63.75
Riazat Ali Shah (UGA),2019-2019,2019,2019,0,4,4,2,140,53*,53,1,70,108,129.62,0,1,0,8,8, 35.00 ,0.00,25.00,93.85
AC Voges (AUS),2007-2013,2007,2013,6,7,5,2,139,51,51,0,46.33,114,121.92,0,1,0,8,2, 19.86 ,0.00,14.29,76.57
AC Douglas (BMUDA),2019-2019,2019,2019,0,10,9,1,138,47*,47,1,17.25,131,105.34,0,0,0,10,8, 13.80 ,0.00,0.00,52.49
LB Ferbrache (GUE),2019-2019,2019,2019,0,9,8,0,138,55,55,0,17.25,142,97.18,0,1,0,6,3, 15.33 ,0.00,11.11,49.22
IJL Trott (ENG),2007-2010,2007,2010,3,7,7,1,138,51,51,0,23,144,95.83,0,1,0,9,3, 19.71 ,0.00,14.29,52.13
KD Mills (NZ),2005-2014,2005,2014,9,42,19,7,137,33*,33,1,11.41,123,111.38,0,0,4,11,5, 3.26 ,0.00,0.00,51.40
HH Patel (MWI),2019-2019,2019,2019,0,7,6,1,137,44*,44,1,27.4,104,131.73,0,0,0,17,3, 19.57 ,0.00,0.00,69.13
R Tari (VAN),2019-2019,2019,2019,0,14,14,5,137,28,28,0,15.22,117,117.09,0,0,2,6,5, 9.79 ,0.00,0.00,55.97
DF Watts (SCOT),2007-2012,2007,2012,5,11,9,0,137,46,46,0,15.22,127,107.87,0,0,2,13,3, 12.45 ,0.00,0.00,52.28
AR White (IRE),2008-2012,2008,2012,4,18,12,6,137,29,29,0,22.83,128,107.03,0,0,0,12,2, 7.61 ,0.00,0.00,56.51
Yusuf Ebrahim (PNM),2019-2019,2019,2019,0,3,3,1,137,72,72,0,68.5,97,141.23,0,1,0,14,5, 45.67 ,0.00,33.33,97.59
MP Stoinis (AUS),2015-2019,2015,2019,4,19,14,5,136,33*,33,1,15.11,117,116.23,0,0,1,14,2, 7.16 ,0.00,0.00,55.56
Faisal Khan (Saudi),2019-2019,2019,2019,0,4,4,1,134,83*,83,1,44.66,56,239.28,0,1,1,13,10, 33.50 ,0.00,25.00,122.51
N Pathan (THAI),2019-2019,2019,2019,0,4,4,1,134,54*,54,1,44.66,106,126.41,0,1,0,8,7, 33.50 ,0.00,25.00,77.36
Faheem Ashraf (PAK),2017-2019,2017,2019,2,27,18,6,133,21,21,0,11.08,110,120.9,0,0,4,7,8, 4.93 ,0.00,0.00,55.01
CH Morris (SA),2012-2019,2012,2019,7,23,13,4,133,55*,55,1,14.77,102,130.39,0,1,3,12,5, 5.78 ,0.00,4.35,61.02
Awais Ahmed (ESP),2019-2019,2019,2019,0,9,4,2,131,102*,102,1,65.5,101,129.7,1,0,0,6,6, 14.56 ,11.11,0.00,91.18
GEF Barnett (CAN),2008-2010,2008,2010,2,5,5,1,131,36,36,0,32.75,136,96.32,0,0,0,16,0, 26.20 ,0.00,0.00,58.18
PBB Rajapaksa (SL),2019-2019,2019,2019,0,5,5,1,131,77,77,0,32.75,95,137.89,0,1,0,7,9, 26.20 ,0.00,20.00,74.81
AC Botha (IRE),2008-2010,2008,2010,2,14,11,1,130,38,38,0,13,141,92.19,0,0,2,12,1, 9.29 ,0.00,0.00,44.68
DDP D'Silva (UAE),2019-2019,2019,2019,0,10,8,4,130,29,29,0,32.5,146,89.04,0,0,1,9,0, 13.00 ,0.00,0.00,55.12
SS McKechnie (HKG),2019-2019,2019,2019,0,10,10,3,130,44,44,0,18.57,137,94.89,0,0,1,9,1, 13.00 ,0.00,0.00,49.10
Naeem Islam (BDESH),2008-2013,2008,2013,5,10,10,1,130,28,28,0,14.44,114,114.03,0,0,0,8,7, 13.00 ,0.00,0.00,54.28
CT Mutombodzi (ZIM),2013-2019,2013,2019,6,13,12,3,129,32,32,0,14.33,133,96.99,0,0,2,9,2, 9.92 ,0.00,0.00,47.39
SL Malinga (SL),2006-2019,2006,2019,13,79,30,12,128,27,27,0,7.11,153,83.66,0,0,6,9,4, 1.62 ,0.00,0.00,37.73
Mirwais Ashraf (AFG),2010-2016,2010,2016,6,25,19,8,128,28*,28,1,11.63,115,111.3,0,0,2,5,8, 5.12 ,0.00,0.00,51.50
HR Walsh (USA/WI),2019-2019,2019,2019,0,13,9,1,128,28,28,0,16,129,99.22,0,0,0,8,3, 9.85 ,0.00,0.00,49.29
CK Coventry (ZIM),2010-2015,2010,2015,5,13,12,2,127,30,30,0,12.7,90,141.11,0,0,2,14,6, 9.77 ,0.00,0.00,64.06
PG Fulton (NZ),2006-2012,2006,2012,6,12,12,1,127,25,25,0,11.54,140,90.71,0,0,2,7,6, 10.58 ,0.00,0.00,43.21
MA Ouma (KENYA),2007-2013,2007,2013,6,22,19,1,127,19,19,0,7.05,160,79.37,0,0,3,15,1, 5.77 ,0.00,0.00,35.98
MJ Prior (ENG),2007-2010,2007,2010,3,10,8,2,127,32,32,0,21.16,100,127,0,0,1,11,5, 12.70 ,0.00,0.00,63.50
MWR Stokes (GUE),2019-2019,2019,2019,0,9,7,0,127,29,29,0,18.14,152,83.55,0,0,0,10,0, 14.11 ,0.00,0.00,44.30
Najjam Shahzad (PORT),2019-2019,2019,2019,0,4,3,2,126,53*,53,1,126,97,129.89,0,1,0,4,10, 31.50 ,0.00,25.00,127.56
AJ Redmond (NZ),2009-2010,2009,2010,1,7,6,0,126,63,63,0,21,84,150,0,1,0,19,2, 18.00 ,0.00,14.29,72.60
JT Smuts (SA),2017-2018,2017,2018,1,8,8,0,126,45,45,0,15.75,114,110.52,0,0,1,14,5, 15.75 ,0.00,0.00,53.66
AT Carey (AUS),2018-2019,2018,2019,1,25,13,4,125,37*,37,1,13.88,101,123.76,0,0,0,10,4, 5.00 ,0.00,0.00,57.83
Amir Mangal (GER),2019-2019,2019,2019,0,9,9,3,124,40,40,0,20.66,78,158.97,0,0,0,10,8, 13.78 ,0.00,0.00,75.98
Mohammed Asghar (KUW),2019-2019,2019,2019,0,4,4,0,124,45,45,0,31,91,136.26,0,0,0,13,5, 31.00 ,0.00,0.00,73.10
S Muniandy (MAL),2019-2019,2019,2019,0,15,13,4,124,27,27,0,13.77,103,120.38,0,0,2,7,7, 8.27 ,0.00,0.00,56.41
BA Pai (GIBR),2019-2019,2019,2019,0,4,4,0,124,52,52,0,31,141,87.94,0,1,0,6,1, 31.00 ,0.00,25.00,53.78
RJ Peterson (SA),2006-2014,2006,2014,8,21,12,4,124,34,34,0,15.5,113,109.73,0,0,1,13,2, 5.90 ,0.00,0.00,53.19
R Ashwin (INDIA),2010-2017,2010,2017,7,46,11,7,123,31*,31,1,30.75,115,106.95,0,0,0,14,1, 2.67 ,0.00,0.00,61.23
AD Mascarenhas (ENG),2007-2009,2007,2009,2,14,13,5,123,31,31,0,15.37,100,123,0,0,3,8,5, 8.79 ,0.00,0.00,58.42
SM Sharif (SCOT),2012-2019,2012,2019,7,42,18,9,123,26,26,0,13.66,100,123,0,0,2,8,3, 2.93 ,0.00,0.00,57.40
AW Hawkins-Kay (JER),2019-2019,2019,2019,0,16,13,5,122,27*,27,1,15.25,136,89.7,0,0,1,8,0, 7.63 ,0.00,0.00,45.03
KM Jadhav (INDIA),2015-2017,2015,2017,2,9,6,0,122,58,58,0,20.33,99,123.23,0,1,0,12,3, 13.56 ,0.00,11.11,61.49
Muhamad Syahadat (MAL),2019-2019,2019,2019,0,10,9,3,122,41*,41,1,20.33,102,119.6,0,0,0,9,6, 12.20 ,0.00,0.00,60.04
CN Onwuzulike (NGA),2019-2019,2019,2019,0,9,9,1,122,46*,46,1,15.25,126,96.82,0,0,2,5,5, 13.56 ,0.00,0.00,47.88
Shadab Khan (PAK),2017-2019,2017,2019,2,38,14,5,122,29,29,0,13.55,96,127.08,0,0,2,6,6, 3.21 ,0.00,0.00,58.96
DAJ Bracewell (NZ),2011-2019,2011,2019,8,18,10,5,121,44,44,0,24.2,83,145.78,0,0,2,6,9, 6.72 ,0.00,0.00,72.83
KH Pandya (INDIA),2018-2019,2018,2019,1,18,9,4,121,26*,26,1,24.2,92,131.52,0,0,0,8,6, 6.72 ,0.00,0.00,67.13
DR Martyn (AUS),2005-2006,2005,2006,1,4,4,0,120,96,96,0,30,74,162.16,0,1,0,11,5, 30.00 ,0.00,25.00,82.86
Imrul Kayes (BDESH),2010-2017,2010,2017,7,14,13,0,119,36,36,0,9.15,134,88.8,0,0,4,14,3, 8.50 ,0.00,0.00,41.01
AA Onikoyi (NGA),2019-2019,2019,2019,0,9,8,0,119,49,49,0,14.87,144,82.63,0,0,1,8,4, 13.22 ,0.00,0.00,41.97
SCJ Broad (ENG),2006-2014,2006,2014,8,56,26,10,118,18*,18,1,7.37,118,100,0,0,2,7,3, 2.11 ,0.00,0.00,44.42
Sajid Cheema (Saudi),2019-2019,2019,2019,0,5,5,0,118,47,47,0,23.6,97,121.64,0,0,0,12,5, 23.60 ,0.00,0.00,62.82
JE Taylor (WI),2006-2018,2006,2018,12,30,15,6,118,21,21,0,13.11,92,128.26,0,0,1,10,6, 3.93 ,0.00,0.00,59.17
Mehran Khan (OMAN),2015-2019,2015,2019,4,19,13,2,117,29,29,0,10.63,106,110.37,0,0,1,7,5, 6.16 ,0.00,0.00,50.53
Mohammad Mithun (BDESH),2014-2019,2014,2019,5,14,10,0,117,47,47,0,11.7,125,93.6,0,0,2,9,4, 8.36 ,0.00,0.00,44.46
Naseem Khushi (OMAN),2017-2019,2017,2019,2,10,8,2,117,29,29,0,19.5,77,151.94,0,0,2,6,8, 11.70 ,0.00,0.00,72.48
H Singh (GER),2019-2019,2019,2019,0,7,6,3,117,44*,44,1,39,102,114.7,0,0,0,6,3, 16.71 ,0.00,0.00,69.28
Ziaur Rahman (BDESH),2012-2014,2012,2014,2,14,12,3,117,40*,40,1,13,91,128.57,0,0,3,3,10, 8.36 ,0.00,0.00,59.23
Aritra Dutta (SGP),2019-2019,2019,2019,0,8,8,0,116,33,33,0,14.5,114,101.75,0,0,0,8,5, 14.50 ,0.00,0.00,49.40
Shahzaib Hasan (PAK),2009-2010,2009,2010,1,10,10,0,116,35,35,0,11.6,130,89.23,0,0,3,13,3, 11.60 ,0.00,0.00,42.65
K Motlhanka (Botsw),2019-2019,2019,2019,0,7,7,0,115,59,59,0,16.42,123,93.49,0,1,0,11,2, 16.43 ,0.00,14.29,47.25
Sami Sohail (MWI),2019-2019,2019,2019,0,7,5,4,115,33*,33,1,115,97,118.55,0,0,0,10,2, 16.43 ,0.00,0.00,116.42
K Dasan (),2019-2019,2019,2019,0,3,3,0,114,74,74,0,38,108,105.55,0,1,0,10,2, 38.00 ,0.00,33.33,65.02
S Kaveri (Mex),2019-2019,2019,2019,0,7,6,1,114,43,43,0,22.8,146,78.08,0,0,0,9,1, 16.29 ,0.00,0.00,44.91
WD Parnell (SA),2009-2017,2009,2017,8,40,13,9,114,29*,29,1,28.5,96,118.75,0,0,0,10,3, 2.85 ,0.00,0.00,64.60
Chirag Suri (UAE),2018-2019,2018,2019,1,7,7,1,113,44*,44,1,18.83,121,93.38,0,0,0,10,2, 16.14 ,0.00,0.00,48.65
DL Maddy (ENG),2007-2007,2007,2007,0,4,4,0,113,50,50,0,28.25,80,141.25,0,1,0,12,3, 28.25 ,0.00,25.00,73.45
M Abdulla (MWI),2019-2019,2019,2019,0,5,5,2,112,42*,42,1,37.33,100,112,0,0,0,11,2, 22.40 ,0.00,0.00,67.20
Fiaz Ahmed (BAH),2019-2019,2019,2019,0,4,4,2,112,62*,62,1,56,72,155.55,0,1,1,6,8, 28.00 ,0.00,25.00,95.82
SP Khakurel (NEPAL),2014-2015,2014,2015,1,8,8,0,112,56,56,0,14,139,80.57,0,1,0,10,1, 14.00 ,0.00,12.50,40.63
JS Malhotra (USA),2019-2019,2019,2019,0,6,6,0,112,38,38,0,18.66,104,107.69,0,0,0,12,2, 18.67 ,0.00,0.00,54.27
Mohammad Boota (UAE),2019-2019,2019,2019,0,16,12,4,112,20*,20,1,14,100,112,0,0,1,7,5, 7.00 ,0.00,0.00,53.20
Mudassar Muhammad (GER),2019-2019,2019,2019,0,7,7,0,112,30,30,0,16,135,82.96,0,0,0,5,3, 16.00 ,0.00,0.00,42.78
AP Devcich (NZ),2013-2014,2013,2014,1,4,4,0,111,59,59,0,27.75,79,140.5,0,1,0,17,2, 27.75 ,0.00,25.00,72.85
JO Holder (WI),2014-2019,2014,2019,5,17,11,2,111,26*,26,1,12.33,84,132.14,0,0,2,10,4, 6.53 ,0.00,0.00,60.25
Imran Ali Butt (BAH),2019-2019,2019,2019,0,4,4,0,111,58,58,0,27.75,101,109.9,0,2,2,5,6, 27.75 ,0.00,50.00,60.61
JNK Shannon (IRE),2013-2018,2013,2018,5,8,8,0,111,60,60,0,13.87,84,132.14,0,1,1,12,5, 13.88 ,0.00,12.50,61.18
SP Fleming (NZ),2005-2006,2005,2006,1,5,5,0,110,38,38,0,22,85,129.41,0,0,0,20,0, 22.00 ,0.00,0.00,64.96
A Lark (Aut),2019-2019,2019,2019,0,5,4,0,110,43,43,0,27.5,121,90.9,0,0,1,15,0, 22.00 ,0.00,0.00,52.86
Anwar Ali (PAK),2008-2016,2008,2016,8,16,11,4,109,46,46,0,15.57,77,141.55,0,0,0,6,6, 6.81 ,0.00,0.00,65.96
MG Johnson (AUS),2007-2013,2007,2013,6,30,17,7,109,28*,28,1,10.9,95,114.73,0,0,2,8,3, 3.63 ,0.00,0.00,52.43
T van der Gugten (NL),2012-2019,2012,2019,7,39,11,4,109,40*,40,1,15.57,81,134.56,0,0,1,4,6, 2.79 ,0.00,0.00,63.17
Harbhajan Singh (INDIA),2006-2016,2006,2016,10,28,13,5,108,21,21,0,13.5,87,124.13,0,0,1,11,4, 3.86 ,0.00,0.00,57.75
Mohammad Saifuddin (BDESH),2017-2019,2017,2019,2,13,9,3,108,39*,39,1,18,95,113.68,0,0,0,9,3, 8.31 ,0.00,0.00,56.27
B Zuiderent (NL),2009-2010,2009,2010,1,6,6,1,108,43*,43,1,21.6,124,87.09,0,0,0,8,1, 18.00 ,0.00,0.00,47.80
OGL Bascome (BMUDA),2019-2019,2019,2019,0,11,11,1,107,22,22,0,10.7,117,91.45,0,0,0,12,3, 9.73 ,0.00,0.00,43.00
SO Ngoche (KENYA),2010-2019,2010,2019,9,28,18,5,107,38,38,0,8.23,118,90.67,0,0,2,5,4, 3.82 ,0.00,0.00,41.21
GJ Thompson (IRE),2016-2019,2016,2019,3,10,8,1,107,44,44,0,15.28,108,99.07,0,0,2,14,1, 10.70 ,0.00,0.00,48.80
V Vijh (LUX),2019-2019,2019,2019,0,4,4,2,107,64*,64,1,53.5,119,89.91,0,1,0,13,1, 26.75 ,0.00,25.00,68.06
K Doriga (PNG),2019-2019,2019,2019,0,17,11,1,106,43*,43,1,10.6,103,102.91,0,0,0,3,3, 6.24 ,0.00,0.00,47.52
NA Maiolo (ITA),2019-2019,2019,2019,0,8,7,1,106,39*,39,1,17.66,104,101.92,0,0,0,11,2, 13.25 ,0.00,0.00,51.36
MD Dai (PNG),2015-2017,2015,2017,2,9,8,0,105,31,31,0,13.12,128,82.03,0,0,0,4,0, 11.67 ,0.00,0.00,40.68
OJ Hairs (SCOT),2019-2019,2019,2019,0,8,8,1,105,26,26,0,15,64,164.06,0,0,2,4,10, 13.13 ,0.00,0.00,74.62
JR Hopes (AUS),2005-2010,2005,2010,5,12,7,2,105,30,30,0,21,98,107.14,0,0,0,7,1, 8.75 ,0.00,0.00,55.46
ND Laegsgaard (DEN),2019-2019,2019,2019,0,9,8,1,105,39,39,0,15,96,109.37,0,0,0,11,2, 11.67 ,0.00,0.00,52.75
M Mosehle (SA),2017-2017,2017,2017,0,7,6,1,105,36,36,0,21,65,161.53,0,0,0,6,9, 15.00 ,0.00,0.00,77.21
Meet Bhavsar (KUW),2019-2019,2019,2019,0,9,7,1,104,38,38,0,17.33,88,118.18,0,0,0,10,1, 11.56 ,0.00,0.00,57.67
LA Dunbar (Serb),2019-2019,2019,2019,0,2,2,1,104,104*,104,1,104,62,167.74,1,0,1,5,10, 52.00 ,50.00,0.00,129.50
Sultan Ahmed (OMAN),2015-2017,2015,2017,2,17,12,3,104,37*,37,1,11.55,83,125.3,0,0,3,14,0, 6.12 ,0.00,0.00,57.05
GP Swann (ENG),2008-2012,2008,2012,4,39,16,11,104,34,34,0,20.8,89,116.85,0,0,2,9,1, 2.67 ,0.00,0.00,59.22
SM Davies (ENG),2009-2011,2009,2011,2,5,5,0,102,33,33,0,20.4,82,124.39,0,0,0,12,0, 20.40 ,0.00,0.00,62.00
Rehman Abdul (ITA),2019-2019,2019,2019,0,7,5,3,102,37*,37,1,51,103,99.02,0,0,0,7,3, 14.57 ,0.00,0.00,70.21
Suraj Kumar (OMAN),2019-2019,2019,2019,0,13,9,2,102,42*,42,1,14.57,89,114.6,0,0,0,9,3, 7.85 ,0.00,0.00,54.58
LJ Tucker (IRE),2016-2019,2016,2019,3,14,11,1,102,22*,22,1,10.2,99,103.03,0,0,1,10,1, 7.29 ,0.00,0.00,47.33
Ammad Uddin (BAH),2019-2019,2019,2019,0,4,4,1,101,40*,40,1,33.66,53,190.56,0,0,0,11,5, 25.25 ,0.00,0.00,96.42
MNR Cooray (Mald),2019-2019,2019,2019,0,4,3,1,101,56*,56,1,50.5,77,131.16,0,1,0,12,3, 25.25 ,0.00,25.00,82.76
S Jora (NEPAL),2019-2019,2019,2019,0,6,6,1,101,53*,53,1,20.2,83,121.68,0,1,1,5,4, 16.83 ,0.00,16.67,60.79
AV Lalcheta (OMAN),2015-2019,2015,2019,4,17,10,2,101,20,20,0,12.62,82,123.17,0,0,0,9,4, 5.94 ,0.00,0.00,56.84
B Lee (AUS),2005-2012,2005,2012,7,25,12,6,101,43*,43,1,16.83,71,142.25,0,0,2,9,4, 4.04 ,0.00,0.00,67.00
Mohammed Nurji (MWI),2019-2019,2019,2019,0,6,5,3,101,36,36,0,50.5,59,171.18,0,0,0,8,6, 16.83 ,0.00,0.00,98.77
T Perera (Botsw),2019-2019,2019,2019,0,6,6,0,101,30,30,0,16.83,127,79.52,0,0,0,16,0, 16.83 ,0.00,0.00,41.91
V Shankar (INDIA),2018-2019,2018,2019,1,9,4,0,101,43,43,0,25.25,73,138.35,0,0,0,11,5, 11.22 ,0.00,0.00,70.49
S Dhaniram (CAN),2008-2010,2008,2010,2,11,9,0,100,26,26,0,11.11,123,81.3,0,0,0,6,2, 9.09 ,0.00,0.00,39.19
Hamza Tariq (CAN),2013-2019,2013,2019,6,15,11,1,100,33,33,0,10,82,121.95,0,0,2,4,5, 6.67 ,0.00,0.00,54.78
T Maruma (ZIM),2008-2019,2008,2019,11,13,13,4,100,23*,23,1,11.11,109,91.74,0,0,1,6,4, 7.69 ,0.00,0.00,43.36
BS Stephenson (Blz),2019-2019,2019,2019,0,3,3,0,100,48,48,0,33.33,72,138.88,0,0,0,9,7, 33.33 ,0.00,0.00,75.55
BR Dunk (AUS),2014-2017,2014,2017,3,5,5,0,99,32,32,0,19.8,69,143.47,0,0,0,8,6, 19.80 ,0.00,0.00,69.27
BFW de Leede (NL),2018-2019,2018,2019,1,8,7,1,98,33,33,0,16.33,114,85.96,0,0,0,4,2, 12.25 ,0.00,0.00,44.18
Irfan Bhima (MWI),2019-2019,2019,2019,0,4,4,0,98,52,52,0,24.5,88,111.36,0,1,2,13,2, 24.50 ,0.00,25.00,59.24
Janak Prakash (SGP),2019-2019,2019,2019,0,12,11,3,98,25*,25,1,12.25,78,125.64,0,0,2,9,3, 8.17 ,0.00,0.00,57.61
BR McDermott (AUS),2018-2019,2018,2019,1,12,10,3,98,32*,32,1,14,105,93.33,0,0,2,6,2, 8.17 ,0.00,0.00,45.73
TK Musakanda (ZIM),2018-2018,2018,2018,0,6,6,0,98,43,43,0,16.33,80,122.5,0,0,2,7,2, 16.33 ,0.00,0.00,58.80
Amir Ali (OMAN),2015-2016,2015,2016,1,10,8,3,97,32*,32,1,19.4,65,149.23,0,0,0,11,2, 9.70 ,0.00,0.00,71.33
BOP Fernando (SL),2019-2019,2019,2019,0,3,3,1,97,78*,78,1,48.5,73,132.87,0,1,0,10,3, 32.33 ,0.00,33.33,82.25
DJ Mitchell (NZ),2019-2019,2019,2019,0,9,9,3,97,30*,30,1,16.16,79,122.78,0,0,0,5,4, 10.78 ,0.00,0.00,58.81
Muhammad Kaleem (UAE),2016-2016,2016,2016,0,9,9,0,97,50,50,0,10.77,116,83.62,0,1,1,9,3, 10.78 ,0.00,11.11,39.91
Aminuddin Ramly (MAL),2019-2019,2019,2019,0,10,9,2,97,33,33,0,13.85,59,164.4,0,0,1,3,9, 9.70 ,0.00,0.00,74.07
AM Samad (CAN),2008-2010,2008,2010,2,7,6,0,97,29,29,0,16.16,88,110.22,0,0,1,8,4, 13.86 ,0.00,0.00,53.78
S Samarawickrama (SL),2017-2019,2017,2019,2,7,7,0,97,32,32,0,13.85,93,104.3,0,0,1,9,0, 13.86 ,0.00,0.00,50.03
AJ Staal (NL),2019-2019,2019,2019,0,9,8,2,97,28*,28,1,16.16,79,122.78,0,0,2,5,5, 10.78 ,0.00,0.00,58.81
GM Strydom (Caym),2019-2019,2019,2019,0,6,6,0,97,49,49,0,16.16,89,108.98,0,0,2,6,5, 16.17 ,0.00,0.00,53.29
Zaheer Ibrahim (QAT),2019-2019,2019,2019,0,13,11,3,97,27*,27,1,12.12,89,108.98,0,0,2,7,5, 7.46 ,0.00,0.00,50.86
Ahmed Raza (UAE),2014-2019,2014,2019,5,36,14,7,96,22,22,0,13.71,123,78.04,0,0,1,2,4, 2.67 ,0.00,0.00,39.44
RS Morton (WI),2006-2010,2006,2010,4,7,7,1,96,40,40,0,16,103,93.2,0,0,1,8,2, 13.71 ,0.00,0.00,46.88
Razmal Shigiwal (Aut),2019-2019,2019,2019,0,4,3,0,96,53,53,0,32,78,123.07,0,1,0,3,8, 24.00 ,0.00,25.00,68.43
ML Udawatte (SL),2008-2017,2008,2017,9,8,8,0,96,25,25,0,12,87,110.34,0,0,2,10,2, 12.00 ,0.00,0.00,51.34
MH Yardy (ENG),2006-2011,2006,2011,5,14,8,5,96,35*,35,1,32,72,133.33,0,0,3,9,1, 6.86 ,0.00,0.00,72.53
TM Odoyo (KENYA),2007-2013,2007,2013,6,11,10,0,95,22,22,0,9.5,119,79.83,0,0,1,6,2, 8.64 ,0.00,0.00,37.63
NS Poonia (SCOT),2007-2010,2007,2010,3,8,7,2,95,38*,38,1,19,108,87.96,0,0,2,3,1, 11.88 ,0.00,0.00,46.58
Shamsudheen Purat (Saudi),2019-2019,2019,2019,0,3,3,1,95,88*,88,1,47.5,53,179.24,0,1,1,8,7, 31.67 ,0.00,33.33,100.20
HJ Jordaan (THAI),2019-2019,2019,2019,0,4,4,1,94,37*,37,1,31.33,107,87.85,0,0,0,8,0, 23.50 ,0.00,0.00,53.94
Mehidy Hasan Miraz (BDESH),2017-2018,2017,2018,1,13,11,2,94,19*,19,1,10.44,80,117.5,0,0,2,7,4, 7.23 ,0.00,0.00,53.26
JH Stander (SCOT),2009-2012,2009,2012,3,11,11,2,94,45,45,0,10.44,90,104.44,0,0,3,6,4, 8.55 ,0.00,0.00,48.04
JJ Tucker (BMUDA),2019-2019,2019,2019,0,5,5,1,94,50*,50,1,23.5,97,96.9,0,1,0,11,1, 18.80 ,0.00,20.00,52.86
P Utseya (ZIM),2006-2015,2006,2015,9,35,21,9,94,13*,13,1,7.83,115,81.73,0,0,3,6,1, 2.69 ,0.00,0.00,37.39
J Cutinho (CRC),2019-2019,2019,2019,0,3,3,0,93,46,46,0,31,98,94.89,0,0,0,7,4, 31.00 ,0.00,0.00,56.56
Walid Ghauri (NOR),2019-2019,2019,2019,0,4,4,1,93,44*,44,1,31,80,116.25,0,0,0,10,2, 23.25 ,0.00,0.00,65.10
JL Denly (ENG),2009-2019,2009,2019,10,10,9,1,92,30,30,0,11.5,93,98.92,0,0,2,11,1, 9.20 ,0.00,0.00,46.47
MC Sorensen (IRE),2012-2016,2012,2016,4,26,11,6,92,26,26,0,18.4,79,116.45,0,0,1,4,3, 3.54 ,0.00,0.00,57.62
D Wiese (SA),2013-2016,2013,2016,3,20,11,4,92,28,28,0,13.14,75,122.66,0,0,1,4,3, 4.60 ,0.00,0.00,56.95
Yasir Arafat (PAK),2007-2012,2007,2012,5,13,11,4,92,17,17,0,13.14,79,116.45,0,0,0,8,2, 7.08 ,0.00,0.00,54.46
Anwar Arudin (MAL),2019-2019,2019,2019,0,12,12,0,91,32,32,0,7.58,98,92.85,0,0,3,10,2, 7.58 ,0.00,0.00,41.69
Raees Ahmadzai (AFG),2010-2010,2010,2010,0,8,6,3,91,33*,33,1,30.33,84,108.33,0,0,0,5,1, 11.38 ,0.00,0.00,61.53
Saeed Ajmal (PAK),2009-2015,2009,2015,6,64,23,12,91,21*,21,1,8.27,86,105.81,0,0,3,7,2, 1.42 ,0.00,0.00,47.29
CR Woakes (ENG),2011-2015,2011,2015,4,8,7,4,91,37,37,0,30.33,63,144.44,0,0,1,4,5, 11.38 ,0.00,0.00,75.97
GM Hamilton (SCOT),2007-2010,2007,2010,3,12,8,0,90,32,32,0,11.25,110,81.81,0,0,0,6,1, 7.50 ,0.00,0.00,39.47
JN Mohammed (WI),2017-2018,2017,2018,1,9,8,3,90,23*,23,1,18,103,87.37,0,0,1,9,1, 10.00 ,0.00,0.00,45.75
Muhammad Naeem (Saudi),2019-2019,2019,2019,0,5,4,2,90,42,42,0,45,91,98.9,0,0,1,7,1, 18.00 ,0.00,0.00,66.56
Sagar Pun (NEPAL),2014-2015,2014,2015,1,9,9,0,90,20,20,0,10,100,90,0,0,0,13,0, 10.00 ,0.00,0.00,42.00
DLS van Bunge (NL),2008-2013,2008,2013,5,14,12,4,90,24,24,0,11.25,104,86.53,0,0,2,2,3, 6.43 ,0.00,0.00,41.36
GH Worker (NZ),2015-2015,2015,2015,0,2,2,0,90,62,62,0,45,64,140.62,0,1,0,6,5, 45.00 ,0.00,50.00,83.25
S Adedeji (NGA),2019-2019,2019,2019,0,6,6,2,89,51*,51,1,22.25,114,78.07,0,1,1,5,2, 14.83 ,0.00,16.67,44.58
Mohammad Nadeem (OMAN),2015-2019,2015,2019,4,22,13,3,89,29,29,0,8.9,106,83.96,0,0,1,7,0, 4.05 ,0.00,0.00,38.92
A Otwani (UGA),2019-2019,2019,2019,0,4,4,0,89,44,44,0,22.25,78,114.1,0,0,0,13,1, 22.25 ,0.00,0.00,58.99
A Ferguson (Arg),2019-2019,2019,2019,0,5,3,1,88,51,51,0,44,100,88,0,1,0,5,1, 17.60 ,0.00,20.00,61.60
N Madziva (ZIM),2015-2019,2015,2019,4,15,10,5,88,28*,28,1,17.6,80,110,0,0,1,4,5, 5.87 ,0.00,0.00,54.56
Md Shafiqul Haque (THAI),2019-2019,2019,2019,0,4,4,0,88,38,38,0,22,62,141.93,0,0,0,5,6, 22.00 ,0.00,0.00,69.97
Zishan Shah (DEN),2019-2019,2019,2019,0,6,5,1,88,50,50,0,22,87,101.14,0,1,0,7,1, 14.67 ,0.00,16.67,53.66
PS Airee (NEPAL),2015-2019,2015,2019,4,11,11,0,87,29,29,0,7.9,93,93.54,0,0,4,10,1, 7.91 ,0.00,0.00,42.16
SC Getkate (IRE),2019-2019,2019,2019,0,14,12,2,87,24,24,0,8.7,73,119.17,0,0,1,4,4, 6.21 ,0.00,0.00,52.89
Mandeep Singh (INDIA),2016-2016,2016,2016,0,3,3,1,87,52*,52,1,43.5,73,119.17,0,1,0,11,1, 29.00 ,0.00,33.33,73.77
D Pretorius (SA),2017-2019,2017,2019,2,6,2,2,87,77*,77,1,-,49,177.55,0,1,0,7,4, 14.50 ,0.00,16.67,#VALUE!
Raza Iqbal (NOR),2019-2019,2019,2019,0,5,5,0,87,39,39,0,17.4,89,97.75,0,0,0,13,0, 17.40 ,0.00,0.00,49.54
DI Allan (KENYA),2012-2013,2012,2013,1,10,10,0,86,18,18,0,8.6,135,63.7,0,0,0,7,0, 8.60 ,0.00,0.00,30.64
AR Gandhi (KENYA),2019-2019,2019,2019,0,3,3,1,86,50,50,0,43,98,87.75,0,1,0,5,1, 28.67 ,0.00,33.33,60.90
GJ Hopkins (NZ),2007-2010,2007,2010,3,10,8,0,86,36,36,0,10.75,71,121.12,0,0,0,5,5, 8.60 ,0.00,0.00,54.90
SM Pollock (SA),2005-2008,2005,2008,3,12,9,2,86,36*,36,1,12.28,70,122.85,0,0,3,4,4, 7.17 ,0.00,0.00,56.51
Shamsur Rahman (BDESH),2013-2014,2013,2014,1,9,8,0,86,53,53,0,10.75,85,101.17,0,1,2,12,1, 9.56 ,0.00,11.11,46.92
DP Michael (Samoa),2019-2019,2019,2019,0,4,4,1,85,55*,55,1,28.33,82,103.65,0,1,1,1,6, 21.25 ,0.00,25.00,58.46
AR Nurse (WI),2011-2019,2011,2019,8,13,8,6,85,20*,20,1,42.5,71,119.71,0,0,0,7,3, 6.54 ,0.00,0.00,73.38
MD Patel (USA),2019-2019,2019,2019,0,8,8,1,85,26,26,0,12.14,88,96.59,0,0,0,6,4, 10.63 ,0.00,0.00,45.92
RML Taylor (SCOT),2013-2016,2013,2016,3,9,6,3,85,41*,41,1,28.33,58,146.55,0,0,0,6,4, 9.44 ,0.00,0.00,75.62
N Khosla (MALTA),2019-2019,2019,2019,0,4,4,0,84,27,27,0,21,95,88.42,0,0,0,3,2, 21.00 ,0.00,0.00,47.97
IO Okpe (NGA),2019-2019,2019,2019,0,8,8,0,84,19,19,0,10.5,109,77.06,0,0,0,2,2, 10.50 ,0.00,0.00,37.12
Afif Hossain (BDESH),2018-2019,2018,2019,1,8,7,0,83,52,52,0,11.85,63,131.74,0,1,2,10,1, 10.38 ,0.00,12.50,59.81
JH Davey (SCOT),2012-2019,2012,2019,7,21,10,5,83,24,24,0,16.6,63,131.74,0,0,0,5,3, 3.95 ,0.00,0.00,62.66
PF Gallagher (Fin),2019-2019,2019,2019,0,3,3,0,83,36,36,0,27.66,68,122.05,0,0,0,4,5, 27.67 ,0.00,0.00,65.42
JK Kamande (KENYA),2007-2010,2007,2010,3,12,9,0,83,42,42,0,9.22,92,90.21,0,0,2,5,3, 6.92 ,0.00,0.00,41.62
Manpreet Singh (ITA),2019-2019,2019,2019,0,8,6,0,83,36,36,0,13.83,98,84.69,0,0,0,10,1, 10.38 ,0.00,0.00,42.17
AC Agar (AUS),2016-2019,2016,2019,3,21,7,1,82,29,29,0,13.66,79,103.79,0,0,0,6,3, 3.90 ,0.00,0.00,49.71
FA Cossa (Moz),2019-2019,2019,2019,0,6,6,2,82,19*,19,1,20.5,90,91.11,0,0,0,6,4, 13.67 ,0.00,0.00,48.74
AS Hansra (CAN),2012-2013,2012,2013,1,8,8,2,82,30,30,0,13.66,85,96.47,0,0,0,4,3, 10.25 ,0.00,0.00,46.78
AK Mohan (Fin),2019-2019,2019,2019,0,5,5,0,82,41,41,0,16.4,72,113.88,0,0,1,9,1, 16.40 ,0.00,0.00,55.39
Muhammad Awais (),2019-2019,2019,2019,0,3,3,2,82,42*,42,1,82,59,138.98,0,0,0,12,1, 27.33 ,0.00,0.00,104.79
TD Paine (AUS/World),2009-2017,2009,2017,8,12,9,1,82,25,25,0,10.25,77,106.49,0,0,2,7,3, 6.83 ,0.00,0.00,48.75
Shaikh Ashraf (Peru),2019-2019,2019,2019,0,4,4,0,82,38,38,0,20.5,67,122.38,0,0,0,8,3, 20.50 ,0.00,0.00,61.25
RM Siri (Arg),2019-2019,2019,2019,0,4,4,1,82,49*,49,1,27.33,80,102.5,0,0,1,6,1, 20.50 ,0.00,0.00,57.40
Aaron Jones (USA),2019-2019,2019,2019,0,8,7,3,81,39,39,0,20.25,81,100,0,0,0,3,2, 10.13 ,0.00,0.00,52.15
MO Jones (BMUDA),2019-2019,2019,2019,0,8,7,2,81,27,27,0,16.2,83,97.59,0,0,0,5,3, 10.13 ,0.00,0.00,48.76
Ahsan Abbasi (HKG),2019-2019,2019,2019,0,6,6,0,80,18,18,0,13.33,87,91.95,0,0,0,7,2, 13.33 ,0.00,0.00,44.78
DAP Darrell (BMUDA),2019-2019,2019,2019,0,11,10,1,80,30*,30,1,8.88,95,84.21,0,0,1,1,5, 7.27 ,0.00,0.00,39.01
Faizan Asif (UAE),2014-2015,2014,2015,1,6,6,0,80,28,28,0,13.33,64,125,0,0,0,9,3, 13.33 ,0.00,0.00,58.00
Ijaz Hussain (ROM),2019-2019,2019,2019,0,3,3,0,80,40,40,0,26.66,76,105.26,0,0,0,7,6, 26.67 ,0.00,0.00,58.10
RK Paudel (NEPAL),2019-2019,2019,2019,0,11,10,2,80,19,19,0,10,89,89.88,0,0,0,7,0, 7.27 ,0.00,0.00,41.95
CP Rizwan (UAE),2019-2019,2019,2019,0,5,4,0,80,44,44,0,20,73,109.58,0,0,0,10,1, 16.00 ,0.00,0.00,55.83
ZE Green (NAM),2019-2019,2019,2019,0,16,11,3,79,18*,18,1,9.87,78,101.28,0,0,1,4,3, 4.94 ,0.00,0.00,46.43
CD Barnwell (WI),2011-2013,2011,2013,2,6,6,2,78,34*,34,1,19.5,62,125.8,0,0,1,4,4, 13.00 ,0.00,0.00,62.02
Nurul Hasan (BDESH),2016-2017,2016,2017,1,9,8,4,78,30*,30,1,19.5,63,123.8,0,0,1,9,0, 8.67 ,0.00,0.00,61.22
GG Banner (Blz),2019-2019,2019,2019,0,3,3,1,77,47,47,0,38.5,65,118.46,0,0,0,1,8, 25.67 ,0.00,0.00,70.48
Sandeep Goud (OMAN),2019-2019,2019,2019,0,12,7,3,77,31*,31,1,19.25,72,106.94,0,0,0,3,3, 6.42 ,0.00,0.00,54.33
Shahid Wasif (HKG),2016-2019,2016,2019,3,9,8,3,77,40,40,0,15.4,66,116.66,0,0,1,3,1, 8.56 ,0.00,0.00,55.90
SA Wijeyeratne (CAN),2019-2019,2019,2019,0,2,2,0,77,56,56,0,38.5,51,150.98,0,1,0,12,0, 38.50 ,0.00,50.00,83.49
T Bavuma (SA),2019-2019,2019,2019,0,2,2,1,76,49,49,0,76,66,115.15,0,0,0,5,2, 38.00 ,0.00,0.00,91.66
A Flintoff (ENG),2005-2007,2005,2007,2,7,7,1,76,31,31,0,12.66,60,126.66,0,0,1,7,2, 10.86 ,0.00,0.00,58.26
DR Hooper (GUE),2019-2019,2019,2019,0,9,8,3,76,19*,19,1,15.2,91,83.51,0,0,1,3,1, 8.44 ,0.00,0.00,42.52
Imran Farhat (PAK),2010-2011,2010,2011,1,7,7,0,76,19,19,0,10.85,70,108.57,0,0,1,14,0, 10.86 ,0.00,0.00,49.94
Irfan Ahmed (HKG),2014-2015,2014,2015,1,8,8,0,76,34,34,0,9.5,83,91.56,0,0,2,4,6, 9.50 ,0.00,0.00,42.32
HB Kayondo (UGA),2019-2019,2019,2019,0,3,3,0,76,31,31,0,25.33,69,110.14,0,0,0,2,4, 25.33 ,0.00,0.00,59.25
NFI McCallum (SCOT),2007-2010,2007,2010,3,11,7,0,76,38,38,0,10.85,85,89.41,0,0,3,7,1, 6.91 ,0.00,0.00,42.27
S Matsikenyeri (ZIM),2006-2012,2006,2012,6,10,10,0,76,32,32,0,7.6,82,92.68,0,0,2,6,3, 7.60 ,0.00,0.00,41.63
Rizwan Mahmood (DEN),2019-2019,2019,2019,0,5,4,0,76,37,37,0,19,61,124.59,0,0,0,3,3, 15.20 ,0.00,0.00,61.24
VS Solanki (ENG),2005-2007,2005,2007,2,3,3,0,76,43,43,0,25.33,61,124.59,0,0,0,10,1, 25.33 ,0.00,0.00,65.03
NR Kirton (CAN),2019-2019,2019,2019,0,5,5,2,75,37*,37,1,25,83,90.36,0,0,0,4,1, 15.00 ,0.00,0.00,51.14
NJ Astle (NZ),2005-2006,2005,2006,1,4,4,1,74,40*,40,1,24.66,67,110.44,0,0,0,7,2, 18.50 ,0.00,0.00,58.97
Hirenkumar Patel (Chile),2019-2019,2019,2019,0,4,4,0,74,22,22,0,18.5,82,90.24,0,0,0,9,1, 18.50 ,0.00,0.00,47.20
S Hirugade (Mex),2019-2019,2019,2019,0,6,6,0,74,35,35,0,12.33,86,86.04,0,0,1,8,2, 12.33 ,0.00,0.00,41.81
KO Otieno (KENYA),2008-2008,2008,2008,0,4,4,0,74,40,40,0,18.5,79,93.67,0,0,0,5,2, 18.50 ,0.00,0.00,48.57
SI Runsewe (NGA),2019-2019,2019,2019,0,6,6,1,74,27,27,0,14.8,87,85.05,0,0,1,4,0, 12.33 ,0.00,0.00,42.90
G Venkateswaran (LUX),2019-2019,2019,2019,0,3,3,1,74,59,59,0,37,58,127.58,0,1,0,10,1, 24.67 ,0.00,33.33,73.23
J Vira (VAN),2019-2019,2019,2019,0,14,12,4,74,23,23,0,9.25,68,108.82,0,0,1,7,2, 5.29 ,0.00,0.00,49.08
NT Broom (NZ),2009-2017,2009,2017,8,11,7,1,73,36,36,0,12.16,68,107.35,0,0,0,8,1, 6.64 ,0.00,0.00,50.24
TS Fray (BMUDA),2019-2019,2019,2019,0,10,10,1,73,29,29,0,8.11,96,76.04,0,0,3,9,0, 7.30 ,0.00,0.00,35.28
Khurram Khan (UAE),2014-2014,2014,2014,0,3,3,0,73,31,31,0,24.33,73,100,0,0,0,8,0, 24.33 ,0.00,0.00,54.60
AR McBrine (IRE),2014-2017,2014,2017,3,19,11,5,73,14*,14,1,12.16,70,104.28,0,0,1,6,1, 3.84 ,0.00,0.00,49.01
C Munoz-Mills (ESP),2019-2019,2019,2019,0,9,7,3,73,29*,29,1,18.25,66,110.6,0,0,0,5,3, 8.11 ,0.00,0.00,55.19
AM Oyede (NGA),2019-2019,2019,2019,0,8,8,1,73,39,39,0,10.42,104,70.19,0,0,2,5,1, 9.13 ,0.00,0.00,34.33
AL Phehlukwayo (SA),2017-2019,2017,2019,2,23,11,5,73,27*,27,1,12.16,66,110.6,0,0,3,10,1, 3.17 ,0.00,0.00,51.54
AJ Strauss (ENG),2005-2009,2005,2009,4,4,4,0,73,33,33,0,18.25,64,114.06,0,0,1,9,0, 18.25 ,0.00,0.00,56.57
RA Thomas (CAN),2019-2019,2019,2019,0,8,8,1,73,18,18,0,10.42,95,76.84,0,0,1,7,1, 9.13 ,0.00,0.00,36.99
Farhad Reza (BDESH),2006-2014,2006,2014,8,13,9,0,72,19,19,0,8,88,81.81,0,0,1,4,2, 5.54 ,0.00,0.00,37.52
Haroon Mughal (MALTA),2019-2019,2019,2019,0,4,4,0,72,31,31,0,18,65,110.76,0,0,0,6,1, 18.00 ,0.00,0.00,55.10
Hassan Rasheed (Mald),2019-2019,2019,2019,0,8,7,0,72,22,22,0,10.28,100,72,0,0,0,4,1, 9.00 ,0.00,0.00,34.97
A Pusthay (Fin),2019-2019,2019,2019,0,5,5,0,72,37,37,0,14.4,60,120,0,0,0,5,1, 14.40 ,0.00,0.00,56.64
AS Wright (GUE),2019-2019,2019,2019,0,8,7,0,72,43,43,0,10.28,84,85.71,0,0,1,6,3, 9.00 ,0.00,0.00,40.45
Sahir Naqash (GER),2019-2019,2019,2019,0,7,5,1,71,38*,38,1,17.75,52,136.53,0,0,2,2,5, 10.14 ,0.00,0.00,65.26
T Taylor (Caym),2019-2019,2019,2019,0,6,6,2,71,19*,19,1,17.75,91,78.02,0,0,0,2,5, 11.83 ,0.00,0.00,41.86
Abdul Hashmi (DEN),2019-2019,2019,2019,0,8,5,1,70,31,31,0,17.5,66,106.06,0,0,1,4,0, 8.75 ,0.00,0.00,52.92
Awais Zia (PAK),2012-2014,2012,2014,2,5,5,0,70,23,23,0,14,80,87.5,0,0,0,4,3, 14.00 ,0.00,0.00,43.40
FF Mulivai (Samoa),2019-2019,2019,2019,0,4,4,0,70,48,48,0,17.5,37,189.18,0,0,1,2,8, 17.50 ,0.00,0.00,86.17
Hafez Farooq (Peru),2019-2019,2019,2019,0,4,4,0,69,24,24,0,17.25,68,101.47,0,0,0,7,2, 17.25 ,0.00,0.00,50.94
C Hauptfleisch (Caym),2019-2019,2019,2019,0,5,5,0,69,42,42,0,13.8,85,81.17,0,0,1,4,2, 13.80 ,0.00,0.00,40.75
Ibrarul Haq (Saudi),2019-2019,2019,2019,0,5,4,0,69,49,49,0,17.25,47,146.8,0,0,1,6,4, 13.80 ,0.00,0.00,69.07
SM Katich (AUS),2005-2006,2005,2006,1,3,2,0,69,39,39,0,34.5,47,146.8,0,0,0,8,2, 23.00 ,0.00,0.00,79.42
TB Sole (SCOT),2019-2019,2019,2019,0,9,6,2,69,33*,33,1,17.25,43,160.46,0,0,0,9,1, 7.67 ,0.00,0.00,74.53
J Umanath (Mex),2019-2019,2019,2019,0,7,7,1,69,25,25,0,11.5,77,89.61,0,0,1,7,2, 9.86 ,0.00,0.00,42.74
R Ankad (Mex),2019-2019,2019,2019,0,8,7,3,68,40*,40,1,17,72,94.44,0,0,2,7,0, 8.50 ,0.00,0.00,47.98
AG Cremer (ZIM),2008-2018,2008,2018,10,29,19,6,68,17,17,0,5.23,102,66.66,0,0,2,2,0, 2.34 ,0.00,0.00,29.80
Dawlat Zadran (AFG),2012-2019,2012,2019,7,34,17,8,68,13,13,0,7.55,42,161.9,0,0,3,4,6, 2.00 ,0.00,0.00,69.29
TM Dowlin (WI),2009-2010,2009,2010,1,2,2,1,68,37*,37,1,68,69,98.55,0,0,0,8,0, 34.00 ,0.00,0.00,80.22
R Escobar (Arg),2019-2019,2019,2019,0,5,4,1,68,28*,28,1,22.66,76,89.47,0,0,0,6,1, 13.60 ,0.00,0.00,49.38
AR Patel (INDIA),2015-2018,2015,2018,3,11,7,3,68,20*,20,1,17,54,125.92,0,0,0,3,3, 6.18 ,0.00,0.00,60.57
Sikander Zulfiqar (NL),2016-2019,2016,2019,3,11,8,1,68,18,18,0,9.71,68,100,0,0,0,5,0, 6.18 ,0.00,0.00,45.83
JNT Vare (PNG),2015-2017,2015,2017,2,8,7,0,68,38,38,0,9.71,71,95.77,0,0,0,4,0, 8.50 ,0.00,0.00,44.13
C Viljoen (NAM),2019-2019,2019,2019,0,12,7,3,68,33,33,0,17,70,97.14,0,0,0,7,1, 5.67 ,0.00,0.00,49.06
Waqas Khan (HKG),2014-2017,2014,2017,3,8,7,3,68,33*,33,1,17,89,76.4,0,0,1,3,2, 8.50 ,0.00,0.00,40.76
Hilal Ahmad (CZK-R),2019-2019,2019,2019,0,7,7,2,67,30,30,0,13.4,59,113.55,0,0,0,6,1, 9.57 ,0.00,0.00,53.46
AJ Michael (Samoa),2019-2019,2019,2019,0,4,4,1,67,23,23,0,22.33,69,97.1,0,0,0,5,2, 16.75 ,0.00,0.00,52.24
Zawar Farid (UAE),2019-2019,2019,2019,0,4,4,0,67,55,55,0,16.75,53,126.41,0,1,0,5,3, 16.75 ,0.00,25.00,60.61
Abraash Khan (CAN),2019-2019,2019,2019,0,7,4,0,66,22,22,0,16.5,60,110,0,0,0,7,1, 9.43 ,0.00,0.00,53.90
PHKD Mendis (SL),2018-2019,2018,2019,1,4,4,0,66,41,41,0,16.5,46,143.47,0,0,1,6,3, 16.50 ,0.00,0.00,67.29
Waheed Ahmed (UAE),2019-2019,2019,2019,0,10,9,4,66,19,19,0,13.2,80,82.5,0,0,0,6,2, 6.60 ,0.00,0.00,40.92
J Bulele (Moz),2019-2019,2019,2019,0,7,7,0,65,24,24,0,9.28,95,68.42,0,0,1,8,0, 9.29 ,0.00,0.00,32.94
SC Kuggeleijn (NZ),2019-2019,2019,2019,0,9,5,3,65,35*,35,1,32.5,30,216.66,0,0,1,4,6, 7.22 ,0.00,0.00,106.16
H Lakov (),2019-2019,2019,2019,0,3,3,0,65,28,28,0,21.66,62,104.83,0,0,0,5,0, 21.67 ,0.00,0.00,54.93
Shoaib Khan jnr (PAK),2008-2008,2008,2008,0,4,4,0,65,50,50,0,16.25,74,87.83,0,1,1,7,0, 16.25 ,0.00,25.00,44.88
FA Allen (WI),2018-2019,2018,2019,1,11,9,2,64,27,27,0,9.14,56,114.28,0,0,2,5,3, 5.82 ,0.00,0.00,51.20
Anique Uddin (DEN),2019-2019,2019,2019,0,6,6,0,64,31,31,0,10.66,79,81.01,0,0,0,3,0, 10.67 ,0.00,0.00,38.80
Ansar Iqbal (NOR),2019-2019,2019,2019,0,4,4,0,64,40,40,0,16,72,88.88,0,0,0,6,1, 16.00 ,0.00,0.00,45.15
B Arora (MALTA),2019-2019,2019,2019,0,4,4,0,64,28,28,0,16,64,100,0,0,0,5,3, 16.00 ,0.00,0.00,49.60
K Birkenstock (NAM),2019-2019,2019,2019,0,4,2,0,64,59,59,0,32,33,193.93,0,1,0,7,4, 16.00 ,0.00,25.00,96.77
S Dube (INDIA),2019-2019,2019,2019,0,6,4,2,64,54,54,0,32,42,152.38,0,1,0,3,4, 10.67 ,0.00,16.67,80.15
RM Haq (SCOT),2007-2013,2007,2013,6,21,12,7,64,21*,21,1,12.8,96,66.66,0,0,1,2,1, 3.05 ,0.00,0.00,34.34
DP Hyatt (WI),2011-2012,2011,2012,1,5,5,1,64,28,28,0,16,54,118.51,0,0,0,4,4, 12.80 ,0.00,0.00,57.00
G Manan (ROM),2019-2019,2019,2019,0,3,3,0,64,29,29,0,21.33,52,123.07,0,0,0,11,1, 21.33 ,0.00,0.00,62.03
A Natubhai Ahir (PNM),2019-2019,2019,2019,0,3,3,0,64,30,30,0,21.33,59,108.47,0,0,0,10,1, 21.33 ,0.00,0.00,56.19
WB Rankin (ENG/IRE),2009-2019,2009,2019,10,48,15,8,64,16*,16,1,9.14,74,86.48,0,0,2,3,3, 1.33 ,0.00,0.00,40.08
DJ Reekers (NL),2008-2009,2008,2009,1,6,5,0,64,29,29,0,12.8,49,130.61,0,0,1,10,2, 10.67 ,0.00,0.00,59.92
Sadeeq Khan (ROM),2019-2019,2019,2019,0,3,3,1,64,28,28,0,32,42,152.38,0,0,0,3,6, 21.33 ,0.00,0.00,80.15
Usman Waheed (KUW),2019-2019,2019,2019,0,6,4,1,64,28*,28,1,21.33,61,104.91,0,0,1,6,1, 10.67 ,0.00,0.00,54.76
V Balakrishnan (Botsw),2019-2019,2019,2019,0,3,3,1,63,29*,29,1,31.5,82,76.82,0,0,0,6,1, 21.00 ,0.00,0.00,49.63
LJ Barker (GUE),2019-2019,2019,2019,0,9,8,0,63,20,20,0,7.87,69,91.3,0,0,3,8,0, 7.00 ,0.00,0.00,41.24
Imran Ismail (Moz),2019-2019,2019,2019,0,7,7,0,63,17,17,0,9,58,108.62,0,0,0,7,3, 9.00 ,0.00,0.00,48.85
Kuldeep Lal (ESP),2019-2019,2019,2019,0,8,3,0,63,38,38,0,21,41,153.65,0,0,0,3,2, 7.88 ,0.00,0.00,74.06
AN Cook (ENG),2007-2009,2007,2009,2,4,4,0,61,26,26,0,15.25,54,112.96,0,0,0,10,0, 15.25 ,0.00,0.00,54.33
OD Hald (DEN),2019-2019,2019,2019,0,9,8,1,61,18,18,0,8.71,57,107.01,0,0,1,4,2, 6.78 ,0.00,0.00,48.03
Hasan Ali (PAK),2016-2019,2016,2019,3,30,10,5,61,23,23,0,12.2,35,174.28,0,0,2,3,5, 2.03 ,0.00,0.00,77.03
PD McGlashan (NZ),2006-2010,2006,2010,4,11,9,1,61,26,26,0,7.62,64,95.31,0,0,0,6,2, 5.55 ,0.00,0.00,42.70
R Nehonde (Botsw),2019-2019,2019,2019,0,7,7,1,61,26,26,0,10.16,79,77.21,0,0,1,3,1, 8.71 ,0.00,0.00,36.98
NM Odhiambo (KENYA),2010-2019,2010,2019,9,16,8,2,61,26,26,0,10.16,94,64.89,0,0,2,4,1, 3.81 ,0.00,0.00,32.05
A Sathya (Mex),2019-2019,2019,2019,0,3,3,0,61,30,30,0,20.33,61,100,0,0,0,3,2, 20.33 ,0.00,0.00,52.20
PH Shamdasani (Peru),2019-2019,2019,2019,0,4,4,1,61,37,37,0,20.33,72,84.72,0,0,0,3,1, 15.25 ,0.00,0.00,46.09
AJ Tye (AUS),2016-2018,2016,2018,2,26,11,5,61,20,20,0,10.16,55,110.9,0,0,2,4,3, 2.35 ,0.00,0.00,50.46
DE Budge (SCOT),2018-2018,2018,2018,0,6,4,2,60,24,24,0,30,59,101.69,0,0,0,2,3, 10.00 ,0.00,0.00,58.68
JWM Dalrymple (ENG),2006-2007,2006,2007,1,3,3,0,60,32,32,0,20,57,105.26,0,0,0,6,0, 20.00 ,0.00,0.00,54.10
LM Jongwe (ZIM),2015-2016,2015,2016,1,8,7,0,60,34,34,0,8.57,65,92.3,0,0,2,4,1, 7.50 ,0.00,0.00,42.06
J Kila (PNG),2019-2019,2019,2019,0,12,5,3,60,27*,27,1,30,31,193.54,0,0,0,4,5, 5.00 ,0.00,0.00,95.42
Mohammad Adnan (Saudi),2019-2019,2019,2019,0,5,3,3,60,38*,38,1,-,31,193.54,0,0,0,4,5, 12.00 ,0.00,0.00,#VALUE!
Mominul Haque (BDESH),2012-2014,2012,2014,2,6,4,1,60,26*,26,1,20,50,120,0,0,0,5,2, 10.00 ,0.00,0.00,60.00
P Mustard (ENG),2008-2008,2008,2008,0,2,2,0,60,40,40,0,30,37,162.16,0,0,0,5,4, 30.00 ,0.00,0.00,82.86
Zameer Khan (DEN),2019-2019,2019,2019,0,2,2,1,60,33,33,0,60,61,98.36,0,0,0,4,0, 30.00 ,0.00,0.00,75.34
Zeeshan Siddiqui (OMAN),2015-2015,2015,2015,0,5,5,1,60,33*,33,1,15,63,95.23,0,0,0,7,0, 12.00 ,0.00,0.00,47.09
Ariful Haque (BDESH),2018-2018,2018,2018,0,9,8,4,59,18*,18,1,14.75,61,96.72,0,0,1,4,0, 6.56 ,0.00,0.00,47.54
DR Flynn (NZ),2008-2012,2008,2012,4,5,5,0,59,23,23,0,11.8,51,115.68,0,0,0,1,4, 11.80 ,0.00,0.00,53.35
Hayatullah Niazi (NOR),2019-2019,2019,2019,0,4,4,1,59,27,27,0,19.66,47,125.53,0,0,0,3,3, 14.75 ,0.00,0.00,62.01
Mohammad Amir (PAK),2009-2019,2009,2019,10,48,14,6,59,21*,21,1,7.37,72,81.94,0,0,2,2,3, 1.23 ,0.00,0.00,37.20
Muhammad Saleem (),2019-2019,2019,2019,0,4,4,0,59,52,52,0,14.75,54,109.25,0,1,0,5,1, 14.75 ,0.00,25.00,52.55
AK Perera (SL),2013-2019,2013,2019,6,6,5,0,59,16,16,0,11.8,65,90.76,0,0,0,5,1, 9.83 ,0.00,0.00,43.38
IS Sodhi (NZ),2014-2019,2014,2019,5,40,7,3,59,15,15,0,14.75,56,105.35,0,0,1,4,3, 1.48 ,0.00,0.00,50.99
Aamer Ikram (PORT),2019-2019,2019,2019,0,4,4,0,58,23,23,0,14.5,73,79.45,0,0,0,4,4, 14.50 ,0.00,0.00,40.48
Abu Hider (BDESH),2016-2018,2016,2018,2,13,5,4,58,22*,22,1,58,43,134.88,0,0,0,5,4, 4.46 ,0.00,0.00,88.75
D Heyliger (CAN),2019-2019,2019,2019,0,11,7,5,58,23*,23,1,29,42,138.09,0,0,1,2,3, 5.27 ,0.00,0.00,72.64
JJ Huo (Moz),2019-2019,2019,2019,0,7,7,0,58,18,18,0,8.28,61,95.08,0,0,1,7,2, 8.29 ,0.00,0.00,43.00
DF Jacobs (THAI),2019-2019,2019,2019,0,4,4,0,58,20,20,0,14.5,82,70.73,0,0,0,7,0, 14.50 ,0.00,0.00,36.99
K Mendon (CZK-R),2019-2019,2019,2019,0,6,4,4,58,39*,39,1,-,51,113.72,0,0,0,5,2, 9.67 ,0.00,0.00,#VALUE!
Mohamed Azzam (Mald),2019-2019,2019,2019,0,7,6,2,58,17*,17,1,14.5,61,95.08,0,0,1,6,0, 8.29 ,0.00,0.00,46.73
Shaheryar Butt (Belg),2019-2019,2019,2019,0,3,3,1,58,30*,30,1,29,55,105.45,0,0,0,3,4, 19.33 ,0.00,0.00,59.58
CJO Smith (SCOT),2007-2009,2007,2009,2,8,6,1,58,46*,46,1,11.6,54,107.4,0,0,3,6,0, 7.25 ,0.00,0.00,49.92
Alok Kapali (BDESH),2007-2011,2007,2011,4,7,7,2,57,19,19,0,11.4,85,67.05,0,0,2,3,1, 8.14 ,0.00,0.00,33.66
Fayyaz Butt (OMAN),2019-2019,2019,2019,0,14,6,4,57,25*,25,1,28.5,48,118.75,0,0,0,4,2, 4.07 ,0.00,0.00,64.60
C Jonker (SA),2018-2018,2018,2018,0,2,2,0,57,49,49,0,28.5,29,196.55,0,0,0,5,3, 28.50 ,0.00,0.00,95.72
A Makesh (KUW),2019-2019,2019,2019,0,4,2,1,57,57,57,0,57,41,139.02,0,1,0,3,4, 14.25 ,0.00,25.00,89.81
GP Meade (ITA),2019-2019,2019,2019,0,8,5,0,57,18,18,0,11.4,63,90.47,0,0,0,4,1, 7.13 ,0.00,0.00,43.03
A Sarma (GER),2019-2019,2019,2019,0,3,3,0,57,28,28,0,19,67,85.07,0,0,0,3,1, 19.00 ,0.00,0.00,45.43
P Sarraf (NEPAL),2019-2019,2019,2019,0,9,8,1,57,18,18,0,8.14,84,67.85,0,0,3,9,0, 6.33 ,0.00,0.00,32.02
Sohag Gazi (BDESH),2012-2015,2012,2015,3,10,7,3,57,24,24,0,14.25,59,96.61,0,0,0,3,1, 5.70 ,0.00,0.00,47.19
AJ Turner (AUS),2017-2019,2017,2019,2,11,7,3,57,22*,22,1,14.25,57,100,0,0,1,1,2, 5.18 ,0.00,0.00,48.55
Amjad Sher (Fin),2019-2019,2019,2019,0,5,5,0,56,24,24,0,11.2,36,155.55,0,0,0,1,4, 11.20 ,0.00,0.00,68.94
T Banton (ENG),2019-2019,2019,2019,0,3,3,0,56,31,31,0,18.66,34,164.7,0,0,0,6,3, 18.67 ,0.00,0.00,77.08
JM How (NZ),2007-2008,2007,2008,1,5,5,0,56,31,31,0,11.2,67,83.58,0,0,0,5,1, 11.20 ,0.00,0.00,40.15
EB Knowles (CZK-R),2019-2019,2019,2019,0,7,6,2,56,19,19,0,14,54,103.7,0,0,1,7,1, 8.00 ,0.00,0.00,49.88
P Manning (Caym),2019-2019,2019,2019,0,6,6,1,56,28,28,0,11.2,89,62.92,0,0,1,4,0, 9.33 ,0.00,0.00,31.89
MJ Ross (ITA),2019-2019,2019,2019,0,8,5,1,56,34,34,0,14,42,133.33,0,0,0,2,3, 7.00 ,0.00,0.00,61.73
SMSM Senanayake (SL),2012-2016,2012,2016,4,24,12,6,56,17,17,0,9.33,66,84.84,0,0,2,3,1, 2.33 ,0.00,0.00,39.53
D Ajekun (NGA),2019-2019,2019,2019,0,6,6,0,55,17,17,0,9.16,81,67.9,0,0,0,6,1, 9.17 ,0.00,0.00,32.66
MNM Aslam (KUW),2019-2019,2019,2019,0,6,4,0,55,26,26,0,13.75,59,93.22,0,0,1,4,1, 9.17 ,0.00,0.00,45.54
C Carter (HKG),2015-2017,2015,2017,2,10,5,1,55,17,17,0,13.75,63,87.3,0,0,0,3,0, 5.50 ,0.00,0.00,43.17
N Deonarine (WI),2010-2013,2010,2013,3,8,7,2,55,36*,36,1,11,53,103.77,0,0,3,5,0, 6.88 ,0.00,0.00,48.11
PWH de Silva (SL),2019-2019,2019,2019,0,8,7,3,55,14*,14,1,13.75,50,110,0,0,0,3,0, 6.88 ,0.00,0.00,52.25
GB Hogg (AUS),2006-2014,2006,2014,8,15,4,0,55,41,41,0,13.75,39,141.02,0,0,0,3,3, 3.67 ,0.00,0.00,64.66
KM Jarvis (ZIM),2011-2019,2011,2019,8,22,12,5,55,27,27,0,7.85,64,85.93,0,0,4,1,4, 2.50 ,0.00,0.00,39.08
Mirza Ahsan (Aut),2019-2019,2019,2019,0,5,3,2,55,51*,51,1,55,18,305.55,0,1,0,2,7, 11.00 ,0.00,20.00,155.22
OE Newey (GUE),2019-2019,2019,2019,0,7,6,1,55,23*,23,1,11,66,83.33,0,0,1,2,0, 7.86 ,0.00,0.00,39.93
R Satheesan (ROM),2019-2019,2019,2019,0,4,3,1,55,23,23,0,27.5,42,130.95,0,0,0,3,4, 13.75 ,0.00,0.00,68.88
HS Baidwan (CAN),2008-2013,2008,2013,5,17,11,2,54,21,21,0,6,52,103.84,0,0,4,4,1, 3.18 ,0.00,0.00,45.14
JW Chilia (VAN),2019-2019,2019,2019,0,14,7,4,54,23,23,0,18,54,100,0,0,0,3,3, 3.86 ,0.00,0.00,50.80
M Dixit (LUX),2019-2019,2019,2019,0,3,2,0,54,38,38,0,27,59,91.52,0,0,0,6,2, 18.00 ,0.00,0.00,52.81
GD Drummond (SCOT),2008-2013,2008,2013,5,17,7,0,54,35,35,0,7.71,65,83.07,0,0,2,3,0, 3.18 ,0.00,0.00,37.85
JSE Dunford (JER),2019-2019,2019,2019,0,17,9,3,54,29,29,0,9,67,80.59,0,0,3,2,0, 3.18 ,0.00,0.00,37.64
MSS Mandy (Chile),2019-2019,2019,2019,0,4,4,0,54,32,32,0,13.5,67,80.59,0,0,0,8,0, 13.50 ,0.00,0.00,40.34
SMA Priyanjan (SL),2017-2017,2017,2017,0,3,3,2,54,40*,40,1,54,62,87.09,0,0,0,1,2, 18.00 ,0.00,0.00,67.24
BA King (WI),2019-2019,2019,2019,0,6,5,0,53,31,31,0,10.6,50,106,0,0,0,6,1, 8.83 ,0.00,0.00,48.76
Usman Limbada (CAN),2010-2013,2010,2013,3,7,3,2,53,21*,21,1,53,41,129.26,0,0,0,6,0, 7.57 ,0.00,0.00,83.50
MRJ Watt (SCOT),2015-2019,2015,2019,4,35,11,6,53,14*,14,1,10.6,40,132.5,0,0,1,6,1, 1.51 ,0.00,0.00,59.36
TS Bharaj (DEN),2019-2019,2019,2019,0,9,8,0,52,19,19,0,6.5,77,67.53,0,0,1,2,0, 5.78 ,0.00,0.00,30.91
G Caisley (),2019-2019,2019,2019,0,4,4,0,52,38,38,0,13,60,86.66,0,0,1,3,2, 13.00 ,0.00,0.00,42.46
SJ Cotter (Samoa),2019-2019,2019,2019,0,4,4,0,52,25,25,0,13,62,83.87,0,0,0,4,1, 13.00 ,0.00,0.00,41.35
RP Magar (NEPAL),2014-2015,2014,2015,1,6,6,0,52,25,25,0,8.66,89,58.42,0,0,1,0,3, 8.67 ,0.00,0.00,28.56
A Manousis (),2019-2019,2019,2019,0,3,3,1,52,23,23,0,26,49,106.12,0,0,0,5,1, 17.33 ,0.00,0.00,58.05
DM Nakrani (UGA),2019-2019,2019,2019,0,4,4,1,52,19,19,0,17.33,48,108.33,0,0,0,2,3, 13.00 ,0.00,0.00,53.73
Ovais Yousof (NGA),2019-2019,2019,2019,0,3,3,0,52,33,33,0,17.33,70,74.28,0,0,0,5,0, 17.33 ,0.00,0.00,40.11
IS Billcliff (CAN),2010-2010,2010,2010,0,2,2,0,51,37,37,0,25.5,39,130.76,0,0,0,3,2, 25.50 ,0.00,0.00,67.60
TGJ Gruijters (NL),2012-2013,2012,2013,1,8,5,3,51,21*,21,1,25.5,47,108.51,0,0,0,3,1, 6.38 ,0.00,0.00,58.70
V Mbazo (Botsw),2019-2019,2019,2019,0,4,3,1,51,27*,27,1,25.5,67,76.11,0,0,0,3,0, 12.75 ,0.00,0.00,45.74
Raqibul Hasan (BDESH),2008-2010,2008,2010,2,5,5,0,51,18,18,0,10.2,62,82.25,0,0,0,3,1, 10.20 ,0.00,0.00,39.02
AU Rashid (ENG),2009-2019,2009,2019,10,40,15,8,51,9*,9,1,7.28,61,83.6,0,0,0,4,0, 1.28 ,0.00,0.00,37.81
HA Varaiya (KENYA),2007-2013,2007,2013,6,25,12,11,51,18*,18,1,51,81,62.96,0,0,0,1,0, 2.04 ,0.00,0.00,55.78
Hamid Hassan (AFG),2010-2016,2010,2016,6,22,9,6,50,22,22,0,16.66,46,108.69,0,0,0,3,2, 2.27 ,0.00,0.00,53.47
Md Nurul Huda (Fin),2019-2019,2019,2019,0,5,4,2,50,30*,30,1,25,32,156.25,0,0,0,4,2, 10.00 ,0.00,0.00,77.50
Mohammad Yousuf (PAK),2006-2010,2006,2010,4,3,3,0,50,26,26,0,16.66,43,116.27,0,0,0,5,1, 16.67 ,0.00,0.00,56.50
MJ Richardson (GER),2019-2019,2019,2019,0,3,3,2,50,35*,35,1,50,38,131.57,0,0,0,7,0, 16.67 ,0.00,0.00,82.63
Ameel Mauroof (Mald),2019-2019,2019,2019,0,10,8,4,49,15*,15,1,12.25,63,77.77,0,0,0,3,0, 4.90 ,0.00,0.00,38.46
U Bhatti (CAN),2008-2010,2008,2010,2,7,7,3,49,12,12,0,12.25,48,102.08,0,0,0,3,1, 7.00 ,0.00,0.00,48.18
G Chaturvedi (MALTA),2019-2019,2019,2019,0,2,2,0,49,25,25,0,24.5,29,168.96,0,0,0,6,1, 24.50 ,0.00,0.00,82.28
A Dananjaya (SL),2012-2019,2012,2019,7,22,12,4,49,11*,11,1,6.12,57,85.96,0,0,2,6,0, 2.23 ,0.00,0.00,38.06
JN Frylinck (NAM),2019-2019,2019,2019,0,14,7,4,49,19*,19,1,16.33,47,104.25,0,0,1,2,1, 3.50 ,0.00,0.00,51.50
CU Jayasinghe (SL),2009-2010,2009,2010,1,5,3,2,49,38,38,0,49,49,100,0,0,0,3,1, 9.80 ,0.00,0.00,69.40
Junaid Siddiqui (CAN),2012-2019,2012,2019,7,13,7,3,49,21,21,0,12.25,41,119.51,0,0,1,2,2, 3.77 ,0.00,0.00,55.15
HG Kuhn (SA),2009-2017,2009,2017,8,7,6,2,49,29,29,0,12.25,42,116.66,0,0,0,3,2, 7.00 ,0.00,0.00,54.01
Nanda Kumar (CRC),2019-2019,2019,2019,0,3,3,0,49,39,39,0,16.33,58,84.48,0,0,1,3,2, 16.33 ,0.00,0.00,43.59
SD Outerbridge (BMUDA),2008-2008,2008,2008,0,3,3,1,49,37*,37,1,24.5,51,96.07,0,0,0,2,1, 16.33 ,0.00,0.00,53.13
DA Rankin (IRE),2015-2016,2015,2016,1,2,2,0,49,34,34,0,24.5,54,90.74,0,0,0,3,2, 24.50 ,0.00,0.00,51.00
Saber Zakhil (Belg),2019-2019,2019,2019,0,3,3,0,49,18,18,0,16.33,35,140,0,0,0,2,3, 16.33 ,0.00,0.00,65.80
DC Smith (PHI),2019-2019,2019,2019,0,4,4,1,49,22,22,0,16.33,53,92.45,0,0,0,5,0, 12.25 ,0.00,0.00,46.78
K Weeraratne (SL),2008-2009,2008,2009,1,5,5,2,49,20*,20,1,16.33,45,108.88,0,0,0,4,1, 9.80 ,0.00,0.00,53.35
S Jamil (Belg),2019-2019,2019,2019,0,3,3,0,48,24,24,0,16,49,97.95,0,0,0,5,2, 16.00 ,0.00,0.00,48.78
Muhammad Nadeem (Saudi),2019-2019,2019,2019,0,5,3,0,48,43,43,0,16,49,97.95,0,0,0,7,1, 9.60 ,0.00,0.00,48.78
MIA Patel (MWI),2019-2019,2019,2019,0,3,2,1,48,40*,40,1,48,44,109.09,0,0,0,6,1, 16.00 ,0.00,0.00,72.44
Qalandar Khan (QAT),2019-2019,2019,2019,0,4,3,0,48,25,25,0,16,43,111.62,0,0,0,2,3, 12.00 ,0.00,0.00,54.25
YSD Seneveratne (Caym),2019-2019,2019,2019,0,6,6,0,48,19,19,0,8,79,60.75,0,0,1,5,1, 8.00 ,0.00,0.00,29.10
J Singye (BHU),2019-2019,2019,2019,0,2,2,0,48,40,40,0,24,64,75,0,0,0,2,0, 24.00 ,0.00,0.00,44.40
C Zhuwao (ZIM),2008-2018,2008,2018,10,7,7,0,48,24,24,0,6.85,66,72.72,0,0,4,7,1, 6.86 ,0.00,0.00,33.20
M Aboagye (Ghana),2019-2019,2019,2019,0,3,3,1,47,24,24,0,23.5,53,88.67,0,0,0,3,0, 15.67 ,0.00,0.00,49.57
VD Adewoye (NGA),2019-2019,2019,2019,0,7,6,2,47,23*,23,1,11.75,42,111.9,0,0,2,4,2, 6.71 ,0.00,0.00,51.81
Delawar Khan (DEN),2019-2019,2019,2019,0,9,8,1,47,17,17,0,6.71,40,117.5,0,0,2,0,4, 5.22 ,0.00,0.00,51.03
D Weston (GER),2019-2019,2019,2019,0,6,6,0,47,18,18,0,7.83,54,87.03,0,0,2,5,1, 7.83 ,0.00,0.00,39.51
SA Ahmad (DEN),2019-2019,2019,2019,0,5,3,1,46,25,25,0,23,54,85.18,0,0,0,2,0, 9.20 ,0.00,0.00,47.87
KM Dabengwa (ZIM),2006-2010,2006,2010,4,8,7,3,46,16*,16,1,11.5,40,115,0,0,0,4,2, 5.75 ,0.00,0.00,52.90
K Gupta (Chile),2019-2019,2019,2019,0,4,4,1,46,19*,19,1,15.33,64,71.87,0,0,1,1,0, 11.50 ,0.00,0.00,37.95
JW Hastings (AUS),2010-2016,2010,2016,6,9,6,2,46,15,15,0,11.5,37,124.32,0,0,0,3,1, 5.11 ,0.00,0.00,56.63
Z Hoque (THAI),2019-2019,2019,2019,0,3,3,0,46,20,20,0,15.33,35,131.42,0,0,0,4,2, 15.33 ,0.00,0.00,61.77
MM Iqbal (SCOT),2012-2013,2012,2013,1,6,3,0,46,31,31,0,15.33,45,102.22,0,0,0,4,1, 7.67 ,0.00,0.00,50.09
RJ Trott (BMUDA),2008-2019,2008,2019,11,15,10,4,46,19,19,0,7.66,84,54.76,0,0,2,3,0, 3.07 ,0.00,0.00,26.50
JJ van der Wath (SA),2006-2007,2006,2007,1,8,4,1,46,21,21,0,15.33,39,117.94,0,0,0,3,1, 5.75 ,0.00,0.00,56.37
Anasim Khan (BAH),2019-2019,2019,2019,0,4,3,1,45,22,22,0,22.5,39,115.38,0,0,0,2,1, 11.25 ,0.00,0.00,59.65
S Ateak (Ghana),2019-2019,2019,2019,0,3,3,0,45,26,26,0,15,48,93.75,0,0,0,6,1, 15.00 ,0.00,0.00,46.50
R Bakum (Ghana),2019-2019,2019,2019,0,4,4,0,45,18,18,0,11.25,45,100,0,0,1,4,2, 11.25 ,0.00,0.00,46.75
Haseeb Amjad (HKG),2014-2016,2014,2016,2,18,10,6,45,12*,12,1,11.25,45,100,0,0,0,3,1, 2.50 ,0.00,0.00,46.75
MG Hunter (GIBR),2019-2019,2019,2019,0,4,3,0,45,27,27,0,15,61,73.77,0,0,0,2,1, 11.25 ,0.00,0.00,38.51
NJ Maddinson (AUS),2013-2018,2013,2018,5,6,4,0,45,34,34,0,11.25,35,128.57,0,0,0,6,1, 7.50 ,0.00,0.00,58.18
Mamoon Latif (Belg),2019-2019,2019,2019,0,3,3,0,45,24,24,0,15,52,86.53,0,0,0,2,2, 15.00 ,0.00,0.00,43.61
T Munyonga (ZIM),2019-2019,2019,2019,0,5,3,2,45,44,44,0,45,34,132.35,0,0,0,3,1, 9.00 ,0.00,0.00,79.94
Nazril Rahman (MAL),2019-2019,2019,2019,0,7,4,1,45,24*,24,1,15,45,100,0,0,0,4,0, 6.43 ,0.00,0.00,49.00
VE Tembo (Moz),2019-2019,2019,2019,0,6,5,2,45,20*,20,1,15,52,86.53,0,0,0,2,0, 7.50 ,0.00,0.00,43.61
Yasar Haroon (),2019-2019,2019,2019,0,4,4,0,45,29,29,0,11.25,62,72.58,0,0,0,4,1, 11.25 ,0.00,0.00,35.78
Zohaib Sarwar (PORT),2019-2019,2019,2019,0,4,4,1,45,33*,33,1,15,46,97.82,0,0,2,1,4, 11.25 ,0.00,0.00,48.13
Abrar Bilal (Aut),2019-2019,2019,2019,0,3,2,0,44,41,41,0,22,24,183.33,0,0,0,6,2, 14.67 ,0.00,0.00,86.53
AJ Ayannaike (NGA),2019-2019,2019,2019,0,3,3,0,44,33,33,0,14.66,43,102.32,0,0,1,4,2, 14.67 ,0.00,0.00,49.72
AA Banner (Blz),2019-2019,2019,2019,0,3,2,0,44,28,28,0,22,29,151.72,0,0,0,4,3, 14.67 ,0.00,0.00,73.89
JM Davison (CAN),2008-2010,2008,2010,2,5,5,0,44,19,19,0,8.8,40,110,0,0,2,2,3, 8.80 ,0.00,0.00,49.28
L Emilio (Moz),2019-2019,2019,2019,0,5,4,0,44,23,23,0,11,35,125.71,0,0,0,4,1, 8.80 ,0.00,0.00,56.88
GF Gomes (Moz),2019-2019,2019,2019,0,7,6,1,44,28,28,0,8.8,46,95.65,0,0,1,6,1, 6.29 ,0.00,0.00,43.54
Ismat Ullah (),2019-2019,2019,2019,0,4,4,0,44,42,42,0,11,47,93.61,0,0,1,4,1, 11.00 ,0.00,0.00,44.04
Saad Nasim (PAK),2014-2014,2014,2014,0,3,2,0,44,25,25,0,22,53,83.01,0,0,0,0,1, 14.67 ,0.00,0.00,46.40
S Badree (WI/World),2012-2018,2012,2018,6,52,16,10,43,14*,14,1,7.16,65,66.15,0,0,0,1,1, 0.83 ,0.00,0.00,30.76
S Badrinath (INDIA),2011-2011,2011,2011,0,1,1,0,43,43,43,0,43,37,116.21,0,0,0,5,0, 43.00 ,0.00,0.00,72.28
P Baron (Arg),2019-2019,2019,2019,0,5,3,0,43,27,27,0,14.33,38,113.15,0,0,0,0,4, 8.60 ,0.00,0.00,53.86
NO Miller (WI),2009-2014,2009,2014,5,9,5,4,43,15*,15,1,43,47,91.48,0,0,0,2,0, 4.78 ,0.00,0.00,62.39
P Mishra (),2019-2019,2019,2019,0,3,3,1,43,23,23,0,21.5,26,165.38,0,0,0,3,4, 14.33 ,0.00,0.00,79.05
Mustafizur Rahman (BDESH),2015-2019,2015,2019,4,37,15,5,43,15,15,0,4.3,55,78.18,0,0,4,3,3, 1.16 ,0.00,0.00,33.85
Saad Bin Zafar (CAN),2019-2019,2019,2019,0,11,4,1,43,20,20,0,14.33,33,130.3,0,0,0,3,2, 3.91 ,0.00,0.00,60.72
M Sohel Patel (PNM),2019-2019,2019,2019,0,2,2,0,43,40,40,0,21.5,39,110.25,0,0,0,2,3, 21.50 ,0.00,0.00,57.00
Amjad Ali (UAE),2014-2015,2014,2015,1,5,5,1,42,20,20,0,10.5,52,80.76,0,0,0,6,0, 8.40 ,0.00,0.00,38.60
F Baaleri (Ghana),2019-2019,2019,2019,0,4,4,0,42,17,17,0,10.5,60,70,0,0,0,6,0, 10.50 ,0.00,0.00,34.30
NG Jones (IRE),2010-2012,2010,2012,2,5,4,2,42,14*,14,1,21,38,110.52,0,0,1,1,2, 8.40 ,0.00,0.00,56.81
Mohamed Mahfooz (Mald),2019-2019,2019,2019,0,11,5,0,42,16,16,0,8.4,53,79.24,0,0,0,3,0, 3.82 ,0.00,0.00,36.74
Muaviath Ganee (Mald),2019-2019,2019,2019,0,5,4,0,42,19,19,0,10.5,44,95.45,0,0,0,3,1, 8.40 ,0.00,0.00,44.48
LE Plunkett (ENG),2006-2019,2006,2019,13,22,11,4,42,18,18,0,6,34,123.52,0,0,3,3,1, 1.91 ,0.00,0.00,53.01
AT Rayudu (INDIA),2014-2016,2014,2016,2,6,5,1,42,20,20,0,10.5,50,84,0,0,2,5,0, 7.00 ,0.00,0.00,39.90
M Sert (TKY),2019-2019,2019,2019,0,4,4,1,42,16,16,0,14,59,71.18,0,0,0,5,0, 10.50 ,0.00,0.00,36.87
DC Stovell (BMUDA),2019-2019,2019,2019,0,6,6,1,42,18*,18,1,8.4,50,84,0,0,1,5,0, 7.00 ,0.00,0.00,38.64
JK Vifah (Ghana),2019-2019,2019,2019,0,3,3,0,42,23,23,0,14,45,93.33,0,0,0,2,1, 14.00 ,0.00,0.00,45.73
KJ Young (Blz),2019-2019,2019,2019,0,3,3,2,42,27*,27,1,42,34,123.52,0,0,0,3,1, 14.00 ,0.00,0.00,74.61
Abdul-Shakoor Rahimzei (GER),2019-2019,2019,2019,0,7,5,1,41,17,17,0,10.25,33,124.24,0,0,0,2,1, 5.86 ,0.00,0.00,55.85
Abdur Razzak (BDESH),2006-2014,2006,2014,8,34,20,10,41,9,9,0,4.1,74,55.4,0,0,5,1,0, 1.21 ,0.00,0.00,24.62
Ainool Hafizs (MAL),2019-2019,2019,2019,0,3,3,0,41,21,21,0,13.66,39,105.12,0,0,0,3,1, 13.67 ,0.00,0.00,50.24
A Ashokan (CZK-R),2019-2019,2019,2019,0,2,2,0,41,34,34,0,20.5,29,141.37,0,0,0,2,3, 20.50 ,0.00,0.00,68.85
K Jethi (CAN),2008-2008,2008,2008,0,5,5,1,41,24,24,0,10.25,59,69.49,0,0,1,0,2, 8.20 ,0.00,0.00,33.95
K Joshi (Aut),2019-2019,2019,2019,0,4,3,1,41,32*,32,1,20.5,41,100,0,0,0,4,2, 10.25 ,0.00,0.00,52.30
B Mavuta (ZIM),2018-2018,2018,2018,0,3,3,2,41,28,28,0,41,23,178.26,0,0,0,3,2, 13.67 ,0.00,0.00,95.90
D Muhumuza (UGA),2019-2019,2019,2019,0,4,4,0,41,28,28,0,10.25,36,113.88,0,0,1,3,1, 10.25 ,0.00,0.00,51.70
Murid Ekrami (Belg),2019-2019,2019,2019,0,3,2,0,41,28,28,0,20.5,48,85.41,0,0,0,2,0, 13.67 ,0.00,0.00,46.46
K Pala (PNG),2015-2015,2015,2015,0,2,2,1,41,22*,22,1,41,30,136.66,0,0,0,4,2, 20.50 ,0.00,0.00,79.26
Amir Hamza (AFG),2013-2017,2013,2017,4,31,9,5,40,21,21,0,10,38,105.26,0,0,1,3,1, 1.29 ,0.00,0.00,48.10
TS Chisoro (ZIM),2015-2018,2015,2018,3,12,6,2,40,14*,14,1,10,42,95.23,0,0,0,2,2, 3.33 ,0.00,0.00,44.09
BCJ Cutting (AUS/World),2013-2017,2013,2017,4,7,5,1,40,29,29,0,10,27,148.14,0,0,1,2,3, 5.71 ,0.00,0.00,65.26
Fitri Sham (MAL),2019-2019,2019,2019,0,15,10,4,40,15*,15,1,6.66,56,71.42,0,0,0,2,0, 2.67 ,0.00,0.00,32.56
Imran Bulbulia (PNM),2019-2019,2019,2019,0,3,3,0,40,32,32,0,13.33,42,95.23,0,0,1,4,1, 13.33 ,0.00,0.00,46.09
LA Musiani (Arg),2019-2019,2019,2019,0,5,5,1,40,22,22,0,10,60,66.66,0,0,1,4,0, 8.00 ,0.00,0.00,32.66
E Packard (GIBR),2019-2019,2019,2019,0,4,4,0,40,26,26,0,10,49,81.63,0,0,0,2,1, 10.00 ,0.00,0.00,38.65
S Ravikumar (CRC),2019-2019,2019,2019,0,3,3,1,40,29*,29,1,20,44,90.9,0,0,1,3,1, 13.33 ,0.00,0.00,48.36
Sahibzada Farhan (PAK),2018-2018,2018,2018,0,3,3,0,40,39,39,0,13.33,46,86.95,0,0,1,2,3, 13.33 ,0.00,0.00,42.78
F Stoman (PORT),2019-2019,2019,2019,0,4,4,1,40,21*,21,1,13.33,61,65.57,0,0,0,1,1, 10.00 ,0.00,0.00,34.23
Talha Khan (GER),2019-2019,2019,2019,0,1,1,1,40,40*,40,1,-,41,97.56,0,0,0,4,0, 40.00 ,0.00,0.00,#VALUE!
Tariq Aziz (PORT),2019-2019,2019,2019,0,4,4,1,40,23,23,0,13.33,47,85.1,0,0,1,1,2, 10.00 ,0.00,0.00,42.04
KDK Vithanage (SL),2014-2016,2014,2016,2,3,3,0,40,38,38,0,13.33,34,117.64,0,0,0,7,0, 13.33 ,0.00,0.00,55.05
RR David (CAN),2008-2008,2008,2008,0,4,4,0,39,17,17,0,9.75,65,60,0,0,0,2,1, 9.75 ,0.00,0.00,29.85
Imran Khan (PORT),2019-2019,2019,2019,0,4,3,1,39,36,36,0,19.5,32,121.87,0,0,0,2,3, 9.75 ,0.00,0.00,60.45
Munir Dar (HKG),2014-2014,2014,2014,0,2,2,0,39,36,36,0,19.5,33,118.18,0,0,0,3,1, 19.50 ,0.00,0.00,58.97
Rafatullah Mohmand (PAK),2015-2015,2015,2015,0,3,3,0,39,23,23,0,13,45,86.66,0,0,1,4,0, 13.00 ,0.00,0.00,42.46
P Silas (Botsw),2019-2019,2019,2019,0,4,3,0,39,20,20,0,13,44,88.63,0,0,0,1,1, 9.75 ,0.00,0.00,43.25
S Tobgay (BHU),2019-2019,2019,2019,0,2,2,0,39,24,24,0,19.5,58,67.24,0,0,0,1,0, 19.50 ,0.00,0.00,38.60
PA van Meekeren (NL),2013-2019,2013,2019,6,41,9,1,39,18,18,0,4.87,40,97.5,0,0,3,0,3, 0.95 ,0.00,0.00,41.92
RI Ahmed (NL),2015-2015,2015,2015,0,2,2,0,38,25,25,0,19,50,76,0,0,0,2,0, 19.00 ,0.00,0.00,41.80
Ameer Saiyed (Botsw),2019-2019,2019,2019,0,4,3,0,38,22,22,0,12.66,47,80.85,0,0,0,4,0, 9.50 ,0.00,0.00,39.94
R Flannigan (SCOT),2012-2012,2012,2012,0,4,4,1,38,18,18,0,12.66,33,115.15,0,0,1,4,0, 9.50 ,0.00,0.00,53.66
D Kansonkho (MWI),2019-2019,2019,2019,0,7,4,0,38,21,21,0,9.5,47,80.85,0,0,2,5,0, 5.43 ,0.00,0.00,38.04
AK Kitchen (NZ),2017-2018,2017,2018,1,5,4,1,38,16,16,0,12.66,32,118.75,0,0,0,3,1, 7.60 ,0.00,0.00,55.10
BF Mailata (Samoa),2019-2019,2019,2019,0,4,4,0,38,17,17,0,9.5,48,79.16,0,0,0,2,1, 9.50 ,0.00,0.00,37.36
Mohammad Amin (KUW),2019-2019,2019,2019,0,4,4,2,38,15*,15,1,19,39,97.43,0,0,0,5,0, 9.50 ,0.00,0.00,50.37
D Mongia (INDIA),2006-2006,2006,2006,0,1,1,0,38,38,38,0,38,45,84.44,0,0,0,4,1, 38.00 ,0.00,0.00,56.58
F Mutizwa (ZIM),2011-2012,2011,2012,1,3,3,0,38,22,22,0,12.66,36,105.55,0,0,1,3,0, 12.67 ,0.00,0.00,49.82
H Pragji (Botsw),2019-2019,2019,2019,0,4,4,1,38,30*,30,1,12.66,65,58.46,0,0,0,1,0, 9.50 ,0.00,0.00,30.98
BJ Watling (NZ),2009-2014,2009,2014,5,5,4,0,38,22,22,0,9.5,58,65.51,0,0,0,3,0, 7.60 ,0.00,0.00,31.90
SJ Benn (WI),2008-2016,2008,2016,8,24,7,4,37,13*,13,1,12.33,42,88.09,0,0,1,5,1, 1.54 ,0.00,0.00,42.63
VD Chandra (PNM),2019-2019,2019,2019,0,3,2,0,37,26,26,0,18.5,30,123.33,0,0,0,3,3, 12.33 ,0.00,0.00,60.43
I Danladi (NGA),2019-2019,2019,2019,0,3,2,0,37,37,37,0,18.5,38,97.36,0,0,1,4,1, 12.33 ,0.00,0.00,50.04
CJ Delany (GIBR),2019-2019,2019,2019,0,4,4,0,37,21,21,0,9.25,60,61.66,0,0,1,2,0, 9.25 ,0.00,0.00,30.21
JS Foster (ENG),2009-2009,2009,2009,0,5,5,2,37,14*,14,1,12.33,32,115.62,0,0,0,0,1, 7.40 ,0.00,0.00,53.65
RM Hira (NZ),2012-2013,2012,2013,1,15,3,1,37,20*,20,1,18.5,33,112.12,0,0,0,4,1, 2.47 ,0.00,0.00,55.95
J Hirschi (MALTA),2019-2019,2019,2019,0,4,4,0,37,13,13,0,9.25,62,59.67,0,0,0,0,0, 9.25 ,0.00,0.00,29.42
AF Ifill (Caym),2019-2019,2019,2019,0,6,6,1,37,9,9,0,7.4,61,60.65,0,0,0,2,1, 6.17 ,0.00,0.00,28.70
R Kumar (ROM),2019-2019,2019,2019,0,4,3,1,37,32,32,0,18.5,27,137.03,0,0,0,6,0, 9.25 ,0.00,0.00,65.91
D Manani (ROM),2019-2019,2019,2019,0,2,2,1,37,19*,19,1,37,32,115.62,0,0,0,4,1, 18.50 ,0.00,0.00,68.45
S Sola (Samoa),2019-2019,2019,2019,0,4,3,0,37,18,18,0,12.33,36,102.77,0,0,0,1,3, 9.25 ,0.00,0.00,48.51
CA Soper (PNG),2015-2019,2015,2019,4,13,6,4,37,19,19,0,18.5,41,90.24,0,0,0,0,3, 2.85 ,0.00,0.00,47.20
BM Wheeler (NZ),2017-2018,2017,2018,1,6,4,2,37,30,30,0,18.5,28,132.14,0,0,0,3,2, 6.17 ,0.00,0.00,63.96
RJ Campbell (HKG),2016-2016,2016,2016,0,3,3,0,36,27,27,0,12,47,76.59,0,0,1,6,0, 12.00 ,0.00,0.00,37.84
TK Curran (ENG),2017-2019,2017,2019,2,15,6,4,36,14*,14,1,18,27,133.33,0,0,0,0,3, 2.40 ,0.00,0.00,64.13
J Dunn (VAN),2019-2019,2019,2019,0,4,3,0,36,23,23,0,12,41,87.8,0,0,0,0,1, 9.00 ,0.00,0.00,42.32
J Jojo (DEN),2019-2019,2019,2019,0,7,5,3,36,13,13,0,18,27,133.33,0,0,0,1,1, 5.14 ,0.00,0.00,64.13
TE Kane (IRE),2015-2019,2015,2019,4,7,3,1,36,26*,26,1,18,23,156.52,0,0,0,5,0, 5.14 ,0.00,0.00,73.41
Mohammed Qasim (UAE),2016-2017,2016,2017,1,3,3,1,36,13*,13,1,18,51,70.58,0,0,0,2,0, 12.00 ,0.00,0.00,39.03
Mohsin Hub (Peru),2019-2019,2019,2019,0,4,4,1,36,16*,16,1,12,41,87.8,0,0,1,2,0, 9.00 ,0.00,0.00,42.32
PA Patel (INDIA),2011-2011,2011,2011,0,2,2,0,36,26,26,0,18,32,112.5,0,0,0,4,1, 18.00 ,0.00,0.00,55.80
Abdul Shakoor (UAE),2015-2019,2015,2019,4,6,4,2,35,20*,20,1,17.5,40,87.5,0,0,0,3,0, 5.83 ,0.00,0.00,45.50
MP Biddappa (PHI),2019-2019,2019,2019,0,4,2,1,35,22*,22,1,35,47,74.46,0,0,0,1,1, 8.75 ,0.00,0.00,50.78
STR Binny (INDIA),2015-2016,2015,2016,1,3,2,0,35,24,24,0,17.5,29,120.68,0,0,0,2,1, 11.67 ,0.00,0.00,58.77
PJ Cummins (AUS),2011-2019,2011,2019,8,25,11,4,35,13,13,0,5,37,94.59,0,0,2,2,1, 1.40 ,0.00,0.00,40.84
SM Curran (ENG),2019-2019,2019,2019,0,5,3,0,35,24,24,0,11.66,23,152.17,0,0,0,3,2, 7.00 ,0.00,0.00,67.86
CD de Lange (SCOT),2015-2017,2015,2017,2,8,3,0,35,22,22,0,11.66,22,159.09,0,0,0,2,2, 4.38 ,0.00,0.00,70.63
L Hermida (Mex),2019-2019,2019,2019,0,5,5,2,35,12,12,0,11.66,52,67.3,0,0,0,1,0, 7.00 ,0.00,0.00,33.92
JN Malan (SA),2019-2019,2019,2019,0,2,2,0,35,33,33,0,17.5,37,94.59,0,0,0,3,2, 17.50 ,0.00,0.00,48.34
VV Morea (PNG),2015-2017,2015,2017,2,5,5,0,35,19,19,0,7,44,79.54,0,0,1,4,0, 7.00 ,0.00,0.00,36.02
D Murphy (SCOT),2013-2013,2013,2013,0,4,4,3,35,20,20,0,35,35,100,0,0,0,1,0, 8.75 ,0.00,0.00,61.00
Nazakat Ali (NOR),2019-2019,2019,2019,0,2,2,0,35,25,25,0,17.5,31,112.9,0,0,0,1,3, 17.50 ,0.00,0.00,55.66
Shuvagata Hom (BDESH),2016-2016,2016,2016,0,5,4,2,35,16*,16,1,17.5,35,100,0,0,0,3,1, 7.00 ,0.00,0.00,50.50
Sultan Ahmed (UAE),2017-2019,2017,2019,2,17,9,3,35,11,11,0,5.83,37,94.59,0,0,3,0,2, 2.06 ,0.00,0.00,41.33
DK Anefie (Ghana),2019-2019,2019,2019,0,4,4,2,34,18*,18,1,17,38,89.47,0,0,1,2,0, 8.50 ,0.00,0.00,45.99
Arafat Sunny (BDESH),2014-2016,2014,2016,2,10,6,3,34,10,10,0,11.33,30,113.33,0,0,0,3,1, 3.40 ,0.00,0.00,52.13
Hammad Azam (PAK),2012-2013,2012,2013,1,5,4,1,34,21,21,0,11.33,34,100,0,0,0,3,1, 6.80 ,0.00,0.00,46.80
Nadeem Ahmed (HKG),2014-2017,2014,2017,3,24,9,4,34,10,10,0,6.8,55,61.81,0,0,1,2,0, 1.42 ,0.00,0.00,28.80
JD Nel (SCOT),2007-2010,2007,2010,3,10,5,2,34,13*,13,1,11.33,25,136,0,0,1,3,1, 3.40 ,0.00,0.00,61.20
OL Pitcher (BMUDA),2008-2008,2008,2008,0,3,3,0,34,15,15,0,11.33,53,64.15,0,0,0,1,0, 11.33 ,0.00,0.00,32.46
S Rakshit (CZK-R),2019-2019,2019,2019,0,7,5,1,34,15,15,0,8.5,44,77.27,0,0,1,5,0, 4.86 ,0.00,0.00,36.01
Saqib Zulfiqar (NL),2018-2019,2018,2019,1,6,4,0,34,18,18,0,8.5,43,79.06,0,0,0,1,0, 5.67 ,0.00,0.00,36.72
JTS Sumerauer (JER),2019-2019,2019,2019,0,8,6,1,34,13,13,0,6.8,39,87.17,0,0,0,3,0, 4.25 ,0.00,0.00,38.95
W Viraliliu (VAN),2019-2019,2019,2019,0,10,7,3,34,13*,13,1,8.5,26,130.76,0,0,0,3,2, 3.40 ,0.00,0.00,57.40
PSP Handscomb (AUS),2019-2019,2019,2019,0,2,2,1,33,20*,20,1,33,33,100,0,0,0,1,0, 16.50 ,0.00,0.00,59.80
GO Jones (ENG),2005-2006,2005,2006,1,2,2,1,33,19,19,0,33,25,132,0,0,0,5,0, 16.50 ,0.00,0.00,72.60
FJ Klaassen (NL),2018-2019,2018,2019,1,21,7,1,33,13,13,0,5.5,34,97.05,0,0,1,2,0, 1.57 ,0.00,0.00,42.12
MF Maharoof (SL),2006-2016,2006,2016,10,8,5,1,33,13*,13,1,8.25,43,76.74,0,0,1,0,1, 4.13 ,0.00,0.00,35.65
CB Mpofu (ZIM),2008-2019,2008,2019,11,30,10,6,33,17*,17,1,8.25,40,82.5,0,0,3,3,1, 1.10 ,0.00,0.00,37.95
K Nestor (GIBR),2019-2019,2019,2019,0,4,4,1,33,16,16,0,11,35,94.28,0,0,0,1,2, 8.25 ,0.00,0.00,44.31
I Pandey (NEPAL),2019-2019,2019,2019,0,4,4,0,33,22,22,0,8.25,50,66,0,0,0,5,0, 8.25 ,0.00,0.00,31.35
RJMGM Rupasinghe (SL),2009-2009,2009,2009,0,2,2,0,33,18,18,0,16.5,39,84.61,0,0,0,2,0, 16.50 ,0.00,0.00,43.74
Simandeep Singh (HKG),2019-2019,2019,2019,0,7,7,2,33,14*,14,1,6.6,32,103.12,0,0,0,2,0, 4.71 ,0.00,0.00,45.21
WPUJC Vaas (SL),2006-2007,2006,2007,1,6,2,1,33,21,21,0,33,41,80.48,0,0,0,1,0, 5.50 ,0.00,0.00,51.99
AA Westphal (Mex),2019-2019,2019,2019,0,5,5,0,33,24,24,0,6.6,40,82.5,0,0,0,3,0, 6.60 ,0.00,0.00,36.96
Abdul Wahid (Saudi),2019-2019,2019,2019,0,5,3,1,32,17*,17,1,16,26,123.07,0,0,0,4,1, 6.40 ,0.00,0.00,58.83
KS Bagabena (Ghana),2019-2019,2019,2019,0,4,3,2,32,23*,23,1,32,32,100,0,0,1,1,0, 8.00 ,0.00,0.00,59.20
WD Balaji Rao (CAN),2008-2008,2008,2008,0,4,4,1,32,22*,22,1,10.66,30,106.66,0,0,1,1,2, 8.00 ,0.00,0.00,49.06
SE Findlay (WI),2008-2008,2008,2008,0,2,2,0,32,19,19,0,16,31,103.22,0,0,0,4,0, 16.00 ,0.00,0.00,50.89
TG Gordon (CAN),2012-2012,2012,2012,0,3,3,0,32,23,23,0,10.66,37,86.48,0,0,0,3,0, 10.67 ,0.00,0.00,40.99
LHB Harrington-Myers (Caym),2019-2019,2019,2019,0,4,4,1,32,17*,17,1,10.66,39,82.05,0,0,1,1,1, 8.00 ,0.00,0.00,39.22
Khizer Ahmed (NOR),2019-2019,2019,2019,0,5,4,2,32,18,18,0,16,47,68.08,0,0,0,1,0, 6.40 ,0.00,0.00,36.83
GA Lamb (ZIM),2010-2010,2010,2010,0,5,4,2,32,14*,14,1,16,54,59.25,0,0,1,1,0, 6.40 ,0.00,0.00,33.30
GH O'Brien (BMUDA),2008-2019,2008,2019,11,11,6,2,32,7*,7,1,8,38,84.21,0,0,1,1,2, 2.91 ,0.00,0.00,38.48
SNJ O'Keefe (AUS),2010-2011,2010,2011,1,7,5,0,32,22,22,0,6.4,26,123.07,0,0,0,4,1, 4.57 ,0.00,0.00,53.07
Shiraz Khan (KUW),2019-2019,2019,2019,0,6,5,1,32,16*,16,1,8,27,118.51,0,0,1,2,1, 5.33 ,0.00,0.00,52.20
KRP Silva (USA),2019-2019,2019,2019,0,2,2,0,32,25,25,0,16,12,266.66,0,0,0,2,3, 16.00 ,0.00,0.00,116.26
J Theron (SA),2010-2012,2010,2012,2,9,3,3,32,31*,31,1,-,21,152.38,0,0,0,3,1, 3.56 ,0.00,0.00,#VALUE!
JC Tredwell (ENG),2012-2014,2012,2014,2,17,6,3,32,22,22,0,10.66,20,160,0,0,1,4,1, 1.88 ,0.00,0.00,70.40
TR Birt (AUS),2010-2012,2010,2012,2,4,3,0,31,17,17,0,10.33,33,93.93,0,0,0,3,1, 7.75 ,0.00,0.00,43.77
PVD Chameera (SL),2015-2018,2015,2018,3,19,10,6,31,12,12,0,7.75,40,77.5,0,0,2,3,0, 1.63 ,0.00,0.00,35.65
P Chandran (Mex),2019-2019,2019,2019,0,3,3,0,31,23,23,0,10.33,47,65.95,0,0,1,2,1, 10.33 ,0.00,0.00,32.58
R Dravid (INDIA),2011-2011,2011,2011,0,1,1,0,31,31,31,0,31,21,147.61,0,0,0,0,3, 31.00 ,0.00,0.00,77.64
V Ganesan (GER),2019-2019,2019,2019,0,4,4,0,31,15,15,0,7.75,42,73.8,0,0,0,0,0, 7.75 ,0.00,0.00,34.17
Jahurul Islam (BDESH),2010-2013,2010,2013,3,3,3,0,31,18,18,0,10.33,23,134.78,0,0,0,3,1, 10.33 ,0.00,0.00,60.11
Jasdeep Singh (USA),2019-2019,2019,2019,0,4,2,0,31,31,31,0,15.5,25,124,0,0,1,0,3, 7.75 ,0.00,0.00,58.90
AS Mehmi (),2019-2019,2019,2019,0,3,2,1,31,21*,21,1,31,29,106.89,0,0,0,2,1, 10.33 ,0.00,0.00,61.36
RG Mukasa (UGA),2019-2019,2019,2019,0,4,4,0,31,14,14,0,7.75,40,77.5,0,0,0,1,0, 7.75 ,0.00,0.00,35.65
PA Nixon (ENG),2007-2007,2007,2007,0,1,1,1,31,31*,31,1,-,22,140.9,0,0,0,2,1, 31.00 ,0.00,0.00,#VALUE!
H Osinde (CAN),2008-2013,2008,2013,5,11,6,2,31,17,17,0,7.75,34,91.17,0,0,0,1,2, 2.82 ,0.00,0.00,41.12
VS Padhaal (Fin),2019-2019,2019,2019,0,5,5,0,31,14,14,0,6.2,44,70.45,0,0,0,4,0, 6.20 ,0.00,0.00,31.90
D Sheeli (KUW),2019-2019,2019,2019,0,3,3,0,31,19,19,0,10.33,32,96.87,0,0,0,3,0, 10.33 ,0.00,0.00,44.95
ACF Stokes (GUE),2019-2019,2019,2019,0,7,5,0,31,16,16,0,6.2,26,119.23,0,0,3,6,0, 4.43 ,0.00,0.00,51.41
Tafseer Ali (NOR),2019-2019,2019,2019,0,5,4,1,31,19,19,0,10.33,53,58.49,0,0,0,1,0, 6.20 ,0.00,0.00,29.59
Zubaidi Zulkifle (MAL),2019-2019,2019,2019,0,4,4,0,31,22,22,0,7.75,29,106.89,0,0,1,2,2, 7.75 ,0.00,0.00,47.41
D Cato (Caym),2019-2019,2019,2019,0,3,3,0,30,20,20,0,10,59,50.84,0,0,0,2,0, 10.00 ,0.00,0.00,26.34
WW Hinds (WI),2006-2010,2006,2010,4,5,5,1,30,14,14,0,7.5,41,73.17,0,0,1,3,0, 6.00 ,0.00,0.00,33.77
LC Le Tissier (GUE),2019-2019,2019,2019,0,9,7,2,30,9,9,0,6,29,103.44,0,0,0,2,0, 3.33 ,0.00,0.00,44.98
Mian Mehmood (PORT),2019-2019,2019,2019,0,4,4,0,29,13,13,0,7.25,41,70.73,0,0,1,1,1, 7.25 ,0.00,0.00,32.64
SH Obed (VAN),2019-2019,2019,2019,0,12,7,2,29,9,9,0,5.8,41,70.73,0,0,0,1,0, 2.42 ,0.00,0.00,31.77
S Rossi (Arg),2019-2019,2019,2019,0,5,4,1,29,13,13,0,9.66,27,107.4,0,0,0,2,1, 5.80 ,0.00,0.00,48.76
J Salazar (Peru),2019-2019,2019,2019,0,2,2,1,29,20*,20,1,29,36,80.55,0,0,0,0,0, 14.50 ,0.00,0.00,49.62
Taskin Ahmed (BDESH),2014-2018,2014,2018,4,19,6,3,29,15*,15,1,9.66,31,93.54,0,0,1,3,1, 1.53 ,0.00,0.00,43.21
DT Tiripano (ZIM),2016-2019,2016,2019,3,10,6,2,29,14,14,0,7.25,34,85.29,0,0,2,0,2, 2.90 ,0.00,0.00,38.47
C Zavoiu (ROM),2019-2019,2019,2019,0,3,2,0,29,27,27,0,14.5,39,74.35,0,0,0,3,0, 9.67 ,0.00,0.00,38.44
Ahsan Malik (NL),2012-2017,2012,2017,5,31,8,5,28,11*,11,1,9.33,30,93.33,0,0,1,1,1, 0.90 ,0.00,0.00,42.93
KK Ahuja (Mex),2019-2019,2019,2019,0,8,7,0,28,8,8,0,4,50,56,0,0,1,1,1, 3.50 ,0.00,0.00,24.80
Amjad Khan (UAE),2015-2016,2015,2016,1,4,3,0,28,24,24,0,9.33,30,93.33,0,0,0,3,1, 7.00 ,0.00,0.00,42.93
EJB Miles (JER),2019-2019,2019,2019,0,14,4,2,28,16,16,0,14,31,90.32,0,0,0,1,0, 2.00 ,0.00,0.00,44.53
A Nehra (INDIA),2009-2017,2009,2017,8,27,5,0,28,22,22,0,5.6,39,71.79,0,0,3,1,2, 1.04 ,0.00,0.00,32.08
PJ Ongondo (KENYA),2007-2008,2007,2008,1,8,6,0,28,16,16,0,4.66,23,121.73,0,0,2,1,2, 3.50 ,0.00,0.00,51.49
CW Perchard (JER),2019-2019,2019,2019,0,15,5,2,28,12,12,0,9.33,35,80,0,0,0,0,0, 1.87 ,0.00,0.00,37.60
R Pillai (GER),2019-2019,2019,2019,0,6,5,1,28,14,14,0,7,44,63.63,0,0,1,1,0, 4.67 ,0.00,0.00,29.65
Sharafuddin Ashraf (AFG),2015-2019,2015,2019,4,8,4,1,28,18,18,0,9.33,29,96.55,0,0,0,1,1, 3.50 ,0.00,0.00,44.22
Ahmed Wardak (GER),2019-2019,2019,2019,0,9,4,2,27,20*,20,1,13.5,38,71.05,0,0,0,1,0, 3.00 ,0.00,0.00,36.52
TP Allen (USA),2019-2019,2019,2019,0,5,3,1,27,11*,11,1,13.5,17,158.82,0,0,0,0,3, 5.40 ,0.00,0.00,71.63
G Bakiweyem (Ghana),2019-2019,2019,2019,0,3,2,1,27,15*,15,1,27,30,90,0,0,0,0,0, 9.00 ,0.00,0.00,52.20
TC Barker (LUX),2019-2019,2019,2019,0,4,4,0,27,18,18,0,6.75,33,81.81,0,0,0,1,0, 6.75 ,0.00,0.00,36.77
NE Bonner (WI),2011-2012,2011,2012,1,2,2,0,27,24,24,0,13.5,38,71.05,0,0,0,2,0, 13.50 ,0.00,0.00,36.52
DT Christian (AUS),2010-2017,2010,2017,7,16,7,3,27,9,9,0,6.75,28,96.42,0,0,1,2,0, 1.69 ,0.00,0.00,42.62
RM Dorji (BHU),2019-2019,2019,2019,0,1,1,0,27,27,27,0,27,23,117.39,0,0,0,0,4, 27.00 ,0.00,0.00,63.16
H Fennell (Arg),2019-2019,2019,2019,0,5,5,2,27,25*,25,1,9,23,117.39,0,0,3,4,1, 5.40 ,0.00,0.00,52.36
S Hongsi (THAI),2019-2019,2019,2019,0,3,3,3,27,11*,11,1,-,16,168.75,0,0,0,3,1, 9.00 ,0.00,0.00,#VALUE!
Mohammad Iqbal (CAN),2008-2008,2008,2008,0,3,3,0,27,22,22,0,9,39,69.23,0,0,0,1,0, 9.00 ,0.00,0.00,33.09
Nadif Chowdhury (BDESH),2006-2007,2006,2007,1,3,3,0,27,12,12,0,9,23,117.39,0,0,0,2,0, 9.00 ,0.00,0.00,52.36
SS Pathirana (SL),2016-2017,2016,2017,1,5,5,0,27,14,14,0,5.4,24,112.5,0,0,0,3,0, 5.40 ,0.00,0.00,48.24
Shapoor Zadran (AFG),2010-2018,2010,2018,8,34,13,6,27,13,13,0,3.85,65,41.53,0,0,3,0,3, 0.79 ,0.00,0.00,18.92
Shoaib Qureshi (Fin),2019-2019,2019,2019,0,5,4,0,27,12,12,0,6.75,34,79.41,0,0,1,2,0, 5.40 ,0.00,0.00,35.81
MP Vaughan (ENG),2005-2007,2005,2007,2,2,2,0,27,27,27,0,13.5,22,122.72,0,0,1,4,0, 13.50 ,0.00,0.00,57.19
Waqas Ali (Belg),2019-2019,2019,2019,0,2,2,0,27,14,14,0,13.5,31,87.09,0,0,0,0,2, 13.50 ,0.00,0.00,42.94
Zulfiqar Babar (PAK),2013-2014,2013,2014,1,7,3,3,27,13*,13,1,-,27,100,0,0,0,2,1, 3.86 ,0.00,0.00,#VALUE!
Arsalan Arif (Aut),2019-2019,2019,2019,0,2,1,1,26,26*,26,1,-,11,236.36,0,0,0,5,0, 13.00 ,0.00,0.00,#VALUE!
TB de Bruyn (SA),2017-2017,2017,2017,0,2,2,0,26,19,19,0,13,16,162.5,0,0,0,3,1, 13.00 ,0.00,0.00,72.80
D Ganga (WI),2006-2006,2006,2006,0,1,1,0,26,26,26,0,26,31,83.87,0,0,0,3,1, 26.00 ,0.00,0.00,49.15
R Goodwin (PHI),2019-2019,2019,2019,0,4,4,1,26,16*,16,1,8.66,36,72.22,0,0,1,1,0, 6.50 ,0.00,0.00,34.08
Izatullah Dawlatzai (AFG/GER),2012-2019,2012,2019,7,14,3,2,26,24*,24,1,26,16,162.5,0,0,0,2,2, 1.86 ,0.00,0.00,80.60
G Kansonkho (MWI),2019-2019,2019,2019,0,6,3,1,26,22,22,0,13,21,123.8,0,0,1,4,0, 4.33 ,0.00,0.00,57.32
TJ Murtagh (IRE),2012-2016,2012,2016,4,14,5,3,26,12*,12,1,13,25,104,0,0,0,0,1, 1.86 ,0.00,0.00,49.40
LN Oluoch (KENYA),2013-2019,2013,2019,6,10,6,3,26,7*,7,1,8.66,33,78.78,0,0,0,2,0, 2.60 ,0.00,0.00,36.71
E Otieno (KENYA),2012-2019,2012,2019,7,18,8,3,26,8,8,0,5.2,48,54.16,0,0,1,0,1, 1.44 ,0.00,0.00,24.78
TK Saha (Fin),2019-2019,2019,2019,0,4,4,3,26,18*,18,1,26,23,113.04,0,0,0,1,0, 6.50 ,0.00,0.00,60.82
Washington Sundar (INDIA),2017-2019,2017,2019,2,18,5,3,26,14*,14,1,13,12,216.66,0,0,1,1,3, 1.44 ,0.00,0.00,94.46
C Wright (Caym),2019-2019,2019,2019,0,6,5,2,26,16*,16,1,8.66,31,83.87,0,0,1,2,0, 4.33 ,0.00,0.00,38.74
P Agnihotri (NOR),2019-2019,2019,2019,0,2,2,0,25,19,19,0,12.5,36,69.44,0,0,0,2,0, 12.50 ,0.00,0.00,35.28
Asrar Ahmed (),2019-2019,2019,2019,0,3,1,0,25,25,25,0,25,27,92.59,0,0,0,2,0, 8.33 ,0.00,0.00,52.04
RA Bhatti (CAN),2012-2012,2012,2012,0,4,4,1,25,11*,11,1,8.33,37,67.56,0,0,1,1,0, 6.25 ,0.00,0.00,32.02
AM Ellis (NZ),2012-2013,2012,2013,1,5,5,2,25,16,16,0,8.33,21,119.04,0,0,0,1,1, 5.00 ,0.00,0.00,52.61
CRD Fernando (SL),2006-2016,2006,2016,10,18,7,2,25,21,21,0,5,27,92.59,0,0,2,4,0, 1.39 ,0.00,0.00,40.04
G Goudie (SCOT),2010-2013,2010,2013,3,9,6,2,25,9*,9,1,6.25,20,125,0,0,0,2,1, 2.78 ,0.00,0.00,53.75
T Jamtsho (BHU),2019-2019,2019,2019,0,2,2,1,25,19,19,0,25,27,92.59,0,0,0,1,1, 12.50 ,0.00,0.00,52.04
JH Kiani (PHI),2019-2019,2019,2019,0,4,3,1,25,13,13,0,12.5,36,69.44,0,0,0,2,0, 6.25 ,0.00,0.00,35.28
RK Kleinveldt (SA),2008-2013,2008,2013,5,6,3,2,25,22,22,0,25,10,250,0,0,0,1,3, 4.17 ,0.00,0.00,115.00
WP Masakadza (ZIM),2015-2019,2015,2019,4,12,6,3,25,6*,6,1,8.33,30,83.33,0,0,0,2,0, 2.08 ,0.00,0.00,38.33
G Murali (CRC),2019-2019,2019,2019,0,3,3,0,25,14,14,0,8.33,44,56.81,0,0,0,1,0, 8.33 ,0.00,0.00,27.72
PM Nevill (AUS),2016-2016,2016,2016,0,9,5,4,25,10*,10,1,25,11,227.27,0,0,0,1,2, 2.78 ,0.00,0.00,105.91
SA Okpe (NGA),2019-2019,2019,2019,0,8,6,1,25,12,12,0,5,46,54.34,0,0,0,1,0, 3.13 ,0.00,0.00,24.74
C Pengkumta (THAI),2019-2019,2019,2019,0,4,3,2,25,18,18,0,25,31,80.64,0,0,0,2,0, 6.25 ,0.00,0.00,47.26
Raza-ur-Rehman (CAN),2012-2013,2012,2013,1,5,4,0,25,10,10,0,6.25,29,86.2,0,0,0,3,0, 5.00 ,0.00,0.00,38.23
Shahbaz Badar (BAH),2019-2019,2019,2019,0,3,3,0,25,16,16,0,8.33,32,78.12,0,0,1,3,0, 8.33 ,0.00,0.00,36.25
Shahriar Nafees (BDESH),2006-2006,2006,2006,0,1,1,0,25,25,25,0,25,17,147.05,0,0,0,3,1, 25.00 ,0.00,0.00,73.82
Sidhant Singh (SGP),2019-2019,2019,2019,0,8,6,2,25,12,12,0,6.25,26,96.15,0,0,1,1,1, 3.13 ,0.00,0.00,42.21
A Srivastav (Chile),2019-2019,2019,2019,0,4,4,0,25,21,21,0,6.25,37,67.56,0,0,2,2,0, 6.25 ,0.00,0.00,30.77
Tahir Dar (BAH),2019-2019,2019,2019,0,4,2,0,25,15,15,0,12.5,25,100,0,0,0,1,2, 6.25 ,0.00,0.00,47.50
Vinod Kumar (ESP),2019-2019,2019,2019,0,3,3,1,25,17,17,0,12.5,30,83.33,0,0,0,3,0, 8.33 ,0.00,0.00,40.83
Adil Hanif (BAH),2019-2019,2019,2019,0,4,2,0,24,16,16,0,12,23,104.34,0,0,0,3,0, 6.00 ,0.00,0.00,48.94
Azyan Farhath (Mald),2019-2019,2019,2019,0,2,2,1,24,22*,22,1,24,22,109.09,0,0,0,2,0, 12.00 ,0.00,0.00,58.04
MO Bacarese (GIBR),2019-2019,2019,2019,0,3,2,0,24,13,13,0,12,37,64.86,0,0,0,0,1, 8.00 ,0.00,0.00,33.14
OO Bascome (BMUDA),2008-2019,2008,2019,11,3,3,0,24,16,16,0,8,29,82.75,0,0,0,3,0, 8.00 ,0.00,0.00,37.90
Bilal Tahir (KUW),2019-2019,2019,2019,0,4,4,0,24,13,13,0,6,21,114.28,0,0,1,1,1, 6.00 ,0.00,0.00,49.31
JW Dernbach (ENG),2011-2014,2011,2014,3,34,7,2,24,12,12,0,4.8,21,114.28,0,0,1,3,0, 0.71 ,0.00,0.00,48.59
Fareed Ahmad (AFG),2016-2019,2016,2019,3,14,1,1,24,24*,24,1,-,15,160,0,0,0,4,0, 1.71 ,0.00,0.00,#VALUE!
JN Gillespie (AUS),2005-2005,2005,2005,0,1,1,0,24,24,24,0,24,18,133.33,0,0,0,4,0, 24.00 ,0.00,0.00,67.73
B Ivanov (),2019-2019,2019,2019,0,3,3,1,24,14,14,0,12,55,43.63,0,0,0,1,0, 8.00 ,0.00,0.00,24.65
Jagjit Singh (Peru),2019-2019,2019,2019,0,4,4,0,24,12,12,0,6,30,80,0,0,0,1,0, 6.00 ,0.00,0.00,35.60
MJ McClenaghan (ICC/NZ),2012-2018,2012,2018,6,29,8,4,24,10,10,0,6,23,104.34,0,0,2,1,2, 0.83 ,0.00,0.00,45.34
Rameez Raja (2) (PAK),2011-2011,2011,2011,0,2,2,0,24,23,23,0,12,29,82.75,0,0,0,2,0, 12.00 ,0.00,0.00,40.30
B Regmi (NEPAL),2014-2019,2014,2019,5,18,11,4,24,11,11,0,3.42,56,42.85,0,0,1,2,0, 1.33 ,0.00,0.00,19.19
CP Schofield (ENG),2007-2007,2007,2007,0,4,4,3,24,9*,9,1,24,20,120,0,0,0,2,0, 6.00 ,0.00,0.00,62.40
KJ Abbott (SA),2013-2016,2013,2016,3,21,6,4,23,9*,9,1,11.5,20,115,0,0,0,2,0, 1.10 ,0.00,0.00,52.90
AB Barath (WI),2010-2011,2010,2011,1,2,2,0,23,15,15,0,11.5,39,58.97,0,0,0,3,0, 11.50 ,0.00,0.00,30.49
Bilawal Bhatti (PAK),2013-2015,2013,2015,2,9,4,2,23,13*,13,1,11.5,14,164.28,0,0,1,2,1, 2.56 ,0.00,0.00,72.61
DL Brangman (BMUDA),2019-2019,2019,2019,0,5,4,2,23,23*,23,1,11.5,25,92,0,0,2,2,1, 4.60 ,0.00,0.00,43.70
C Floyd (NL),2019-2019,2019,2019,0,2,2,1,23,21,21,0,23,23,100,0,0,0,2,1, 11.50 ,0.00,0.00,53.80
Habib Ahmadzai (Aut),2019-2019,2019,2019,0,5,3,2,23,15*,15,1,23,29,79.31,0,0,0,2,1, 4.60 ,0.00,0.00,45.52
Hardev Singh (Chile),2019-2019,2019,2019,0,3,3,0,23,17,17,0,7.66,48,47.91,0,0,0,1,0, 7.67 ,0.00,0.00,23.76
Imran Anwar (BAH),2019-2019,2019,2019,0,4,2,1,23,16*,16,1,23,22,104.54,0,0,0,2,0, 5.75 ,0.00,0.00,55.62
RK Inampud (Mex),2019-2019,2019,2019,0,3,3,2,23,17*,17,1,23,28,82.14,0,0,0,0,1, 7.67 ,0.00,0.00,46.66
B Kumar (INDIA),2012-2019,2012,2019,7,43,9,5,23,9,9,0,5.75,29,79.31,0,0,1,0,0, 0.53 ,0.00,0.00,35.17
S Lamichhane (ICC/NEPAL),2018-2019,2018,2019,1,18,8,4,23,9,9,0,5.75,29,79.31,0,0,1,1,0, 1.28 ,0.00,0.00,35.17
N Master (Botsw),2019-2019,2019,2019,0,2,2,0,23,21,21,0,11.5,18,127.77,0,0,0,4,0, 11.50 ,0.00,0.00,58.01
T Panyangara (ZIM),2013-2016,2013,2016,3,14,5,4,23,17*,17,1,23,17,135.29,0,0,0,1,2, 1.64 ,0.00,0.00,67.92
VM Sachdev (PNM),2019-2019,2019,2019,0,2,2,1,23,12*,12,1,23,31,74.19,0,0,0,2,0, 11.50 ,0.00,0.00,43.48
Shafiul Islam (BDESH),2010-2019,2010,2019,9,17,6,1,23,16,16,0,4.6,33,69.69,0,0,1,1,1, 1.35 ,0.00,0.00,30.64
S Sohal (USA),2019-2019,2019,2019,0,3,2,0,23,18,18,0,11.5,29,79.31,0,0,0,1,1, 7.67 ,0.00,0.00,38.62
A Zampa (AUS),2016-2019,2016,2019,3,27,6,4,23,9,9,0,11.5,26,88.46,0,0,0,2,0, 0.85 ,0.00,0.00,42.28
Zulqarnain Haider (PAK),2007-2010,2007,2010,3,3,3,0,23,17,17,0,7.66,30,76.66,0,0,0,1,0, 7.67 ,0.00,0.00,35.26
Abdur Rehman (PAK),2007-2013,2007,2013,6,8,5,3,22,7*,7,1,11,29,75.86,0,0,0,0,0, 2.75 ,0.00,0.00,36.94
DNA Ankrah (Ghana),2019-2019,2019,2019,0,4,3,0,22,12,12,0,7.33,43,51.16,0,0,0,2,0, 5.50 ,0.00,0.00,24.86
SE Aquilina (MALTA),2019-2019,2019,2019,0,4,4,0,22,14,14,0,5.5,30,73.33,0,0,0,2,0, 5.50 ,0.00,0.00,32.63
Z Arinaitwe (UGA),2019-2019,2019,2019,0,3,3,0,22,15,15,0,7.33,26,84.61,0,0,0,3,1, 7.33 ,0.00,0.00,38.24
TA Boult (NZ),2013-2019,2013,2019,6,27,8,3,22,8,8,0,4.4,32,68.75,0,0,1,1,0, 0.81 ,0.00,0.00,30.14
PC de Silva (SL),2017-2017,2017,2017,0,2,2,0,22,21,21,0,11,22,100,0,0,0,1,0, 11.00 ,0.00,0.00,46.60
AB Dinda (INDIA),2009-2012,2009,2012,3,9,2,1,22,19,19,0,22,24,91.66,0,0,0,1,0, 2.44 ,0.00,0.00,49.86
PJ Ingram (NZ),2010-2010,2010,2010,0,3,3,1,22,20*,20,1,11,35,62.85,0,0,1,3,0, 7.33 ,0.00,0.00,31.74
M Morkel (SA/World),2007-2017,2007,2017,10,44,8,5,22,8*,8,1,7.33,18,122.22,0,0,0,3,1, 0.50 ,0.00,0.00,53.29
AK Muslar (Blz),2019-2019,2019,2019,0,3,3,0,22,13,13,0,7.33,27,81.48,0,0,1,1,2, 7.33 ,0.00,0.00,36.99
DP Nannes (AUS/NL),2009-2010,2009,2010,1,17,5,3,22,12*,12,1,11,18,122.22,0,0,0,1,1, 1.29 ,0.00,0.00,55.49
FL Reifer (WI),2009-2009,2009,2009,0,1,1,0,22,22,22,0,22,20,110,0,0,0,2,1, 22.00 ,0.00,0.00,57.20
Umair Ali (UAE),2015-2015,2015,2015,0,3,3,2,22,13,13,0,22,18,122.22,0,0,0,2,1, 7.33 ,0.00,0.00,62.09
Abdullah Akbarjan (Aut),2019-2019,2019,2019,0,5,1,0,21,21,21,0,21,17,123.52,0,0,0,3,0, 4.20 ,0.00,0.00,62.01
Anas Khan (HKG),2014-2014,2014,2014,0,1,1,1,21,21*,21,1,-,28,75,0,0,0,2,0, 21.00 ,0.00,0.00,#VALUE!
SE Bond (NZ),2005-2010,2005,2010,5,20,8,3,21,8*,8,1,4.2,21,100,0,0,2,2,0, 1.05 ,0.00,0.00,42.52
BB Chari (ZIM),2019-2019,2019,2019,0,3,3,0,21,19,19,0,7,31,67.74,0,0,1,4,0, 7.00 ,0.00,0.00,31.30
MR Gillespie (NZ),2006-2008,2006,2008,2,11,6,4,21,7,7,0,10.5,29,72.41,0,0,0,0,0, 1.91 ,0.00,0.00,35.26
L Gregory (ENG),2019-2019,2019,2019,0,5,3,0,21,15,15,0,7,19,110.52,0,0,1,0,2, 4.20 ,0.00,0.00,48.41
Imam-ul-Haq (PAK),2019-2019,2019,2019,0,2,2,0,21,14,14,0,10.5,25,84,0,0,0,2,0, 10.50 ,0.00,0.00,39.90
Kamran Shazad (UAE),2014-2014,2014,2014,0,3,2,0,21,21,21,0,10.5,17,123.52,0,0,1,1,2, 7.00 ,0.00,0.00,55.71
Karweng NG (PHI),2019-2019,2019,2019,0,4,3,0,21,14,14,0,7,30,70,0,0,0,0,1, 5.25 ,0.00,0.00,32.20
LD Madushanka (SL),2019-2019,2019,2019,0,2,2,0,21,20,20,0,10.5,26,80.76,0,0,0,1,0, 10.50 ,0.00,0.00,38.60
C Mahoney (Peru),2019-2019,2019,2019,0,3,1,0,21,21,21,0,21,27,77.77,0,0,0,1,0, 7.00 ,0.00,0.00,43.71
AF Milne (NZ),2010-2018,2010,2018,8,21,8,8,21,10*,10,1,-,23,91.3,0,0,0,1,0, 1.00 ,0.00,0.00,#VALUE!
Mohammad Sami (PAK),2010-2016,2010,2016,6,13,4,3,21,8,8,0,21,30,70,0,0,0,2,0, 1.62 ,0.00,0.00,40.60
S Murari (CRC),2019-2019,2019,2019,0,3,3,1,21,16,16,0,10.5,20,105,0,0,0,2,0, 7.00 ,0.00,0.00,48.30
Rony Talukdar (BDESH),2015-2015,2015,2015,0,1,1,0,21,21,21,0,21,22,95.45,0,0,0,0,1, 21.00 ,0.00,0.00,50.78
Shoaib Akhtar (PAK),2006-2010,2006,2010,4,15,6,3,21,8*,8,1,7,16,131.25,0,0,1,2,1, 1.40 ,0.00,0.00,56.70
SJS Smith (SCOT),2010-2012,2010,2012,2,5,4,1,21,9,9,0,7,40,52.5,0,0,1,1,0, 4.20 ,0.00,0.00,25.20
SF Tiai (Samoa),2019-2019,2019,2019,0,4,3,0,21,11,11,0,7,22,95.45,0,0,1,2,0, 5.25 ,0.00,0.00,42.38
E Ul Haq (NOR),2019-2019,2019,2019,0,5,5,0,21,10,10,0,4.2,36,58.33,0,0,0,2,0, 4.20 ,0.00,0.00,25.85
Ainool Haqqiem (MAL),2019-2019,2019,2019,0,4,2,1,20,12,12,0,20,20,100,0,0,0,1,0, 5.00 ,0.00,0.00,52.00
RL Bhudia (KENYA),2007-2007,2007,2007,0,3,3,1,20,11*,11,1,10,20,100,0,0,1,0,2, 6.67 ,0.00,0.00,46.00
KK Flowers (Blz),2019-2019,2019,2019,0,3,3,1,20,17,17,0,10,33,60.6,0,0,1,3,0, 6.67 ,0.00,0.00,30.24
Z Groenewald (NAM),2019-2019,2019,2019,0,10,4,1,20,13,13,0,6.66,35,57.14,0,0,0,0,0, 2.00 ,0.00,0.00,26.85
DL Hemp (BMUDA),2008-2008,2008,2008,0,2,2,0,20,20,20,0,10,32,62.5,0,0,1,2,1, 10.00 ,0.00,0.00,31.00
Kuldeep Yadav (INDIA),2017-2019,2017,2019,2,19,2,1,20,16,16,0,20,20,100,0,0,0,2,0, 1.05 ,0.00,0.00,52.00
MJ North (AUS),2009-2009,2009,2009,0,1,1,0,20,20,20,0,20,21,95.23,0,0,0,1,0, 20.00 ,0.00,0.00,50.09
N Pokana (PNG),2016-2019,2016,2019,3,19,7,5,20,8*,8,1,10,28,71.42,0,0,0,0,0, 1.05 ,0.00,0.00,34.57
JRMVB Sanjaya (SL),2017-2017,2017,2017,0,8,5,2,20,6,6,0,6.66,18,111.11,0,0,0,3,0, 2.50 ,0.00,0.00,48.44
JOP Scamans (Fin),2019-2019,2019,2019,0,2,2,1,20,12*,12,1,20,19,105.26,0,0,0,1,0, 10.00 ,0.00,0.00,54.10
S Sreesanth (INDIA),2006-2008,2006,2008,2,10,3,2,20,19*,19,1,20,14,142.85,0,0,1,4,0, 2.00 ,0.00,0.00,69.14
A Uniyal (Chile),2019-2019,2019,2019,0,3,3,1,20,16*,16,1,10,24,83.33,0,0,0,2,0, 6.67 ,0.00,0.00,39.33
C Waiswa (UGA),2019-2019,2019,2019,0,4,2,1,20,14*,14,1,20,14,142.85,0,0,0,1,1, 5.00 ,0.00,0.00,69.14
Aziz Mohammad (Belg),2019-2019,2019,2019,0,3,3,1,19,19,19,0,9.5,25,76,0,0,1,0,2, 6.33 ,0.00,0.00,36.10
Bilal Ahmed (Serb),2019-2019,2019,2019,0,1,1,0,19,19,19,0,19,28,67.85,0,0,0,1,1, 19.00 ,0.00,0.00,38.54
CJ Dala (SA),2018-2019,2018,2019,1,9,4,3,19,12*,12,1,19,28,67.85,0,0,0,1,0, 2.11 ,0.00,0.00,38.54
Fahad Tariq (UAE),2016-2016,2016,2016,0,6,5,1,19,16,16,0,4.75,24,79.16,0,0,2,1,1, 3.17 ,0.00,0.00,34.51
Ibrahim Hassan (Mald),2019-2019,2019,2019,0,11,7,2,19,12*,12,1,3.8,41,46.34,0,0,3,0,0, 1.73 ,0.00,0.00,20.82
Imran Haider (ROM),2019-2019,2019,2019,0,2,2,0,19,15,15,0,9.5,26,73.07,0,0,0,2,1, 9.50 ,0.00,0.00,34.93
Imran Tahir (SA/World),2013-2019,2013,2019,6,38,4,3,19,9*,9,1,19,18,105.55,0,0,0,1,1, 0.50 ,0.00,0.00,53.62
Irfan Mir (Chile),2019-2019,2019,2019,0,4,3,2,19,18*,18,1,19,7,271.42,0,0,1,0,2, 4.75 ,0.00,0.00,119.97
Jaspreet Singh (ITA),2019-2019,2019,2019,0,5,2,0,19,11,11,0,9.5,23,82.6,0,0,0,1,0, 3.80 ,0.00,0.00,38.74
Junaid Sheikh (NOR),2019-2019,2019,2019,0,5,3,0,19,9,9,0,6.33,20,95,0,0,0,1,1, 3.80 ,0.00,0.00,41.80
HGJM Kulatunga (SL),2008-2008,2008,2008,0,2,2,0,19,11,11,0,9.5,38,50,0,0,0,0,0, 9.50 ,0.00,0.00,25.70
CJ McKay (AUS),2010-2013,2010,2013,3,6,4,2,19,7,7,0,9.5,22,86.36,0,0,1,1,1, 3.17 ,0.00,0.00,40.24
Mohammad Ahsan (KUW),2019-2019,2019,2019,0,6,3,0,19,8,8,0,6.33,20,95,0,0,0,0,1, 3.17 ,0.00,0.00,41.80
Muktar Ali (BDESH),2016-2016,2016,2016,0,1,1,1,19,19*,19,1,-,15,126.66,0,0,0,1,1, 19.00 ,0.00,0.00,#VALUE!
SN Netravalkar (USA),2019-2019,2019,2019,0,8,2,1,19,12,12,0,19,15,126.66,0,0,0,1,1, 2.38 ,0.00,0.00,62.06
HM Nicholls (NZ),2016-2019,2016,2019,3,5,4,0,19,7,7,0,4.75,28,67.85,0,0,0,2,0, 3.80 ,0.00,0.00,29.99
AE Paraam (SGP),2019-2019,2019,2019,0,3,2,1,19,10,10,0,19,10,190,0,0,0,2,1, 6.33 ,0.00,0.00,87.40
AM Phangiso (SA),2012-2018,2012,2018,6,16,3,0,19,13,13,0,6.33,29,65.51,0,0,0,1,0, 1.19 ,0.00,0.00,30.00
RLB Rambukwella (SL),2013-2016,2013,2016,3,2,1,0,19,19,19,0,19,16,118.75,0,0,0,1,1, 9.50 ,0.00,0.00,58.90
SV Samson (INDIA),2015-2015,2015,2015,0,1,1,0,19,19,19,0,19,24,79.16,0,0,0,1,0, 19.00 ,0.00,0.00,43.06
L Shafeeg (Mald),2019-2019,2019,2019,0,3,1,1,19,19*,19,1,-,11,172.72,0,0,0,2,1, 6.33 ,0.00,0.00,#VALUE!
Sufyan Mehmood (OMAN),2015-2019,2015,2019,4,3,2,1,19,13*,13,1,19,41,46.34,0,0,0,2,0, 6.33 ,0.00,0.00,29.94
KOK Williams (WI),2016-2019,2016,2019,3,24,7,4,19,13*,13,1,6.33,17,111.76,0,0,1,1,1, 0.79 ,0.00,0.00,48.50
N Yordanov (),2019-2019,2019,2019,0,2,2,1,19,19*,19,1,19,11,172.72,0,0,1,0,2, 9.50 ,0.00,0.00,80.49
JD Baker (Samoa),2019-2019,2019,2019,0,4,3,3,18,11*,11,1,-,14,128.57,0,0,0,3,0, 4.50 ,0.00,0.00,#VALUE!
V Baskaran (SGP),2019-2019,2019,2019,0,12,5,3,18,14*,14,1,9,23,78.26,0,0,1,0,0, 1.50 ,0.00,0.00,36.70
Bilal Khan (OMAN),2015-2019,2015,2019,4,32,10,7,18,6*,6,1,6,28,64.28,0,0,2,1,0, 0.56 ,0.00,0.00,29.31
LA Collado (GIBR),2019-2019,2019,2019,0,4,3,2,18,8,8,0,18,34,52.94,0,0,0,0,0, 4.50 ,0.00,0.00,31.98
LHD Dilhara (SL),2008-2008,2008,2008,0,2,1,1,18,18*,18,1,-,9,200,0,0,0,0,1, 9.00 ,0.00,0.00,#VALUE!
XJ Doherty (AUS),2012-2013,2012,2013,1,11,4,3,18,9*,9,1,18,17,105.88,0,0,0,1,0, 1.64 ,0.00,0.00,53.15
BE Hendricks (SA),2014-2019,2014,2019,5,11,3,1,18,12*,12,1,9,21,85.71,0,0,0,0,1, 1.64 ,0.00,0.00,39.68
Khurram Chohan (CAN),2010-2010,2010,2010,0,4,4,2,18,8,8,0,9,14,128.57,0,0,0,1,1, 4.50 ,0.00,0.00,56.83
JB Little (IRE),2016-2019,2016,2019,3,11,6,2,18,7,7,0,4.5,16,112.5,0,0,2,3,0, 1.64 ,0.00,0.00,47.70
AK Markram (SA),2019-2019,2019,2019,0,2,2,0,18,15,15,0,9,17,105.88,0,0,0,1,1, 9.00 ,0.00,0.00,47.75
SW Masakadza (ZIM),2010-2013,2010,2013,3,7,5,1,18,9,9,0,4.5,24,75,0,0,1,1,0, 2.57 ,0.00,0.00,32.70
Nauman Anwar (PAK),2015-2015,2015,2015,0,1,1,0,18,18,18,0,18,10,180,0,0,0,2,1, 18.00 ,0.00,0.00,82.80
Naved-ul-Hasan (PAK),2006-2010,2006,2010,4,4,2,1,18,17*,17,1,18,16,112.5,0,0,0,0,2, 4.50 ,0.00,0.00,55.80
Nazmul Islam (BDESH),2018-2018,2018,2018,0,13,4,3,18,7,7,0,18,17,105.88,0,0,0,2,0, 1.38 ,0.00,0.00,53.15
D Nikolov (),2019-2019,2019,2019,0,3,2,0,18,13,13,0,9,33,54.54,0,0,0,2,0, 6.00 ,0.00,0.00,27.22
Raza Hasan (PAK),2012-2014,2012,2014,2,10,4,4,18,13*,13,1,-,25,72,0,0,0,2,0, 1.80 ,0.00,0.00,#VALUE!
PADLR Sandakan (SL),2017-2019,2017,2019,2,14,4,2,18,10,10,0,9,24,75,0,0,0,2,0, 1.29 ,0.00,0.00,35.40
S Snater (NL),2018-2019,2018,2019,1,13,6,1,18,10,10,0,3.6,16,112.5,0,0,2,0,1, 1.38 ,0.00,0.00,47.16
S Thuraisingam (CAN),2008-2008,2008,2008,0,3,2,1,18,15,15,0,18,24,75,0,0,0,1,0, 6.00 ,0.00,0.00,40.80
JW Wilson (NZ),2005-2005,2005,2005,0,1,1,0,18,18,18,0,18,14,128.57,0,0,0,2,0, 18.00 ,0.00,0.00,62.23
HN Ya France (NAM),2019-2019,2019,2019,0,6,3,0,18,13,13,0,6,20,90,0,0,1,1,1, 3.00 ,0.00,0.00,39.60
TL Best (WI),2013-2014,2013,2014,1,6,1,1,17,17*,17,1,-,9,188.88,0,0,0,0,2, 2.83 ,0.00,0.00,#VALUE!
D Bishoo (WI),2011-2019,2011,2019,8,7,4,2,17,8,8,0,8.5,29,58.62,0,0,1,2,0, 2.43 ,0.00,0.00,28.55
TA Blundell (NZ),2017-2018,2017,2018,1,3,2,1,17,14,14,0,17,21,80.95,0,0,0,0,0, 5.67 ,0.00,0.00,42.58
LA Dawson (ENG),2016-2018,2016,2018,2,6,2,1,17,10,10,0,17,8,212.5,0,0,0,2,1, 2.83 ,0.00,0.00,95.20
RR Emrit (WI),2018-2018,2018,2018,0,4,3,0,17,11,11,0,5.66,27,62.96,0,0,0,0,1, 4.25 ,0.00,0.00,28.58
D Gim (NGA),2019-2019,2019,2019,0,6,4,2,17,9*,9,1,8.5,32,53.12,0,0,1,0,0, 2.83 ,0.00,0.00,26.35
S Kizilkaya (TKY),2019-2019,2019,2019,0,4,4,0,17,8,8,0,4.25,28,60.71,0,0,1,3,0, 4.25 ,0.00,0.00,26.83
L Louwrens (NAM),2019-2019,2019,2019,0,1,1,1,17,17*,17,1,-,15,113.33,0,0,0,1,1, 17.00 ,0.00,0.00,#VALUE!
JH Mensah (Ghana),2019-2019,2019,2019,0,2,2,0,17,16,16,0,8.5,10,170,0,0,0,1,1, 8.50 ,0.00,0.00,73.10
LN Onyango (KENYA),2007-2010,2007,2010,3,5,4,2,17,5,5,0,8.5,21,80.95,0,0,0,0,0, 3.40 ,0.00,0.00,37.48
TK Patel (USA),2019-2019,2019,2019,0,7,3,3,17,14*,14,1,-,18,94.44,0,0,0,1,0, 2.43 ,0.00,0.00,#VALUE!
K Pierre (WI),2018-2019,2018,2019,1,8,4,2,17,9*,9,1,8.5,23,73.91,0,0,0,2,0, 2.13 ,0.00,0.00,34.66
Rubel Hossain (BDESH),2009-2018,2009,2018,9,27,14,9,17,8*,8,1,3.4,30,56.66,0,0,4,1,0, 0.63 ,0.00,0.00,24.70
GR Russ (PHI),2019-2019,2019,2019,0,3,2,1,17,10,10,0,17,29,58.62,0,0,0,0,0, 5.67 ,0.00,0.00,33.65
SE Rutherford (WI),2018-2019,2018,2019,1,3,3,0,17,9,9,0,5.66,23,73.91,0,0,0,1,0, 5.67 ,0.00,0.00,32.96
Shafraz Jaleel (Mald),2019-2019,2019,2019,0,4,3,0,17,17,17,0,5.66,14,121.42,0,0,2,1,1, 4.25 ,0.00,0.00,51.96
JR Singleton (),2019-2019,2019,2019,0,3,3,0,17,7,7,0,5.66,26,65.38,0,0,0,3,0, 5.67 ,0.00,0.00,29.55
T Singye (BHU),2019-2019,2019,2019,0,2,2,0,17,11,11,0,8.5,25,68,0,0,0,2,0, 8.50 ,0.00,0.00,32.30
OR Willis (Caym),2019-2019,2019,2019,0,3,3,0,17,15,15,0,5.66,32,53.12,0,0,0,0,1, 5.67 ,0.00,0.00,24.64
Zain ul Tashnam (CRC),2019-2019,2019,2019,0,3,2,1,17,11,11,0,17,26,65.38,0,0,0,1,0, 5.67 ,0.00,0.00,36.35
IKO Aboagye (Ghana),2019-2019,2019,2019,0,4,4,0,16,7,7,0,4,37,43.24,0,0,1,0,0, 4.00 ,0.00,0.00,19.70
A Ahmadhel (),2019-2019,2019,2019,0,3,2,0,16,15,15,0,8,16,100,0,0,0,2,0, 5.33 ,0.00,0.00,44.80
P Arrighi (Arg),2019-2019,2019,2019,0,5,4,0,16,11,11,0,4,46,34.78,0,0,1,0,0, 3.20 ,0.00,0.00,16.31
J Barker (LUX),2019-2019,2019,2019,0,4,2,0,16,16,16,0,8,16,100,0,0,1,3,0, 4.00 ,0.00,0.00,44.80
KK Bishnoi (),2019-2019,2019,2019,0,3,2,1,16,14,14,0,16,18,88.88,0,0,0,1,0, 5.33 ,0.00,0.00,45.15
M Chauhan (Fin),2019-2019,2019,2019,0,2,2,0,16,15,15,0,8,8,200,0,0,0,0,2, 8.00 ,0.00,0.00,84.80
U Dorji (BHU),2019-2019,2019,2019,0,2,2,0,16,8,8,0,8,17,94.11,0,0,0,2,0, 8.00 ,0.00,0.00,42.44
CJ Ferguson (AUS),2009-2009,2009,2009,0,3,3,0,16,8,8,0,5.33,19,84.21,0,0,1,1,0, 5.33 ,0.00,0.00,36.88
LF Goncalves (),2019-2019,2019,2019,0,3,2,0,16,13,13,0,8,21,76.19,0,0,0,1,0, 5.33 ,0.00,0.00,35.28
EH Hutchinson (USA),2019-2019,2019,2019,0,2,1,0,16,16,16,0,16,8,200,0,0,0,3,0, 8.00 ,0.00,0.00,89.60
LS Livingstone (ENG),2017-2017,2017,2017,0,2,2,0,16,16,16,0,8,19,84.21,0,0,1,1,0, 8.00 ,0.00,0.00,38.48
Mehrab Hossain jnr (BDESH),2008-2009,2008,2009,1,2,2,1,16,10,10,0,16,25,64,0,0,0,1,0, 8.00 ,0.00,0.00,35.20
K Modise (Botsw),2019-2019,2019,2019,0,3,3,0,16,10,10,0,5.33,16,100,0,0,1,2,1, 5.33 ,0.00,0.00,43.20
Najmul Hossain Shanto (BDESH),2019-2019,2019,2019,0,2,2,0,16,11,11,0,8,17,94.11,0,0,0,1,0, 8.00 ,0.00,0.00,42.44
F Nsubuga (UGA),2019-2019,2019,2019,0,3,3,1,16,9,9,0,8,15,106.66,0,0,0,0,2, 5.33 ,0.00,0.00,47.46
JB Reva (PNG),2015-2019,2015,2019,4,9,4,0,16,7,7,0,4,22,72.72,0,0,0,1,1, 1.78 ,0.00,0.00,31.49
BJ Rohrer (AUS),2013-2013,2013,2013,0,1,1,0,16,16,16,0,16,14,114.28,0,0,0,0,1, 16.00 ,0.00,0.00,55.31
EHSN Silva (UAE),2014-2014,2014,2014,0,2,2,1,16,13*,13,1,16,22,72.72,0,0,0,1,0, 8.00 ,0.00,0.00,38.69
DW Steyn (SA),2007-2019,2007,2019,12,44,10,5,16,5,5,0,3.2,23,69.56,0,0,1,1,0, 0.36 ,0.00,0.00,29.74
Aamer Yamin (PAK),2015-2018,2015,2018,3,2,1,1,15,15*,15,1,-,6,250,0,0,0,1,1, 7.50 ,0.00,0.00,#VALUE!
AB Agarkar (INDIA),2006-2007,2006,2007,1,4,2,0,15,14,14,0,7.5,11,136.36,0,0,0,2,0, 3.75 ,0.00,0.00,59.04
Anowarul Islam (THAI),2019-2019,2019,2019,0,4,4,0,15,9,9,0,3.75,20,75,0,0,1,1,1, 3.75 ,0.00,0.00,32.25
NW Bracken (AUS),2006-2009,2006,2009,3,19,6,3,15,4*,4,1,5,22,68.18,0,0,1,1,0, 0.79 ,0.00,0.00,30.27
TL Chatara (ZIM),2010-2019,2010,2019,9,21,3,0,15,8,8,0,5,18,83.33,0,0,1,1,0, 0.71 ,0.00,0.00,36.33
K Christie (HKG),2019-2019,2019,2019,0,11,4,2,15,11*,11,1,7.5,20,75,0,0,0,0,0, 1.36 ,0.00,0.00,34.50
GL Cloete (SA),2018-2019,2018,2019,1,2,2,0,15,13,13,0,7.5,15,100,0,0,0,2,0, 7.50 ,0.00,0.00,44.50
SS Cottrell (WI),2014-2019,2014,2019,5,22,7,4,15,4*,4,1,5,22,68.18,0,0,1,2,0, 0.68 ,0.00,0.00,30.27
N Dutta (CAN),2019-2019,2019,2019,0,11,3,2,15,12,12,0,15,13,115.38,0,0,0,1,0, 1.36 ,0.00,0.00,55.15
KR Ebanks (Caym),2019-2019,2019,2019,0,5,4,0,15,8,8,0,3.75,27,55.55,0,0,1,1,0, 3.00 ,0.00,0.00,24.47
J Hill (PHI),2019-2019,2019,2019,0,4,3,0,15,6,6,0,5,20,75,0,0,0,3,0, 3.75 ,0.00,0.00,33.00
E Katchay (CAN),2008-2008,2008,2008,0,4,3,2,15,8*,8,1,15,25,60,0,0,1,0,0, 3.75 ,0.00,0.00,33.00
AC Kose (TKY),2019-2019,2019,2019,0,4,4,0,15,15,15,0,3.75,33,45.45,0,0,3,3,0, 3.75 ,0.00,0.00,20.43
Nasrulla Rana (HKG),2019-2019,2019,2019,0,8,4,2,15,7,7,0,7.5,24,62.5,0,0,1,0,0, 1.88 ,0.00,0.00,29.50
RN Patel (KENYA),2019-2019,2019,2019,0,2,2,1,15,15*,15,1,15,25,60,0,0,1,1,0, 7.50 ,0.00,0.00,33.00
LA Pomersbach (AUS),2007-2007,2007,2007,0,1,1,0,15,15,15,0,15,7,214.28,0,0,0,1,1, 15.00 ,0.00,0.00,94.71
RW Price (ZIM),2008-2012,2008,2012,4,16,9,4,15,7*,7,1,3,28,53.57,0,0,1,1,0, 0.94 ,0.00,0.00,23.23
Shabir Noori (AFG),2012-2012,2012,2012,0,1,1,0,15,15,15,0,15,18,83.33,0,0,0,1,0, 15.00 ,0.00,0.00,42.33
J Smits (NL),2008-2009,2008,2009,1,6,2,1,15,11*,11,1,15,27,55.55,0,0,0,0,0, 2.50 ,0.00,0.00,31.22
AO Suji (KENYA),2007-2010,2007,2010,3,8,5,2,15,7,7,0,5,29,51.72,0,0,0,0,0, 1.88 ,0.00,0.00,23.69
MK Tiwary (INDIA),2011-2012,2011,2012,1,3,1,0,15,15,15,0,15,17,88.23,0,0,0,0,0, 5.00 ,0.00,0.00,44.29
Usama Master (MWI),2019-2019,2019,2019,0,6,2,0,15,15,15,0,7.5,13,115.38,0,0,1,1,0, 2.50 ,0.00,0.00,50.65
JDF Vandersay (SL),2015-2019,2015,2019,4,10,7,6,15,8*,8,1,15,17,88.23,0,0,0,2,0, 1.50 ,0.00,0.00,44.29
VB van Jaarsveld (SA),2009-2009,2009,2009,0,3,3,0,15,12,12,0,5,23,65.21,0,0,1,0,0, 5.00 ,0.00,0.00,29.08
Vikramjit Singh (NL),2019-2019,2019,2019,0,1,1,0,15,15,15,0,15,13,115.38,0,0,0,1,0, 15.00 ,0.00,0.00,55.15
Abul Hasan (BDESH),2012-2018,2012,2018,6,5,2,0,14,9,9,0,7,11,127.27,0,0,0,2,0, 2.80 ,0.00,0.00,55.11
CM Akachukwu (NGA),2019-2019,2019,2019,0,8,5,3,14,8,8,0,7,15,93.33,0,0,0,0,1, 1.75 ,0.00,0.00,41.53
Aminul Islam (BDESH),2019-2019,2019,2019,0,4,3,2,14,9,9,0,14,14,100,0,0,0,2,0, 3.50 ,0.00,0.00,48.40
Aqib Iqbal (Aut),2019-2019,2019,2019,0,5,1,0,14,14,14,0,14,6,233.33,0,0,0,0,1, 2.80 ,0.00,0.00,101.73
SG Borthwick (ENG),2011-2011,2011,2011,0,1,1,0,14,14,14,0,14,16,87.5,0,0,0,2,0, 14.00 ,0.00,0.00,43.40
G Dutta (Mex),2019-2019,2019,2019,0,7,6,0,14,8,8,0,2.33,28,50,0,0,3,1,0, 2.00 ,0.00,0.00,21.40
ST Finn (ENG),2011-2015,2011,2015,4,21,3,3,14,8*,8,1,-,19,73.68,0,0,0,1,0, 0.67 ,0.00,0.00,#VALUE!
Ibrahim Zadran (AFG),2019-2019,2019,2019,0,3,3,0,14,11,11,0,4.66,26,53.84,0,0,0,0,1, 4.67 ,0.00,0.00,24.33
P Jayeshbhai Patel (PNM),2019-2019,2019,2019,0,2,2,1,14,8*,8,1,14,11,127.27,0,0,0,0,0, 7.00 ,0.00,0.00,59.31
T Langa (VAN),2019-2019,2019,2019,0,1,1,0,14,14,14,0,14,9,155.55,0,0,0,2,0, 14.00 ,0.00,0.00,70.62
JAH Marshall (NZ),2005-2008,2005,2008,3,3,2,0,14,13,13,0,7,15,93.33,0,0,0,2,0, 4.67 ,0.00,0.00,41.53
JWN Moses (Botsw),2019-2019,2019,2019,0,3,3,0,14,9,9,0,4.66,20,70,0,0,0,0,1, 4.67 ,0.00,0.00,30.80
N Nankov (),2019-2019,2019,2019,0,3,2,1,14,14,14,0,14,20,70,0,0,0,1,0, 4.67 ,0.00,0.00,36.40
AN Petersen (SA),2010-2010,2010,2010,0,2,2,0,14,8,8,0,7,19,73.68,0,0,0,1,0, 7.00 ,0.00,0.00,33.67
VD Philander (SA),2007-2007,2007,2007,0,7,4,0,14,6,6,0,3.5,28,50,0,0,0,0,0, 2.00 ,0.00,0.00,22.10
S Pillai (CRC),2019-2019,2019,2019,0,3,3,0,14,6,6,0,4.66,27,51.85,0,0,0,1,0, 4.67 ,0.00,0.00,23.54
C Prasad (CRC),2019-2019,2019,2019,0,3,3,1,14,11,11,0,7,29,48.27,0,0,1,1,0, 4.67 ,0.00,0.00,23.51
Rakibul Hasan (ITA),2019-2019,2019,2019,0,8,4,1,14,5*,5,1,4.66,17,82.35,0,0,1,1,0, 1.75 ,0.00,0.00,35.74
Ravinder Singh (MALTA),2019-2019,2019,2019,0,2,2,0,14,8,8,0,7,13,107.69,0,0,0,0,1, 7.00 ,0.00,0.00,47.28
Saqlain Haider (UAE),2016-2016,2016,2016,0,6,5,1,14,7,7,0,3.5,35,40,0,0,0,0,0, 2.33 ,0.00,0.00,18.10
Shahzad Muhammad (Mex),2019-2019,2019,2019,0,2,1,0,14,14,14,0,14,7,200,0,0,0,1,1, 7.00 ,0.00,0.00,88.40
S Smith (BMUDA),2019-2019,2019,2019,0,5,3,3,14,7*,7,1,-,27,51.85,0,0,0,0,0, 2.80 ,0.00,0.00,#VALUE!
S Varathappan (KUW),2019-2019,2019,2019,0,3,3,0,14,9,9,0,4.66,14,100,0,0,1,3,0, 4.67 ,0.00,0.00,42.80
VS Wategaonkar (OMAN),2016-2016,2016,2016,0,2,1,0,14,14,14,0,14,14,100,0,0,0,1,0, 7.00 ,0.00,0.00,48.40
T Whiteman (LUX),2019-2019,2019,2019,0,4,2,1,14,14*,14,1,14,10,140,0,0,1,0,1, 3.50 ,0.00,0.00,64.40
CM Wright (SCOT),2007-2009,2007,2009,2,3,1,0,14,14,14,0,14,18,77.77,0,0,0,0,0, 4.67 ,0.00,0.00,39.51
Abdullah Sheikh (NOR),2019-2019,2019,2019,0,2,2,0,13,11,11,0,6.5,18,72.22,0,0,0,1,0, 6.50 ,0.00,0.00,32.79
AR Adams (NZ),2005-2006,2005,2006,1,4,2,1,13,7,7,0,13,12,108.33,0,0,0,1,0, 3.25 ,0.00,0.00,51.13
M Cope (LUX),2019-2019,2019,2019,0,2,2,1,13,13,13,0,13,15,86.66,0,0,0,2,0, 6.50 ,0.00,0.00,42.46
J Edness (BMUDA),2008-2008,2008,2008,0,3,3,0,13,9,9,0,4.33,28,46.42,0,0,1,0,0, 4.33 ,0.00,0.00,21.17
JA Fitzgerald (GIBR),2019-2019,2019,2019,0,4,2,2,13,11*,11,1,-,10,130,0,0,0,0,1, 3.25 ,0.00,0.00,#VALUE!
CR Foggo (BMUDA),2008-2008,2008,2008,0,3,3,0,13,7,7,0,4.33,17,76.47,0,0,1,2,0, 4.33 ,0.00,0.00,33.19
SP Gauchan (NEPAL),2014-2015,2014,2015,1,9,5,2,13,6*,6,1,4.33,43,30.23,0,0,2,0,0, 1.44 ,0.00,0.00,14.69
PA Hitchcock (NZ),2008-2008,2008,2008,0,1,1,0,13,13,13,0,13,11,118.18,0,0,0,1,1, 13.00 ,0.00,0.00,55.07
SHT Kandamby (SL),2008-2011,2008,2011,3,5,4,0,13,10,10,0,3.25,21,61.9,0,0,1,0,0, 2.60 ,0.00,0.00,26.71
SKW Kelly (BMUDA),2008-2008,2008,2008,0,3,2,2,13,11*,11,1,-,24,54.16,0,0,0,0,0, 4.33 ,0.00,0.00,#VALUE!
Z Khan (INDIA),2006-2012,2006,2012,6,17,4,2,13,9,9,0,6.5,10,130,0,0,0,0,1, 0.76 ,0.00,0.00,55.90
Lucky Ali (DEN),2019-2019,2019,2019,0,2,2,0,13,7,7,0,6.5,18,72.22,0,0,0,1,0, 6.50 ,0.00,0.00,32.79
JL Martel (GUE),2019-2019,2019,2019,0,3,1,1,13,13*,13,1,-,6,216.66,0,0,0,1,1, 4.33 ,0.00,0.00,#VALUE!
J Mees (LUX),2019-2019,2019,2019,0,3,3,2,13,7*,7,1,13,20,65,0,0,0,1,0, 4.33 ,0.00,0.00,33.80
Mohammad Nawaz (3) (PAK),2016-2018,2016,2018,2,16,2,0,13,7,7,0,6.5,20,65,0,0,0,1,0, 0.81 ,0.00,0.00,29.90
Mohammad Rafique (BDESH),2006-2006,2006,2006,0,1,1,0,13,13,13,0,13,5,260,0,0,0,3,0, 13.00 ,0.00,0.00,111.80
Muhammad Hamayun (Saudi),2019-2019,2019,2019,0,4,2,0,13,8,8,0,6.5,10,130,0,0,0,1,1, 3.25 ,0.00,0.00,55.90
HC Overdijk (NL),2018-2019,2018,2019,1,4,1,0,13,13,13,0,13,7,185.71,0,0,0,2,0, 3.25 ,0.00,0.00,82.08
CMW Read (ENG),2006-2006,2006,2006,0,1,1,0,13,13,13,0,13,11,118.18,0,0,0,2,0, 13.00 ,0.00,0.00,55.07
JA Richardson (AUS),2017-2019,2017,2019,2,9,3,2,13,7*,7,1,13,6,216.66,0,0,1,2,0, 1.44 ,0.00,0.00,94.46
OFJ Tonuu (Samoa),2019-2019,2019,2019,0,4,3,1,13,6*,6,1,6.5,18,72.22,0,0,0,0,0, 3.25 ,0.00,0.00,32.79
Usman Mushtaq (UAE),2016-2016,2016,2016,0,3,2,1,13,9,9,0,13,24,54.16,0,0,0,1,0, 4.33 ,0.00,0.00,29.46
Washeem Abbas (MALTA),2019-2019,2019,2019,0,2,2,1,13,9*,9,1,13,7,185.71,0,0,0,0,1, 6.50 ,0.00,0.00,82.08
J Anderson (IRE),2015-2015,2015,2015,0,4,2,0,12,9,9,0,6,18,66.66,0,0,0,1,0, 3.00 ,0.00,0.00,30.26
Arslan Ahmed (PORT),2019-2019,2019,2019,0,3,3,0,12,11,11,0,4,32,37.5,0,0,1,1,0, 4.00 ,0.00,0.00,17.40
Asad Mohammad (GER),2019-2019,2019,2019,0,9,4,1,12,5,5,0,4,12,100,0,0,0,2,0, 1.33 ,0.00,0.00,42.40
Avi Dixit (SGP),2019-2019,2019,2019,0,1,1,1,12,12*,12,1,-,8,150,0,0,0,0,1, 12.00 ,0.00,0.00,#VALUE!
HMCM Bandara (SL),2006-2009,2006,2009,3,4,3,1,12,7,7,0,6,15,80,0,0,0,0,0, 3.00 ,0.00,0.00,35.60
Fazal Niazai (AFG),2019-2019,2019,2019,0,1,1,0,12,12,12,0,12,15,80,0,0,0,1,0, 12.00 ,0.00,0.00,39.20
CJ Gannon (USA),2019-2019,2019,2019,0,4,3,2,12,7*,7,1,12,9,133.33,0,0,0,0,1, 3.00 ,0.00,0.00,60.53
R Gaznavi (SGP),2019-2019,2019,2019,0,2,2,0,12,8,8,0,6,12,100,0,0,0,2,0, 6.00 ,0.00,0.00,43.60
H Helva (TKY),2019-2019,2019,2019,0,4,4,0,12,7,7,0,3,25,48,0,0,2,2,0, 3.00 ,0.00,0.00,21.00
HJH Marshall (NZ),2005-2006,2005,2006,1,3,3,0,12,8,8,0,4,14,85.71,0,0,0,0,0, 4.00 ,0.00,0.00,36.68
D Mejia (CRC),2019-2019,2019,2019,0,3,1,0,12,12,12,0,12,10,120,0,0,0,2,0, 4.00 ,0.00,0.00,55.20
NV Ojha (INDIA),2010-2010,2010,2010,0,2,2,0,12,10,10,0,6,27,44.44,0,0,0,2,0, 6.00 ,0.00,0.00,21.38
A Patel (MWI),2019-2019,2019,2019,0,2,2,1,12,6*,6,1,12,23,52.17,0,0,0,2,0, 6.00 ,0.00,0.00,28.07
M Patel (Chile),2019-2019,2019,2019,0,3,3,0,12,8,8,0,4,15,80,0,0,1,1,1, 4.00 ,0.00,0.00,34.40
KOA Powell (WI),2014-2014,2014,2014,0,1,1,0,12,12,12,0,12,14,85.71,0,0,0,1,0, 12.00 ,0.00,0.00,41.48
Raag Kapur (HKG),2019-2019,2019,2019,0,4,3,1,12,6,6,0,6,16,75,0,0,0,1,0, 3.00 ,0.00,0.00,33.60
R Rampaul (WI),2007-2015,2007,2015,8,23,6,5,12,8,8,0,12,21,57.14,0,0,0,0,0, 0.52 ,0.00,0.00,30.06
MA Starc (AUS),2012-2019,2012,2019,7,28,6,2,12,4,4,0,3,18,66.66,0,0,0,0,0, 0.43 ,0.00,0.00,28.46
Ali Ivan (Mald),2019-2019,2019,2019,0,1,1,0,11,11,11,0,11,39,28.2,0,0,0,0,0, 11.00 ,0.00,0.00,17.88
Apon Mustafizur (Serb),2019-2019,2019,2019,0,2,2,0,11,11,11,0,5.5,28,39.28,0,0,1,2,0, 5.50 ,0.00,0.00,19.01
Atif Kamal (LUX),2019-2019,2019,2019,0,4,3,0,11,11,11,0,3.66,18,61.11,0,0,2,1,0, 2.75 ,0.00,0.00,26.64
A Bulow (DEN),2019-2019,2019,2019,0,2,1,0,11,11,11,0,11,13,84.61,0,0,0,0,1, 5.50 ,0.00,0.00,40.44
JD Campbell (WI),2019-2019,2019,2019,0,2,2,0,11,11,11,0,5.5,16,68.75,0,0,1,2,0, 5.50 ,0.00,0.00,30.80
A Djorovic (Serb),2019-2019,2019,2019,0,2,2,0,11,9,9,0,5.5,26,42.3,0,0,0,1,0, 5.50 ,0.00,0.00,20.22
Fayyaz Ahmed (UAE),2015-2015,2015,2015,0,1,1,0,11,11,11,0,11,12,91.66,0,0,0,2,0, 11.00 ,0.00,0.00,43.26
S Goustis (),2019-2019,2019,2019,0,3,1,0,11,11,11,0,11,19,57.89,0,0,0,0,0, 3.67 ,0.00,0.00,29.76
AJ Hall (SA),2006-2006,2006,2006,0,2,1,0,11,11,11,0,11,10,110,0,0,0,1,0, 5.50 ,0.00,0.00,50.60
Inzamam-ul-Haq (PAK),2006-2006,2006,2006,0,1,1,1,11,11*,11,1,-,15,73.33,0,0,0,0,1, 11.00 ,0.00,0.00,#VALUE!
Khurram Manzoor (PAK),2016-2016,2016,2016,0,3,3,0,11,10,10,0,3.66,27,40.74,0,0,1,1,0, 3.67 ,0.00,0.00,18.49
KS Lokuarachchi (SL),2012-2012,2012,2012,0,2,2,0,11,11,11,0,5.5,13,84.61,0,0,1,1,0, 5.50 ,0.00,0.00,37.14
WK McCallan (IRE),2008-2009,2008,2009,1,9,3,2,11,9*,9,1,11,15,73.33,0,0,1,1,0, 1.22 ,0.00,0.00,35.93
OC McCoy (WI),2019-2019,2019,2019,0,2,2,1,11,10,10,0,11,10,110,0,0,0,1,1, 5.50 ,0.00,0.00,50.60
Mahedi Hasan (BDESH),2018-2018,2018,2018,0,1,1,0,11,11,11,0,11,11,100,0,0,0,1,0, 11.00 ,0.00,0.00,46.60
WJ Malinda (Mald),2019-2019,2019,2019,0,3,2,1,11,10*,10,1,11,9,122.22,0,0,0,0,1, 3.67 ,0.00,0.00,55.49
AK Mandal (NEPAL),2015-2015,2015,2015,0,2,2,0,11,9,9,0,5.5,25,44,0,0,0,0,0, 5.50 ,0.00,0.00,20.90
D Marks (MALTA),2019-2019,2019,2019,0,2,2,2,11,6*,6,1,-,12,91.66,0,0,0,0,0, 5.50 ,0.00,0.00,#VALUE!
BJ McCarthy (IRE),2017-2018,2017,2018,1,6,3,1,11,11*,11,1,5.5,7,157.14,0,0,2,0,1, 1.83 ,0.00,0.00,66.16
AA Mulla (CAN),2008-2008,2008,2008,0,4,4,0,11,8,8,0,2.75,19,57.89,0,0,1,2,0, 2.75 ,0.00,0.00,24.81
J Reb (Serb),2019-2019,2019,2019,0,2,2,0,11,9,9,0,5.5,14,78.57,0,0,0,1,0, 5.50 ,0.00,0.00,34.73
Saqlain Arshad (QAT),2019-2019,2019,2019,0,2,1,0,11,11,11,0,11,10,110,0,0,0,0,1, 5.50 ,0.00,0.00,50.60
V Shetty (UAE),2014-2014,2014,2014,0,2,2,1,11,10,10,0,11,13,84.61,0,0,0,1,0, 5.50 ,0.00,0.00,40.44
Suresh Kumar (Peru),2019-2019,2019,2019,0,2,2,1,11,10*,10,1,11,15,73.33,0,0,0,0,0, 5.50 ,0.00,0.00,35.93
SW Tait (AUS),2007-2016,2007,2016,9,21,6,2,11,6,6,0,2.75,15,73.33,0,0,1,0,1, 0.52 ,0.00,0.00,30.98
P Taylor (CZK-R),2019-2019,2019,2019,0,7,2,1,11,7*,7,1,11,9,122.22,0,0,0,1,0, 1.57 ,0.00,0.00,55.49
H Thaker (CAN),2019-2019,2019,2019,0,1,1,0,11,11,11,0,11,9,122.22,0,0,0,0,1, 11.00 ,0.00,0.00,55.49
TCW Veillard (GUE),2019-2019,2019,2019,0,4,2,1,11,8,8,0,11,17,64.7,0,0,0,0,0, 2.75 ,0.00,0.00,32.48
RM West (IRE),2009-2009,2009,2009,0,5,4,1,11,8,8,0,3.66,11,100,0,0,0,1,0, 2.20 ,0.00,0.00,42.20
Yasir Shah (PAK),2011-2011,2011,2011,0,2,1,1,11,11*,11,1,-,7,157.14,0,0,0,1,0, 5.50 ,0.00,0.00,#VALUE!
Zeshan Arif (Aut),2019-2019,2019,2019,0,4,1,1,11,11*,11,1,-,8,137.5,0,0,0,2,0, 2.75 ,0.00,0.00,#VALUE!
Aftab Ahmed (2) (DEN),2019-2019,2019,2019,0,1,1,0,10,10,10,0,10,13,76.92,0,0,0,1,0, 10.00 ,0.00,0.00,36.77
R Avery (),2019-2019,2019,2019,0,4,3,0,10,9,9,0,3.33,24,41.66,0,0,1,0,0, 2.50 ,0.00,0.00,18.66
CS Baugh (WI),2008-2012,2008,2012,4,3,3,0,10,7,7,0,3.33,12,83.33,0,0,0,1,0, 3.33 ,0.00,0.00,35.33
FH Edwards (WI),2007-2012,2007,2012,5,20,4,2,10,7*,7,1,5,9,111.11,0,0,1,1,0, 0.50 ,0.00,0.00,47.44
N Pradeep (SL),2016-2019,2016,2019,3,14,6,5,10,8*,8,1,10,15,66.66,0,0,1,1,0, 0.71 ,0.00,0.00,32.66
S Hallett (Peru),2019-2019,2019,2019,0,4,4,0,10,5,5,0,2.5,16,62.5,0,0,1,1,0, 2.50 ,0.00,0.00,26.50
MJ Henry (NZ),2014-2017,2014,2017,3,6,2,1,10,10,10,0,10,5,200,0,0,0,2,0, 1.67 ,0.00,0.00,86.00
S Jyoti (CAN),2008-2008,2008,2008,0,2,2,1,10,10*,10,1,10,20,50,0,0,1,0,0, 5.00 ,0.00,0.00,26.00
G Kaltongga (VAN),2019-2019,2019,2019,0,3,2,0,10,10,10,0,5,12,83.33,0,0,1,1,0, 3.33 ,0.00,0.00,36.33
RWT Key (ENG),2009-2009,2009,2009,0,1,1,1,10,10*,10,1,-,8,125,0,0,0,0,0, 10.00 ,0.00,0.00,#VALUE!
ZE Matsinhe (Moz),2019-2019,2019,2019,0,7,4,1,10,6*,6,1,3.33,17,58.82,0,0,1,0,1, 1.43 ,0.00,0.00,25.53
Mohammad Ghazanfar (HKG),2019-2019,2019,2019,0,5,2,1,10,6*,6,1,10,10,100,0,0,0,1,0, 2.00 ,0.00,0.00,46.00
S Nerandzic (Serb),2019-2019,2019,2019,0,2,2,0,10,5,5,0,5,33,30.3,0,0,0,1,0, 5.00 ,0.00,0.00,15.12
M Ntini (SA),2005-2011,2005,2011,6,10,4,2,10,5,5,0,5,11,90.9,0,0,1,2,0, 1.00 ,0.00,0.00,39.36
PP Ojha (INDIA),2009-2010,2009,2010,1,6,1,1,10,10*,10,1,-,6,166.66,0,0,0,0,1, 1.67 ,0.00,0.00,#VALUE!
BA Parchment (WI),2007-2007,2007,2007,0,1,1,0,10,10,10,0,10,6,166.66,0,0,0,1,1, 10.00 ,0.00,0.00,72.66
SL Perera (Ghana),2019-2019,2019,2019,0,2,2,0,10,7,7,0,5,23,43.47,0,0,0,0,0, 5.00 ,0.00,0.00,20.39
P Raho (PNG),2016-2016,2016,2016,0,2,2,2,10,8*,8,1,-,6,166.66,0,0,0,0,1, 5.00 ,0.00,0.00,#VALUE!
SHA Rance (NZ),2017-2019,2017,2019,2,8,3,0,10,8,8,0,3.33,21,47.61,0,0,0,0,0, 1.25 ,0.00,0.00,21.04
A Rangaswamy (Botsw),2019-2019,2019,2019,0,4,3,0,10,7,7,0,3.33,13,76.92,0,0,1,0,1, 2.50 ,0.00,0.00,32.77
D Ravu (PNG),2019-2019,2019,2019,0,17,4,1,10,6,6,0,3.33,9,111.11,0,0,1,1,0, 0.59 ,0.00,0.00,46.44
GA Reynold (Blz),2019-2019,2019,2019,0,3,2,1,10,6*,6,1,10,10,100,0,0,0,0,1, 3.33 ,0.00,0.00,46.00
ACL Richards (WI),2007-2007,2007,2007,0,1,1,0,10,10,10,0,10,15,66.66,0,0,0,1,0, 10.00 ,0.00,0.00,32.66
ZE Surkari (CAN),2008-2008,2008,2008,0,4,3,0,10,6,6,0,3.33,33,30.3,0,0,1,0,0, 2.50 ,0.00,0.00,14.12
SR Tendulkar (INDIA),2006-2006,2006,2006,0,1,1,0,10,10,10,0,10,12,83.33,0,0,0,2,0, 10.00 ,0.00,0.00,39.33
MA Wood (ENG),2015-2019,2015,2019,4,5,2,2,10,5*,5,1,-,12,83.33,0,0,0,1,0, 2.00 ,0.00,0.00,#VALUE!
Zahoor Khan (UAE),2017-2019,2017,2019,2,18,5,2,10,6,6,0,3.33,19,52.63,0,0,0,1,0, 0.56 ,0.00,0.00,23.05
Zakir Hasan (BDESH),2018-2018,2018,2018,0,1,1,0,10,10,10,0,10,9,111.11,0,0,0,1,0, 10.00 ,0.00,0.00,50.44
Abdul Rashid (Belg),2019-2019,2019,2019,0,1,1,0,9,9,9,0,9,24,37.5,0,0,0,0,0, 9.00 ,0.00,0.00,20.40
Afsar Zazai (AFG),2013-2013,2013,2013,0,1,1,0,9,9,9,0,9,21,42.85,0,0,0,0,0, 9.00 ,0.00,0.00,22.54
Anam Mollik (ITA),2019-2019,2019,2019,0,2,1,0,9,9,9,0,9,10,90,0,0,0,1,0, 4.50 ,0.00,0.00,41.40
P Arora (Mex),2019-2019,2019,2019,0,2,2,1,9,6*,6,1,9,4,225,0,0,0,0,1, 4.50 ,0.00,0.00,95.40
HH Banner (Blz),2019-2019,2019,2019,0,3,2,1,9,6,6,0,9,10,90,0,0,0,0,1, 3.00 ,0.00,0.00,41.40
JJ Celestine (BMUDA),2008-2008,2008,2008,0,3,3,0,9,7,7,0,3,17,52.94,0,0,1,0,0, 3.00 ,0.00,0.00,22.98
FRJ Coleman (SCOT),2013-2013,2013,2013,0,1,1,0,9,9,9,0,9,13,69.23,0,0,0,1,0, 9.00 ,0.00,0.00,33.09
BM Duckett (ENG),2019-2019,2019,2019,0,1,1,0,9,9,9,0,9,7,128.57,0,0,0,1,0, 9.00 ,0.00,0.00,56.83
Elias Sunny (BDESH),2012-2012,2012,2012,0,7,4,2,9,5,5,0,4.5,9,100,0,0,0,1,0, 1.29 ,0.00,0.00,42.70
H Hiri (PNG),2016-2019,2016,2019,3,5,4,0,9,4,4,0,2.25,15,60,0,0,0,0,0, 1.80 ,0.00,0.00,25.35
Iqbal Hussain (QAT),2019-2019,2019,2019,0,15,5,3,9,4*,4,1,4.5,10,90,0,0,1,1,0, 0.60 ,0.00,0.00,38.70
NA Janes (THAI),2019-2019,2019,2019,0,2,2,0,9,9,9,0,4.5,11,81.81,0,0,1,1,0, 4.50 ,0.00,0.00,35.42
Kaleemullah (OMAN),2017-2019,2017,2019,2,6,2,0,9,9,9,0,4.5,7,128.57,0,0,1,0,1, 1.50 ,0.00,0.00,54.13
JS Kundi (KENYA),2019-2019,2019,2019,0,6,4,0,9,6,6,0,2.25,22,40.9,0,0,1,1,0, 1.50 ,0.00,0.00,17.71
R McLaren (SA),2009-2014,2009,2014,5,12,4,3,9,6*,6,1,9,13,69.23,0,0,0,0,0, 0.75 ,0.00,0.00,33.09
Mohammad Asif (PAK),2006-2010,2006,2010,4,11,3,3,9,5*,5,1,-,3,300,0,0,0,2,0, 0.82 ,0.00,0.00,#VALUE!
Muhammad Asjed (ESP),2019-2019,2019,2019,0,2,1,0,9,9,9,0,9,9,100,0,0,0,1,0, 4.50 ,0.00,0.00,45.40
Muhammad Wafiq (MAL),2019-2019,2019,2019,0,4,3,1,9,6*,6,1,4.5,12,75,0,0,1,1,0, 2.25 ,0.00,0.00,32.70
JS Patel (NZ),2005-2008,2005,2008,3,11,4,1,9,5,5,0,3,14,64.28,0,0,1,1,0, 0.82 ,0.00,0.00,27.51
WKD Perkins (WI),2008-2008,2008,2008,0,1,1,0,9,9,9,0,9,11,81.81,0,0,0,1,0, 9.00 ,0.00,0.00,38.12
VRCF Poubel (),2019-2019,2019,2019,0,3,3,2,9,5*,5,1,9,15,60,0,0,0,0,0, 3.00 ,0.00,0.00,29.40
A Poulose (OMAN),2017-2017,2017,2017,0,3,3,0,9,9,9,0,3,14,64.28,0,0,2,2,0, 3.00 ,0.00,0.00,27.51
KW Richardson (AUS),2014-2019,2014,2019,5,15,2,0,9,9,9,0,4.5,8,112.5,0,0,1,0,0, 0.60 ,0.00,0.00,47.70
IH Romaine (BMUDA),2008-2008,2008,2008,0,2,2,0,9,8,8,0,4.5,20,45,0,0,0,0,0, 4.50 ,0.00,0.00,20.70
Sakib Hasan (Serb),2019-2019,2019,2019,0,2,2,0,9,8,8,0,4.5,7,128.57,0,0,0,1,0, 4.50 ,0.00,0.00,54.13
MM Sarwar (KUW),2019-2019,2019,2019,0,5,3,1,9,8,8,0,4.5,9,100,0,0,1,0,1, 1.80 ,0.00,0.00,42.70
RAJ Smith (SCOT),2019-2019,2019,2019,0,2,1,1,9,9*,9,1,-,7,128.57,0,0,0,1,0, 4.50 ,0.00,0.00,#VALUE!
B Stanlake (AUS),2017-2019,2017,2019,2,19,2,1,9,7,7,0,9,12,75,0,0,0,0,1, 0.47 ,0.00,0.00,35.40
Syazrul Idrus (MAL),2019-2019,2019,2019,0,2,1,1,9,9*,9,1,-,8,112.5,0,0,0,1,0, 4.50 ,0.00,0.00,#VALUE!
Usman Ali (Saudi),2019-2019,2019,2019,0,5,2,1,9,7,7,0,9,14,64.28,0,0,0,1,0, 1.80 ,0.00,0.00,31.11
T Wangchuk jnr (BHU),2019-2019,2019,2019,0,2,2,0,9,9,9,0,4.5,17,52.94,0,0,1,2,0, 4.50 ,0.00,0.00,23.88
S Waqas Ahmed (NOR),2019-2019,2019,2019,0,5,3,1,9,8*,8,1,4.5,20,45,0,0,1,0,0, 1.80 ,0.00,0.00,20.70
Abbas Saad (Saudi),2019-2019,2019,2019,0,2,2,0,8,8,8,0,4,8,100,0,0,1,1,0, 4.00 ,0.00,0.00,42.40
S Appu (MALTA),2019-2019,2019,2019,0,4,4,1,8,6,6,0,2.66,14,57.14,0,0,0,0,0, 2.00 ,0.00,0.00,24.45
B Banerjee (Mex),2019-2019,2019,2019,0,6,4,2,8,6*,6,1,4,18,44.44,0,0,2,0,0, 1.33 ,0.00,0.00,20.18
AM Blignaut (ZIM),2010-2010,2010,2010,0,1,1,0,8,8,8,0,8,8,100,0,0,0,1,0, 8.00 ,0.00,0.00,44.80
GH Bodi (SA),2007-2007,2007,2007,0,1,1,0,8,8,8,0,8,25,32,0,0,0,0,0, 8.00 ,0.00,0.00,17.60
JJ Bumrah (INDIA),2016-2019,2016,2019,3,42,6,4,8,7,7,0,4,13,61.53,0,0,1,1,0, 0.19 ,0.00,0.00,27.01
Charanjeet Singh (ITA),2019-2019,2019,2019,0,3,2,2,8,8*,8,1,-,9,88.88,0,0,0,1,0, 2.67 ,0.00,0.00,#VALUE!
H Dandapani (Fin),2019-2019,2019,2019,0,5,3,2,8,5,5,0,8,15,53.33,0,0,0,0,0, 1.60 ,0.00,0.00,26.13
AS Dean (CAN),2008-2013,2008,2013,5,2,2,0,8,7,7,0,4,10,80,0,0,0,0,0, 4.00 ,0.00,0.00,34.40
B Fernando (SL),2015-2015,2015,2015,0,2,1,1,8,8*,8,1,-,12,66.66,0,0,0,1,0, 4.00 ,0.00,0.00,#VALUE!
JD Freyone (GIBR),2019-2019,2019,2019,0,4,4,0,8,4,4,0,2,29,27.58,0,0,2,0,0, 2.00 ,0.00,0.00,12.23
Hamza Dar (ESP),2019-2019,2019,2019,0,1,1,0,8,8,8,0,8,6,133.33,0,0,0,1,0, 8.00 ,0.00,0.00,58.13
HMRKB Herath (SL),2011-2016,2011,2016,5,17,6,3,8,3,3,0,2.66,12,66.66,0,0,0,0,0, 0.47 ,0.00,0.00,28.26
E Isaneez (UGA),2019-2019,2019,2019,0,3,2,2,8,7*,7,1,-,13,61.53,0,0,0,0,0, 2.67 ,0.00,0.00,#VALUE!
S Randiv (SL),2010-2011,2010,2011,1,7,2,0,8,6,6,0,4,6,133.33,0,0,0,1,0, 1.14 ,0.00,0.00,55.73
N Khanna (MALTA),2019-2019,2019,2019,0,2,2,0,8,6,6,0,4,12,66.66,0,0,0,1,0, 4.00 ,0.00,0.00,29.06
Khushdil Shah (PAK),2019-2019,2019,2019,0,1,1,0,8,8,8,0,8,11,72.72,0,0,0,0,0, 8.00 ,0.00,0.00,33.89
Kuldeep Singh (PHI),2019-2019,2019,2019,0,4,3,0,8,6,6,0,2.66,16,50,0,0,0,0,0, 2.00 ,0.00,0.00,21.60
NCK Liyanage (MAL),2019-2019,2019,2019,0,6,3,1,8,8,8,0,4,8,100,0,0,1,1,0, 1.33 ,0.00,0.00,42.40
BAW Mendis (SL),2008-2014,2008,2014,6,39,8,5,8,4*,4,1,2.66,17,47.05,0,0,0,1,0, 0.21 ,0.00,0.00,20.42
M Mooketsi (Botsw),2019-2019,2019,2019,0,7,5,0,8,3,3,0,1.6,24,33.33,0,0,1,0,0, 1.14 ,0.00,0.00,14.29
Mujeeb Ur Rahman (AFG),2018-2019,2018,2019,1,16,3,3,8,8*,8,1,-,8,100,0,0,0,1,0, 0.50 ,0.00,0.00,#VALUE!
WA Peatfield (GUE),2019-2019,2019,2019,0,8,2,1,8,7*,7,1,8,12,66.66,0,0,0,1,0, 1.00 ,0.00,0.00,31.46
CAK Rajitha (SL),2016-2019,2016,2019,3,10,4,2,8,5,5,0,4,23,34.78,0,0,1,0,0, 0.80 ,0.00,0.00,16.31
Shahadat Hossain (BDESH),2006-2013,2006,2013,7,6,5,3,8,4*,4,1,4,12,66.66,0,0,1,0,0, 1.33 ,0.00,0.00,29.06
I Sharma (INDIA),2008-2013,2008,2013,5,14,3,2,8,5*,5,1,8,9,88.88,0,0,1,1,0, 0.57 ,0.00,0.00,40.35
Simranjit Singh (ITA),2019-2019,2019,2019,0,1,1,0,8,8,8,0,8,9,88.88,0,0,0,0,0, 8.00 ,0.00,0.00,40.35
O Thomas (WI),2018-2019,2018,2019,1,10,4,2,8,8*,8,1,4,11,72.72,0,0,2,2,0, 0.80 ,0.00,0.00,31.49
R Vishwanath (LUX),2019-2019,2019,2019,0,2,2,0,8,5,5,0,4,10,80,0,0,0,1,0, 4.00 ,0.00,0.00,34.40
BV Vitori (ZIM),2012-2016,2012,2016,4,11,2,2,8,7*,7,1,-,7,114.28,0,0,0,0,0, 0.73 ,0.00,0.00,#VALUE!
Yasar Idrees (KUW),2019-2019,2019,2019,0,1,1,0,8,8,8,0,8,4,200,0,0,0,0,1, 8.00 ,0.00,0.00,84.80
Al-Amin Hossain (BDESH),2013-2019,2013,2019,6,28,6,4,7,5*,5,1,3.5,12,58.33,0,0,1,1,0, 0.25 ,0.00,0.00,25.43
RP Arnold (SL),2006-2006,2006,2006,0,1,1,0,7,7,7,0,7,7,100,0,0,0,0,0, 7.00 ,0.00,0.00,44.20
Aslam Mohammad (),2019-2019,2019,2019,0,3,1,0,7,7,7,0,7,8,87.5,0,0,0,1,0, 2.33 ,0.00,0.00,39.20
PRP Boissevain (NL),2019-2019,2019,2019,0,4,2,1,7,7*,7,1,7,7,100,0,0,1,1,0, 1.75 ,0.00,0.00,44.20
NB Budayair (NEPAL),2014-2014,2014,2014,0,4,3,1,7,5,5,0,3.5,19,36.84,0,0,1,0,0, 1.75 ,0.00,0.00,16.84
MA Carberry (ENG),2014-2014,2014,2014,0,1,1,0,7,7,7,0,7,7,100,0,0,0,1,0, 7.00 ,0.00,0.00,44.20
PKD Chase (IRE),2018-2019,2018,2019,1,12,5,4,7,4,4,0,7,13,53.84,0,0,0,1,0, 0.58 ,0.00,0.00,25.74
DK Dahyabhai Ahir (PNM),2019-2019,2019,2019,0,2,1,0,7,7,7,0,7,10,70,0,0,0,1,0, 3.50 ,0.00,0.00,32.20
P Danci (ROM),2019-2019,2019,2019,0,2,2,1,7,5,5,0,7,11,63.63,0,0,0,1,0, 3.50 ,0.00,0.00,29.65
DC Delany (IRE),2019-2019,2019,2019,0,8,2,0,7,7,7,0,3.5,6,116.66,0,0,1,0,0, 0.88 ,0.00,0.00,48.76
P Kumar (INDIA),2008-2012,2008,2012,4,10,3,0,7,6,6,0,2.33,16,43.75,0,0,1,0,0, 0.70 ,0.00,0.00,18.90
Kushal Malla (NEPAL),2019-2019,2019,2019,0,3,2,0,7,5,5,0,3.5,15,46.66,0,0,0,1,0, 2.33 ,0.00,0.00,20.76
RAS Lakmal (SL),2011-2019,2011,2019,8,11,6,3,7,5*,5,1,2.33,11,63.63,0,0,2,1,0, 0.64 ,0.00,0.00,26.85
ND McKenzie (SA),2006-2009,2006,2009,3,2,1,1,7,7*,7,1,-,8,87.5,0,0,0,0,0, 3.50 ,0.00,0.00,#VALUE!
S Mahmood (ENG),2019-2019,2019,2019,0,3,2,1,7,4,4,0,7,7,100,0,0,0,1,0, 2.33 ,0.00,0.00,44.20
A Nao (PNG),2017-2017,2017,2017,0,2,2,2,7,7*,7,1,-,4,175,0,0,0,1,0, 3.50 ,0.00,0.00,#VALUE!
Naveen-ul-Haq (AFG),2019-2019,2019,2019,0,4,2,1,7,5,5,0,7,7,100,0,0,0,1,0, 1.75 ,0.00,0.00,44.20
J Nyumbu (ZIM),2018-2018,2018,2018,0,2,2,2,7,6*,6,1,-,11,63.63,0,0,0,1,0, 3.50 ,0.00,0.00,#VALUE!
Qadeer Ahmed (UAE),2015-2019,2015,2019,4,10,4,3,7,5*,5,1,7,12,58.33,0,0,1,1,0, 0.70 ,0.00,0.00,27.53
LH Rodrigues (),2019-2019,2019,2019,0,4,3,2,7,4*,4,1,7,12,58.33,0,0,1,1,0, 1.75 ,0.00,0.00,27.53
GA Rogers (SCOT),2008-2009,2008,2009,1,2,2,2,7,6*,6,1,-,8,87.5,0,0,0,0,0, 3.50 ,0.00,0.00,#VALUE!
E Schiferli (NL),2008-2010,2008,2010,2,7,3,1,7,5*,5,1,3.5,16,43.75,0,0,1,0,0, 1.00 ,0.00,0.00,19.60
JN Snape (ENG),2007-2007,2007,2007,0,1,1,0,7,7,7,0,7,11,63.63,0,0,0,0,0, 7.00 ,0.00,0.00,29.65
Suhail Sadiq (LUX),2019-2019,2019,2019,0,2,1,1,7,7*,7,1,-,5,140,0,0,0,0,1, 3.50 ,0.00,0.00,#VALUE!
Sumair Khan (MALTA),2019-2019,2019,2019,0,1,1,0,7,7,7,0,7,6,116.66,0,0,0,1,0, 7.00 ,0.00,0.00,50.86
Syed Rasel (BDESH),2007-2008,2007,2008,1,8,3,1,7,6,6,0,3.5,9,77.77,0,0,0,1,0, 0.88 ,0.00,0.00,33.21
Tanveer Ahmed (HKG),2016-2017,2016,2017,1,5,2,1,7,7*,7,1,7,11,63.63,0,0,1,1,0, 1.40 ,0.00,0.00,29.65
LV van Beek (NL),2014-2016,2014,2016,2,8,4,1,7,4*,4,1,2.33,15,46.66,0,0,0,0,0, 0.88 ,0.00,0.00,20.06
Adnan Mufti (UAE),2017-2017,2017,2017,0,1,1,1,6,6*,6,1,-,7,85.71,0,0,0,0,0, 6.00 ,0.00,0.00,#VALUE!
U Aryaman Sunil (SGP),2019-2019,2019,2019,0,2,1,0,6,6,6,0,6,4,150,0,0,0,0,1, 3.00 ,0.00,0.00,63.60
TS Braat (NL),2019-2019,2019,2019,0,3,2,0,6,5,5,0,3,7,85.71,0,0,0,1,0, 2.00 ,0.00,0.00,36.08
DG Brownlie (NZ),2010-2014,2010,2014,4,5,5,0,6,5,5,0,1.2,18,33.33,0,0,3,1,0, 1.20 ,0.00,0.00,14.05
DE Burgess (Samoa),2019-2019,2019,2019,0,4,4,0,6,3,3,0,1.5,12,50,0,0,2,0,0, 1.50 ,0.00,0.00,20.90
SDJJ Dima (Moz),2019-2019,2019,2019,0,4,2,0,6,3,3,0,3,8,75,0,0,0,0,0, 1.50 ,0.00,0.00,31.80
RMS Eranga (SL),2012-2013,2012,2013,1,3,1,0,6,6,6,0,6,7,85.71,0,0,0,1,0, 2.00 ,0.00,0.00,37.88
L Evile (Samoa),2019-2019,2019,2019,0,4,1,0,6,6,6,0,6,7,85.71,0,0,0,1,0, 1.50 ,0.00,0.00,37.88
NM Hauritz (AUS),2009-2009,2009,2009,0,3,2,0,6,4,4,0,3,10,60,0,0,0,1,0, 2.00 ,0.00,0.00,25.80
R Hekure (PNG),2019-2019,2019,2019,0,8,4,1,6,2*,2,1,2,12,50,0,0,0,0,0, 0.75 ,0.00,0.00,21.20
PJ Hughes (AUS),2014-2014,2014,2014,0,1,1,0,6,6,6,0,6,8,75,0,0,0,1,0, 6.00 ,0.00,0.00,33.60
Javed Ahmadi (AFG),2012-2017,2012,2017,5,3,2,0,6,6,6,0,3,7,85.71,0,0,1,1,0, 2.00 ,0.00,0.00,36.08
Jay Odedra (OMAN),2019-2019,2019,2019,0,3,1,1,6,6*,6,1,-,6,100,0,0,0,0,0, 2.00 ,0.00,0.00,#VALUE!
D Maisuria (Botsw),2019-2019,2019,2019,0,6,3,2,6,6*,6,1,6,11,54.54,0,0,1,0,0, 1.00 ,0.00,0.00,25.42
I Master (Botsw),2019-2019,2019,2019,0,2,2,0,6,4,4,0,3,8,75,0,0,0,1,0, 3.00 ,0.00,0.00,31.80
Z McLaughlin (Caym),2019-2019,2019,2019,0,3,2,2,6,4*,4,1,-,16,37.5,0,0,0,0,0, 2.00 ,0.00,0.00,#VALUE!
KO Meth (ZIM),2012-2012,2012,2012,0,2,1,1,6,6*,6,1,-,6,100,0,0,0,0,0, 3.00 ,0.00,0.00,#VALUE!
J Mulder (IRE),2016-2017,2016,2017,1,8,4,2,6,5*,5,1,3,11,54.54,0,0,1,0,0, 0.75 ,0.00,0.00,23.62
GBW Munaweera (QAT),2019-2019,2019,2019,0,5,1,1,6,6*,6,1,-,7,85.71,0,0,0,0,0, 1.20 ,0.00,0.00,#VALUE!
L Ngidi (SA),2017-2018,2017,2018,1,7,2,1,6,4,4,0,6,9,66.66,0,0,0,0,0, 0.86 ,0.00,0.00,30.26
Omar Hayat (DEN),2019-2019,2019,2019,0,2,2,0,6,5,5,0,3,4,150,0,0,0,0,0, 3.00 ,0.00,0.00,61.80
JA Rudolph (SA),2006-2006,2006,2006,0,1,1,1,6,6*,6,1,-,7,85.71,0,0,0,0,0, 6.00 ,0.00,0.00,#VALUE!
Shoaib Ali (Saudi),2019-2019,2019,2019,0,5,2,0,6,6,6,0,3,10,60,0,0,1,0,0, 1.20 ,0.00,0.00,25.80
OF Smith (WI),2018-2018,2018,2018,0,2,1,0,6,6,6,0,6,5,120,0,0,0,1,0, 3.00 ,0.00,0.00,51.60
R Strydom (IRE),2008-2008,2008,2008,0,4,2,1,6,5*,5,1,6,7,85.71,0,0,0,0,0, 1.50 ,0.00,0.00,37.88
HER Tyler (PHI),2019-2019,2019,2019,0,2,1,0,6,6,6,0,6,9,66.66,0,0,0,0,0, 3.00 ,0.00,0.00,30.26
TC Vine (ESP),2019-2019,2019,2019,0,6,1,1,6,6*,6,1,-,7,85.71,0,0,0,1,0, 1.00 ,0.00,0.00,#VALUE!
CA Young (IRE),2015-2019,2015,2019,4,26,7,5,6,2*,2,1,3,11,54.54,0,0,0,0,0, 0.23 ,0.00,0.00,23.62
SA Abbott (AUS),2014-2019,2014,2019,5,4,1,0,5,5,5,0,5,8,62.5,0,0,0,1,0, 1.25 ,0.00,0.00,28.00
M Ansari (OMAN),2015-2016,2015,2016,1,11,4,4,5,3*,3,1,-,10,50,0,0,0,0,0, 0.45 ,0.00,0.00,#VALUE!
Anwar Rahman (MAL),2019-2019,2019,2019,0,9,4,1,5,3*,3,1,1.66,8,62.5,0,0,1,0,0, 0.56 ,0.00,0.00,26.00
Arslan Ahmed (),2019-2019,2019,2019,0,3,1,0,5,5,5,0,5,13,38.46,0,0,0,0,0, 1.67 ,0.00,0.00,18.38
MS Atapattu (SL),2006-2006,2006,2006,0,2,1,0,5,5,5,0,5,8,62.5,0,0,0,0,0, 2.50 ,0.00,0.00,28.00
Atif Mehmood (ESP),2019-2019,2019,2019,0,9,2,2,5,5*,5,1,-,8,62.5,0,0,0,0,0, 0.56 ,0.00,0.00,#VALUE!
MA Baig (MWI),2019-2019,2019,2019,0,7,4,0,5,5,5,0,1.25,12,41.66,0,0,3,1,0, 0.71 ,0.00,0.00,17.41
A Bhagwat (HKG),2019-2019,2019,2019,0,4,4,0,5,3,3,0,1.25,16,31.25,0,0,1,0,0, 1.25 ,0.00,0.00,13.25
A Bohara (NEPAL),2019-2019,2019,2019,0,17,5,2,5,3*,3,1,1.66,12,41.66,0,0,2,0,0, 0.29 ,0.00,0.00,17.66
IG Butler (NZ),2009-2013,2009,2013,4,19,6,5,5,2*,2,1,5,10,50,0,0,0,0,0, 0.26 ,0.00,0.00,23.00
T Caruana (GIBR),2019-2019,2019,2019,0,2,1,0,5,5,5,0,5,13,38.46,0,0,0,0,0, 2.50 ,0.00,0.00,18.38
Hasheem Shahzad (MALTA),2019-2019,2019,2019,0,2,2,0,5,5,5,0,2.5,9,55.55,0,0,1,1,0, 2.50 ,0.00,0.00,23.72
Imran Ali (KUW),2019-2019,2019,2019,0,4,2,1,5,5*,5,1,5,6,83.33,0,0,1,0,0, 1.25 ,0.00,0.00,36.33
Junaid Siddique (UAE),2019-2019,2019,2019,0,8,4,1,5,3,3,0,1.66,17,29.41,0,0,1,0,0, 0.63 ,0.00,0.00,12.76
I Katzarski (),2019-2019,2019,2019,0,3,2,0,5,3,3,0,2.5,12,41.66,0,0,0,0,0, 1.67 ,0.00,0.00,18.16
D Kegasitswe (Botsw),2019-2019,2019,2019,0,4,2,2,5,4*,4,1,-,11,45.45,0,0,0,0,0, 1.25 ,0.00,0.00,#VALUE!
TCR Kimber (GUE),2019-2019,2019,2019,0,3,3,0,5,2,2,0,1.66,13,38.46,0,0,0,0,0, 1.67 ,0.00,0.00,16.38
A Krishna (SGP),2019-2019,2019,2019,0,4,2,1,5,4,4,0,5,3,166.66,0,0,0,1,0, 1.25 ,0.00,0.00,69.66
AM McCarthy (WI),2018-2018,2018,2018,0,1,1,0,5,5,5,0,5,8,62.5,0,0,0,0,0, 5.00 ,0.00,0.00,28.00
GD McGrath (AUS),2005-2005,2005,2005,0,2,1,0,5,5,5,0,5,12,41.66,0,0,0,0,0, 2.50 ,0.00,0.00,19.66
CS Martin (NZ),2007-2008,2007,2008,1,6,1,1,5,5*,5,1,-,6,83.33,0,0,0,0,0, 0.83 ,0.00,0.00,#VALUE!
Mohammad Hasnain (PAK),2019-2019,2019,2019,0,4,3,2,5,4*,4,1,5,12,41.66,0,0,0,1,0, 1.25 ,0.00,0.00,19.66
Mohammad Salman (PAK),2011-2011,2011,2011,0,1,1,0,5,5,5,0,5,6,83.33,0,0,0,0,0, 5.00 ,0.00,0.00,36.33
A Morris (Caym),2019-2019,2019,2019,0,6,4,2,5,3*,3,1,2.5,17,29.41,0,0,1,0,0, 0.83 ,0.00,0.00,13.26
GRD Munasinghe (ITA),2019-2019,2019,2019,0,8,4,1,5,4*,4,1,1.66,13,38.46,0,0,2,1,0, 0.63 ,0.00,0.00,16.38
T Mupariwa (ZIM),2007-2008,2007,2008,1,4,2,2,5,3*,3,1,-,3,166.66,0,0,0,0,0, 1.25 ,0.00,0.00,#VALUE!
N M'shangwe (ZIM),2013-2014,2013,2014,1,5,2,1,5,5*,5,1,5,4,125,0,0,1,1,0, 1.00 ,0.00,0.00,53.00
A Nanda (LUX),2019-2019,2019,2019,0,3,1,0,5,5,5,0,5,5,100,0,0,0,1,0, 1.67 ,0.00,0.00,43.00
GM Ntambalika (MWI),2019-2019,2019,2019,0,3,1,0,5,5,5,0,5,11,45.45,0,0,0,0,0, 1.67 ,0.00,0.00,21.18
Parvez Rasool (INDIA),2017-2017,2017,2017,0,1,1,0,5,5,5,0,5,6,83.33,0,0,0,0,0, 5.00 ,0.00,0.00,36.33
NK Patel (USA),2019-2019,2019,2019,0,4,2,1,5,5*,5,1,5,10,50,0,0,1,0,0, 1.25 ,0.00,0.00,23.00
D Paterson (SA),2017-2018,2017,2018,1,8,2,1,5,4*,4,1,5,2,250,0,0,0,1,0, 0.63 ,0.00,0.00,103.00
JL Pattinson (AUS),2011-2012,2011,2012,1,4,2,2,5,5*,5,1,-,3,166.66,0,0,0,1,0, 1.25 ,0.00,0.00,#VALUE!
JE Pitcher (BMUDA),2019-2019,2019,2019,0,3,1,1,5,5*,5,1,-,4,125,0,0,0,0,0, 1.67 ,0.00,0.00,#VALUE!
AG Prince (SA),2005-2005,2005,2005,0,1,1,0,5,5,5,0,5,6,83.33,0,0,0,0,0, 5.00 ,0.00,0.00,36.33
K Rabada (SA),2014-2019,2014,2019,5,21,4,2,5,5*,5,1,2.5,12,41.66,0,0,2,0,0, 0.24 ,0.00,0.00,18.16
RJ Ranpura (OMAN),2015-2016,2015,2016,1,3,2,2,5,5*,5,1,-,8,62.5,0,0,0,0,0, 1.67 ,0.00,0.00,#VALUE!
BM Scholtz (NAM),2019-2019,2019,2019,0,14,4,3,5,3*,3,1,5,10,50,0,0,1,0,0, 0.36 ,0.00,0.00,23.00
RJ Sidebottom (ENG),2007-2010,2007,2010,3,18,1,1,5,5*,5,1,-,4,125,0,0,0,1,0, 0.28 ,0.00,0.00,#VALUE!
M Spry (Peru),2019-2019,2019,2019,0,4,2,1,5,3*,3,1,5,11,45.45,0,0,0,0,0, 1.25 ,0.00,0.00,21.18
R Telemachus (SA),2006-2007,2006,2007,1,3,1,1,5,5*,5,1,-,3,166.66,0,0,0,0,0, 1.67 ,0.00,0.00,#VALUE!
BM Tickner (NZ),2019-2019,2019,2019,0,3,1,1,5,5*,5,1,-,6,83.33,0,0,0,0,0, 1.67 ,0.00,0.00,#VALUE!
DR Tuffey (NZ),2005-2010,2005,2010,5,3,2,1,5,5*,5,1,5,5,100,0,0,1,1,0, 1.67 ,0.00,0.00,43.00
C Vorster (GUE),2019-2019,2019,2019,0,1,1,0,5,5,5,0,5,8,62.5,0,0,0,0,0, 5.00 ,0.00,0.00,28.00
TD Astle (NZ),2016-2019,2016,2019,3,3,2,0,4,3,3,0,2,10,40,0,0,0,0,0, 1.33 ,0.00,0.00,17.20
Baljit Singh (ITA),2019-2019,2019,2019,0,8,3,0,4,3,3,0,1.33,16,25,0,0,1,0,0, 0.50 ,0.00,0.00,10.80
GJ Batty (ENG),2009-2009,2009,2009,0,1,1,0,4,4,4,0,4,7,57.14,0,0,0,0,0, 4.00 ,0.00,0.00,25.26
P Bharat Patel (PNM),2019-2019,2019,2019,0,2,1,1,4,4*,4,1,-,7,57.14,0,0,0,0,0, 2.00 ,0.00,0.00,#VALUE!
SR Bhudia (KENYA),2019-2019,2019,2019,0,4,3,1,4,3,3,0,2,16,25,0,0,1,0,0, 1.00 ,0.00,0.00,11.20
JAR Blain (SCOT),2007-2008,2007,2008,1,6,3,1,4,3*,3,1,2,5,80,0,0,1,0,0, 0.67 ,0.00,0.00,33.20
CJ Boyce (AUS),2014-2016,2014,2016,2,7,2,1,4,3,3,0,4,7,57.14,0,0,0,0,0, 0.57 ,0.00,0.00,25.26
PR Brown (ENG),2019-2019,2019,2019,0,4,1,1,4,4*,4,1,-,9,44.44,0,0,0,0,0, 1.00 ,0.00,0.00,#VALUE!
NM Carter (SCOT),2013-2013,2013,2013,0,7,2,0,4,3,3,0,2,12,33.33,0,0,0,0,0, 0.57 ,0.00,0.00,14.53
YS Chahal (INDIA),2016-2019,2016,2019,3,36,3,2,4,3*,3,1,4,9,44.44,0,0,0,0,0, 0.11 ,0.00,0.00,20.18
PC Connell (IRE),2008-2010,2008,2010,2,9,3,2,4,3*,3,1,4,7,57.14,0,0,1,0,0, 0.44 ,0.00,0.00,25.26
PA Desai (CAN),2012-2012,2012,2012,0,1,1,1,4,4*,4,1,-,7,57.14,0,0,0,0,0, 4.00 ,0.00,0.00,#VALUE!
AB Dursak (TKY),2019-2019,2019,2019,0,4,4,0,4,3,3,0,1,24,16.66,0,0,2,0,0, 1.00 ,0.00,0.00,7.26
C Emmott (Chile),2019-2019,2019,2019,0,2,2,0,4,4,4,0,2,11,36.36,0,0,1,0,0, 2.00 ,0.00,0.00,15.74
Farhan Ahmed (UAE),2016-2016,2016,2016,0,3,1,0,4,4,4,0,4,8,50,0,0,0,0,0, 1.33 ,0.00,0.00,22.40
K Gore (USA),2019-2019,2019,2019,0,4,1,1,4,4*,4,1,-,3,133.33,0,0,0,0,0, 1.00 ,0.00,0.00,#VALUE!
Ibrahim Rizan (Mald),2019-2019,2019,2019,0,5,3,1,4,3,3,0,2,14,28.57,0,0,0,0,0, 0.80 ,0.00,0.00,12.63
Imran Haider (UAE),2016-2019,2016,2019,3,11,2,2,4,4*,4,1,-,8,50,0,0,0,0,0, 0.36 ,0.00,0.00,#VALUE!
H Ivanov (),2019-2019,2019,2019,0,3,1,0,4,4,4,0,4,6,66.66,0,0,0,0,0, 1.33 ,0.00,0.00,29.06
A Karn (NEPAL),2015-2015,2015,2015,0,2,1,0,4,4,4,0,4,7,57.14,0,0,0,0,0, 2.00 ,0.00,0.00,25.26
MF Koc (TKY),2019-2019,2019,2019,0,2,2,1,4,4*,4,1,4,15,26.66,0,0,1,0,0, 2.00 ,0.00,0.00,13.06
CBRLS Kumara (SL),2019-2019,2019,2019,0,3,1,0,4,4,4,0,4,2,200,0,0,0,1,0, 1.33 ,0.00,0.00,82.40
CK Langeveldt (SA),2005-2010,2005,2010,5,9,3,2,4,2*,2,1,4,8,50,0,0,0,0,0, 0.44 ,0.00,0.00,22.40
NM Lyon (AUS),2016-2018,2016,2018,2,2,1,1,4,4*,4,1,-,4,100,0,0,0,0,0, 2.00 ,0.00,0.00,#VALUE!
RT Lyons (SCOT),2010-2010,2010,2010,0,2,2,0,4,4,4,0,2,17,23.52,0,0,1,0,0, 2.00 ,0.00,0.00,10.61
GE Mathurin (WI),2011-2012,2011,2012,1,3,2,2,4,3*,3,1,-,5,80,0,0,0,0,0, 1.33 ,0.00,0.00,#VALUE!
Mohammad Irfan (PAK),2012-2019,2012,2019,7,22,4,4,4,2*,2,1,-,8,50,0,0,0,0,0, 0.18 ,0.00,0.00,#VALUE!
Mohammad Tauqir (UAE),2015-2015,2015,2015,0,3,2,1,4,4,4,0,4,6,66.66,0,0,0,1,0, 1.33 ,0.00,0.00,29.06
Muhammad Khurram (MWI),2019-2019,2019,2019,0,5,3,0,4,3,3,0,1.33,20,20,0,0,1,0,0, 0.80 ,0.00,0.00,8.80
Muhammad Rafique (BAH),2019-2019,2019,2019,0,2,1,0,4,4,4,0,4,5,80,0,0,0,0,0, 2.00 ,0.00,0.00,34.40
JM Muirhead (AUS),2014-2014,2014,2014,0,5,2,1,4,3,3,0,4,8,50,0,0,0,0,0, 0.80 ,0.00,0.00,22.40
Nazmus Sadat (BDESH),2006-2006,2006,2006,0,1,1,0,4,4,4,0,4,3,133.33,0,0,0,0,0, 4.00 ,0.00,0.00,55.73
JO Ngoche (KENYA),2012-2013,2012,2013,1,7,3,1,4,2,2,0,2,17,23.52,0,0,0,0,0, 0.57 ,0.00,0.00,10.61
Pavandeep Singh (MAL),2019-2019,2019,2019,0,10,4,3,4,2*,2,1,4,7,57.14,0,0,0,0,0, 0.40 ,0.00,0.00,25.26
Qasim Zia (BAH),2019-2019,2019,2019,0,3,1,1,4,4*,4,1,-,1,400,0,0,0,1,0, 1.33 ,0.00,0.00,#VALUE!
NJ Reardon (AUS),2014-2014,2014,2014,0,2,1,0,4,4,4,0,4,8,50,0,0,0,0,0, 2.00 ,0.00,0.00,22.40
CB Sole (SCOT),2017-2018,2017,2018,1,4,1,1,4,4*,4,1,-,2,200,0,0,0,1,0, 1.00 ,0.00,0.00,#VALUE!
CR Suryawanshi (SGP),2019-2019,2019,2019,0,3,2,0,4,4,4,0,2,6,66.66,0,0,1,0,0, 1.33 ,0.00,0.00,27.86
K Suttisan (THAI),2019-2019,2019,2019,0,2,2,0,4,4,4,0,2,5,80,0,0,1,1,0, 2.00 ,0.00,0.00,33.20
SP Terry (IRE),2016-2016,2016,2016,0,1,1,0,4,4,4,0,4,6,66.66,0,0,0,0,0, 4.00 ,0.00,0.00,29.06
T Thushara (SL),2008-2010,2008,2010,2,6,2,0,4,3,3,0,2,8,50,0,0,0,0,0, 0.67 ,0.00,0.00,21.20
T Tshose (Botsw),2019-2019,2019,2019,0,2,2,2,4,4*,4,1,-,6,66.66,0,0,0,0,0, 2.00 ,0.00,0.00,#VALUE!
T Ulutuna (TKY),2019-2019,2019,2019,0,3,3,0,4,4,4,0,1.33,9,44.44,0,0,2,1,0, 1.33 ,0.00,0.00,18.57
S Vashisht (ROM),2019-2019,2019,2019,0,3,1,0,4,4,4,0,4,6,66.66,0,0,0,1,0, 1.33 ,0.00,0.00,29.06
Abu Jayed (BDESH),2018-2018,2018,2018,0,3,2,0,3,2,2,0,1.5,7,42.85,0,0,0,0,0, 1.00 ,0.00,0.00,18.04
GJ Agius (MALTA),2019-2019,2019,2019,0,2,2,0,3,3,3,0,1.5,15,20,0,0,1,0,0, 1.50 ,0.00,0.00,8.90
Amir Hayat (UAE),2018-2019,2018,2019,1,4,2,0,3,3,3,0,1.5,6,50,0,0,1,0,0, 0.75 ,0.00,0.00,20.90
Amjad Mahboob (SGP),2019-2019,2019,2019,0,11,5,1,3,1*,1,1,0.75,14,21.42,0,0,2,0,0, 0.27 ,0.00,0.00,9.02
A Aspiotis (),2019-2019,2019,2019,0,3,1,1,3,3*,3,1,-,4,75,0,0,0,0,0, 1.00 ,0.00,0.00,#VALUE!
MC Bascombe (WI),2011-2011,2011,2011,0,1,1,0,3,3,3,0,3,7,42.85,0,0,0,0,0, 3.00 ,0.00,0.00,18.94
P Bhart (NOR),2019-2019,2019,2019,0,5,3,2,3,2*,2,1,3,17,17.64,0,0,1,0,0, 0.60 ,0.00,0.00,8.86
S Byrne (MALTA),2019-2019,2019,2019,0,2,2,0,3,3,3,0,1.5,9,33.33,0,0,1,0,0, 1.50 ,0.00,0.00,14.23
CL Cairns (NZ),2005-2006,2005,2006,1,2,2,0,3,2,2,0,1.5,13,23.07,0,0,0,0,0, 1.50 ,0.00,0.00,10.13
D de la Puente (Peru),2019-2019,2019,2019,0,2,2,1,3,2*,2,1,3,7,42.85,0,0,0,0,0, 1.50 ,0.00,0.00,18.94
ST de Silva (SL),2017-2017,2017,2017,0,3,2,0,3,3,3,0,1.5,7,42.85,0,0,1,0,0, 1.00 ,0.00,0.00,18.04
Fahad Ali (),2019-2019,2019,2019,0,3,3,0,3,2,2,0,1,14,21.42,0,0,1,0,0, 1.00 ,0.00,0.00,9.17
Fawad Ahmed (AUS),2013-2013,2013,2013,0,2,1,1,3,3*,3,1,-,5,60,0,0,0,0,0, 1.50 ,0.00,0.00,#VALUE!
Fida Hussain (ITA),2019-2019,2019,2019,0,2,1,1,3,3*,3,1,-,4,75,0,0,0,0,0, 1.50 ,0.00,0.00,#VALUE!
WT Gavera (PNG),2015-2017,2015,2017,2,6,2,0,3,2,2,0,1.5,6,50,0,0,0,0,0, 0.50 ,0.00,0.00,20.90
JOA Gordon (CAN),2013-2019,2013,2019,6,7,2,2,3,2*,2,1,-,6,50,0,0,0,0,0, 0.43 ,0.00,0.00,#VALUE!
AM Guruge (UAE),2014-2015,2014,2015,1,5,3,2,3,1*,1,1,3,8,37.5,0,0,0,0,0, 0.60 ,0.00,0.00,16.80
Ibrahim Nashath (Mald),2019-2019,2019,2019,0,3,2,1,3,3*,3,1,3,5,60,0,0,1,0,0, 1.00 ,0.00,0.00,25.80
Javed Maroofkhail (NOR),2019-2019,2019,2019,0,2,1,0,3,3,3,0,3,8,37.5,0,0,0,0,0, 1.50 ,0.00,0.00,16.80
Junaid Khan (PAK),2011-2014,2011,2014,3,9,2,2,3,3*,3,1,-,4,75,0,0,0,0,0, 0.33 ,0.00,0.00,#VALUE!
MS Kasprowicz (AUS),2005-2005,2005,2005,0,2,1,1,3,3*,3,1,-,5,60,0,0,0,0,0, 1.50 ,0.00,0.00,#VALUE!
GJP Kruger (SA),2006-2006,2006,2006,0,1,1,0,3,3,3,0,3,5,60,0,0,0,0,0, 3.00 ,0.00,0.00,25.80
Mahmad Data (PNM),2019-2019,2019,2019,0,2,1,0,3,3,3,0,3,5,60,0,0,0,0,0, 1.50 ,0.00,0.00,25.80
Nazmul Hossain (BDESH),2009-2012,2009,2012,3,4,2,2,3,3*,3,1,-,15,20,0,0,0,0,0, 0.75 ,0.00,0.00,#VALUE!
R Olipa (UGA),2019-2019,2019,2019,0,2,1,0,3,3,3,0,3,4,75,0,0,0,0,0, 1.50 ,0.00,0.00,31.80
M Patel (PNM),2019-2019,2019,2019,0,2,1,1,3,3*,3,1,-,6,50,0,0,0,0,0, 1.50 ,0.00,0.00,#VALUE!
LN Rajbanshi (NEPAL),2018-2019,2018,2019,1,12,2,1,3,3,3,0,3,7,42.85,0,0,0,0,0, 0.25 ,0.00,0.00,18.94
KAJ Roach (WI),2008-2012,2008,2012,4,11,1,1,3,3*,3,1,-,2,150,0,0,0,0,0, 0.27 ,0.00,0.00,#VALUE!
MM Sharma (INDIA),2014-2015,2014,2015,1,8,2,2,3,3*,3,1,-,7,42.85,0,0,0,0,0, 0.38 ,0.00,0.00,#VALUE!
LA Simango (Moz),2019-2019,2019,2019,0,3,2,1,3,2,2,0,3,4,75,0,0,0,0,0, 1.00 ,0.00,0.00,31.80
RP Singh (INDIA),2007-2009,2007,2009,2,10,2,2,3,2*,2,1,-,3,100,0,0,0,0,0, 0.30 ,0.00,0.00,#VALUE!
MJ Swepson (AUS),2018-2018,2018,2018,0,1,1,1,3,3*,3,1,-,4,75,0,0,0,0,0, 3.00 ,0.00,0.00,#VALUE!
Tauqeer Hussain (ESP),2019-2019,2019,2019,0,4,1,1,3,3*,3,1,-,3,100,0,0,0,0,0, 0.75 ,0.00,0.00,#VALUE!
R Ulutuna (TKY),2019-2019,2019,2019,0,4,4,0,3,1,1,0,0.75,16,18.75,0,0,1,0,0, 0.75 ,0.00,0.00,7.95
SMK Waththage (CZK-R),2019-2019,2019,2019,0,5,1,0,3,3,3,0,3,5,60,0,0,0,0,0, 0.60 ,0.00,0.00,25.80
Zahid Hussain (CAN),2012-2012,2012,2012,0,3,2,2,3,2*,2,1,-,8,37.5,0,0,0,0,0, 1.00 ,0.00,0.00,#VALUE!
Abdullah Mahmood (DEN),2019-2019,2019,2019,0,1,1,0,2,2,2,0,2,2,100,0,0,0,0,0, 2.00 ,0.00,0.00,41.20
AG Achar (SGP),2019-2019,2019,2019,0,3,2,2,2,2*,2,1,-,2,100,0,0,0,0,0, 0.67 ,0.00,0.00,#VALUE!
N Advani (GIBR),2019-2019,2019,2019,0,1,1,0,2,2,2,0,2,4,50,0,0,0,0,0, 2.00 ,0.00,0.00,21.20
Aftab Alam (AFG),2012-2018,2012,2018,6,12,5,3,2,1*,1,1,1,9,22.22,0,0,1,0,0, 0.17 ,0.00,0.00,9.49
Areeb Quadir (Fin),2019-2019,2019,2019,0,2,1,0,2,2,2,0,2,12,16.66,0,0,0,0,0, 1.00 ,0.00,0.00,7.86
Arshad Hayat (CZK-R),2019-2019,2019,2019,0,6,2,0,2,2,2,0,1,7,28.57,0,0,1,0,0, 0.33 ,0.00,0.00,12.03
KMC Bandara (SL),2016-2016,2016,2016,0,1,1,1,2,2*,2,1,-,4,50,0,0,0,0,0, 2.00 ,0.00,0.00,#VALUE!
Bashir Shah (DEN),2019-2019,2019,2019,0,4,2,2,2,1*,1,1,-,2,100,0,0,0,0,0, 0.50 ,0.00,0.00,#VALUE!
A Bhattarai (NEPAL),2014-2014,2014,2014,0,1,1,0,2,2,2,0,2,3,66.66,0,0,0,0,0, 2.00 ,0.00,0.00,27.86
JP Bray (IRE),2009-2009,2009,2009,0,2,2,0,2,2,2,0,1,17,11.76,0,0,1,0,0, 1.00 ,0.00,0.00,5.30
GB Brent (ZIM),2006-2007,2006,2007,1,3,1,0,2,2,2,0,2,5,40,0,0,0,0,0, 0.67 ,0.00,0.00,17.20
P Buccimazza (PORT),2019-2019,2019,2019,0,4,2,0,2,1,1,0,1,13,15.38,0,0,0,0,0, 0.50 ,0.00,0.00,6.75
A Carthew (Chile),2019-2019,2019,2019,0,4,1,1,2,2*,2,1,-,2,100,0,0,0,0,0, 0.50 ,0.00,0.00,#VALUE!
S Chophel (BHU),2019-2019,2019,2019,0,1,1,1,2,2*,2,1,-,5,40,0,0,0,0,0, 2.00 ,0.00,0.00,#VALUE!
H Dajc (Serb),2019-2019,2019,2019,0,2,2,1,2,2*,2,1,2,3,66.66,0,0,1,0,0, 1.00 ,0.00,0.00,27.86
Dawlat Ahmadzai (AFG),2010-2010,2010,2010,0,2,1,1,2,2*,2,1,-,3,66.66,0,0,0,0,0, 1.00 ,0.00,0.00,#VALUE!
MVT Fernando (SL),2017-2017,2017,2017,0,1,1,0,2,2,2,0,2,2,100,0,0,0,0,0, 2.00 ,0.00,0.00,41.20
C Fry (LUX),2019-2019,2019,2019,0,3,1,0,2,2,2,0,2,6,33.33,0,0,0,0,0, 0.67 ,0.00,0.00,14.53
BD Glover (NL),2019-2019,2019,2019,0,19,4,3,2,1*,1,1,2,8,25,0,0,1,0,0, 0.11 ,0.00,0.00,11.20
Jandu Hamoud (KUW),2019-2019,2019,2019,0,6,1,0,2,2,2,0,2,4,50,0,0,0,0,0, 0.33 ,0.00,0.00,21.20
RJ Harris (AUS),2010-2010,2010,2010,0,3,1,1,2,2*,2,1,-,1,200,0,0,0,0,0, 0.67 ,0.00,0.00,#VALUE!
BW Hilfenhaus (AUS),2007-2012,2007,2012,5,7,3,1,2,2,2,0,1,10,20,0,0,1,0,0, 0.29 ,0.00,0.00,8.60
A Husain (Arg),2019-2019,2019,2019,0,5,1,1,2,2*,2,1,-,1,200,0,0,0,0,0, 0.40 ,0.00,0.00,#VALUE!
Ilyas Ahmed (KUW),2019-2019,2019,2019,0,6,3,2,2,1*,1,1,2,3,66.66,0,0,0,0,0, 0.33 ,0.00,0.00,27.86
AJ Ireland (ZIM),2006-2006,2006,2006,0,1,1,1,2,2*,2,1,-,3,66.66,0,0,0,0,0, 2.00 ,0.00,0.00,#VALUE!
S Kansoy (TKY),2019-2019,2019,2019,0,4,4,0,2,2,2,0,0.5,7,28.57,0,0,3,0,0, 0.50 ,0.00,0.00,11.73
A Khan (ENG),2009-2009,2009,2009,0,1,1,0,2,2,2,0,2,4,50,0,0,0,0,0, 2.00 ,0.00,0.00,21.20
RJ Kirtley (ENG),2007-2007,2007,2007,0,1,1,1,2,2*,2,1,-,4,50,0,0,0,0,0, 2.00 ,0.00,0.00,#VALUE!
I Lisboa (Chile),2019-2019,2019,2019,0,1,1,0,2,2,2,0,2,3,66.66,0,0,0,0,0, 2.00 ,0.00,0.00,27.86
J Long (PHI),2019-2019,2019,2019,0,2,1,1,2,2*,2,1,-,6,33.33,0,0,0,0,0, 1.00 ,0.00,0.00,#VALUE!
T Lungameni (NAM),2019-2019,2019,2019,0,6,1,1,2,2*,2,1,-,2,100,0,0,0,0,0, 0.33 ,0.00,0.00,#VALUE!
MJ Mason (NZ),2006-2008,2006,2008,2,3,1,0,2,2,2,0,2,2,100,0,0,0,0,0, 0.67 ,0.00,0.00,41.20
Muslim Yar (GER),2019-2019,2019,2019,0,7,1,0,2,2,2,0,2,6,33.33,0,0,0,0,0, 0.29 ,0.00,0.00,14.53
S Nadigotla (ROM),2019-2019,2019,2019,0,2,1,0,2,2,2,0,2,6,33.33,0,0,0,0,0, 1.00 ,0.00,0.00,14.53
Najeeb Amar (HKG),2014-2014,2014,2014,0,1,1,0,2,2,2,0,2,9,22.22,0,0,0,0,0, 2.00 ,0.00,0.00,10.09
W Nalisa (VAN),2019-2019,2019,2019,0,9,3,2,2,1*,1,1,2,4,50,0,0,1,0,0, 0.22 ,0.00,0.00,21.20
Nazwan Ismail (Mald),2019-2019,2019,2019,0,3,1,1,2,2*,2,1,-,2,100,0,0,0,0,0, 0.67 ,0.00,0.00,#VALUE!
A Ndlovu (ZIM),2019-2019,2019,2019,0,3,1,0,2,2,2,0,2,4,50,0,0,0,0,0, 0.67 ,0.00,0.00,21.20
K Nima (BHU),2019-2019,2019,2019,0,1,1,1,2,2*,2,1,-,3,66.66,0,0,0,0,0, 2.00 ,0.00,0.00,#VALUE!
Noman Kamawi (Belg),2019-2019,2019,2019,0,1,1,0,2,2,2,0,2,7,28.57,0,0,0,0,0, 2.00 ,0.00,0.00,12.63
L Nou (PNG),2015-2015,2015,2015,0,3,1,1,2,2*,2,1,-,3,66.66,0,0,0,0,0, 0.67 ,0.00,0.00,#VALUE!
S Saeed (Mald),2019-2019,2019,2019,0,5,1,0,2,2,2,0,2,4,50,0,0,0,0,0, 0.40 ,0.00,0.00,21.20
Saqlain Ali (Belg),2019-2019,2019,2019,0,2,1,0,2,2,2,0,2,6,33.33,0,0,0,0,0, 1.00 ,0.00,0.00,14.53
Shoaib Gazi Hossain (Chile),2019-2019,2019,2019,0,4,1,0,2,2,2,0,2,5,40,0,0,0,0,0, 0.50 ,0.00,0.00,17.20
Suhrid Roy (MALTA),2019-2019,2019,2019,0,1,1,1,2,2*,2,1,-,3,66.66,0,0,0,0,0, 2.00 ,0.00,0.00,#VALUE!
A Tripathi (Mex),2019-2019,2019,2019,0,3,2,2,2,1*,1,1,-,4,50,0,0,0,0,0, 0.67 ,0.00,0.00,#VALUE!
LL Tsotsobe (SA),2009-2014,2009,2014,5,23,3,2,2,1*,1,1,2,10,20,0,0,0,0,0, 0.09 ,0.00,0.00,9.20
Usman Shinwari (PAK),2013-2019,2013,2019,6,16,3,3,2,2*,2,1,-,3,66.66,0,0,0,0,0, 0.13 ,0.00,0.00,#VALUE!
S Vijayakumar (SGP),2019-2019,2019,2019,0,9,2,0,2,1,1,0,1,5,40,0,0,0,0,0, 0.22 ,0.00,0.00,16.60
R Vinay Kumar (INDIA),2010-2013,2010,2013,3,9,1,1,2,2*,2,1,-,4,50,0,0,0,0,0, 0.22 ,0.00,0.00,#VALUE!
Waqar Khan (Peru),2019-2019,2019,2019,0,4,2,1,2,2*,2,1,2,3,66.66,0,0,1,0,0, 0.50 ,0.00,0.00,27.86
Waqas Raja (Fin),2019-2019,2019,2019,0,1,1,1,2,2*,2,1,-,2,100,0,0,0,0,0, 2.00 ,0.00,0.00,#VALUE!
UWMBCA Welegedara (SL),2010-2010,2010,2010,0,2,1,1,2,2*,2,1,-,3,66.66,0,0,0,0,0, 1.00 ,0.00,0.00,#VALUE!
BTJ Wheal (SCOT),2016-2017,2016,2017,1,5,2,2,2,2*,2,1,-,2,100,0,0,0,0,0, 0.40 ,0.00,0.00,#VALUE!
UT Yadav (INDIA),2012-2019,2012,2019,7,7,1,0,2,2,2,0,2,4,50,0,0,0,0,0, 0.29 ,0.00,0.00,21.20
Zaheer Maqsood (UAE),2015-2016,2015,2016,1,3,1,0,2,2,2,0,2,5,40,0,0,0,0,0, 0.67 ,0.00,0.00,17.20
Z Abbasi (Botsw),2019-2019,2019,2019,0,1,1,0,1,1,1,0,1,5,20,0,0,0,0,0, 1.00 ,0.00,0.00,8.60
KK Ahmed (INDIA),2018-2019,2018,2019,1,14,1,1,1,1*,1,1,-,1,100,0,0,0,0,0, 0.07 ,0.00,0.00,#VALUE!
J Allen (),2019-2019,2019,2019,0,2,2,1,1,1*,1,1,1,4,25,0,0,1,0,0, 0.50 ,0.00,0.00,10.60
HS Alta (TKY),2019-2019,2019,2019,0,4,4,1,1,1*,1,1,0.33,10,10,0,0,3,0,0, 0.25 ,0.00,0.00,4.20
JM Anderson (ENG),2007-2009,2007,2009,2,19,4,3,1,1*,1,1,1,2,50,0,0,1,0,0, 0.05 ,0.00,0.00,20.60
B Angeltti (Arg),2019-2019,2019,2019,0,3,1,0,1,1,1,0,1,4,25,0,0,0,0,0, 0.33 ,0.00,0.00,10.60
V Ateak (Ghana),2019-2019,2019,2019,0,4,1,1,1,1*,1,1,-,2,50,0,0,0,0,0, 0.25 ,0.00,0.00,#VALUE!
Awais Malik (QAT),2019-2019,2019,2019,0,11,4,0,1,1,1,0,0.25,4,25,0,0,3,0,0, 0.09 ,0.00,0.00,10.15
Babar Ali (BAH),2019-2019,2019,2019,0,3,1,1,1,1*,1,1,-,1,100,0,0,0,0,0, 0.33 ,0.00,0.00,#VALUE!
DE Bernard (WI),2009-2009,2009,2009,0,1,1,1,1,1*,1,1,-,1,100,0,0,0,0,0, 1.00 ,0.00,0.00,#VALUE!
S Bhari (NEPAL),2019-2019,2019,2019,0,6,3,2,1,1*,1,1,1,5,20,0,0,1,0,0, 0.17 ,0.00,0.00,8.60
DE Bollinger (AUS),2011-2014,2011,2014,3,9,2,2,1,1*,1,1,-,1,100,0,0,0,0,0, 0.11 ,0.00,0.00,#VALUE!
DR Brown (SCOT),2007-2007,2007,2007,0,2,1,0,1,1,1,0,1,5,20,0,0,0,0,0, 0.50 ,0.00,0.00,8.60
N Buckle (GUE),2019-2019,2019,2019,0,3,1,1,1,1*,1,1,-,1,100,0,0,0,0,0, 0.33 ,0.00,0.00,#VALUE!
DL Chahar (INDIA),2018-2019,2018,2019,1,10,2,2,1,1*,1,1,-,1,100,0,0,0,0,0, 0.10 ,0.00,0.00,#VALUE!
R Dhawan (INDIA),2016-2016,2016,2016,0,1,1,1,1,1*,1,1,-,2,50,0,0,0,0,0, 1.00 ,0.00,0.00,#VALUE!
Dhiman Ghosh (BDESH),2008-2008,2008,2008,0,1,1,0,1,1,1,0,1,2,50,0,0,0,0,0, 1.00 ,0.00,0.00,20.60
HH Dippenaar (SA),2006-2006,2006,2006,0,1,1,0,1,1,1,0,1,5,20,0,0,0,0,0, 1.00 ,0.00,0.00,8.60
B Dugic (Serb),2019-2019,2019,2019,0,2,1,0,1,1,1,0,1,4,25,0,0,0,0,0, 0.50 ,0.00,0.00,10.60
GDR Eranga (CAN),2019-2019,2019,2019,0,9,1,0,1,1,1,0,1,1,100,0,0,0,0,0, 0.11 ,0.00,0.00,40.60
AC Evans (SCOT),2015-2019,2015,2019,4,27,6,1,1,1*,1,1,0.2,10,10,0,0,5,0,0, 0.04 ,0.00,0.00,4.12
LH Ferguson (NZ),2017-2019,2017,2019,2,8,1,0,1,1,1,0,1,3,33.33,0,0,0,0,0, 0.13 ,0.00,0.00,13.93
P Florin (ROM),2019-2019,2019,2019,0,4,2,1,1,1*,1,1,1,1,100,0,0,1,0,0, 0.25 ,0.00,0.00,40.60
MD Garratt (GIBR),2019-2019,2019,2019,0,4,2,1,1,1,1,0,1,5,20,0,0,0,0,0, 0.25 ,0.00,0.00,8.60
A Gavde (Caym),2019-2019,2019,2019,0,1,1,0,1,1,1,0,1,6,16.66,0,0,0,0,0, 1.00 ,0.00,0.00,7.26
O Goker (TKY),2019-2019,2019,2019,0,1,1,1,1,1*,1,1,-,1,100,0,0,0,0,0, 1.00 ,0.00,0.00,#VALUE!
Hashmatullah Shahidi (AFG),2013-2013,2013,2013,0,1,1,1,1,1*,1,1,-,1,100,0,0,0,0,0, 1.00 ,0.00,0.00,#VALUE!
GM Hyde (Blz),2019-2019,2019,2019,0,3,1,0,1,1,1,0,1,6,16.66,0,0,0,0,0, 0.33 ,0.00,0.00,7.26
JS Jesani (KENYA),2007-2007,2007,2007,0,1,1,0,1,1,1,0,1,5,20,0,0,0,0,0, 1.00 ,0.00,0.00,8.60
MBS Jonkman (NL),2010-2010,2010,2010,0,3,1,0,1,1,1,0,1,8,12.5,0,0,0,0,0, 0.33 ,0.00,0.00,5.60
B Khumalo (Botsw),2019-2019,2019,2019,0,3,1,0,1,1,1,0,1,3,33.33,0,0,0,0,0, 0.33 ,0.00,0.00,13.93
GE Kidd (IRE),2010-2010,2010,2010,0,1,1,1,1,1*,1,1,-,1,100,0,0,0,0,0, 1.00 ,0.00,0.00,#VALUE!
VJ Kingma (NL),2016-2019,2016,2019,3,4,2,1,1,1,1,0,1,5,20,0,0,0,0,0, 0.25 ,0.00,0.00,8.60
DS Kulkarni (INDIA),2016-2016,2016,2016,0,2,1,1,1,1*,1,1,-,1,100,0,0,0,0,0, 0.50 ,0.00,0.00,#VALUE!
A Lagos (),2019-2019,2019,2019,0,1,1,1,1,1*,1,1,-,4,25,0,0,0,0,0, 1.00 ,0.00,0.00,#VALUE!
J Lewis (ENG),2005-2007,2005,2007,2,2,2,1,1,1,1,0,1,4,25,0,0,0,0,0, 0.50 ,0.00,0.00,10.60
J Louw (SA),2008-2009,2008,2009,1,2,1,1,1,1*,1,1,-,1,100,0,0,0,0,0, 0.50 ,0.00,0.00,#VALUE!
R Mahajan (PHI),2019-2019,2019,2019,0,3,1,1,1,1*,1,1,-,1,100,0,0,0,0,0, 0.33 ,0.00,0.00,#VALUE!
SI Mahmood (ENG),2006-2009,2006,2009,3,4,2,2,1,1*,1,1,-,2,50,0,0,0,0,0, 0.25 ,0.00,0.00,#VALUE!
RD McCann (IRE),2012-2012,2012,2012,0,3,1,0,1,1,1,0,1,2,50,0,0,0,0,0, 0.33 ,0.00,0.00,20.60
MR Montfort (CAN),2019-2019,2019,2019,0,1,1,1,1,1*,1,1,-,1,100,0,0,0,0,0, 1.00 ,0.00,0.00,#VALUE!
Muhammed Shanil (UAE),2016-2016,2016,2016,0,1,1,1,1,1*,1,1,-,3,33.33,0,0,0,0,0, 1.00 ,0.00,0.00,#VALUE!
M Muralitharan (SL),2006-2010,2006,2010,4,12,2,0,1,1,1,0,0.5,5,20,0,0,1,0,0, 0.08 ,0.00,0.00,8.30
B Muzarabani (ZIM),2018-2018,2018,2018,0,6,3,2,1,1*,1,1,1,5,20,0,0,1,0,0, 0.17 ,0.00,0.00,8.60
M Nasim Baras (AFG),2015-2015,2015,2015,0,3,1,0,1,1,1,0,1,2,50,0,0,0,0,0, 0.33 ,0.00,0.00,20.60
A Nathwani (Aut),2019-2019,2019,2019,0,5,1,1,1,1*,1,1,-,1,100,0,0,0,0,0, 0.20 ,0.00,0.00,#VALUE!
R Neale (LUX),2019-2019,2019,2019,0,3,2,0,1,1,1,0,0.5,6,16.66,0,0,1,0,0, 0.33 ,0.00,0.00,6.96
ML Nkala (ZIM),2006-2006,2006,2006,0,1,1,0,1,1,1,0,1,3,33.33,0,0,0,0,0, 1.00 ,0.00,0.00,13.93
MS Panesar (ENG),2007-2007,2007,2007,0,1,1,0,1,1,1,0,1,2,50,0,0,0,0,0, 1.00 ,0.00,0.00,20.60
SD Parry (ENG),2014-2015,2014,2015,1,5,1,0,1,1,1,0,1,1,100,0,0,0,0,0, 0.20 ,0.00,0.00,40.60
MDK Perera (SL),2011-2011,2011,2011,0,3,2,0,1,1,1,0,0.5,6,16.66,0,0,1,0,0, 0.33 ,0.00,0.00,6.96
DBL Powell (WI),2007-2007,2007,2007,0,5,1,1,1,1*,1,1,-,1,100,0,0,0,0,0, 0.20 ,0.00,0.00,#VALUE!
EC Rainsford (ZIM),2010-2010,2010,2010,0,2,1,1,1,1*,1,1,-,2,50,0,0,0,0,0, 0.50 ,0.00,0.00,#VALUE!
KB Ratilal (PNM),2019-2019,2019,2019,0,3,1,1,1,1*,1,1,-,2,50,0,0,0,0,0, 0.33 ,0.00,0.00,#VALUE!
EB Ringera (KENYA),2019-2019,2019,2019,0,1,1,0,1,1,1,0,1,3,33.33,0,0,0,0,0, 1.00 ,0.00,0.00,13.93
WJR Robertson (JER),2019-2019,2019,2019,0,6,2,2,1,1*,1,1,-,2,50,0,0,0,0,0, 0.17 ,0.00,0.00,#VALUE!
BA Sambo (Moz),2019-2019,2019,2019,0,2,1,1,1,1*,1,1,-,1,100,0,0,0,0,0, 0.50 ,0.00,0.00,#VALUE!
O Sam Arthur (CRC),2019-2019,2019,2019,0,3,2,1,1,1,1,0,1,1,100,0,0,0,0,0, 0.33 ,0.00,0.00,40.60
Sandeep Sharma (INDIA),2015-2015,2015,2015,0,2,1,1,1,1*,1,1,-,1,100,0,0,0,0,0, 0.50 ,0.00,0.00,#VALUE!
M Sarenac (Serb),2019-2019,2019,2019,0,2,1,0,1,1,1,0,1,2,50,0,0,0,0,0, 0.50 ,0.00,0.00,20.60
Sayed Shirzad (AFG),2015-2019,2015,2019,4,4,1,0,1,1,1,0,1,2,50,0,0,0,0,0, 0.25 ,0.00,0.00,20.60
ZK Shem (VAN),2019-2019,2019,2019,0,5,2,2,1,1*,1,1,-,4,25,0,0,0,0,0, 0.20 ,0.00,0.00,#VALUE!
PM Siddle (AUS),2009-2010,2009,2010,1,2,1,1,1,1*,1,1,-,1,100,0,0,0,0,0, 0.50 ,0.00,0.00,#VALUE!
KM Silva (),2019-2019,2019,2019,0,3,2,0,1,1,1,0,0.5,6,16.66,0,0,1,0,0, 0.33 ,0.00,0.00,6.96
Sohail Khan (PAK),2008-2017,2008,2017,9,5,1,1,1,1*,1,1,-,1,100,0,0,0,0,0, 0.20 ,0.00,0.00,#VALUE!
Sohrawordi Shuvo (BDESH),2010-2010,2010,2010,0,1,1,1,1,1*,1,1,-,3,33.33,0,0,0,0,0, 1.00 ,0.00,0.00,#VALUE!
AL Stephen (VAN),2019-2019,2019,2019,0,2,1,0,1,1,1,0,1,2,50,0,0,0,0,0, 0.50 ,0.00,0.00,20.60
EP Thompson (NZ),2008-2008,2008,2008,0,1,1,1,1,1*,1,1,-,1,100,0,0,0,0,0, 1.00 ,0.00,0.00,#VALUE!
RJW Topley (ENG),2015-2016,2015,2016,1,6,1,1,1,1*,1,1,-,2,50,0,0,0,0,0, 0.17 ,0.00,0.00,#VALUE!
TE Tucker (BMUDA),2008-2008,2008,2008,0,1,1,0,1,1,1,0,1,5,20,0,0,0,0,0, 1.00 ,0.00,0.00,8.60
T Turan (TKY),2019-2019,2019,2019,0,4,4,0,1,1,1,0,0.25,17,5.88,0,0,3,0,0, 0.25 ,0.00,0.00,2.50
R van der Merwe (Arg),2019-2019,2019,2019,0,5,2,2,1,1*,1,1,-,1,100,0,0,0,0,0, 0.20 ,0.00,0.00,#VALUE!
I Wardlaw (SCOT),2013-2013,2013,2013,0,4,1,0,1,1,1,0,1,3,33.33,0,0,0,0,0, 0.25 ,0.00,0.00,13.93
Wasim Ali (OMAN),2019-2019,2019,2019,0,1,1,0,1,1,1,0,1,4,25,0,0,0,0,0, 1.00 ,0.00,0.00,10.60
G Wijekoon (SL),2007-2007,2007,2007,0,3,2,1,1,1*,1,1,1,5,20,0,0,1,0,0, 0.33 ,0.00,0.00,8.60
JD Wildermuth (AUS),2018-2018,2018,2018,0,2,1,1,1,1*,1,1,-,1,100,0,0,0,0,0, 0.50 ,0.00,0.00,#VALUE!
Yamin Ahmadzai (AFG),2015-2015,2015,2015,0,2,1,1,1,1*,1,1,-,1,100,0,0,0,0,0, 0.50 ,0.00,0.00,#VALUE!
Zaki Ul Hassan (Belg),2019-2019,2019,2019,0,3,1,0,1,1,1,0,1,2,50,0,0,0,0,0, 0.33 ,0.00,0.00,20.60
Zeeshan Abbas (BAH),2019-2019,2019,2019,0,1,1,0,1,1,1,0,1,4,25,0,0,0,0,0, 1.00 ,0.00,0.00,10.60
Abdul Shakoor (ROM),2019-2019,2019,2019,0,2,1,0,0,0,0,0,0,3,0,0,0,1,0,0, -   ,0.00,0.00,0.00
AS Abioye (NGA),2019-2019,2019,2019,0,5,1,1,0,0*,0,1,-,0,-,0,0,0,0,0, -   ,0.00,0.00,#VALUE!
Aizaz Cheema (PAK),2011-2012,2011,2012,1,5,1,1,0,0*,0,1,-,3,0,0,0,0,0,0, -   ,0.00,0.00,#VALUE!
C Akyuz (TKY),2019-2019,2019,2019,0,2,2,0,0,0,0,0,0,3,0,0,0,2,0,0, -   ,0.00,0.00,0.00
Ali Naqi (PORT),2019-2019,2019,2019,0,4,1,1,0,0*,0,1,-,0,-,0,0,0,0,0, -   ,0.00,0.00,#VALUE!
MA Aponso (SL),2018-2018,2018,2018,0,3,1,0,0,0,0,0,0,2,0,0,0,1,0,0, -   ,0.00,0.00,0.00
S Arachchige (ITA),2019-2019,2019,2019,0,4,1,0,0,0,0,0,0,2,0,0,0,1,0,0, -   ,0.00,0.00,0.00
Ashiqullah Said (Belg),2019-2019,2019,2019,0,3,1,0,0,0,0,0,0,1,0,0,0,1,0,0, -   ,0.00,0.00,0.00
SK Atai (PNG),2019-2019,2019,2019,0,2,1,0,0,0,0,0,0,1,0,0,0,1,0,0, -   ,0.00,0.00,0.00
MS Aulakh (CAN),2012-2013,2012,2013,1,3,1,0,0,0,0,0,0,2,0,0,0,1,0,0, -   ,0.00,0.00,0.00
CT Bancroft (AUS),2016-2016,2016,2016,0,1,1,1,0,0*,0,1,-,0,-,0,0,0,0,0, -   ,0.00,0.00,#VALUE!
M Bhanuka (SL),2019-2019,2019,2019,0,2,1,0,0,0,0,0,0,1,0,0,0,1,0,0, -   ,0.00,0.00,0.00
IDR Bradshaw (WI),2006-2006,2006,2006,0,1,1,1,0,0*,0,1,-,0,-,0,0,0,0,0, -   ,0.00,0.00,#VALUE!
DR Briggs (ENG),2012-2014,2012,2014,2,7,1,1,0,0*,0,1,-,0,-,0,0,0,0,0, -   ,0.00,0.00,#VALUE!
AF Buurman (NL),2010-2010,2010,2010,0,4,2,0,0,0,0,0,0,4,0,0,0,2,0,0, -   ,0.00,0.00,0.00
PP Chawla (INDIA),2010-2012,2010,2012,2,7,1,0,0,0,0,0,0,1,0,0,0,1,0,0, -   ,0.00,0.00,0.00
DO Christian (WI),2011-2011,2011,2011,0,2,1,0,0,0,0,0,0,2,0,0,0,1,0,0, -   ,0.00,0.00,0.00
I Civric (Serb),2019-2019,2019,2019,0,1,1,0,0,0,0,0,0,1,0,0,0,1,0,0, -   ,0.00,0.00,0.00
S Dalton (CZK-R),2019-2019,2019,2019,0,3,1,0,0,0,0,0,0,1,0,0,0,1,0,0, -   ,0.00,0.00,0.00
N Dipakkumar Patel (PNM),2019-2019,2019,2019,0,3,1,0,0,0,0,0,0,0,-,0,0,1,0,0, -   ,0.00,0.00,#VALUE!
JN Dorji (BHU),2019-2019,2019,2019,0,1,1,0,0,0,0,0,0,0,-,0,0,1,0,0, -   ,0.00,0.00,#VALUE!
Ehsan Nawaz (HKG),2014-2017,2014,2017,3,5,1,0,0,0,0,0,0,2,0,0,0,1,0,0, -   ,0.00,0.00,0.00
M Faheem (THAI),2019-2019,2019,2019,0,4,1,0,0,0,0,0,0,2,0,0,0,1,0,0, -   ,0.00,0.00,0.00
Fakhrul Mohon (PORT),2019-2019,2019,2019,0,4,1,0,0,0,0,0,0,0,-,0,0,1,0,0, -   ,0.00,0.00,#VALUE!
Fiaz Ahmad (KUW),2019-2019,2019,2019,0,3,1,1,0,0*,0,1,-,0,-,0,0,0,0,0, -   ,0.00,0.00,#VALUE!
GC Galanis (),2019-2019,2019,2019,0,2,1,0,0,0,0,0,0,1,0,0,0,1,0,0, -   ,0.00,0.00,0.00
Gershon Yusuf (NGA),2019-2019,2019,2019,0,1,1,0,0,0,0,0,0,1,0,0,0,1,0,0, -   ,0.00,0.00,0.00
L Gharasim (ROM),2019-2019,2019,2019,0,2,1,0,0,0,0,0,0,1,0,0,0,1,0,0, -   ,0.00,0.00,0.00
M Goonetilleke (MALTA),2019-2019,2019,2019,0,1,1,0,0,0,0,0,0,1,0,0,0,1,0,0, -   ,0.00,0.00,0.00
SM Harwood (AUS),2007-2009,2007,2009,2,3,1,1,0,0*,0,1,-,0,-,0,0,0,0,0, -   ,0.00,0.00,#VALUE!
T Henderson (SA),2006-2006,2006,2006,0,1,1,0,0,0,0,0,0,2,0,0,0,1,0,0, -   ,0.00,0.00,0.00
KC Hodsoll (BMUDA),2008-2008,2008,2008,0,1,1,0,0,0,0,0,0,1,0,0,0,1,0,0, -   ,0.00,0.00,0.00
Imran Khan (1) (PAK),2015-2015,2015,2015,0,3,1,0,0,0,0,0,0,1,0,0,0,1,0,0, -   ,0.00,0.00,0.00
P Kerai (KENYA),2019-2019,2019,2019,0,6,1,0,0,0,0,0,0,1,0,0,0,1,0,0, -   ,0.00,0.00,0.00
S Keshvani (CAN),2010-2010,2010,2010,0,2,1,1,0,0*,0,1,-,1,0,0,0,0,0,0, -   ,0.00,0.00,#VALUE!
RN Lewis (WI),2008-2008,2008,2008,0,1,1,0,0,0,0,0,0,4,0,0,0,1,0,0, -   ,0.00,0.00,0.00
CA Liyanage (Mald),2019-2019,2019,2019,0,2,2,1,0,0*,0,1,0,1,0,0,0,1,0,0, -   ,0.00,0.00,0.00
K Loday (BHU),2019-2019,2019,2019,0,1,1,1,0,0*,0,1,-,1,0,0,0,0,0,0, -   ,0.00,0.00,#VALUE!
AJ McKay (NZ),2010-2010,2010,2010,0,2,1,0,0,0,0,0,0,1,0,0,0,1,0,0, -   ,0.00,0.00,0.00
GI Maiden (SCOT),2008-2008,2008,2008,0,3,1,0,0,0,0,0,0,1,0,0,0,1,0,0, -   ,0.00,0.00,0.00
OM Marshall (Peru),2019-2019,2019,2019,0,3,1,0,0,0,0,0,0,3,0,0,0,1,0,0, -   ,0.00,0.00,0.00
M Meade (Chile),2019-2019,2019,2019,0,1,1,0,0,0,0,0,0,2,0,0,0,1,0,0, -   ,0.00,0.00,0.00
A Mehmood (HKG),2016-2016,2016,2016,0,2,1,1,0,0*,0,1,-,1,0,0,0,0,0,0, -   ,0.00,0.00,#VALUE!
Michael Nazir (MALTA),2019-2019,2019,2019,0,1,1,0,0,0,0,0,0,2,0,0,0,1,0,0, -   ,0.00,0.00,0.00
TS Mills (ENG/ICC),2016-2018,2016,2018,2,5,1,0,0,0,0,0,0,2,0,0,0,1,0,0, -   ,0.00,0.00,0.00
A Mishra (INDIA),2010-2017,2010,2017,7,10,1,0,0,0,0,0,0,0,-,0,0,1,0,0, -   ,0.00,0.00,#VALUE!
Mohameed Taiwo (NGA),2019-2019,2019,2019,0,2,1,1,0,0*,0,1,-,0,-,0,0,0,0,0, -   ,0.00,0.00,#VALUE!
Mohammad Kashif (NL),2010-2010,2010,2010,0,3,1,1,0,0*,0,1,-,0,-,0,0,0,0,0, -   ,0.00,0.00,#VALUE!
Mohammad Qazi (CAN),2008-2008,2008,2008,0,1,1,0,0,0,0,0,0,1,0,0,0,1,0,0, -   ,0.00,0.00,0.00
Mohammed Nadeem (QAT),2019-2019,2019,2019,0,15,2,2,0,0*,0,1,-,1,0,0,0,0,0,0, -   ,0.00,0.00,#VALUE!
HJC Mol (NL),2008-2008,2008,2008,0,4,1,0,0,0,0,0,0,1,0,0,0,1,0,0, -   ,0.00,0.00,0.00
JK Mukhiya (NEPAL),2014-2015,2014,2015,1,4,1,1,0,0*,0,1,-,0,-,0,0,0,0,0, -   ,0.00,0.00,#VALUE!
Musa Shaheen (DEN),2019-2019,2019,2019,0,1,1,0,0,0,0,0,0,3,0,0,0,1,0,0, -   ,0.00,0.00,0.00
T Muzarabani (ZIM),2015-2016,2015,2016,1,9,1,1,0,0*,0,1,-,2,0,0,0,0,0,0, -   ,0.00,0.00,#VALUE!
Naveed Ahmed (CZK-R),2019-2019,2019,2019,0,7,1,0,0,0,0,0,0,1,0,0,0,1,0,0, -   ,0.00,0.00,0.00
Nawaf Ahmed (KUW),2019-2019,2019,2019,0,1,1,1,0,0*,0,1,-,0,-,0,0,0,0,0, -   ,0.00,0.00,#VALUE!
A Nel (SA),2005-2007,2005,2007,2,2,1,1,0,0*,0,1,-,2,0,0,0,0,0,0, -   ,0.00,0.00,#VALUE!
AA Noffke (AUS),2007-2008,2007,2008,1,2,1,0,0,0,0,0,0,0,-,0,0,1,0,0, -   ,0.00,0.00,#VALUE!
Noor Momand (Belg),2019-2019,2019,2019,0,2,1,1,0,0*,0,1,-,0,-,0,0,0,0,0, -   ,0.00,0.00,#VALUE!
L Nussbaumer (GUE),2019-2019,2019,2019,0,1,1,0,0,0,0,0,0,1,0,0,0,1,0,0, -   ,0.00,0.00,0.00
A Orfila (GIBR),2019-2019,2019,2019,0,1,1,0,0,0,0,0,0,2,0,0,0,1,0,0, -   ,0.00,0.00,0.00
MM Patel (INDIA),2011-2011,2011,2011,0,3,1,0,0,0,0,0,0,1,0,0,0,1,0,0, -   ,0.00,0.00,0.00
PDRL Perera (SL),2006-2006,2006,2006,0,2,2,2,0,0*,0,1,-,0,-,0,0,0,0,0, -   ,0.00,0.00,#VALUE!
T Phaswana (Botsw),2019-2019,2019,2019,0,1,1,0,0,0,0,0,0,3,0,0,0,1,0,0, -   ,0.00,0.00,0.00
Rahman Ademi (Serb),2019-2019,2019,2019,0,2,1,1,0,0*,0,1,-,4,0,0,0,0,0,0, -   ,0.00,0.00,#VALUE!
DM Richards (WI),2009-2009,2009,2009,0,1,1,0,0,0,0,0,0,1,0,0,0,1,0,0, -   ,0.00,0.00,0.00
R Rivas (Chile),2019-2019,2019,2019,0,3,1,0,0,0,0,0,0,1,0,0,0,1,0,0, -   ,0.00,0.00,0.00
Rumman Raees (PAK),2016-2018,2016,2018,2,8,1,1,0,0*,0,1,-,0,-,0,0,0,0,0, -   ,0.00,0.00,#VALUE!
NA Saini (INDIA),2019-2019,2019,2019,0,5,1,1,0,0*,0,1,-,1,0,0,0,0,0,0, -   ,0.00,0.00,#VALUE!
Sajid Liaqat (GER),2019-2019,2019,2019,0,2,1,1,0,0*,0,1,-,0,-,0,0,0,0,0, -   ,0.00,0.00,#VALUE!
K Santokie (WI),2011-2014,2011,2014,3,12,1,1,0,0*,0,1,-,0,-,0,0,0,0,0, -   ,0.00,0.00,#VALUE!
I Sawmy (DEN),2019-2019,2019,2019,0,2,2,1,0,0*,0,1,0,2,0,0,0,1,0,0, -   ,0.00,0.00,0.00
Shaheen Shah Afridi (PAK),2018-2019,2018,2019,1,10,1,1,0,0*,0,1,-,2,0,0,0,0,0,0, -   ,0.00,0.00,#VALUE!
A Shahzad (ENG),2010-2011,2010,2011,1,3,1,1,0,0*,0,1,-,3,0,0,0,0,0,0, -   ,0.00,0.00,#VALUE!
Shakeel Ansar (PAK),2012-2012,2012,2012,0,2,1,0,0,0,0,0,0,1,0,0,0,1,0,0, -   ,0.00,0.00,0.00
T Shamsi (SA),2017-2019,2017,2019,2,16,3,2,0,0*,0,1,0,5,0,0,0,1,0,0, -   ,0.00,0.00,0.00
B Shikongo (NAM),2019-2019,2019,2019,0,11,1,0,0,0,0,0,0,1,0,0,0,1,0,0, -   ,0.00,0.00,0.00
BA Simango (Moz),2019-2019,2019,2019,0,2,1,0,0,0,0,0,0,2,0,0,0,1,0,0, -   ,0.00,0.00,0.00
M Simmons (BMUDA),2019-2019,2019,2019,0,2,1,0,0,0,0,0,0,2,0,0,0,1,0,0, -   ,0.00,0.00,0.00
M Simpson-Parker (Aut),2019-2019,2019,2019,0,3,1,0,0,0,0,0,0,2,0,0,0,1,0,0, -   ,0.00,0.00,0.00
MS Sinclair (NZ),2005-2007,2005,2007,2,2,2,0,0,0,0,0,0,5,0,0,0,2,0,0, -   ,0.00,0.00,0.00
S Singh (PORT),2019-2019,2019,2019,0,1,1,0,0,0,0,0,0,9,0,0,0,1,0,0, -   ,0.00,0.00,0.00
L Sipamla (SA),2019-2019,2019,2019,0,5,1,0,0,0,0,0,0,1,0,0,0,1,0,0, -   ,0.00,0.00,0.00
S Soosiyakumar (),2019-2019,2019,2019,0,1,1,0,0,0,0,0,0,2,0,0,0,1,0,0, -   ,0.00,0.00,0.00
ES Soto (CRC),2019-2019,2019,2019,0,1,1,0,0,0,0,0,0,2,0,0,0,1,0,0, -   ,0.00,0.00,0.00
L Sreekumar (UAE),2017-2017,2017,2017,0,1,1,0,0,0,0,0,0,1,0,0,0,1,0,0, -   ,0.00,0.00,0.00
H Ssenyondo (UGA),2019-2019,2019,2019,0,4,1,1,0,0*,0,1,-,0,-,0,0,0,0,0, -   ,0.00,0.00,#VALUE!
Taijul Islam (BDESH),2019-2019,2019,2019,0,2,1,1,0,0*,0,1,-,1,0,0,0,0,0,0, -   ,0.00,0.00,#VALUE!
Ziaur Rehman (Fin),2019-2019,2019,2019,0,1,1,0,0,0,0,0,0,4,0,0,0,1,0,0, -   ,0.00,0.00,0.00
M Zondeki (SA),2006-2006,2006,2006,0,1,1,0,0,0,0,0,0,1,0,0,0,1,0,0, -   ,0.00,0.00,0.00
Zulqarnain Haider (ESP),2019-2019,2019,2019,0,5,1,0,0,0,0,0,0,0,-,0,0,1,0,0, -   ,0.00,0.00,#VALUE!
YA Abdulla (SA),2009-2009,2009,2009,0,2,-,-,-,-,#VALUE!,0,-,-,-,-,-,-,-,-,#VALUE!,#VALUE!,#VALUE!,#VALUE!
Abdur Rauf (PAK),2008-2008,2008,2008,0,1,-,-,-,-,#VALUE!,0,-,-,-,-,-,-,-,-,#VALUE!,#VALUE!,#VALUE!,#VALUE!
RA Abolarin (NGA),2019-2019,2019,2019,0,1,-,-,-,-,#VALUE!,0,-,-,-,-,-,-,-,-,#VALUE!,#VALUE!,#VALUE!,#VALUE!
F Achelam (UGA),2019-2019,2019,2019,0,1,-,-,-,-,#VALUE!,0,-,-,-,-,-,-,-,-,#VALUE!,#VALUE!,#VALUE!,#VALUE!
GW Aldridge (NZ),2011-2011,2011,2011,0,1,-,-,-,-,#VALUE!,0,-,-,-,-,-,-,-,-,#VALUE!,#VALUE!,#VALUE!,#VALUE!
TR Ambrose (ENG),2008-2008,2008,2008,0,1,-,-,-,-,#VALUE!,0,-,-,-,-,-,-,-,-,#VALUE!,#VALUE!,#VALUE!,#VALUE!
A Anemogiannis (),2019-2019,2019,2019,0,1,-,-,-,-,#VALUE!,0,-,-,-,-,-,-,-,-,#VALUE!,#VALUE!,#VALUE!,#VALUE!
S Aravind (INDIA),2015-2015,2015,2015,0,1,-,-,-,-,#VALUE!,0,-,-,-,-,-,-,-,-,#VALUE!,#VALUE!,#VALUE!,#VALUE!
JC Archer (ENG),2019-2019,2019,2019,0,1,-,-,-,-,#VALUE!,0,-,-,-,-,-,-,-,-,#VALUE!,#VALUE!,#VALUE!,#VALUE!
Arsalan Qadir (CAN),2010-2010,2010,2010,0,1,-,-,-,-,#VALUE!,0,-,-,-,-,-,-,-,-,#VALUE!,#VALUE!,#VALUE!,#VALUE!
Asad Ali (PAK),2013-2013,2013,2013,0,2,-,-,-,-,#VALUE!,0,-,-,-,-,-,-,-,-,#VALUE!,#VALUE!,#VALUE!,#VALUE!
Atif Ali Khan (UAE),2016-2016,2016,2016,0,1,-,-,-,-,#VALUE!,0,-,-,-,-,-,-,-,-,#VALUE!,#VALUE!,#VALUE!,#VALUE!
P Awana (INDIA),2012-2012,2012,2012,0,2,-,-,-,-,#VALUE!,0,-,-,-,-,-,-,-,-,#VALUE!,#VALUE!,#VALUE!,#VALUE!
LS Baker (WI),2008-2009,2008,2009,1,3,-,-,-,-,#VALUE!,0,-,-,-,-,-,-,-,-,#VALUE!,#VALUE!,#VALUE!,#VALUE!
L Balaji (INDIA),2012-2012,2012,2012,0,5,-,-,-,-,#VALUE!,0,-,-,-,-,-,-,-,-,#VALUE!,#VALUE!,#VALUE!,#VALUE!
JT Ball (ENG),2018-2018,2018,2018,0,2,-,-,-,-,#VALUE!,0,-,-,-,-,-,-,-,-,#VALUE!,#VALUE!,#VALUE!,#VALUE!
S Bantzas (),2019-2019,2019,2019,0,1,-,-,-,-,#VALUE!,0,-,-,-,-,-,-,-,-,#VALUE!,#VALUE!,#VALUE!,#VALUE!
TC Bastiampillai (CAN),2010-2010,2010,2010,0,2,-,-,-,-,#VALUE!,0,-,-,-,-,-,-,-,-,#VALUE!,#VALUE!,#VALUE!,#VALUE!
MD Bates (NZ),2012-2012,2012,2012,0,3,-,-,-,-,#VALUE!,0,-,-,-,-,-,-,-,-,#VALUE!,#VALUE!,#VALUE!,#VALUE!
D Bau (PNG),2017-2017,2017,2017,0,1,-,-,-,-,#VALUE!,0,-,-,-,-,-,-,-,-,#VALUE!,#VALUE!,#VALUE!,#VALUE!
JP Behrendorff (AUS),2017-2019,2017,2019,2,7,-,-,-,-,#VALUE!,0,-,-,-,-,-,-,-,-,#VALUE!,#VALUE!,#VALUE!,#VALUE!
CC Blake (VAN),2019-2019,2019,2019,0,3,-,-,-,-,#VALUE!,0,-,-,-,-,-,-,-,-,#VALUE!,#VALUE!,#VALUE!,#VALUE!
N Boje (SA),2005-2005,2005,2005,0,1,-,-,-,-,#VALUE!,0,-,-,-,-,-,-,-,-,#VALUE!,#VALUE!,#VALUE!,#VALUE!
SM Boland (AUS),2016-2016,2016,2016,0,3,-,-,-,-,#VALUE!,0,-,-,-,-,-,-,-,-,#VALUE!,#VALUE!,#VALUE!,#VALUE!
CG Burnett (SCOT),2013-2013,2013,2013,0,1,-,-,-,-,#VALUE!,0,-,-,-,-,-,-,-,-,#VALUE!,#VALUE!,#VALUE!,#VALUE!
DK Butler (WI),2006-2006,2006,2006,0,1,-,-,-,-,#VALUE!,0,-,-,-,-,-,-,-,-,#VALUE!,#VALUE!,#VALUE!,#VALUE!
RD Chahar (INDIA),2019-2019,2019,2019,0,1,-,-,-,-,#VALUE!,0,-,-,-,-,-,-,-,-,#VALUE!,#VALUE!,#VALUE!,#VALUE!
N Chejay (BHU),2019-2019,2019,2019,0,1,-,-,-,-,#VALUE!,0,-,-,-,-,-,-,-,-,#VALUE!,#VALUE!,#VALUE!,#VALUE!
C Chete (MWI),2019-2019,2019,2019,0,2,-,-,-,-,#VALUE!,0,-,-,-,-,-,-,-,-,#VALUE!,#VALUE!,#VALUE!,#VALUE!
SR Clark (AUS),2006-2007,2006,2007,1,9,-,-,-,-,#VALUE!,0,-,-,-,-,-,-,-,-,#VALUE!,#VALUE!,#VALUE!,#VALUE!
MS Crane (ENG),2017-2017,2017,2017,0,2,-,-,-,-,#VALUE!,0,-,-,-,-,-,-,-,-,#VALUE!,#VALUE!,#VALUE!,#VALUE!
D Daesrath (CAN),2013-2013,2013,2013,0,1,-,-,-,-,#VALUE!,0,-,-,-,-,-,-,-,-,#VALUE!,#VALUE!,#VALUE!,#VALUE!
M de Lange (SA),2012-2015,2012,2015,3,6,-,-,-,-,#VALUE!,0,-,-,-,-,-,-,-,-,#VALUE!,#VALUE!,#VALUE!,#VALUE!
SI de Saram (SL),2009-2009,2009,2009,0,1,-,-,-,-,#VALUE!,0,-,-,-,-,-,-,-,-,#VALUE!,#VALUE!,#VALUE!,#VALUE!
BJ Diamanti (NZ),2009-2009,2009,2009,0,1,-,-,-,-,#VALUE!,0,-,-,-,-,-,-,-,-,#VALUE!,#VALUE!,#VALUE!,#VALUE!
V Dikov (),2019-2019,2019,2019,0,3,-,-,-,-,#VALUE!,0,-,-,-,-,-,-,-,-,#VALUE!,#VALUE!,#VALUE!,#VALUE!
K Dorji (BHU),2019-2019,2019,2019,0,2,-,-,-,-,#VALUE!,0,-,-,-,-,-,-,-,-,#VALUE!,#VALUE!,#VALUE!,#VALUE!
PS Eaglestone (IRE),2010-2010,2010,2010,0,1,-,-,-,-,#VALUE!,0,-,-,-,-,-,-,-,-,#VALUE!,#VALUE!,#VALUE!,#VALUE!
BT Foakes (ENG),2019-2019,2019,2019,0,1,-,-,-,-,#VALUE!,0,-,-,-,-,-,-,-,-,#VALUE!,#VALUE!,#VALUE!,#VALUE!
BC Fortuin (SA),2019-2019,2019,2019,0,2,-,-,-,-,#VALUE!,0,-,-,-,-,-,-,-,-,#VALUE!,#VALUE!,#VALUE!,#VALUE!
O Fournier (CRC),2019-2019,2019,2019,0,2,-,-,-,-,#VALUE!,0,-,-,-,-,-,-,-,-,#VALUE!,#VALUE!,#VALUE!,#VALUE!
R Frylinck (SA),2017-2018,2017,2018,1,3,-,-,-,-,#VALUE!,0,-,-,-,-,-,-,-,-,#VALUE!,#VALUE!,#VALUE!,#VALUE!
ST Gabriel (WI),2013-2013,2013,2013,0,2,-,-,-,-,#VALUE!,0,-,-,-,-,-,-,-,-,#VALUE!,#VALUE!,#VALUE!,#VALUE!
Garret Banner (Blz),2019-2019,2019,2019,0,1,-,-,-,-,#VALUE!,0,-,-,-,-,-,-,-,-,#VALUE!,#VALUE!,#VALUE!,#VALUE!
B Geeves (AUS),2009-2009,2009,2009,0,1,-,-,-,-,#VALUE!,0,-,-,-,-,-,-,-,-,#VALUE!,#VALUE!,#VALUE!,#VALUE!
S Goud (CZK-R),2019-2019,2019,2019,0,1,-,-,-,-,#VALUE!,0,-,-,-,-,-,-,-,-,#VALUE!,#VALUE!,#VALUE!,#VALUE!
D Gough (ENG),2005-2006,2005,2006,1,2,-,-,-,-,#VALUE!,0,-,-,-,-,-,-,-,-,#VALUE!,#VALUE!,#VALUE!,#VALUE!
HF Gurney (ENG),2014-2014,2014,2014,0,2,-,-,-,-,#VALUE!,0,-,-,-,-,-,-,-,-,#VALUE!,#VALUE!,#VALUE!,#VALUE!
Hamza Tahir (SCOT),2018-2019,2018,2019,1,11,-,-,-,-,#VALUE!,0,-,-,-,-,-,-,-,-,#VALUE!,#VALUE!,#VALUE!,#VALUE!
SJ Harmison (ENG),2005-2006,2005,2006,1,2,-,-,-,-,#VALUE!,0,-,-,-,-,-,-,-,-,#VALUE!,#VALUE!,#VALUE!,#VALUE!
RJ Hatchman (GIBR),2019-2019,2019,2019,0,1,-,-,-,-,#VALUE!,0,-,-,-,-,-,-,-,-,#VALUE!,#VALUE!,#VALUE!,#VALUE!
JR Hazlewood (AUS),2013-2016,2013,2016,3,7,-,-,-,-,#VALUE!,0,-,-,-,-,-,-,-,-,#VALUE!,#VALUE!,#VALUE!,#VALUE!
J Hurley (Arg),2019-2019,2019,2019,0,3,-,-,-,-,#VALUE!,0,-,-,-,-,-,-,-,-,#VALUE!,#VALUE!,#VALUE!,#VALUE!
Ibrahim Khan (Saudi),2019-2019,2019,2019,0,1,-,-,-,-,#VALUE!,0,-,-,-,-,-,-,-,-,#VALUE!,#VALUE!,#VALUE!,#VALUE!
Iftikhar Anjum (PAK),2007-2009,2007,2009,2,2,-,-,-,-,#VALUE!,0,-,-,-,-,-,-,-,-,#VALUE!,#VALUE!,#VALUE!,#VALUE!
Imran Ashraf (QAT),2019-2019,2019,2019,0,3,-,-,-,-,#VALUE!,0,-,-,-,-,-,-,-,-,#VALUE!,#VALUE!,#VALUE!,#VALUE!
D Jakiel (ZIM),2019-2019,2019,2019,0,2,-,-,-,-,#VALUE!,0,-,-,-,-,-,-,-,-,#VALUE!,#VALUE!,#VALUE!,#VALUE!
Joginder Sharma (INDIA),2007-2007,2007,2007,0,4,-,-,-,-,#VALUE!,0,-,-,-,-,-,-,-,-,#VALUE!,#VALUE!,#VALUE!,#VALUE!
GJ Joseph (Blz),2019-2019,2019,2019,0,1,-,-,-,-,#VALUE!,0,-,-,-,-,-,-,-,-,#VALUE!,#VALUE!,#VALUE!,#VALUE!
Jubair Hossain (BDESH),2015-2015,2015,2015,0,1,-,-,-,-,#VALUE!,0,-,-,-,-,-,-,-,-,#VALUE!,#VALUE!,#VALUE!,#VALUE!
TP Kamungozi (ZIM),2014-2014,2014,2014,0,1,-,-,-,-,#VALUE!,0,-,-,-,-,-,-,-,-,#VALUE!,#VALUE!,#VALUE!,#VALUE!
M Kartik (INDIA),2007-2007,2007,2007,0,1,-,-,-,-,#VALUE!,0,-,-,-,-,-,-,-,-,#VALUE!,#VALUE!,#VALUE!,#VALUE!
S Kaul (INDIA),2018-2019,2018,2019,1,3,-,-,-,-,#VALUE!,0,-,-,-,-,-,-,-,-,#VALUE!,#VALUE!,#VALUE!,#VALUE!
UKPW Kumaranayaka (KUW),2019-2019,2019,2019,0,3,-,-,-,-,#VALUE!,0,-,-,-,-,-,-,-,-,#VALUE!,#VALUE!,#VALUE!,#VALUE!
B Laughlin (AUS),2009-2013,2009,2013,4,3,-,-,-,-,#VALUE!,0,-,-,-,-,-,-,-,-,#VALUE!,#VALUE!,#VALUE!,#VALUE!
E Leie (SA),2015-2015,2015,2015,0,2,-,-,-,-,#VALUE!,0,-,-,-,-,-,-,-,-,#VALUE!,#VALUE!,#VALUE!,#VALUE!
RDM Leverock (BMUDA),2008-2008,2008,2008,0,2,-,-,-,-,#VALUE!,0,-,-,-,-,-,-,-,-,#VALUE!,#VALUE!,#VALUE!,#VALUE!
ML Lewis (AUS),2006-2006,2006,2006,0,2,-,-,-,-,#VALUE!,0,-,-,-,-,-,-,-,-,#VALUE!,#VALUE!,#VALUE!,#VALUE!
DSK Madushanka (SL),2018-2018,2018,2018,0,2,-,-,-,-,#VALUE!,0,-,-,-,-,-,-,-,-,#VALUE!,#VALUE!,#VALUE!,#VALUE!
GT Main (SCOT),2015-2016,2015,2016,1,4,-,-,-,-,#VALUE!,0,-,-,-,-,-,-,-,-,#VALUE!,#VALUE!,#VALUE!,#VALUE!
Mansoor Amjad (PAK),2008-2008,2008,2008,0,1,-,-,-,-,#VALUE!,0,-,-,-,-,-,-,-,-,#VALUE!,#VALUE!,#VALUE!,#VALUE!
M Markande (INDIA),2019-2019,2019,2019,0,1,-,-,-,-,#VALUE!,0,-,-,-,-,-,-,-,-,#VALUE!,#VALUE!,#VALUE!,#VALUE!
A Martin (WI),2011-2011,2011,2011,0,1,-,-,-,-,#VALUE!,0,-,-,-,-,-,-,-,-,#VALUE!,#VALUE!,#VALUE!,#VALUE!
B Masaba (UGA),2019-2019,2019,2019,0,1,-,-,-,-,#VALUE!,0,-,-,-,-,-,-,-,-,#VALUE!,#VALUE!,#VALUE!,#VALUE!
WT Mashinge (ZIM),2019-2019,2019,2019,0,2,-,-,-,-,#VALUE!,0,-,-,-,-,-,-,-,-,#VALUE!,#VALUE!,#VALUE!,#VALUE!
GJ McCarter (IRE),2015-2015,2015,2015,0,3,-,-,-,-,#VALUE!,0,-,-,-,-,-,-,-,-,#VALUE!,#VALUE!,#VALUE!,#VALUE!
SC Meaker (ENG),2012-2012,2012,2012,0,2,-,-,-,-,#VALUE!,0,-,-,-,-,-,-,-,-,#VALUE!,#VALUE!,#VALUE!,#VALUE!
Mihusan Hamid (Mald),2019-2019,2019,2019,0,1,-,-,-,-,#VALUE!,0,-,-,-,-,-,-,-,-,#VALUE!,#VALUE!,#VALUE!,#VALUE!
Mohammad Shahid (BDESH),2016-2016,2016,2016,0,1,-,-,-,-,#VALUE!,0,-,-,-,-,-,-,-,-,#VALUE!,#VALUE!,#VALUE!,#VALUE!
Mohammed Shami (INDIA),2014-2019,2014,2019,5,8,-,-,-,-,#VALUE!,0,-,-,-,-,-,-,-,-,#VALUE!,#VALUE!,#VALUE!,#VALUE!
Mohammed Siraj (INDIA),2017-2018,2017,2018,1,3,-,-,-,-,#VALUE!,0,-,-,-,-,-,-,-,-,#VALUE!,#VALUE!,#VALUE!,#VALUE!
GMC Mol (NL),2008-2008,2008,2008,0,1,-,-,-,-,#VALUE!,0,-,-,-,-,-,-,-,-,#VALUE!,#VALUE!,#VALUE!,#VALUE!
Muhammad Amir (MAL),2019-2019,2019,2019,0,1,-,-,-,-,#VALUE!,0,-,-,-,-,-,-,-,-,#VALUE!,#VALUE!,#VALUE!,#VALUE!
Muhammad Musa (PAK),2019-2019,2019,2019,0,1,-,-,-,-,#VALUE!,0,-,-,-,-,-,-,-,-,#VALUE!,#VALUE!,#VALUE!,#VALUE!
Mukhtiar Singh (ESP),2019-2019,2019,2019,0,2,-,-,-,-,#VALUE!,0,-,-,-,-,-,-,-,-,#VALUE!,#VALUE!,#VALUE!,#VALUE!
Musawar Shah (QAT),2019-2019,2019,2019,0,2,-,-,-,-,#VALUE!,0,-,-,-,-,-,-,-,-,#VALUE!,#VALUE!,#VALUE!,#VALUE!
M Mwamadi (MWI),2019-2019,2019,2019,0,3,-,-,-,-,#VALUE!,0,-,-,-,-,-,-,-,-,#VALUE!,#VALUE!,#VALUE!,#VALUE!
M Nandela (Mex),2019-2019,2019,2019,0,2,-,-,-,-,#VALUE!,0,-,-,-,-,-,-,-,-,#VALUE!,#VALUE!,#VALUE!,#VALUE!
Nasir Aziz (UAE),2015-2015,2015,2015,0,1,-,-,-,-,#VALUE!,0,-,-,-,-,-,-,-,-,#VALUE!,#VALUE!,#VALUE!,#VALUE!
NH Naureen (ESP),2019-2019,2019,2019,0,1,-,-,-,-,#VALUE!,0,-,-,-,-,-,-,-,-,#VALUE!,#VALUE!,#VALUE!,#VALUE!
Nawazish Jezuli (Saudi),2019-2019,2019,2019,0,1,-,-,-,-,#VALUE!,0,-,-,-,-,-,-,-,-,#VALUE!,#VALUE!,#VALUE!,#VALUE!
P Negi (INDIA),2016-2016,2016,2016,0,1,-,-,-,-,#VALUE!,0,-,-,-,-,-,-,-,-,#VALUE!,#VALUE!,#VALUE!,#VALUE!
A Neill (SCOT),2019-2019,2019,2019,0,5,-,-,-,-,#VALUE!,0,-,-,-,-,-,-,-,-,#VALUE!,#VALUE!,#VALUE!,#VALUE!
R Ngarava (ZIM),2019-2019,2019,2019,0,1,-,-,-,-,#VALUE!,0,-,-,-,-,-,-,-,-,#VALUE!,#VALUE!,#VALUE!,#VALUE!
G Nikitas (),2019-2019,2019,2019,0,2,-,-,-,-,#VALUE!,0,-,-,-,-,-,-,-,-,#VALUE!,#VALUE!,#VALUE!,#VALUE!
F Nkhoma (MWI),2019-2019,2019,2019,0,4,-,-,-,-,#VALUE!,0,-,-,-,-,-,-,-,-,#VALUE!,#VALUE!,#VALUE!,#VALUE!
A Nortje (SA),2019-2019,2019,2019,0,1,-,-,-,-,#VALUE!,0,-,-,-,-,-,-,-,-,#VALUE!,#VALUE!,#VALUE!,#VALUE!
IE O'Brien (NZ),2009-2009,2009,2009,0,4,-,-,-,-,#VALUE!,0,-,-,-,-,-,-,-,-,#VALUE!,#VALUE!,#VALUE!,#VALUE!
E Ochieng (KENYA),2019-2019,2019,2019,0,2,-,-,-,-,#VALUE!,0,-,-,-,-,-,-,-,-,#VALUE!,#VALUE!,#VALUE!,#VALUE!
RJG Palmer (JER),2019-2019,2019,2019,0,2,-,-,-,-,#VALUE!,0,-,-,-,-,-,-,-,-,#VALUE!,#VALUE!,#VALUE!,#VALUE!
MA Parker (SCOT),2012-2012,2012,2012,0,2,-,-,-,-,#VALUE!,0,-,-,-,-,-,-,-,-,#VALUE!,#VALUE!,#VALUE!,#VALUE!
MW Parkinson (ENG),2019-2019,2019,2019,0,2,-,-,-,-,#VALUE!,0,-,-,-,-,-,-,-,-,#VALUE!,#VALUE!,#VALUE!,#VALUE!
AY Patel (NZ),2018-2018,2018,2018,0,2,-,-,-,-,#VALUE!,0,-,-,-,-,-,-,-,-,#VALUE!,#VALUE!,#VALUE!,#VALUE!
J Perman (ESP),2019-2019,2019,2019,0,2,-,-,-,-,#VALUE!,0,-,-,-,-,-,-,-,-,#VALUE!,#VALUE!,#VALUE!,#VALUE!
V Permaul (WI),2018-2018,2018,2018,0,1,-,-,-,-,#VALUE!,0,-,-,-,-,-,-,-,-,#VALUE!,#VALUE!,#VALUE!,#VALUE!
R Pisal (ROM),2019-2019,2019,2019,0,1,-,-,-,-,#VALUE!,0,-,-,-,-,-,-,-,-,#VALUE!,#VALUE!,#VALUE!,#VALUE!
KTGD Prasad (SL),2011-2011,2011,2011,0,1,-,-,-,-,#VALUE!,0,-,-,-,-,-,-,-,-,#VALUE!,#VALUE!,#VALUE!,#VALUE!
M Pushpakumara (SL),2009-2009,2009,2009,0,1,-,-,-,-,#VALUE!,0,-,-,-,-,-,-,-,-,#VALUE!,#VALUE!,#VALUE!,#VALUE!
S Qeshile (SA),2019-2019,2019,2019,0,2,-,-,-,-,#VALUE!,0,-,-,-,-,-,-,-,-,#VALUE!,#VALUE!,#VALUE!,#VALUE!
Raja Adeel (ESP),2019-2019,2019,2019,0,3,-,-,-,-,#VALUE!,0,-,-,-,-,-,-,-,-,#VALUE!,#VALUE!,#VALUE!,#VALUE!
Rashid Khan (NEPAL),2019-2019,2019,2019,0,1,-,-,-,-,#VALUE!,0,-,-,-,-,-,-,-,-,#VALUE!,#VALUE!,#VALUE!,#VALUE!
KA Reynolds (Blz),2019-2019,2019,2019,0,3,-,-,-,-,#VALUE!,0,-,-,-,-,-,-,-,-,#VALUE!,#VALUE!,#VALUE!,#VALUE!
Robiul Islam (BDESH),2013-2013,2013,2013,0,1,-,-,-,-,#VALUE!,0,-,-,-,-,-,-,-,-,#VALUE!,#VALUE!,#VALUE!,#VALUE!
Rokhan Barakzai (AFG),2015-2015,2015,2015,0,3,-,-,-,-,#VALUE!,0,-,-,-,-,-,-,-,-,#VALUE!,#VALUE!,#VALUE!,#VALUE!
AK Sah (NEPAL),2018-2018,2018,2018,0,1,-,-,-,-,#VALUE!,0,-,-,-,-,-,-,-,-,#VALUE!,#VALUE!,#VALUE!,#VALUE!
Sajedul Islam (BDESH),2013-2013,2013,2013,0,1,-,-,-,-,#VALUE!,0,-,-,-,-,-,-,-,-,#VALUE!,#VALUE!,#VALUE!,#VALUE!
Saqlain Sajib (BDESH),2016-2016,2016,2016,0,1,-,-,-,-,#VALUE!,0,-,-,-,-,-,-,-,-,#VALUE!,#VALUE!,#VALUE!,#VALUE!
JD Schoonheim (NL),2008-2008,2008,2008,0,1,-,-,-,-,#VALUE!,0,-,-,-,-,-,-,-,-,#VALUE!,#VALUE!,#VALUE!,#VALUE!
K Senamontree (THAI),2019-2019,2019,2019,0,2,-,-,-,-,#VALUE!,0,-,-,-,-,-,-,-,-,#VALUE!,#VALUE!,#VALUE!,#VALUE!
Shabbir Ahmed (PAK),2007-2007,2007,2007,0,1,-,-,-,-,#VALUE!,0,-,-,-,-,-,-,-,-,#VALUE!,#VALUE!,#VALUE!,#VALUE!
Shaffeq Muhammad (),2019-2019,2019,2019,0,2,-,-,-,-,#VALUE!,0,-,-,-,-,-,-,-,-,#VALUE!,#VALUE!,#VALUE!,#VALUE!
Sharif Asadullah (UAE),2014-2014,2014,2014,0,1,-,-,-,-,#VALUE!,0,-,-,-,-,-,-,-,-,#VALUE!,#VALUE!,#VALUE!,#VALUE!
KV Sharma (INDIA),2014-2014,2014,2014,0,1,-,-,-,-,#VALUE!,0,-,-,-,-,-,-,-,-,#VALUE!,#VALUE!,#VALUE!,#VALUE!
R Sharma (INDIA),2012-2012,2012,2012,0,2,-,-,-,-,#VALUE!,0,-,-,-,-,-,-,-,-,#VALUE!,#VALUE!,#VALUE!,#VALUE!
NK Shetty (Mex),2019-2019,2019,2019,0,2,-,-,-,-,#VALUE!,0,-,-,-,-,-,-,-,-,#VALUE!,#VALUE!,#VALUE!,#VALUE!
S Singh (PHI),2019-2019,2019,2019,0,4,-,-,-,-,#VALUE!,0,-,-,-,-,-,-,-,-,#VALUE!,#VALUE!,#VALUE!,#VALUE!
Soheel Hussain (Belg),2019-2019,2019,2019,0,1,-,-,-,-,#VALUE!,0,-,-,-,-,-,-,-,-,#VALUE!,#VALUE!,#VALUE!,#VALUE!
BB Sran (INDIA),2016-2016,2016,2016,0,2,-,-,-,-,#VALUE!,0,-,-,-,-,-,-,-,-,#VALUE!,#VALUE!,#VALUE!,#VALUE!
H Srinivasan (GER),2019-2019,2019,2019,0,1,-,-,-,-,#VALUE!,0,-,-,-,-,-,-,-,-,#VALUE!,#VALUE!,#VALUE!,#VALUE!
TJ Stephenson (Blz),2019-2019,2019,2019,0,1,-,-,-,-,#VALUE!,0,-,-,-,-,-,-,-,-,#VALUE!,#VALUE!,#VALUE!,#VALUE!
P Syafiq Ali (MAL),2019-2019,2019,2019,0,2,-,-,-,-,#VALUE!,0,-,-,-,-,-,-,-,-,#VALUE!,#VALUE!,#VALUE!,#VALUE!
Tanvir Ahmed (PAK),2010-2010,2010,2010,0,1,-,-,-,-,#VALUE!,0,-,-,-,-,-,-,-,-,#VALUE!,#VALUE!,#VALUE!,#VALUE!
SN Thakur (INDIA),2018-2018,2018,2018,0,7,-,-,-,-,#VALUE!,0,-,-,-,-,-,-,-,-,#VALUE!,#VALUE!,#VALUE!,#VALUE!
J Thinley (BHU),2019-2019,2019,2019,0,2,-,-,-,-,#VALUE!,0,-,-,-,-,-,-,-,-,#VALUE!,#VALUE!,#VALUE!,#VALUE!
AC Thomas (SA),2007-2007,2007,2007,0,1,-,-,-,-,#VALUE!,0,-,-,-,-,-,-,-,-,#VALUE!,#VALUE!,#VALUE!,#VALUE!
DC Thomas (WI),2009-2013,2009,2013,4,3,-,-,-,-,#VALUE!,0,-,-,-,-,-,-,-,-,#VALUE!,#VALUE!,#VALUE!,#VALUE!
GC Tonge (WI),2009-2009,2009,2009,0,1,-,-,-,-,#VALUE!,0,-,-,-,-,-,-,-,-,#VALUE!,#VALUE!,#VALUE!,#VALUE!
CT Tremlett (ENG),2007-2007,2007,2007,0,1,-,-,-,-,#VALUE!,0,-,-,-,-,-,-,-,-,#VALUE!,#VALUE!,#VALUE!,#VALUE!
S Tyagi (INDIA),2009-2009,2009,2009,0,1,-,-,-,-,#VALUE!,0,-,-,-,-,-,-,-,-,#VALUE!,#VALUE!,#VALUE!,#VALUE!
JD Unadkat (INDIA),2016-2018,2016,2018,2,10,-,-,-,-,#VALUE!,0,-,-,-,-,-,-,-,-,#VALUE!,#VALUE!,#VALUE!,#VALUE!
MB van Schelven (NL),2015-2015,2015,2015,0,2,-,-,-,-,#VALUE!,0,-,-,-,-,-,-,-,-,#VALUE!,#VALUE!,#VALUE!,#VALUE!
Vichanath Singh (THAI),2019-2019,2019,2019,0,4,-,-,-,-,#VALUE!,0,-,-,-,-,-,-,-,-,#VALUE!,#VALUE!,#VALUE!,#VALUE!
DJ Vilas (SA),2012-2012,2012,2012,0,1,-,-,-,-,#VALUE!,0,-,-,-,-,-,-,-,-,#VALUE!,#VALUE!,#VALUE!,#VALUE!
Vimal Kumar (PHI),2019-2019,2019,2019,0,2,-,-,-,-,#VALUE!,0,-,-,-,-,-,-,-,-,#VALUE!,#VALUE!,#VALUE!,#VALUE!
Vishal Ahir (PNM),2019-2019,2019,2019,0,1,-,-,-,-,#VALUE!,0,-,-,-,-,-,-,-,-,#VALUE!,#VALUE!,#VALUE!,#VALUE!
Waqas Maqsood (PAK),2018-2018,2018,2018,0,1,-,-,-,-,#VALUE!,0,-,-,-,-,-,-,-,-,#VALUE!,#VALUE!,#VALUE!,#VALUE!
SR Welsh (CAN),2008-2008,2008,2008,0,1,-,-,-,-,#VALUE!,0,-,-,-,-,-,-,-,-,#VALUE!,#VALUE!,#VALUE!,#VALUE!
SG Whittingham (SCOT),2018-2018,2018,2018,0,3,-,-,-,-,#VALUE!,0,-,-,-,-,-,-,-,-,#VALUE!,#VALUE!,#VALUE!,#VALUE!
LJ Woodcock (NZ),2010-2011,2010,2011,1,3,-,-,-,-,#VALUE!,0,-,-,-,-,-,-,-,-,#VALUE!,#VALUE!,#VALUE!,#VALUE!
Zamir Khan (AFG),2012-2012,2012,2012,0,1,-,-,-,-,#VALUE!,0,-,-,-,-,-,-,-,-,#VALUE!,#VALUE!,#VALUE!,#VALUE!
S Zargar (Mex),2019-2019,2019,2019,0,1,-,-,-,-,#VALUE!,0,-,-,-,-,-,-,-,-,#VALUE!,#VALUE!,#VALUE!,#VALUE!
Ziaur Rahman (AFG),2019-2019,2019,2019,0,1,-,-,-,-,#VALUE!,0,-,-,-,-,-,-,-,-,#VALUE!,#VALUE!,#VALUE!,#VALUE!
